{
"type": "FeatureCollection",
"name": "佐原",
"crs": { "type": "name", "properties": { "name": "urn:ogc:def:crs:OGC:1.3:CRS84" } },
"features": [
{ "type": "Feature", "properties": { "fid": 1, "氏名": "根本和宏", "遅まき": null, "2026地名地番": "八筋川字一ノ川　2906-3～2908-1", "散布面積": "15", "備考": null, "検索_Address": "八筋川字一ノ川2908-1", "検索_Tiban": "2908-1", "ｗｋｔ": "768bf039e1a64b12ad7e8245d003e315", "地番": "2906-3～2908-1", "ポリゴンの面積": 6, "auxiliary_storage_labeling_positionx": null, "auxiliary_storage_labeling_positiony": null, "auxiliary_storage_labeling_show": null, "auxiliary_storage_labeling_labelrotation": null, "auxiliary_storage_labeling_family": null, "auxiliary_storage_labeling_fontstyle": null, "auxiliary_storage_labeling_size": 1.0, "auxiliary_storage_labeling_bold": null, "auxiliary_storage_labeling_italic": null, "auxiliary_storage_labeling_underline": null, "auxiliary_storage_labeling_color": null, "auxiliary_storage_labeling_strikeout": null, "auxiliary_storage_labeling_multilinealignment": null, "auxiliary_storage_labeling_buffersize": null, "auxiliary_storage_labeling_buffercolor": null, "auxiliary_storage_labeling_bufferdraw": null, "auxiliary_storage_labeling_labeldistance": null, "auxiliary_storage_labeling_hali": null, "auxiliary_storage_labeling_vali": null, "auxiliary_storage_labeling_scalevisibility": null, "auxiliary_storage_labeling_minscale": null, "auxiliary_storage_labeling_maxscale": null, "auxiliary_storage_labeling_alwaysshow": null, "auxiliary_storage_labeling_calloutdraw": null, "auxiliary_storage_labeling_labelallparts": null }, "geometry": { "type": "MultiPolygon", "coordinates": [ [ [ [ 140.500049198999989, 35.934767953 ], [ 140.499801797, 35.93433098 ], [ 140.499750242, 35.934371966 ], [ 140.499731899000011, 35.934394678 ], [ 140.499723761000013, 35.934418841 ], [ 140.499724824, 35.934435265 ], [ 140.499735144999988, 35.934450282 ], [ 140.499745472, 35.934466053 ], [ 140.49993647, 35.934807771 ], [ 140.500049198999989, 35.934767953 ] ] ] ] } },
{ "type": "Feature", "properties": { "fid": 2, "氏名": "根本和宏", "遅まき": null, "2026地名地番": "八筋川字一ノ川　2984-1～2985-1", "散布面積": "25", "備考": null, "検索_Address": "八筋川字一ノ川2985-1", "検索_Tiban": "2985-1", "ｗｋｔ": "de39cbecaa8c4469a67cf3e11ff7e685", "地番": "2984-1～2985-1", "ポリゴンの面積": 31, "auxiliary_storage_labeling_positionx": null, "auxiliary_storage_labeling_positiony": null, "auxiliary_storage_labeling_show": null, "auxiliary_storage_labeling_labelrotation": null, "auxiliary_storage_labeling_family": null, "auxiliary_storage_labeling_fontstyle": null, "auxiliary_storage_labeling_size": null, "auxiliary_storage_labeling_bold": null, "auxiliary_storage_labeling_italic": null, "auxiliary_storage_labeling_underline": null, "auxiliary_storage_labeling_color": null, "auxiliary_storage_labeling_strikeout": null, "auxiliary_storage_labeling_multilinealignment": null, "auxiliary_storage_labeling_buffersize": null, "auxiliary_storage_labeling_buffercolor": null, "auxiliary_storage_labeling_bufferdraw": null, "auxiliary_storage_labeling_labeldistance": null, "auxiliary_storage_labeling_hali": null, "auxiliary_storage_labeling_vali": null, "auxiliary_storage_labeling_scalevisibility": null, "auxiliary_storage_labeling_minscale": null, "auxiliary_storage_labeling_maxscale": null, "auxiliary_storage_labeling_alwaysshow": null, "auxiliary_storage_labeling_calloutdraw": null, "auxiliary_storage_labeling_labelallparts": null }, "geometry": { "type": "MultiPolygon", "coordinates": [ [ [ [ 140.500336162, 35.937153277 ], [ 140.500697938, 35.937021524 ], [ 140.500297389999986, 35.936307867 ], [ 140.499944844, 35.936438279 ], [ 140.500336162, 35.937153277 ] ] ] ] } },
{ "type": "Feature", "properties": { "fid": 3, "氏名": "根本和宏", "遅まき": null, "2026地名地番": "八筋川字一ノ川　3042～3040-4", "散布面積": "42", "備考": null, "検索_Address": "八筋川字一ノ川3040-1,八筋川字一ノ川3040-2,八筋川字一ノ川3040-3,八筋川字一ノ川3040-4,八筋川字一ノ川3042", "検索_Tiban": "3040-1~3042", "ｗｋｔ": "20d29cd2a27567f3a75b8c541100f73b", "地番": "3042～3040-4", "ポリゴンの面積": 42, "auxiliary_storage_labeling_positionx": null, "auxiliary_storage_labeling_positiony": null, "auxiliary_storage_labeling_show": null, "auxiliary_storage_labeling_labelrotation": null, "auxiliary_storage_labeling_family": null, "auxiliary_storage_labeling_fontstyle": null, "auxiliary_storage_labeling_size": null, "auxiliary_storage_labeling_bold": null, "auxiliary_storage_labeling_italic": null, "auxiliary_storage_labeling_underline": null, "auxiliary_storage_labeling_color": null, "auxiliary_storage_labeling_strikeout": null, "auxiliary_storage_labeling_multilinealignment": null, "auxiliary_storage_labeling_buffersize": null, "auxiliary_storage_labeling_buffercolor": null, "auxiliary_storage_labeling_bufferdraw": null, "auxiliary_storage_labeling_labeldistance": null, "auxiliary_storage_labeling_hali": null, "auxiliary_storage_labeling_vali": null, "auxiliary_storage_labeling_scalevisibility": null, "auxiliary_storage_labeling_minscale": null, "auxiliary_storage_labeling_maxscale": null, "auxiliary_storage_labeling_alwaysshow": null, "auxiliary_storage_labeling_calloutdraw": null, "auxiliary_storage_labeling_labelallparts": null }, "geometry": { "type": "MultiPolygon", "coordinates": [ [ [ [ 140.502156795, 35.936120297 ], [ 140.502742344000012, 35.937167775 ], [ 140.503074950000013, 35.937045179 ], [ 140.502491711, 35.935997313 ], [ 140.502156795, 35.936120297 ] ] ] ] } },
{ "type": "Feature", "properties": { "fid": 4, "氏名": "根本和宏", "遅まき": null, "2026地名地番": "八筋川字一ノ川　3044～3043-3", "散布面積": "57", "備考": null, "検索_Address": "八筋川字一ノ川3043-1,3043-2,八筋川字一ノ川3043-3,八筋川字一ノ川3044", "検索_Tiban": "3043-2~3044", "ｗｋｔ": "bf0f1702f1b448869d8ca4f5531599d6", "地番": "3044～3043-3", "ポリゴンの面積": 57, "auxiliary_storage_labeling_positionx": null, "auxiliary_storage_labeling_positiony": null, "auxiliary_storage_labeling_show": null, "auxiliary_storage_labeling_labelrotation": null, "auxiliary_storage_labeling_family": null, "auxiliary_storage_labeling_fontstyle": null, "auxiliary_storage_labeling_size": null, "auxiliary_storage_labeling_bold": null, "auxiliary_storage_labeling_italic": null, "auxiliary_storage_labeling_underline": null, "auxiliary_storage_labeling_color": null, "auxiliary_storage_labeling_strikeout": null, "auxiliary_storage_labeling_multilinealignment": null, "auxiliary_storage_labeling_buffersize": null, "auxiliary_storage_labeling_buffercolor": null, "auxiliary_storage_labeling_bufferdraw": null, "auxiliary_storage_labeling_labeldistance": null, "auxiliary_storage_labeling_hali": null, "auxiliary_storage_labeling_vali": null, "auxiliary_storage_labeling_scalevisibility": null, "auxiliary_storage_labeling_minscale": null, "auxiliary_storage_labeling_maxscale": null, "auxiliary_storage_labeling_alwaysshow": null, "auxiliary_storage_labeling_calloutdraw": null, "auxiliary_storage_labeling_labelallparts": null }, "geometry": { "type": "MultiPolygon", "coordinates": [ [ [ [ 140.502156795, 35.936120297 ], [ 140.501710543, 35.936283771 ], [ 140.502294015, 35.937332733 ], [ 140.502742344000012, 35.937167775 ], [ 140.502156795, 35.936120297 ] ] ] ] } },
{ "type": "Feature", "properties": { "fid": 5, "氏名": "根本和宏", "遅まき": null, "2026地名地番": "八筋川字一ノ川　3100～3101-3", "散布面積": "48", "備考": null, "検索_Address": "八筋川字一ノ川3100,八筋川字一ノ川3101-1,八筋川字一ノ川3101-2,八筋川字一ノ川3101-3", "検索_Tiban": "3100~3101-3", "ｗｋｔ": "2c4f9ce286bc20651b3da60581b16dd9", "地番": "3100～3101-3", "ポリゴンの面積": 48, "auxiliary_storage_labeling_positionx": null, "auxiliary_storage_labeling_positiony": null, "auxiliary_storage_labeling_show": null, "auxiliary_storage_labeling_labelrotation": null, "auxiliary_storage_labeling_family": null, "auxiliary_storage_labeling_fontstyle": null, "auxiliary_storage_labeling_size": null, "auxiliary_storage_labeling_bold": null, "auxiliary_storage_labeling_italic": null, "auxiliary_storage_labeling_underline": null, "auxiliary_storage_labeling_color": null, "auxiliary_storage_labeling_strikeout": null, "auxiliary_storage_labeling_multilinealignment": null, "auxiliary_storage_labeling_buffersize": null, "auxiliary_storage_labeling_buffercolor": null, "auxiliary_storage_labeling_bufferdraw": null, "auxiliary_storage_labeling_labeldistance": null, "auxiliary_storage_labeling_hali": null, "auxiliary_storage_labeling_vali": null, "auxiliary_storage_labeling_scalevisibility": null, "auxiliary_storage_labeling_minscale": null, "auxiliary_storage_labeling_maxscale": null, "auxiliary_storage_labeling_alwaysshow": null, "auxiliary_storage_labeling_calloutdraw": null, "auxiliary_storage_labeling_labelallparts": null }, "geometry": { "type": "MultiPolygon", "coordinates": [ [ [ [ 140.504855913, 35.93643272 ], [ 140.505437167999986, 35.93747917 ], [ 140.505812905999989, 35.937340809 ], [ 140.505235803, 35.936292641 ], [ 140.504855913, 35.93643272 ] ] ] ] } },
{ "type": "Feature", "properties": { "fid": 6, "氏名": "根本和宏", "遅まき": null, "2026地名地番": "八筋川字一ノ川　3102-1～-5", "散布面積": "52", "備考": null, "検索_Address": "八筋川字一ノ川3102-1,八筋川字一ノ川3102-2,八筋川字一ノ川3102-3,八筋川字一ノ川3102-4,八筋川字一ノ川3102-5", "検索_Tiban": "3102-1~3102-5", "ｗｋｔ": "d787255c44ec07dc6bf0557f8969c6c6", "地番": "3102-1～-5", "ポリゴンの面積": 52, "auxiliary_storage_labeling_positionx": null, "auxiliary_storage_labeling_positiony": null, "auxiliary_storage_labeling_show": null, "auxiliary_storage_labeling_labelrotation": null, "auxiliary_storage_labeling_family": null, "auxiliary_storage_labeling_fontstyle": null, "auxiliary_storage_labeling_size": null, "auxiliary_storage_labeling_bold": null, "auxiliary_storage_labeling_italic": null, "auxiliary_storage_labeling_underline": null, "auxiliary_storage_labeling_color": null, "auxiliary_storage_labeling_strikeout": null, "auxiliary_storage_labeling_multilinealignment": null, "auxiliary_storage_labeling_buffersize": null, "auxiliary_storage_labeling_buffercolor": null, "auxiliary_storage_labeling_bufferdraw": null, "auxiliary_storage_labeling_labeldistance": null, "auxiliary_storage_labeling_hali": null, "auxiliary_storage_labeling_vali": null, "auxiliary_storage_labeling_scalevisibility": null, "auxiliary_storage_labeling_minscale": null, "auxiliary_storage_labeling_maxscale": null, "auxiliary_storage_labeling_alwaysshow": null, "auxiliary_storage_labeling_calloutdraw": null, "auxiliary_storage_labeling_labelallparts": null }, "geometry": { "type": "MultiPolygon", "coordinates": [ [ [ [ 140.505235803, 35.936292641 ], [ 140.505812905999989, 35.937340809 ], [ 140.50622399, 35.937190376 ], [ 140.505649989, 35.936139649 ], [ 140.505235803, 35.936292641 ] ] ] ] } },
{ "type": "Feature", "properties": { "fid": 7, "氏名": "根本和宏", "遅まき": null, "2026地名地番": "八筋川字一ノ川　3103-1～10", "散布面積": "53", "備考": null, "検索_Address": "八筋川字一ノ川3103-1,八筋川字一ノ川3103-10,八筋川字一ノ川3103-4,八筋川字一ノ川3103-5,八筋川字一ノ川3103-6,八筋川字一ノ川3103-7,八筋川字一ノ川3103-8,八筋川字一ノ川3103-9", "検索_Tiban": "3103-1~3103-9", "ｗｋｔ": "e5f954c8ad5e99740dcf520fe0c6def4", "地番": "3103-1～10", "ポリゴンの面積": 53, "auxiliary_storage_labeling_positionx": null, "auxiliary_storage_labeling_positiony": null, "auxiliary_storage_labeling_show": null, "auxiliary_storage_labeling_labelrotation": null, "auxiliary_storage_labeling_family": null, "auxiliary_storage_labeling_fontstyle": null, "auxiliary_storage_labeling_size": null, "auxiliary_storage_labeling_bold": null, "auxiliary_storage_labeling_italic": null, "auxiliary_storage_labeling_underline": null, "auxiliary_storage_labeling_color": null, "auxiliary_storage_labeling_strikeout": null, "auxiliary_storage_labeling_multilinealignment": null, "auxiliary_storage_labeling_buffersize": null, "auxiliary_storage_labeling_buffercolor": null, "auxiliary_storage_labeling_bufferdraw": null, "auxiliary_storage_labeling_labeldistance": null, "auxiliary_storage_labeling_hali": null, "auxiliary_storage_labeling_vali": null, "auxiliary_storage_labeling_scalevisibility": null, "auxiliary_storage_labeling_minscale": null, "auxiliary_storage_labeling_maxscale": null, "auxiliary_storage_labeling_alwaysshow": null, "auxiliary_storage_labeling_calloutdraw": null, "auxiliary_storage_labeling_labelallparts": null }, "geometry": { "type": "MultiPolygon", "coordinates": [ [ [ [ 140.50622399, 35.937190376 ], [ 140.506640772, 35.937035756 ], [ 140.506065738, 35.935986733 ], [ 140.505649989, 35.936139649 ], [ 140.50622399, 35.937190376 ] ] ] ] } },
{ "type": "Feature", "properties": { "fid": 8, "氏名": "根本和宏", "遅まき": null, "2026地名地番": "八筋川字一ノ川　3104～3105-1", "散布面積": "71", "備考": null, "検索_Address": "八筋川字一ノ川3104,八筋川字一ノ川3105-1", "検索_Tiban": "3104,3105-1", "ｗｋｔ": "b5f712c763ae467cf23c5e620fa539d7", "地番": "3104～3105-1", "ポリゴンの面積": 71, "auxiliary_storage_labeling_positionx": null, "auxiliary_storage_labeling_positiony": null, "auxiliary_storage_labeling_show": null, "auxiliary_storage_labeling_labelrotation": null, "auxiliary_storage_labeling_family": null, "auxiliary_storage_labeling_fontstyle": null, "auxiliary_storage_labeling_size": null, "auxiliary_storage_labeling_bold": null, "auxiliary_storage_labeling_italic": null, "auxiliary_storage_labeling_underline": null, "auxiliary_storage_labeling_color": null, "auxiliary_storage_labeling_strikeout": null, "auxiliary_storage_labeling_multilinealignment": null, "auxiliary_storage_labeling_buffersize": null, "auxiliary_storage_labeling_buffercolor": null, "auxiliary_storage_labeling_bufferdraw": null, "auxiliary_storage_labeling_labeldistance": null, "auxiliary_storage_labeling_hali": null, "auxiliary_storage_labeling_vali": null, "auxiliary_storage_labeling_scalevisibility": null, "auxiliary_storage_labeling_minscale": null, "auxiliary_storage_labeling_maxscale": null, "auxiliary_storage_labeling_alwaysshow": null, "auxiliary_storage_labeling_calloutdraw": null, "auxiliary_storage_labeling_labelallparts": null }, "geometry": { "type": "MultiPolygon", "coordinates": [ [ [ [ 140.506619736, 35.935784708 ], [ 140.506065738, 35.935986733 ], [ 140.506640772, 35.937035756 ], [ 140.507219189000011, 35.936823417 ], [ 140.506619736, 35.935784708 ] ] ] ] } },
{ "type": "Feature", "properties": { "fid": 9, "氏名": "弓削博志", "遅まき": null, "2026地名地番": "佐原字南和田　ニ6151", "散布面積": "0.4", "備考": null, "検索_Address": "佐原字南和田　ニ6151", "検索_Tiban": "6151", "ｗｋｔ": "dd2339fa469f82d370ac16ea050a7bfc", "地番": "6151", "ポリゴンの面積": 11, "auxiliary_storage_labeling_positionx": null, "auxiliary_storage_labeling_positiony": null, "auxiliary_storage_labeling_show": null, "auxiliary_storage_labeling_labelrotation": null, "auxiliary_storage_labeling_family": null, "auxiliary_storage_labeling_fontstyle": null, "auxiliary_storage_labeling_size": 1.0, "auxiliary_storage_labeling_bold": null, "auxiliary_storage_labeling_italic": null, "auxiliary_storage_labeling_underline": null, "auxiliary_storage_labeling_color": null, "auxiliary_storage_labeling_strikeout": null, "auxiliary_storage_labeling_multilinealignment": null, "auxiliary_storage_labeling_buffersize": null, "auxiliary_storage_labeling_buffercolor": null, "auxiliary_storage_labeling_bufferdraw": null, "auxiliary_storage_labeling_labeldistance": null, "auxiliary_storage_labeling_hali": null, "auxiliary_storage_labeling_vali": null, "auxiliary_storage_labeling_scalevisibility": null, "auxiliary_storage_labeling_minscale": null, "auxiliary_storage_labeling_maxscale": null, "auxiliary_storage_labeling_alwaysshow": null, "auxiliary_storage_labeling_calloutdraw": null, "auxiliary_storage_labeling_labelallparts": null }, "geometry": { "type": "MultiPolygon", "coordinates": [ [ [ [ 140.498774395, 35.91352466 ], [ 140.499071558999987, 35.913412108 ], [ 140.498919961000013, 35.913123091 ], [ 140.498621822, 35.913234824 ], [ 140.498626916, 35.913265424 ], [ 140.498774395, 35.91352466 ] ] ] ] } },
{ "type": "Feature", "properties": { "fid": 10, "氏名": "弓削博志", "遅まき": null, "2026地名地番": "佐原字南和田　二6152", "散布面積": "16.23", "備考": null, "検索_Address": "佐原字南和田　6152", "検索_Tiban": "6152", "ｗｋｔ": "5669f1eb4a9d62f4ff8fcd0fdbd4827d", "地番": "6152", "ポリゴンの面積": 18, "auxiliary_storage_labeling_positionx": null, "auxiliary_storage_labeling_positiony": null, "auxiliary_storage_labeling_show": null, "auxiliary_storage_labeling_labelrotation": null, "auxiliary_storage_labeling_family": null, "auxiliary_storage_labeling_fontstyle": null, "auxiliary_storage_labeling_size": 1.0, "auxiliary_storage_labeling_bold": null, "auxiliary_storage_labeling_italic": null, "auxiliary_storage_labeling_underline": null, "auxiliary_storage_labeling_color": null, "auxiliary_storage_labeling_strikeout": null, "auxiliary_storage_labeling_multilinealignment": null, "auxiliary_storage_labeling_buffersize": null, "auxiliary_storage_labeling_buffercolor": null, "auxiliary_storage_labeling_bufferdraw": null, "auxiliary_storage_labeling_labeldistance": null, "auxiliary_storage_labeling_hali": null, "auxiliary_storage_labeling_vali": null, "auxiliary_storage_labeling_scalevisibility": null, "auxiliary_storage_labeling_minscale": null, "auxiliary_storage_labeling_maxscale": null, "auxiliary_storage_labeling_alwaysshow": null, "auxiliary_storage_labeling_calloutdraw": null, "auxiliary_storage_labeling_labelallparts": null }, "geometry": { "type": "MultiPolygon", "coordinates": [ [ [ [ 140.498919961000013, 35.913123091 ], [ 140.499071558999987, 35.913412108 ], [ 140.499669352000012, 35.913189789 ], [ 140.499347991, 35.912963709 ], [ 140.498919961000013, 35.913123091 ] ] ] ] } },
{ "type": "Feature", "properties": { "fid": 11, "氏名": "弓削博志", "遅まき": null, "2026地名地番": "佐原字南和田　ニ6185", "散布面積": "28.27", "備考": null, "検索_Address": "佐原字南和田　ニ6185", "検索_Tiban": "6185", "ｗｋｔ": "7ab96d59be1ad385d39c4a0680321565", "地番": "6185", "ポリゴンの面積": 29, "auxiliary_storage_labeling_positionx": null, "auxiliary_storage_labeling_positiony": null, "auxiliary_storage_labeling_show": null, "auxiliary_storage_labeling_labelrotation": null, "auxiliary_storage_labeling_family": null, "auxiliary_storage_labeling_fontstyle": null, "auxiliary_storage_labeling_size": null, "auxiliary_storage_labeling_bold": null, "auxiliary_storage_labeling_italic": null, "auxiliary_storage_labeling_underline": null, "auxiliary_storage_labeling_color": null, "auxiliary_storage_labeling_strikeout": null, "auxiliary_storage_labeling_multilinealignment": null, "auxiliary_storage_labeling_buffersize": null, "auxiliary_storage_labeling_buffercolor": null, "auxiliary_storage_labeling_bufferdraw": null, "auxiliary_storage_labeling_labeldistance": null, "auxiliary_storage_labeling_hali": null, "auxiliary_storage_labeling_vali": null, "auxiliary_storage_labeling_scalevisibility": null, "auxiliary_storage_labeling_minscale": null, "auxiliary_storage_labeling_maxscale": null, "auxiliary_storage_labeling_alwaysshow": null, "auxiliary_storage_labeling_calloutdraw": null, "auxiliary_storage_labeling_labelallparts": null }, "geometry": { "type": "MultiPolygon", "coordinates": [ [ [ [ 140.50458995, 35.918030089 ], [ 140.504498133999988, 35.917869724 ], [ 140.503051548, 35.918401791 ], [ 140.50314687, 35.918571406 ], [ 140.50458995, 35.918030089 ] ] ] ] } },
{ "type": "Feature", "properties": { "fid": 12, "氏名": "弓削博志", "遅まき": null, "2026地名地番": "佐原字南和田　ニ6201", "散布面積": "34.14", "備考": null, "検索_Address": "佐原字南和田　ニ6201", "検索_Tiban": "6201", "ｗｋｔ": "1edd36da39b4d80e7b5fc466e8084b6c", "地番": "6201", "ポリゴンの面積": 35, "auxiliary_storage_labeling_positionx": null, "auxiliary_storage_labeling_positiony": null, "auxiliary_storage_labeling_show": null, "auxiliary_storage_labeling_labelrotation": null, "auxiliary_storage_labeling_family": null, "auxiliary_storage_labeling_fontstyle": null, "auxiliary_storage_labeling_size": null, "auxiliary_storage_labeling_bold": null, "auxiliary_storage_labeling_italic": null, "auxiliary_storage_labeling_underline": null, "auxiliary_storage_labeling_color": null, "auxiliary_storage_labeling_strikeout": null, "auxiliary_storage_labeling_multilinealignment": null, "auxiliary_storage_labeling_buffersize": null, "auxiliary_storage_labeling_buffercolor": null, "auxiliary_storage_labeling_bufferdraw": null, "auxiliary_storage_labeling_labeldistance": null, "auxiliary_storage_labeling_hali": null, "auxiliary_storage_labeling_vali": null, "auxiliary_storage_labeling_scalevisibility": null, "auxiliary_storage_labeling_minscale": null, "auxiliary_storage_labeling_maxscale": null, "auxiliary_storage_labeling_alwaysshow": null, "auxiliary_storage_labeling_calloutdraw": null, "auxiliary_storage_labeling_labelallparts": null }, "geometry": { "type": "MultiPolygon", "coordinates": [ [ [ [ 140.503143977, 35.915439294 ], [ 140.503033187, 35.915237579 ], [ 140.501593888, 35.915769368 ], [ 140.501703998000011, 35.915971094 ], [ 140.503143977, 35.915439294 ] ] ] ] } },
{ "type": "Feature", "properties": { "fid": 13, "氏名": "弓削博志", "遅まき": null, "2026地名地番": "佐原字南和田　ニ6202", "散布面積": "56.43", "備考": null, "検索_Address": "佐原字南和田　ニ6202", "検索_Tiban": "6202", "ｗｋｔ": "c3d3fe89b6edb29b1bd08945a05b73a4", "地番": "6202", "ポリゴンの面積": 60, "auxiliary_storage_labeling_positionx": null, "auxiliary_storage_labeling_positiony": null, "auxiliary_storage_labeling_show": null, "auxiliary_storage_labeling_labelrotation": null, "auxiliary_storage_labeling_family": null, "auxiliary_storage_labeling_fontstyle": null, "auxiliary_storage_labeling_size": null, "auxiliary_storage_labeling_bold": null, "auxiliary_storage_labeling_italic": null, "auxiliary_storage_labeling_underline": null, "auxiliary_storage_labeling_color": null, "auxiliary_storage_labeling_strikeout": null, "auxiliary_storage_labeling_multilinealignment": null, "auxiliary_storage_labeling_buffersize": null, "auxiliary_storage_labeling_buffercolor": null, "auxiliary_storage_labeling_bufferdraw": null, "auxiliary_storage_labeling_labeldistance": null, "auxiliary_storage_labeling_hali": null, "auxiliary_storage_labeling_vali": null, "auxiliary_storage_labeling_scalevisibility": null, "auxiliary_storage_labeling_minscale": null, "auxiliary_storage_labeling_maxscale": null, "auxiliary_storage_labeling_alwaysshow": null, "auxiliary_storage_labeling_calloutdraw": null, "auxiliary_storage_labeling_labelallparts": null }, "geometry": { "type": "MultiPolygon", "coordinates": [ [ [ [ 140.50139665, 35.915422823 ], [ 140.501593888, 35.915769368 ], [ 140.503033187, 35.915237579 ], [ 140.502840867, 35.914899421 ], [ 140.50139665, 35.915422823 ] ] ] ] } },
{ "type": "Feature", "properties": { "fid": 17, "氏名": "弓削博志", "遅まき": null, "2026地名地番": "佐原字南和田　二6203-4", "散布面積": "9.31", "備考": null, "検索_Address": "佐原字南和田6203-1~7", "検索_Tiban": "6203-1∼7", "ｗｋｔ": "bbdb59ec1bcce1004431980f43bfd7fc", "地番": "6203-4", "ポリゴンの面積": 59, "auxiliary_storage_labeling_positionx": null, "auxiliary_storage_labeling_positiony": null, "auxiliary_storage_labeling_show": null, "auxiliary_storage_labeling_labelrotation": null, "auxiliary_storage_labeling_family": null, "auxiliary_storage_labeling_fontstyle": null, "auxiliary_storage_labeling_size": null, "auxiliary_storage_labeling_bold": null, "auxiliary_storage_labeling_italic": null, "auxiliary_storage_labeling_underline": null, "auxiliary_storage_labeling_color": null, "auxiliary_storage_labeling_strikeout": null, "auxiliary_storage_labeling_multilinealignment": null, "auxiliary_storage_labeling_buffersize": null, "auxiliary_storage_labeling_buffercolor": null, "auxiliary_storage_labeling_bufferdraw": null, "auxiliary_storage_labeling_labeldistance": null, "auxiliary_storage_labeling_hali": null, "auxiliary_storage_labeling_vali": null, "auxiliary_storage_labeling_scalevisibility": null, "auxiliary_storage_labeling_minscale": null, "auxiliary_storage_labeling_maxscale": null, "auxiliary_storage_labeling_alwaysshow": null, "auxiliary_storage_labeling_calloutdraw": null, "auxiliary_storage_labeling_labelallparts": null }, "geometry": { "type": "MultiPolygon", "coordinates": [ [ [ [ 140.501215581999986, 35.915089417 ], [ 140.50139665, 35.915422823 ], [ 140.502840867, 35.914899421 ], [ 140.502665524, 35.914576474 ], [ 140.502611494, 35.914569692 ], [ 140.501215581999986, 35.915089417 ] ] ] ] } },
{ "type": "Feature", "properties": { "fid": 21, "氏名": "保科康男", "遅まき": "遅まき", "2026地名地番": "佐原字新洲　ニ6421", "散布面積": "49", "備考": null, "検索_Address": "佐原字新洲　ニ6421", "検索_Tiban": "6421", "ｗｋｔ": "eeca3243cffde6835b4f46d084069aa6", "地番": "6421", "ポリゴンの面積": 18, "auxiliary_storage_labeling_positionx": null, "auxiliary_storage_labeling_positiony": null, "auxiliary_storage_labeling_show": null, "auxiliary_storage_labeling_labelrotation": null, "auxiliary_storage_labeling_family": null, "auxiliary_storage_labeling_fontstyle": null, "auxiliary_storage_labeling_size": null, "auxiliary_storage_labeling_bold": null, "auxiliary_storage_labeling_italic": null, "auxiliary_storage_labeling_underline": null, "auxiliary_storage_labeling_color": null, "auxiliary_storage_labeling_strikeout": null, "auxiliary_storage_labeling_multilinealignment": null, "auxiliary_storage_labeling_buffersize": null, "auxiliary_storage_labeling_buffercolor": null, "auxiliary_storage_labeling_bufferdraw": null, "auxiliary_storage_labeling_labeldistance": null, "auxiliary_storage_labeling_hali": null, "auxiliary_storage_labeling_vali": null, "auxiliary_storage_labeling_scalevisibility": null, "auxiliary_storage_labeling_minscale": null, "auxiliary_storage_labeling_maxscale": null, "auxiliary_storage_labeling_alwaysshow": null, "auxiliary_storage_labeling_calloutdraw": null, "auxiliary_storage_labeling_labelallparts": null }, "geometry": { "type": "MultiPolygon", "coordinates": [ [ [ [ 140.507822581999989, 35.915182685 ], [ 140.509098755999986, 35.91471392 ], [ 140.509032237571034, 35.914590444221872 ], [ 140.507754633081561, 35.915067574293559 ], [ 140.507822581999989, 35.915182685 ] ] ] ] } },
{ "type": "Feature", "properties": { "fid": 22, "氏名": "保科康男", "遅まき": "遅まき", "2026地名地番": "佐原字新洲　ニ6417-1～4", "散布面積": "53", "備考": null, "検索_Address": "佐原字新洲　ニ6417-1,佐原字新洲　ニ6417-2,佐原字新洲　ニ6417-3,佐原字新洲　ニ6417-4", "検索_Tiban": "6417-1~6417-4", "ｗｋｔ": "ff6e1dffba8cb3af114ad5daf4eeb794", "地番": "6417-1～4", "ポリゴンの面積": 54, "auxiliary_storage_labeling_positionx": null, "auxiliary_storage_labeling_positiony": null, "auxiliary_storage_labeling_show": null, "auxiliary_storage_labeling_labelrotation": null, "auxiliary_storage_labeling_family": null, "auxiliary_storage_labeling_fontstyle": null, "auxiliary_storage_labeling_size": null, "auxiliary_storage_labeling_bold": null, "auxiliary_storage_labeling_italic": null, "auxiliary_storage_labeling_underline": null, "auxiliary_storage_labeling_color": null, "auxiliary_storage_labeling_strikeout": null, "auxiliary_storage_labeling_multilinealignment": null, "auxiliary_storage_labeling_buffersize": null, "auxiliary_storage_labeling_buffercolor": null, "auxiliary_storage_labeling_bufferdraw": null, "auxiliary_storage_labeling_labeldistance": null, "auxiliary_storage_labeling_hali": null, "auxiliary_storage_labeling_vali": null, "auxiliary_storage_labeling_scalevisibility": null, "auxiliary_storage_labeling_minscale": null, "auxiliary_storage_labeling_maxscale": null, "auxiliary_storage_labeling_alwaysshow": null, "auxiliary_storage_labeling_calloutdraw": null, "auxiliary_storage_labeling_labelallparts": null }, "geometry": { "type": "MultiPolygon", "coordinates": [ [ [ [ 140.509483693, 35.915404876 ], [ 140.508206369, 35.915872922 ], [ 140.508406009999987, 35.916231968 ], [ 140.509672983, 35.915744644 ], [ 140.509483693, 35.915404876 ] ] ] ] } },
{ "type": "Feature", "properties": { "fid": 23, "氏名": "保科康男", "遅まき": "遅まき", "2026地名地番": "篠原字蒲割　2571,2572-1", "散布面積": "48", "備考": null, "検索_Address": "篠原字蒲割　ロ2571,篠原字蒲割　ロ2572-1", "検索_Tiban": "2571,2572-1", "ｗｋｔ": "4e41ac6e7cedbaa89ed8443d68cfc96f", "地番": "2571,2572-1", "ポリゴンの面積": 50, "auxiliary_storage_labeling_positionx": null, "auxiliary_storage_labeling_positiony": null, "auxiliary_storage_labeling_show": null, "auxiliary_storage_labeling_labelrotation": null, "auxiliary_storage_labeling_family": null, "auxiliary_storage_labeling_fontstyle": null, "auxiliary_storage_labeling_size": null, "auxiliary_storage_labeling_bold": null, "auxiliary_storage_labeling_italic": null, "auxiliary_storage_labeling_underline": null, "auxiliary_storage_labeling_color": null, "auxiliary_storage_labeling_strikeout": null, "auxiliary_storage_labeling_multilinealignment": null, "auxiliary_storage_labeling_buffersize": null, "auxiliary_storage_labeling_buffercolor": null, "auxiliary_storage_labeling_bufferdraw": null, "auxiliary_storage_labeling_labeldistance": null, "auxiliary_storage_labeling_hali": null, "auxiliary_storage_labeling_vali": null, "auxiliary_storage_labeling_scalevisibility": null, "auxiliary_storage_labeling_minscale": null, "auxiliary_storage_labeling_maxscale": null, "auxiliary_storage_labeling_alwaysshow": null, "auxiliary_storage_labeling_calloutdraw": null, "auxiliary_storage_labeling_labelallparts": null }, "geometry": { "type": "MultiPolygon", "coordinates": [ [ [ [ 140.515409067, 35.914700228 ], [ 140.515419908000013, 35.914681523 ], [ 140.515416972, 35.914659914 ], [ 140.515253363, 35.914365517 ], [ 140.513979225000014, 35.914839684 ], [ 140.514161105999989, 35.915166053 ], [ 140.515409067, 35.914700228 ] ] ] ] } },
{ "type": "Feature", "properties": { "fid": 24, "氏名": "保科康男", "遅まき": "遅まき", "2026地名地番": "篠原字蒲割　ロ2512-1～2513", "散布面積": "72", "備考": null, "検索_Address": "篠原字蒲割　ロ2512-1,篠原字蒲割　ロ2512-2,篠原字蒲割　ロ2512-3,篠原字蒲割　ロ2513", "検索_Tiban": "2512-1~2513", "ｗｋｔ": "02e3cd4c6a8136ef1a66f4a7efbf12ca", "地番": "2512-1～2513", "ポリゴンの面積": 74, "auxiliary_storage_labeling_positionx": null, "auxiliary_storage_labeling_positiony": null, "auxiliary_storage_labeling_show": null, "auxiliary_storage_labeling_labelrotation": null, "auxiliary_storage_labeling_family": null, "auxiliary_storage_labeling_fontstyle": null, "auxiliary_storage_labeling_size": null, "auxiliary_storage_labeling_bold": null, "auxiliary_storage_labeling_italic": null, "auxiliary_storage_labeling_underline": null, "auxiliary_storage_labeling_color": null, "auxiliary_storage_labeling_strikeout": null, "auxiliary_storage_labeling_multilinealignment": null, "auxiliary_storage_labeling_buffersize": null, "auxiliary_storage_labeling_buffercolor": null, "auxiliary_storage_labeling_bufferdraw": null, "auxiliary_storage_labeling_labeldistance": null, "auxiliary_storage_labeling_hali": null, "auxiliary_storage_labeling_vali": null, "auxiliary_storage_labeling_scalevisibility": null, "auxiliary_storage_labeling_minscale": null, "auxiliary_storage_labeling_maxscale": null, "auxiliary_storage_labeling_alwaysshow": null, "auxiliary_storage_labeling_calloutdraw": null, "auxiliary_storage_labeling_labelallparts": null }, "geometry": { "type": "MultiPolygon", "coordinates": [ [ [ [ 140.510663004, 35.914660214 ], [ 140.50939469, 35.915129158 ], [ 140.509661722, 35.915608573 ], [ 140.510935010999987, 35.915146951 ], [ 140.510663004, 35.914660214 ] ] ] ] } },
{ "type": "Feature", "properties": { "fid": 25, "氏名": "保科康男", "遅まき": "遅まき", "2026地名地番": "中洲字新須　1231", "散布面積": "43", "備考": null, "検索_Address": "中洲字新須1231,中洲字新須1234", "検索_Tiban": "1231,1234", "ｗｋｔ": "5202f0a05636ad20d74c78e7f6e5c762", "地番": "1231", "ポリゴンの面積": 96, "auxiliary_storage_labeling_positionx": null, "auxiliary_storage_labeling_positiony": null, "auxiliary_storage_labeling_show": null, "auxiliary_storage_labeling_labelrotation": null, "auxiliary_storage_labeling_family": null, "auxiliary_storage_labeling_fontstyle": null, "auxiliary_storage_labeling_size": null, "auxiliary_storage_labeling_bold": null, "auxiliary_storage_labeling_italic": null, "auxiliary_storage_labeling_underline": null, "auxiliary_storage_labeling_color": null, "auxiliary_storage_labeling_strikeout": null, "auxiliary_storage_labeling_multilinealignment": null, "auxiliary_storage_labeling_buffersize": null, "auxiliary_storage_labeling_buffercolor": null, "auxiliary_storage_labeling_bufferdraw": null, "auxiliary_storage_labeling_labeldistance": null, "auxiliary_storage_labeling_hali": null, "auxiliary_storage_labeling_vali": null, "auxiliary_storage_labeling_scalevisibility": null, "auxiliary_storage_labeling_minscale": null, "auxiliary_storage_labeling_maxscale": null, "auxiliary_storage_labeling_alwaysshow": null, "auxiliary_storage_labeling_calloutdraw": null, "auxiliary_storage_labeling_labelallparts": null }, "geometry": { "type": "MultiPolygon", "coordinates": [ [ [ [ 140.520633035, 35.916318479 ], [ 140.52029099, 35.915696715 ], [ 140.519028573000014, 35.916162371 ], [ 140.519022732, 35.916177959 ], [ 140.519033773, 35.916210948 ], [ 140.519356392, 35.916791847 ], [ 140.520633035, 35.916318479 ] ] ] ] } },
{ "type": "Feature", "properties": { "fid": 27, "氏名": "保科康男", "遅まき": "遅まき", "2026地名地番": "津宮字中江間5185", "散布面積": "25.4", "備考": null, "検索_Address": "津宮字中江間5185", "検索_Tiban": "5185", "ｗｋｔ": "53702bb5e8bcf388eb3cf2a19f69c050", "地番": "5185", "ポリゴンの面積": 25, "auxiliary_storage_labeling_positionx": null, "auxiliary_storage_labeling_positiony": null, "auxiliary_storage_labeling_show": null, "auxiliary_storage_labeling_labelrotation": null, "auxiliary_storage_labeling_family": null, "auxiliary_storage_labeling_fontstyle": null, "auxiliary_storage_labeling_size": null, "auxiliary_storage_labeling_bold": null, "auxiliary_storage_labeling_italic": null, "auxiliary_storage_labeling_underline": null, "auxiliary_storage_labeling_color": null, "auxiliary_storage_labeling_strikeout": null, "auxiliary_storage_labeling_multilinealignment": null, "auxiliary_storage_labeling_buffersize": null, "auxiliary_storage_labeling_buffercolor": null, "auxiliary_storage_labeling_bufferdraw": null, "auxiliary_storage_labeling_labeldistance": null, "auxiliary_storage_labeling_hali": null, "auxiliary_storage_labeling_vali": null, "auxiliary_storage_labeling_scalevisibility": null, "auxiliary_storage_labeling_minscale": null, "auxiliary_storage_labeling_maxscale": null, "auxiliary_storage_labeling_alwaysshow": null, "auxiliary_storage_labeling_calloutdraw": null, "auxiliary_storage_labeling_labelallparts": null }, "geometry": { "type": "MultiPolygon", "coordinates": [ [ [ [ 140.527906088, 35.911826949 ], [ 140.526628592, 35.912295652 ], [ 140.526718566, 35.912458848 ], [ 140.527999326000014, 35.911994928 ], [ 140.527906088, 35.911826949 ] ] ] ] } },
{ "type": "Feature", "properties": { "fid": 28, "氏名": "保科康男", "遅まき": "遅まき", "2026地名地番": "津宮字中江間5190-1", "散布面積": "27", "備考": null, "検索_Address": "津宮字中江間5190-1", "検索_Tiban": "5190-1", "ｗｋｔ": "74a3fbaffc4890b8a2a812d151f77020", "地番": "5190-1", "ポリゴンの面積": 28, "auxiliary_storage_labeling_positionx": null, "auxiliary_storage_labeling_positiony": null, "auxiliary_storage_labeling_show": null, "auxiliary_storage_labeling_labelrotation": null, "auxiliary_storage_labeling_family": null, "auxiliary_storage_labeling_fontstyle": null, "auxiliary_storage_labeling_size": null, "auxiliary_storage_labeling_bold": null, "auxiliary_storage_labeling_italic": null, "auxiliary_storage_labeling_underline": null, "auxiliary_storage_labeling_color": null, "auxiliary_storage_labeling_strikeout": null, "auxiliary_storage_labeling_multilinealignment": null, "auxiliary_storage_labeling_buffersize": null, "auxiliary_storage_labeling_buffercolor": null, "auxiliary_storage_labeling_bufferdraw": null, "auxiliary_storage_labeling_labeldistance": null, "auxiliary_storage_labeling_hali": null, "auxiliary_storage_labeling_vali": null, "auxiliary_storage_labeling_scalevisibility": null, "auxiliary_storage_labeling_minscale": null, "auxiliary_storage_labeling_maxscale": null, "auxiliary_storage_labeling_alwaysshow": null, "auxiliary_storage_labeling_calloutdraw": null, "auxiliary_storage_labeling_labelallparts": null }, "geometry": { "type": "MultiPolygon", "coordinates": [ [ [ [ 140.527594992, 35.911263607 ], [ 140.526317761, 35.911730171 ], [ 140.526414014000011, 35.911921162 ], [ 140.527692699999989, 35.911445129 ], [ 140.527594992, 35.911263607 ] ] ] ] } },
{ "type": "Feature", "properties": { "fid": 29, "氏名": "保科康男", "遅まき": "遅まき", "2026地名地番": "津宮字中江間5254,5255", "散布面積": "33.5", "備考": null, "検索_Address": "津宮字中江間5254,津宮字中江間5255", "検索_Tiban": "5254,5255", "ｗｋｔ": "5507088257e58acbb22fa579f95f71e9", "地番": "5254,5255", "ポリゴンの面積": 34, "auxiliary_storage_labeling_positionx": null, "auxiliary_storage_labeling_positiony": null, "auxiliary_storage_labeling_show": null, "auxiliary_storage_labeling_labelrotation": null, "auxiliary_storage_labeling_family": null, "auxiliary_storage_labeling_fontstyle": null, "auxiliary_storage_labeling_size": null, "auxiliary_storage_labeling_bold": null, "auxiliary_storage_labeling_italic": null, "auxiliary_storage_labeling_underline": null, "auxiliary_storage_labeling_color": null, "auxiliary_storage_labeling_strikeout": null, "auxiliary_storage_labeling_multilinealignment": null, "auxiliary_storage_labeling_buffersize": null, "auxiliary_storage_labeling_buffercolor": null, "auxiliary_storage_labeling_bufferdraw": null, "auxiliary_storage_labeling_labeldistance": null, "auxiliary_storage_labeling_hali": null, "auxiliary_storage_labeling_vali": null, "auxiliary_storage_labeling_scalevisibility": null, "auxiliary_storage_labeling_minscale": null, "auxiliary_storage_labeling_maxscale": null, "auxiliary_storage_labeling_alwaysshow": null, "auxiliary_storage_labeling_calloutdraw": null, "auxiliary_storage_labeling_labelallparts": null }, "geometry": { "type": "MultiPolygon", "coordinates": [ [ [ [ 140.527567723, 35.911151342 ], [ 140.527694454999988, 35.911375445 ], [ 140.528964566000013, 35.910904001 ], [ 140.528840543, 35.910683158 ], [ 140.527567723, 35.911151342 ] ] ] ] } },
{ "type": "Feature", "properties": { "fid": 30, "氏名": "保科康男", "遅まき": "遅まき", "2026地名地番": "津宮字中江間5256", "散布面積": "50", "備考": null, "検索_Address": "津宮字中江間5256", "検索_Tiban": "5256", "ｗｋｔ": "921a6bdfb79613ee58e76ab24a6c35c6", "地番": "5256", "ポリゴンの面積": 51, "auxiliary_storage_labeling_positionx": null, "auxiliary_storage_labeling_positiony": null, "auxiliary_storage_labeling_show": null, "auxiliary_storage_labeling_labelrotation": null, "auxiliary_storage_labeling_family": null, "auxiliary_storage_labeling_fontstyle": null, "auxiliary_storage_labeling_size": null, "auxiliary_storage_labeling_bold": null, "auxiliary_storage_labeling_italic": null, "auxiliary_storage_labeling_underline": null, "auxiliary_storage_labeling_color": null, "auxiliary_storage_labeling_strikeout": null, "auxiliary_storage_labeling_multilinealignment": null, "auxiliary_storage_labeling_buffersize": null, "auxiliary_storage_labeling_buffercolor": null, "auxiliary_storage_labeling_bufferdraw": null, "auxiliary_storage_labeling_labeldistance": null, "auxiliary_storage_labeling_hali": null, "auxiliary_storage_labeling_vali": null, "auxiliary_storage_labeling_scalevisibility": null, "auxiliary_storage_labeling_minscale": null, "auxiliary_storage_labeling_maxscale": null, "auxiliary_storage_labeling_alwaysshow": null, "auxiliary_storage_labeling_calloutdraw": null, "auxiliary_storage_labeling_labelallparts": null }, "geometry": { "type": "MultiPolygon", "coordinates": [ [ [ [ 140.528964566000013, 35.910904001 ], [ 140.527694454999988, 35.911375445 ], [ 140.527766972, 35.911506107 ], [ 140.52787209600001, 35.91170822 ], [ 140.529151029, 35.911242036 ], [ 140.528964566000013, 35.910904001 ] ] ] ] } },
{ "type": "Feature", "properties": { "fid": 32, "氏名": "平塚善一", "遅まき": "遅まき", "2026地名地番": "篠原字天洲　ロ3266", "散布面積": "43", "備考": "2回希望", "検索_Address": "篠原字天洲　ロ3265,篠原字天洲　ロ3266", "検索_Tiban": "3265,3266", "ｗｋｔ": "f4c696e9b11ec9e538580c5e3a400200", "地番": "3266", "ポリゴンの面積": 101, "auxiliary_storage_labeling_positionx": null, "auxiliary_storage_labeling_positiony": null, "auxiliary_storage_labeling_show": null, "auxiliary_storage_labeling_labelrotation": null, "auxiliary_storage_labeling_family": null, "auxiliary_storage_labeling_fontstyle": null, "auxiliary_storage_labeling_size": null, "auxiliary_storage_labeling_bold": null, "auxiliary_storage_labeling_italic": null, "auxiliary_storage_labeling_underline": null, "auxiliary_storage_labeling_color": null, "auxiliary_storage_labeling_strikeout": null, "auxiliary_storage_labeling_multilinealignment": null, "auxiliary_storage_labeling_buffersize": null, "auxiliary_storage_labeling_buffercolor": null, "auxiliary_storage_labeling_bufferdraw": null, "auxiliary_storage_labeling_labeldistance": null, "auxiliary_storage_labeling_hali": null, "auxiliary_storage_labeling_vali": null, "auxiliary_storage_labeling_scalevisibility": null, "auxiliary_storage_labeling_minscale": null, "auxiliary_storage_labeling_maxscale": null, "auxiliary_storage_labeling_alwaysshow": null, "auxiliary_storage_labeling_calloutdraw": null, "auxiliary_storage_labeling_labelallparts": null }, "geometry": { "type": "MultiPolygon", "coordinates": [ [ [ [ 140.519128647, 35.907890665 ], [ 140.518765895, 35.907235197 ], [ 140.517486508, 35.90770022 ], [ 140.517850032000013, 35.908354921 ], [ 140.519128647, 35.907890665 ] ] ] ] } },
{ "type": "Feature", "properties": { "fid": 33, "氏名": "平塚善一", "遅まき": "遅まき", "2026地名地番": "篠原字内湖　ロ2613", "散布面積": "37", "備考": "2回希望", "検索_Address": "篠原字内湖　ロ2613", "検索_Tiban": "2613", "ｗｋｔ": "e5db65b845c8f761a31ab73ac02d706a", "地番": "2613", "ポリゴンの面積": 40, "auxiliary_storage_labeling_positionx": null, "auxiliary_storage_labeling_positiony": null, "auxiliary_storage_labeling_show": null, "auxiliary_storage_labeling_labelrotation": null, "auxiliary_storage_labeling_family": null, "auxiliary_storage_labeling_fontstyle": null, "auxiliary_storage_labeling_size": null, "auxiliary_storage_labeling_bold": null, "auxiliary_storage_labeling_italic": null, "auxiliary_storage_labeling_underline": null, "auxiliary_storage_labeling_color": null, "auxiliary_storage_labeling_strikeout": null, "auxiliary_storage_labeling_multilinealignment": null, "auxiliary_storage_labeling_buffersize": null, "auxiliary_storage_labeling_buffercolor": null, "auxiliary_storage_labeling_bufferdraw": null, "auxiliary_storage_labeling_labeldistance": null, "auxiliary_storage_labeling_hali": null, "auxiliary_storage_labeling_vali": null, "auxiliary_storage_labeling_scalevisibility": null, "auxiliary_storage_labeling_minscale": null, "auxiliary_storage_labeling_maxscale": null, "auxiliary_storage_labeling_alwaysshow": null, "auxiliary_storage_labeling_calloutdraw": null, "auxiliary_storage_labeling_labelallparts": null }, "geometry": { "type": "MultiPolygon", "coordinates": [ [ [ [ 140.516304994, 35.908646937 ], [ 140.515522923, 35.908939827 ], [ 140.515747603, 35.909344916 ], [ 140.51654908, 35.909054653 ], [ 140.516386942999986, 35.908693094 ], [ 140.516304994, 35.908646937 ] ] ] ] } },
{ "type": "Feature", "properties": { "fid": 35, "氏名": "平塚善一", "遅まき": "遅まき", "2026地名地番": "中洲水神前　1005-1～33", "散布面積": "49", "備考": "2回希望", "検索_Address": "中洲字水神前1004-8,中洲字水神前1004-9,中洲字水神前1005-1,中洲字水神前1005-10,中洲字水神前1005-11,中洲字水神前1005-12,中洲字水神前1005-13,中洲字水神前1005-14,中洲字水神前1005-15,中洲字水神前1005-17,中洲字水神前1005-18,中洲字水神前1005-19,中洲字水神前1005-2,中洲字水神前1005-20,中洲字水神前1005-21,中洲字水神前1005-22,中洲字水神前1005-23,中洲字水神前1005-24,中洲字水神前1005-25,中洲字水神前1005-26,中洲字水神前1005-27,中洲字水神前1005-28,中洲字水神前1005-29,中洲字水神前1005-3,中洲字水神前1005-30,中洲字水神前1005-31,中洲字水神前1005-32,中洲字水神前1005-33,中洲字水神前1005-4,中洲字水神前1005-5,中洲字水神前1005-6,中洲字水神前1005-7,中洲字水神前1005-8,中洲字水神前1005-9", "検索_Tiban": "1004-8~1005-33", "ｗｋｔ": "352f45e63c64e00e3a3801c6670ecd87", "地番": "1005-1～33", "ポリゴンの面積": 72, "auxiliary_storage_labeling_positionx": null, "auxiliary_storage_labeling_positiony": null, "auxiliary_storage_labeling_show": null, "auxiliary_storage_labeling_labelrotation": null, "auxiliary_storage_labeling_family": null, "auxiliary_storage_labeling_fontstyle": null, "auxiliary_storage_labeling_size": null, "auxiliary_storage_labeling_bold": null, "auxiliary_storage_labeling_italic": null, "auxiliary_storage_labeling_underline": null, "auxiliary_storage_labeling_color": null, "auxiliary_storage_labeling_strikeout": null, "auxiliary_storage_labeling_multilinealignment": null, "auxiliary_storage_labeling_buffersize": null, "auxiliary_storage_labeling_buffercolor": null, "auxiliary_storage_labeling_bufferdraw": null, "auxiliary_storage_labeling_labeldistance": null, "auxiliary_storage_labeling_hali": null, "auxiliary_storage_labeling_vali": null, "auxiliary_storage_labeling_scalevisibility": null, "auxiliary_storage_labeling_minscale": null, "auxiliary_storage_labeling_maxscale": null, "auxiliary_storage_labeling_alwaysshow": null, "auxiliary_storage_labeling_calloutdraw": null, "auxiliary_storage_labeling_labelallparts": null }, "geometry": { "type": "MultiPolygon", "coordinates": [ [ [ [ 140.513866764999989, 35.923156485 ], [ 140.513885652, 35.923164836 ], [ 140.513906467999988, 35.923167134 ], [ 140.514446121, 35.922969908 ], [ 140.513869684000014, 35.921929734 ], [ 140.513296125000011, 35.922141178 ], [ 140.513853256, 35.92314005 ], [ 140.513866764999989, 35.923156485 ] ] ] ] } },
{ "type": "Feature", "properties": { "fid": 36, "氏名": "平塚善一", "遅まき": "遅まき", "2026地名地番": "篠原字蒲割　ロ2553", "散布面積": "50", "備考": "2回希望", "検索_Address": "篠原字蒲割　ロ2551,篠原字蒲割　ロ2552,篠原字蒲割　ロ2553", "検索_Tiban": "2551~2553", "ｗｋｔ": "9f948523bbe5112227fa8da9168c8711", "地番": "2553", "ポリゴンの面積": 62, "auxiliary_storage_labeling_positionx": null, "auxiliary_storage_labeling_positiony": null, "auxiliary_storage_labeling_show": null, "auxiliary_storage_labeling_labelrotation": null, "auxiliary_storage_labeling_family": null, "auxiliary_storage_labeling_fontstyle": null, "auxiliary_storage_labeling_size": null, "auxiliary_storage_labeling_bold": null, "auxiliary_storage_labeling_italic": null, "auxiliary_storage_labeling_underline": null, "auxiliary_storage_labeling_color": null, "auxiliary_storage_labeling_strikeout": null, "auxiliary_storage_labeling_multilinealignment": null, "auxiliary_storage_labeling_buffersize": null, "auxiliary_storage_labeling_buffercolor": null, "auxiliary_storage_labeling_bufferdraw": null, "auxiliary_storage_labeling_labeldistance": null, "auxiliary_storage_labeling_hali": null, "auxiliary_storage_labeling_vali": null, "auxiliary_storage_labeling_scalevisibility": null, "auxiliary_storage_labeling_minscale": null, "auxiliary_storage_labeling_maxscale": null, "auxiliary_storage_labeling_alwaysshow": null, "auxiliary_storage_labeling_calloutdraw": null, "auxiliary_storage_labeling_labelallparts": null }, "geometry": { "type": "MultiPolygon", "coordinates": [ [ [ [ 140.512257831999989, 35.911826625 ], [ 140.510993827, 35.912298456 ], [ 140.511215661, 35.912696548 ], [ 140.5124854, 35.912232551 ], [ 140.512257831999989, 35.911826625 ] ] ] ] } },
{ "type": "Feature", "properties": { "fid": 37, "氏名": "平塚善一", "遅まき": "遅まき", "2026地名地番": "篠原字蒲割　ロ2554", "散布面積": "50", "備考": "2回希望", "検索_Address": "篠原字蒲割　ロ2554", "検索_Tiban": "2554", "ｗｋｔ": "9130297a433c4b305d3258bd889340fa", "地番": "2554", "ポリゴンの面積": 51, "auxiliary_storage_labeling_positionx": null, "auxiliary_storage_labeling_positiony": null, "auxiliary_storage_labeling_show": null, "auxiliary_storage_labeling_labelrotation": null, "auxiliary_storage_labeling_family": null, "auxiliary_storage_labeling_fontstyle": null, "auxiliary_storage_labeling_size": null, "auxiliary_storage_labeling_bold": null, "auxiliary_storage_labeling_italic": null, "auxiliary_storage_labeling_underline": null, "auxiliary_storage_labeling_color": null, "auxiliary_storage_labeling_strikeout": null, "auxiliary_storage_labeling_multilinealignment": null, "auxiliary_storage_labeling_buffersize": null, "auxiliary_storage_labeling_buffercolor": null, "auxiliary_storage_labeling_bufferdraw": null, "auxiliary_storage_labeling_labeldistance": null, "auxiliary_storage_labeling_hali": null, "auxiliary_storage_labeling_vali": null, "auxiliary_storage_labeling_scalevisibility": null, "auxiliary_storage_labeling_minscale": null, "auxiliary_storage_labeling_maxscale": null, "auxiliary_storage_labeling_alwaysshow": null, "auxiliary_storage_labeling_calloutdraw": null, "auxiliary_storage_labeling_labelallparts": null }, "geometry": { "type": "MultiPolygon", "coordinates": [ [ [ [ 140.512257831999989, 35.911826625 ], [ 140.512069387, 35.911490482 ], [ 140.510807258, 35.911963646 ], [ 140.510993827, 35.912298456 ], [ 140.512257831999989, 35.911826625 ] ] ] ] } },
{ "type": "Feature", "properties": { "fid": 38, "氏名": "平塚善一", "遅まき": "遅まき", "2026地名地番": "篠原字蒲割　ロ2555", "散布面積": "50", "備考": "2回希望", "検索_Address": "篠原字蒲割　ロ2555", "検索_Tiban": "2555", "ｗｋｔ": "99c0bfc37fa1e78ddf568c528929e933", "地番": "2555", "ポリゴンの面積": 51, "auxiliary_storage_labeling_positionx": null, "auxiliary_storage_labeling_positiony": null, "auxiliary_storage_labeling_show": null, "auxiliary_storage_labeling_labelrotation": null, "auxiliary_storage_labeling_family": null, "auxiliary_storage_labeling_fontstyle": null, "auxiliary_storage_labeling_size": null, "auxiliary_storage_labeling_bold": null, "auxiliary_storage_labeling_italic": null, "auxiliary_storage_labeling_underline": null, "auxiliary_storage_labeling_color": null, "auxiliary_storage_labeling_strikeout": null, "auxiliary_storage_labeling_multilinealignment": null, "auxiliary_storage_labeling_buffersize": null, "auxiliary_storage_labeling_buffercolor": null, "auxiliary_storage_labeling_bufferdraw": null, "auxiliary_storage_labeling_labeldistance": null, "auxiliary_storage_labeling_hali": null, "auxiliary_storage_labeling_vali": null, "auxiliary_storage_labeling_scalevisibility": null, "auxiliary_storage_labeling_minscale": null, "auxiliary_storage_labeling_maxscale": null, "auxiliary_storage_labeling_alwaysshow": null, "auxiliary_storage_labeling_calloutdraw": null, "auxiliary_storage_labeling_labelallparts": null }, "geometry": { "type": "MultiPolygon", "coordinates": [ [ [ [ 140.512069387, 35.911490482 ], [ 140.511883144, 35.911158263 ], [ 140.510634333000013, 35.9116177 ], [ 140.510632023, 35.911649172 ], [ 140.510807258, 35.911963646 ], [ 140.512069387, 35.911490482 ] ] ] ] } },
{ "type": "Feature", "properties": { "fid": 40, "氏名": "平塚善一", "遅まき": "遅まき", "2026地名地番": "後洲4411,4412", "散布面積": "47", "備考": "2回希望", "検索_Address": "佐原字後洲　ハ4411,4412", "検索_Tiban": "4411,4422", "ｗｋｔ": "8fbeca65594b5b1b356495e8a75e38c1", "地番": "4411,4412", "ポリゴンの面積": 45, "auxiliary_storage_labeling_positionx": null, "auxiliary_storage_labeling_positiony": null, "auxiliary_storage_labeling_show": null, "auxiliary_storage_labeling_labelrotation": null, "auxiliary_storage_labeling_family": null, "auxiliary_storage_labeling_fontstyle": null, "auxiliary_storage_labeling_size": null, "auxiliary_storage_labeling_bold": null, "auxiliary_storage_labeling_italic": null, "auxiliary_storage_labeling_underline": null, "auxiliary_storage_labeling_color": null, "auxiliary_storage_labeling_strikeout": null, "auxiliary_storage_labeling_multilinealignment": null, "auxiliary_storage_labeling_buffersize": null, "auxiliary_storage_labeling_buffercolor": null, "auxiliary_storage_labeling_bufferdraw": null, "auxiliary_storage_labeling_labeldistance": null, "auxiliary_storage_labeling_hali": null, "auxiliary_storage_labeling_vali": null, "auxiliary_storage_labeling_scalevisibility": null, "auxiliary_storage_labeling_minscale": null, "auxiliary_storage_labeling_maxscale": null, "auxiliary_storage_labeling_alwaysshow": null, "auxiliary_storage_labeling_calloutdraw": null, "auxiliary_storage_labeling_labelallparts": null }, "geometry": { "type": "MultiPolygon", "coordinates": [ [ [ [ 140.520211429180762, 35.931741712643237 ], [ 140.520056411539542, 35.931450581951225 ], [ 140.521334361849966, 35.93097796719146 ], [ 140.521496941327314, 35.931265316965394 ], [ 140.520211429180762, 35.931741712643237 ] ] ] ] } },
{ "type": "Feature", "properties": { "fid": 41, "氏名": "平塚善一", "遅まき": "遅まき", "2026地名地番": "篠原字天洲　ロ3268", "散布面積": "40", "備考": "2回希望", "検索_Address": "篠原字天洲　ロ3268", "検索_Tiban": "3268", "ｗｋｔ": "1cacf41514cd98a73801aedea3cc832a", "地番": "3268", "ポリゴンの面積": 41, "auxiliary_storage_labeling_positionx": null, "auxiliary_storage_labeling_positiony": null, "auxiliary_storage_labeling_show": null, "auxiliary_storage_labeling_labelrotation": null, "auxiliary_storage_labeling_family": null, "auxiliary_storage_labeling_fontstyle": null, "auxiliary_storage_labeling_size": null, "auxiliary_storage_labeling_bold": null, "auxiliary_storage_labeling_italic": null, "auxiliary_storage_labeling_underline": null, "auxiliary_storage_labeling_color": null, "auxiliary_storage_labeling_strikeout": null, "auxiliary_storage_labeling_multilinealignment": null, "auxiliary_storage_labeling_buffersize": null, "auxiliary_storage_labeling_buffercolor": null, "auxiliary_storage_labeling_bufferdraw": null, "auxiliary_storage_labeling_labeldistance": null, "auxiliary_storage_labeling_hali": null, "auxiliary_storage_labeling_vali": null, "auxiliary_storage_labeling_scalevisibility": null, "auxiliary_storage_labeling_minscale": null, "auxiliary_storage_labeling_maxscale": null, "auxiliary_storage_labeling_alwaysshow": null, "auxiliary_storage_labeling_calloutdraw": null, "auxiliary_storage_labeling_labelallparts": null }, "geometry": { "type": "MultiPolygon", "coordinates": [ [ [ [ 140.518145221999987, 35.908876804 ], [ 140.51941861, 35.908407187 ], [ 140.519270782, 35.908140435 ], [ 140.517999766, 35.908611933 ], [ 140.518145221999987, 35.908876804 ] ] ] ] } },
{ "type": "Feature", "properties": { "fid": 42, "氏名": "平塚善一", "遅まき": "遅まき", "2026地名地番": "篠原字天洲　ロ3267", "散布面積": "39", "備考": "2回希望", "検索_Address": "篠原字天洲　ロ3267", "検索_Tiban": "3267", "ｗｋｔ": "431317ae4ae10520fb31346508444788", "地番": "3267", "ポリゴンの面積": 39, "auxiliary_storage_labeling_positionx": null, "auxiliary_storage_labeling_positiony": null, "auxiliary_storage_labeling_show": null, "auxiliary_storage_labeling_labelrotation": null, "auxiliary_storage_labeling_family": null, "auxiliary_storage_labeling_fontstyle": null, "auxiliary_storage_labeling_size": null, "auxiliary_storage_labeling_bold": null, "auxiliary_storage_labeling_italic": null, "auxiliary_storage_labeling_underline": null, "auxiliary_storage_labeling_color": null, "auxiliary_storage_labeling_strikeout": null, "auxiliary_storage_labeling_multilinealignment": null, "auxiliary_storage_labeling_buffersize": null, "auxiliary_storage_labeling_buffercolor": null, "auxiliary_storage_labeling_bufferdraw": null, "auxiliary_storage_labeling_labeldistance": null, "auxiliary_storage_labeling_hali": null, "auxiliary_storage_labeling_vali": null, "auxiliary_storage_labeling_scalevisibility": null, "auxiliary_storage_labeling_minscale": null, "auxiliary_storage_labeling_maxscale": null, "auxiliary_storage_labeling_alwaysshow": null, "auxiliary_storage_labeling_calloutdraw": null, "auxiliary_storage_labeling_labelallparts": null }, "geometry": { "type": "MultiPolygon", "coordinates": [ [ [ [ 140.517999766, 35.908611933 ], [ 140.519270782, 35.908140435 ], [ 140.519128647, 35.907890665 ], [ 140.517850032000013, 35.908354921 ], [ 140.517999766, 35.908611933 ] ] ] ] } },
{ "type": "Feature", "properties": { "fid": 43, "氏名": "平塚善一", "遅まき": "遅まき", "2026地名地番": "水神前930", "散布面積": "12", "備考": "2回希望", "検索_Address": "中洲字水神前930", "検索_Tiban": "930", "ｗｋｔ": "d79104bb7efb0404f5754c40647fdf46", "地番": "930", "ポリゴンの面積": 25, "auxiliary_storage_labeling_positionx": null, "auxiliary_storage_labeling_positiony": null, "auxiliary_storage_labeling_show": null, "auxiliary_storage_labeling_labelrotation": null, "auxiliary_storage_labeling_family": null, "auxiliary_storage_labeling_fontstyle": null, "auxiliary_storage_labeling_size": null, "auxiliary_storage_labeling_bold": null, "auxiliary_storage_labeling_italic": null, "auxiliary_storage_labeling_underline": null, "auxiliary_storage_labeling_color": null, "auxiliary_storage_labeling_strikeout": null, "auxiliary_storage_labeling_multilinealignment": null, "auxiliary_storage_labeling_buffersize": null, "auxiliary_storage_labeling_buffercolor": null, "auxiliary_storage_labeling_bufferdraw": null, "auxiliary_storage_labeling_labeldistance": null, "auxiliary_storage_labeling_hali": null, "auxiliary_storage_labeling_vali": null, "auxiliary_storage_labeling_scalevisibility": null, "auxiliary_storage_labeling_minscale": null, "auxiliary_storage_labeling_maxscale": null, "auxiliary_storage_labeling_alwaysshow": null, "auxiliary_storage_labeling_calloutdraw": null, "auxiliary_storage_labeling_labelallparts": null }, "geometry": { "type": "MultiPolygon", "coordinates": [ [ [ [ 140.517782094000012, 35.923069856 ], [ 140.518364143000014, 35.924116096 ], [ 140.518558655, 35.924043941 ], [ 140.51798392500001, 35.922996134 ], [ 140.517782094000012, 35.923069856 ] ] ] ] } },
{ "type": "Feature", "properties": { "fid": 44, "氏名": "平塚善一", "遅まき": "遅まき", "2026地名地番": "佐々木3145-3,3146", "散布面積": "20", "備考": "2回希望", "検索_Address": "篠原字佐々木　ロ3145-3,篠原字佐々木　ロ3146", "検索_Tiban": "3145-3,3146", "ｗｋｔ": "d2e0da53f34e15fde7ff022c47197b64", "地番": "3145-3,3146", "ポリゴンの面積": 22, "auxiliary_storage_labeling_positionx": null, "auxiliary_storage_labeling_positiony": null, "auxiliary_storage_labeling_show": null, "auxiliary_storage_labeling_labelrotation": null, "auxiliary_storage_labeling_family": null, "auxiliary_storage_labeling_fontstyle": null, "auxiliary_storage_labeling_size": null, "auxiliary_storage_labeling_bold": null, "auxiliary_storage_labeling_italic": null, "auxiliary_storage_labeling_underline": null, "auxiliary_storage_labeling_color": null, "auxiliary_storage_labeling_strikeout": null, "auxiliary_storage_labeling_multilinealignment": null, "auxiliary_storage_labeling_buffersize": null, "auxiliary_storage_labeling_buffercolor": null, "auxiliary_storage_labeling_bufferdraw": null, "auxiliary_storage_labeling_labeldistance": null, "auxiliary_storage_labeling_hali": null, "auxiliary_storage_labeling_vali": null, "auxiliary_storage_labeling_scalevisibility": null, "auxiliary_storage_labeling_minscale": null, "auxiliary_storage_labeling_maxscale": null, "auxiliary_storage_labeling_alwaysshow": null, "auxiliary_storage_labeling_calloutdraw": null, "auxiliary_storage_labeling_labelallparts": null }, "geometry": { "type": "MultiPolygon", "coordinates": [ [ [ [ 140.524246119, 35.911374838 ], [ 140.524167775, 35.911233999 ], [ 140.522889768999988, 35.911700126 ], [ 140.522968472, 35.91184117 ], [ 140.524246119, 35.911374838 ] ] ] ] } },
{ "type": "Feature", "properties": { "fid": 45, "氏名": "夢楽", "遅まき": "遅まき", "2026地名地番": "笄島字笄津4721-1-2", "散布面積": "16", "備考": null, "検索_Address": "笄島字笄津4721-1,笄島字笄津4721-2", "検索_Tiban": "4721-1-2", "ｗｋｔ": "ea70667ae60fc5b100f6231697769d7f", "地番": "4721-1-2", "ポリゴンの面積": 16, "auxiliary_storage_labeling_positionx": null, "auxiliary_storage_labeling_positiony": null, "auxiliary_storage_labeling_show": null, "auxiliary_storage_labeling_labelrotation": null, "auxiliary_storage_labeling_family": null, "auxiliary_storage_labeling_fontstyle": null, "auxiliary_storage_labeling_size": null, "auxiliary_storage_labeling_bold": null, "auxiliary_storage_labeling_italic": null, "auxiliary_storage_labeling_underline": null, "auxiliary_storage_labeling_color": null, "auxiliary_storage_labeling_strikeout": null, "auxiliary_storage_labeling_multilinealignment": null, "auxiliary_storage_labeling_buffersize": null, "auxiliary_storage_labeling_buffercolor": null, "auxiliary_storage_labeling_bufferdraw": null, "auxiliary_storage_labeling_labeldistance": null, "auxiliary_storage_labeling_hali": null, "auxiliary_storage_labeling_vali": null, "auxiliary_storage_labeling_scalevisibility": null, "auxiliary_storage_labeling_minscale": null, "auxiliary_storage_labeling_maxscale": null, "auxiliary_storage_labeling_alwaysshow": null, "auxiliary_storage_labeling_calloutdraw": null, "auxiliary_storage_labeling_labelallparts": null }, "geometry": { "type": "MultiPolygon", "coordinates": [ [ [ [ 140.49069649, 35.928200854 ], [ 140.49127411500001, 35.928649528 ], [ 140.491474618000012, 35.928479092 ], [ 140.491139327000013, 35.928261206 ], [ 140.490818379, 35.92807927 ], [ 140.49069649, 35.928200854 ] ] ] ] } },
{ "type": "Feature", "properties": { "fid": 46, "氏名": "夢楽", "遅まき": "遅まき", "2026地名地番": "笄島字上代4606-1", "散布面積": "21.9", "備考": null, "検索_Address": "笄島字上代4606-1", "検索_Tiban": "4606-1", "ｗｋｔ": "6847d3758d7cdd427a0128dfce01a60a", "地番": "4606-1", "ポリゴンの面積": 24, "auxiliary_storage_labeling_positionx": null, "auxiliary_storage_labeling_positiony": null, "auxiliary_storage_labeling_show": null, "auxiliary_storage_labeling_labelrotation": null, "auxiliary_storage_labeling_family": null, "auxiliary_storage_labeling_fontstyle": null, "auxiliary_storage_labeling_size": 1.0, "auxiliary_storage_labeling_bold": null, "auxiliary_storage_labeling_italic": null, "auxiliary_storage_labeling_underline": null, "auxiliary_storage_labeling_color": null, "auxiliary_storage_labeling_strikeout": null, "auxiliary_storage_labeling_multilinealignment": null, "auxiliary_storage_labeling_buffersize": null, "auxiliary_storage_labeling_buffercolor": null, "auxiliary_storage_labeling_bufferdraw": null, "auxiliary_storage_labeling_labeldistance": null, "auxiliary_storage_labeling_hali": null, "auxiliary_storage_labeling_vali": null, "auxiliary_storage_labeling_scalevisibility": null, "auxiliary_storage_labeling_minscale": null, "auxiliary_storage_labeling_maxscale": null, "auxiliary_storage_labeling_alwaysshow": null, "auxiliary_storage_labeling_calloutdraw": null, "auxiliary_storage_labeling_labelallparts": null }, "geometry": { "type": "MultiPolygon", "coordinates": [ [ [ [ 140.49523455, 35.928334031 ], [ 140.495042082, 35.927984479 ], [ 140.494704597, 35.928110087 ], [ 140.494765122, 35.928222158 ], [ 140.494892093, 35.928202607 ], [ 140.494994704, 35.928492692 ], [ 140.494981934, 35.928563388 ], [ 140.49513188200001, 35.928794528 ], [ 140.495430197, 35.928684603 ], [ 140.49523455, 35.928334031 ] ] ] ] } },
{ "type": "Feature", "properties": { "fid": 47, "氏名": "夢楽", "遅まき": "遅まき", "2026地名地番": "笄島字上代4590", "散布面積": "7.3", "備考": null, "検索_Address": "笄島字上代4590", "検索_Tiban": "4590", "ｗｋｔ": "902fa64cac145855115469750630253f", "地番": "4590", "ポリゴンの面積": 7, "auxiliary_storage_labeling_positionx": null, "auxiliary_storage_labeling_positiony": null, "auxiliary_storage_labeling_show": null, "auxiliary_storage_labeling_labelrotation": null, "auxiliary_storage_labeling_family": null, "auxiliary_storage_labeling_fontstyle": null, "auxiliary_storage_labeling_size": 1.0, "auxiliary_storage_labeling_bold": null, "auxiliary_storage_labeling_italic": null, "auxiliary_storage_labeling_underline": null, "auxiliary_storage_labeling_color": null, "auxiliary_storage_labeling_strikeout": null, "auxiliary_storage_labeling_multilinealignment": null, "auxiliary_storage_labeling_buffersize": null, "auxiliary_storage_labeling_buffercolor": null, "auxiliary_storage_labeling_bufferdraw": null, "auxiliary_storage_labeling_labeldistance": null, "auxiliary_storage_labeling_hali": null, "auxiliary_storage_labeling_vali": null, "auxiliary_storage_labeling_scalevisibility": null, "auxiliary_storage_labeling_minscale": null, "auxiliary_storage_labeling_maxscale": null, "auxiliary_storage_labeling_alwaysshow": null, "auxiliary_storage_labeling_calloutdraw": null, "auxiliary_storage_labeling_labelallparts": null }, "geometry": { "type": "MultiPolygon", "coordinates": [ [ [ [ 140.494906867, 35.928911237 ], [ 140.495145599000011, 35.929332438 ], [ 140.495283519999987, 35.929279472 ], [ 140.495055727, 35.928858597 ], [ 140.494906867, 35.928911237 ] ] ] ] } },
{ "type": "Feature", "properties": { "fid": 48, "氏名": "夢楽", "遅まき": "遅まき", "2026地名地番": "笄島字運動津4875-1～4878", "散布面積": "55.2", "備考": null, "検索_Address": "笄島字運動津4875-1~4876-1,笄島字運動津4876-2,笄島字運動津4877,笄島字運動津4878", "検索_Tiban": "4875-1~4878", "ｗｋｔ": "ad335a0c245092f249843b9d128b96a2", "地番": "4875-1～4878", "ポリゴンの面積": 57, "auxiliary_storage_labeling_positionx": null, "auxiliary_storage_labeling_positiony": null, "auxiliary_storage_labeling_show": null, "auxiliary_storage_labeling_labelrotation": null, "auxiliary_storage_labeling_family": null, "auxiliary_storage_labeling_fontstyle": null, "auxiliary_storage_labeling_size": 1.0, "auxiliary_storage_labeling_bold": null, "auxiliary_storage_labeling_italic": null, "auxiliary_storage_labeling_underline": null, "auxiliary_storage_labeling_color": null, "auxiliary_storage_labeling_strikeout": null, "auxiliary_storage_labeling_multilinealignment": null, "auxiliary_storage_labeling_buffersize": null, "auxiliary_storage_labeling_buffercolor": null, "auxiliary_storage_labeling_bufferdraw": null, "auxiliary_storage_labeling_labeldistance": null, "auxiliary_storage_labeling_hali": null, "auxiliary_storage_labeling_vali": null, "auxiliary_storage_labeling_scalevisibility": null, "auxiliary_storage_labeling_minscale": null, "auxiliary_storage_labeling_maxscale": null, "auxiliary_storage_labeling_alwaysshow": null, "auxiliary_storage_labeling_calloutdraw": null, "auxiliary_storage_labeling_labelallparts": null }, "geometry": { "type": "MultiPolygon", "coordinates": [ [ [ [ 140.492533508, 35.924590905 ], [ 140.491954773, 35.92354942 ], [ 140.49149979500001, 35.923718259 ], [ 140.492078423, 35.924758075 ], [ 140.492533508, 35.924590905 ] ] ] ] } },
{ "type": "Feature", "properties": { "fid": 49, "氏名": "夢楽", "遅まき": "遅まき", "2026地名地番": "佐原字南和田　ニ6049-1-2", "散布面積": "50.8", "備考": null, "検索_Address": "佐原字南和田　ニ6049-1,佐原字南和田　ニ6049-2", "検索_Tiban": "6049-1,6049-2", "ｗｋｔ": "4f72af167312cb380608edea8dd37f26", "地番": "6049-1-2", "ポリゴンの面積": 52, "auxiliary_storage_labeling_positionx": null, "auxiliary_storage_labeling_positiony": null, "auxiliary_storage_labeling_show": null, "auxiliary_storage_labeling_labelrotation": null, "auxiliary_storage_labeling_family": null, "auxiliary_storage_labeling_fontstyle": null, "auxiliary_storage_labeling_size": null, "auxiliary_storage_labeling_bold": null, "auxiliary_storage_labeling_italic": null, "auxiliary_storage_labeling_underline": null, "auxiliary_storage_labeling_color": null, "auxiliary_storage_labeling_strikeout": null, "auxiliary_storage_labeling_multilinealignment": null, "auxiliary_storage_labeling_buffersize": null, "auxiliary_storage_labeling_buffercolor": null, "auxiliary_storage_labeling_bufferdraw": null, "auxiliary_storage_labeling_labeldistance": null, "auxiliary_storage_labeling_hali": null, "auxiliary_storage_labeling_vali": null, "auxiliary_storage_labeling_scalevisibility": null, "auxiliary_storage_labeling_minscale": null, "auxiliary_storage_labeling_maxscale": null, "auxiliary_storage_labeling_alwaysshow": null, "auxiliary_storage_labeling_calloutdraw": null, "auxiliary_storage_labeling_labelallparts": null }, "geometry": { "type": "MultiPolygon", "coordinates": [ [ [ [ 140.498733161, 35.916412834 ], [ 140.498540042, 35.916075827 ], [ 140.497297879, 35.91652159 ], [ 140.497294009, 35.916530275 ], [ 140.497285850999987, 35.916542537 ], [ 140.497282251, 35.916560625 ], [ 140.497364532, 35.916723307 ], [ 140.497455245, 35.916876296 ], [ 140.498733161, 35.916412834 ] ] ] ] } },
{ "type": "Feature", "properties": { "fid": 50, "氏名": "夢楽", "遅まき": "遅まき", "2026地名地番": "長島字堀川江間1660", "散布面積": "50.2", "備考": null, "検索_Address": "長島字堀川江間1660", "検索_Tiban": "1660", "ｗｋｔ": "985d40f939dd387e7c3331ee67a1b6be", "地番": "1660", "ポリゴンの面積": 51, "auxiliary_storage_labeling_positionx": null, "auxiliary_storage_labeling_positiony": null, "auxiliary_storage_labeling_show": null, "auxiliary_storage_labeling_labelrotation": null, "auxiliary_storage_labeling_family": null, "auxiliary_storage_labeling_fontstyle": null, "auxiliary_storage_labeling_size": null, "auxiliary_storage_labeling_bold": null, "auxiliary_storage_labeling_italic": null, "auxiliary_storage_labeling_underline": null, "auxiliary_storage_labeling_color": null, "auxiliary_storage_labeling_strikeout": null, "auxiliary_storage_labeling_multilinealignment": null, "auxiliary_storage_labeling_buffersize": null, "auxiliary_storage_labeling_buffercolor": null, "auxiliary_storage_labeling_bufferdraw": null, "auxiliary_storage_labeling_labeldistance": null, "auxiliary_storage_labeling_hali": null, "auxiliary_storage_labeling_vali": null, "auxiliary_storage_labeling_scalevisibility": null, "auxiliary_storage_labeling_minscale": null, "auxiliary_storage_labeling_maxscale": null, "auxiliary_storage_labeling_alwaysshow": null, "auxiliary_storage_labeling_calloutdraw": null, "auxiliary_storage_labeling_labelallparts": null }, "geometry": { "type": "MultiPolygon", "coordinates": [ [ [ [ 140.50075761, 35.930647318 ], [ 140.501337044, 35.931685988 ], [ 140.501740219, 35.93153635 ], [ 140.501161392, 35.930498224 ], [ 140.50075761, 35.930647318 ] ] ] ] } },
{ "type": "Feature", "properties": { "fid": 51, "氏名": "夢楽", "遅まき": "遅まき", "2026地名地番": "長島字堀川江間1661", "散布面積": "50.8", "備考": null, "検索_Address": "長島字堀川江間1661", "検索_Tiban": "1661", "ｗｋｔ": "1ccb96a2fc92eb1bd2a8c58f698bf869", "地番": "1661", "ポリゴンの面積": 51, "auxiliary_storage_labeling_positionx": null, "auxiliary_storage_labeling_positiony": null, "auxiliary_storage_labeling_show": null, "auxiliary_storage_labeling_labelrotation": null, "auxiliary_storage_labeling_family": null, "auxiliary_storage_labeling_fontstyle": null, "auxiliary_storage_labeling_size": null, "auxiliary_storage_labeling_bold": null, "auxiliary_storage_labeling_italic": null, "auxiliary_storage_labeling_underline": null, "auxiliary_storage_labeling_color": null, "auxiliary_storage_labeling_strikeout": null, "auxiliary_storage_labeling_multilinealignment": null, "auxiliary_storage_labeling_buffersize": null, "auxiliary_storage_labeling_buffercolor": null, "auxiliary_storage_labeling_bufferdraw": null, "auxiliary_storage_labeling_labeldistance": null, "auxiliary_storage_labeling_hali": null, "auxiliary_storage_labeling_vali": null, "auxiliary_storage_labeling_scalevisibility": null, "auxiliary_storage_labeling_minscale": null, "auxiliary_storage_labeling_maxscale": null, "auxiliary_storage_labeling_alwaysshow": null, "auxiliary_storage_labeling_calloutdraw": null, "auxiliary_storage_labeling_labelallparts": null }, "geometry": { "type": "MultiPolygon", "coordinates": [ [ [ [ 140.501161392, 35.930498224 ], [ 140.501740219, 35.93153635 ], [ 140.502151323, 35.931387212 ], [ 140.501567472, 35.930346229 ], [ 140.501161392, 35.930498224 ] ] ] ] } },
{ "type": "Feature", "properties": { "fid": 52, "氏名": "夢楽", "遅まき": "遅まき", "2026地名地番": "長島字堀川江間1781～1783", "散布面積": "68.4", "備考": null, "検索_Address": "長島字堀川江間1781", "検索_Tiban": "1781", "ｗｋｔ": "dd828223d08dd02f78b01c822c0f7503", "地番": "1781～1783", "ポリゴンの面積": 18, "auxiliary_storage_labeling_positionx": null, "auxiliary_storage_labeling_positiony": null, "auxiliary_storage_labeling_show": null, "auxiliary_storage_labeling_labelrotation": null, "auxiliary_storage_labeling_family": null, "auxiliary_storage_labeling_fontstyle": null, "auxiliary_storage_labeling_size": 1.0, "auxiliary_storage_labeling_bold": null, "auxiliary_storage_labeling_italic": null, "auxiliary_storage_labeling_underline": null, "auxiliary_storage_labeling_color": null, "auxiliary_storage_labeling_strikeout": null, "auxiliary_storage_labeling_multilinealignment": null, "auxiliary_storage_labeling_buffersize": null, "auxiliary_storage_labeling_buffercolor": null, "auxiliary_storage_labeling_bufferdraw": null, "auxiliary_storage_labeling_labeldistance": null, "auxiliary_storage_labeling_hali": null, "auxiliary_storage_labeling_vali": null, "auxiliary_storage_labeling_scalevisibility": null, "auxiliary_storage_labeling_minscale": null, "auxiliary_storage_labeling_maxscale": null, "auxiliary_storage_labeling_alwaysshow": null, "auxiliary_storage_labeling_calloutdraw": null, "auxiliary_storage_labeling_labelallparts": null }, "geometry": { "type": "MultiPolygon", "coordinates": [ [ [ [ 140.49874211992875, 35.928803695861774 ], [ 140.498593777, 35.928860211 ], [ 140.499179333, 35.929902147 ], [ 140.499315354814399, 35.92984556072696 ], [ 140.49874211992875, 35.928803695861774 ] ] ] ] } },
{ "type": "Feature", "properties": { "fid": 53, "氏名": "夢楽", "遅まき": null, "2026地名地番": "笄島字上代4528.4529", "散布面積": "29.5", "備考": null, "検索_Address": "笄島字上代4528,笄島字上代4529", "検索_Tiban": "4528,4529", "ｗｋｔ": "d741e55256585f854971aff45a0ed175", "地番": "4528.4529", "ポリゴンの面積": 30, "auxiliary_storage_labeling_positionx": null, "auxiliary_storage_labeling_positiony": null, "auxiliary_storage_labeling_show": null, "auxiliary_storage_labeling_labelrotation": null, "auxiliary_storage_labeling_family": null, "auxiliary_storage_labeling_fontstyle": null, "auxiliary_storage_labeling_size": null, "auxiliary_storage_labeling_bold": null, "auxiliary_storage_labeling_italic": null, "auxiliary_storage_labeling_underline": null, "auxiliary_storage_labeling_color": null, "auxiliary_storage_labeling_strikeout": null, "auxiliary_storage_labeling_multilinealignment": null, "auxiliary_storage_labeling_buffersize": null, "auxiliary_storage_labeling_buffercolor": null, "auxiliary_storage_labeling_bufferdraw": null, "auxiliary_storage_labeling_labeldistance": null, "auxiliary_storage_labeling_hali": null, "auxiliary_storage_labeling_vali": null, "auxiliary_storage_labeling_scalevisibility": null, "auxiliary_storage_labeling_minscale": null, "auxiliary_storage_labeling_maxscale": null, "auxiliary_storage_labeling_alwaysshow": null, "auxiliary_storage_labeling_calloutdraw": null, "auxiliary_storage_labeling_labelallparts": null }, "geometry": { "type": "MultiPolygon", "coordinates": [ [ [ [ 140.498365744000012, 35.932779605 ], [ 140.49873765800001, 35.932643485 ], [ 140.498161656, 35.931608854 ], [ 140.498036754999987, 35.931658153 ], [ 140.498329216, 35.932212925 ], [ 140.498317846, 35.932236508 ], [ 140.498111746, 35.932320034 ], [ 140.498365744000012, 35.932779605 ] ] ] ] } },
{ "type": "Feature", "properties": { "fid": 54, "氏名": "夢楽", "遅まき": "遅まき", "2026地名地番": "佐原字南川　ハ4800", "散布面積": "24.2", "備考": null, "検索_Address": "佐原字南川　ハ4800", "検索_Tiban": "4800", "ｗｋｔ": "5a09ac8a489d0e35b54f535b14ac9e16", "地番": "4800", "ポリゴンの面積": 45, "auxiliary_storage_labeling_positionx": null, "auxiliary_storage_labeling_positiony": null, "auxiliary_storage_labeling_show": null, "auxiliary_storage_labeling_labelrotation": null, "auxiliary_storage_labeling_family": null, "auxiliary_storage_labeling_fontstyle": null, "auxiliary_storage_labeling_size": null, "auxiliary_storage_labeling_bold": null, "auxiliary_storage_labeling_italic": null, "auxiliary_storage_labeling_underline": null, "auxiliary_storage_labeling_color": null, "auxiliary_storage_labeling_strikeout": null, "auxiliary_storage_labeling_multilinealignment": null, "auxiliary_storage_labeling_buffersize": null, "auxiliary_storage_labeling_buffercolor": null, "auxiliary_storage_labeling_bufferdraw": null, "auxiliary_storage_labeling_labeldistance": null, "auxiliary_storage_labeling_hali": null, "auxiliary_storage_labeling_vali": null, "auxiliary_storage_labeling_scalevisibility": null, "auxiliary_storage_labeling_minscale": null, "auxiliary_storage_labeling_maxscale": null, "auxiliary_storage_labeling_alwaysshow": null, "auxiliary_storage_labeling_calloutdraw": null, "auxiliary_storage_labeling_labelallparts": null }, "geometry": { "type": "MultiPolygon", "coordinates": [ [ [ [ 140.509443305, 35.924860219 ], [ 140.510018379, 35.925907096 ], [ 140.510378197, 35.92577504 ], [ 140.509796682, 35.924731731 ], [ 140.509443305, 35.924860219 ] ] ] ] } },
{ "type": "Feature", "properties": { "fid": 55, "氏名": "夢楽", "遅まき": "遅まき", "2026地名地番": "篠原字蒲割　ロ2536～2537-4", "散布面積": "65.4", "備考": null, "検索_Address": "篠原字蒲割　ロ2536,篠原字蒲割　ロ2537-1,篠原字蒲割　ロ2537-2,篠原字蒲割　ロ2537-3,篠原字蒲割　ロ2537-4", "検索_Tiban": "2536~2537-4", "ｗｋｔ": "cded6aca13607f856d016f7c59719273", "地番": "2536～2537-4", "ポリゴンの面積": 66, "auxiliary_storage_labeling_positionx": null, "auxiliary_storage_labeling_positiony": null, "auxiliary_storage_labeling_show": null, "auxiliary_storage_labeling_labelrotation": null, "auxiliary_storage_labeling_family": null, "auxiliary_storage_labeling_fontstyle": null, "auxiliary_storage_labeling_size": null, "auxiliary_storage_labeling_bold": null, "auxiliary_storage_labeling_italic": null, "auxiliary_storage_labeling_underline": null, "auxiliary_storage_labeling_color": null, "auxiliary_storage_labeling_strikeout": null, "auxiliary_storage_labeling_multilinealignment": null, "auxiliary_storage_labeling_buffersize": null, "auxiliary_storage_labeling_buffercolor": null, "auxiliary_storage_labeling_bufferdraw": null, "auxiliary_storage_labeling_labeldistance": null, "auxiliary_storage_labeling_hali": null, "auxiliary_storage_labeling_vali": null, "auxiliary_storage_labeling_scalevisibility": null, "auxiliary_storage_labeling_minscale": null, "auxiliary_storage_labeling_maxscale": null, "auxiliary_storage_labeling_alwaysshow": null, "auxiliary_storage_labeling_calloutdraw": null, "auxiliary_storage_labeling_labelallparts": null }, "geometry": { "type": "MultiPolygon", "coordinates": [ [ [ [ 140.512370925999988, 35.914891823 ], [ 140.511097201000013, 35.915370781 ], [ 140.511334763, 35.915796329 ], [ 140.512612905, 35.915326379 ], [ 140.512370925999988, 35.914891823 ] ] ] ] } },
{ "type": "Feature", "properties": { "fid": 56, "氏名": "夢楽", "遅まき": "遅まき", "2026地名地番": "八筋川字一ノ川2946-1-2-3", "散布面積": "25.6", "備考": null, "検索_Address": "八筋川字一ノ川2946-1,八筋川字一ノ川2946-2,八筋川字一ノ川2946-3", "検索_Tiban": "2946-1~2946-3", "ｗｋｔ": "b1b789488773a1f5e75427e653b92bb0", "地番": "2946-1-2-3", "ポリゴンの面積": 27, "auxiliary_storage_labeling_positionx": null, "auxiliary_storage_labeling_positiony": null, "auxiliary_storage_labeling_show": null, "auxiliary_storage_labeling_labelrotation": null, "auxiliary_storage_labeling_family": null, "auxiliary_storage_labeling_fontstyle": null, "auxiliary_storage_labeling_size": null, "auxiliary_storage_labeling_bold": null, "auxiliary_storage_labeling_italic": null, "auxiliary_storage_labeling_underline": null, "auxiliary_storage_labeling_color": null, "auxiliary_storage_labeling_strikeout": null, "auxiliary_storage_labeling_multilinealignment": null, "auxiliary_storage_labeling_buffersize": null, "auxiliary_storage_labeling_buffercolor": null, "auxiliary_storage_labeling_bufferdraw": null, "auxiliary_storage_labeling_labeldistance": null, "auxiliary_storage_labeling_hali": null, "auxiliary_storage_labeling_vali": null, "auxiliary_storage_labeling_scalevisibility": null, "auxiliary_storage_labeling_minscale": null, "auxiliary_storage_labeling_maxscale": null, "auxiliary_storage_labeling_alwaysshow": null, "auxiliary_storage_labeling_calloutdraw": null, "auxiliary_storage_labeling_labelallparts": null }, "geometry": { "type": "MultiPolygon", "coordinates": [ [ [ [ 140.502789856, 35.933804594 ], [ 140.502440691, 35.933934962 ], [ 140.502777697, 35.93456946 ], [ 140.50312484, 35.934441129 ], [ 140.502789856, 35.933804594 ] ] ] ] } },
{ "type": "Feature", "properties": { "fid": 57, "氏名": "夢楽", "遅まき": "遅まき", "2026地名地番": "八筋川字一ノ川3023,3024", "散布面積": "32", "備考": null, "検索_Address": "八筋川字一ノ川3023,八筋川字一ノ川3024", "検索_Tiban": "3023,3024", "ｗｋｔ": "3a4015a8b911ad44efd3978af9b7c0d9", "地番": "3023,3024", "ポリゴンの面積": 32, "auxiliary_storage_labeling_positionx": null, "auxiliary_storage_labeling_positiony": null, "auxiliary_storage_labeling_show": null, "auxiliary_storage_labeling_labelrotation": null, "auxiliary_storage_labeling_family": null, "auxiliary_storage_labeling_fontstyle": null, "auxiliary_storage_labeling_size": null, "auxiliary_storage_labeling_bold": null, "auxiliary_storage_labeling_italic": null, "auxiliary_storage_labeling_underline": null, "auxiliary_storage_labeling_color": null, "auxiliary_storage_labeling_strikeout": null, "auxiliary_storage_labeling_multilinealignment": null, "auxiliary_storage_labeling_buffersize": null, "auxiliary_storage_labeling_buffercolor": null, "auxiliary_storage_labeling_bufferdraw": null, "auxiliary_storage_labeling_labeldistance": null, "auxiliary_storage_labeling_hali": null, "auxiliary_storage_labeling_vali": null, "auxiliary_storage_labeling_scalevisibility": null, "auxiliary_storage_labeling_minscale": null, "auxiliary_storage_labeling_maxscale": null, "auxiliary_storage_labeling_alwaysshow": null, "auxiliary_storage_labeling_calloutdraw": null, "auxiliary_storage_labeling_labelallparts": null }, "geometry": { "type": "MultiPolygon", "coordinates": [ [ [ [ 140.505290103, 35.934960278 ], [ 140.505033737, 35.935055773 ], [ 140.505631133, 35.936103284 ], [ 140.505879212999986, 35.936013939 ], [ 140.505290103, 35.934960278 ] ] ] ] } },
{ "type": "Feature", "properties": { "fid": 58, "氏名": "夢楽", "遅まき": "遅まき", "2026地名地番": "八筋川字一ノ川3005", "散布面積": "11.5", "備考": null, "検索_Address": "八筋川字一ノ川3005", "検索_Tiban": "3005", "ｗｋｔ": "ded52744112b840d2ec327e0c1210c03", "地番": "3005", "ポリゴンの面積": 22, "auxiliary_storage_labeling_positionx": null, "auxiliary_storage_labeling_positiony": null, "auxiliary_storage_labeling_show": null, "auxiliary_storage_labeling_labelrotation": null, "auxiliary_storage_labeling_family": null, "auxiliary_storage_labeling_fontstyle": null, "auxiliary_storage_labeling_size": null, "auxiliary_storage_labeling_bold": null, "auxiliary_storage_labeling_italic": null, "auxiliary_storage_labeling_underline": null, "auxiliary_storage_labeling_color": null, "auxiliary_storage_labeling_strikeout": null, "auxiliary_storage_labeling_multilinealignment": null, "auxiliary_storage_labeling_buffersize": null, "auxiliary_storage_labeling_buffercolor": null, "auxiliary_storage_labeling_bufferdraw": null, "auxiliary_storage_labeling_labeldistance": null, "auxiliary_storage_labeling_hali": null, "auxiliary_storage_labeling_vali": null, "auxiliary_storage_labeling_scalevisibility": null, "auxiliary_storage_labeling_minscale": null, "auxiliary_storage_labeling_maxscale": null, "auxiliary_storage_labeling_alwaysshow": null, "auxiliary_storage_labeling_calloutdraw": null, "auxiliary_storage_labeling_labelallparts": null }, "geometry": { "type": "MultiPolygon", "coordinates": [ [ [ [ 140.505215415, 35.934977685 ], [ 140.504631861, 35.933931346 ], [ 140.504455408000013, 35.933996924 ], [ 140.505037095, 35.935041918 ], [ 140.505215415, 35.934977685 ] ] ] ] } },
{ "type": "Feature", "properties": { "fid": 59, "氏名": "夢楽", "遅まき": "遅まき", "2026地名地番": "八筋川字一ノ川3016,3017", "散布面積": "49.2", "備考": null, "検索_Address": "八筋川字一ノ川3016,八筋川字一ノ川3017", "検索_Tiban": "3016,3017", "ｗｋｔ": "f4c462b7075d1ae5c4d27cf2d882c150", "地番": "3016,3017", "ポリゴンの面積": 50, "auxiliary_storage_labeling_positionx": null, "auxiliary_storage_labeling_positiony": null, "auxiliary_storage_labeling_show": null, "auxiliary_storage_labeling_labelrotation": null, "auxiliary_storage_labeling_family": null, "auxiliary_storage_labeling_fontstyle": null, "auxiliary_storage_labeling_size": null, "auxiliary_storage_labeling_bold": null, "auxiliary_storage_labeling_italic": null, "auxiliary_storage_labeling_underline": null, "auxiliary_storage_labeling_color": null, "auxiliary_storage_labeling_strikeout": null, "auxiliary_storage_labeling_multilinealignment": null, "auxiliary_storage_labeling_buffersize": null, "auxiliary_storage_labeling_buffercolor": null, "auxiliary_storage_labeling_bufferdraw": null, "auxiliary_storage_labeling_labeldistance": null, "auxiliary_storage_labeling_hali": null, "auxiliary_storage_labeling_vali": null, "auxiliary_storage_labeling_scalevisibility": null, "auxiliary_storage_labeling_minscale": null, "auxiliary_storage_labeling_maxscale": null, "auxiliary_storage_labeling_alwaysshow": null, "auxiliary_storage_labeling_calloutdraw": null, "auxiliary_storage_labeling_labelallparts": null }, "geometry": { "type": "MultiPolygon", "coordinates": [ [ [ [ 140.506673149, 35.934453057 ], [ 140.506280486, 35.934595144 ], [ 140.506870086, 35.935650681 ], [ 140.50726434500001, 35.935505116 ], [ 140.506673149, 35.934453057 ] ] ] ] } },
{ "type": "Feature", "properties": { "fid": 60, "氏名": "夢楽", "遅まき": "遅まき", "2026地名地番": "八筋川字一ノ川3015-1,-2", "散布面積": "49.9", "備考": null, "検索_Address": "八筋川字一ノ川3015-1,八筋川字一ノ川3015-2", "検索_Tiban": "3015-1,3015-2", "ｗｋｔ": "f428149b8c7e5f7d4b6b5d0322dac5e5", "地番": "3015-1,-2", "ポリゴンの面積": 53, "auxiliary_storage_labeling_positionx": null, "auxiliary_storage_labeling_positiony": null, "auxiliary_storage_labeling_show": null, "auxiliary_storage_labeling_labelrotation": null, "auxiliary_storage_labeling_family": null, "auxiliary_storage_labeling_fontstyle": null, "auxiliary_storage_labeling_size": null, "auxiliary_storage_labeling_bold": null, "auxiliary_storage_labeling_italic": null, "auxiliary_storage_labeling_underline": null, "auxiliary_storage_labeling_color": null, "auxiliary_storage_labeling_strikeout": null, "auxiliary_storage_labeling_multilinealignment": null, "auxiliary_storage_labeling_buffersize": null, "auxiliary_storage_labeling_buffercolor": null, "auxiliary_storage_labeling_bufferdraw": null, "auxiliary_storage_labeling_labeldistance": null, "auxiliary_storage_labeling_hali": null, "auxiliary_storage_labeling_vali": null, "auxiliary_storage_labeling_scalevisibility": null, "auxiliary_storage_labeling_minscale": null, "auxiliary_storage_labeling_maxscale": null, "auxiliary_storage_labeling_alwaysshow": null, "auxiliary_storage_labeling_calloutdraw": null, "auxiliary_storage_labeling_labelallparts": null }, "geometry": { "type": "MultiPolygon", "coordinates": [ [ [ [ 140.507093053, 35.93429951 ], [ 140.506673149, 35.934453057 ], [ 140.50726434500001, 35.935505116 ], [ 140.507646843, 35.935366173 ], [ 140.507666218, 35.93535589 ], [ 140.507671652999989, 35.935341162 ], [ 140.507671518, 35.935325335 ], [ 140.507661663, 35.935310693 ], [ 140.507093053, 35.93429951 ] ] ] ] } },
{ "type": "Feature", "properties": { "fid": 61, "氏名": "夢楽", "遅まき": "遅まき", "2026地名地番": "八筋川字二ノ川3204,3205〜3208", "散布面積": "100", "備考": null, "検索_Address": "八筋川字二ノ川3204,八筋川字二ノ川3205", "検索_Tiban": "3204,3205〜3208", "ｗｋｔ": "254228eff2ee46f30ae908b87d35cd4c", "地番": "3204,3205〜3208", "ポリゴンの面積": 98, "auxiliary_storage_labeling_positionx": null, "auxiliary_storage_labeling_positiony": null, "auxiliary_storage_labeling_show": null, "auxiliary_storage_labeling_labelrotation": null, "auxiliary_storage_labeling_family": null, "auxiliary_storage_labeling_fontstyle": null, "auxiliary_storage_labeling_size": null, "auxiliary_storage_labeling_bold": null, "auxiliary_storage_labeling_italic": null, "auxiliary_storage_labeling_underline": null, "auxiliary_storage_labeling_color": null, "auxiliary_storage_labeling_strikeout": null, "auxiliary_storage_labeling_multilinealignment": null, "auxiliary_storage_labeling_buffersize": null, "auxiliary_storage_labeling_buffercolor": null, "auxiliary_storage_labeling_bufferdraw": null, "auxiliary_storage_labeling_labeldistance": null, "auxiliary_storage_labeling_hali": null, "auxiliary_storage_labeling_vali": null, "auxiliary_storage_labeling_scalevisibility": null, "auxiliary_storage_labeling_minscale": null, "auxiliary_storage_labeling_maxscale": null, "auxiliary_storage_labeling_alwaysshow": null, "auxiliary_storage_labeling_calloutdraw": null, "auxiliary_storage_labeling_labelallparts": null }, "geometry": { "type": "MultiPolygon", "coordinates": [ [ [ [ 140.511155595201586, 35.936677195692688 ], [ 140.510388832, 35.93697921 ], [ 140.510976489, 35.93802394 ], [ 140.511746936201604, 35.937721316692695 ], [ 140.511155595201586, 35.936677195692688 ] ] ] ] } },
{ "type": "Feature", "properties": { "fid": 62, "氏名": "夢楽", "遅まき": "遅まき", "2026地名地番": "佐原字八郎田　ハ4308～4310", "散布面積": "68.8", "備考": null, "検索_Address": "佐原字八郎田　ハ4308-1,佐原字八郎田　ハ4308-2,佐原字八郎田　ハ4309,佐原字八郎田　ハ4310", "検索_Tiban": "4308-1~4310", "ｗｋｔ": "eb3cd089a4cdd45b56bfa298387a9287", "地番": "4308～4310", "ポリゴンの面積": 70, "auxiliary_storage_labeling_positionx": null, "auxiliary_storage_labeling_positiony": null, "auxiliary_storage_labeling_show": null, "auxiliary_storage_labeling_labelrotation": null, "auxiliary_storage_labeling_family": null, "auxiliary_storage_labeling_fontstyle": null, "auxiliary_storage_labeling_size": null, "auxiliary_storage_labeling_bold": null, "auxiliary_storage_labeling_italic": null, "auxiliary_storage_labeling_underline": null, "auxiliary_storage_labeling_color": null, "auxiliary_storage_labeling_strikeout": null, "auxiliary_storage_labeling_multilinealignment": null, "auxiliary_storage_labeling_buffersize": null, "auxiliary_storage_labeling_buffercolor": null, "auxiliary_storage_labeling_bufferdraw": null, "auxiliary_storage_labeling_labeldistance": null, "auxiliary_storage_labeling_hali": null, "auxiliary_storage_labeling_vali": null, "auxiliary_storage_labeling_scalevisibility": null, "auxiliary_storage_labeling_minscale": null, "auxiliary_storage_labeling_maxscale": null, "auxiliary_storage_labeling_alwaysshow": null, "auxiliary_storage_labeling_calloutdraw": null, "auxiliary_storage_labeling_labelallparts": null }, "geometry": { "type": "MultiPolygon", "coordinates": [ [ [ [ 140.515649927, 35.932081133 ], [ 140.516932989, 35.931606166 ], [ 140.516683363999988, 35.931156818 ], [ 140.515395815, 35.931623798 ], [ 140.515649927, 35.932081133 ] ] ] ] } },
{ "type": "Feature", "properties": { "fid": 63, "氏名": "夢楽", "遅まき": "遅まき", "2026地名地番": "佐原字八郎田　ハ4263", "散布面積": "30.8", "備考": null, "検索_Address": "佐原字八郎田　ハ4263", "検索_Tiban": "4263", "ｗｋｔ": "a763a8c154a410162f251e47dbd27205", "地番": "4263", "ポリゴンの面積": 34, "auxiliary_storage_labeling_positionx": null, "auxiliary_storage_labeling_positiony": null, "auxiliary_storage_labeling_show": null, "auxiliary_storage_labeling_labelrotation": null, "auxiliary_storage_labeling_family": null, "auxiliary_storage_labeling_fontstyle": null, "auxiliary_storage_labeling_size": null, "auxiliary_storage_labeling_bold": null, "auxiliary_storage_labeling_italic": null, "auxiliary_storage_labeling_underline": null, "auxiliary_storage_labeling_color": null, "auxiliary_storage_labeling_strikeout": null, "auxiliary_storage_labeling_multilinealignment": null, "auxiliary_storage_labeling_buffersize": null, "auxiliary_storage_labeling_buffercolor": null, "auxiliary_storage_labeling_bufferdraw": null, "auxiliary_storage_labeling_labeldistance": null, "auxiliary_storage_labeling_hali": null, "auxiliary_storage_labeling_vali": null, "auxiliary_storage_labeling_scalevisibility": null, "auxiliary_storage_labeling_minscale": null, "auxiliary_storage_labeling_maxscale": null, "auxiliary_storage_labeling_alwaysshow": null, "auxiliary_storage_labeling_calloutdraw": null, "auxiliary_storage_labeling_labelallparts": null }, "geometry": { "type": "MultiPolygon", "coordinates": [ [ [ [ 140.514082288999987, 35.93215882 ], [ 140.515367481999988, 35.931683808 ], [ 140.515246305, 35.931465889 ], [ 140.513959408, 35.931939647 ], [ 140.514082288999987, 35.93215882 ] ] ] ] } },
{ "type": "Feature", "properties": { "fid": 65, "氏名": "髙須秀子", "遅まき": null, "2026地名地番": "佐原字後洲　ハ4408", "散布面積": "21.7", "備考": null, "検索_Address": "佐原字後洲　ハ4407,佐原字後洲　ハ4408", "検索_Tiban": "4407,4408", "ｗｋｔ": "c219598ef0feba17100516bf48d20941", "地番": "4408", "ポリゴンの面積": 79, "auxiliary_storage_labeling_positionx": null, "auxiliary_storage_labeling_positiony": null, "auxiliary_storage_labeling_show": null, "auxiliary_storage_labeling_labelrotation": null, "auxiliary_storage_labeling_family": null, "auxiliary_storage_labeling_fontstyle": null, "auxiliary_storage_labeling_size": null, "auxiliary_storage_labeling_bold": null, "auxiliary_storage_labeling_italic": null, "auxiliary_storage_labeling_underline": null, "auxiliary_storage_labeling_color": null, "auxiliary_storage_labeling_strikeout": null, "auxiliary_storage_labeling_multilinealignment": null, "auxiliary_storage_labeling_buffersize": null, "auxiliary_storage_labeling_buffercolor": null, "auxiliary_storage_labeling_bufferdraw": null, "auxiliary_storage_labeling_labeldistance": null, "auxiliary_storage_labeling_hali": null, "auxiliary_storage_labeling_vali": null, "auxiliary_storage_labeling_scalevisibility": null, "auxiliary_storage_labeling_minscale": null, "auxiliary_storage_labeling_maxscale": null, "auxiliary_storage_labeling_alwaysshow": null, "auxiliary_storage_labeling_calloutdraw": null, "auxiliary_storage_labeling_labelallparts": null }, "geometry": { "type": "MultiPolygon", "coordinates": [ [ [ [ 140.520306276000014, 35.931358735 ], [ 140.520491922, 35.931288936 ], [ 140.521007612, 35.93109291 ], [ 140.521331350999986, 35.930968762 ], [ 140.521049782, 35.930463968 ], [ 140.519763122, 35.930938615 ], [ 140.520047004, 35.931447994 ], [ 140.520306276000014, 35.931358735 ] ] ] ] } },
{ "type": "Feature", "properties": { "fid": 67, "氏名": "髙須秀子", "遅まき": null, "2026地名地番": "佐原字後洲　ハ4465-2", "散布面積": "4.6", "備考": null, "検索_Address": "佐原字後洲　ハ4465-1,佐原字後洲　ハ4465-2,佐原字後洲　ハ4466,佐原字後洲　ハ4467-1,佐原字後洲　ハ4467-2,佐原字後洲　ハ4467-3", "検索_Tiban": "4465-1~4467-3", "ｗｋｔ": "85f730b64d7e3a3a30790a2e7c227eeb", "地番": "4465-2", "ポリゴンの面積": 95, "auxiliary_storage_labeling_positionx": null, "auxiliary_storage_labeling_positiony": null, "auxiliary_storage_labeling_show": null, "auxiliary_storage_labeling_labelrotation": null, "auxiliary_storage_labeling_family": null, "auxiliary_storage_labeling_fontstyle": null, "auxiliary_storage_labeling_size": null, "auxiliary_storage_labeling_bold": null, "auxiliary_storage_labeling_italic": null, "auxiliary_storage_labeling_underline": null, "auxiliary_storage_labeling_color": null, "auxiliary_storage_labeling_strikeout": null, "auxiliary_storage_labeling_multilinealignment": null, "auxiliary_storage_labeling_buffersize": null, "auxiliary_storage_labeling_buffercolor": null, "auxiliary_storage_labeling_bufferdraw": null, "auxiliary_storage_labeling_labeldistance": null, "auxiliary_storage_labeling_hali": null, "auxiliary_storage_labeling_vali": null, "auxiliary_storage_labeling_scalevisibility": null, "auxiliary_storage_labeling_minscale": null, "auxiliary_storage_labeling_maxscale": null, "auxiliary_storage_labeling_alwaysshow": null, "auxiliary_storage_labeling_calloutdraw": null, "auxiliary_storage_labeling_labelallparts": null }, "geometry": { "type": "MultiPolygon", "coordinates": [ [ [ [ 140.520707426, 35.926980156 ], [ 140.519399242, 35.927464978 ], [ 140.519747182, 35.928063922 ], [ 140.521042959999988, 35.927581889 ], [ 140.520707426, 35.926980156 ] ] ] ] } },
{ "type": "Feature", "properties": { "fid": 73, "氏名": "髙須秀子", "遅まき": null, "2026地名地番": "佐原字後洲　ハ4467-5", "散布面積": "0.6", "備考": null, "検索_Address": "佐原字後洲　ハ4467-4,佐原字後洲　ハ4467-5", "検索_Tiban": "4467-4,4467-5", "ｗｋｔ": "bd037da62b1355559bf0077a288b6a58", "地番": "4467-5", "ポリゴンの面積": 35, "auxiliary_storage_labeling_positionx": null, "auxiliary_storage_labeling_positiony": null, "auxiliary_storage_labeling_show": null, "auxiliary_storage_labeling_labelrotation": null, "auxiliary_storage_labeling_family": null, "auxiliary_storage_labeling_fontstyle": null, "auxiliary_storage_labeling_size": null, "auxiliary_storage_labeling_bold": null, "auxiliary_storage_labeling_italic": null, "auxiliary_storage_labeling_underline": null, "auxiliary_storage_labeling_color": null, "auxiliary_storage_labeling_strikeout": null, "auxiliary_storage_labeling_multilinealignment": null, "auxiliary_storage_labeling_buffersize": null, "auxiliary_storage_labeling_buffercolor": null, "auxiliary_storage_labeling_bufferdraw": null, "auxiliary_storage_labeling_labeldistance": null, "auxiliary_storage_labeling_hali": null, "auxiliary_storage_labeling_vali": null, "auxiliary_storage_labeling_scalevisibility": null, "auxiliary_storage_labeling_minscale": null, "auxiliary_storage_labeling_maxscale": null, "auxiliary_storage_labeling_alwaysshow": null, "auxiliary_storage_labeling_calloutdraw": null, "auxiliary_storage_labeling_labelallparts": null }, "geometry": { "type": "MultiPolygon", "coordinates": [ [ [ [ 140.519285879, 35.927258198 ], [ 140.519399242, 35.927464978 ], [ 140.520707426, 35.926980156 ], [ 140.520577798, 35.926747682 ], [ 140.519285879, 35.927258198 ] ] ] ] } },
{ "type": "Feature", "properties": { "fid": 74, "氏名": "髙須秀子", "遅まき": null, "2026地名地番": "佐原字後洲　ハ4481", "散布面積": "26.1", "備考": null, "検索_Address": "佐原字後洲　ハ4481", "検索_Tiban": "4481", "ｗｋｔ": "2ac4c490fb4986321b3acdbcc49b3789", "地番": "4481", "ポリゴンの面積": 28, "auxiliary_storage_labeling_positionx": null, "auxiliary_storage_labeling_positiony": null, "auxiliary_storage_labeling_show": null, "auxiliary_storage_labeling_labelrotation": null, "auxiliary_storage_labeling_family": null, "auxiliary_storage_labeling_fontstyle": null, "auxiliary_storage_labeling_size": null, "auxiliary_storage_labeling_bold": null, "auxiliary_storage_labeling_italic": null, "auxiliary_storage_labeling_underline": null, "auxiliary_storage_labeling_color": null, "auxiliary_storage_labeling_strikeout": null, "auxiliary_storage_labeling_multilinealignment": null, "auxiliary_storage_labeling_buffersize": null, "auxiliary_storage_labeling_buffercolor": null, "auxiliary_storage_labeling_bufferdraw": null, "auxiliary_storage_labeling_labeldistance": null, "auxiliary_storage_labeling_hali": null, "auxiliary_storage_labeling_vali": null, "auxiliary_storage_labeling_scalevisibility": null, "auxiliary_storage_labeling_minscale": null, "auxiliary_storage_labeling_maxscale": null, "auxiliary_storage_labeling_alwaysshow": null, "auxiliary_storage_labeling_calloutdraw": null, "auxiliary_storage_labeling_labelallparts": null }, "geometry": { "type": "MultiPolygon", "coordinates": [ [ [ [ 140.520967308, 35.927385139 ], [ 140.521069637000011, 35.927568875 ], [ 140.522345182, 35.927091942 ], [ 140.522243231, 35.926910683 ], [ 140.520967308, 35.927385139 ] ] ] ] } },
{ "type": "Feature", "properties": { "fid": 75, "氏名": "髙須秀子", "遅まき": null, "2026地名地番": "佐原字新洲　ニ6418", "散布面積": "66", "備考": null, "検索_Address": "佐原字新洲　ニ6418", "検索_Tiban": "6418", "ｗｋｔ": "fb764eaeee49dbaf159917b2a570a590", "地番": "6418", "ポリゴンの面積": 50, "auxiliary_storage_labeling_positionx": null, "auxiliary_storage_labeling_positiony": null, "auxiliary_storage_labeling_show": null, "auxiliary_storage_labeling_labelrotation": null, "auxiliary_storage_labeling_family": null, "auxiliary_storage_labeling_fontstyle": null, "auxiliary_storage_labeling_size": null, "auxiliary_storage_labeling_bold": null, "auxiliary_storage_labeling_italic": null, "auxiliary_storage_labeling_underline": null, "auxiliary_storage_labeling_color": null, "auxiliary_storage_labeling_strikeout": null, "auxiliary_storage_labeling_multilinealignment": null, "auxiliary_storage_labeling_buffersize": null, "auxiliary_storage_labeling_buffercolor": null, "auxiliary_storage_labeling_bufferdraw": null, "auxiliary_storage_labeling_labeldistance": null, "auxiliary_storage_labeling_hali": null, "auxiliary_storage_labeling_vali": null, "auxiliary_storage_labeling_scalevisibility": null, "auxiliary_storage_labeling_minscale": null, "auxiliary_storage_labeling_maxscale": null, "auxiliary_storage_labeling_alwaysshow": null, "auxiliary_storage_labeling_calloutdraw": null, "auxiliary_storage_labeling_labelallparts": null }, "geometry": { "type": "MultiPolygon", "coordinates": [ [ [ [ 140.508206369, 35.915872922 ], [ 140.509483693, 35.915404876 ], [ 140.509304207000014, 35.915082702 ], [ 140.508027159, 35.915550616 ], [ 140.508206369, 35.915872922 ] ] ] ] } },
{ "type": "Feature", "properties": { "fid": 76, "氏名": "髙須秀子", "遅まき": null, "2026地名地番": "佐原字新洲　ニ6419", "散布面積": "36", "備考": null, "検索_Address": "佐原字新洲　ニ6419", "検索_Tiban": "6419", "ｗｋｔ": "dcb6f9370a37b775b183079f1bb69d04", "地番": "6419", "ポリゴンの面積": 57, "auxiliary_storage_labeling_positionx": null, "auxiliary_storage_labeling_positiony": null, "auxiliary_storage_labeling_show": null, "auxiliary_storage_labeling_labelrotation": null, "auxiliary_storage_labeling_family": null, "auxiliary_storage_labeling_fontstyle": null, "auxiliary_storage_labeling_size": null, "auxiliary_storage_labeling_bold": null, "auxiliary_storage_labeling_italic": null, "auxiliary_storage_labeling_underline": null, "auxiliary_storage_labeling_color": null, "auxiliary_storage_labeling_strikeout": null, "auxiliary_storage_labeling_multilinealignment": null, "auxiliary_storage_labeling_buffersize": null, "auxiliary_storage_labeling_buffercolor": null, "auxiliary_storage_labeling_bufferdraw": null, "auxiliary_storage_labeling_labeldistance": null, "auxiliary_storage_labeling_hali": null, "auxiliary_storage_labeling_vali": null, "auxiliary_storage_labeling_scalevisibility": null, "auxiliary_storage_labeling_minscale": null, "auxiliary_storage_labeling_maxscale": null, "auxiliary_storage_labeling_alwaysshow": null, "auxiliary_storage_labeling_calloutdraw": null, "auxiliary_storage_labeling_labelallparts": null }, "geometry": { "type": "MultiPolygon", "coordinates": [ [ [ [ 140.508027159, 35.915550616 ], [ 140.509304207000014, 35.915082702 ], [ 140.509098755999986, 35.91471392 ], [ 140.507822581999989, 35.915182685 ], [ 140.508027159, 35.915550616 ] ] ] ] } },
{ "type": "Feature", "properties": { "fid": 77, "氏名": "髙須秀子", "遅まき": null, "2026地名地番": "篠原字蒲割　ロ2522", "散布面積": "35.8", "備考": null, "検索_Address": "篠原字蒲割　ロ2522", "検索_Tiban": "2522", "ｗｋｔ": "d2b94bbec6b6c79403a71ac076061605", "地番": "2522", "ポリゴンの面積": 51, "auxiliary_storage_labeling_positionx": null, "auxiliary_storage_labeling_positiony": null, "auxiliary_storage_labeling_show": null, "auxiliary_storage_labeling_labelrotation": null, "auxiliary_storage_labeling_family": null, "auxiliary_storage_labeling_fontstyle": null, "auxiliary_storage_labeling_size": null, "auxiliary_storage_labeling_bold": null, "auxiliary_storage_labeling_italic": null, "auxiliary_storage_labeling_underline": null, "auxiliary_storage_labeling_color": null, "auxiliary_storage_labeling_strikeout": null, "auxiliary_storage_labeling_multilinealignment": null, "auxiliary_storage_labeling_buffersize": null, "auxiliary_storage_labeling_buffercolor": null, "auxiliary_storage_labeling_bufferdraw": null, "auxiliary_storage_labeling_labeldistance": null, "auxiliary_storage_labeling_hali": null, "auxiliary_storage_labeling_vali": null, "auxiliary_storage_labeling_scalevisibility": null, "auxiliary_storage_labeling_minscale": null, "auxiliary_storage_labeling_maxscale": null, "auxiliary_storage_labeling_alwaysshow": null, "auxiliary_storage_labeling_calloutdraw": null, "auxiliary_storage_labeling_labelallparts": null }, "geometry": { "type": "MultiPolygon", "coordinates": [ [ [ [ 140.509466844, 35.912450155 ], [ 140.510747704000011, 35.911976643 ], [ 140.510577029, 35.91167011 ], [ 140.51056096, 35.911654292 ], [ 140.510536335000012, 35.911654431 ], [ 140.509283027, 35.91212085 ], [ 140.509466844, 35.912450155 ] ] ] ] } },
{ "type": "Feature", "properties": { "fid": 78, "氏名": "髙須秀子", "遅まき": null, "2026地名地番": "篠原字蒲割　ロ2523", "散布面積": "56.7", "備考": null, "検索_Address": "篠原字蒲割　ロ2523", "検索_Tiban": "2523", "ｗｋｔ": "82ba379717810d7adeddd7413b35740d", "地番": "2523", "ポリゴンの面積": 45, "auxiliary_storage_labeling_positionx": null, "auxiliary_storage_labeling_positiony": null, "auxiliary_storage_labeling_show": null, "auxiliary_storage_labeling_labelrotation": null, "auxiliary_storage_labeling_family": null, "auxiliary_storage_labeling_fontstyle": null, "auxiliary_storage_labeling_size": null, "auxiliary_storage_labeling_bold": null, "auxiliary_storage_labeling_italic": null, "auxiliary_storage_labeling_underline": null, "auxiliary_storage_labeling_color": null, "auxiliary_storage_labeling_strikeout": null, "auxiliary_storage_labeling_multilinealignment": null, "auxiliary_storage_labeling_buffersize": null, "auxiliary_storage_labeling_buffercolor": null, "auxiliary_storage_labeling_bufferdraw": null, "auxiliary_storage_labeling_labeldistance": null, "auxiliary_storage_labeling_hali": null, "auxiliary_storage_labeling_vali": null, "auxiliary_storage_labeling_scalevisibility": null, "auxiliary_storage_labeling_minscale": null, "auxiliary_storage_labeling_maxscale": null, "auxiliary_storage_labeling_alwaysshow": null, "auxiliary_storage_labeling_calloutdraw": null, "auxiliary_storage_labeling_labelallparts": null }, "geometry": { "type": "MultiPolygon", "coordinates": [ [ [ [ 140.50963069, 35.912743679 ], [ 140.510911414, 35.912270664 ], [ 140.510747704000011, 35.911976643 ], [ 140.509466844, 35.912450155 ], [ 140.50963069, 35.912743679 ] ] ] ] } },
{ "type": "Feature", "properties": { "fid": 81, "氏名": "髙須秀子", "遅まき": null, "2026地名地番": "扇島字大割　1930-1", "散布面積": "18.74", "備考": null, "検索_Address": "扇島字大割1928,扇島字大割1929,扇島字大割1930-1,扇島字大割1930-2,扇島字大割1930-3,扇島字大割1930-4", "検索_Tiban": "1928~1930-4", "ｗｋｔ": "9f9fddaa0fd286b7da2ab611cb98c6fc", "地番": "1930-1", "ポリゴンの面積": 67, "auxiliary_storage_labeling_positionx": null, "auxiliary_storage_labeling_positiony": null, "auxiliary_storage_labeling_show": null, "auxiliary_storage_labeling_labelrotation": null, "auxiliary_storage_labeling_family": null, "auxiliary_storage_labeling_fontstyle": null, "auxiliary_storage_labeling_size": null, "auxiliary_storage_labeling_bold": null, "auxiliary_storage_labeling_italic": null, "auxiliary_storage_labeling_underline": null, "auxiliary_storage_labeling_color": null, "auxiliary_storage_labeling_strikeout": null, "auxiliary_storage_labeling_multilinealignment": null, "auxiliary_storage_labeling_buffersize": null, "auxiliary_storage_labeling_buffercolor": null, "auxiliary_storage_labeling_bufferdraw": null, "auxiliary_storage_labeling_labeldistance": null, "auxiliary_storage_labeling_hali": null, "auxiliary_storage_labeling_vali": null, "auxiliary_storage_labeling_scalevisibility": null, "auxiliary_storage_labeling_minscale": null, "auxiliary_storage_labeling_maxscale": null, "auxiliary_storage_labeling_alwaysshow": null, "auxiliary_storage_labeling_calloutdraw": null, "auxiliary_storage_labeling_labelallparts": null }, "geometry": { "type": "MultiPolygon", "coordinates": [ [ [ [ 140.523561132999987, 35.937720079 ], [ 140.523800513, 35.938153785 ], [ 140.523980546, 35.938093271 ], [ 140.524360785999988, 35.937956948 ], [ 140.525077382, 35.937687421 ], [ 140.524831801, 35.937251159 ], [ 140.523561132999987, 35.937720079 ] ] ] ] } },
{ "type": "Feature", "properties": { "fid": 85, "氏名": "髙須秀子", "遅まき": null, "2026地名地番": "中洲字水神前　814", "散布面積": "29.6", "備考": null, "検索_Address": "中洲字水神前814", "検索_Tiban": "814", "ｗｋｔ": "d0865084f1e7d142bbc4228d37abdee7", "地番": "814", "ポリゴンの面積": 31, "auxiliary_storage_labeling_positionx": null, "auxiliary_storage_labeling_positiony": null, "auxiliary_storage_labeling_show": null, "auxiliary_storage_labeling_labelrotation": null, "auxiliary_storage_labeling_family": null, "auxiliary_storage_labeling_fontstyle": null, "auxiliary_storage_labeling_size": null, "auxiliary_storage_labeling_bold": null, "auxiliary_storage_labeling_italic": null, "auxiliary_storage_labeling_underline": null, "auxiliary_storage_labeling_color": null, "auxiliary_storage_labeling_strikeout": null, "auxiliary_storage_labeling_multilinealignment": null, "auxiliary_storage_labeling_buffersize": null, "auxiliary_storage_labeling_buffercolor": null, "auxiliary_storage_labeling_bufferdraw": null, "auxiliary_storage_labeling_labeldistance": null, "auxiliary_storage_labeling_hali": null, "auxiliary_storage_labeling_vali": null, "auxiliary_storage_labeling_scalevisibility": null, "auxiliary_storage_labeling_minscale": null, "auxiliary_storage_labeling_maxscale": null, "auxiliary_storage_labeling_alwaysshow": null, "auxiliary_storage_labeling_calloutdraw": null, "auxiliary_storage_labeling_labelallparts": null }, "geometry": { "type": "MultiPolygon", "coordinates": [ [ [ [ 140.517578379000014, 35.925732089 ], [ 140.518168353, 35.926773408 ], [ 140.518409886, 35.926684333 ], [ 140.517828970000011, 35.925639739 ], [ 140.517578379000014, 35.925732089 ] ] ] ] } },
{ "type": "Feature", "properties": { "fid": 87, "氏名": "髙須秀子", "遅まき": null, "2026地名地番": "津宮字牛房須　5075", "散布面積": "43.47", "備考": null, "検索_Address": "津宮字牛房須5074,津宮字牛房須5075", "検索_Tiban": "5074,5075", "ｗｋｔ": "8b85977fdc24f773b9863404c0b2ed5d", "地番": "5075", "ポリゴンの面積": 67, "auxiliary_storage_labeling_positionx": null, "auxiliary_storage_labeling_positiony": null, "auxiliary_storage_labeling_show": null, "auxiliary_storage_labeling_labelrotation": null, "auxiliary_storage_labeling_family": null, "auxiliary_storage_labeling_fontstyle": null, "auxiliary_storage_labeling_size": null, "auxiliary_storage_labeling_bold": null, "auxiliary_storage_labeling_italic": null, "auxiliary_storage_labeling_underline": null, "auxiliary_storage_labeling_color": null, "auxiliary_storage_labeling_strikeout": null, "auxiliary_storage_labeling_multilinealignment": null, "auxiliary_storage_labeling_buffersize": null, "auxiliary_storage_labeling_buffercolor": null, "auxiliary_storage_labeling_bufferdraw": null, "auxiliary_storage_labeling_labeldistance": null, "auxiliary_storage_labeling_hali": null, "auxiliary_storage_labeling_vali": null, "auxiliary_storage_labeling_scalevisibility": null, "auxiliary_storage_labeling_minscale": null, "auxiliary_storage_labeling_maxscale": null, "auxiliary_storage_labeling_alwaysshow": null, "auxiliary_storage_labeling_calloutdraw": null, "auxiliary_storage_labeling_labelallparts": null }, "geometry": { "type": "MultiPolygon", "coordinates": [ [ [ [ 140.536372455, 35.918512889 ], [ 140.53613407200001, 35.918082836 ], [ 140.534844361000012, 35.918546746 ], [ 140.535089584, 35.918987952 ], [ 140.536372455, 35.918512889 ] ] ] ] } },
{ "type": "Feature", "properties": { "fid": 89, "氏名": "髙須秀子", "遅まき": null, "2026地名地番": "津宮字牛房須　5094-2", "散布面積": "26.41", "備考": null, "検索_Address": "津宮字牛房須5094-1,津宮字牛房須5094-2,津宮字牛房須5095", "検索_Tiban": "5094-1~5095", "ｗｋｔ": "3c9220988bd796787c91a1e07e41cc74", "地番": "5094-2", "ポリゴンの面積": 65, "auxiliary_storage_labeling_positionx": null, "auxiliary_storage_labeling_positiony": null, "auxiliary_storage_labeling_show": null, "auxiliary_storage_labeling_labelrotation": null, "auxiliary_storage_labeling_family": null, "auxiliary_storage_labeling_fontstyle": null, "auxiliary_storage_labeling_size": null, "auxiliary_storage_labeling_bold": null, "auxiliary_storage_labeling_italic": null, "auxiliary_storage_labeling_underline": null, "auxiliary_storage_labeling_color": null, "auxiliary_storage_labeling_strikeout": null, "auxiliary_storage_labeling_multilinealignment": null, "auxiliary_storage_labeling_buffersize": null, "auxiliary_storage_labeling_buffercolor": null, "auxiliary_storage_labeling_bufferdraw": null, "auxiliary_storage_labeling_labeldistance": null, "auxiliary_storage_labeling_hali": null, "auxiliary_storage_labeling_vali": null, "auxiliary_storage_labeling_scalevisibility": null, "auxiliary_storage_labeling_minscale": null, "auxiliary_storage_labeling_maxscale": null, "auxiliary_storage_labeling_alwaysshow": null, "auxiliary_storage_labeling_calloutdraw": null, "auxiliary_storage_labeling_labelallparts": null }, "geometry": { "type": "MultiPolygon", "coordinates": [ [ [ [ 140.536374669, 35.918417219 ], [ 140.537657736999989, 35.917943197 ], [ 140.537425882, 35.917527091 ], [ 140.536138934, 35.918000242 ], [ 140.536374669, 35.918417219 ] ] ] ] } },
{ "type": "Feature", "properties": { "fid": 91, "氏名": "髙須秀子", "遅まき": null, "2026地名地番": "佐原字南川　ハ4769-1", "散布面積": "51.2", "備考": null, "検索_Address": "佐原字南川　ハ4769-1", "検索_Tiban": "4769-1", "ｗｋｔ": "6694630824a25ae9117221e939859c60", "地番": "4769-1", "ポリゴンの面積": 54, "auxiliary_storage_labeling_positionx": null, "auxiliary_storage_labeling_positiony": null, "auxiliary_storage_labeling_show": null, "auxiliary_storage_labeling_labelrotation": null, "auxiliary_storage_labeling_family": null, "auxiliary_storage_labeling_fontstyle": null, "auxiliary_storage_labeling_size": null, "auxiliary_storage_labeling_bold": null, "auxiliary_storage_labeling_italic": null, "auxiliary_storage_labeling_underline": null, "auxiliary_storage_labeling_color": null, "auxiliary_storage_labeling_strikeout": null, "auxiliary_storage_labeling_multilinealignment": null, "auxiliary_storage_labeling_buffersize": null, "auxiliary_storage_labeling_buffercolor": null, "auxiliary_storage_labeling_bufferdraw": null, "auxiliary_storage_labeling_labeldistance": null, "auxiliary_storage_labeling_hali": null, "auxiliary_storage_labeling_vali": null, "auxiliary_storage_labeling_scalevisibility": null, "auxiliary_storage_labeling_minscale": null, "auxiliary_storage_labeling_maxscale": null, "auxiliary_storage_labeling_alwaysshow": null, "auxiliary_storage_labeling_calloutdraw": null, "auxiliary_storage_labeling_labelallparts": null }, "geometry": { "type": "MultiPolygon", "coordinates": [ [ [ [ 140.514573439562696, 35.925501720173216 ], [ 140.515014181999987, 35.925348643 ], [ 140.514434975, 35.924308119 ], [ 140.514015413389501, 35.924463108193692 ], [ 140.514573439562696, 35.925501720173216 ] ] ] ] } },
{ "type": "Feature", "properties": { "fid": 92, "氏名": "髙須秀子", "遅まき": null, "2026地名地番": "佐原字南川　ハ4895-1,4896", "散布面積": "65", "備考": null, "検索_Address": "佐原字南川　ハ4895-1,佐原字南川　ハ4896", "検索_Tiban": "4895-1,4896", "ｗｋｔ": "e5bdae3a9fe1f011a538c609434d5a57", "地番": "4895-1,4896", "ポリゴンの面積": 71, "auxiliary_storage_labeling_positionx": null, "auxiliary_storage_labeling_positiony": null, "auxiliary_storage_labeling_show": null, "auxiliary_storage_labeling_labelrotation": null, "auxiliary_storage_labeling_family": null, "auxiliary_storage_labeling_fontstyle": null, "auxiliary_storage_labeling_size": null, "auxiliary_storage_labeling_bold": null, "auxiliary_storage_labeling_italic": null, "auxiliary_storage_labeling_underline": null, "auxiliary_storage_labeling_color": null, "auxiliary_storage_labeling_strikeout": null, "auxiliary_storage_labeling_multilinealignment": null, "auxiliary_storage_labeling_buffersize": null, "auxiliary_storage_labeling_buffercolor": null, "auxiliary_storage_labeling_bufferdraw": null, "auxiliary_storage_labeling_labeldistance": null, "auxiliary_storage_labeling_hali": null, "auxiliary_storage_labeling_vali": null, "auxiliary_storage_labeling_scalevisibility": null, "auxiliary_storage_labeling_minscale": null, "auxiliary_storage_labeling_maxscale": null, "auxiliary_storage_labeling_alwaysshow": null, "auxiliary_storage_labeling_calloutdraw": null, "auxiliary_storage_labeling_labelallparts": null }, "geometry": { "type": "MultiPolygon", "coordinates": [ [ [ [ 140.510860676, 35.919126086 ], [ 140.511400091000013, 35.918927595 ], [ 140.511420616, 35.918918093 ], [ 140.511423781, 35.918902654 ], [ 140.510853450000013, 35.917875875 ], [ 140.510298645, 35.918080752 ], [ 140.510860676, 35.919126086 ] ] ] ] } },
{ "type": "Feature", "properties": { "fid": 93, "氏名": "髙須秀子", "遅まき": null, "2026地名地番": "南川4897,4898", "散布面積": "65", "備考": null, "検索_Address": "佐原字南川　ハ4897,佐原字南川　ハ4898", "検索_Tiban": "4897,4898", "ｗｋｔ": "57d39d7df5ca6e3f4325cbacb2a56396", "地番": "4897,4898", "ポリゴンの面積": 67, "auxiliary_storage_labeling_positionx": null, "auxiliary_storage_labeling_positiony": null, "auxiliary_storage_labeling_show": null, "auxiliary_storage_labeling_labelrotation": null, "auxiliary_storage_labeling_family": null, "auxiliary_storage_labeling_fontstyle": null, "auxiliary_storage_labeling_size": null, "auxiliary_storage_labeling_bold": null, "auxiliary_storage_labeling_italic": null, "auxiliary_storage_labeling_underline": null, "auxiliary_storage_labeling_color": null, "auxiliary_storage_labeling_strikeout": null, "auxiliary_storage_labeling_multilinealignment": null, "auxiliary_storage_labeling_buffersize": null, "auxiliary_storage_labeling_buffercolor": null, "auxiliary_storage_labeling_bufferdraw": null, "auxiliary_storage_labeling_labeldistance": null, "auxiliary_storage_labeling_hali": null, "auxiliary_storage_labeling_vali": null, "auxiliary_storage_labeling_scalevisibility": null, "auxiliary_storage_labeling_minscale": null, "auxiliary_storage_labeling_maxscale": null, "auxiliary_storage_labeling_alwaysshow": null, "auxiliary_storage_labeling_calloutdraw": null, "auxiliary_storage_labeling_labelallparts": null }, "geometry": { "type": "MultiPolygon", "coordinates": [ [ [ [ 140.510329448, 35.919321559 ], [ 140.510860676, 35.919126086 ], [ 140.510298645, 35.918080752 ], [ 140.509757713999988, 35.918280502 ], [ 140.510329448, 35.919321559 ] ] ] ] } },
{ "type": "Feature", "properties": { "fid": 94, "氏名": "髙須秀子", "遅まき": null, "2026地名地番": "篠原字上佐々木　ロ2461", "散布面積": "51", "備考": null, "検索_Address": "篠原字上佐々木　ロ2461", "検索_Tiban": "2461", "ｗｋｔ": "5256da5dce18b4dbdcb8f4aaba8a865a", "地番": "2461", "ポリゴンの面積": 53, "auxiliary_storage_labeling_positionx": null, "auxiliary_storage_labeling_positiony": null, "auxiliary_storage_labeling_show": null, "auxiliary_storage_labeling_labelrotation": null, "auxiliary_storage_labeling_family": null, "auxiliary_storage_labeling_fontstyle": null, "auxiliary_storage_labeling_size": null, "auxiliary_storage_labeling_bold": null, "auxiliary_storage_labeling_italic": null, "auxiliary_storage_labeling_underline": null, "auxiliary_storage_labeling_color": null, "auxiliary_storage_labeling_strikeout": null, "auxiliary_storage_labeling_multilinealignment": null, "auxiliary_storage_labeling_buffersize": null, "auxiliary_storage_labeling_buffercolor": null, "auxiliary_storage_labeling_bufferdraw": null, "auxiliary_storage_labeling_labeldistance": null, "auxiliary_storage_labeling_hali": null, "auxiliary_storage_labeling_vali": null, "auxiliary_storage_labeling_scalevisibility": null, "auxiliary_storage_labeling_minscale": null, "auxiliary_storage_labeling_maxscale": null, "auxiliary_storage_labeling_alwaysshow": null, "auxiliary_storage_labeling_calloutdraw": null, "auxiliary_storage_labeling_labelallparts": null }, "geometry": { "type": "MultiPolygon", "coordinates": [ [ [ [ 140.514352812999988, 35.917839586 ], [ 140.514777852, 35.917683454 ], [ 140.514199301, 35.916640026 ], [ 140.513774039, 35.916797162 ], [ 140.514352812999988, 35.917839586 ] ] ] ] } },
{ "type": "Feature", "properties": { "fid": 96, "氏名": "矢口雄一", "遅まき": "遅まき", "2026地名地番": "境島字出洲913-2", "散布面積": "4", "備考": null, "検索_Address": "境島字出洲913-1,境島字出洲913-2", "検索_Tiban": "913-1,913-2", "ｗｋｔ": "e870e4e0335f09e44d02c0b7e626de96", "地番": "913-2", "ポリゴンの面積": 16, "auxiliary_storage_labeling_positionx": null, "auxiliary_storage_labeling_positiony": null, "auxiliary_storage_labeling_show": null, "auxiliary_storage_labeling_labelrotation": null, "auxiliary_storage_labeling_family": null, "auxiliary_storage_labeling_fontstyle": null, "auxiliary_storage_labeling_size": null, "auxiliary_storage_labeling_bold": null, "auxiliary_storage_labeling_italic": null, "auxiliary_storage_labeling_underline": null, "auxiliary_storage_labeling_color": null, "auxiliary_storage_labeling_strikeout": null, "auxiliary_storage_labeling_multilinealignment": null, "auxiliary_storage_labeling_buffersize": null, "auxiliary_storage_labeling_buffercolor": null, "auxiliary_storage_labeling_bufferdraw": null, "auxiliary_storage_labeling_labeldistance": null, "auxiliary_storage_labeling_hali": null, "auxiliary_storage_labeling_vali": null, "auxiliary_storage_labeling_scalevisibility": null, "auxiliary_storage_labeling_minscale": null, "auxiliary_storage_labeling_maxscale": null, "auxiliary_storage_labeling_alwaysshow": null, "auxiliary_storage_labeling_calloutdraw": null, "auxiliary_storage_labeling_labelallparts": null }, "geometry": { "type": "MultiPolygon", "coordinates": [ [ [ [ 140.52226408300001, 35.94849677 ], [ 140.52186364100001, 35.948641108 ], [ 140.521848683, 35.948651548 ], [ 140.52184186, 35.948665706 ], [ 140.521839691999986, 35.948682662 ], [ 140.521850232, 35.94869672 ], [ 140.5221211, 35.948961549 ], [ 140.522452267, 35.948838223 ], [ 140.52226408300001, 35.94849677 ] ] ] ] } },
{ "type": "Feature", "properties": { "fid": 97, "氏名": "矢口雄一", "遅まき": "遅まき", "2026地名地番": "境島字出洲913-3", "散布面積": "28.9", "備考": null, "検索_Address": "境島字出洲913-3", "検索_Tiban": "913-3", "ｗｋｔ": "c2a7be527709f7c6ee7ab7f21b48f655", "地番": "913-3", "ポリゴンの面積": 29, "auxiliary_storage_labeling_positionx": null, "auxiliary_storage_labeling_positiony": null, "auxiliary_storage_labeling_show": null, "auxiliary_storage_labeling_labelrotation": null, "auxiliary_storage_labeling_family": null, "auxiliary_storage_labeling_fontstyle": null, "auxiliary_storage_labeling_size": null, "auxiliary_storage_labeling_bold": null, "auxiliary_storage_labeling_italic": null, "auxiliary_storage_labeling_underline": null, "auxiliary_storage_labeling_color": null, "auxiliary_storage_labeling_strikeout": null, "auxiliary_storage_labeling_multilinealignment": null, "auxiliary_storage_labeling_buffersize": null, "auxiliary_storage_labeling_buffercolor": null, "auxiliary_storage_labeling_bufferdraw": null, "auxiliary_storage_labeling_labeldistance": null, "auxiliary_storage_labeling_hali": null, "auxiliary_storage_labeling_vali": null, "auxiliary_storage_labeling_scalevisibility": null, "auxiliary_storage_labeling_minscale": null, "auxiliary_storage_labeling_maxscale": null, "auxiliary_storage_labeling_alwaysshow": null, "auxiliary_storage_labeling_calloutdraw": null, "auxiliary_storage_labeling_labelallparts": null }, "geometry": { "type": "MultiPolygon", "coordinates": [ [ [ [ 140.522463721, 35.948824132 ], [ 140.5231918, 35.948558551 ], [ 140.52302869, 35.948230325 ], [ 140.522560704, 35.948394538 ], [ 140.522282614, 35.948497792 ], [ 140.522463721, 35.948824132 ] ] ] ] } },
{ "type": "Feature", "properties": { "fid": 98, "氏名": "矢口雄一", "遅まき": "遅まき", "2026地名地番": "佐原字八郎田4353", "散布面積": "33.8", "備考": null, "検索_Address": "佐原字八郎田　ハ4353", "検索_Tiban": "4353", "ｗｋｔ": "8eef9a1437e3bb99010e1a4b4e9e00e5", "地番": "4353", "ポリゴンの面積": 37, "auxiliary_storage_labeling_positionx": null, "auxiliary_storage_labeling_positiony": null, "auxiliary_storage_labeling_show": null, "auxiliary_storage_labeling_labelrotation": null, "auxiliary_storage_labeling_family": null, "auxiliary_storage_labeling_fontstyle": null, "auxiliary_storage_labeling_size": null, "auxiliary_storage_labeling_bold": null, "auxiliary_storage_labeling_italic": null, "auxiliary_storage_labeling_underline": null, "auxiliary_storage_labeling_color": null, "auxiliary_storage_labeling_strikeout": null, "auxiliary_storage_labeling_multilinealignment": null, "auxiliary_storage_labeling_buffersize": null, "auxiliary_storage_labeling_buffercolor": null, "auxiliary_storage_labeling_bufferdraw": null, "auxiliary_storage_labeling_labeldistance": null, "auxiliary_storage_labeling_hali": null, "auxiliary_storage_labeling_vali": null, "auxiliary_storage_labeling_scalevisibility": null, "auxiliary_storage_labeling_minscale": null, "auxiliary_storage_labeling_maxscale": null, "auxiliary_storage_labeling_alwaysshow": null, "auxiliary_storage_labeling_calloutdraw": null, "auxiliary_storage_labeling_labelallparts": null }, "geometry": { "type": "MultiPolygon", "coordinates": [ [ [ [ 140.519491246, 35.936144109 ], [ 140.520765834, 35.935669187 ], [ 140.520633999000012, 35.935432426 ], [ 140.519357731000014, 35.935904566 ], [ 140.519491246, 35.936144109 ] ] ] ] } },
{ "type": "Feature", "properties": { "fid": 99, "氏名": "矢口雄一", "遅まき": "遅まき", "2026地名地番": "八筋川字一ノ川2924-1", "散布面積": "3.1", "備考": null, "検索_Address": "八筋川字一ノ川2924-1,八筋川字一ノ川2924-2,八筋川字一ノ川2925-1,八筋川字一ノ川2925-2", "検索_Tiban": "2924-1~2925-2", "ｗｋｔ": "955993e433db4f4aee60c5f35d6f2a06", "地番": "2924-1", "ポリゴンの面積": 42, "auxiliary_storage_labeling_positionx": null, "auxiliary_storage_labeling_positiony": null, "auxiliary_storage_labeling_show": null, "auxiliary_storage_labeling_labelrotation": null, "auxiliary_storage_labeling_family": null, "auxiliary_storage_labeling_fontstyle": null, "auxiliary_storage_labeling_size": 1.0, "auxiliary_storage_labeling_bold": null, "auxiliary_storage_labeling_italic": null, "auxiliary_storage_labeling_underline": null, "auxiliary_storage_labeling_color": null, "auxiliary_storage_labeling_strikeout": null, "auxiliary_storage_labeling_multilinealignment": null, "auxiliary_storage_labeling_buffersize": null, "auxiliary_storage_labeling_buffercolor": null, "auxiliary_storage_labeling_bufferdraw": null, "auxiliary_storage_labeling_labeldistance": null, "auxiliary_storage_labeling_hali": null, "auxiliary_storage_labeling_vali": null, "auxiliary_storage_labeling_scalevisibility": null, "auxiliary_storage_labeling_minscale": null, "auxiliary_storage_labeling_maxscale": null, "auxiliary_storage_labeling_alwaysshow": null, "auxiliary_storage_labeling_calloutdraw": null, "auxiliary_storage_labeling_labelallparts": null }, "geometry": { "type": "MultiPolygon", "coordinates": [ [ [ [ 140.503824993, 35.932763747 ], [ 140.504121349, 35.933288997 ], [ 140.504779147, 35.933048283 ], [ 140.504485497, 35.932514729 ], [ 140.503824993, 35.932763747 ] ] ] ] } },
{ "type": "Feature", "properties": { "fid": 103, "氏名": "矢口雄一", "遅まき": "遅まき", "2026地名地番": "八筋川字一ノ川2927-1", "散布面積": "5.7", "備考": null, "検索_Address": "八筋川字一ノ川2927-1", "検索_Tiban": "2927-1", "ｗｋｔ": "f19219bce11ea79657671c08d8a89e58", "地番": "2927-1", "ポリゴンの面積": 14, "auxiliary_storage_labeling_positionx": null, "auxiliary_storage_labeling_positiony": null, "auxiliary_storage_labeling_show": null, "auxiliary_storage_labeling_labelrotation": null, "auxiliary_storage_labeling_family": null, "auxiliary_storage_labeling_fontstyle": null, "auxiliary_storage_labeling_size": 1.0, "auxiliary_storage_labeling_bold": null, "auxiliary_storage_labeling_italic": null, "auxiliary_storage_labeling_underline": null, "auxiliary_storage_labeling_color": null, "auxiliary_storage_labeling_strikeout": null, "auxiliary_storage_labeling_multilinealignment": null, "auxiliary_storage_labeling_buffersize": null, "auxiliary_storage_labeling_buffercolor": null, "auxiliary_storage_labeling_bufferdraw": null, "auxiliary_storage_labeling_labeldistance": null, "auxiliary_storage_labeling_hali": null, "auxiliary_storage_labeling_vali": null, "auxiliary_storage_labeling_scalevisibility": null, "auxiliary_storage_labeling_minscale": null, "auxiliary_storage_labeling_maxscale": null, "auxiliary_storage_labeling_alwaysshow": null, "auxiliary_storage_labeling_calloutdraw": null, "auxiliary_storage_labeling_labelallparts": null }, "geometry": { "type": "MultiPolygon", "coordinates": [ [ [ [ 140.505004096, 35.932964345 ], [ 140.504706293999988, 35.932433075 ], [ 140.504485497, 35.932514729 ], [ 140.504779147, 35.933048283 ], [ 140.505004096, 35.932964345 ] ] ] ] } },
{ "type": "Feature", "properties": { "fid": 104, "氏名": "矢口雄一", "遅まき": "遅まき", "2026地名地番": "堀川江間1785", "散布面積": "14.8", "備考": null, "検索_Address": "長島字堀川江間1785", "検索_Tiban": "1785~1786-3", "ｗｋｔ": "6c54e785d00a52ed5787e2b1dd1896e1", "地番": "1785", "ポリゴンの面積": 12, "auxiliary_storage_labeling_positionx": null, "auxiliary_storage_labeling_positiony": null, "auxiliary_storage_labeling_show": null, "auxiliary_storage_labeling_labelrotation": null, "auxiliary_storage_labeling_family": null, "auxiliary_storage_labeling_fontstyle": null, "auxiliary_storage_labeling_size": 1.0, "auxiliary_storage_labeling_bold": null, "auxiliary_storage_labeling_italic": null, "auxiliary_storage_labeling_underline": null, "auxiliary_storage_labeling_color": null, "auxiliary_storage_labeling_strikeout": null, "auxiliary_storage_labeling_multilinealignment": null, "auxiliary_storage_labeling_buffersize": null, "auxiliary_storage_labeling_buffercolor": null, "auxiliary_storage_labeling_bufferdraw": null, "auxiliary_storage_labeling_labeldistance": null, "auxiliary_storage_labeling_hali": null, "auxiliary_storage_labeling_vali": null, "auxiliary_storage_labeling_scalevisibility": null, "auxiliary_storage_labeling_minscale": null, "auxiliary_storage_labeling_maxscale": null, "auxiliary_storage_labeling_alwaysshow": null, "auxiliary_storage_labeling_calloutdraw": null, "auxiliary_storage_labeling_labelallparts": null }, "geometry": { "type": "MultiPolygon", "coordinates": [ [ [ [ 140.499408985272908, 35.928557895845245 ], [ 140.499313271832307, 35.928593573791801 ], [ 140.499887728265747, 35.929633750262362 ], [ 140.499978472387141, 35.929593585389092 ], [ 140.499408985272908, 35.928557895845245 ] ] ] ] } },
{ "type": "Feature", "properties": { "fid": 105, "氏名": "矢口雄一", "遅まき": "遅まき", "2026地名地番": "笄島字笄津4685", "散布面積": "12.1", "備考": null, "検索_Address": "笄島字笄津4685", "検索_Tiban": "4685", "ｗｋｔ": "9c422ecabb6265d297ec32a44b840566", "地番": "4685", "ポリゴンの面積": 13, "auxiliary_storage_labeling_positionx": null, "auxiliary_storage_labeling_positiony": null, "auxiliary_storage_labeling_show": null, "auxiliary_storage_labeling_labelrotation": null, "auxiliary_storage_labeling_family": null, "auxiliary_storage_labeling_fontstyle": null, "auxiliary_storage_labeling_size": null, "auxiliary_storage_labeling_bold": null, "auxiliary_storage_labeling_italic": null, "auxiliary_storage_labeling_underline": null, "auxiliary_storage_labeling_color": null, "auxiliary_storage_labeling_strikeout": null, "auxiliary_storage_labeling_multilinealignment": null, "auxiliary_storage_labeling_buffersize": null, "auxiliary_storage_labeling_buffercolor": null, "auxiliary_storage_labeling_bufferdraw": null, "auxiliary_storage_labeling_labeldistance": null, "auxiliary_storage_labeling_hali": null, "auxiliary_storage_labeling_vali": null, "auxiliary_storage_labeling_scalevisibility": null, "auxiliary_storage_labeling_minscale": null, "auxiliary_storage_labeling_maxscale": null, "auxiliary_storage_labeling_alwaysshow": null, "auxiliary_storage_labeling_calloutdraw": null, "auxiliary_storage_labeling_labelallparts": null }, "geometry": { "type": "MultiPolygon", "coordinates": [ [ [ [ 140.493256922, 35.930038039 ], [ 140.493563099, 35.929706922 ], [ 140.493236384, 35.929459615 ], [ 140.49311176, 35.929696949 ], [ 140.493256162, 35.929750958 ], [ 140.49310997500001, 35.93004632 ], [ 140.493256922, 35.930038039 ] ] ] ] } },
{ "type": "Feature", "properties": { "fid": 106, "氏名": "平塚武寛", "遅まき": null, "2026地名地番": "中洲字水神前943", "散布面積": "49.8", "備考": null, "検索_Address": "中洲字水神前943", "検索_Tiban": "943", "ｗｋｔ": "151c75a8bc4a80b8b43edb6d5243119e", "地番": "943", "ポリゴンの面積": 52, "auxiliary_storage_labeling_positionx": null, "auxiliary_storage_labeling_positiony": null, "auxiliary_storage_labeling_show": null, "auxiliary_storage_labeling_labelrotation": null, "auxiliary_storage_labeling_family": null, "auxiliary_storage_labeling_fontstyle": null, "auxiliary_storage_labeling_size": null, "auxiliary_storage_labeling_bold": null, "auxiliary_storage_labeling_italic": null, "auxiliary_storage_labeling_underline": null, "auxiliary_storage_labeling_color": null, "auxiliary_storage_labeling_strikeout": null, "auxiliary_storage_labeling_multilinealignment": null, "auxiliary_storage_labeling_buffersize": null, "auxiliary_storage_labeling_buffercolor": null, "auxiliary_storage_labeling_bufferdraw": null, "auxiliary_storage_labeling_labeldistance": null, "auxiliary_storage_labeling_hali": null, "auxiliary_storage_labeling_vali": null, "auxiliary_storage_labeling_scalevisibility": null, "auxiliary_storage_labeling_minscale": null, "auxiliary_storage_labeling_maxscale": null, "auxiliary_storage_labeling_alwaysshow": null, "auxiliary_storage_labeling_calloutdraw": null, "auxiliary_storage_labeling_labelallparts": null }, "geometry": { "type": "MultiPolygon", "coordinates": [ [ [ [ 140.51489715400001, 35.924134074 ], [ 140.515486977, 35.925175216 ], [ 140.515733842, 35.925084077 ], [ 140.515891790000012, 35.925025902 ], [ 140.515317022, 35.923984297 ], [ 140.51489715400001, 35.924134074 ] ] ] ] } },
{ "type": "Feature", "properties": { "fid": 107, "氏名": "平塚武寛", "遅まき": null, "2026地名地番": "中洲字水神前944-1", "散布面積": "48.9", "備考": null, "検索_Address": "中洲字水神前944-1", "検索_Tiban": "944-1", "ｗｋｔ": "3854202a63fa09d1b3e88e6b945ce5a5", "地番": "944-1", "ポリゴンの面積": 52, "auxiliary_storage_labeling_positionx": null, "auxiliary_storage_labeling_positiony": null, "auxiliary_storage_labeling_show": null, "auxiliary_storage_labeling_labelrotation": null, "auxiliary_storage_labeling_family": null, "auxiliary_storage_labeling_fontstyle": null, "auxiliary_storage_labeling_size": null, "auxiliary_storage_labeling_bold": null, "auxiliary_storage_labeling_italic": null, "auxiliary_storage_labeling_underline": null, "auxiliary_storage_labeling_color": null, "auxiliary_storage_labeling_strikeout": null, "auxiliary_storage_labeling_multilinealignment": null, "auxiliary_storage_labeling_buffersize": null, "auxiliary_storage_labeling_buffercolor": null, "auxiliary_storage_labeling_bufferdraw": null, "auxiliary_storage_labeling_labeldistance": null, "auxiliary_storage_labeling_hali": null, "auxiliary_storage_labeling_vali": null, "auxiliary_storage_labeling_scalevisibility": null, "auxiliary_storage_labeling_minscale": null, "auxiliary_storage_labeling_maxscale": null, "auxiliary_storage_labeling_alwaysshow": null, "auxiliary_storage_labeling_calloutdraw": null, "auxiliary_storage_labeling_labelallparts": null }, "geometry": { "type": "MultiPolygon", "coordinates": [ [ [ [ 140.515091519, 35.925320657 ], [ 140.515486977, 35.925175216 ], [ 140.51489715400001, 35.924134074 ], [ 140.514487714000012, 35.924291048 ], [ 140.515056211, 35.925309402 ], [ 140.515091519, 35.925320657 ] ] ] ] } },
{ "type": "Feature", "properties": { "fid": 108, "氏名": "平塚武寛", "遅まき": null, "2026地名地番": "篠原字内湖　ロ2615-1", "散布面積": "24.7", "備考": null, "検索_Address": "篠原字内湖　ロ2615-1", "検索_Tiban": "2615-1", "ｗｋｔ": "3f43160433bf87843985f617005d56d4", "地番": "2615-1", "ポリゴンの面積": 26, "auxiliary_storage_labeling_positionx": null, "auxiliary_storage_labeling_positiony": null, "auxiliary_storage_labeling_show": null, "auxiliary_storage_labeling_labelrotation": null, "auxiliary_storage_labeling_family": null, "auxiliary_storage_labeling_fontstyle": null, "auxiliary_storage_labeling_size": null, "auxiliary_storage_labeling_bold": null, "auxiliary_storage_labeling_italic": null, "auxiliary_storage_labeling_underline": null, "auxiliary_storage_labeling_color": null, "auxiliary_storage_labeling_strikeout": null, "auxiliary_storage_labeling_multilinealignment": null, "auxiliary_storage_labeling_buffersize": null, "auxiliary_storage_labeling_buffercolor": null, "auxiliary_storage_labeling_bufferdraw": null, "auxiliary_storage_labeling_labeldistance": null, "auxiliary_storage_labeling_hali": null, "auxiliary_storage_labeling_vali": null, "auxiliary_storage_labeling_scalevisibility": null, "auxiliary_storage_labeling_minscale": null, "auxiliary_storage_labeling_maxscale": null, "auxiliary_storage_labeling_alwaysshow": null, "auxiliary_storage_labeling_calloutdraw": null, "auxiliary_storage_labeling_labelallparts": null }, "geometry": { "type": "MultiPolygon", "coordinates": [ [ [ [ 140.515849608, 35.908410866 ], [ 140.515339915999988, 35.908612801 ], [ 140.515522923, 35.908939827 ], [ 140.516304994, 35.908646937 ], [ 140.515849608, 35.908410866 ] ] ] ] } },
{ "type": "Feature", "properties": { "fid": 109, "氏名": "平塚武寛", "遅まき": null, "2026地名地番": "篠原字内湖　ロ2667-1", "散布面積": "15.3", "備考": null, "検索_Address": "篠原字内湖　ロ2667-1", "検索_Tiban": "2667-1", "ｗｋｔ": "73c388cc3d7d24d8d53705b1b1cf48ae", "地番": "2667-1", "ポリゴンの面積": 41, "auxiliary_storage_labeling_positionx": null, "auxiliary_storage_labeling_positiony": null, "auxiliary_storage_labeling_show": null, "auxiliary_storage_labeling_labelrotation": null, "auxiliary_storage_labeling_family": null, "auxiliary_storage_labeling_fontstyle": null, "auxiliary_storage_labeling_size": null, "auxiliary_storage_labeling_bold": null, "auxiliary_storage_labeling_italic": null, "auxiliary_storage_labeling_underline": null, "auxiliary_storage_labeling_color": null, "auxiliary_storage_labeling_strikeout": null, "auxiliary_storage_labeling_multilinealignment": null, "auxiliary_storage_labeling_buffersize": null, "auxiliary_storage_labeling_buffercolor": null, "auxiliary_storage_labeling_bufferdraw": null, "auxiliary_storage_labeling_labeldistance": null, "auxiliary_storage_labeling_hali": null, "auxiliary_storage_labeling_vali": null, "auxiliary_storage_labeling_scalevisibility": null, "auxiliary_storage_labeling_minscale": null, "auxiliary_storage_labeling_maxscale": null, "auxiliary_storage_labeling_alwaysshow": null, "auxiliary_storage_labeling_calloutdraw": null, "auxiliary_storage_labeling_labelallparts": null }, "geometry": { "type": "MultiPolygon", "coordinates": [ [ [ [ 140.514347152, 35.909785747 ], [ 140.515625991, 35.90932291 ], [ 140.515474184999988, 35.909056126 ], [ 140.514201392, 35.909520479 ], [ 140.514347152, 35.909785747 ] ] ] ] } },
{ "type": "Feature", "properties": { "fid": 110, "氏名": "平塚武寛", "遅まき": null, "2026地名地番": "篠原字内湖　ロ2668-1", "散布面積": "73.6", "備考": null, "検索_Address": "篠原字内湖　ロ2668-1", "検索_Tiban": "2668-1", "ｗｋｔ": "778d983e1d69760cf3175019667d4a54", "地番": "2668-1", "ポリゴンの面積": 53, "auxiliary_storage_labeling_positionx": null, "auxiliary_storage_labeling_positiony": null, "auxiliary_storage_labeling_show": null, "auxiliary_storage_labeling_labelrotation": null, "auxiliary_storage_labeling_family": null, "auxiliary_storage_labeling_fontstyle": null, "auxiliary_storage_labeling_size": null, "auxiliary_storage_labeling_bold": null, "auxiliary_storage_labeling_italic": null, "auxiliary_storage_labeling_underline": null, "auxiliary_storage_labeling_color": null, "auxiliary_storage_labeling_strikeout": null, "auxiliary_storage_labeling_multilinealignment": null, "auxiliary_storage_labeling_buffersize": null, "auxiliary_storage_labeling_buffercolor": null, "auxiliary_storage_labeling_bufferdraw": null, "auxiliary_storage_labeling_labeldistance": null, "auxiliary_storage_labeling_hali": null, "auxiliary_storage_labeling_vali": null, "auxiliary_storage_labeling_scalevisibility": null, "auxiliary_storage_labeling_minscale": null, "auxiliary_storage_labeling_maxscale": null, "auxiliary_storage_labeling_alwaysshow": null, "auxiliary_storage_labeling_calloutdraw": null, "auxiliary_storage_labeling_labelallparts": null }, "geometry": { "type": "MultiPolygon", "coordinates": [ [ [ [ 140.514347152, 35.909785747 ], [ 140.514534266, 35.910131574 ], [ 140.515796932, 35.909667381 ], [ 140.515802176, 35.90965642 ], [ 140.51580599, 35.909641091 ], [ 140.515625991, 35.90932291 ], [ 140.514347152, 35.909785747 ] ] ] ] } },
{ "type": "Feature", "properties": { "fid": 111, "氏名": "平塚武寛", "遅まき": null, "2026地名地番": "佐原字南川ハ4770", "散布面積": "3.9", "備考": null, "検索_Address": "佐原字南川　ハ4770", "検索_Tiban": "4770~4772", "ｗｋｔ": "b8408b54241a22daf0f033b9dcf72713", "地番": "4770", "ポリゴンの面積": 5, "auxiliary_storage_labeling_positionx": null, "auxiliary_storage_labeling_positiony": null, "auxiliary_storage_labeling_show": null, "auxiliary_storage_labeling_labelrotation": null, "auxiliary_storage_labeling_family": null, "auxiliary_storage_labeling_fontstyle": null, "auxiliary_storage_labeling_size": null, "auxiliary_storage_labeling_bold": null, "auxiliary_storage_labeling_italic": null, "auxiliary_storage_labeling_underline": null, "auxiliary_storage_labeling_color": null, "auxiliary_storage_labeling_strikeout": null, "auxiliary_storage_labeling_multilinealignment": null, "auxiliary_storage_labeling_buffersize": null, "auxiliary_storage_labeling_buffercolor": null, "auxiliary_storage_labeling_bufferdraw": null, "auxiliary_storage_labeling_labeldistance": null, "auxiliary_storage_labeling_hali": null, "auxiliary_storage_labeling_vali": null, "auxiliary_storage_labeling_scalevisibility": null, "auxiliary_storage_labeling_minscale": null, "auxiliary_storage_labeling_maxscale": null, "auxiliary_storage_labeling_alwaysshow": null, "auxiliary_storage_labeling_calloutdraw": null, "auxiliary_storage_labeling_labelallparts": null }, "geometry": { "type": "MultiPolygon", "coordinates": [ [ [ [ 140.514538292776223, 35.925514522466763 ], [ 140.514573439562724, 35.925501150758741 ], [ 140.514015413389501, 35.924463108193692 ], [ 140.513967113761055, 35.924479656055148 ], [ 140.514538292776223, 35.925514522466763 ] ] ] ] } },
{ "type": "Feature", "properties": { "fid": 112, "氏名": "鳥羽洋丈", "遅まき": null, "2026地名地番": "笄島字運動津4850", "散布面積": "14.7", "備考": null, "検索_Address": "笄島字運動津4850", "検索_Tiban": "4850", "ｗｋｔ": "ba03d87519134c2f7e1a30f166d5fc0b", "地番": "4850", "ポリゴンの面積": 16, "auxiliary_storage_labeling_positionx": null, "auxiliary_storage_labeling_positiony": null, "auxiliary_storage_labeling_show": null, "auxiliary_storage_labeling_labelrotation": null, "auxiliary_storage_labeling_family": null, "auxiliary_storage_labeling_fontstyle": null, "auxiliary_storage_labeling_size": null, "auxiliary_storage_labeling_bold": null, "auxiliary_storage_labeling_italic": null, "auxiliary_storage_labeling_underline": null, "auxiliary_storage_labeling_color": null, "auxiliary_storage_labeling_strikeout": null, "auxiliary_storage_labeling_multilinealignment": null, "auxiliary_storage_labeling_buffersize": null, "auxiliary_storage_labeling_buffercolor": null, "auxiliary_storage_labeling_bufferdraw": null, "auxiliary_storage_labeling_labeldistance": null, "auxiliary_storage_labeling_hali": null, "auxiliary_storage_labeling_vali": null, "auxiliary_storage_labeling_scalevisibility": null, "auxiliary_storage_labeling_minscale": null, "auxiliary_storage_labeling_maxscale": null, "auxiliary_storage_labeling_alwaysshow": null, "auxiliary_storage_labeling_calloutdraw": null, "auxiliary_storage_labeling_labelallparts": null }, "geometry": { "type": "MultiPolygon", "coordinates": [ [ [ [ 140.490863106, 35.925833147 ], [ 140.490690142, 35.92590026 ], [ 140.490621272999988, 35.926031856 ], [ 140.490728275, 35.926072892 ], [ 140.490780693, 35.926097118 ], [ 140.490787114, 35.926183013 ], [ 140.490824831999987, 35.926439937 ], [ 140.490854938000012, 35.926454869 ], [ 140.490887783, 35.92645585 ], [ 140.490930497, 35.926441681 ], [ 140.491149681, 35.926359194 ], [ 140.490863106, 35.925833147 ] ] ] ] } },
{ "type": "Feature", "properties": { "fid": 113, "氏名": "鳥羽洋丈", "遅まき": null, "2026地名地番": "長島字堀川江間1779-1", "散布面積": "35.9", "備考": null, "検索_Address": "長島字堀川江間1779-1,長島字堀川江間1779-2,長島字堀川江間1779-3,長島字堀川江間1780-1,長島字堀川江間1780-2,長島字堀川江間1780-3", "検索_Tiban": "1779-1~1780-3", "ｗｋｔ": "cf23dfd834dbc7a1c00f6d74760455ac", "地番": "1779-1", "ポリゴンの面積": 86, "auxiliary_storage_labeling_positionx": null, "auxiliary_storage_labeling_positiony": null, "auxiliary_storage_labeling_show": null, "auxiliary_storage_labeling_labelrotation": null, "auxiliary_storage_labeling_family": null, "auxiliary_storage_labeling_fontstyle": null, "auxiliary_storage_labeling_size": null, "auxiliary_storage_labeling_bold": null, "auxiliary_storage_labeling_italic": null, "auxiliary_storage_labeling_underline": null, "auxiliary_storage_labeling_color": null, "auxiliary_storage_labeling_strikeout": null, "auxiliary_storage_labeling_multilinealignment": null, "auxiliary_storage_labeling_buffersize": null, "auxiliary_storage_labeling_buffercolor": null, "auxiliary_storage_labeling_bufferdraw": null, "auxiliary_storage_labeling_labeldistance": null, "auxiliary_storage_labeling_hali": null, "auxiliary_storage_labeling_vali": null, "auxiliary_storage_labeling_scalevisibility": null, "auxiliary_storage_labeling_minscale": null, "auxiliary_storage_labeling_maxscale": null, "auxiliary_storage_labeling_alwaysshow": null, "auxiliary_storage_labeling_calloutdraw": null, "auxiliary_storage_labeling_labelallparts": null }, "geometry": { "type": "MultiPolygon", "coordinates": [ [ [ [ 140.497926414, 35.929126021 ], [ 140.498492424, 35.9301546 ], [ 140.499179333, 35.929902147 ], [ 140.498593777, 35.928860211 ], [ 140.497937525999987, 35.929100844 ], [ 140.497926414, 35.929126021 ] ] ] ] } },
{ "type": "Feature", "properties": { "fid": 119, "氏名": "鳥羽洋丈", "遅まき": null, "2026地名地番": "長島字堀川江間1941", "散布面積": "34.2", "備考": null, "検索_Address": "長島字堀川江間1941", "検索_Tiban": "1941", "ｗｋｔ": "1d8ea29b5da243afe13ca0161c06aabe", "地番": "1941", "ポリゴンの面積": 33, "auxiliary_storage_labeling_positionx": null, "auxiliary_storage_labeling_positiony": null, "auxiliary_storage_labeling_show": null, "auxiliary_storage_labeling_labelrotation": null, "auxiliary_storage_labeling_family": null, "auxiliary_storage_labeling_fontstyle": null, "auxiliary_storage_labeling_size": null, "auxiliary_storage_labeling_bold": null, "auxiliary_storage_labeling_italic": null, "auxiliary_storage_labeling_underline": null, "auxiliary_storage_labeling_color": null, "auxiliary_storage_labeling_strikeout": null, "auxiliary_storage_labeling_multilinealignment": null, "auxiliary_storage_labeling_buffersize": null, "auxiliary_storage_labeling_buffercolor": null, "auxiliary_storage_labeling_bufferdraw": null, "auxiliary_storage_labeling_labeldistance": null, "auxiliary_storage_labeling_hali": null, "auxiliary_storage_labeling_vali": null, "auxiliary_storage_labeling_scalevisibility": null, "auxiliary_storage_labeling_minscale": null, "auxiliary_storage_labeling_maxscale": null, "auxiliary_storage_labeling_alwaysshow": null, "auxiliary_storage_labeling_calloutdraw": null, "auxiliary_storage_labeling_labelallparts": null }, "geometry": { "type": "MultiPolygon", "coordinates": [ [ [ [ 140.49843777800001, 35.928866804 ], [ 140.498717318, 35.928763116 ], [ 140.498469884, 35.928365124 ], [ 140.498115818, 35.927736042 ], [ 140.497858122999986, 35.927826472 ], [ 140.49843777800001, 35.928866804 ] ] ] ] } },
{ "type": "Feature", "properties": { "fid": 121, "氏名": "鳥羽洋丈", "遅まき": null, "2026地名地番": "長島字堀川江間1781", "散布面積": "10.8", "備考": null, "検索_Address": "長島字堀川江間1781~1782-1", "検索_Tiban": "1782-1~1782-2", "ｗｋｔ": "3af17b87b6897f1f3f0ae5baf41af66a", "地番": "1781", "ポリゴンの面積": 25, "auxiliary_storage_labeling_positionx": null, "auxiliary_storage_labeling_positiony": null, "auxiliary_storage_labeling_show": null, "auxiliary_storage_labeling_labelrotation": null, "auxiliary_storage_labeling_family": null, "auxiliary_storage_labeling_fontstyle": null, "auxiliary_storage_labeling_size": 1.0, "auxiliary_storage_labeling_bold": null, "auxiliary_storage_labeling_italic": null, "auxiliary_storage_labeling_underline": null, "auxiliary_storage_labeling_color": null, "auxiliary_storage_labeling_strikeout": null, "auxiliary_storage_labeling_multilinealignment": null, "auxiliary_storage_labeling_buffersize": null, "auxiliary_storage_labeling_buffercolor": null, "auxiliary_storage_labeling_bufferdraw": null, "auxiliary_storage_labeling_labeldistance": null, "auxiliary_storage_labeling_hali": null, "auxiliary_storage_labeling_vali": null, "auxiliary_storage_labeling_scalevisibility": null, "auxiliary_storage_labeling_minscale": null, "auxiliary_storage_labeling_maxscale": null, "auxiliary_storage_labeling_alwaysshow": null, "auxiliary_storage_labeling_calloutdraw": null, "auxiliary_storage_labeling_labelallparts": null }, "geometry": { "type": "MultiPolygon", "coordinates": [ [ [ [ 140.498936449000013, 35.928734557 ], [ 140.498737935732493, 35.928803695861774 ], [ 140.499311170618171, 35.929849744923203 ], [ 140.499511816, 35.929779748 ], [ 140.498936449000013, 35.928734557 ] ] ] ] } },
{ "type": "Feature", "properties": { "fid": 123, "氏名": "鳥羽修可", "遅まき": null, "2026地名地番": "笄島字笄津4699-1", "散布面積": "10", "備考": null, "検索_Address": "笄島字笄津4699-1", "検索_Tiban": "4699-1", "ｗｋｔ": "9a785511f97441dab0b1d429d240b147", "地番": "4699-1", "ポリゴンの面積": 11, "auxiliary_storage_labeling_positionx": null, "auxiliary_storage_labeling_positiony": null, "auxiliary_storage_labeling_show": null, "auxiliary_storage_labeling_labelrotation": null, "auxiliary_storage_labeling_family": null, "auxiliary_storage_labeling_fontstyle": null, "auxiliary_storage_labeling_size": null, "auxiliary_storage_labeling_bold": null, "auxiliary_storage_labeling_italic": null, "auxiliary_storage_labeling_underline": null, "auxiliary_storage_labeling_color": null, "auxiliary_storage_labeling_strikeout": null, "auxiliary_storage_labeling_multilinealignment": null, "auxiliary_storage_labeling_buffersize": null, "auxiliary_storage_labeling_buffercolor": null, "auxiliary_storage_labeling_bufferdraw": null, "auxiliary_storage_labeling_labeldistance": null, "auxiliary_storage_labeling_hali": null, "auxiliary_storage_labeling_vali": null, "auxiliary_storage_labeling_scalevisibility": null, "auxiliary_storage_labeling_minscale": null, "auxiliary_storage_labeling_maxscale": null, "auxiliary_storage_labeling_alwaysshow": null, "auxiliary_storage_labeling_calloutdraw": null, "auxiliary_storage_labeling_labelallparts": null }, "geometry": { "type": "MultiPolygon", "coordinates": [ [ [ [ 140.491754061, 35.928651176 ], [ 140.491493478, 35.928486232 ], [ 140.491212447, 35.928726007 ], [ 140.491453617, 35.928898852 ], [ 140.491754061, 35.928651176 ] ] ] ] } },
{ "type": "Feature", "properties": { "fid": 124, "氏名": "鳥羽修可", "遅まき": null, "2026地名地番": "笄島字上代4592-1", "散布面積": "11", "備考": null, "検索_Address": "笄島字上代4592-1", "検索_Tiban": "4592-1", "ｗｋｔ": "efd852210b22e4b9ab2e7b715a83b534", "地番": "4592-1", "ポリゴンの面積": 10, "auxiliary_storage_labeling_positionx": null, "auxiliary_storage_labeling_positiony": null, "auxiliary_storage_labeling_show": null, "auxiliary_storage_labeling_labelrotation": null, "auxiliary_storage_labeling_family": null, "auxiliary_storage_labeling_fontstyle": null, "auxiliary_storage_labeling_size": 1.0, "auxiliary_storage_labeling_bold": null, "auxiliary_storage_labeling_italic": null, "auxiliary_storage_labeling_underline": null, "auxiliary_storage_labeling_color": null, "auxiliary_storage_labeling_strikeout": null, "auxiliary_storage_labeling_multilinealignment": null, "auxiliary_storage_labeling_buffersize": null, "auxiliary_storage_labeling_buffercolor": null, "auxiliary_storage_labeling_bufferdraw": null, "auxiliary_storage_labeling_labeldistance": null, "auxiliary_storage_labeling_hali": null, "auxiliary_storage_labeling_vali": null, "auxiliary_storage_labeling_scalevisibility": null, "auxiliary_storage_labeling_minscale": null, "auxiliary_storage_labeling_maxscale": null, "auxiliary_storage_labeling_alwaysshow": null, "auxiliary_storage_labeling_calloutdraw": null, "auxiliary_storage_labeling_labelallparts": null }, "geometry": { "type": "MultiPolygon", "coordinates": [ [ [ [ 140.495387543, 35.928736887 ], [ 140.495551615000011, 35.928919843 ], [ 140.495921571, 35.928783492 ], [ 140.495821654999986, 35.928575287 ], [ 140.495387543, 35.928736887 ] ] ] ] } },
{ "type": "Feature", "properties": { "fid": 125, "氏名": "鳥羽修可", "遅まき": null, "2026地名地番": "笄島字上代4581-1", "散布面積": "8", "備考": null, "検索_Address": "笄島字上代4581-1", "検索_Tiban": "4581-1", "ｗｋｔ": "d2f6d47705a61cd49d09b641ec17b6c2", "地番": "4581-1", "ポリゴンの面積": 10, "auxiliary_storage_labeling_positionx": null, "auxiliary_storage_labeling_positiony": null, "auxiliary_storage_labeling_show": null, "auxiliary_storage_labeling_labelrotation": null, "auxiliary_storage_labeling_family": null, "auxiliary_storage_labeling_fontstyle": null, "auxiliary_storage_labeling_size": 1.0, "auxiliary_storage_labeling_bold": null, "auxiliary_storage_labeling_italic": null, "auxiliary_storage_labeling_underline": null, "auxiliary_storage_labeling_color": null, "auxiliary_storage_labeling_strikeout": null, "auxiliary_storage_labeling_multilinealignment": null, "auxiliary_storage_labeling_buffersize": null, "auxiliary_storage_labeling_buffercolor": null, "auxiliary_storage_labeling_bufferdraw": null, "auxiliary_storage_labeling_labeldistance": null, "auxiliary_storage_labeling_hali": null, "auxiliary_storage_labeling_vali": null, "auxiliary_storage_labeling_scalevisibility": null, "auxiliary_storage_labeling_minscale": null, "auxiliary_storage_labeling_maxscale": null, "auxiliary_storage_labeling_alwaysshow": null, "auxiliary_storage_labeling_calloutdraw": null, "auxiliary_storage_labeling_labelallparts": null }, "geometry": { "type": "MultiPolygon", "coordinates": [ [ [ [ 140.495811800000013, 35.929472027 ], [ 140.495944236000014, 35.929422541 ], [ 140.49602141, 35.929556515 ], [ 140.496227172, 35.929480317 ], [ 140.496063371, 35.929188545 ], [ 140.495724872000011, 35.929316124 ], [ 140.495811800000013, 35.929472027 ] ] ] ] } },
{ "type": "Feature", "properties": { "fid": 126, "氏名": "鳥羽修可", "遅まき": null, "2026地名地番": "笄島字上代4582", "散布面積": "6.5", "備考": null, "検索_Address": "笄島字上代4582", "検索_Tiban": "4582", "ｗｋｔ": "6afa2f71eed13aa0f37d0161f0179823", "地番": "4582", "ポリゴンの面積": 9, "auxiliary_storage_labeling_positionx": null, "auxiliary_storage_labeling_positiony": null, "auxiliary_storage_labeling_show": null, "auxiliary_storage_labeling_labelrotation": null, "auxiliary_storage_labeling_family": null, "auxiliary_storage_labeling_fontstyle": null, "auxiliary_storage_labeling_size": 1.0, "auxiliary_storage_labeling_bold": null, "auxiliary_storage_labeling_italic": null, "auxiliary_storage_labeling_underline": null, "auxiliary_storage_labeling_color": null, "auxiliary_storage_labeling_strikeout": null, "auxiliary_storage_labeling_multilinealignment": null, "auxiliary_storage_labeling_buffersize": null, "auxiliary_storage_labeling_buffercolor": null, "auxiliary_storage_labeling_bufferdraw": null, "auxiliary_storage_labeling_labeldistance": null, "auxiliary_storage_labeling_hali": null, "auxiliary_storage_labeling_vali": null, "auxiliary_storage_labeling_scalevisibility": null, "auxiliary_storage_labeling_minscale": null, "auxiliary_storage_labeling_maxscale": null, "auxiliary_storage_labeling_alwaysshow": null, "auxiliary_storage_labeling_calloutdraw": null, "auxiliary_storage_labeling_labelallparts": null }, "geometry": { "type": "MultiPolygon", "coordinates": [ [ [ [ 140.495635736999986, 35.929086439 ], [ 140.495646187, 35.929151016 ], [ 140.495657981, 35.929170007 ], [ 140.49564593, 35.929174545 ], [ 140.495724872000011, 35.929316124 ], [ 140.496063371, 35.929188545 ], [ 140.496081208, 35.929181823 ], [ 140.495978781, 35.928999856 ], [ 140.49583793, 35.929043558 ], [ 140.495820621, 35.929020451 ], [ 140.495635736999986, 35.929086439 ] ] ] ] } },
{ "type": "Feature", "properties": { "fid": 127, "氏名": "鳥羽修可", "遅まき": null, "2026地名地番": "笄島字上代4530-1", "散布面積": "43.9", "備考": null, "検索_Address": "笄島字上代4530-1", "検索_Tiban": "4530-1", "ｗｋｔ": "a897df988346269f62533408e55c9ec5", "地番": "4530-1", "ポリゴンの面積": 51, "auxiliary_storage_labeling_positionx": null, "auxiliary_storage_labeling_positiony": null, "auxiliary_storage_labeling_show": null, "auxiliary_storage_labeling_labelrotation": null, "auxiliary_storage_labeling_family": null, "auxiliary_storage_labeling_fontstyle": null, "auxiliary_storage_labeling_size": null, "auxiliary_storage_labeling_bold": null, "auxiliary_storage_labeling_italic": null, "auxiliary_storage_labeling_underline": null, "auxiliary_storage_labeling_color": null, "auxiliary_storage_labeling_strikeout": null, "auxiliary_storage_labeling_multilinealignment": null, "auxiliary_storage_labeling_buffersize": null, "auxiliary_storage_labeling_buffercolor": null, "auxiliary_storage_labeling_bufferdraw": null, "auxiliary_storage_labeling_labeldistance": null, "auxiliary_storage_labeling_hali": null, "auxiliary_storage_labeling_vali": null, "auxiliary_storage_labeling_scalevisibility": null, "auxiliary_storage_labeling_minscale": null, "auxiliary_storage_labeling_maxscale": null, "auxiliary_storage_labeling_alwaysshow": null, "auxiliary_storage_labeling_calloutdraw": null, "auxiliary_storage_labeling_labelallparts": null }, "geometry": { "type": "MultiPolygon", "coordinates": [ [ [ [ 140.499145491, 35.932497349 ], [ 140.498564608, 35.931458277 ], [ 140.498161656, 35.931608854 ], [ 140.49873765800001, 35.932643485 ], [ 140.499145491, 35.932497349 ] ] ] ] } },
{ "type": "Feature", "properties": { "fid": 128, "氏名": "鳥羽修可", "遅まき": null, "2026地名地番": "笄島字上代4527", "散布面積": "54", "備考": null, "検索_Address": "笄島字上代4527", "検索_Tiban": "4527", "ｗｋｔ": "a0dc3cd7310bbe266298b9f41cb6483e", "地番": "4527", "ポリゴンの面積": 61, "auxiliary_storage_labeling_positionx": null, "auxiliary_storage_labeling_positiony": null, "auxiliary_storage_labeling_show": null, "auxiliary_storage_labeling_labelrotation": null, "auxiliary_storage_labeling_family": null, "auxiliary_storage_labeling_fontstyle": null, "auxiliary_storage_labeling_size": null, "auxiliary_storage_labeling_bold": null, "auxiliary_storage_labeling_italic": null, "auxiliary_storage_labeling_underline": null, "auxiliary_storage_labeling_color": null, "auxiliary_storage_labeling_strikeout": null, "auxiliary_storage_labeling_multilinealignment": null, "auxiliary_storage_labeling_buffersize": null, "auxiliary_storage_labeling_buffercolor": null, "auxiliary_storage_labeling_bufferdraw": null, "auxiliary_storage_labeling_labeldistance": null, "auxiliary_storage_labeling_hali": null, "auxiliary_storage_labeling_vali": null, "auxiliary_storage_labeling_scalevisibility": null, "auxiliary_storage_labeling_minscale": null, "auxiliary_storage_labeling_maxscale": null, "auxiliary_storage_labeling_alwaysshow": null, "auxiliary_storage_labeling_calloutdraw": null, "auxiliary_storage_labeling_labelallparts": null }, "geometry": { "type": "MultiPolygon", "coordinates": [ [ [ [ 140.498111746, 35.932320034 ], [ 140.49698073, 35.932738411 ], [ 140.49731405, 35.933174028 ], [ 140.498365744000012, 35.932779605 ], [ 140.498111746, 35.932320034 ] ] ] ] } },
{ "type": "Feature", "properties": { "fid": 129, "氏名": "鳥羽修可", "遅まき": null, "2026地名地番": "八筋川字二ノ川3421-1", "散布面積": "52.9", "備考": null, "検索_Address": "八筋川字二ノ川3421-1,八筋川字二ノ川3421-2", "検索_Tiban": "3421-1,3421-2", "ｗｋｔ": "c4df675d9f18416409c838a21d7a286b", "地番": "3421-1", "ポリゴンの面積": 54, "auxiliary_storage_labeling_positionx": null, "auxiliary_storage_labeling_positiony": null, "auxiliary_storage_labeling_show": null, "auxiliary_storage_labeling_labelrotation": null, "auxiliary_storage_labeling_family": null, "auxiliary_storage_labeling_fontstyle": null, "auxiliary_storage_labeling_size": null, "auxiliary_storage_labeling_bold": null, "auxiliary_storage_labeling_italic": null, "auxiliary_storage_labeling_underline": null, "auxiliary_storage_labeling_color": null, "auxiliary_storage_labeling_strikeout": null, "auxiliary_storage_labeling_multilinealignment": null, "auxiliary_storage_labeling_buffersize": null, "auxiliary_storage_labeling_buffercolor": null, "auxiliary_storage_labeling_bufferdraw": null, "auxiliary_storage_labeling_labeldistance": null, "auxiliary_storage_labeling_hali": null, "auxiliary_storage_labeling_vali": null, "auxiliary_storage_labeling_scalevisibility": null, "auxiliary_storage_labeling_minscale": null, "auxiliary_storage_labeling_maxscale": null, "auxiliary_storage_labeling_alwaysshow": null, "auxiliary_storage_labeling_calloutdraw": null, "auxiliary_storage_labeling_labelallparts": null }, "geometry": { "type": "MultiPolygon", "coordinates": [ [ [ [ 140.505769447, 35.942545525 ], [ 140.505331332999987, 35.942708826 ], [ 140.505907807, 35.943738341 ], [ 140.506342282, 35.943575907 ], [ 140.505769447, 35.942545525 ] ] ] ] } },
{ "type": "Feature", "properties": { "fid": 130, "氏名": "中尾操", "遅まき": null, "2026地名地番": "笄島字運動津4841-1", "散布面積": "2.9", "備考": null, "検索_Address": "笄島字運動津4841-1", "検索_Tiban": "4841-1~4841-3", "ｗｋｔ": "b42c19ccfc869d9d4b28ca69767b8b06", "地番": "4841-1", "ポリゴンの面積": 5, "auxiliary_storage_labeling_positionx": 140.49313687229741, "auxiliary_storage_labeling_positiony": 35.925316039061272, "auxiliary_storage_labeling_show": null, "auxiliary_storage_labeling_labelrotation": null, "auxiliary_storage_labeling_family": null, "auxiliary_storage_labeling_fontstyle": null, "auxiliary_storage_labeling_size": 1.0, "auxiliary_storage_labeling_bold": null, "auxiliary_storage_labeling_italic": null, "auxiliary_storage_labeling_underline": null, "auxiliary_storage_labeling_color": null, "auxiliary_storage_labeling_strikeout": null, "auxiliary_storage_labeling_multilinealignment": null, "auxiliary_storage_labeling_buffersize": null, "auxiliary_storage_labeling_buffercolor": null, "auxiliary_storage_labeling_bufferdraw": null, "auxiliary_storage_labeling_labeldistance": null, "auxiliary_storage_labeling_hali": null, "auxiliary_storage_labeling_vali": null, "auxiliary_storage_labeling_scalevisibility": null, "auxiliary_storage_labeling_minscale": null, "auxiliary_storage_labeling_maxscale": null, "auxiliary_storage_labeling_alwaysshow": null, "auxiliary_storage_labeling_calloutdraw": null, "auxiliary_storage_labeling_labelallparts": null }, "geometry": { "type": "MultiPolygon", "coordinates": [ [ [ [ 140.493359489999989, 35.925546606 ], [ 140.49340088673685, 35.925529133218078 ], [ 140.492881009135118, 35.924571832343133 ], [ 140.492831880174748, 35.924592082819728 ], [ 140.493359489999989, 35.925546606 ] ] ] ] } },
{ "type": "Feature", "properties": { "fid": 131, "氏名": "中尾操", "遅まき": null, "2026地名地番": "笄島字運動津4842", "散布面積": "4.79", "備考": null, "検索_Address": "笄島字運動津4842,笄島字運動津4843", "検索_Tiban": "4842,4843", "ｗｋｔ": "0773faa925ff2d5b4b3f3f63c42777cd", "地番": "4842", "ポリゴンの面積": 69, "auxiliary_storage_labeling_positionx": null, "auxiliary_storage_labeling_positiony": null, "auxiliary_storage_labeling_show": null, "auxiliary_storage_labeling_labelrotation": null, "auxiliary_storage_labeling_family": null, "auxiliary_storage_labeling_fontstyle": null, "auxiliary_storage_labeling_size": null, "auxiliary_storage_labeling_bold": null, "auxiliary_storage_labeling_italic": null, "auxiliary_storage_labeling_underline": null, "auxiliary_storage_labeling_color": null, "auxiliary_storage_labeling_strikeout": null, "auxiliary_storage_labeling_multilinealignment": null, "auxiliary_storage_labeling_buffersize": null, "auxiliary_storage_labeling_buffercolor": null, "auxiliary_storage_labeling_bufferdraw": null, "auxiliary_storage_labeling_labeldistance": null, "auxiliary_storage_labeling_hali": null, "auxiliary_storage_labeling_vali": null, "auxiliary_storage_labeling_scalevisibility": null, "auxiliary_storage_labeling_minscale": null, "auxiliary_storage_labeling_maxscale": null, "auxiliary_storage_labeling_alwaysshow": null, "auxiliary_storage_labeling_calloutdraw": null, "auxiliary_storage_labeling_labelallparts": null }, "geometry": { "type": "MultiPolygon", "coordinates": [ [ [ [ 140.493359489999989, 35.925546606 ], [ 140.492796405, 35.924526857 ], [ 140.49223647, 35.924731803 ], [ 140.492797593, 35.925754348 ], [ 140.493359489999989, 35.925546606 ] ] ] ] } },
{ "type": "Feature", "properties": { "fid": 133, "氏名": "大島一浩", "遅まき": "遅まき", "2026地名地番": "長島字屋敷付2040", "散布面積": "10", "備考": null, "検索_Address": "長島字屋敷付2040", "検索_Tiban": "2040", "ｗｋｔ": "6a64a30e0799b40070acd2a86f318cb9", "地番": "2040", "ポリゴンの面積": 10, "auxiliary_storage_labeling_positionx": null, "auxiliary_storage_labeling_positiony": null, "auxiliary_storage_labeling_show": null, "auxiliary_storage_labeling_labelrotation": null, "auxiliary_storage_labeling_family": null, "auxiliary_storage_labeling_fontstyle": null, "auxiliary_storage_labeling_size": null, "auxiliary_storage_labeling_bold": null, "auxiliary_storage_labeling_italic": null, "auxiliary_storage_labeling_underline": null, "auxiliary_storage_labeling_color": null, "auxiliary_storage_labeling_strikeout": null, "auxiliary_storage_labeling_multilinealignment": null, "auxiliary_storage_labeling_buffersize": null, "auxiliary_storage_labeling_buffercolor": null, "auxiliary_storage_labeling_bufferdraw": null, "auxiliary_storage_labeling_labeldistance": null, "auxiliary_storage_labeling_hali": null, "auxiliary_storage_labeling_vali": null, "auxiliary_storage_labeling_scalevisibility": null, "auxiliary_storage_labeling_minscale": null, "auxiliary_storage_labeling_maxscale": null, "auxiliary_storage_labeling_alwaysshow": null, "auxiliary_storage_labeling_calloutdraw": null, "auxiliary_storage_labeling_labelallparts": null }, "geometry": { "type": "MultiPolygon", "coordinates": [ [ [ [ 140.502201037, 35.923930178 ], [ 140.502167061, 35.923958259 ], [ 140.50206979, 35.923957859 ], [ 140.501820742, 35.924082746 ], [ 140.501967847, 35.924317418 ], [ 140.502319156999988, 35.924081758 ], [ 140.502201037, 35.923930178 ] ] ] ] } },
{ "type": "Feature", "properties": { "fid": 134, "氏名": "大島一浩", "遅まき": "遅まき", "2026地名地番": "長島字屋敷付2044", "散布面積": "21", "備考": null, "検索_Address": "長島字屋敷付2044", "検索_Tiban": "2044", "ｗｋｔ": "bd8478a8c4675229b826250346719238", "地番": "2044", "ポリゴンの面積": 22, "auxiliary_storage_labeling_positionx": null, "auxiliary_storage_labeling_positiony": null, "auxiliary_storage_labeling_show": null, "auxiliary_storage_labeling_labelrotation": null, "auxiliary_storage_labeling_family": null, "auxiliary_storage_labeling_fontstyle": null, "auxiliary_storage_labeling_size": null, "auxiliary_storage_labeling_bold": null, "auxiliary_storage_labeling_italic": null, "auxiliary_storage_labeling_underline": null, "auxiliary_storage_labeling_color": null, "auxiliary_storage_labeling_strikeout": null, "auxiliary_storage_labeling_multilinealignment": null, "auxiliary_storage_labeling_buffersize": null, "auxiliary_storage_labeling_buffercolor": null, "auxiliary_storage_labeling_bufferdraw": null, "auxiliary_storage_labeling_labeldistance": null, "auxiliary_storage_labeling_hali": null, "auxiliary_storage_labeling_vali": null, "auxiliary_storage_labeling_scalevisibility": null, "auxiliary_storage_labeling_minscale": null, "auxiliary_storage_labeling_maxscale": null, "auxiliary_storage_labeling_alwaysshow": null, "auxiliary_storage_labeling_calloutdraw": null, "auxiliary_storage_labeling_labelallparts": null }, "geometry": { "type": "MultiPolygon", "coordinates": [ [ [ [ 140.501384365, 35.92470417 ], [ 140.501839203, 35.924401193 ], [ 140.501737603, 35.924299098 ], [ 140.50144142900001, 35.924467451 ], [ 140.501141573000012, 35.92403592 ], [ 140.500879527, 35.924128931 ], [ 140.501384365, 35.92470417 ] ] ] ] } },
{ "type": "Feature", "properties": { "fid": 135, "氏名": "大島一浩", "遅まき": "遅まき", "2026地名地番": "長島字庚塚2118-1", "散布面積": "34", "備考": null, "検索_Address": "長島字庚塚2118-1", "検索_Tiban": "2118-1", "ｗｋｔ": "ceac4ea4c36b4d865dbf3e83a99fa598", "地番": "2118-1", "ポリゴンの面積": 34, "auxiliary_storage_labeling_positionx": null, "auxiliary_storage_labeling_positiony": null, "auxiliary_storage_labeling_show": null, "auxiliary_storage_labeling_labelrotation": null, "auxiliary_storage_labeling_family": null, "auxiliary_storage_labeling_fontstyle": null, "auxiliary_storage_labeling_size": null, "auxiliary_storage_labeling_bold": null, "auxiliary_storage_labeling_italic": null, "auxiliary_storage_labeling_underline": null, "auxiliary_storage_labeling_color": null, "auxiliary_storage_labeling_strikeout": null, "auxiliary_storage_labeling_multilinealignment": null, "auxiliary_storage_labeling_buffersize": null, "auxiliary_storage_labeling_buffercolor": null, "auxiliary_storage_labeling_bufferdraw": null, "auxiliary_storage_labeling_labeldistance": null, "auxiliary_storage_labeling_hali": null, "auxiliary_storage_labeling_vali": null, "auxiliary_storage_labeling_scalevisibility": null, "auxiliary_storage_labeling_minscale": null, "auxiliary_storage_labeling_maxscale": null, "auxiliary_storage_labeling_alwaysshow": null, "auxiliary_storage_labeling_calloutdraw": null, "auxiliary_storage_labeling_labelallparts": null }, "geometry": { "type": "MultiPolygon", "coordinates": [ [ [ [ 140.501652326, 35.923815919 ], [ 140.501076847, 35.922782723 ], [ 140.500814634, 35.922876464 ], [ 140.500811449, 35.922897622 ], [ 140.501363343, 35.923894903 ], [ 140.501396884, 35.923913664 ], [ 140.501652326, 35.923815919 ] ] ] ] } },
{ "type": "Feature", "properties": { "fid": 137, "氏名": "大島一浩", "遅まき": "遅まき", "2026地名地番": "長島字庚塚2119-2", "散布面積": "34", "備考": null, "検索_Address": "長島字庚塚2119-1,長島字庚塚2119-2", "検索_Tiban": "2119-1,2119-2", "ｗｋｔ": "210cb604071b01140d7eea8c10d563ed", "地番": "2119-2", "ポリゴンの面積": 52, "auxiliary_storage_labeling_positionx": null, "auxiliary_storage_labeling_positiony": null, "auxiliary_storage_labeling_show": null, "auxiliary_storage_labeling_labelrotation": null, "auxiliary_storage_labeling_family": null, "auxiliary_storage_labeling_fontstyle": null, "auxiliary_storage_labeling_size": null, "auxiliary_storage_labeling_bold": null, "auxiliary_storage_labeling_italic": null, "auxiliary_storage_labeling_underline": null, "auxiliary_storage_labeling_color": null, "auxiliary_storage_labeling_strikeout": null, "auxiliary_storage_labeling_multilinealignment": null, "auxiliary_storage_labeling_buffersize": null, "auxiliary_storage_labeling_buffercolor": null, "auxiliary_storage_labeling_bufferdraw": null, "auxiliary_storage_labeling_labeldistance": null, "auxiliary_storage_labeling_hali": null, "auxiliary_storage_labeling_vali": null, "auxiliary_storage_labeling_scalevisibility": null, "auxiliary_storage_labeling_minscale": null, "auxiliary_storage_labeling_maxscale": null, "auxiliary_storage_labeling_alwaysshow": null, "auxiliary_storage_labeling_calloutdraw": null, "auxiliary_storage_labeling_labelallparts": null }, "geometry": { "type": "MultiPolygon", "coordinates": [ [ [ [ 140.501491999, 35.92263023 ], [ 140.501076847, 35.922782723 ], [ 140.501652326, 35.923815919 ], [ 140.502065125, 35.923666212 ], [ 140.501491999, 35.92263023 ] ] ] ] } },
{ "type": "Feature", "properties": { "fid": 138, "氏名": "大島一浩", "遅まき": "遅まき", "2026地名地番": "長島字庚塚2120", "散布面積": "49.8", "備考": null, "検索_Address": "長島字庚塚2120", "検索_Tiban": "2120", "ｗｋｔ": "60f4f0d6dd86ffe38de0ecbe2ae712fd", "地番": "2120", "ポリゴンの面積": 51, "auxiliary_storage_labeling_positionx": null, "auxiliary_storage_labeling_positiony": null, "auxiliary_storage_labeling_show": null, "auxiliary_storage_labeling_labelrotation": null, "auxiliary_storage_labeling_family": null, "auxiliary_storage_labeling_fontstyle": null, "auxiliary_storage_labeling_size": null, "auxiliary_storage_labeling_bold": null, "auxiliary_storage_labeling_italic": null, "auxiliary_storage_labeling_underline": null, "auxiliary_storage_labeling_color": null, "auxiliary_storage_labeling_strikeout": null, "auxiliary_storage_labeling_multilinealignment": null, "auxiliary_storage_labeling_buffersize": null, "auxiliary_storage_labeling_buffercolor": null, "auxiliary_storage_labeling_bufferdraw": null, "auxiliary_storage_labeling_labeldistance": null, "auxiliary_storage_labeling_hali": null, "auxiliary_storage_labeling_vali": null, "auxiliary_storage_labeling_scalevisibility": null, "auxiliary_storage_labeling_minscale": null, "auxiliary_storage_labeling_maxscale": null, "auxiliary_storage_labeling_alwaysshow": null, "auxiliary_storage_labeling_calloutdraw": null, "auxiliary_storage_labeling_labelallparts": null }, "geometry": { "type": "MultiPolygon", "coordinates": [ [ [ [ 140.502480693, 35.923513438 ], [ 140.501895018999988, 35.922479496 ], [ 140.501491999, 35.92263023 ], [ 140.502065125, 35.923666212 ], [ 140.502480693, 35.923513438 ] ] ] ] } },
{ "type": "Feature", "properties": { "fid": 139, "氏名": "大島一浩", "遅まき": "遅まき", "2026地名地番": "長島字庚塚2121", "散布面積": "49.8", "備考": null, "検索_Address": "長島字庚塚2121", "検索_Tiban": "2121", "ｗｋｔ": "1930e1780239d29d41316c24cd1bb0c7", "地番": "2121", "ポリゴンの面積": 52, "auxiliary_storage_labeling_positionx": null, "auxiliary_storage_labeling_positiony": null, "auxiliary_storage_labeling_show": null, "auxiliary_storage_labeling_labelrotation": null, "auxiliary_storage_labeling_family": null, "auxiliary_storage_labeling_fontstyle": null, "auxiliary_storage_labeling_size": null, "auxiliary_storage_labeling_bold": null, "auxiliary_storage_labeling_italic": null, "auxiliary_storage_labeling_underline": null, "auxiliary_storage_labeling_color": null, "auxiliary_storage_labeling_strikeout": null, "auxiliary_storage_labeling_multilinealignment": null, "auxiliary_storage_labeling_buffersize": null, "auxiliary_storage_labeling_buffercolor": null, "auxiliary_storage_labeling_bufferdraw": null, "auxiliary_storage_labeling_labeldistance": null, "auxiliary_storage_labeling_hali": null, "auxiliary_storage_labeling_vali": null, "auxiliary_storage_labeling_scalevisibility": null, "auxiliary_storage_labeling_minscale": null, "auxiliary_storage_labeling_maxscale": null, "auxiliary_storage_labeling_alwaysshow": null, "auxiliary_storage_labeling_calloutdraw": null, "auxiliary_storage_labeling_labelallparts": null }, "geometry": { "type": "MultiPolygon", "coordinates": [ [ [ [ 140.502885311999989, 35.92336419 ], [ 140.502316621, 35.922327289 ], [ 140.501895018999988, 35.922479496 ], [ 140.502480693, 35.923513438 ], [ 140.502885311999989, 35.92336419 ] ] ] ] } },
{ "type": "Feature", "properties": { "fid": 141, "氏名": "大島一浩", "遅まき": "遅まき", "2026地名地番": "長島字庚塚2123", "散布面積": "1.2", "備考": null, "検索_Address": "長島字庚塚2122,長島字庚塚2123", "検索_Tiban": "2122,2123", "ｗｋｔ": "8a831052b53ff0ba35d7aaa63e4f979b", "地番": "2123", "ポリゴンの面積": 20, "auxiliary_storage_labeling_positionx": null, "auxiliary_storage_labeling_positiony": null, "auxiliary_storage_labeling_show": null, "auxiliary_storage_labeling_labelrotation": null, "auxiliary_storage_labeling_family": null, "auxiliary_storage_labeling_fontstyle": null, "auxiliary_storage_labeling_size": null, "auxiliary_storage_labeling_bold": null, "auxiliary_storage_labeling_italic": null, "auxiliary_storage_labeling_underline": null, "auxiliary_storage_labeling_color": null, "auxiliary_storage_labeling_strikeout": null, "auxiliary_storage_labeling_multilinealignment": null, "auxiliary_storage_labeling_buffersize": null, "auxiliary_storage_labeling_buffercolor": null, "auxiliary_storage_labeling_bufferdraw": null, "auxiliary_storage_labeling_labeldistance": null, "auxiliary_storage_labeling_hali": null, "auxiliary_storage_labeling_vali": null, "auxiliary_storage_labeling_scalevisibility": null, "auxiliary_storage_labeling_minscale": null, "auxiliary_storage_labeling_maxscale": null, "auxiliary_storage_labeling_alwaysshow": null, "auxiliary_storage_labeling_calloutdraw": null, "auxiliary_storage_labeling_labelallparts": null }, "geometry": { "type": "MultiPolygon", "coordinates": [ [ [ [ 140.502469947, 35.922268897 ], [ 140.502316621, 35.922327289 ], [ 140.502885311999989, 35.92336419 ], [ 140.503046336000011, 35.923303956 ], [ 140.502469947, 35.922268897 ] ] ] ] } },
{ "type": "Feature", "properties": { "fid": 142, "氏名": "大島一浩", "遅まき": "遅まき", "2026地名地番": "長島字庚塚2124", "散布面積": "1.9", "備考": null, "検索_Address": "長島字庚塚2124", "検索_Tiban": "2124", "ｗｋｔ": "5e8bedc704a362f99672f93a425077a3", "地番": "2124", "ポリゴンの面積": 28, "auxiliary_storage_labeling_positionx": null, "auxiliary_storage_labeling_positiony": null, "auxiliary_storage_labeling_show": null, "auxiliary_storage_labeling_labelrotation": null, "auxiliary_storage_labeling_family": null, "auxiliary_storage_labeling_fontstyle": null, "auxiliary_storage_labeling_size": null, "auxiliary_storage_labeling_bold": null, "auxiliary_storage_labeling_italic": null, "auxiliary_storage_labeling_underline": null, "auxiliary_storage_labeling_color": null, "auxiliary_storage_labeling_strikeout": null, "auxiliary_storage_labeling_multilinealignment": null, "auxiliary_storage_labeling_buffersize": null, "auxiliary_storage_labeling_buffercolor": null, "auxiliary_storage_labeling_bufferdraw": null, "auxiliary_storage_labeling_labeldistance": null, "auxiliary_storage_labeling_hali": null, "auxiliary_storage_labeling_vali": null, "auxiliary_storage_labeling_scalevisibility": null, "auxiliary_storage_labeling_minscale": null, "auxiliary_storage_labeling_maxscale": null, "auxiliary_storage_labeling_alwaysshow": null, "auxiliary_storage_labeling_calloutdraw": null, "auxiliary_storage_labeling_labelallparts": null }, "geometry": { "type": "MultiPolygon", "coordinates": [ [ [ [ 140.503272291, 35.923220049 ], [ 140.502698417, 35.922186492 ], [ 140.502469947, 35.922268897 ], [ 140.503046336000011, 35.923303956 ], [ 140.503272291, 35.923220049 ] ] ] ] } },
{ "type": "Feature", "properties": { "fid": 144, "氏名": "大島一浩", "遅まき": "遅まき", "2026地名地番": "長島字庚塚2145", "散布面積": "21", "備考": null, "検索_Address": "長島字庚塚2144,長島字庚塚2145", "検索_Tiban": "2144,2145", "ｗｋｔ": "8a7385fee282a40d457a24a7468eaa71", "地番": "2145", "ポリゴンの面積": 30, "auxiliary_storage_labeling_positionx": null, "auxiliary_storage_labeling_positiony": null, "auxiliary_storage_labeling_show": null, "auxiliary_storage_labeling_labelrotation": null, "auxiliary_storage_labeling_family": null, "auxiliary_storage_labeling_fontstyle": null, "auxiliary_storage_labeling_size": null, "auxiliary_storage_labeling_bold": null, "auxiliary_storage_labeling_italic": null, "auxiliary_storage_labeling_underline": null, "auxiliary_storage_labeling_color": null, "auxiliary_storage_labeling_strikeout": null, "auxiliary_storage_labeling_multilinealignment": null, "auxiliary_storage_labeling_buffersize": null, "auxiliary_storage_labeling_buffercolor": null, "auxiliary_storage_labeling_bufferdraw": null, "auxiliary_storage_labeling_labeldistance": null, "auxiliary_storage_labeling_hali": null, "auxiliary_storage_labeling_vali": null, "auxiliary_storage_labeling_scalevisibility": null, "auxiliary_storage_labeling_minscale": null, "auxiliary_storage_labeling_maxscale": null, "auxiliary_storage_labeling_alwaysshow": null, "auxiliary_storage_labeling_calloutdraw": null, "auxiliary_storage_labeling_labelallparts": null }, "geometry": { "type": "MultiPolygon", "coordinates": [ [ [ [ 140.505107135, 35.921240137 ], [ 140.504533990999988, 35.920200472 ], [ 140.504297324, 35.920286177 ], [ 140.504871266, 35.92133024 ], [ 140.505107135, 35.921240137 ] ] ] ] } },
{ "type": "Feature", "properties": { "fid": 145, "氏名": "坂本優", "遅まき": null, "2026地名地番": "佐原字八郎田　ハ4279", "散布面積": "32.9", "備考": null, "検索_Address": "佐原字八郎田　ハ4279", "検索_Tiban": "4279", "ｗｋｔ": "1dff1d1332dc8c3af470df5bb8638fa8", "地番": "4279", "ポリゴンの面積": 41, "auxiliary_storage_labeling_positionx": null, "auxiliary_storage_labeling_positiony": null, "auxiliary_storage_labeling_show": null, "auxiliary_storage_labeling_labelrotation": null, "auxiliary_storage_labeling_family": null, "auxiliary_storage_labeling_fontstyle": null, "auxiliary_storage_labeling_size": null, "auxiliary_storage_labeling_bold": null, "auxiliary_storage_labeling_italic": null, "auxiliary_storage_labeling_underline": null, "auxiliary_storage_labeling_color": null, "auxiliary_storage_labeling_strikeout": null, "auxiliary_storage_labeling_multilinealignment": null, "auxiliary_storage_labeling_buffersize": null, "auxiliary_storage_labeling_buffercolor": null, "auxiliary_storage_labeling_bufferdraw": null, "auxiliary_storage_labeling_labeldistance": null, "auxiliary_storage_labeling_hali": null, "auxiliary_storage_labeling_vali": null, "auxiliary_storage_labeling_scalevisibility": null, "auxiliary_storage_labeling_minscale": null, "auxiliary_storage_labeling_maxscale": null, "auxiliary_storage_labeling_alwaysshow": null, "auxiliary_storage_labeling_calloutdraw": null, "auxiliary_storage_labeling_labelallparts": null }, "geometry": { "type": "MultiPolygon", "coordinates": [ [ [ [ 140.515998638000013, 35.935583711 ], [ 140.517277536, 35.935109255 ], [ 140.517123048, 35.934844182 ], [ 140.51585185, 35.935321586 ], [ 140.515998638000013, 35.935583711 ] ] ] ] } },
{ "type": "Feature", "properties": { "fid": 146, "氏名": "坂本優", "遅まき": null, "2026地名地番": "佐原字八郎田　ハ4278-1", "散布面積": "49", "備考": null, "検索_Address": "佐原字八郎田　ハ4278-1", "検索_Tiban": "4278-1", "ｗｋｔ": "2423f3dd3519f281141fd42622f2c3c8", "地番": "4278-1", "ポリゴンの面積": 43, "auxiliary_storage_labeling_positionx": null, "auxiliary_storage_labeling_positiony": null, "auxiliary_storage_labeling_show": null, "auxiliary_storage_labeling_labelrotation": null, "auxiliary_storage_labeling_family": null, "auxiliary_storage_labeling_fontstyle": null, "auxiliary_storage_labeling_size": null, "auxiliary_storage_labeling_bold": null, "auxiliary_storage_labeling_italic": null, "auxiliary_storage_labeling_underline": null, "auxiliary_storage_labeling_color": null, "auxiliary_storage_labeling_strikeout": null, "auxiliary_storage_labeling_multilinealignment": null, "auxiliary_storage_labeling_buffersize": null, "auxiliary_storage_labeling_buffercolor": null, "auxiliary_storage_labeling_bufferdraw": null, "auxiliary_storage_labeling_labeldistance": null, "auxiliary_storage_labeling_hali": null, "auxiliary_storage_labeling_vali": null, "auxiliary_storage_labeling_scalevisibility": null, "auxiliary_storage_labeling_minscale": null, "auxiliary_storage_labeling_maxscale": null, "auxiliary_storage_labeling_alwaysshow": null, "auxiliary_storage_labeling_calloutdraw": null, "auxiliary_storage_labeling_labelallparts": null }, "geometry": { "type": "MultiPolygon", "coordinates": [ [ [ [ 140.51585185, 35.935321586 ], [ 140.517123048, 35.934844182 ], [ 140.516983294, 35.934597687 ], [ 140.51696861, 35.934585912 ], [ 140.51695335, 35.934580842 ], [ 140.516939385, 35.934578859 ], [ 140.515691759, 35.935035697 ], [ 140.51585185, 35.935321586 ] ] ] ] } },
{ "type": "Feature", "properties": { "fid": 147, "氏名": "坂本優", "遅まき": null, "2026地名地番": "境島字出洲　943", "散布面積": "34.3", "備考": null, "検索_Address": "境島字出洲943", "検索_Tiban": "943", "ｗｋｔ": "897cfe837e74d2df01381557ef51e6d6", "地番": "943", "ポリゴンの面積": 37, "auxiliary_storage_labeling_positionx": null, "auxiliary_storage_labeling_positiony": null, "auxiliary_storage_labeling_show": null, "auxiliary_storage_labeling_labelrotation": null, "auxiliary_storage_labeling_family": null, "auxiliary_storage_labeling_fontstyle": null, "auxiliary_storage_labeling_size": null, "auxiliary_storage_labeling_bold": null, "auxiliary_storage_labeling_italic": null, "auxiliary_storage_labeling_underline": null, "auxiliary_storage_labeling_color": null, "auxiliary_storage_labeling_strikeout": null, "auxiliary_storage_labeling_multilinealignment": null, "auxiliary_storage_labeling_buffersize": null, "auxiliary_storage_labeling_buffercolor": null, "auxiliary_storage_labeling_bufferdraw": null, "auxiliary_storage_labeling_labeldistance": null, "auxiliary_storage_labeling_hali": null, "auxiliary_storage_labeling_vali": null, "auxiliary_storage_labeling_scalevisibility": null, "auxiliary_storage_labeling_minscale": null, "auxiliary_storage_labeling_maxscale": null, "auxiliary_storage_labeling_alwaysshow": null, "auxiliary_storage_labeling_calloutdraw": null, "auxiliary_storage_labeling_labelallparts": null }, "geometry": { "type": "MultiPolygon", "coordinates": [ [ [ [ 140.521535465999989, 35.94553484 ], [ 140.522828535, 35.945052634 ], [ 140.522699955, 35.944820311 ], [ 140.522173708999986, 35.945011811 ], [ 140.521402173000013, 35.945292565 ], [ 140.521535465999989, 35.94553484 ] ] ] ] } },
{ "type": "Feature", "properties": { "fid": 148, "氏名": "坂本優", "遅まき": null, "2026地名地番": "三島字南ノ小割　1246", "散布面積": "40.3", "備考": null, "検索_Address": "三島字南ノ小割1246", "検索_Tiban": "1246", "ｗｋｔ": "7cc9d260af06a11d0f2a7885466883a8", "地番": "1246", "ポリゴンの面積": 42, "auxiliary_storage_labeling_positionx": null, "auxiliary_storage_labeling_positiony": null, "auxiliary_storage_labeling_show": null, "auxiliary_storage_labeling_labelrotation": null, "auxiliary_storage_labeling_family": null, "auxiliary_storage_labeling_fontstyle": null, "auxiliary_storage_labeling_size": null, "auxiliary_storage_labeling_bold": null, "auxiliary_storage_labeling_italic": null, "auxiliary_storage_labeling_underline": null, "auxiliary_storage_labeling_color": null, "auxiliary_storage_labeling_strikeout": null, "auxiliary_storage_labeling_multilinealignment": null, "auxiliary_storage_labeling_buffersize": null, "auxiliary_storage_labeling_buffercolor": null, "auxiliary_storage_labeling_bufferdraw": null, "auxiliary_storage_labeling_labeldistance": null, "auxiliary_storage_labeling_hali": null, "auxiliary_storage_labeling_vali": null, "auxiliary_storage_labeling_scalevisibility": null, "auxiliary_storage_labeling_minscale": null, "auxiliary_storage_labeling_maxscale": null, "auxiliary_storage_labeling_alwaysshow": null, "auxiliary_storage_labeling_calloutdraw": null, "auxiliary_storage_labeling_labelallparts": null }, "geometry": { "type": "MultiPolygon", "coordinates": [ [ [ [ 140.518802904000012, 35.943449212 ], [ 140.520095443, 35.942967248 ], [ 140.519947269999989, 35.942698762 ], [ 140.518649308, 35.943177827 ], [ 140.518802904000012, 35.943449212 ] ] ] ] } },
{ "type": "Feature", "properties": { "fid": 149, "氏名": "坂本優", "遅まき": null, "2026地名地番": "境島字出洲　939～940", "散布面積": "34.8", "備考": null, "検索_Address": "境島字出洲939,境島字出洲940,境島字出洲941", "検索_Tiban": "939,940,941", "ｗｋｔ": "7d03011ce104238cda287dc2910b0b4d", "地番": "939～940", "ポリゴンの面積": 49, "auxiliary_storage_labeling_positionx": null, "auxiliary_storage_labeling_positiony": null, "auxiliary_storage_labeling_show": null, "auxiliary_storage_labeling_labelrotation": null, "auxiliary_storage_labeling_family": null, "auxiliary_storage_labeling_fontstyle": null, "auxiliary_storage_labeling_size": null, "auxiliary_storage_labeling_bold": null, "auxiliary_storage_labeling_italic": null, "auxiliary_storage_labeling_underline": null, "auxiliary_storage_labeling_color": null, "auxiliary_storage_labeling_strikeout": null, "auxiliary_storage_labeling_multilinealignment": null, "auxiliary_storage_labeling_buffersize": null, "auxiliary_storage_labeling_buffercolor": null, "auxiliary_storage_labeling_bufferdraw": null, "auxiliary_storage_labeling_labeldistance": null, "auxiliary_storage_labeling_hali": null, "auxiliary_storage_labeling_vali": null, "auxiliary_storage_labeling_scalevisibility": null, "auxiliary_storage_labeling_minscale": null, "auxiliary_storage_labeling_maxscale": null, "auxiliary_storage_labeling_alwaysshow": null, "auxiliary_storage_labeling_calloutdraw": null, "auxiliary_storage_labeling_labelallparts": null }, "geometry": { "type": "MultiPolygon", "coordinates": [ [ [ [ 140.521986848000012, 35.944676656 ], [ 140.522512594, 35.944483779 ], [ 140.522336266, 35.944173477 ], [ 140.521041192000013, 35.944645648 ], [ 140.521213311, 35.944960431 ], [ 140.521986848000012, 35.944676656 ] ] ] ] } },
{ "type": "Feature", "properties": { "fid": 151, "氏名": "坂本優", "遅まき": null, "2026地名地番": "境島字出洲　942", "散布面積": "49.7", "備考": null, "検索_Address": "境島字出洲942", "検索_Tiban": "942", "ｗｋｔ": "0b3704e0df885d0fb5c38ca9e767e1b5", "地番": "942", "ポリゴンの面積": 31, "auxiliary_storage_labeling_positionx": null, "auxiliary_storage_labeling_positiony": null, "auxiliary_storage_labeling_show": null, "auxiliary_storage_labeling_labelrotation": null, "auxiliary_storage_labeling_family": null, "auxiliary_storage_labeling_fontstyle": null, "auxiliary_storage_labeling_size": null, "auxiliary_storage_labeling_bold": null, "auxiliary_storage_labeling_italic": null, "auxiliary_storage_labeling_underline": null, "auxiliary_storage_labeling_color": null, "auxiliary_storage_labeling_strikeout": null, "auxiliary_storage_labeling_multilinealignment": null, "auxiliary_storage_labeling_buffersize": null, "auxiliary_storage_labeling_buffercolor": null, "auxiliary_storage_labeling_bufferdraw": null, "auxiliary_storage_labeling_labeldistance": null, "auxiliary_storage_labeling_hali": null, "auxiliary_storage_labeling_vali": null, "auxiliary_storage_labeling_scalevisibility": null, "auxiliary_storage_labeling_minscale": null, "auxiliary_storage_labeling_maxscale": null, "auxiliary_storage_labeling_alwaysshow": null, "auxiliary_storage_labeling_calloutdraw": null, "auxiliary_storage_labeling_labelallparts": null }, "geometry": { "type": "MultiPolygon", "coordinates": [ [ [ [ 140.521402173000013, 35.945292565 ], [ 140.522173708999986, 35.945011811 ], [ 140.521986848000012, 35.944676656 ], [ 140.521213311, 35.944960431 ], [ 140.521402173000013, 35.945292565 ] ] ] ] } },
{ "type": "Feature", "properties": { "fid": 153, "氏名": "黒田信和", "遅まき": null, "2026地名地番": "笄島字運動津4837", "散布面積": "50", "備考": null, "検索_Address": "笄島字運動津4836-1,笄島字運動津4837", "検索_Tiban": "4836-1,4837", "ｗｋｔ": "6dcaa74467d8c87e7c07ef9c179df7ad", "地番": "4837", "ポリゴンの面積": 67, "auxiliary_storage_labeling_positionx": null, "auxiliary_storage_labeling_positiony": null, "auxiliary_storage_labeling_show": null, "auxiliary_storage_labeling_labelrotation": null, "auxiliary_storage_labeling_family": null, "auxiliary_storage_labeling_fontstyle": null, "auxiliary_storage_labeling_size": null, "auxiliary_storage_labeling_bold": null, "auxiliary_storage_labeling_italic": null, "auxiliary_storage_labeling_underline": null, "auxiliary_storage_labeling_color": null, "auxiliary_storage_labeling_strikeout": null, "auxiliary_storage_labeling_multilinealignment": null, "auxiliary_storage_labeling_buffersize": null, "auxiliary_storage_labeling_buffercolor": null, "auxiliary_storage_labeling_bufferdraw": null, "auxiliary_storage_labeling_labeldistance": null, "auxiliary_storage_labeling_hali": null, "auxiliary_storage_labeling_vali": null, "auxiliary_storage_labeling_scalevisibility": null, "auxiliary_storage_labeling_minscale": null, "auxiliary_storage_labeling_maxscale": null, "auxiliary_storage_labeling_alwaysshow": null, "auxiliary_storage_labeling_calloutdraw": null, "auxiliary_storage_labeling_labelallparts": null }, "geometry": { "type": "MultiPolygon", "coordinates": [ [ [ [ 140.494577756000012, 35.924501468 ], [ 140.494759284999986, 35.924442168 ], [ 140.494861101, 35.92440839 ], [ 140.494568404, 35.923878249 ], [ 140.49388037, 35.924130095 ], [ 140.494443843999989, 35.925141278 ], [ 140.494847333, 35.924990128 ], [ 140.494577756000012, 35.924501468 ] ] ] ] } },
{ "type": "Feature", "properties": { "fid": 154, "氏名": "黒田信和", "遅まき": null, "2026地名地番": "笄島字運動津4838", "散布面積": "50", "備考": null, "検索_Address": "笄島字運動津4838", "検索_Tiban": "4838", "ｗｋｔ": "fd6d439b66a55c76719fd64be4f06d9d", "地番": "4838", "ポリゴンの面積": 52, "auxiliary_storage_labeling_positionx": null, "auxiliary_storage_labeling_positiony": null, "auxiliary_storage_labeling_show": null, "auxiliary_storage_labeling_labelrotation": null, "auxiliary_storage_labeling_family": null, "auxiliary_storage_labeling_fontstyle": null, "auxiliary_storage_labeling_size": null, "auxiliary_storage_labeling_bold": null, "auxiliary_storage_labeling_italic": null, "auxiliary_storage_labeling_underline": null, "auxiliary_storage_labeling_color": null, "auxiliary_storage_labeling_strikeout": null, "auxiliary_storage_labeling_multilinealignment": null, "auxiliary_storage_labeling_buffersize": null, "auxiliary_storage_labeling_buffercolor": null, "auxiliary_storage_labeling_bufferdraw": null, "auxiliary_storage_labeling_labeldistance": null, "auxiliary_storage_labeling_hali": null, "auxiliary_storage_labeling_vali": null, "auxiliary_storage_labeling_scalevisibility": null, "auxiliary_storage_labeling_minscale": null, "auxiliary_storage_labeling_maxscale": null, "auxiliary_storage_labeling_alwaysshow": null, "auxiliary_storage_labeling_calloutdraw": null, "auxiliary_storage_labeling_labelallparts": null }, "geometry": { "type": "MultiPolygon", "coordinates": [ [ [ [ 140.494011508, 35.925300423 ], [ 140.494443843999989, 35.925141278 ], [ 140.49388037, 35.924130095 ], [ 140.493464222, 35.924282419 ], [ 140.494011508, 35.925300423 ] ] ] ] } },
{ "type": "Feature", "properties": { "fid": 155, "氏名": "黒田信和", "遅まき": null, "2026地名地番": "笄島字運動津4839", "散布面積": "49", "備考": null, "検索_Address": "笄島字運動津4839", "検索_Tiban": "4839", "ｗｋｔ": "7a21dcdf3302b2232187ffb3a00cb367", "地番": "4839", "ポリゴンの面積": 59, "auxiliary_storage_labeling_positionx": null, "auxiliary_storage_labeling_positiony": null, "auxiliary_storage_labeling_show": null, "auxiliary_storage_labeling_labelrotation": null, "auxiliary_storage_labeling_family": null, "auxiliary_storage_labeling_fontstyle": null, "auxiliary_storage_labeling_size": null, "auxiliary_storage_labeling_bold": null, "auxiliary_storage_labeling_italic": null, "auxiliary_storage_labeling_underline": null, "auxiliary_storage_labeling_color": null, "auxiliary_storage_labeling_strikeout": null, "auxiliary_storage_labeling_multilinealignment": null, "auxiliary_storage_labeling_buffersize": null, "auxiliary_storage_labeling_buffercolor": null, "auxiliary_storage_labeling_bufferdraw": null, "auxiliary_storage_labeling_labeldistance": null, "auxiliary_storage_labeling_hali": null, "auxiliary_storage_labeling_vali": null, "auxiliary_storage_labeling_scalevisibility": null, "auxiliary_storage_labeling_minscale": null, "auxiliary_storage_labeling_maxscale": null, "auxiliary_storage_labeling_alwaysshow": null, "auxiliary_storage_labeling_calloutdraw": null, "auxiliary_storage_labeling_labelallparts": null }, "geometry": { "type": "MultiPolygon", "coordinates": [ [ [ [ 140.493537178, 35.925475085 ], [ 140.494011508, 35.925300423 ], [ 140.493464222, 35.924282419 ], [ 140.492980278, 35.924459555 ], [ 140.493537178, 35.925475085 ] ] ] ] } },
{ "type": "Feature", "properties": { "fid": 156, "氏名": "黒田信和", "遅まき": null, "2026地名地番": "笄島字運動津4840", "散布面積": "11", "備考": null, "検索_Address": "笄島字運動津4840", "検索_Tiban": "4840", "ｗｋｔ": "f3cd43c357a05aeb1efbe929de5d9e94", "地番": "4840", "ポリゴンの面積": 11, "auxiliary_storage_labeling_positionx": 140.4928476748297, "auxiliary_storage_labeling_positiony": 35.924754876579286, "auxiliary_storage_labeling_show": null, "auxiliary_storage_labeling_labelrotation": null, "auxiliary_storage_labeling_family": null, "auxiliary_storage_labeling_fontstyle": null, "auxiliary_storage_labeling_size": 1.0, "auxiliary_storage_labeling_bold": null, "auxiliary_storage_labeling_italic": null, "auxiliary_storage_labeling_underline": null, "auxiliary_storage_labeling_color": null, "auxiliary_storage_labeling_strikeout": null, "auxiliary_storage_labeling_multilinealignment": null, "auxiliary_storage_labeling_buffersize": null, "auxiliary_storage_labeling_buffercolor": null, "auxiliary_storage_labeling_bufferdraw": null, "auxiliary_storage_labeling_labeldistance": null, "auxiliary_storage_labeling_hali": null, "auxiliary_storage_labeling_vali": null, "auxiliary_storage_labeling_scalevisibility": null, "auxiliary_storage_labeling_minscale": null, "auxiliary_storage_labeling_maxscale": null, "auxiliary_storage_labeling_alwaysshow": null, "auxiliary_storage_labeling_calloutdraw": null, "auxiliary_storage_labeling_labelallparts": null }, "geometry": { "type": "MultiPolygon", "coordinates": [ [ [ [ 140.493447272918331, 35.925508531389461 ], [ 140.493537178, 35.925475085 ], [ 140.492980278, 35.924459555 ], [ 140.492888257869055, 35.924492760141497 ], [ 140.493447272918331, 35.925508531389461 ] ] ] ] } },
{ "type": "Feature", "properties": { "fid": 157, "氏名": "黒田信和", "遅まき": null, "2026地名地番": "笄島字運動津4886", "散布面積": "11", "備考": null, "検索_Address": "笄島字運動津4886", "検索_Tiban": "4886", "ｗｋｔ": "09e55b933b3396bf588088e3c8416174", "地番": "4886", "ポリゴンの面積": 45, "auxiliary_storage_labeling_positionx": null, "auxiliary_storage_labeling_positiony": null, "auxiliary_storage_labeling_show": null, "auxiliary_storage_labeling_labelrotation": null, "auxiliary_storage_labeling_family": null, "auxiliary_storage_labeling_fontstyle": null, "auxiliary_storage_labeling_size": null, "auxiliary_storage_labeling_bold": null, "auxiliary_storage_labeling_italic": null, "auxiliary_storage_labeling_underline": null, "auxiliary_storage_labeling_color": null, "auxiliary_storage_labeling_strikeout": null, "auxiliary_storage_labeling_multilinealignment": null, "auxiliary_storage_labeling_buffersize": null, "auxiliary_storage_labeling_buffercolor": null, "auxiliary_storage_labeling_bufferdraw": null, "auxiliary_storage_labeling_labeldistance": null, "auxiliary_storage_labeling_hali": null, "auxiliary_storage_labeling_vali": null, "auxiliary_storage_labeling_scalevisibility": null, "auxiliary_storage_labeling_minscale": null, "auxiliary_storage_labeling_maxscale": null, "auxiliary_storage_labeling_alwaysshow": null, "auxiliary_storage_labeling_calloutdraw": null, "auxiliary_storage_labeling_labelallparts": null }, "geometry": { "type": "MultiPolygon", "coordinates": [ [ [ [ 140.492871624, 35.923212668 ], [ 140.493452115999986, 35.924256617 ], [ 140.493811668, 35.924125339 ], [ 140.493228926, 35.923082853 ], [ 140.492871624, 35.923212668 ] ] ] ] } },
{ "type": "Feature", "properties": { "fid": 159, "氏名": "香取良勇", "遅まき": null, "2026地名地番": "佐原字新洲　ニ6398", "散布面積": "49.8", "備考": null, "検索_Address": "佐原字新洲　ニ6398,佐原字新洲　ニ6399", "検索_Tiban": "6398,6399", "ｗｋｔ": "29ba4a53bcbd7f47af4ad6ed45273e27", "地番": "6398", "ポリゴンの面積": 95, "auxiliary_storage_labeling_positionx": null, "auxiliary_storage_labeling_positiony": null, "auxiliary_storage_labeling_show": null, "auxiliary_storage_labeling_labelrotation": null, "auxiliary_storage_labeling_family": null, "auxiliary_storage_labeling_fontstyle": null, "auxiliary_storage_labeling_size": null, "auxiliary_storage_labeling_bold": null, "auxiliary_storage_labeling_italic": null, "auxiliary_storage_labeling_underline": null, "auxiliary_storage_labeling_color": null, "auxiliary_storage_labeling_strikeout": null, "auxiliary_storage_labeling_multilinealignment": null, "auxiliary_storage_labeling_buffersize": null, "auxiliary_storage_labeling_buffercolor": null, "auxiliary_storage_labeling_bufferdraw": null, "auxiliary_storage_labeling_labeldistance": null, "auxiliary_storage_labeling_hali": null, "auxiliary_storage_labeling_vali": null, "auxiliary_storage_labeling_scalevisibility": null, "auxiliary_storage_labeling_minscale": null, "auxiliary_storage_labeling_maxscale": null, "auxiliary_storage_labeling_alwaysshow": null, "auxiliary_storage_labeling_calloutdraw": null, "auxiliary_storage_labeling_labelallparts": null }, "geometry": { "type": "MultiPolygon", "coordinates": [ [ [ [ 140.506961792999988, 35.913708369 ], [ 140.506620064, 35.913095521 ], [ 140.505397179999989, 35.913548679 ], [ 140.505364265999987, 35.913562297 ], [ 140.505356768000013, 35.913576807 ], [ 140.505363389, 35.913608805 ], [ 140.505685134, 35.914184636 ], [ 140.506961792999988, 35.913708369 ] ] ] ] } },
{ "type": "Feature", "properties": { "fid": 160, "氏名": "香取良勇", "遅まき": null, "2026地名地番": "佐原字新洲　ニ6413", "散布面積": "48.98", "備考": null, "検索_Address": "佐原字新洲　ニ6413", "検索_Tiban": "6413", "ｗｋｔ": "34b0f816e610d84310f0216093bd2f85", "地番": "6413", "ポリゴンの面積": 52, "auxiliary_storage_labeling_positionx": null, "auxiliary_storage_labeling_positiony": null, "auxiliary_storage_labeling_show": null, "auxiliary_storage_labeling_labelrotation": null, "auxiliary_storage_labeling_family": null, "auxiliary_storage_labeling_fontstyle": null, "auxiliary_storage_labeling_size": null, "auxiliary_storage_labeling_bold": null, "auxiliary_storage_labeling_italic": null, "auxiliary_storage_labeling_underline": null, "auxiliary_storage_labeling_color": null, "auxiliary_storage_labeling_strikeout": null, "auxiliary_storage_labeling_multilinealignment": null, "auxiliary_storage_labeling_buffersize": null, "auxiliary_storage_labeling_buffercolor": null, "auxiliary_storage_labeling_bufferdraw": null, "auxiliary_storage_labeling_labeldistance": null, "auxiliary_storage_labeling_hali": null, "auxiliary_storage_labeling_vali": null, "auxiliary_storage_labeling_scalevisibility": null, "auxiliary_storage_labeling_minscale": null, "auxiliary_storage_labeling_maxscale": null, "auxiliary_storage_labeling_alwaysshow": null, "auxiliary_storage_labeling_calloutdraw": null, "auxiliary_storage_labeling_labelallparts": null }, "geometry": { "type": "MultiPolygon", "coordinates": [ [ [ [ 140.508894011, 35.917109603 ], [ 140.510151774, 35.916636744 ], [ 140.510160682, 35.91662003 ], [ 140.509980004, 35.916295728 ], [ 140.508702105999987, 35.916764478 ], [ 140.508894011, 35.917109603 ] ] ] ] } },
{ "type": "Feature", "properties": { "fid": 161, "氏名": "香取良勇", "遅まき": null, "2026地名地番": "佐原字新洲　ニ6414", "散布面積": "19.7", "備考": null, "検索_Address": "佐原字新洲　ニ6414,佐原字新洲　ニ6415", "検索_Tiban": "6414,6415", "ｗｋｔ": "f7bf5b3db2cacd8f8ed935e83e9ad55f", "地番": "6414", "ポリゴンの面積": 32, "auxiliary_storage_labeling_positionx": null, "auxiliary_storage_labeling_positiony": null, "auxiliary_storage_labeling_show": null, "auxiliary_storage_labeling_labelrotation": null, "auxiliary_storage_labeling_family": null, "auxiliary_storage_labeling_fontstyle": null, "auxiliary_storage_labeling_size": null, "auxiliary_storage_labeling_bold": null, "auxiliary_storage_labeling_italic": null, "auxiliary_storage_labeling_underline": null, "auxiliary_storage_labeling_color": null, "auxiliary_storage_labeling_strikeout": null, "auxiliary_storage_labeling_multilinealignment": null, "auxiliary_storage_labeling_buffersize": null, "auxiliary_storage_labeling_buffercolor": null, "auxiliary_storage_labeling_bufferdraw": null, "auxiliary_storage_labeling_labeldistance": null, "auxiliary_storage_labeling_hali": null, "auxiliary_storage_labeling_vali": null, "auxiliary_storage_labeling_scalevisibility": null, "auxiliary_storage_labeling_minscale": null, "auxiliary_storage_labeling_maxscale": null, "auxiliary_storage_labeling_alwaysshow": null, "auxiliary_storage_labeling_calloutdraw": null, "auxiliary_storage_labeling_labelallparts": null }, "geometry": { "type": "MultiPolygon", "coordinates": [ [ [ [ 140.509980004, 35.916295728 ], [ 140.509862478, 35.916084776 ], [ 140.508585518, 35.916554804 ], [ 140.508702105999987, 35.916764478 ], [ 140.509980004, 35.916295728 ] ] ] ] } },
{ "type": "Feature", "properties": { "fid": 163, "氏名": "香取良勇", "遅まき": null, "2026地名地番": "佐原字新洲　ニ6420", "散布面積": "18.1", "備考": null, "検索_Address": "佐原字新洲　ニ6420", "検索_Tiban": "6420", "ｗｋｔ": "ab7a9149b86196d0f114eac16899c289", "地番": "6420", "ポリゴンの面積": 47, "auxiliary_storage_labeling_positionx": null, "auxiliary_storage_labeling_positiony": null, "auxiliary_storage_labeling_show": null, "auxiliary_storage_labeling_labelrotation": null, "auxiliary_storage_labeling_family": null, "auxiliary_storage_labeling_fontstyle": null, "auxiliary_storage_labeling_size": null, "auxiliary_storage_labeling_bold": null, "auxiliary_storage_labeling_italic": null, "auxiliary_storage_labeling_underline": null, "auxiliary_storage_labeling_color": null, "auxiliary_storage_labeling_strikeout": null, "auxiliary_storage_labeling_multilinealignment": null, "auxiliary_storage_labeling_buffersize": null, "auxiliary_storage_labeling_buffercolor": null, "auxiliary_storage_labeling_bufferdraw": null, "auxiliary_storage_labeling_labeldistance": null, "auxiliary_storage_labeling_hali": null, "auxiliary_storage_labeling_vali": null, "auxiliary_storage_labeling_scalevisibility": null, "auxiliary_storage_labeling_minscale": null, "auxiliary_storage_labeling_maxscale": null, "auxiliary_storage_labeling_alwaysshow": null, "auxiliary_storage_labeling_calloutdraw": null, "auxiliary_storage_labeling_labelallparts": null }, "geometry": { "type": "MultiPolygon", "coordinates": [ [ [ [ 140.507754633081561, 35.915059687846096 ], [ 140.509028294347303, 35.914586500998134 ], [ 140.508862592000014, 35.914290002 ], [ 140.507579676, 35.914745814 ], [ 140.507754633081561, 35.915059687846096 ] ] ] ] } },
{ "type": "Feature", "properties": { "fid": 164, "氏名": "香取良勇", "遅まき": null, "2026地名地番": "佐原字新洲　ニ6425", "散布面積": "8.1", "備考": null, "検索_Address": "佐原字新洲　ニ6425", "検索_Tiban": "6425", "ｗｋｔ": "32f3a4d9334668696c306c536d30675d", "地番": "6425", "ポリゴンの面積": 31, "auxiliary_storage_labeling_positionx": null, "auxiliary_storage_labeling_positiony": null, "auxiliary_storage_labeling_show": null, "auxiliary_storage_labeling_labelrotation": null, "auxiliary_storage_labeling_family": null, "auxiliary_storage_labeling_fontstyle": null, "auxiliary_storage_labeling_size": null, "auxiliary_storage_labeling_bold": null, "auxiliary_storage_labeling_italic": null, "auxiliary_storage_labeling_underline": null, "auxiliary_storage_labeling_color": null, "auxiliary_storage_labeling_strikeout": null, "auxiliary_storage_labeling_multilinealignment": null, "auxiliary_storage_labeling_buffersize": null, "auxiliary_storage_labeling_buffercolor": null, "auxiliary_storage_labeling_bufferdraw": null, "auxiliary_storage_labeling_labeldistance": null, "auxiliary_storage_labeling_hali": null, "auxiliary_storage_labeling_vali": null, "auxiliary_storage_labeling_scalevisibility": null, "auxiliary_storage_labeling_minscale": null, "auxiliary_storage_labeling_maxscale": null, "auxiliary_storage_labeling_alwaysshow": null, "auxiliary_storage_labeling_calloutdraw": null, "auxiliary_storage_labeling_labelallparts": null }, "geometry": { "type": "MultiPolygon", "coordinates": [ [ [ [ 140.507250314, 35.914153444 ], [ 140.508519308, 35.913673793 ], [ 140.508408355, 35.913474626 ], [ 140.507137771, 35.913951027 ], [ 140.507250314, 35.914153444 ] ] ] ] } },
{ "type": "Feature", "properties": { "fid": 165, "氏名": "香取良勇", "遅まき": null, "2026地名地番": "佐原字新洲　ニ6426", "散布面積": "50.6", "備考": null, "検索_Address": "佐原字新洲　ニ6426", "検索_Tiban": "6426", "ｗｋｔ": "a1e059ba5e3f912e331cf30705eb1b4b", "地番": "6426", "ポリゴンの面積": 29, "auxiliary_storage_labeling_positionx": null, "auxiliary_storage_labeling_positiony": null, "auxiliary_storage_labeling_show": null, "auxiliary_storage_labeling_labelrotation": null, "auxiliary_storage_labeling_family": null, "auxiliary_storage_labeling_fontstyle": null, "auxiliary_storage_labeling_size": null, "auxiliary_storage_labeling_bold": null, "auxiliary_storage_labeling_italic": null, "auxiliary_storage_labeling_underline": null, "auxiliary_storage_labeling_color": null, "auxiliary_storage_labeling_strikeout": null, "auxiliary_storage_labeling_multilinealignment": null, "auxiliary_storage_labeling_buffersize": null, "auxiliary_storage_labeling_buffercolor": null, "auxiliary_storage_labeling_bufferdraw": null, "auxiliary_storage_labeling_labeldistance": null, "auxiliary_storage_labeling_hali": null, "auxiliary_storage_labeling_vali": null, "auxiliary_storage_labeling_scalevisibility": null, "auxiliary_storage_labeling_minscale": null, "auxiliary_storage_labeling_maxscale": null, "auxiliary_storage_labeling_alwaysshow": null, "auxiliary_storage_labeling_calloutdraw": null, "auxiliary_storage_labeling_labelallparts": null }, "geometry": { "type": "MultiPolygon", "coordinates": [ [ [ [ 140.507137771, 35.913951027 ], [ 140.508408355, 35.913474626 ], [ 140.508306475000012, 35.913291744 ], [ 140.50703069, 35.913758434 ], [ 140.507137771, 35.913951027 ] ] ] ] } },
{ "type": "Feature", "properties": { "fid": 166, "氏名": "香取良勇", "遅まき": null, "2026地名地番": "佐原字新洲　ニ6427", "散布面積": "49", "備考": null, "検索_Address": "佐原字新洲　ニ6427", "検索_Tiban": "6427", "ｗｋｔ": "62ae7553fd20a2b06ac16b7ad40fdc34", "地番": "6427", "ポリゴンの面積": 52, "auxiliary_storage_labeling_positionx": null, "auxiliary_storage_labeling_positiony": null, "auxiliary_storage_labeling_show": null, "auxiliary_storage_labeling_labelrotation": null, "auxiliary_storage_labeling_family": null, "auxiliary_storage_labeling_fontstyle": null, "auxiliary_storage_labeling_size": null, "auxiliary_storage_labeling_bold": null, "auxiliary_storage_labeling_italic": null, "auxiliary_storage_labeling_underline": null, "auxiliary_storage_labeling_color": null, "auxiliary_storage_labeling_strikeout": null, "auxiliary_storage_labeling_multilinealignment": null, "auxiliary_storage_labeling_buffersize": null, "auxiliary_storage_labeling_buffercolor": null, "auxiliary_storage_labeling_bufferdraw": null, "auxiliary_storage_labeling_labeldistance": null, "auxiliary_storage_labeling_hali": null, "auxiliary_storage_labeling_vali": null, "auxiliary_storage_labeling_scalevisibility": null, "auxiliary_storage_labeling_minscale": null, "auxiliary_storage_labeling_maxscale": null, "auxiliary_storage_labeling_alwaysshow": null, "auxiliary_storage_labeling_calloutdraw": null, "auxiliary_storage_labeling_labelallparts": null }, "geometry": { "type": "MultiPolygon", "coordinates": [ [ [ [ 140.50703069, 35.913758434 ], [ 140.508306475000012, 35.913291744 ], [ 140.508116424, 35.912950585 ], [ 140.506842238, 35.913419487 ], [ 140.50703069, 35.913758434 ] ] ] ] } },
{ "type": "Feature", "properties": { "fid": 167, "氏名": "香取良勇", "遅まき": null, "2026地名地番": "佐原字新洲　ニ6428", "散布面積": "49.8", "備考": null, "検索_Address": "佐原字新洲　ニ6428", "検索_Tiban": "6428", "ｗｋｔ": "93439a68b43af01bac90580d77a9a6e6", "地番": "6428", "ポリゴンの面積": 52, "auxiliary_storage_labeling_positionx": null, "auxiliary_storage_labeling_positiony": null, "auxiliary_storage_labeling_show": null, "auxiliary_storage_labeling_labelrotation": null, "auxiliary_storage_labeling_family": null, "auxiliary_storage_labeling_fontstyle": null, "auxiliary_storage_labeling_size": null, "auxiliary_storage_labeling_bold": null, "auxiliary_storage_labeling_italic": null, "auxiliary_storage_labeling_underline": null, "auxiliary_storage_labeling_color": null, "auxiliary_storage_labeling_strikeout": null, "auxiliary_storage_labeling_multilinealignment": null, "auxiliary_storage_labeling_buffersize": null, "auxiliary_storage_labeling_buffercolor": null, "auxiliary_storage_labeling_bufferdraw": null, "auxiliary_storage_labeling_labeldistance": null, "auxiliary_storage_labeling_hali": null, "auxiliary_storage_labeling_vali": null, "auxiliary_storage_labeling_scalevisibility": null, "auxiliary_storage_labeling_minscale": null, "auxiliary_storage_labeling_maxscale": null, "auxiliary_storage_labeling_alwaysshow": null, "auxiliary_storage_labeling_calloutdraw": null, "auxiliary_storage_labeling_labelallparts": null }, "geometry": { "type": "MultiPolygon", "coordinates": [ [ [ [ 140.506842238, 35.913419487 ], [ 140.508116424, 35.912950585 ], [ 140.507947389, 35.912647151 ], [ 140.507937104, 35.912632741 ], [ 140.50792371, 35.9126261 ], [ 140.507897668999988, 35.912626245 ], [ 140.507885601999988, 35.912626314 ], [ 140.506655426, 35.913083486 ], [ 140.506842238, 35.913419487 ] ] ] ] } },
{ "type": "Feature", "properties": { "fid": 169, "氏名": "香取良勇", "遅まき": null, "2026地名地番": "佐原字新洲　ニ6625", "散布面積": "20", "備考": null, "検索_Address": "佐原字新洲　ニ6624,佐原字新洲　ニ6625", "検索_Tiban": "6624,6625", "ｗｋｔ": "b9afee0e26e7aff15b22e4ed30816237", "地番": "6625", "ポリゴンの面積": 36, "auxiliary_storage_labeling_positionx": null, "auxiliary_storage_labeling_positiony": null, "auxiliary_storage_labeling_show": null, "auxiliary_storage_labeling_labelrotation": null, "auxiliary_storage_labeling_family": null, "auxiliary_storage_labeling_fontstyle": null, "auxiliary_storage_labeling_size": null, "auxiliary_storage_labeling_bold": null, "auxiliary_storage_labeling_italic": null, "auxiliary_storage_labeling_underline": null, "auxiliary_storage_labeling_color": null, "auxiliary_storage_labeling_strikeout": null, "auxiliary_storage_labeling_multilinealignment": null, "auxiliary_storage_labeling_buffersize": null, "auxiliary_storage_labeling_buffercolor": null, "auxiliary_storage_labeling_bufferdraw": null, "auxiliary_storage_labeling_labeldistance": null, "auxiliary_storage_labeling_hali": null, "auxiliary_storage_labeling_vali": null, "auxiliary_storage_labeling_scalevisibility": null, "auxiliary_storage_labeling_minscale": null, "auxiliary_storage_labeling_maxscale": null, "auxiliary_storage_labeling_alwaysshow": null, "auxiliary_storage_labeling_calloutdraw": null, "auxiliary_storage_labeling_labelallparts": null }, "geometry": { "type": "MultiPolygon", "coordinates": [ [ [ [ 140.511869963, 35.911112784 ], [ 140.511738201000014, 35.910876734 ], [ 140.510466953, 35.911351944 ], [ 140.510589810999988, 35.911572894 ], [ 140.510600206, 35.911577049 ], [ 140.51061604, 35.911573963 ], [ 140.511869963, 35.911112784 ] ] ] ] } },
{ "type": "Feature", "properties": { "fid": 171, "氏名": "香取良勇", "遅まき": null, "2026地名地番": "佐原字南川　ハ4814", "散布面積": "35.2", "備考": null, "検索_Address": "佐原字南川　ハ4813,佐原字南川　ハ4814,佐原字南川　ハ4815", "検索_Tiban": "4813~4815", "ｗｋｔ": "69c428b0dfdc68a3ecdf42fca5495f8f", "地番": "4814", "ポリゴンの面積": 104, "auxiliary_storage_labeling_positionx": null, "auxiliary_storage_labeling_positiony": null, "auxiliary_storage_labeling_show": null, "auxiliary_storage_labeling_labelrotation": null, "auxiliary_storage_labeling_family": null, "auxiliary_storage_labeling_fontstyle": null, "auxiliary_storage_labeling_size": null, "auxiliary_storage_labeling_bold": null, "auxiliary_storage_labeling_italic": null, "auxiliary_storage_labeling_underline": null, "auxiliary_storage_labeling_color": null, "auxiliary_storage_labeling_strikeout": null, "auxiliary_storage_labeling_multilinealignment": null, "auxiliary_storage_labeling_buffersize": null, "auxiliary_storage_labeling_buffercolor": null, "auxiliary_storage_labeling_bufferdraw": null, "auxiliary_storage_labeling_labeldistance": null, "auxiliary_storage_labeling_hali": null, "auxiliary_storage_labeling_vali": null, "auxiliary_storage_labeling_scalevisibility": null, "auxiliary_storage_labeling_minscale": null, "auxiliary_storage_labeling_maxscale": null, "auxiliary_storage_labeling_alwaysshow": null, "auxiliary_storage_labeling_calloutdraw": null, "auxiliary_storage_labeling_labelallparts": null }, "geometry": { "type": "MultiPolygon", "coordinates": [ [ [ [ 140.512898965, 35.924842193 ], [ 140.513624835, 35.924576673 ], [ 140.513731062, 35.924536039 ], [ 140.513146989, 35.923498666 ], [ 140.512314892, 35.923805654 ], [ 140.512898965, 35.924842193 ] ] ] ] } },
{ "type": "Feature", "properties": { "fid": 173, "氏名": "香取良勇", "遅まき": null, "2026地名地番": "篠原字上佐々木　ロ2449-1", "散布面積": "48.9", "備考": null, "検索_Address": "篠原字上佐々木　ロ2449-1", "検索_Tiban": "2449-1", "ｗｋｔ": "3892516d45c6cf583686061430f03b80", "地番": "2449-1", "ポリゴンの面積": 49, "auxiliary_storage_labeling_positionx": null, "auxiliary_storage_labeling_positiony": null, "auxiliary_storage_labeling_show": null, "auxiliary_storage_labeling_labelrotation": null, "auxiliary_storage_labeling_family": null, "auxiliary_storage_labeling_fontstyle": null, "auxiliary_storage_labeling_size": null, "auxiliary_storage_labeling_bold": null, "auxiliary_storage_labeling_italic": null, "auxiliary_storage_labeling_underline": null, "auxiliary_storage_labeling_color": null, "auxiliary_storage_labeling_strikeout": null, "auxiliary_storage_labeling_multilinealignment": null, "auxiliary_storage_labeling_buffersize": null, "auxiliary_storage_labeling_buffercolor": null, "auxiliary_storage_labeling_bufferdraw": null, "auxiliary_storage_labeling_labeldistance": null, "auxiliary_storage_labeling_hali": null, "auxiliary_storage_labeling_vali": null, "auxiliary_storage_labeling_scalevisibility": null, "auxiliary_storage_labeling_minscale": null, "auxiliary_storage_labeling_maxscale": null, "auxiliary_storage_labeling_alwaysshow": null, "auxiliary_storage_labeling_calloutdraw": null, "auxiliary_storage_labeling_labelallparts": null }, "geometry": { "type": "MultiPolygon", "coordinates": [ [ [ [ 140.511482659, 35.91888277 ], [ 140.511514252000012, 35.91888223 ], [ 140.511882285000013, 35.918747051 ], [ 140.511290696, 35.917714725 ], [ 140.510904716999988, 35.917857333 ], [ 140.511467033, 35.918865371 ], [ 140.511482659, 35.91888277 ] ] ] ] } },
{ "type": "Feature", "properties": { "fid": 175, "氏名": "香取良勇", "遅まき": null, "2026地名地番": "篠原字上佐々木　ロ2450-2", "散布面積": "2.3", "備考": null, "検索_Address": "篠原字上佐々木　ロ2450-1,篠原字上佐々木　ロ2450-2", "検索_Tiban": "2450-1,2450-2", "ｗｋｔ": "d5f99dd6b9e185632b2bfb596c9197cd", "地番": "2450-2", "ポリゴンの面積": 25, "auxiliary_storage_labeling_positionx": null, "auxiliary_storage_labeling_positiony": null, "auxiliary_storage_labeling_show": null, "auxiliary_storage_labeling_labelrotation": null, "auxiliary_storage_labeling_family": null, "auxiliary_storage_labeling_fontstyle": null, "auxiliary_storage_labeling_size": null, "auxiliary_storage_labeling_bold": null, "auxiliary_storage_labeling_italic": null, "auxiliary_storage_labeling_underline": null, "auxiliary_storage_labeling_color": null, "auxiliary_storage_labeling_strikeout": null, "auxiliary_storage_labeling_multilinealignment": null, "auxiliary_storage_labeling_buffersize": null, "auxiliary_storage_labeling_buffercolor": null, "auxiliary_storage_labeling_bufferdraw": null, "auxiliary_storage_labeling_labeldistance": null, "auxiliary_storage_labeling_hali": null, "auxiliary_storage_labeling_vali": null, "auxiliary_storage_labeling_scalevisibility": null, "auxiliary_storage_labeling_minscale": null, "auxiliary_storage_labeling_maxscale": null, "auxiliary_storage_labeling_alwaysshow": null, "auxiliary_storage_labeling_calloutdraw": null, "auxiliary_storage_labeling_labelallparts": null }, "geometry": { "type": "MultiPolygon", "coordinates": [ [ [ [ 140.512079033, 35.918674785 ], [ 140.511499384, 35.91763762 ], [ 140.511290696, 35.917714725 ], [ 140.511882285000013, 35.918747051 ], [ 140.512079033, 35.918674785 ] ] ] ] } },
{ "type": "Feature", "properties": { "fid": 176, "氏名": "香取良勇", "遅まき": null, "2026地名地番": "篠原字内湖　ロ2644", "散布面積": "32", "備考": null, "検索_Address": "篠原字内湖　ロ2644", "検索_Tiban": "2644", "ｗｋｔ": "fd7cd3f9da1b6bb6bab247afc2b8a204", "地番": "2644", "ポリゴンの面積": 35, "auxiliary_storage_labeling_positionx": null, "auxiliary_storage_labeling_positiony": null, "auxiliary_storage_labeling_show": null, "auxiliary_storage_labeling_labelrotation": null, "auxiliary_storage_labeling_family": null, "auxiliary_storage_labeling_fontstyle": null, "auxiliary_storage_labeling_size": null, "auxiliary_storage_labeling_bold": null, "auxiliary_storage_labeling_italic": null, "auxiliary_storage_labeling_underline": null, "auxiliary_storage_labeling_color": null, "auxiliary_storage_labeling_strikeout": null, "auxiliary_storage_labeling_multilinealignment": null, "auxiliary_storage_labeling_buffersize": null, "auxiliary_storage_labeling_buffercolor": null, "auxiliary_storage_labeling_bufferdraw": null, "auxiliary_storage_labeling_labeldistance": null, "auxiliary_storage_labeling_hali": null, "auxiliary_storage_labeling_vali": null, "auxiliary_storage_labeling_scalevisibility": null, "auxiliary_storage_labeling_minscale": null, "auxiliary_storage_labeling_maxscale": null, "auxiliary_storage_labeling_alwaysshow": null, "auxiliary_storage_labeling_calloutdraw": null, "auxiliary_storage_labeling_labelallparts": null }, "geometry": { "type": "MultiPolygon", "coordinates": [ [ [ [ 140.51117385500001, 35.905285347 ], [ 140.511462795999989, 35.905864725 ], [ 140.511498425000013, 35.905866334 ], [ 140.511830686, 35.905676123 ], [ 140.511968020000012, 35.905597478 ], [ 140.51180836, 35.905293954 ], [ 140.511778114, 35.905236455 ], [ 140.511709492, 35.905105998 ], [ 140.51117385500001, 35.905285347 ] ] ] ] } },
{ "type": "Feature", "properties": { "fid": 177, "氏名": "香取良勇", "遅まき": null, "2026地名地番": "篠原字内湖　ロ2682", "散布面積": "39.2", "備考": null, "検索_Address": "篠原字内湖　ロ2682", "検索_Tiban": "2682", "ｗｋｔ": "0fdab2eaf54550d0f1300d04192ac9fd", "地番": "2682", "ポリゴンの面積": 40, "auxiliary_storage_labeling_positionx": null, "auxiliary_storage_labeling_positiony": null, "auxiliary_storage_labeling_show": null, "auxiliary_storage_labeling_labelrotation": null, "auxiliary_storage_labeling_family": null, "auxiliary_storage_labeling_fontstyle": null, "auxiliary_storage_labeling_size": null, "auxiliary_storage_labeling_bold": null, "auxiliary_storage_labeling_italic": null, "auxiliary_storage_labeling_underline": null, "auxiliary_storage_labeling_color": null, "auxiliary_storage_labeling_strikeout": null, "auxiliary_storage_labeling_multilinealignment": null, "auxiliary_storage_labeling_buffersize": null, "auxiliary_storage_labeling_buffercolor": null, "auxiliary_storage_labeling_bufferdraw": null, "auxiliary_storage_labeling_labeldistance": null, "auxiliary_storage_labeling_hali": null, "auxiliary_storage_labeling_vali": null, "auxiliary_storage_labeling_scalevisibility": null, "auxiliary_storage_labeling_minscale": null, "auxiliary_storage_labeling_maxscale": null, "auxiliary_storage_labeling_alwaysshow": null, "auxiliary_storage_labeling_calloutdraw": null, "auxiliary_storage_labeling_labelallparts": null }, "geometry": { "type": "MultiPolygon", "coordinates": [ [ [ [ 140.512366751, 35.906297088 ], [ 140.512227223, 35.906047196 ], [ 140.510941091, 35.906514003 ], [ 140.511097557999989, 35.906775325 ], [ 140.512366751, 35.906297088 ] ] ] ] } },
{ "type": "Feature", "properties": { "fid": 178, "氏名": "香取良勇", "遅まき": null, "2026地名地番": "篠原字内湖　ロ2683-1", "散布面積": "43.1", "備考": null, "検索_Address": "篠原字内湖　ロ2683-1", "検索_Tiban": "2683-1", "ｗｋｔ": "5dd77492aa9e74b62c660e9433b0c5e4", "地番": "2683-1", "ポリゴンの面積": 46, "auxiliary_storage_labeling_positionx": null, "auxiliary_storage_labeling_positiony": null, "auxiliary_storage_labeling_show": null, "auxiliary_storage_labeling_labelrotation": null, "auxiliary_storage_labeling_family": null, "auxiliary_storage_labeling_fontstyle": null, "auxiliary_storage_labeling_size": null, "auxiliary_storage_labeling_bold": null, "auxiliary_storage_labeling_italic": null, "auxiliary_storage_labeling_underline": null, "auxiliary_storage_labeling_color": null, "auxiliary_storage_labeling_strikeout": null, "auxiliary_storage_labeling_multilinealignment": null, "auxiliary_storage_labeling_buffersize": null, "auxiliary_storage_labeling_buffercolor": null, "auxiliary_storage_labeling_bufferdraw": null, "auxiliary_storage_labeling_labeldistance": null, "auxiliary_storage_labeling_hali": null, "auxiliary_storage_labeling_vali": null, "auxiliary_storage_labeling_scalevisibility": null, "auxiliary_storage_labeling_minscale": null, "auxiliary_storage_labeling_maxscale": null, "auxiliary_storage_labeling_alwaysshow": null, "auxiliary_storage_labeling_calloutdraw": null, "auxiliary_storage_labeling_labelallparts": null }, "geometry": { "type": "MultiPolygon", "coordinates": [ [ [ [ 140.512002784, 35.905643929 ], [ 140.511860977999987, 35.905715649 ], [ 140.511521071, 35.905910123 ], [ 140.511200816000013, 35.906108288 ], [ 140.511051912, 35.906211678 ], [ 140.510881216, 35.90636978 ], [ 140.510882267999989, 35.906406829 ], [ 140.510941091, 35.906514003 ], [ 140.512227223, 35.906047196 ], [ 140.512002784, 35.905643929 ] ] ] ] } },
{ "type": "Feature", "properties": { "fid": 179, "氏名": "栗山峰志", "遅まき": null, "2026地名地番": "笄島字笄津4645", "散布面積": "8.99", "備考": null, "検索_Address": "笄島字笄津4645", "検索_Tiban": "4645", "ｗｋｔ": "4c70a81ef04216af32b5206468f852fb", "地番": "4645", "ポリゴンの面積": 2, "auxiliary_storage_labeling_positionx": null, "auxiliary_storage_labeling_positiony": null, "auxiliary_storage_labeling_show": null, "auxiliary_storage_labeling_labelrotation": null, "auxiliary_storage_labeling_family": null, "auxiliary_storage_labeling_fontstyle": null, "auxiliary_storage_labeling_size": null, "auxiliary_storage_labeling_bold": null, "auxiliary_storage_labeling_italic": null, "auxiliary_storage_labeling_underline": null, "auxiliary_storage_labeling_color": null, "auxiliary_storage_labeling_strikeout": null, "auxiliary_storage_labeling_multilinealignment": null, "auxiliary_storage_labeling_buffersize": null, "auxiliary_storage_labeling_buffercolor": null, "auxiliary_storage_labeling_bufferdraw": null, "auxiliary_storage_labeling_labeldistance": null, "auxiliary_storage_labeling_hali": null, "auxiliary_storage_labeling_vali": null, "auxiliary_storage_labeling_scalevisibility": null, "auxiliary_storage_labeling_minscale": null, "auxiliary_storage_labeling_maxscale": null, "auxiliary_storage_labeling_alwaysshow": null, "auxiliary_storage_labeling_calloutdraw": null, "auxiliary_storage_labeling_labelallparts": null }, "geometry": { "type": "MultiPolygon", "coordinates": [ [ [ [ 140.493232334, 35.92835814 ], [ 140.493128786999989, 35.928419724 ], [ 140.493221995999988, 35.928525839 ], [ 140.493325145, 35.928460634 ], [ 140.493232334, 35.92835814 ] ] ] ] } },
{ "type": "Feature", "properties": { "fid": 180, "氏名": "栗山峰志", "遅まき": null, "2026地名地番": "笄島字上代4620", "散布面積": "15", "備考": null, "検索_Address": "笄島字上代4620", "検索_Tiban": "4620", "ｗｋｔ": "6ea602d1e4e563ccb9aa0dfaeba47f25", "地番": "4620", "ポリゴンの面積": 17, "auxiliary_storage_labeling_positionx": null, "auxiliary_storage_labeling_positiony": null, "auxiliary_storage_labeling_show": null, "auxiliary_storage_labeling_labelrotation": null, "auxiliary_storage_labeling_family": null, "auxiliary_storage_labeling_fontstyle": null, "auxiliary_storage_labeling_size": null, "auxiliary_storage_labeling_bold": null, "auxiliary_storage_labeling_italic": null, "auxiliary_storage_labeling_underline": null, "auxiliary_storage_labeling_color": null, "auxiliary_storage_labeling_strikeout": null, "auxiliary_storage_labeling_multilinealignment": null, "auxiliary_storage_labeling_buffersize": null, "auxiliary_storage_labeling_buffercolor": null, "auxiliary_storage_labeling_bufferdraw": null, "auxiliary_storage_labeling_labeldistance": null, "auxiliary_storage_labeling_hali": null, "auxiliary_storage_labeling_vali": null, "auxiliary_storage_labeling_scalevisibility": null, "auxiliary_storage_labeling_minscale": null, "auxiliary_storage_labeling_maxscale": null, "auxiliary_storage_labeling_alwaysshow": null, "auxiliary_storage_labeling_calloutdraw": null, "auxiliary_storage_labeling_labelallparts": null }, "geometry": { "type": "MultiPolygon", "coordinates": [ [ [ [ 140.493499737, 35.927976895 ], [ 140.493350526, 35.927704872 ], [ 140.492872548, 35.927881346 ], [ 140.493271238, 35.928166485 ], [ 140.493308366, 35.928168696 ], [ 140.493556992, 35.928079198 ], [ 140.493499737, 35.927976895 ] ] ] ] } },
{ "type": "Feature", "properties": { "fid": 181, "氏名": "栗山峰志", "遅まき": null, "2026地名地番": "笄島字笄津4737-3", "散布面積": "1.27", "備考": null, "検索_Address": "笄島字笄津4737-3", "検索_Tiban": "4737-3", "ｗｋｔ": "551f03b4ca36e2e77a165daf13d6b65d", "地番": "4737-3", "ポリゴンの面積": 1, "auxiliary_storage_labeling_positionx": null, "auxiliary_storage_labeling_positiony": null, "auxiliary_storage_labeling_show": null, "auxiliary_storage_labeling_labelrotation": null, "auxiliary_storage_labeling_family": null, "auxiliary_storage_labeling_fontstyle": null, "auxiliary_storage_labeling_size": null, "auxiliary_storage_labeling_bold": null, "auxiliary_storage_labeling_italic": null, "auxiliary_storage_labeling_underline": null, "auxiliary_storage_labeling_color": null, "auxiliary_storage_labeling_strikeout": null, "auxiliary_storage_labeling_multilinealignment": null, "auxiliary_storage_labeling_buffersize": null, "auxiliary_storage_labeling_buffercolor": null, "auxiliary_storage_labeling_bufferdraw": null, "auxiliary_storage_labeling_labeldistance": null, "auxiliary_storage_labeling_hali": null, "auxiliary_storage_labeling_vali": null, "auxiliary_storage_labeling_scalevisibility": null, "auxiliary_storage_labeling_minscale": null, "auxiliary_storage_labeling_maxscale": null, "auxiliary_storage_labeling_alwaysshow": null, "auxiliary_storage_labeling_calloutdraw": null, "auxiliary_storage_labeling_labelallparts": null }, "geometry": { "type": "MultiPolygon", "coordinates": [ [ [ [ 140.488428746000068, 35.928899573000024 ], [ 140.488502972000106, 35.928829586000063 ], [ 140.488575096000091, 35.928881108000041 ], [ 140.488601393000067, 35.928899892000061 ], [ 140.488525519000063, 35.928970249000031 ], [ 140.488507012000014, 35.928956739000057 ], [ 140.488428746000068, 35.928899573000024 ] ] ] ] } },
{ "type": "Feature", "properties": { "fid": 182, "氏名": "栗山峰志", "遅まき": null, "2026地名地番": "笄島字上代4625-1", "散布面積": "45.66", "備考": null, "検索_Address": "笄島字上代4625-1", "検索_Tiban": "4625-1", "ｗｋｔ": "74c79987762617b8f85f76c9ee2abea0", "地番": "4625-1", "ポリゴンの面積": 51, "auxiliary_storage_labeling_positionx": null, "auxiliary_storage_labeling_positiony": null, "auxiliary_storage_labeling_show": null, "auxiliary_storage_labeling_labelrotation": null, "auxiliary_storage_labeling_family": null, "auxiliary_storage_labeling_fontstyle": null, "auxiliary_storage_labeling_size": null, "auxiliary_storage_labeling_bold": null, "auxiliary_storage_labeling_italic": null, "auxiliary_storage_labeling_underline": null, "auxiliary_storage_labeling_color": null, "auxiliary_storage_labeling_strikeout": null, "auxiliary_storage_labeling_multilinealignment": null, "auxiliary_storage_labeling_buffersize": null, "auxiliary_storage_labeling_buffercolor": null, "auxiliary_storage_labeling_bufferdraw": null, "auxiliary_storage_labeling_labeldistance": null, "auxiliary_storage_labeling_hali": null, "auxiliary_storage_labeling_vali": null, "auxiliary_storage_labeling_scalevisibility": null, "auxiliary_storage_labeling_minscale": null, "auxiliary_storage_labeling_maxscale": null, "auxiliary_storage_labeling_alwaysshow": null, "auxiliary_storage_labeling_calloutdraw": null, "auxiliary_storage_labeling_labelallparts": null }, "geometry": { "type": "MultiPolygon", "coordinates": [ [ [ [ 140.493003445, 35.927032704 ], [ 140.4931819, 35.927418469 ], [ 140.493350526, 35.927704872 ], [ 140.493499737, 35.927976895 ], [ 140.493556992, 35.928079198 ], [ 140.493716834, 35.928011448 ], [ 140.493960156000014, 35.927919244 ], [ 140.493393029, 35.926888846 ], [ 140.493003445, 35.927032704 ] ] ] ] } },
{ "type": "Feature", "properties": { "fid": 183, "氏名": "栗山峰志", "遅まき": null, "2026地名地番": "長島字堀川江間1773", "散布面積": "47.7", "備考": null, "検索_Address": "長島字堀川江間1773", "検索_Tiban": "1773", "ｗｋｔ": "9c1ce9940fb47439be3f574178bddb58", "地番": "1773", "ポリゴンの面積": 49, "auxiliary_storage_labeling_positionx": null, "auxiliary_storage_labeling_positiony": null, "auxiliary_storage_labeling_show": null, "auxiliary_storage_labeling_labelrotation": null, "auxiliary_storage_labeling_family": null, "auxiliary_storage_labeling_fontstyle": null, "auxiliary_storage_labeling_size": null, "auxiliary_storage_labeling_bold": null, "auxiliary_storage_labeling_italic": null, "auxiliary_storage_labeling_underline": null, "auxiliary_storage_labeling_color": null, "auxiliary_storage_labeling_strikeout": null, "auxiliary_storage_labeling_multilinealignment": null, "auxiliary_storage_labeling_buffersize": null, "auxiliary_storage_labeling_buffercolor": null, "auxiliary_storage_labeling_bufferdraw": null, "auxiliary_storage_labeling_labeldistance": null, "auxiliary_storage_labeling_hali": null, "auxiliary_storage_labeling_vali": null, "auxiliary_storage_labeling_scalevisibility": null, "auxiliary_storage_labeling_minscale": null, "auxiliary_storage_labeling_maxscale": null, "auxiliary_storage_labeling_alwaysshow": null, "auxiliary_storage_labeling_calloutdraw": null, "auxiliary_storage_labeling_labelallparts": null }, "geometry": { "type": "MultiPolygon", "coordinates": [ [ [ [ 140.501124485, 35.930461717 ], [ 140.500548531, 35.929426253 ], [ 140.50015448, 35.929571323 ], [ 140.50072555, 35.930606815 ], [ 140.501124485, 35.930461717 ] ] ] ] } },
{ "type": "Feature", "properties": { "fid": 184, "氏名": "栗山峰志", "遅まき": null, "2026地名地番": "長島字堀川江間1775", "散布面積": "32.97", "備考": null, "検索_Address": "長島字堀川江間1775,長島字堀川江間1776", "検索_Tiban": "1775,1776", "ｗｋｔ": "c785fc6213d7446ebc2a1d7720b0d640", "地番": "1775", "ポリゴンの面積": 33, "auxiliary_storage_labeling_positionx": null, "auxiliary_storage_labeling_positiony": null, "auxiliary_storage_labeling_show": null, "auxiliary_storage_labeling_labelrotation": null, "auxiliary_storage_labeling_family": null, "auxiliary_storage_labeling_fontstyle": null, "auxiliary_storage_labeling_size": null, "auxiliary_storage_labeling_bold": null, "auxiliary_storage_labeling_italic": null, "auxiliary_storage_labeling_underline": null, "auxiliary_storage_labeling_color": null, "auxiliary_storage_labeling_strikeout": null, "auxiliary_storage_labeling_multilinealignment": null, "auxiliary_storage_labeling_buffersize": null, "auxiliary_storage_labeling_buffercolor": null, "auxiliary_storage_labeling_bufferdraw": null, "auxiliary_storage_labeling_labeldistance": null, "auxiliary_storage_labeling_hali": null, "auxiliary_storage_labeling_vali": null, "auxiliary_storage_labeling_scalevisibility": null, "auxiliary_storage_labeling_minscale": null, "auxiliary_storage_labeling_maxscale": null, "auxiliary_storage_labeling_alwaysshow": null, "auxiliary_storage_labeling_calloutdraw": null, "auxiliary_storage_labeling_labelallparts": null }, "geometry": { "type": "MultiPolygon", "coordinates": [ [ [ [ 140.499744414, 35.929719869 ], [ 140.499475238, 35.929820585 ], [ 140.500045773000011, 35.93085286 ], [ 140.500312016, 35.930756955 ], [ 140.499744414, 35.929719869 ] ] ] ] } },
{ "type": "Feature", "properties": { "fid": 185, "氏名": "栗山峰志", "遅まき": null, "2026地名地番": "長島字堀川江間1774", "散布面積": "49.85", "備考": null, "検索_Address": "長島字堀川江間1774", "検索_Tiban": "1774", "ｗｋｔ": "5e6ae0d79b219bf558638ae75f389c9c", "地番": "1774", "ポリゴンの面積": 51, "auxiliary_storage_labeling_positionx": null, "auxiliary_storage_labeling_positiony": null, "auxiliary_storage_labeling_show": null, "auxiliary_storage_labeling_labelrotation": null, "auxiliary_storage_labeling_family": null, "auxiliary_storage_labeling_fontstyle": null, "auxiliary_storage_labeling_size": null, "auxiliary_storage_labeling_bold": null, "auxiliary_storage_labeling_italic": null, "auxiliary_storage_labeling_underline": null, "auxiliary_storage_labeling_color": null, "auxiliary_storage_labeling_strikeout": null, "auxiliary_storage_labeling_multilinealignment": null, "auxiliary_storage_labeling_buffersize": null, "auxiliary_storage_labeling_buffercolor": null, "auxiliary_storage_labeling_bufferdraw": null, "auxiliary_storage_labeling_labeldistance": null, "auxiliary_storage_labeling_hali": null, "auxiliary_storage_labeling_vali": null, "auxiliary_storage_labeling_scalevisibility": null, "auxiliary_storage_labeling_minscale": null, "auxiliary_storage_labeling_maxscale": null, "auxiliary_storage_labeling_alwaysshow": null, "auxiliary_storage_labeling_calloutdraw": null, "auxiliary_storage_labeling_labelallparts": null }, "geometry": { "type": "MultiPolygon", "coordinates": [ [ [ [ 140.50072555, 35.930606815 ], [ 140.50015448, 35.929571323 ], [ 140.499744414, 35.929719869 ], [ 140.500312016, 35.930756955 ], [ 140.50072555, 35.930606815 ] ] ] ] } },
{ "type": "Feature", "properties": { "fid": 186, "氏名": "栗山峰志", "遅まき": null, "2026地名地番": "長島字堀川江間1778-1", "散布面積": "49.98", "備考": null, "検索_Address": "長島字堀川江間1778-1", "検索_Tiban": "1778-1", "ｗｋｔ": "86cf6daea64769eadf819121e2675756", "地番": "1778-1", "ポリゴンの面積": 59, "auxiliary_storage_labeling_positionx": null, "auxiliary_storage_labeling_positiony": null, "auxiliary_storage_labeling_show": null, "auxiliary_storage_labeling_labelrotation": null, "auxiliary_storage_labeling_family": null, "auxiliary_storage_labeling_fontstyle": null, "auxiliary_storage_labeling_size": null, "auxiliary_storage_labeling_bold": null, "auxiliary_storage_labeling_italic": null, "auxiliary_storage_labeling_underline": null, "auxiliary_storage_labeling_color": null, "auxiliary_storage_labeling_strikeout": null, "auxiliary_storage_labeling_multilinealignment": null, "auxiliary_storage_labeling_buffersize": null, "auxiliary_storage_labeling_buffercolor": null, "auxiliary_storage_labeling_bufferdraw": null, "auxiliary_storage_labeling_labeldistance": null, "auxiliary_storage_labeling_hali": null, "auxiliary_storage_labeling_vali": null, "auxiliary_storage_labeling_scalevisibility": null, "auxiliary_storage_labeling_minscale": null, "auxiliary_storage_labeling_maxscale": null, "auxiliary_storage_labeling_alwaysshow": null, "auxiliary_storage_labeling_calloutdraw": null, "auxiliary_storage_labeling_labelallparts": null }, "geometry": { "type": "MultiPolygon", "coordinates": [ [ [ [ 140.498509972, 35.930177763 ], [ 140.499083709, 35.931194407 ], [ 140.499108871, 35.93120079 ], [ 140.49955929, 35.931033168 ], [ 140.498988366, 35.930003126 ], [ 140.498509972, 35.930177763 ] ] ] ] } },
{ "type": "Feature", "properties": { "fid": 187, "氏名": "栗山峰志", "遅まき": null, "2026地名地番": "長島字堀川江間1777-1,2,1776", "散布面積": "68.09", "備考": null, "検索_Address": "長島字堀川江間1777-1,長島字堀川江間1777-2", "検索_Tiban": "1777-1,1777-2", "ｗｋｔ": "623626ef32394df7a8be253225c836f1", "地番": "1777-1,2,1776", "ポリゴンの面積": 61, "auxiliary_storage_labeling_positionx": null, "auxiliary_storage_labeling_positiony": null, "auxiliary_storage_labeling_show": null, "auxiliary_storage_labeling_labelrotation": null, "auxiliary_storage_labeling_family": null, "auxiliary_storage_labeling_fontstyle": null, "auxiliary_storage_labeling_size": 1.0, "auxiliary_storage_labeling_bold": null, "auxiliary_storage_labeling_italic": null, "auxiliary_storage_labeling_underline": null, "auxiliary_storage_labeling_color": null, "auxiliary_storage_labeling_strikeout": null, "auxiliary_storage_labeling_multilinealignment": null, "auxiliary_storage_labeling_buffersize": null, "auxiliary_storage_labeling_buffercolor": null, "auxiliary_storage_labeling_bufferdraw": null, "auxiliary_storage_labeling_labeldistance": null, "auxiliary_storage_labeling_hali": null, "auxiliary_storage_labeling_vali": null, "auxiliary_storage_labeling_scalevisibility": null, "auxiliary_storage_labeling_minscale": null, "auxiliary_storage_labeling_maxscale": null, "auxiliary_storage_labeling_alwaysshow": null, "auxiliary_storage_labeling_calloutdraw": null, "auxiliary_storage_labeling_labelallparts": null }, "geometry": { "type": "MultiPolygon", "coordinates": [ [ [ [ 140.49955929, 35.931033168 ], [ 140.500045773000011, 35.93085286 ], [ 140.499475238, 35.929820585 ], [ 140.498988366, 35.930003126 ], [ 140.49955929, 35.931033168 ] ] ] ] } },
{ "type": "Feature", "properties": { "fid": 189, "氏名": "栗山峰志", "遅まき": null, "2026地名地番": "長島字堀川江間1651,1652", "散布面積": "44.33", "備考": null, "検索_Address": "長島字堀川江間1651", "検索_Tiban": "1651", "ｗｋｔ": "223c20054c19d6f016e7a157d199f8e8", "地番": "1651,1652", "ポリゴンの面積": 17, "auxiliary_storage_labeling_positionx": null, "auxiliary_storage_labeling_positiony": null, "auxiliary_storage_labeling_show": null, "auxiliary_storage_labeling_labelrotation": null, "auxiliary_storage_labeling_family": null, "auxiliary_storage_labeling_fontstyle": null, "auxiliary_storage_labeling_size": 1.0, "auxiliary_storage_labeling_bold": null, "auxiliary_storage_labeling_italic": null, "auxiliary_storage_labeling_underline": null, "auxiliary_storage_labeling_color": null, "auxiliary_storage_labeling_strikeout": null, "auxiliary_storage_labeling_multilinealignment": null, "auxiliary_storage_labeling_buffersize": null, "auxiliary_storage_labeling_buffercolor": null, "auxiliary_storage_labeling_bufferdraw": null, "auxiliary_storage_labeling_labeldistance": null, "auxiliary_storage_labeling_hali": null, "auxiliary_storage_labeling_vali": null, "auxiliary_storage_labeling_scalevisibility": null, "auxiliary_storage_labeling_minscale": null, "auxiliary_storage_labeling_maxscale": null, "auxiliary_storage_labeling_alwaysshow": null, "auxiliary_storage_labeling_calloutdraw": null, "auxiliary_storage_labeling_labelallparts": null }, "geometry": { "type": "MultiPolygon", "coordinates": [ [ [ [ 140.499842556455633, 35.930980423157855 ], [ 140.500417931907862, 35.932026178541818 ], [ 140.500552326174073, 35.931973680781581 ], [ 140.499979050632277, 35.930934225128844 ], [ 140.499842556455633, 35.930980423157855 ] ] ] ] } },
{ "type": "Feature", "properties": { "fid": 190, "氏名": "栗山峰志", "遅まき": null, "2026地名地番": "長島字堀川江間1651,1652", "散布面積": "44.33", "備考": null, "検索_Address": "長島字堀川江間1652", "検索_Tiban": "1652", "ｗｋｔ": "7fa9d34ca872883a474227981161689b", "地番": "1651,1652", "ポリゴンの面積": 24, "auxiliary_storage_labeling_positionx": null, "auxiliary_storage_labeling_positiony": null, "auxiliary_storage_labeling_show": null, "auxiliary_storage_labeling_labelrotation": null, "auxiliary_storage_labeling_family": null, "auxiliary_storage_labeling_fontstyle": null, "auxiliary_storage_labeling_size": 1.0, "auxiliary_storage_labeling_bold": null, "auxiliary_storage_labeling_italic": null, "auxiliary_storage_labeling_underline": null, "auxiliary_storage_labeling_color": null, "auxiliary_storage_labeling_strikeout": null, "auxiliary_storage_labeling_multilinealignment": null, "auxiliary_storage_labeling_buffersize": null, "auxiliary_storage_labeling_buffercolor": null, "auxiliary_storage_labeling_bufferdraw": null, "auxiliary_storage_labeling_labeldistance": null, "auxiliary_storage_labeling_hali": null, "auxiliary_storage_labeling_vali": null, "auxiliary_storage_labeling_scalevisibility": null, "auxiliary_storage_labeling_minscale": null, "auxiliary_storage_labeling_maxscale": null, "auxiliary_storage_labeling_alwaysshow": null, "auxiliary_storage_labeling_calloutdraw": null, "auxiliary_storage_labeling_labelallparts": null }, "geometry": { "type": "MultiPolygon", "coordinates": [ [ [ [ 140.499972750901094, 35.93093212521844 ], [ 140.500554426084534, 35.931973680781581 ], [ 140.500742308000014, 35.931905601 ], [ 140.500162882000012, 35.930866928 ], [ 140.499972750901094, 35.93093212521844 ] ] ] ] } },
{ "type": "Feature", "properties": { "fid": 191, "氏名": "栗山峰志", "遅まき": null, "2026地名地番": "笄島字運動津4873~4874", "散布面積": "54.84", "備考": null, "検索_Address": "笄島字運動津4873,笄島字運動津4874", "検索_Tiban": "4873,4874", "ｗｋｔ": "85f5ff41ef30919e734bbb672581b4d0", "地番": "4873~4874", "ポリゴンの面積": 54, "auxiliary_storage_labeling_positionx": null, "auxiliary_storage_labeling_positiony": null, "auxiliary_storage_labeling_show": null, "auxiliary_storage_labeling_labelrotation": null, "auxiliary_storage_labeling_family": null, "auxiliary_storage_labeling_fontstyle": null, "auxiliary_storage_labeling_size": 1.0, "auxiliary_storage_labeling_bold": null, "auxiliary_storage_labeling_italic": null, "auxiliary_storage_labeling_underline": null, "auxiliary_storage_labeling_color": null, "auxiliary_storage_labeling_strikeout": null, "auxiliary_storage_labeling_multilinealignment": null, "auxiliary_storage_labeling_buffersize": null, "auxiliary_storage_labeling_buffercolor": null, "auxiliary_storage_labeling_bufferdraw": null, "auxiliary_storage_labeling_labeldistance": null, "auxiliary_storage_labeling_hali": null, "auxiliary_storage_labeling_vali": null, "auxiliary_storage_labeling_scalevisibility": null, "auxiliary_storage_labeling_minscale": null, "auxiliary_storage_labeling_maxscale": null, "auxiliary_storage_labeling_alwaysshow": null, "auxiliary_storage_labeling_calloutdraw": null, "auxiliary_storage_labeling_labelallparts": null }, "geometry": { "type": "MultiPolygon", "coordinates": [ [ [ [ 140.491396116, 35.924360778 ], [ 140.491298323, 35.92439609 ], [ 140.491429329999988, 35.924625845 ], [ 140.491596222999988, 35.924934057 ], [ 140.491821902, 35.924853039 ], [ 140.492078423, 35.924758075 ], [ 140.49149979500001, 35.923718259 ], [ 140.491122644, 35.923859898 ], [ 140.491396116, 35.924360778 ] ] ] ] } },
{ "type": "Feature", "properties": { "fid": 192, "氏名": "栗山峰志", "遅まき": null, "2026地名地番": "笄島字上代4532,4533-1", "散布面積": "44.32", "備考": null, "検索_Address": "笄島字上代4532,笄島字上代4533-1", "検索_Tiban": "4532,4533-1", "ｗｋｔ": "4d326f400f33bcb34edeb51386d7f070", "地番": "4532,4533-1", "ポリゴンの面積": 41, "auxiliary_storage_labeling_positionx": null, "auxiliary_storage_labeling_positiony": null, "auxiliary_storage_labeling_show": null, "auxiliary_storage_labeling_labelrotation": null, "auxiliary_storage_labeling_family": null, "auxiliary_storage_labeling_fontstyle": null, "auxiliary_storage_labeling_size": null, "auxiliary_storage_labeling_bold": null, "auxiliary_storage_labeling_italic": null, "auxiliary_storage_labeling_underline": null, "auxiliary_storage_labeling_color": null, "auxiliary_storage_labeling_strikeout": null, "auxiliary_storage_labeling_multilinealignment": null, "auxiliary_storage_labeling_buffersize": null, "auxiliary_storage_labeling_buffercolor": null, "auxiliary_storage_labeling_bufferdraw": null, "auxiliary_storage_labeling_labeldistance": null, "auxiliary_storage_labeling_hali": null, "auxiliary_storage_labeling_vali": null, "auxiliary_storage_labeling_scalevisibility": null, "auxiliary_storage_labeling_minscale": null, "auxiliary_storage_labeling_maxscale": null, "auxiliary_storage_labeling_alwaysshow": null, "auxiliary_storage_labeling_calloutdraw": null, "auxiliary_storage_labeling_labelallparts": null }, "geometry": { "type": "MultiPolygon", "coordinates": [ [ [ [ 140.499145491, 35.932497349 ], [ 140.499468914, 35.932375169 ], [ 140.498905571, 35.931348721 ], [ 140.498872741000014, 35.931342109 ], [ 140.498564608, 35.931458277 ], [ 140.499145491, 35.932497349 ] ] ] ] } },
{ "type": "Feature", "properties": { "fid": 193, "氏名": "栗山峰志", "遅まき": null, "2026地名地番": "笄島字上代4539", "散布面積": "10.41", "備考": null, "検索_Address": "笄島字上代4539,笄島字上代4540,笄島字上代4541", "検索_Tiban": "4539~4541", "ｗｋｔ": "19cb755c4ee813718b32a3501bc88b09", "地番": "4539", "ポリゴンの面積": 8, "auxiliary_storage_labeling_positionx": null, "auxiliary_storage_labeling_positiony": null, "auxiliary_storage_labeling_show": null, "auxiliary_storage_labeling_labelrotation": null, "auxiliary_storage_labeling_family": null, "auxiliary_storage_labeling_fontstyle": null, "auxiliary_storage_labeling_size": null, "auxiliary_storage_labeling_bold": null, "auxiliary_storage_labeling_italic": null, "auxiliary_storage_labeling_underline": null, "auxiliary_storage_labeling_color": null, "auxiliary_storage_labeling_strikeout": null, "auxiliary_storage_labeling_multilinealignment": null, "auxiliary_storage_labeling_buffersize": null, "auxiliary_storage_labeling_buffercolor": null, "auxiliary_storage_labeling_bufferdraw": null, "auxiliary_storage_labeling_labeldistance": null, "auxiliary_storage_labeling_hali": null, "auxiliary_storage_labeling_vali": null, "auxiliary_storage_labeling_scalevisibility": null, "auxiliary_storage_labeling_minscale": null, "auxiliary_storage_labeling_maxscale": null, "auxiliary_storage_labeling_alwaysshow": null, "auxiliary_storage_labeling_calloutdraw": null, "auxiliary_storage_labeling_labelallparts": null }, "geometry": { "type": "MultiPolygon", "coordinates": [ [ [ [ 140.498348281, 35.931490551 ], [ 140.498674541000014, 35.931372706 ], [ 140.498559938999989, 35.931154947 ], [ 140.498236127000013, 35.931300642 ], [ 140.498348281, 35.931490551 ] ] ] ] } },
{ "type": "Feature", "properties": { "fid": 195, "氏名": "栗山峰志", "遅まき": null, "2026地名地番": "笄島字上代4552-1", "散布面積": "27.07", "備考": null, "検索_Address": "笄島字上代4552-1", "検索_Tiban": "4552-1", "ｗｋｔ": "2535d9102cb4ea42974da1d8174432bf", "地番": "4552-1", "ポリゴンの面積": 27, "auxiliary_storage_labeling_positionx": null, "auxiliary_storage_labeling_positiony": null, "auxiliary_storage_labeling_show": null, "auxiliary_storage_labeling_labelrotation": null, "auxiliary_storage_labeling_family": null, "auxiliary_storage_labeling_fontstyle": null, "auxiliary_storage_labeling_size": null, "auxiliary_storage_labeling_bold": null, "auxiliary_storage_labeling_italic": null, "auxiliary_storage_labeling_underline": null, "auxiliary_storage_labeling_color": null, "auxiliary_storage_labeling_strikeout": null, "auxiliary_storage_labeling_multilinealignment": null, "auxiliary_storage_labeling_buffersize": null, "auxiliary_storage_labeling_buffercolor": null, "auxiliary_storage_labeling_bufferdraw": null, "auxiliary_storage_labeling_labeldistance": null, "auxiliary_storage_labeling_hali": null, "auxiliary_storage_labeling_vali": null, "auxiliary_storage_labeling_scalevisibility": null, "auxiliary_storage_labeling_minscale": null, "auxiliary_storage_labeling_maxscale": null, "auxiliary_storage_labeling_alwaysshow": null, "auxiliary_storage_labeling_calloutdraw": null, "auxiliary_storage_labeling_labelallparts": null }, "geometry": { "type": "MultiPolygon", "coordinates": [ [ [ [ 140.49594546, 35.931123043 ], [ 140.496073488, 35.931217198 ], [ 140.496141432, 35.93127327 ], [ 140.496291125999988, 35.931399035 ], [ 140.496419507000013, 35.931535521 ], [ 140.49650652, 35.9316327 ], [ 140.496772965, 35.931484638 ], [ 140.496473181, 35.930934372 ], [ 140.49594546, 35.931123043 ] ] ] ] } },
{ "type": "Feature", "properties": { "fid": 196, "氏名": "栗山孝広", "遅まき": null, "2026地名地番": "笄島字運動津4816-1", "散布面積": "27.7", "備考": null, "検索_Address": "笄島字運動津4816-1", "検索_Tiban": "4816-1", "ｗｋｔ": "b69f8c7b2ed68bd31680da6c74a6d6f5", "地番": "4816-1", "ポリゴンの面積": 28, "auxiliary_storage_labeling_positionx": null, "auxiliary_storage_labeling_positiony": null, "auxiliary_storage_labeling_show": null, "auxiliary_storage_labeling_labelrotation": null, "auxiliary_storage_labeling_family": null, "auxiliary_storage_labeling_fontstyle": null, "auxiliary_storage_labeling_size": null, "auxiliary_storage_labeling_bold": null, "auxiliary_storage_labeling_italic": null, "auxiliary_storage_labeling_underline": null, "auxiliary_storage_labeling_color": null, "auxiliary_storage_labeling_strikeout": null, "auxiliary_storage_labeling_multilinealignment": null, "auxiliary_storage_labeling_buffersize": null, "auxiliary_storage_labeling_buffercolor": null, "auxiliary_storage_labeling_bufferdraw": null, "auxiliary_storage_labeling_labeldistance": null, "auxiliary_storage_labeling_hali": null, "auxiliary_storage_labeling_vali": null, "auxiliary_storage_labeling_scalevisibility": null, "auxiliary_storage_labeling_minscale": null, "auxiliary_storage_labeling_maxscale": null, "auxiliary_storage_labeling_alwaysshow": null, "auxiliary_storage_labeling_calloutdraw": null, "auxiliary_storage_labeling_labelallparts": null }, "geometry": { "type": "MultiPolygon", "coordinates": [ [ [ [ 140.491491265, 35.926912039 ], [ 140.491835562, 35.926787014 ], [ 140.491579514, 35.926325308 ], [ 140.491558965, 35.926288255 ], [ 140.491045261000011, 35.926472624 ], [ 140.491096994, 35.926573102 ], [ 140.491060103, 35.926621687 ], [ 140.491491265, 35.926912039 ] ] ] ] } },
{ "type": "Feature", "properties": { "fid": 197, "氏名": "栗山孝広", "遅まき": null, "2026地名地番": "笄島字運動津4846-1", "散布面積": "39.5", "備考": null, "検索_Address": "笄島字運動津4846-1,笄島字運動津4846-2,笄島字運動津4847-1", "検索_Tiban": "4846-1~4847-1", "ｗｋｔ": "4b7e0ff1ca4d705e83a26727317599eb", "地番": "4846-1", "ポリゴンの面積": 77, "auxiliary_storage_labeling_positionx": null, "auxiliary_storage_labeling_positiony": null, "auxiliary_storage_labeling_show": null, "auxiliary_storage_labeling_labelrotation": null, "auxiliary_storage_labeling_family": null, "auxiliary_storage_labeling_fontstyle": null, "auxiliary_storage_labeling_size": null, "auxiliary_storage_labeling_bold": null, "auxiliary_storage_labeling_italic": null, "auxiliary_storage_labeling_underline": null, "auxiliary_storage_labeling_color": null, "auxiliary_storage_labeling_strikeout": null, "auxiliary_storage_labeling_multilinealignment": null, "auxiliary_storage_labeling_buffersize": null, "auxiliary_storage_labeling_buffercolor": null, "auxiliary_storage_labeling_bufferdraw": null, "auxiliary_storage_labeling_labeldistance": null, "auxiliary_storage_labeling_hali": null, "auxiliary_storage_labeling_vali": null, "auxiliary_storage_labeling_scalevisibility": null, "auxiliary_storage_labeling_minscale": null, "auxiliary_storage_labeling_maxscale": null, "auxiliary_storage_labeling_alwaysshow": null, "auxiliary_storage_labeling_calloutdraw": null, "auxiliary_storage_labeling_labelallparts": null }, "geometry": { "type": "MultiPolygon", "coordinates": [ [ [ [ 140.492179867, 35.925982669 ], [ 140.492797593, 35.925754348 ], [ 140.49223647, 35.924731803 ], [ 140.491611511, 35.924960545 ], [ 140.491894301, 35.925470722 ], [ 140.492179867, 35.925982669 ] ] ] ] } },
{ "type": "Feature", "properties": { "fid": 201, "氏名": "栗山孝広", "遅まき": null, "2026地名地番": "笄島字運動津4848", "散布面積": "25.4", "備考": null, "検索_Address": "笄島字運動津4847-2,笄島字運動津4848", "検索_Tiban": "4847-2,4848", "ｗｋｔ": "dc498e19b7b606ab35516942651cea1d", "地番": "4848", "ポリゴンの面積": 39, "auxiliary_storage_labeling_positionx": null, "auxiliary_storage_labeling_positiony": null, "auxiliary_storage_labeling_show": null, "auxiliary_storage_labeling_labelrotation": null, "auxiliary_storage_labeling_family": null, "auxiliary_storage_labeling_fontstyle": null, "auxiliary_storage_labeling_size": null, "auxiliary_storage_labeling_bold": null, "auxiliary_storage_labeling_italic": null, "auxiliary_storage_labeling_underline": null, "auxiliary_storage_labeling_color": null, "auxiliary_storage_labeling_strikeout": null, "auxiliary_storage_labeling_multilinealignment": null, "auxiliary_storage_labeling_buffersize": null, "auxiliary_storage_labeling_buffercolor": null, "auxiliary_storage_labeling_bufferdraw": null, "auxiliary_storage_labeling_labeldistance": null, "auxiliary_storage_labeling_hali": null, "auxiliary_storage_labeling_vali": null, "auxiliary_storage_labeling_scalevisibility": null, "auxiliary_storage_labeling_minscale": null, "auxiliary_storage_labeling_maxscale": null, "auxiliary_storage_labeling_alwaysshow": null, "auxiliary_storage_labeling_calloutdraw": null, "auxiliary_storage_labeling_labelallparts": null }, "geometry": { "type": "MultiPolygon", "coordinates": [ [ [ [ 140.491843571, 35.925478108 ], [ 140.49127904, 35.925682533 ], [ 140.491563337, 35.926208093 ], [ 140.492179867, 35.925982669 ], [ 140.491894301, 35.925470722 ], [ 140.491843571, 35.925478108 ] ] ] ] } },
{ "type": "Feature", "properties": { "fid": 203, "氏名": "栗山孝広", "遅まき": null, "2026地名地番": "笄島字運動津4827-2", "散布面積": "4.9", "備考": null, "検索_Address": "笄島字運動津4827-1,笄島字運動津4827-2,笄島字運動津4827-3", "検索_Tiban": "4827-1~4827-3", "ｗｋｔ": "eda49e8ad7cc56393bb0746f275361b0", "地番": "4827-2", "ポリゴンの面積": 46, "auxiliary_storage_labeling_positionx": null, "auxiliary_storage_labeling_positiony": null, "auxiliary_storage_labeling_show": null, "auxiliary_storage_labeling_labelrotation": null, "auxiliary_storage_labeling_family": null, "auxiliary_storage_labeling_fontstyle": null, "auxiliary_storage_labeling_size": null, "auxiliary_storage_labeling_bold": null, "auxiliary_storage_labeling_italic": null, "auxiliary_storage_labeling_underline": null, "auxiliary_storage_labeling_color": null, "auxiliary_storage_labeling_strikeout": null, "auxiliary_storage_labeling_multilinealignment": null, "auxiliary_storage_labeling_buffersize": null, "auxiliary_storage_labeling_buffercolor": null, "auxiliary_storage_labeling_bufferdraw": null, "auxiliary_storage_labeling_labeldistance": null, "auxiliary_storage_labeling_hali": null, "auxiliary_storage_labeling_vali": null, "auxiliary_storage_labeling_scalevisibility": null, "auxiliary_storage_labeling_minscale": null, "auxiliary_storage_labeling_maxscale": null, "auxiliary_storage_labeling_alwaysshow": null, "auxiliary_storage_labeling_calloutdraw": null, "auxiliary_storage_labeling_labelallparts": null }, "geometry": { "type": "MultiPolygon", "coordinates": [ [ [ [ 140.49352249, 35.926814847 ], [ 140.492941327000011, 35.925774174 ], [ 140.492572466000013, 35.925910462 ], [ 140.493152413, 35.926951427 ], [ 140.49352249, 35.926814847 ] ] ] ] } },
{ "type": "Feature", "properties": { "fid": 205, "氏名": "栗山孝広", "遅まき": null, "2026地名地番": "笄島字運動津4828", "散布面積": "49.8", "備考": null, "検索_Address": "笄島字運動津4828", "検索_Tiban": "4828", "ｗｋｔ": "47f370b2cb56cd991be24718e5ca3b7d", "地番": "4828", "ポリゴンの面積": 39, "auxiliary_storage_labeling_positionx": null, "auxiliary_storage_labeling_positiony": null, "auxiliary_storage_labeling_show": null, "auxiliary_storage_labeling_labelrotation": null, "auxiliary_storage_labeling_family": null, "auxiliary_storage_labeling_fontstyle": null, "auxiliary_storage_labeling_size": null, "auxiliary_storage_labeling_bold": null, "auxiliary_storage_labeling_italic": null, "auxiliary_storage_labeling_underline": null, "auxiliary_storage_labeling_color": null, "auxiliary_storage_labeling_strikeout": null, "auxiliary_storage_labeling_multilinealignment": null, "auxiliary_storage_labeling_buffersize": null, "auxiliary_storage_labeling_buffercolor": null, "auxiliary_storage_labeling_bufferdraw": null, "auxiliary_storage_labeling_labeldistance": null, "auxiliary_storage_labeling_hali": null, "auxiliary_storage_labeling_vali": null, "auxiliary_storage_labeling_scalevisibility": null, "auxiliary_storage_labeling_minscale": null, "auxiliary_storage_labeling_maxscale": null, "auxiliary_storage_labeling_alwaysshow": null, "auxiliary_storage_labeling_calloutdraw": null, "auxiliary_storage_labeling_labelallparts": null }, "geometry": { "type": "MultiPolygon", "coordinates": [ [ [ [ 140.49352249, 35.926814847 ], [ 140.493826931, 35.926702487 ], [ 140.493252164000012, 35.925659325 ], [ 140.492941327000011, 35.925774174 ], [ 140.49352249, 35.926814847 ] ] ] ] } },
{ "type": "Feature", "properties": { "fid": 207, "氏名": "栗山孝広", "遅まき": null, "2026地名地番": "運動津4825", "散布面積": "6.6", "備考": null, "検索_Address": "笄島字運動津4823-1,笄島字運動津4823-2,笄島字運動津4823-3,笄島字運動津4823-4,笄島字運動津4823-5,笄島字運動津4823-6,笄島字運動津4823-7,笄島字運動津4823-8,笄島字運動津4825", "検索_Tiban": "4823-1~4825", "ｗｋｔ": "7fec7438362985f0d72ae04e8fa358a8", "地番": "4825", "ポリゴンの面積": 70, "auxiliary_storage_labeling_positionx": null, "auxiliary_storage_labeling_positiony": null, "auxiliary_storage_labeling_show": null, "auxiliary_storage_labeling_labelrotation": null, "auxiliary_storage_labeling_family": null, "auxiliary_storage_labeling_fontstyle": null, "auxiliary_storage_labeling_size": null, "auxiliary_storage_labeling_bold": null, "auxiliary_storage_labeling_italic": null, "auxiliary_storage_labeling_underline": null, "auxiliary_storage_labeling_color": null, "auxiliary_storage_labeling_strikeout": null, "auxiliary_storage_labeling_multilinealignment": null, "auxiliary_storage_labeling_buffersize": null, "auxiliary_storage_labeling_buffercolor": null, "auxiliary_storage_labeling_bufferdraw": null, "auxiliary_storage_labeling_labeldistance": null, "auxiliary_storage_labeling_hali": null, "auxiliary_storage_labeling_vali": null, "auxiliary_storage_labeling_scalevisibility": null, "auxiliary_storage_labeling_minscale": null, "auxiliary_storage_labeling_maxscale": null, "auxiliary_storage_labeling_alwaysshow": null, "auxiliary_storage_labeling_calloutdraw": null, "auxiliary_storage_labeling_labelallparts": null }, "geometry": { "type": "MultiPolygon", "coordinates": [ [ [ [ 140.492033755, 35.926109503 ], [ 140.492024042999986, 35.92613257 ], [ 140.49259539, 35.927157002 ], [ 140.493152413, 35.926951427 ], [ 140.492572466000013, 35.925910462 ], [ 140.492033755, 35.926109503 ] ] ] ] } },
{ "type": "Feature", "properties": { "fid": 208, "氏名": "栗山孝広", "遅まき": null, "2026地名地番": "笄島字笄津4658-1", "散布面積": "18.8", "備考": null, "検索_Address": "笄島字笄津4658-1", "検索_Tiban": "4658-1", "ｗｋｔ": "8b53c164f73de3e503066e1faffe5bde", "地番": "4658-1", "ポリゴンの面積": 22, "auxiliary_storage_labeling_positionx": null, "auxiliary_storage_labeling_positiony": null, "auxiliary_storage_labeling_show": null, "auxiliary_storage_labeling_labelrotation": null, "auxiliary_storage_labeling_family": null, "auxiliary_storage_labeling_fontstyle": null, "auxiliary_storage_labeling_size": null, "auxiliary_storage_labeling_bold": null, "auxiliary_storage_labeling_italic": null, "auxiliary_storage_labeling_underline": null, "auxiliary_storage_labeling_color": null, "auxiliary_storage_labeling_strikeout": null, "auxiliary_storage_labeling_multilinealignment": null, "auxiliary_storage_labeling_buffersize": null, "auxiliary_storage_labeling_buffercolor": null, "auxiliary_storage_labeling_bufferdraw": null, "auxiliary_storage_labeling_labeldistance": null, "auxiliary_storage_labeling_hali": null, "auxiliary_storage_labeling_vali": null, "auxiliary_storage_labeling_scalevisibility": null, "auxiliary_storage_labeling_minscale": null, "auxiliary_storage_labeling_maxscale": null, "auxiliary_storage_labeling_alwaysshow": null, "auxiliary_storage_labeling_calloutdraw": null, "auxiliary_storage_labeling_labelallparts": null }, "geometry": { "type": "MultiPolygon", "coordinates": [ [ [ [ 140.490763050999988, 35.927317595 ], [ 140.490470151000011, 35.927134676 ], [ 140.490409532, 35.927143593 ], [ 140.489914172, 35.927551946 ], [ 140.490049581, 35.927652079 ], [ 140.490162282, 35.927559174 ], [ 140.490273783, 35.927640121 ], [ 140.49032429, 35.927684916 ], [ 140.490392463, 35.927626131 ], [ 140.490651803, 35.927401964 ], [ 140.490763050999988, 35.927317595 ] ] ] ] } },
{ "type": "Feature", "properties": { "fid": 209, "氏名": "金田寛之", "遅まき": "遅まき", "2026地名地番": "佐原字新洲　ニ6400-1", "散布面積": "30.3", "備考": "30.3", "検索_Address": "佐原字新洲　ニ6400-1", "検索_Tiban": "6400-1", "ｗｋｔ": "5a795d5c730a230271502d2bb25d3c32", "地番": "6400-1", "ポリゴンの面積": 47, "auxiliary_storage_labeling_positionx": null, "auxiliary_storage_labeling_positiony": null, "auxiliary_storage_labeling_show": null, "auxiliary_storage_labeling_labelrotation": null, "auxiliary_storage_labeling_family": null, "auxiliary_storage_labeling_fontstyle": null, "auxiliary_storage_labeling_size": null, "auxiliary_storage_labeling_bold": null, "auxiliary_storage_labeling_italic": null, "auxiliary_storage_labeling_underline": null, "auxiliary_storage_labeling_color": null, "auxiliary_storage_labeling_strikeout": null, "auxiliary_storage_labeling_multilinealignment": null, "auxiliary_storage_labeling_buffersize": null, "auxiliary_storage_labeling_buffercolor": null, "auxiliary_storage_labeling_bufferdraw": null, "auxiliary_storage_labeling_labeldistance": null, "auxiliary_storage_labeling_hali": null, "auxiliary_storage_labeling_vali": null, "auxiliary_storage_labeling_scalevisibility": null, "auxiliary_storage_labeling_minscale": null, "auxiliary_storage_labeling_maxscale": null, "auxiliary_storage_labeling_alwaysshow": null, "auxiliary_storage_labeling_calloutdraw": null, "auxiliary_storage_labeling_labelallparts": null }, "geometry": { "type": "MultiPolygon", "coordinates": [ [ [ [ 140.507238803, 35.914205143 ], [ 140.507066289, 35.913895768 ], [ 140.505788983, 35.914370491 ], [ 140.50595666000001, 35.914670579 ], [ 140.507238803, 35.914205143 ] ] ] ] } },
{ "type": "Feature", "properties": { "fid": 211, "氏名": "金田寛之", "遅まき": "遅まき", "2026地名地番": "佐原字新洲　ニ6401-2", "散布面積": "13.7", "備考": "13.7", "検索_Address": "佐原字新洲　ニ6401-1,佐原字新洲　ニ6401-2", "検索_Tiban": "6401-1,6401-2", "ｗｋｔ": "6e88bc4cd46d64844224bec93c3d2032", "地番": "6401-2", "ポリゴンの面積": 53, "auxiliary_storage_labeling_positionx": null, "auxiliary_storage_labeling_positiony": null, "auxiliary_storage_labeling_show": null, "auxiliary_storage_labeling_labelrotation": null, "auxiliary_storage_labeling_family": null, "auxiliary_storage_labeling_fontstyle": null, "auxiliary_storage_labeling_size": null, "auxiliary_storage_labeling_bold": null, "auxiliary_storage_labeling_italic": null, "auxiliary_storage_labeling_underline": null, "auxiliary_storage_labeling_color": null, "auxiliary_storage_labeling_strikeout": null, "auxiliary_storage_labeling_multilinealignment": null, "auxiliary_storage_labeling_buffersize": null, "auxiliary_storage_labeling_buffercolor": null, "auxiliary_storage_labeling_bufferdraw": null, "auxiliary_storage_labeling_labeldistance": null, "auxiliary_storage_labeling_hali": null, "auxiliary_storage_labeling_vali": null, "auxiliary_storage_labeling_scalevisibility": null, "auxiliary_storage_labeling_minscale": null, "auxiliary_storage_labeling_maxscale": null, "auxiliary_storage_labeling_alwaysshow": null, "auxiliary_storage_labeling_calloutdraw": null, "auxiliary_storage_labeling_labelallparts": null }, "geometry": { "type": "MultiPolygon", "coordinates": [ [ [ [ 140.50595666000001, 35.914670579 ], [ 140.506146255, 35.915009891 ], [ 140.507429599, 35.914547304 ], [ 140.507238803, 35.914205143 ], [ 140.50595666000001, 35.914670579 ] ] ] ] } },
{ "type": "Feature", "properties": { "fid": 212, "氏名": "金田寛之", "遅まき": null, "2026地名地番": "佐原字新洲　ニ6402", "散布面積": "34.6", "備考": null, "検索_Address": "佐原字新洲　ニ6402", "検索_Tiban": "6402", "ｗｋｔ": "02c8bf42bb09b100d8744f601037bb3f", "地番": "6402", "ポリゴンの面積": 37, "auxiliary_storage_labeling_positionx": null, "auxiliary_storage_labeling_positiony": null, "auxiliary_storage_labeling_show": null, "auxiliary_storage_labeling_labelrotation": null, "auxiliary_storage_labeling_family": null, "auxiliary_storage_labeling_fontstyle": null, "auxiliary_storage_labeling_size": null, "auxiliary_storage_labeling_bold": null, "auxiliary_storage_labeling_italic": null, "auxiliary_storage_labeling_underline": null, "auxiliary_storage_labeling_color": null, "auxiliary_storage_labeling_strikeout": null, "auxiliary_storage_labeling_multilinealignment": null, "auxiliary_storage_labeling_buffersize": null, "auxiliary_storage_labeling_buffercolor": null, "auxiliary_storage_labeling_bufferdraw": null, "auxiliary_storage_labeling_labeldistance": null, "auxiliary_storage_labeling_hali": null, "auxiliary_storage_labeling_vali": null, "auxiliary_storage_labeling_scalevisibility": null, "auxiliary_storage_labeling_minscale": null, "auxiliary_storage_labeling_maxscale": null, "auxiliary_storage_labeling_alwaysshow": null, "auxiliary_storage_labeling_calloutdraw": null, "auxiliary_storage_labeling_labelallparts": null }, "geometry": { "type": "MultiPolygon", "coordinates": [ [ [ [ 140.506285935, 35.91525987 ], [ 140.507560165, 35.914781451 ], [ 140.507429599, 35.914547304 ], [ 140.506146255, 35.915009891 ], [ 140.506285935, 35.91525987 ] ] ] ] } },
{ "type": "Feature", "properties": { "fid": 213, "氏名": "金田寛之", "遅まき": null, "2026地名地番": "佐原字新洲　ニ6403-1～6", "散布面積": "37", "備考": null, "検索_Address": "佐原字新洲　ニ6403-1,佐原字新洲　ニ6403-2,佐原字新洲　ニ6403-3,佐原字新洲　ニ6403-4,佐原字新洲　ニ6403-5,佐原字新洲　ニ6403-6", "検索_Tiban": "6403-1~6403-6", "ｗｋｔ": "e1fe81489f698f59e87c969aa1e37f20", "地番": "6403-1～6", "ポリゴンの面積": 38, "auxiliary_storage_labeling_positionx": null, "auxiliary_storage_labeling_positiony": null, "auxiliary_storage_labeling_show": null, "auxiliary_storage_labeling_labelrotation": null, "auxiliary_storage_labeling_family": null, "auxiliary_storage_labeling_fontstyle": null, "auxiliary_storage_labeling_size": null, "auxiliary_storage_labeling_bold": null, "auxiliary_storage_labeling_italic": null, "auxiliary_storage_labeling_underline": null, "auxiliary_storage_labeling_color": null, "auxiliary_storage_labeling_strikeout": null, "auxiliary_storage_labeling_multilinealignment": null, "auxiliary_storage_labeling_buffersize": null, "auxiliary_storage_labeling_buffercolor": null, "auxiliary_storage_labeling_bufferdraw": null, "auxiliary_storage_labeling_labeldistance": null, "auxiliary_storage_labeling_hali": null, "auxiliary_storage_labeling_vali": null, "auxiliary_storage_labeling_scalevisibility": null, "auxiliary_storage_labeling_minscale": null, "auxiliary_storage_labeling_maxscale": null, "auxiliary_storage_labeling_alwaysshow": null, "auxiliary_storage_labeling_calloutdraw": null, "auxiliary_storage_labeling_labelallparts": null }, "geometry": { "type": "MultiPolygon", "coordinates": [ [ [ [ 140.507560165, 35.914781451 ], [ 140.506285935, 35.91525987 ], [ 140.506416729, 35.915493944 ], [ 140.507700697, 35.915033467 ], [ 140.507560165, 35.914781451 ] ] ] ] } },
{ "type": "Feature", "properties": { "fid": 215, "氏名": "金田寛之", "遅まき": "遅まき", "2026地名地番": "佐原字新洲　ニ6423-1", "散布面積": "11.4", "備考": "11.4", "検索_Address": "佐原字新洲　ニ6422,佐原字新洲　ニ6423-1,佐原字新洲　ニ6423-2,佐原字新洲　ニ6423-3,佐原字新洲　ニ6424-1,佐原字新洲　ニ6424-2", "検索_Tiban": "6422~6424-2", "ｗｋｔ": "a63cb1177719adb73eab5dc5b69fa730", "地番": "6423-1", "ポリゴンの面積": 93, "auxiliary_storage_labeling_positionx": null, "auxiliary_storage_labeling_positiony": null, "auxiliary_storage_labeling_show": null, "auxiliary_storage_labeling_labelrotation": null, "auxiliary_storage_labeling_family": null, "auxiliary_storage_labeling_fontstyle": null, "auxiliary_storage_labeling_size": null, "auxiliary_storage_labeling_bold": null, "auxiliary_storage_labeling_italic": null, "auxiliary_storage_labeling_underline": null, "auxiliary_storage_labeling_color": null, "auxiliary_storage_labeling_strikeout": null, "auxiliary_storage_labeling_multilinealignment": null, "auxiliary_storage_labeling_buffersize": null, "auxiliary_storage_labeling_buffercolor": null, "auxiliary_storage_labeling_bufferdraw": null, "auxiliary_storage_labeling_labeldistance": null, "auxiliary_storage_labeling_hali": null, "auxiliary_storage_labeling_vali": null, "auxiliary_storage_labeling_scalevisibility": null, "auxiliary_storage_labeling_minscale": null, "auxiliary_storage_labeling_maxscale": null, "auxiliary_storage_labeling_alwaysshow": null, "auxiliary_storage_labeling_calloutdraw": null, "auxiliary_storage_labeling_labelallparts": null }, "geometry": { "type": "MultiPolygon", "coordinates": [ [ [ [ 140.508519308, 35.913673793 ], [ 140.507250314, 35.914153444 ], [ 140.507579676, 35.914745814 ], [ 140.508862592000014, 35.914290002 ], [ 140.508519308, 35.913673793 ] ] ] ] } },
{ "type": "Feature", "properties": { "fid": 224, "氏名": "金田寛之", "遅まき": null, "2026地名地番": "佐原字新洲　ニ6531-5", "散布面積": "7", "備考": null, "検索_Address": "佐原字新洲　ニ6531-1,佐原字新洲　ニ6531-2,佐原字新洲　ニ6531-3,佐原字新洲　ニ6531-4,佐原字新洲　ニ6531-5", "検索_Tiban": "6531-1~6531-5", "ｗｋｔ": "bb6d9ca21c847068d89af25122d357b9", "地番": "6531-5", "ポリゴンの面積": 51, "auxiliary_storage_labeling_positionx": null, "auxiliary_storage_labeling_positiony": null, "auxiliary_storage_labeling_show": null, "auxiliary_storage_labeling_labelrotation": null, "auxiliary_storage_labeling_family": null, "auxiliary_storage_labeling_fontstyle": null, "auxiliary_storage_labeling_size": null, "auxiliary_storage_labeling_bold": null, "auxiliary_storage_labeling_italic": null, "auxiliary_storage_labeling_underline": null, "auxiliary_storage_labeling_color": null, "auxiliary_storage_labeling_strikeout": null, "auxiliary_storage_labeling_multilinealignment": null, "auxiliary_storage_labeling_buffersize": null, "auxiliary_storage_labeling_buffercolor": null, "auxiliary_storage_labeling_bufferdraw": null, "auxiliary_storage_labeling_labeldistance": null, "auxiliary_storage_labeling_hali": null, "auxiliary_storage_labeling_vali": null, "auxiliary_storage_labeling_scalevisibility": null, "auxiliary_storage_labeling_minscale": null, "auxiliary_storage_labeling_maxscale": null, "auxiliary_storage_labeling_alwaysshow": null, "auxiliary_storage_labeling_calloutdraw": null, "auxiliary_storage_labeling_labelallparts": null }, "geometry": { "type": "MultiPolygon", "coordinates": [ [ [ [ 140.508851567, 35.908561425 ], [ 140.507582430000014, 35.909034161 ], [ 140.507768088, 35.909370878 ], [ 140.509033818, 35.908889555 ], [ 140.508851567, 35.908561425 ] ] ] ] } },
{ "type": "Feature", "properties": { "fid": 225, "氏名": "金田寛之", "遅まき": null, "2026地名地番": "佐原字新洲　ニ6600", "散布面積": "24", "備考": null, "検索_Address": "佐原字新洲　ニ6600", "検索_Tiban": "6600", "ｗｋｔ": "230553aedfa0c69e2c3246b92f56ca60", "地番": "6600", "ポリゴンの面積": 25, "auxiliary_storage_labeling_positionx": null, "auxiliary_storage_labeling_positiony": null, "auxiliary_storage_labeling_show": null, "auxiliary_storage_labeling_labelrotation": null, "auxiliary_storage_labeling_family": null, "auxiliary_storage_labeling_fontstyle": null, "auxiliary_storage_labeling_size": null, "auxiliary_storage_labeling_bold": null, "auxiliary_storage_labeling_italic": null, "auxiliary_storage_labeling_underline": null, "auxiliary_storage_labeling_color": null, "auxiliary_storage_labeling_strikeout": null, "auxiliary_storage_labeling_multilinealignment": null, "auxiliary_storage_labeling_buffersize": null, "auxiliary_storage_labeling_buffercolor": null, "auxiliary_storage_labeling_bufferdraw": null, "auxiliary_storage_labeling_labeldistance": null, "auxiliary_storage_labeling_hali": null, "auxiliary_storage_labeling_vali": null, "auxiliary_storage_labeling_scalevisibility": null, "auxiliary_storage_labeling_minscale": null, "auxiliary_storage_labeling_maxscale": null, "auxiliary_storage_labeling_alwaysshow": null, "auxiliary_storage_labeling_calloutdraw": null, "auxiliary_storage_labeling_labelallparts": null }, "geometry": { "type": "MultiPolygon", "coordinates": [ [ [ [ 140.508416477, 35.907672994 ], [ 140.508650918, 35.907578939 ], [ 140.50851457600001, 35.907402043 ], [ 140.508874694000014, 35.907207195 ], [ 140.508309349, 35.906970001 ], [ 140.508285422, 35.906970136 ], [ 140.508251401, 35.907000317 ], [ 140.508141094, 35.907122143 ], [ 140.508131728, 35.907169889 ], [ 140.508162008, 35.907211803 ], [ 140.508252705, 35.907376537 ], [ 140.508416477, 35.907672994 ] ] ] ] } },
{ "type": "Feature", "properties": { "fid": 226, "氏名": "金田寛之", "遅まき": null, "2026地名地番": "佐原字新洲　ニ6602", "散布面積": "19", "備考": null, "検索_Address": "佐原字新洲　ニ6602", "検索_Tiban": "6602", "ｗｋｔ": "bb69dcedf4997ec07e04fd0b4b505ffd", "地番": "6602", "ポリゴンの面積": 19, "auxiliary_storage_labeling_positionx": null, "auxiliary_storage_labeling_positiony": null, "auxiliary_storage_labeling_show": null, "auxiliary_storage_labeling_labelrotation": null, "auxiliary_storage_labeling_family": null, "auxiliary_storage_labeling_fontstyle": null, "auxiliary_storage_labeling_size": null, "auxiliary_storage_labeling_bold": null, "auxiliary_storage_labeling_italic": null, "auxiliary_storage_labeling_underline": null, "auxiliary_storage_labeling_color": null, "auxiliary_storage_labeling_strikeout": null, "auxiliary_storage_labeling_multilinealignment": null, "auxiliary_storage_labeling_buffersize": null, "auxiliary_storage_labeling_buffercolor": null, "auxiliary_storage_labeling_bufferdraw": null, "auxiliary_storage_labeling_labeldistance": null, "auxiliary_storage_labeling_hali": null, "auxiliary_storage_labeling_vali": null, "auxiliary_storage_labeling_scalevisibility": null, "auxiliary_storage_labeling_minscale": null, "auxiliary_storage_labeling_maxscale": null, "auxiliary_storage_labeling_alwaysshow": null, "auxiliary_storage_labeling_calloutdraw": null, "auxiliary_storage_labeling_labelallparts": null }, "geometry": { "type": "MultiPolygon", "coordinates": [ [ [ [ 140.508742378, 35.908187188 ], [ 140.508770449, 35.908179927 ], [ 140.509019941, 35.908088093 ], [ 140.508740158, 35.907565569 ], [ 140.508431323, 35.907693859 ], [ 140.508709054, 35.90818944 ], [ 140.508742378, 35.908187188 ] ] ] ] } },
{ "type": "Feature", "properties": { "fid": 227, "氏名": "金田寛之", "遅まき": null, "2026地名地番": "佐原字新洲　ニ6605", "散布面積": "19.42", "備考": null, "検索_Address": "佐原字新洲　ニ6605", "検索_Tiban": "6605", "ｗｋｔ": "fe569de29b148420012893ea8cefbff4", "地番": "6605", "ポリゴンの面積": 21, "auxiliary_storage_labeling_positionx": null, "auxiliary_storage_labeling_positiony": null, "auxiliary_storage_labeling_show": null, "auxiliary_storage_labeling_labelrotation": null, "auxiliary_storage_labeling_family": null, "auxiliary_storage_labeling_fontstyle": null, "auxiliary_storage_labeling_size": null, "auxiliary_storage_labeling_bold": null, "auxiliary_storage_labeling_italic": null, "auxiliary_storage_labeling_underline": null, "auxiliary_storage_labeling_color": null, "auxiliary_storage_labeling_strikeout": null, "auxiliary_storage_labeling_multilinealignment": null, "auxiliary_storage_labeling_buffersize": null, "auxiliary_storage_labeling_buffercolor": null, "auxiliary_storage_labeling_bufferdraw": null, "auxiliary_storage_labeling_labeldistance": null, "auxiliary_storage_labeling_hali": null, "auxiliary_storage_labeling_vali": null, "auxiliary_storage_labeling_scalevisibility": null, "auxiliary_storage_labeling_minscale": null, "auxiliary_storage_labeling_maxscale": null, "auxiliary_storage_labeling_alwaysshow": null, "auxiliary_storage_labeling_calloutdraw": null, "auxiliary_storage_labeling_labelallparts": null }, "geometry": { "type": "MultiPolygon", "coordinates": [ [ [ [ 140.509484212, 35.907917199 ], [ 140.509893986, 35.907774644 ], [ 140.509423864000013, 35.907299153 ], [ 140.509301446, 35.907380922 ], [ 140.509241651999986, 35.907415838 ], [ 140.509165209, 35.907388844 ], [ 140.509484212, 35.907917199 ] ] ] ] } },
{ "type": "Feature", "properties": { "fid": 229, "氏名": "金田寛之", "遅まき": "遅まき", "2026地名地番": "佐原字南川　ハ4848", "散布面積": "56", "備考": null, "検索_Address": "佐原字南川　ハ4847,佐原字南川　ハ4848", "検索_Tiban": "4847,4848", "ｗｋｔ": "1afbd8815aadedbf9c5192cee174fa18", "地番": "4848", "ポリゴンの面積": 42, "auxiliary_storage_labeling_positionx": null, "auxiliary_storage_labeling_positiony": null, "auxiliary_storage_labeling_show": null, "auxiliary_storage_labeling_labelrotation": null, "auxiliary_storage_labeling_family": null, "auxiliary_storage_labeling_fontstyle": null, "auxiliary_storage_labeling_size": null, "auxiliary_storage_labeling_bold": null, "auxiliary_storage_labeling_italic": null, "auxiliary_storage_labeling_underline": null, "auxiliary_storage_labeling_color": null, "auxiliary_storage_labeling_strikeout": null, "auxiliary_storage_labeling_multilinealignment": null, "auxiliary_storage_labeling_buffersize": null, "auxiliary_storage_labeling_buffercolor": null, "auxiliary_storage_labeling_bufferdraw": null, "auxiliary_storage_labeling_labeldistance": null, "auxiliary_storage_labeling_hali": null, "auxiliary_storage_labeling_vali": null, "auxiliary_storage_labeling_scalevisibility": null, "auxiliary_storage_labeling_minscale": null, "auxiliary_storage_labeling_maxscale": null, "auxiliary_storage_labeling_alwaysshow": null, "auxiliary_storage_labeling_calloutdraw": null, "auxiliary_storage_labeling_labelallparts": null }, "geometry": { "type": "MultiPolygon", "coordinates": [ [ [ [ 140.510544061, 35.921872911 ], [ 140.510220001, 35.921990747 ], [ 140.51078755, 35.923042018 ], [ 140.510918446, 35.922992969 ], [ 140.511125228, 35.922916269 ], [ 140.510544061, 35.921872911 ] ] ] ] } },
{ "type": "Feature", "properties": { "fid": 231, "氏名": "金田寛之", "遅まき": "遅まき", "2026地名地番": "佐原字南川　ハ4849-2", "散布面積": "6", "備考": null, "検索_Address": "佐原字南川　ハ4849-1,佐原字南川　ハ4849-2", "検索_Tiban": "4849-1,4849-2", "ｗｋｔ": "9b1a8ecd6ae82e97621a6ad2d5ebe205", "地番": "4849-2", "ポリゴンの面積": 51, "auxiliary_storage_labeling_positionx": null, "auxiliary_storage_labeling_positiony": null, "auxiliary_storage_labeling_show": null, "auxiliary_storage_labeling_labelrotation": null, "auxiliary_storage_labeling_family": null, "auxiliary_storage_labeling_fontstyle": null, "auxiliary_storage_labeling_size": null, "auxiliary_storage_labeling_bold": null, "auxiliary_storage_labeling_italic": null, "auxiliary_storage_labeling_underline": null, "auxiliary_storage_labeling_color": null, "auxiliary_storage_labeling_strikeout": null, "auxiliary_storage_labeling_multilinealignment": null, "auxiliary_storage_labeling_buffersize": null, "auxiliary_storage_labeling_buffercolor": null, "auxiliary_storage_labeling_bufferdraw": null, "auxiliary_storage_labeling_labeldistance": null, "auxiliary_storage_labeling_hali": null, "auxiliary_storage_labeling_vali": null, "auxiliary_storage_labeling_scalevisibility": null, "auxiliary_storage_labeling_minscale": null, "auxiliary_storage_labeling_maxscale": null, "auxiliary_storage_labeling_alwaysshow": null, "auxiliary_storage_labeling_calloutdraw": null, "auxiliary_storage_labeling_labelallparts": null }, "geometry": { "type": "MultiPolygon", "coordinates": [ [ [ [ 140.510957241, 35.921722561 ], [ 140.510544061, 35.921872911 ], [ 140.511125228, 35.922916269 ], [ 140.511329725, 35.922839371 ], [ 140.511522055, 35.9227714 ], [ 140.510957241, 35.921722561 ] ] ] ] } },
{ "type": "Feature", "properties": { "fid": 233, "氏名": "金田寛之", "遅まき": "遅まき", "2026地名地番": "篠原字蒲割　ロ2541", "散布面積": "24.6", "備考": null, "検索_Address": "篠原字蒲割　ロ2540,篠原字蒲割　ロ2541", "検索_Tiban": "2540,2541", "ｗｋｔ": "d0bedd7fb8b78c62a60671110199b0d3", "地番": "2541", "ポリゴンの面積": 58, "auxiliary_storage_labeling_positionx": null, "auxiliary_storage_labeling_positiony": null, "auxiliary_storage_labeling_show": null, "auxiliary_storage_labeling_labelrotation": null, "auxiliary_storage_labeling_family": null, "auxiliary_storage_labeling_fontstyle": null, "auxiliary_storage_labeling_size": null, "auxiliary_storage_labeling_bold": null, "auxiliary_storage_labeling_italic": null, "auxiliary_storage_labeling_underline": null, "auxiliary_storage_labeling_color": null, "auxiliary_storage_labeling_strikeout": null, "auxiliary_storage_labeling_multilinealignment": null, "auxiliary_storage_labeling_buffersize": null, "auxiliary_storage_labeling_buffercolor": null, "auxiliary_storage_labeling_bufferdraw": null, "auxiliary_storage_labeling_labeldistance": null, "auxiliary_storage_labeling_hali": null, "auxiliary_storage_labeling_vali": null, "auxiliary_storage_labeling_scalevisibility": null, "auxiliary_storage_labeling_minscale": null, "auxiliary_storage_labeling_maxscale": null, "auxiliary_storage_labeling_alwaysshow": null, "auxiliary_storage_labeling_calloutdraw": null, "auxiliary_storage_labeling_labelallparts": null }, "geometry": { "type": "MultiPolygon", "coordinates": [ [ [ [ 140.51370323, 35.91440478 ], [ 140.512430963000014, 35.914877384 ], [ 140.512638677000012, 35.91525011 ], [ 140.513913927, 35.914780584 ], [ 140.51370323, 35.91440478 ] ] ] ] } },
{ "type": "Feature", "properties": { "fid": 235, "氏名": "金田寛之", "遅まき": "遅まき", "2026地名地番": "篠原字蒲割　ロ2543", "散布面積": "1", "備考": "57", "検索_Address": "篠原字蒲割　ロ2542,篠原字蒲割　ロ2543,篠原字蒲割　ロ2544", "検索_Tiban": "2542~2544", "ｗｋｔ": "7f1bc0924d9d01d5d7370b715f0a5d73", "地番": "2543", "ポリゴンの面積": 58, "auxiliary_storage_labeling_positionx": null, "auxiliary_storage_labeling_positiony": null, "auxiliary_storage_labeling_show": null, "auxiliary_storage_labeling_labelrotation": null, "auxiliary_storage_labeling_family": null, "auxiliary_storage_labeling_fontstyle": null, "auxiliary_storage_labeling_size": null, "auxiliary_storage_labeling_bold": null, "auxiliary_storage_labeling_italic": null, "auxiliary_storage_labeling_underline": null, "auxiliary_storage_labeling_color": null, "auxiliary_storage_labeling_strikeout": null, "auxiliary_storage_labeling_multilinealignment": null, "auxiliary_storage_labeling_buffersize": null, "auxiliary_storage_labeling_buffercolor": null, "auxiliary_storage_labeling_bufferdraw": null, "auxiliary_storage_labeling_labeldistance": null, "auxiliary_storage_labeling_hali": null, "auxiliary_storage_labeling_vali": null, "auxiliary_storage_labeling_scalevisibility": null, "auxiliary_storage_labeling_minscale": null, "auxiliary_storage_labeling_maxscale": null, "auxiliary_storage_labeling_alwaysshow": null, "auxiliary_storage_labeling_calloutdraw": null, "auxiliary_storage_labeling_labelallparts": null }, "geometry": { "type": "MultiPolygon", "coordinates": [ [ [ [ 140.513490768999986, 35.914025824 ], [ 140.512219183000013, 35.914497359 ], [ 140.512430963000014, 35.914877384 ], [ 140.51370323, 35.91440478 ], [ 140.513490768999986, 35.914025824 ] ] ] ] } },
{ "type": "Feature", "properties": { "fid": 237, "氏名": "金田寛之", "遅まき": "遅まき", "2026地名地番": "篠原字蒲割　2539-1", "散布面積": "49", "備考": "49", "検索_Address": "篠原字蒲割　ロ2539-1", "検索_Tiban": "2539-1", "ｗｋｔ": "724bc80d118fa9245798cb820de8286c", "地番": "2539-1", "ポリゴンの面積": 61, "auxiliary_storage_labeling_positionx": null, "auxiliary_storage_labeling_positiony": null, "auxiliary_storage_labeling_show": null, "auxiliary_storage_labeling_labelrotation": null, "auxiliary_storage_labeling_family": null, "auxiliary_storage_labeling_fontstyle": null, "auxiliary_storage_labeling_size": null, "auxiliary_storage_labeling_bold": null, "auxiliary_storage_labeling_italic": null, "auxiliary_storage_labeling_underline": null, "auxiliary_storage_labeling_color": null, "auxiliary_storage_labeling_strikeout": null, "auxiliary_storage_labeling_multilinealignment": null, "auxiliary_storage_labeling_buffersize": null, "auxiliary_storage_labeling_buffercolor": null, "auxiliary_storage_labeling_bufferdraw": null, "auxiliary_storage_labeling_labeldistance": null, "auxiliary_storage_labeling_hali": null, "auxiliary_storage_labeling_vali": null, "auxiliary_storage_labeling_scalevisibility": null, "auxiliary_storage_labeling_minscale": null, "auxiliary_storage_labeling_maxscale": null, "auxiliary_storage_labeling_alwaysshow": null, "auxiliary_storage_labeling_calloutdraw": null, "auxiliary_storage_labeling_labelallparts": null }, "geometry": { "type": "MultiPolygon", "coordinates": [ [ [ [ 140.514135219, 35.915175282 ], [ 140.513913927, 35.914780584 ], [ 140.512638677000012, 35.91525011 ], [ 140.512852011, 35.915632915 ], [ 140.51287181, 35.915641768 ], [ 140.514135219, 35.915175282 ] ] ] ] } },
{ "type": "Feature", "properties": { "fid": 239, "氏名": "金田寛之", "遅まき": "遅まき", "2026地名地番": "篠原字蒲割　2549-2", "散布面積": "30", "備考": null, "検索_Address": "篠原字蒲割　ロ2549-1,篠原字蒲割　ロ2549-2", "検索_Tiban": "2549-1,2549-2", "ｗｋｔ": "108bc716f13917fc0dc465b2258db1d6", "地番": "2549-2", "ポリゴンの面積": 50, "auxiliary_storage_labeling_positionx": null, "auxiliary_storage_labeling_positiony": null, "auxiliary_storage_labeling_show": null, "auxiliary_storage_labeling_labelrotation": null, "auxiliary_storage_labeling_family": null, "auxiliary_storage_labeling_fontstyle": null, "auxiliary_storage_labeling_size": null, "auxiliary_storage_labeling_bold": null, "auxiliary_storage_labeling_italic": null, "auxiliary_storage_labeling_underline": null, "auxiliary_storage_labeling_color": null, "auxiliary_storage_labeling_strikeout": null, "auxiliary_storage_labeling_multilinealignment": null, "auxiliary_storage_labeling_buffersize": null, "auxiliary_storage_labeling_buffercolor": null, "auxiliary_storage_labeling_bufferdraw": null, "auxiliary_storage_labeling_labeldistance": null, "auxiliary_storage_labeling_hali": null, "auxiliary_storage_labeling_vali": null, "auxiliary_storage_labeling_scalevisibility": null, "auxiliary_storage_labeling_minscale": null, "auxiliary_storage_labeling_maxscale": null, "auxiliary_storage_labeling_alwaysshow": null, "auxiliary_storage_labeling_calloutdraw": null, "auxiliary_storage_labeling_labelallparts": null }, "geometry": { "type": "MultiPolygon", "coordinates": [ [ [ [ 140.512559906, 35.912365448 ], [ 140.511292357, 35.912834181 ], [ 140.511474693, 35.913161386 ], [ 140.512740595, 35.91268775 ], [ 140.512559906, 35.912365448 ] ] ] ] } },
{ "type": "Feature", "properties": { "fid": 241, "氏名": "金田寛之", "遅まき": null, "2026地名地番": "篠原字上佐々木　ロ2442-3", "散布面積": "17", "備考": null, "検索_Address": "篠原字上佐々木　ロ2442-2,篠原字上佐々木　ロ2442-3", "検索_Tiban": "2442-2,2442-3", "ｗｋｔ": "833e3dd65b04ba7d334914a440ef2d19", "地番": "2442-3", "ポリゴンの面積": 40, "auxiliary_storage_labeling_positionx": null, "auxiliary_storage_labeling_positiony": null, "auxiliary_storage_labeling_show": null, "auxiliary_storage_labeling_labelrotation": null, "auxiliary_storage_labeling_family": null, "auxiliary_storage_labeling_fontstyle": null, "auxiliary_storage_labeling_size": null, "auxiliary_storage_labeling_bold": null, "auxiliary_storage_labeling_italic": null, "auxiliary_storage_labeling_underline": null, "auxiliary_storage_labeling_color": null, "auxiliary_storage_labeling_strikeout": null, "auxiliary_storage_labeling_multilinealignment": null, "auxiliary_storage_labeling_buffersize": null, "auxiliary_storage_labeling_buffercolor": null, "auxiliary_storage_labeling_bufferdraw": null, "auxiliary_storage_labeling_labeldistance": null, "auxiliary_storage_labeling_hali": null, "auxiliary_storage_labeling_vali": null, "auxiliary_storage_labeling_scalevisibility": null, "auxiliary_storage_labeling_minscale": null, "auxiliary_storage_labeling_maxscale": null, "auxiliary_storage_labeling_alwaysshow": null, "auxiliary_storage_labeling_calloutdraw": null, "auxiliary_storage_labeling_labelallparts": null }, "geometry": { "type": "MultiPolygon", "coordinates": [ [ [ [ 140.514424252999987, 35.919114088 ], [ 140.513851999, 35.918074115 ], [ 140.51352953, 35.91819256 ], [ 140.514110904, 35.9192298 ], [ 140.514424252999987, 35.919114088 ] ] ] ] } },
{ "type": "Feature", "properties": { "fid": 243, "氏名": "金田寛之", "遅まき": null, "2026地名地番": "篠原字上佐々木　ロ2442-4", "散布面積": "15", "備考": null, "検索_Address": "篠原字上佐々木　ロ2442-1,篠原字上佐々木　ロ2442-4", "検索_Tiban": "2442-1,2442-4", "ｗｋｔ": "76cc148dd680e983f4bd91912ad35488", "地番": "2442-4", "ポリゴンの面積": 39, "auxiliary_storage_labeling_positionx": null, "auxiliary_storage_labeling_positiony": null, "auxiliary_storage_labeling_show": null, "auxiliary_storage_labeling_labelrotation": null, "auxiliary_storage_labeling_family": null, "auxiliary_storage_labeling_fontstyle": null, "auxiliary_storage_labeling_size": null, "auxiliary_storage_labeling_bold": null, "auxiliary_storage_labeling_italic": null, "auxiliary_storage_labeling_underline": null, "auxiliary_storage_labeling_color": null, "auxiliary_storage_labeling_strikeout": null, "auxiliary_storage_labeling_multilinealignment": null, "auxiliary_storage_labeling_buffersize": null, "auxiliary_storage_labeling_buffercolor": null, "auxiliary_storage_labeling_bufferdraw": null, "auxiliary_storage_labeling_labeldistance": null, "auxiliary_storage_labeling_hali": null, "auxiliary_storage_labeling_vali": null, "auxiliary_storage_labeling_scalevisibility": null, "auxiliary_storage_labeling_minscale": null, "auxiliary_storage_labeling_maxscale": null, "auxiliary_storage_labeling_alwaysshow": null, "auxiliary_storage_labeling_calloutdraw": null, "auxiliary_storage_labeling_labelallparts": null }, "geometry": { "type": "MultiPolygon", "coordinates": [ [ [ [ 140.514734277, 35.918999603 ], [ 140.514168017, 35.917958037 ], [ 140.513851999, 35.918074115 ], [ 140.514424252999987, 35.919114088 ], [ 140.514734277, 35.918999603 ] ] ] ] } },
{ "type": "Feature", "properties": { "fid": 245, "氏名": "金田寛之", "遅まき": "遅まき", "2026地名地番": "篠原字上佐々木　ロ2502", "散布面積": "23", "備考": null, "検索_Address": "篠原字上佐々木　ロ2501,篠原字上佐々木　ロ2502", "検索_Tiban": "2501,2502", "ｗｋｔ": "7cf28d154d8718ed93d5e4abfde03977", "地番": "2502", "ポリゴンの面積": 52, "auxiliary_storage_labeling_positionx": null, "auxiliary_storage_labeling_positiony": null, "auxiliary_storage_labeling_show": null, "auxiliary_storage_labeling_labelrotation": null, "auxiliary_storage_labeling_family": null, "auxiliary_storage_labeling_fontstyle": null, "auxiliary_storage_labeling_size": null, "auxiliary_storage_labeling_bold": null, "auxiliary_storage_labeling_italic": null, "auxiliary_storage_labeling_underline": null, "auxiliary_storage_labeling_color": null, "auxiliary_storage_labeling_strikeout": null, "auxiliary_storage_labeling_multilinealignment": null, "auxiliary_storage_labeling_buffersize": null, "auxiliary_storage_labeling_buffercolor": null, "auxiliary_storage_labeling_bufferdraw": null, "auxiliary_storage_labeling_labeldistance": null, "auxiliary_storage_labeling_hali": null, "auxiliary_storage_labeling_vali": null, "auxiliary_storage_labeling_scalevisibility": null, "auxiliary_storage_labeling_minscale": null, "auxiliary_storage_labeling_maxscale": null, "auxiliary_storage_labeling_alwaysshow": null, "auxiliary_storage_labeling_calloutdraw": null, "auxiliary_storage_labeling_labelallparts": null }, "geometry": { "type": "MultiPolygon", "coordinates": [ [ [ [ 140.513371812, 35.916918022 ], [ 140.512778747999988, 35.915876686 ], [ 140.512371802, 35.916026676 ], [ 140.512951832, 35.91707269 ], [ 140.513371812, 35.916918022 ] ] ] ] } },
{ "type": "Feature", "properties": { "fid": 246, "氏名": "金田寛之", "遅まき": "遅まき", "2026地名地番": "篠原字上佐々木　ロ2503", "散布面積": "50", "備考": "50", "検索_Address": "篠原字上佐々木　ロ2503", "検索_Tiban": "2503", "ｗｋｔ": "314d1301c98301fba4770378b88cc0ad", "地番": "2503", "ポリゴンの面積": 52, "auxiliary_storage_labeling_positionx": null, "auxiliary_storage_labeling_positiony": null, "auxiliary_storage_labeling_show": null, "auxiliary_storage_labeling_labelrotation": null, "auxiliary_storage_labeling_family": null, "auxiliary_storage_labeling_fontstyle": null, "auxiliary_storage_labeling_size": null, "auxiliary_storage_labeling_bold": null, "auxiliary_storage_labeling_italic": null, "auxiliary_storage_labeling_underline": null, "auxiliary_storage_labeling_color": null, "auxiliary_storage_labeling_strikeout": null, "auxiliary_storage_labeling_multilinealignment": null, "auxiliary_storage_labeling_buffersize": null, "auxiliary_storage_labeling_buffercolor": null, "auxiliary_storage_labeling_bufferdraw": null, "auxiliary_storage_labeling_labeldistance": null, "auxiliary_storage_labeling_hali": null, "auxiliary_storage_labeling_vali": null, "auxiliary_storage_labeling_scalevisibility": null, "auxiliary_storage_labeling_minscale": null, "auxiliary_storage_labeling_maxscale": null, "auxiliary_storage_labeling_alwaysshow": null, "auxiliary_storage_labeling_calloutdraw": null, "auxiliary_storage_labeling_labelallparts": null }, "geometry": { "type": "MultiPolygon", "coordinates": [ [ [ [ 140.512539802, 35.917224429 ], [ 140.512951832, 35.91707269 ], [ 140.512371802, 35.916026676 ], [ 140.511956871, 35.916179609 ], [ 140.512539802, 35.917224429 ] ] ] ] } },
{ "type": "Feature", "properties": { "fid": 247, "氏名": "金田寛之", "遅まき": "遅まき", "2026地名地番": "篠原字上佐々木　ロ2458", "散布面積": "28", "備考": null, "検索_Address": "篠原字上佐々木　ロ2458", "検索_Tiban": "2458", "ｗｋｔ": "f4f32fc51c425323f5458ccedcc83bbc", "地番": "2458", "ポリゴンの面積": 31, "auxiliary_storage_labeling_positionx": null, "auxiliary_storage_labeling_positiony": null, "auxiliary_storage_labeling_show": null, "auxiliary_storage_labeling_labelrotation": null, "auxiliary_storage_labeling_family": null, "auxiliary_storage_labeling_fontstyle": null, "auxiliary_storage_labeling_size": null, "auxiliary_storage_labeling_bold": null, "auxiliary_storage_labeling_italic": null, "auxiliary_storage_labeling_underline": null, "auxiliary_storage_labeling_color": null, "auxiliary_storage_labeling_strikeout": null, "auxiliary_storage_labeling_multilinealignment": null, "auxiliary_storage_labeling_buffersize": null, "auxiliary_storage_labeling_buffercolor": null, "auxiliary_storage_labeling_bufferdraw": null, "auxiliary_storage_labeling_labeldistance": null, "auxiliary_storage_labeling_hali": null, "auxiliary_storage_labeling_vali": null, "auxiliary_storage_labeling_scalevisibility": null, "auxiliary_storage_labeling_minscale": null, "auxiliary_storage_labeling_maxscale": null, "auxiliary_storage_labeling_alwaysshow": null, "auxiliary_storage_labeling_calloutdraw": null, "auxiliary_storage_labeling_labelallparts": null }, "geometry": { "type": "MultiPolygon", "coordinates": [ [ [ [ 140.513434611, 35.918176865 ], [ 140.513680881999989, 35.918086404 ], [ 140.513101528, 35.917045653 ], [ 140.512861837, 35.917134217 ], [ 140.513434611, 35.918176865 ] ] ] ] } },
{ "type": "Feature", "properties": { "fid": 248, "氏名": "金田寛之", "遅まき": "遅まき", "2026地名地番": "篠原字内湖　ロ2658", "散布面積": "54", "備考": "54", "検索_Address": "篠原字内湖　ロ2658", "検索_Tiban": "2658", "ｗｋｔ": "fb31b260fc24f889496ae960c1299197", "地番": "2658", "ポリゴンの面積": 56, "auxiliary_storage_labeling_positionx": null, "auxiliary_storage_labeling_positiony": null, "auxiliary_storage_labeling_show": null, "auxiliary_storage_labeling_labelrotation": null, "auxiliary_storage_labeling_family": null, "auxiliary_storage_labeling_fontstyle": null, "auxiliary_storage_labeling_size": null, "auxiliary_storage_labeling_bold": null, "auxiliary_storage_labeling_italic": null, "auxiliary_storage_labeling_underline": null, "auxiliary_storage_labeling_color": null, "auxiliary_storage_labeling_strikeout": null, "auxiliary_storage_labeling_multilinealignment": null, "auxiliary_storage_labeling_buffersize": null, "auxiliary_storage_labeling_buffercolor": null, "auxiliary_storage_labeling_bufferdraw": null, "auxiliary_storage_labeling_labeldistance": null, "auxiliary_storage_labeling_hali": null, "auxiliary_storage_labeling_vali": null, "auxiliary_storage_labeling_scalevisibility": null, "auxiliary_storage_labeling_minscale": null, "auxiliary_storage_labeling_maxscale": null, "auxiliary_storage_labeling_alwaysshow": null, "auxiliary_storage_labeling_calloutdraw": null, "auxiliary_storage_labeling_labelallparts": null }, "geometry": { "type": "MultiPolygon", "coordinates": [ [ [ [ 140.514481482, 35.907279905 ], [ 140.514282272, 35.906922606 ], [ 140.513009501, 35.907391779 ], [ 140.513212767, 35.907765733 ], [ 140.514481482, 35.907279905 ] ] ] ] } },
{ "type": "Feature", "properties": { "fid": 249, "氏名": "金田寛之", "遅まき": "遅まき", "2026地名地番": "篠原字内湖　ロ2666", "散布面積": "50", "備考": "50", "検索_Address": "篠原字内湖　ロ2666", "検索_Tiban": "2666", "ｗｋｔ": "9c2855790087970574933ed209f72896", "地番": "2666", "ポリゴンの面積": 52, "auxiliary_storage_labeling_positionx": null, "auxiliary_storage_labeling_positiony": null, "auxiliary_storage_labeling_show": null, "auxiliary_storage_labeling_labelrotation": null, "auxiliary_storage_labeling_family": null, "auxiliary_storage_labeling_fontstyle": null, "auxiliary_storage_labeling_size": null, "auxiliary_storage_labeling_bold": null, "auxiliary_storage_labeling_italic": null, "auxiliary_storage_labeling_underline": null, "auxiliary_storage_labeling_color": null, "auxiliary_storage_labeling_strikeout": null, "auxiliary_storage_labeling_multilinealignment": null, "auxiliary_storage_labeling_buffersize": null, "auxiliary_storage_labeling_buffercolor": null, "auxiliary_storage_labeling_bufferdraw": null, "auxiliary_storage_labeling_labeldistance": null, "auxiliary_storage_labeling_hali": null, "auxiliary_storage_labeling_vali": null, "auxiliary_storage_labeling_scalevisibility": null, "auxiliary_storage_labeling_minscale": null, "auxiliary_storage_labeling_maxscale": null, "auxiliary_storage_labeling_alwaysshow": null, "auxiliary_storage_labeling_calloutdraw": null, "auxiliary_storage_labeling_labelallparts": null }, "geometry": { "type": "MultiPolygon", "coordinates": [ [ [ [ 140.515434315, 35.908986059 ], [ 140.515248378, 35.908650071 ], [ 140.513980341, 35.909119951 ], [ 140.513987916, 35.909128331 ], [ 140.51416705, 35.909457979 ], [ 140.515434315, 35.908986059 ] ] ] ] } },
{ "type": "Feature", "properties": { "fid": 251, "氏名": "金田寛之", "遅まき": "遅まき", "2026地名地番": "篠原字内湖　ロ2618-2", "散布面積": "8", "備考": null, "検索_Address": "篠原字内湖　ロ2618-1,篠原字内湖　ロ2618-2", "検索_Tiban": "2618-1,2618-2", "ｗｋｔ": "6c89cc7d9ece6798de500df38bc8b450", "地番": "2618-2", "ポリゴンの面積": 29, "auxiliary_storage_labeling_positionx": null, "auxiliary_storage_labeling_positiony": null, "auxiliary_storage_labeling_show": null, "auxiliary_storage_labeling_labelrotation": null, "auxiliary_storage_labeling_family": null, "auxiliary_storage_labeling_fontstyle": null, "auxiliary_storage_labeling_size": null, "auxiliary_storage_labeling_bold": null, "auxiliary_storage_labeling_italic": null, "auxiliary_storage_labeling_underline": null, "auxiliary_storage_labeling_color": null, "auxiliary_storage_labeling_strikeout": null, "auxiliary_storage_labeling_multilinealignment": null, "auxiliary_storage_labeling_buffersize": null, "auxiliary_storage_labeling_buffercolor": null, "auxiliary_storage_labeling_bufferdraw": null, "auxiliary_storage_labeling_labeldistance": null, "auxiliary_storage_labeling_hali": null, "auxiliary_storage_labeling_vali": null, "auxiliary_storage_labeling_scalevisibility": null, "auxiliary_storage_labeling_minscale": null, "auxiliary_storage_labeling_maxscale": null, "auxiliary_storage_labeling_alwaysshow": null, "auxiliary_storage_labeling_calloutdraw": null, "auxiliary_storage_labeling_labelallparts": null }, "geometry": { "type": "MultiPolygon", "coordinates": [ [ [ [ 140.51640641, 35.90795786 ], [ 140.51637324, 35.907839334 ], [ 140.516292979000013, 35.907805233 ], [ 140.51623948400001, 35.907771366 ], [ 140.515980959, 35.907664498 ], [ 140.515842826000011, 35.907721225 ], [ 140.515831248000012, 35.907707822 ], [ 140.515519165, 35.907825336 ], [ 140.51563379800001, 35.90788251 ], [ 140.516022822999986, 35.90807654 ], [ 140.515981415999988, 35.908145877 ], [ 140.516031555000012, 35.908167784 ], [ 140.516330503, 35.908334558 ], [ 140.516407257999987, 35.908056449 ], [ 140.51640641, 35.90795786 ] ] ] ] } },
{ "type": "Feature", "properties": { "fid": 252, "氏名": "金田寛之", "遅まき": "遅まき", "2026地名地番": "長島字庚塚　2135", "散布面積": "43.9", "備考": "43.9", "検索_Address": "長島字庚塚2135", "検索_Tiban": "2135", "ｗｋｔ": "86381da2cf4fdff44b1280dfef66187a", "地番": "2135", "ポリゴンの面積": 45, "auxiliary_storage_labeling_positionx": null, "auxiliary_storage_labeling_positiony": null, "auxiliary_storage_labeling_show": null, "auxiliary_storage_labeling_labelrotation": null, "auxiliary_storage_labeling_family": null, "auxiliary_storage_labeling_fontstyle": null, "auxiliary_storage_labeling_size": null, "auxiliary_storage_labeling_bold": null, "auxiliary_storage_labeling_italic": null, "auxiliary_storage_labeling_underline": null, "auxiliary_storage_labeling_color": null, "auxiliary_storage_labeling_strikeout": null, "auxiliary_storage_labeling_multilinealignment": null, "auxiliary_storage_labeling_buffersize": null, "auxiliary_storage_labeling_buffercolor": null, "auxiliary_storage_labeling_bufferdraw": null, "auxiliary_storage_labeling_labeldistance": null, "auxiliary_storage_labeling_hali": null, "auxiliary_storage_labeling_vali": null, "auxiliary_storage_labeling_scalevisibility": null, "auxiliary_storage_labeling_minscale": null, "auxiliary_storage_labeling_maxscale": null, "auxiliary_storage_labeling_alwaysshow": null, "auxiliary_storage_labeling_calloutdraw": null, "auxiliary_storage_labeling_labelallparts": null }, "geometry": { "type": "MultiPolygon", "coordinates": [ [ [ [ 140.50576799800001, 35.92230108 ], [ 140.505188951, 35.921265217 ], [ 140.504825899999986, 35.92140045 ], [ 140.505408426, 35.922431667 ], [ 140.50576799800001, 35.92230108 ] ] ] ] } },
{ "type": "Feature", "properties": { "fid": 253, "氏名": "金田寛之", "遅まき": "遅まき", "2026地名地番": "長島字庚塚　2136-1", "散布面積": "16.7", "備考": null, "検索_Address": "長島字庚塚2136-1,長島字庚塚2136-2,長島字庚塚2136-3", "検索_Tiban": "2136-1~2136-3", "ｗｋｔ": "52d746d9cd052f833d63582c06b5763d", "地番": "2136-1", "ポリゴンの面積": 51, "auxiliary_storage_labeling_positionx": null, "auxiliary_storage_labeling_positiony": null, "auxiliary_storage_labeling_show": null, "auxiliary_storage_labeling_labelrotation": null, "auxiliary_storage_labeling_family": null, "auxiliary_storage_labeling_fontstyle": null, "auxiliary_storage_labeling_size": null, "auxiliary_storage_labeling_bold": null, "auxiliary_storage_labeling_italic": null, "auxiliary_storage_labeling_underline": null, "auxiliary_storage_labeling_color": null, "auxiliary_storage_labeling_strikeout": null, "auxiliary_storage_labeling_multilinealignment": null, "auxiliary_storage_labeling_buffersize": null, "auxiliary_storage_labeling_buffercolor": null, "auxiliary_storage_labeling_bufferdraw": null, "auxiliary_storage_labeling_labeldistance": null, "auxiliary_storage_labeling_hali": null, "auxiliary_storage_labeling_vali": null, "auxiliary_storage_labeling_scalevisibility": null, "auxiliary_storage_labeling_minscale": null, "auxiliary_storage_labeling_maxscale": null, "auxiliary_storage_labeling_alwaysshow": null, "auxiliary_storage_labeling_calloutdraw": null, "auxiliary_storage_labeling_labelallparts": null }, "geometry": { "type": "MultiPolygon", "coordinates": [ [ [ [ 140.50559177, 35.921116961 ], [ 140.505188951, 35.921265217 ], [ 140.50576799800001, 35.92230108 ], [ 140.506172815000014, 35.922150345 ], [ 140.50559177, 35.921116961 ] ] ] ] } },
{ "type": "Feature", "properties": { "fid": 257, "氏名": "金田寛之", "遅まき": "遅まき", "2026地名地番": "長島字庚塚　2137-2", "散布面積": "1.9", "備考": "19.3", "検索_Address": "長島字庚塚2137-1,長島字庚塚2137-2,長島字庚塚2137-3,長島字庚塚2137-4,長島字庚塚2137-5", "検索_Tiban": "2137-1~2137-5", "ｗｋｔ": "e11dd63456c8b9d8a3b7335101d05afc", "地番": "2137-2", "ポリゴンの面積": 28, "auxiliary_storage_labeling_positionx": null, "auxiliary_storage_labeling_positiony": null, "auxiliary_storage_labeling_show": null, "auxiliary_storage_labeling_labelrotation": null, "auxiliary_storage_labeling_family": null, "auxiliary_storage_labeling_fontstyle": null, "auxiliary_storage_labeling_size": null, "auxiliary_storage_labeling_bold": null, "auxiliary_storage_labeling_italic": null, "auxiliary_storage_labeling_underline": null, "auxiliary_storage_labeling_color": null, "auxiliary_storage_labeling_strikeout": null, "auxiliary_storage_labeling_multilinealignment": null, "auxiliary_storage_labeling_buffersize": null, "auxiliary_storage_labeling_buffercolor": null, "auxiliary_storage_labeling_bufferdraw": null, "auxiliary_storage_labeling_labeldistance": null, "auxiliary_storage_labeling_hali": null, "auxiliary_storage_labeling_vali": null, "auxiliary_storage_labeling_scalevisibility": null, "auxiliary_storage_labeling_minscale": null, "auxiliary_storage_labeling_maxscale": null, "auxiliary_storage_labeling_alwaysshow": null, "auxiliary_storage_labeling_calloutdraw": null, "auxiliary_storage_labeling_labelallparts": null }, "geometry": { "type": "MultiPolygon", "coordinates": [ [ [ [ 140.50559177, 35.921116961 ], [ 140.506172815000014, 35.922150345 ], [ 140.506400604, 35.922065879 ], [ 140.505815769, 35.92103359 ], [ 140.50559177, 35.921116961 ] ] ] ] } },
{ "type": "Feature", "properties": { "fid": 261, "氏名": "金田寛之", "遅まき": "遅まき", "2026地名地番": "長島字庚塚　2139-1", "散布面積": "20.5", "備考": null, "検索_Address": "長島字庚塚2139-1,長島字庚塚2139-2,長島字庚塚2139-3,長島字庚塚2139-4,長島字庚塚2139-5,長島字庚塚2139-6,長島字庚塚2139-7", "検索_Tiban": "2139-1~2139-7", "ｗｋｔ": "87c102ff5451472dadc513ad32d540e3", "地番": "2139-1", "ポリゴンの面積": 52, "auxiliary_storage_labeling_positionx": null, "auxiliary_storage_labeling_positiony": null, "auxiliary_storage_labeling_show": null, "auxiliary_storage_labeling_labelrotation": null, "auxiliary_storage_labeling_family": null, "auxiliary_storage_labeling_fontstyle": null, "auxiliary_storage_labeling_size": null, "auxiliary_storage_labeling_bold": null, "auxiliary_storage_labeling_italic": null, "auxiliary_storage_labeling_underline": null, "auxiliary_storage_labeling_color": null, "auxiliary_storage_labeling_strikeout": null, "auxiliary_storage_labeling_multilinealignment": null, "auxiliary_storage_labeling_buffersize": null, "auxiliary_storage_labeling_buffercolor": null, "auxiliary_storage_labeling_bufferdraw": null, "auxiliary_storage_labeling_labeldistance": null, "auxiliary_storage_labeling_hali": null, "auxiliary_storage_labeling_vali": null, "auxiliary_storage_labeling_scalevisibility": null, "auxiliary_storage_labeling_minscale": null, "auxiliary_storage_labeling_maxscale": null, "auxiliary_storage_labeling_alwaysshow": null, "auxiliary_storage_labeling_calloutdraw": null, "auxiliary_storage_labeling_labelallparts": null }, "geometry": { "type": "MultiPolygon", "coordinates": [ [ [ [ 140.505577728, 35.921071902 ], [ 140.505994238999989, 35.920915547 ], [ 140.505413628000014, 35.919876797 ], [ 140.505003871000014, 35.920029294 ], [ 140.505577728, 35.921071902 ] ] ] ] } },
{ "type": "Feature", "properties": { "fid": 267, "氏名": "金田寛之", "遅まき": "遅まき", "2026地名地番": "津宮字鎌須5285", "散布面積": "50", "備考": "50", "検索_Address": "津宮字鎌須5285", "検索_Tiban": "5285", "ｗｋｔ": "73d1254be06696ca824d9a7a00f2c6c9", "地番": "5285", "ポリゴンの面積": 50, "auxiliary_storage_labeling_positionx": null, "auxiliary_storage_labeling_positiony": null, "auxiliary_storage_labeling_show": null, "auxiliary_storage_labeling_labelrotation": null, "auxiliary_storage_labeling_family": null, "auxiliary_storage_labeling_fontstyle": null, "auxiliary_storage_labeling_size": null, "auxiliary_storage_labeling_bold": null, "auxiliary_storage_labeling_italic": null, "auxiliary_storage_labeling_underline": null, "auxiliary_storage_labeling_color": null, "auxiliary_storage_labeling_strikeout": null, "auxiliary_storage_labeling_multilinealignment": null, "auxiliary_storage_labeling_buffersize": null, "auxiliary_storage_labeling_buffercolor": null, "auxiliary_storage_labeling_bufferdraw": null, "auxiliary_storage_labeling_labeldistance": null, "auxiliary_storage_labeling_hali": null, "auxiliary_storage_labeling_vali": null, "auxiliary_storage_labeling_scalevisibility": null, "auxiliary_storage_labeling_minscale": null, "auxiliary_storage_labeling_maxscale": null, "auxiliary_storage_labeling_alwaysshow": null, "auxiliary_storage_labeling_calloutdraw": null, "auxiliary_storage_labeling_labelallparts": null }, "geometry": { "type": "MultiPolygon", "coordinates": [ [ [ [ 140.532693626, 35.91472795 ], [ 140.532627643000012, 35.914617173 ], [ 140.532506981000012, 35.914397508 ], [ 140.531235916000014, 35.914870946 ], [ 140.531414883999986, 35.915196483 ], [ 140.532693626, 35.91472795 ] ] ] ] } },
{ "type": "Feature", "properties": { "fid": 268, "氏名": "金田寛之", "遅まき": "遅まき", "2026地名地番": "津宮字鎌須5294", "散布面積": "29", "備考": "29", "検索_Address": "津宮字鎌須5294", "検索_Tiban": "5294", "ｗｋｔ": "e65a500bbe55c3bc4f5cf4d764ceb358", "地番": "5294", "ポリゴンの面積": 29, "auxiliary_storage_labeling_positionx": null, "auxiliary_storage_labeling_positiony": null, "auxiliary_storage_labeling_show": null, "auxiliary_storage_labeling_labelrotation": null, "auxiliary_storage_labeling_family": null, "auxiliary_storage_labeling_fontstyle": null, "auxiliary_storage_labeling_size": null, "auxiliary_storage_labeling_bold": null, "auxiliary_storage_labeling_italic": null, "auxiliary_storage_labeling_underline": null, "auxiliary_storage_labeling_color": null, "auxiliary_storage_labeling_strikeout": null, "auxiliary_storage_labeling_multilinealignment": null, "auxiliary_storage_labeling_buffersize": null, "auxiliary_storage_labeling_buffercolor": null, "auxiliary_storage_labeling_bufferdraw": null, "auxiliary_storage_labeling_labeldistance": null, "auxiliary_storage_labeling_hali": null, "auxiliary_storage_labeling_vali": null, "auxiliary_storage_labeling_scalevisibility": null, "auxiliary_storage_labeling_minscale": null, "auxiliary_storage_labeling_maxscale": null, "auxiliary_storage_labeling_alwaysshow": null, "auxiliary_storage_labeling_calloutdraw": null, "auxiliary_storage_labeling_labelallparts": null }, "geometry": { "type": "MultiPolygon", "coordinates": [ [ [ [ 140.531696751999988, 35.912944736 ], [ 140.531593038000011, 35.912750884 ], [ 140.530316897, 35.913219178 ], [ 140.530424700999987, 35.913409578 ], [ 140.531696751999988, 35.912944736 ] ] ] ] } },
{ "type": "Feature", "properties": { "fid": 269, "氏名": "金田寛之", "遅まき": "遅まき", "2026地名地番": "津宮字鎌須5295", "散布面積": "53", "備考": "53", "検索_Address": "津宮字鎌須5295", "検索_Tiban": "5295", "ｗｋｔ": "d78cb6163182d697b228a31c883b603b", "地番": "5295", "ポリゴンの面積": 55, "auxiliary_storage_labeling_positionx": null, "auxiliary_storage_labeling_positiony": null, "auxiliary_storage_labeling_show": null, "auxiliary_storage_labeling_labelrotation": null, "auxiliary_storage_labeling_family": null, "auxiliary_storage_labeling_fontstyle": null, "auxiliary_storage_labeling_size": null, "auxiliary_storage_labeling_bold": null, "auxiliary_storage_labeling_italic": null, "auxiliary_storage_labeling_underline": null, "auxiliary_storage_labeling_color": null, "auxiliary_storage_labeling_strikeout": null, "auxiliary_storage_labeling_multilinealignment": null, "auxiliary_storage_labeling_buffersize": null, "auxiliary_storage_labeling_buffercolor": null, "auxiliary_storage_labeling_bufferdraw": null, "auxiliary_storage_labeling_labeldistance": null, "auxiliary_storage_labeling_hali": null, "auxiliary_storage_labeling_vali": null, "auxiliary_storage_labeling_scalevisibility": null, "auxiliary_storage_labeling_minscale": null, "auxiliary_storage_labeling_maxscale": null, "auxiliary_storage_labeling_alwaysshow": null, "auxiliary_storage_labeling_calloutdraw": null, "auxiliary_storage_labeling_labelallparts": null }, "geometry": { "type": "MultiPolygon", "coordinates": [ [ [ [ 140.531593038000011, 35.912750884 ], [ 140.531393954, 35.912395634 ], [ 140.53011878, 35.912866338 ], [ 140.530316897, 35.913219178 ], [ 140.531593038000011, 35.912750884 ] ] ] ] } },
{ "type": "Feature", "properties": { "fid": 273, "氏名": "金田寛之", "遅まき": "遅まき", "2026地名地番": "長島字庚塚　2143", "散布面積": "7.2", "備考": null, "検索_Address": "長島字庚塚2140,長島字庚塚2141,長島字庚塚2142,長島字庚塚2143", "検索_Tiban": "2140~2143", "ｗｋｔ": "d8e96102d27037be14a6c5bfd84db8bc", "地番": "2143", "ポリゴンの面積": 59, "auxiliary_storage_labeling_positionx": null, "auxiliary_storage_labeling_positiony": null, "auxiliary_storage_labeling_show": null, "auxiliary_storage_labeling_labelrotation": null, "auxiliary_storage_labeling_family": null, "auxiliary_storage_labeling_fontstyle": null, "auxiliary_storage_labeling_size": null, "auxiliary_storage_labeling_bold": null, "auxiliary_storage_labeling_italic": null, "auxiliary_storage_labeling_underline": null, "auxiliary_storage_labeling_color": null, "auxiliary_storage_labeling_strikeout": null, "auxiliary_storage_labeling_multilinealignment": null, "auxiliary_storage_labeling_buffersize": null, "auxiliary_storage_labeling_buffercolor": null, "auxiliary_storage_labeling_bufferdraw": null, "auxiliary_storage_labeling_labeldistance": null, "auxiliary_storage_labeling_hali": null, "auxiliary_storage_labeling_vali": null, "auxiliary_storage_labeling_scalevisibility": null, "auxiliary_storage_labeling_minscale": null, "auxiliary_storage_labeling_maxscale": null, "auxiliary_storage_labeling_alwaysshow": null, "auxiliary_storage_labeling_calloutdraw": null, "auxiliary_storage_labeling_labelallparts": null }, "geometry": { "type": "MultiPolygon", "coordinates": [ [ [ [ 140.505107135, 35.921240137 ], [ 140.505577728, 35.921071902 ], [ 140.505003871000014, 35.920029294 ], [ 140.504533990999988, 35.920200472 ], [ 140.505107135, 35.921240137 ] ] ] ] } },
{ "type": "Feature", "properties": { "fid": 275, "氏名": "金田寛之", "遅まき": "遅まき", "2026地名地番": "津宮字中江間5198", "散布面積": "34.4", "備考": null, "検索_Address": "津宮字中江間5197,津宮字中江間5198,津宮字中江間5199", "検索_Tiban": "5197~5199", "ｗｋｔ": "c1fea149b9df9b1bd918eb9774ecc293", "地番": "5198", "ポリゴンの面積": 52, "auxiliary_storage_labeling_positionx": null, "auxiliary_storage_labeling_positiony": null, "auxiliary_storage_labeling_show": null, "auxiliary_storage_labeling_labelrotation": null, "auxiliary_storage_labeling_family": null, "auxiliary_storage_labeling_fontstyle": null, "auxiliary_storage_labeling_size": null, "auxiliary_storage_labeling_bold": null, "auxiliary_storage_labeling_italic": null, "auxiliary_storage_labeling_underline": null, "auxiliary_storage_labeling_color": null, "auxiliary_storage_labeling_strikeout": null, "auxiliary_storage_labeling_multilinealignment": null, "auxiliary_storage_labeling_buffersize": null, "auxiliary_storage_labeling_buffercolor": null, "auxiliary_storage_labeling_bufferdraw": null, "auxiliary_storage_labeling_labeldistance": null, "auxiliary_storage_labeling_hali": null, "auxiliary_storage_labeling_vali": null, "auxiliary_storage_labeling_scalevisibility": null, "auxiliary_storage_labeling_minscale": null, "auxiliary_storage_labeling_maxscale": null, "auxiliary_storage_labeling_alwaysshow": null, "auxiliary_storage_labeling_calloutdraw": null, "auxiliary_storage_labeling_labelallparts": null }, "geometry": { "type": "MultiPolygon", "coordinates": [ [ [ [ 140.525623477000011, 35.910495975 ], [ 140.525808878, 35.910833253 ], [ 140.527088779, 35.910365049 ], [ 140.526903356, 35.91002581 ], [ 140.525623477000011, 35.910495975 ] ] ] ] } },
{ "type": "Feature", "properties": { "fid": 277, "氏名": "金田寛之", "遅まき": "遅まき", "2026地名地番": "津宮字中江間5200", "散布面積": "2.1", "備考": null, "検索_Address": "津宮字中江間5200,津宮字中江間5201", "検索_Tiban": "5200,5201", "ｗｋｔ": "7b8b265645f8255b1faa958bead17ca5", "地番": "5200", "ポリゴンの面積": 30, "auxiliary_storage_labeling_positionx": null, "auxiliary_storage_labeling_positiony": null, "auxiliary_storage_labeling_show": null, "auxiliary_storage_labeling_labelrotation": null, "auxiliary_storage_labeling_family": null, "auxiliary_storage_labeling_fontstyle": null, "auxiliary_storage_labeling_size": null, "auxiliary_storage_labeling_bold": null, "auxiliary_storage_labeling_italic": null, "auxiliary_storage_labeling_underline": null, "auxiliary_storage_labeling_color": null, "auxiliary_storage_labeling_strikeout": null, "auxiliary_storage_labeling_multilinealignment": null, "auxiliary_storage_labeling_buffersize": null, "auxiliary_storage_labeling_buffercolor": null, "auxiliary_storage_labeling_bufferdraw": null, "auxiliary_storage_labeling_labeldistance": null, "auxiliary_storage_labeling_hali": null, "auxiliary_storage_labeling_vali": null, "auxiliary_storage_labeling_scalevisibility": null, "auxiliary_storage_labeling_minscale": null, "auxiliary_storage_labeling_maxscale": null, "auxiliary_storage_labeling_alwaysshow": null, "auxiliary_storage_labeling_calloutdraw": null, "auxiliary_storage_labeling_labelallparts": null }, "geometry": { "type": "MultiPolygon", "coordinates": [ [ [ [ 140.5255225, 35.91030119 ], [ 140.525623477000011, 35.910495975 ], [ 140.526903356, 35.91002581 ], [ 140.526802393999986, 35.909833099 ], [ 140.5255225, 35.91030119 ] ] ] ] } },
{ "type": "Feature", "properties": { "fid": 279, "氏名": "金田寛之", "遅まき": "遅まき", "2026地名地番": "篠原字弥陀割　ロ3224-1", "散布面積": "9", "備考": "9", "検索_Address": "篠原字弥陀割　ロ3223-1,篠原字弥陀割　ロ3224-1", "検索_Tiban": "3223-1,3224-1", "ｗｋｔ": "44957cf95ccd2849a3d0efac17196575", "地番": "3224-1", "ポリゴンの面積": 36, "auxiliary_storage_labeling_positionx": null, "auxiliary_storage_labeling_positiony": null, "auxiliary_storage_labeling_show": null, "auxiliary_storage_labeling_labelrotation": null, "auxiliary_storage_labeling_family": null, "auxiliary_storage_labeling_fontstyle": null, "auxiliary_storage_labeling_size": null, "auxiliary_storage_labeling_bold": null, "auxiliary_storage_labeling_italic": null, "auxiliary_storage_labeling_underline": null, "auxiliary_storage_labeling_color": null, "auxiliary_storage_labeling_strikeout": null, "auxiliary_storage_labeling_multilinealignment": null, "auxiliary_storage_labeling_buffersize": null, "auxiliary_storage_labeling_buffercolor": null, "auxiliary_storage_labeling_bufferdraw": null, "auxiliary_storage_labeling_labeldistance": null, "auxiliary_storage_labeling_hali": null, "auxiliary_storage_labeling_vali": null, "auxiliary_storage_labeling_scalevisibility": null, "auxiliary_storage_labeling_minscale": null, "auxiliary_storage_labeling_maxscale": null, "auxiliary_storage_labeling_alwaysshow": null, "auxiliary_storage_labeling_calloutdraw": null, "auxiliary_storage_labeling_labelallparts": null }, "geometry": { "type": "MultiPolygon", "coordinates": [ [ [ [ 140.515671194, 35.906632351 ], [ 140.515526255999987, 35.906750538 ], [ 140.516084414, 35.907113482 ], [ 140.51627468800001, 35.907260403 ], [ 140.51632355000001, 35.907310101 ], [ 140.516348473, 35.907344099 ], [ 140.516526266, 35.907275812 ], [ 140.516087807, 35.906472558 ], [ 140.515893511, 35.906544781 ], [ 140.515784194, 35.906588848 ], [ 140.515671194, 35.906632351 ] ] ] ] } },
{ "type": "Feature", "properties": { "fid": 281, "氏名": "金田寛之", "遅まき": "遅まき", "2026地名地番": "津宮字鎌須5377-4,5,5378-1", "散布面積": "33.5", "備考": null, "検索_Address": "津宮字鎌須5377-4,津宮字鎌須5377-5", "検索_Tiban": "5377-4,5377-5", "ｗｋｔ": "96d2a533d36cbf5da947bb5f4c853987", "地番": "5377-4,5,5378-1", "ポリゴンの面積": 33, "auxiliary_storage_labeling_positionx": null, "auxiliary_storage_labeling_positiony": null, "auxiliary_storage_labeling_show": null, "auxiliary_storage_labeling_labelrotation": null, "auxiliary_storage_labeling_family": null, "auxiliary_storage_labeling_fontstyle": null, "auxiliary_storage_labeling_size": null, "auxiliary_storage_labeling_bold": null, "auxiliary_storage_labeling_italic": null, "auxiliary_storage_labeling_underline": null, "auxiliary_storage_labeling_color": null, "auxiliary_storage_labeling_strikeout": null, "auxiliary_storage_labeling_multilinealignment": null, "auxiliary_storage_labeling_buffersize": null, "auxiliary_storage_labeling_buffercolor": null, "auxiliary_storage_labeling_bufferdraw": null, "auxiliary_storage_labeling_labeldistance": null, "auxiliary_storage_labeling_hali": null, "auxiliary_storage_labeling_vali": null, "auxiliary_storage_labeling_scalevisibility": null, "auxiliary_storage_labeling_minscale": null, "auxiliary_storage_labeling_maxscale": null, "auxiliary_storage_labeling_alwaysshow": null, "auxiliary_storage_labeling_calloutdraw": null, "auxiliary_storage_labeling_labelallparts": null }, "geometry": { "type": "MultiPolygon", "coordinates": [ [ [ [ 140.53570467, 35.914443576 ], [ 140.534433867, 35.914914967 ], [ 140.534552123, 35.915133715 ], [ 140.535826792, 35.914660902 ], [ 140.53570467, 35.914443576 ] ] ] ] } },
{ "type": "Feature", "properties": { "fid": 282, "氏名": "金田寛之", "遅まき": "遅まき", "2026地名地番": "津宮字鎌須5282-3,5283", "散布面積": "52", "備考": "52", "検索_Address": "津宮字鎌須5282-3,津宮字鎌須5283-1,津宮字鎌須5283-2", "検索_Tiban": "5282-3~5283-2", "ｗｋｔ": "4fcd34bc11a889dc491761c0c202671e", "地番": "5282-3,5283", "ポリゴンの面積": 53, "auxiliary_storage_labeling_positionx": null, "auxiliary_storage_labeling_positiony": null, "auxiliary_storage_labeling_show": null, "auxiliary_storage_labeling_labelrotation": null, "auxiliary_storage_labeling_family": null, "auxiliary_storage_labeling_fontstyle": null, "auxiliary_storage_labeling_size": null, "auxiliary_storage_labeling_bold": null, "auxiliary_storage_labeling_italic": null, "auxiliary_storage_labeling_underline": null, "auxiliary_storage_labeling_color": null, "auxiliary_storage_labeling_strikeout": null, "auxiliary_storage_labeling_multilinealignment": null, "auxiliary_storage_labeling_buffersize": null, "auxiliary_storage_labeling_buffercolor": null, "auxiliary_storage_labeling_bufferdraw": null, "auxiliary_storage_labeling_labeldistance": null, "auxiliary_storage_labeling_hali": null, "auxiliary_storage_labeling_vali": null, "auxiliary_storage_labeling_scalevisibility": null, "auxiliary_storage_labeling_minscale": null, "auxiliary_storage_labeling_maxscale": null, "auxiliary_storage_labeling_alwaysshow": null, "auxiliary_storage_labeling_calloutdraw": null, "auxiliary_storage_labeling_labelallparts": null }, "geometry": { "type": "MultiPolygon", "coordinates": [ [ [ [ 140.532929796, 35.91516193 ], [ 140.531661507, 35.91563268 ], [ 140.531851682, 35.915986103 ], [ 140.533118064, 35.915508807 ], [ 140.532929796, 35.91516193 ] ] ] ] } },
{ "type": "Feature", "properties": { "fid": 283, "氏名": "金田寛之", "遅まき": null, "2026地名地番": "佐原字南川　ハ4754,4755", "散布面積": "35", "備考": null, "検索_Address": "佐原字南川　ハ4754,佐原字南川　ハ4755", "検索_Tiban": "4754,4755", "ｗｋｔ": "1693524500734e48971a4b699504f657", "地番": "4754,4755", "ポリゴンの面積": 36, "auxiliary_storage_labeling_positionx": null, "auxiliary_storage_labeling_positiony": null, "auxiliary_storage_labeling_show": null, "auxiliary_storage_labeling_labelrotation": null, "auxiliary_storage_labeling_family": null, "auxiliary_storage_labeling_fontstyle": null, "auxiliary_storage_labeling_size": null, "auxiliary_storage_labeling_bold": null, "auxiliary_storage_labeling_italic": null, "auxiliary_storage_labeling_underline": null, "auxiliary_storage_labeling_color": null, "auxiliary_storage_labeling_strikeout": null, "auxiliary_storage_labeling_multilinealignment": null, "auxiliary_storage_labeling_buffersize": null, "auxiliary_storage_labeling_buffercolor": null, "auxiliary_storage_labeling_bufferdraw": null, "auxiliary_storage_labeling_labeldistance": null, "auxiliary_storage_labeling_hali": null, "auxiliary_storage_labeling_vali": null, "auxiliary_storage_labeling_scalevisibility": null, "auxiliary_storage_labeling_minscale": null, "auxiliary_storage_labeling_maxscale": null, "auxiliary_storage_labeling_alwaysshow": null, "auxiliary_storage_labeling_calloutdraw": null, "auxiliary_storage_labeling_labelallparts": null }, "geometry": { "type": "MultiPolygon", "coordinates": [ [ [ [ 140.511829659999989, 35.92782342 ], [ 140.512115559, 35.92771946 ], [ 140.511535447, 35.926681643 ], [ 140.511369209, 35.926740344 ], [ 140.511244045000012, 35.926787931 ], [ 140.511829659999989, 35.92782342 ] ] ] ] } },
{ "type": "Feature", "properties": { "fid": 284, "氏名": "金田寛之", "遅まき": null, "2026地名地番": "佐原字南川　ハ4756", "散布面積": "34", "備考": null, "検索_Address": "佐原字南川　ハ4756", "検索_Tiban": "4756", "ｗｋｔ": "cb0c5a5049e486de21b380665ad05d5a", "地番": "4756", "ポリゴンの面積": 35, "auxiliary_storage_labeling_positionx": null, "auxiliary_storage_labeling_positiony": null, "auxiliary_storage_labeling_show": null, "auxiliary_storage_labeling_labelrotation": null, "auxiliary_storage_labeling_family": null, "auxiliary_storage_labeling_fontstyle": null, "auxiliary_storage_labeling_size": null, "auxiliary_storage_labeling_bold": null, "auxiliary_storage_labeling_italic": null, "auxiliary_storage_labeling_underline": null, "auxiliary_storage_labeling_color": null, "auxiliary_storage_labeling_strikeout": null, "auxiliary_storage_labeling_multilinealignment": null, "auxiliary_storage_labeling_buffersize": null, "auxiliary_storage_labeling_buffercolor": null, "auxiliary_storage_labeling_bufferdraw": null, "auxiliary_storage_labeling_labeldistance": null, "auxiliary_storage_labeling_hali": null, "auxiliary_storage_labeling_vali": null, "auxiliary_storage_labeling_scalevisibility": null, "auxiliary_storage_labeling_minscale": null, "auxiliary_storage_labeling_maxscale": null, "auxiliary_storage_labeling_alwaysshow": null, "auxiliary_storage_labeling_calloutdraw": null, "auxiliary_storage_labeling_labelallparts": null }, "geometry": { "type": "MultiPolygon", "coordinates": [ [ [ [ 140.511535447, 35.926681643 ], [ 140.512115559, 35.92771946 ], [ 140.512396304, 35.927613821 ], [ 140.511818994, 35.926579277 ], [ 140.511535447, 35.926681643 ] ] ] ] } },
{ "type": "Feature", "properties": { "fid": 285, "氏名": "金田寛之", "遅まき": null, "2026地名地番": "佐原字南川　ハ4783-1,2", "散布面積": "33", "備考": null, "検索_Address": "佐原字南川　ハ4783-1,佐原字南川　ハ4783-2,佐原字南川　ハ4784-1,佐原字南川　ハ4784-2", "検索_Tiban": "4783-1~4784-2", "ｗｋｔ": "37ce08821288496fd5857f792048be7d", "地番": "4783-1,2", "ポリゴンの面積": 84, "auxiliary_storage_labeling_positionx": null, "auxiliary_storage_labeling_positiony": null, "auxiliary_storage_labeling_show": null, "auxiliary_storage_labeling_labelrotation": null, "auxiliary_storage_labeling_family": null, "auxiliary_storage_labeling_fontstyle": null, "auxiliary_storage_labeling_size": null, "auxiliary_storage_labeling_bold": null, "auxiliary_storage_labeling_italic": null, "auxiliary_storage_labeling_underline": null, "auxiliary_storage_labeling_color": null, "auxiliary_storage_labeling_strikeout": null, "auxiliary_storage_labeling_multilinealignment": null, "auxiliary_storage_labeling_buffersize": null, "auxiliary_storage_labeling_buffercolor": null, "auxiliary_storage_labeling_bufferdraw": null, "auxiliary_storage_labeling_labeldistance": null, "auxiliary_storage_labeling_hali": null, "auxiliary_storage_labeling_vali": null, "auxiliary_storage_labeling_scalevisibility": null, "auxiliary_storage_labeling_minscale": null, "auxiliary_storage_labeling_maxscale": null, "auxiliary_storage_labeling_alwaysshow": null, "auxiliary_storage_labeling_calloutdraw": null, "auxiliary_storage_labeling_labelallparts": null }, "geometry": { "type": "MultiPolygon", "coordinates": [ [ [ [ 140.510455811000014, 35.925777752 ], [ 140.51102971, 35.926815745 ], [ 140.51170735, 35.92656501 ], [ 140.511129928, 35.925531909 ], [ 140.510455811000014, 35.925777752 ] ] ] ] } },
{ "type": "Feature", "properties": { "fid": 287, "氏名": "金田寛之", "遅まき": null, "2026地名地番": "中洲字水神前1004-7", "散布面積": "20", "備考": null, "検索_Address": "中洲字水神前1004-1,中洲字水神前1004-2,中洲字水神前1004-3,中洲字水神前1004-4,中洲字水神前1004-5,中洲字水神前1004-6,中洲字水神前1004-7", "検索_Tiban": "1004-1~1004-7", "ｗｋｔ": "4026296a0145ff380537d54b818c4e08", "地番": "1004-7", "ポリゴンの面積": 39, "auxiliary_storage_labeling_positionx": null, "auxiliary_storage_labeling_positiony": null, "auxiliary_storage_labeling_show": null, "auxiliary_storage_labeling_labelrotation": null, "auxiliary_storage_labeling_family": null, "auxiliary_storage_labeling_fontstyle": null, "auxiliary_storage_labeling_size": null, "auxiliary_storage_labeling_bold": null, "auxiliary_storage_labeling_italic": null, "auxiliary_storage_labeling_underline": null, "auxiliary_storage_labeling_color": null, "auxiliary_storage_labeling_strikeout": null, "auxiliary_storage_labeling_multilinealignment": null, "auxiliary_storage_labeling_buffersize": null, "auxiliary_storage_labeling_buffercolor": null, "auxiliary_storage_labeling_bufferdraw": null, "auxiliary_storage_labeling_labeldistance": null, "auxiliary_storage_labeling_hali": null, "auxiliary_storage_labeling_vali": null, "auxiliary_storage_labeling_scalevisibility": null, "auxiliary_storage_labeling_minscale": null, "auxiliary_storage_labeling_maxscale": null, "auxiliary_storage_labeling_alwaysshow": null, "auxiliary_storage_labeling_calloutdraw": null, "auxiliary_storage_labeling_labelallparts": null }, "geometry": { "type": "MultiPolygon", "coordinates": [ [ [ [ 140.514750754, 35.922858573 ], [ 140.514185863, 35.921813173 ], [ 140.513869684000014, 35.921929734 ], [ 140.514446121, 35.922969908 ], [ 140.514750754, 35.922858573 ] ] ] ] } },
{ "type": "Feature", "properties": { "fid": 288, "氏名": "金田寛之", "遅まき": null, "2026地名地番": "佐原字新洲　ニ6408-1~6409", "散布面積": "107.1", "備考": null, "検索_Address": "佐原字新洲　ニ6408-1,佐原字新洲　ニ6408-2", "検索_Tiban": "6408-1~6409", "ｗｋｔ": "f2a60f503d2b5b57753fad6ca31b2965", "地番": "6408-1~6409", "ポリゴンの面積": 54, "auxiliary_storage_labeling_positionx": null, "auxiliary_storage_labeling_positiony": null, "auxiliary_storage_labeling_show": null, "auxiliary_storage_labeling_labelrotation": null, "auxiliary_storage_labeling_family": null, "auxiliary_storage_labeling_fontstyle": null, "auxiliary_storage_labeling_size": null, "auxiliary_storage_labeling_bold": null, "auxiliary_storage_labeling_italic": null, "auxiliary_storage_labeling_underline": null, "auxiliary_storage_labeling_color": null, "auxiliary_storage_labeling_strikeout": null, "auxiliary_storage_labeling_multilinealignment": null, "auxiliary_storage_labeling_buffersize": null, "auxiliary_storage_labeling_buffercolor": null, "auxiliary_storage_labeling_bufferdraw": null, "auxiliary_storage_labeling_labeldistance": null, "auxiliary_storage_labeling_hali": null, "auxiliary_storage_labeling_vali": null, "auxiliary_storage_labeling_scalevisibility": null, "auxiliary_storage_labeling_minscale": null, "auxiliary_storage_labeling_maxscale": null, "auxiliary_storage_labeling_alwaysshow": null, "auxiliary_storage_labeling_calloutdraw": null, "auxiliary_storage_labeling_labelallparts": null }, "geometry": { "type": "MultiPolygon", "coordinates": [ [ [ [ 140.508428312, 35.916338272 ], [ 140.508235843, 35.915993127 ], [ 140.50695715, 35.916461085 ], [ 140.507155213, 35.916815534 ], [ 140.508428312, 35.916338272 ] ] ] ] } },
{ "type": "Feature", "properties": { "fid": 289, "氏名": "金田寛之", "遅まき": null, "2026地名地番": "佐原字新洲　ニ6408-1~6409", "散布面積": "107.1", "備考": null, "検索_Address": "佐原字新洲　ニ6408-3,佐原字新洲　ニ6408-4,佐原字新洲　ニ6409", "検索_Tiban": "6408-1~6409", "ｗｋｔ": "55ffc2e60a8d9943b33fa31d0a4f7c65", "地番": "6408-1~6409", "ポリゴンの面積": 55, "auxiliary_storage_labeling_positionx": null, "auxiliary_storage_labeling_positiony": null, "auxiliary_storage_labeling_show": null, "auxiliary_storage_labeling_labelrotation": null, "auxiliary_storage_labeling_family": null, "auxiliary_storage_labeling_fontstyle": null, "auxiliary_storage_labeling_size": null, "auxiliary_storage_labeling_bold": null, "auxiliary_storage_labeling_italic": null, "auxiliary_storage_labeling_underline": null, "auxiliary_storage_labeling_color": null, "auxiliary_storage_labeling_strikeout": null, "auxiliary_storage_labeling_multilinealignment": null, "auxiliary_storage_labeling_buffersize": null, "auxiliary_storage_labeling_buffercolor": null, "auxiliary_storage_labeling_bufferdraw": null, "auxiliary_storage_labeling_labeldistance": null, "auxiliary_storage_labeling_hali": null, "auxiliary_storage_labeling_vali": null, "auxiliary_storage_labeling_scalevisibility": null, "auxiliary_storage_labeling_minscale": null, "auxiliary_storage_labeling_maxscale": null, "auxiliary_storage_labeling_alwaysshow": null, "auxiliary_storage_labeling_calloutdraw": null, "auxiliary_storage_labeling_labelallparts": null }, "geometry": { "type": "MultiPolygon", "coordinates": [ [ [ [ 140.508625113, 35.916691177 ], [ 140.508428312, 35.916338272 ], [ 140.507155213, 35.916815534 ], [ 140.507354486, 35.917172142 ], [ 140.508625113, 35.916691177 ] ] ] ] } },
{ "type": "Feature", "properties": { "fid": 290, "氏名": "栗山悦夫", "遅まき": null, "2026地名地番": "長島字屋敷付1942-1", "散布面積": "64", "備考": null, "検索_Address": "長島字屋敷付1942-1", "検索_Tiban": "1942-1", "ｗｋｔ": "4d45e12fa28ee59b074557e0765effa5", "地番": "1942-1", "ポリゴンの面積": 69, "auxiliary_storage_labeling_positionx": null, "auxiliary_storage_labeling_positiony": null, "auxiliary_storage_labeling_show": null, "auxiliary_storage_labeling_labelrotation": null, "auxiliary_storage_labeling_family": null, "auxiliary_storage_labeling_fontstyle": null, "auxiliary_storage_labeling_size": null, "auxiliary_storage_labeling_bold": null, "auxiliary_storage_labeling_italic": null, "auxiliary_storage_labeling_underline": null, "auxiliary_storage_labeling_color": null, "auxiliary_storage_labeling_strikeout": null, "auxiliary_storage_labeling_multilinealignment": null, "auxiliary_storage_labeling_buffersize": null, "auxiliary_storage_labeling_buffercolor": null, "auxiliary_storage_labeling_bufferdraw": null, "auxiliary_storage_labeling_labeldistance": null, "auxiliary_storage_labeling_hali": null, "auxiliary_storage_labeling_vali": null, "auxiliary_storage_labeling_scalevisibility": null, "auxiliary_storage_labeling_minscale": null, "auxiliary_storage_labeling_maxscale": null, "auxiliary_storage_labeling_alwaysshow": null, "auxiliary_storage_labeling_calloutdraw": null, "auxiliary_storage_labeling_labelallparts": null }, "geometry": { "type": "MultiPolygon", "coordinates": [ [ [ [ 140.49843777800001, 35.928866804 ], [ 140.497858122999986, 35.927826472 ], [ 140.497311952, 35.928030771 ], [ 140.497855152, 35.929020191 ], [ 140.497885000999986, 35.929060303 ], [ 140.497909405, 35.929065025 ], [ 140.49843777800001, 35.928866804 ] ] ] ] } },
{ "type": "Feature", "properties": { "fid": 291, "氏名": "栗山悦夫", "遅まき": null, "2026地名地番": "長島字屋敷付1945", "散布面積": "21", "備考": null, "検索_Address": "長島字屋敷付1945", "検索_Tiban": "1945", "ｗｋｔ": "ea2d5a0ce4b44d991ec307d5168de88e", "地番": "1945", "ポリゴンの面積": 23, "auxiliary_storage_labeling_positionx": null, "auxiliary_storage_labeling_positiony": null, "auxiliary_storage_labeling_show": null, "auxiliary_storage_labeling_labelrotation": null, "auxiliary_storage_labeling_family": null, "auxiliary_storage_labeling_fontstyle": null, "auxiliary_storage_labeling_size": null, "auxiliary_storage_labeling_bold": null, "auxiliary_storage_labeling_italic": null, "auxiliary_storage_labeling_underline": null, "auxiliary_storage_labeling_color": null, "auxiliary_storage_labeling_strikeout": null, "auxiliary_storage_labeling_multilinealignment": null, "auxiliary_storage_labeling_buffersize": null, "auxiliary_storage_labeling_buffercolor": null, "auxiliary_storage_labeling_bufferdraw": null, "auxiliary_storage_labeling_labeldistance": null, "auxiliary_storage_labeling_hali": null, "auxiliary_storage_labeling_vali": null, "auxiliary_storage_labeling_scalevisibility": null, "auxiliary_storage_labeling_minscale": null, "auxiliary_storage_labeling_maxscale": null, "auxiliary_storage_labeling_alwaysshow": null, "auxiliary_storage_labeling_calloutdraw": null, "auxiliary_storage_labeling_labelallparts": null }, "geometry": { "type": "MultiPolygon", "coordinates": [ [ [ [ 140.49752998400001, 35.927919318 ], [ 140.497713561000012, 35.927854258 ], [ 140.497135175000011, 35.926812448 ], [ 140.496956229, 35.926880768 ], [ 140.49752998400001, 35.927919318 ] ] ] ] } },
{ "type": "Feature", "properties": { "fid": 292, "氏名": "栗山悦夫", "遅まき": null, "2026地名地番": "笄島字上代4535", "散布面積": "0.5", "備考": null, "検索_Address": "笄島字上代4535", "検索_Tiban": "4535", "ｗｋｔ": "78187b864215ad0bac33e144e30cf58e", "地番": "4535", "ポリゴンの面積": 5, "auxiliary_storage_labeling_positionx": null, "auxiliary_storage_labeling_positiony": null, "auxiliary_storage_labeling_show": null, "auxiliary_storage_labeling_labelrotation": null, "auxiliary_storage_labeling_family": null, "auxiliary_storage_labeling_fontstyle": null, "auxiliary_storage_labeling_size": null, "auxiliary_storage_labeling_bold": null, "auxiliary_storage_labeling_italic": null, "auxiliary_storage_labeling_underline": null, "auxiliary_storage_labeling_color": null, "auxiliary_storage_labeling_strikeout": null, "auxiliary_storage_labeling_multilinealignment": null, "auxiliary_storage_labeling_buffersize": null, "auxiliary_storage_labeling_buffercolor": null, "auxiliary_storage_labeling_bufferdraw": null, "auxiliary_storage_labeling_labeldistance": null, "auxiliary_storage_labeling_hali": null, "auxiliary_storage_labeling_vali": null, "auxiliary_storage_labeling_scalevisibility": null, "auxiliary_storage_labeling_minscale": null, "auxiliary_storage_labeling_maxscale": null, "auxiliary_storage_labeling_alwaysshow": null, "auxiliary_storage_labeling_calloutdraw": null, "auxiliary_storage_labeling_labelallparts": null }, "geometry": { "type": "MultiPolygon", "coordinates": [ [ [ [ 140.496670364000011, 35.932265605 ], [ 140.49677083200001, 35.932373583 ], [ 140.496831724, 35.932349383 ], [ 140.496658696999987, 35.932055777 ], [ 140.496455438, 35.932157222 ], [ 140.496566647, 35.932319919 ], [ 140.496670364000011, 35.932265605 ] ] ] ] } },
{ "type": "Feature", "properties": { "fid": 293, "氏名": "栗山悦夫", "遅まき": null, "2026地名地番": "笄島字上代4585", "散布面積": "11", "備考": null, "検索_Address": "笄島字上代4585", "検索_Tiban": "4585", "ｗｋｔ": "8dedb14681eb0e0133a999744ba3e409", "地番": "4585", "ポリゴンの面積": 13, "auxiliary_storage_labeling_positionx": null, "auxiliary_storage_labeling_positiony": null, "auxiliary_storage_labeling_show": null, "auxiliary_storage_labeling_labelrotation": null, "auxiliary_storage_labeling_family": null, "auxiliary_storage_labeling_fontstyle": null, "auxiliary_storage_labeling_size": 1.0, "auxiliary_storage_labeling_bold": null, "auxiliary_storage_labeling_italic": null, "auxiliary_storage_labeling_underline": null, "auxiliary_storage_labeling_color": null, "auxiliary_storage_labeling_strikeout": null, "auxiliary_storage_labeling_multilinealignment": null, "auxiliary_storage_labeling_buffersize": null, "auxiliary_storage_labeling_buffercolor": null, "auxiliary_storage_labeling_bufferdraw": null, "auxiliary_storage_labeling_labeldistance": null, "auxiliary_storage_labeling_hali": null, "auxiliary_storage_labeling_vali": null, "auxiliary_storage_labeling_scalevisibility": null, "auxiliary_storage_labeling_minscale": null, "auxiliary_storage_labeling_maxscale": null, "auxiliary_storage_labeling_alwaysshow": null, "auxiliary_storage_labeling_calloutdraw": null, "auxiliary_storage_labeling_labelallparts": null }, "geometry": { "type": "MultiPolygon", "coordinates": [ [ [ [ 140.49567620900001, 35.929522163 ], [ 140.49550910100001, 35.929226071 ], [ 140.495164877, 35.929355695 ], [ 140.495315514999987, 35.929651478 ], [ 140.495364551, 35.929633897 ], [ 140.49567620900001, 35.929522163 ] ] ] ] } },
{ "type": "Feature", "properties": { "fid": 294, "氏名": "栗山悦夫", "遅まき": null, "2026地名地番": "笄島字上代4591-1", "散布面積": "16", "備考": null, "検索_Address": "笄島字上代4591-1", "検索_Tiban": "4591-1", "ｗｋｔ": "aaa1697b9efcfd802880e29641166163", "地番": "4591-1", "ポリゴンの面積": 19, "auxiliary_storage_labeling_positionx": null, "auxiliary_storage_labeling_positiony": null, "auxiliary_storage_labeling_show": null, "auxiliary_storage_labeling_labelrotation": null, "auxiliary_storage_labeling_family": null, "auxiliary_storage_labeling_fontstyle": null, "auxiliary_storage_labeling_size": 1.0, "auxiliary_storage_labeling_bold": null, "auxiliary_storage_labeling_italic": null, "auxiliary_storage_labeling_underline": null, "auxiliary_storage_labeling_color": null, "auxiliary_storage_labeling_strikeout": null, "auxiliary_storage_labeling_multilinealignment": null, "auxiliary_storage_labeling_buffersize": null, "auxiliary_storage_labeling_buffercolor": null, "auxiliary_storage_labeling_bufferdraw": null, "auxiliary_storage_labeling_labeldistance": null, "auxiliary_storage_labeling_hali": null, "auxiliary_storage_labeling_vali": null, "auxiliary_storage_labeling_scalevisibility": null, "auxiliary_storage_labeling_minscale": null, "auxiliary_storage_labeling_maxscale": null, "auxiliary_storage_labeling_alwaysshow": null, "auxiliary_storage_labeling_calloutdraw": null, "auxiliary_storage_labeling_labelallparts": null }, "geometry": { "type": "MultiPolygon", "coordinates": [ [ [ [ 140.495055727, 35.928858597 ], [ 140.495283519999987, 35.929279472 ], [ 140.495646187, 35.929151016 ], [ 140.495635736999986, 35.929086439 ], [ 140.495551615000011, 35.928919843 ], [ 140.495387543, 35.928736887 ], [ 140.495055727, 35.928858597 ] ] ] ] } },
{ "type": "Feature", "properties": { "fid": 295, "氏名": "栗山悦夫", "遅まき": null, "2026地名地番": "笄島字上代4596", "散布面積": "31", "備考": null, "検索_Address": "笄島字上代4596,笄島字上代4597-1", "検索_Tiban": "4596,4597-1", "ｗｋｔ": "cbb9984a56efd97211e558ce2f307e0e", "地番": "4596", "ポリゴンの面積": 86, "auxiliary_storage_labeling_positionx": null, "auxiliary_storage_labeling_positiony": null, "auxiliary_storage_labeling_show": null, "auxiliary_storage_labeling_labelrotation": null, "auxiliary_storage_labeling_family": null, "auxiliary_storage_labeling_fontstyle": null, "auxiliary_storage_labeling_size": null, "auxiliary_storage_labeling_bold": null, "auxiliary_storage_labeling_italic": null, "auxiliary_storage_labeling_underline": null, "auxiliary_storage_labeling_color": null, "auxiliary_storage_labeling_strikeout": null, "auxiliary_storage_labeling_multilinealignment": null, "auxiliary_storage_labeling_buffersize": null, "auxiliary_storage_labeling_buffercolor": null, "auxiliary_storage_labeling_bufferdraw": null, "auxiliary_storage_labeling_labeldistance": null, "auxiliary_storage_labeling_hali": null, "auxiliary_storage_labeling_vali": null, "auxiliary_storage_labeling_scalevisibility": null, "auxiliary_storage_labeling_minscale": null, "auxiliary_storage_labeling_maxscale": null, "auxiliary_storage_labeling_alwaysshow": null, "auxiliary_storage_labeling_calloutdraw": null, "auxiliary_storage_labeling_labelallparts": null }, "geometry": { "type": "MultiPolygon", "coordinates": [ [ [ [ 140.496988535000014, 35.929397556 ], [ 140.49766164, 35.92915082 ], [ 140.497664152999988, 35.929114999 ], [ 140.4970897, 35.9281052 ], [ 140.49641349, 35.928359527 ], [ 140.496988535000014, 35.929397556 ] ] ] ] } },
{ "type": "Feature", "properties": { "fid": 297, "氏名": "栗山悦夫", "遅まき": null, "2026地名地番": "笄島字笄津4251-3", "散布面積": "10", "備考": null, "検索_Address": "笄島字笄津4251-3", "検索_Tiban": "4251-3", "ｗｋｔ": "3110b5ee4e517061b754e8f8027e0a4c", "地番": "4251-3", "ポリゴンの面積": 14, "auxiliary_storage_labeling_positionx": null, "auxiliary_storage_labeling_positiony": null, "auxiliary_storage_labeling_show": null, "auxiliary_storage_labeling_labelrotation": null, "auxiliary_storage_labeling_family": null, "auxiliary_storage_labeling_fontstyle": null, "auxiliary_storage_labeling_size": null, "auxiliary_storage_labeling_bold": null, "auxiliary_storage_labeling_italic": null, "auxiliary_storage_labeling_underline": null, "auxiliary_storage_labeling_color": null, "auxiliary_storage_labeling_strikeout": null, "auxiliary_storage_labeling_multilinealignment": null, "auxiliary_storage_labeling_buffersize": null, "auxiliary_storage_labeling_buffercolor": null, "auxiliary_storage_labeling_bufferdraw": null, "auxiliary_storage_labeling_labeldistance": null, "auxiliary_storage_labeling_hali": null, "auxiliary_storage_labeling_vali": null, "auxiliary_storage_labeling_scalevisibility": null, "auxiliary_storage_labeling_minscale": null, "auxiliary_storage_labeling_maxscale": null, "auxiliary_storage_labeling_alwaysshow": null, "auxiliary_storage_labeling_calloutdraw": null, "auxiliary_storage_labeling_labelallparts": null }, "geometry": { "type": "MultiPolygon", "coordinates": [ [ [ [ 140.487585079000013, 35.926915875 ], [ 140.48745267000001, 35.926891536 ], [ 140.487066346, 35.92682867 ], [ 140.487077402000011, 35.927146374 ], [ 140.487516457, 35.927181361 ], [ 140.487585079000013, 35.926915875 ] ] ] ] } },
{ "type": "Feature", "properties": { "fid": 298, "氏名": "栗山悦夫", "遅まき": null, "2026地名地番": "笄島字笄津4708", "散布面積": "17", "備考": null, "検索_Address": "笄島字笄津4708", "検索_Tiban": "4708", "ｗｋｔ": "2f5a40e0f8770e3d264fbf2e664f106c", "地番": "4708", "ポリゴンの面積": 22, "auxiliary_storage_labeling_positionx": null, "auxiliary_storage_labeling_positiony": null, "auxiliary_storage_labeling_show": null, "auxiliary_storage_labeling_labelrotation": null, "auxiliary_storage_labeling_family": null, "auxiliary_storage_labeling_fontstyle": null, "auxiliary_storage_labeling_size": null, "auxiliary_storage_labeling_bold": null, "auxiliary_storage_labeling_italic": null, "auxiliary_storage_labeling_underline": null, "auxiliary_storage_labeling_color": null, "auxiliary_storage_labeling_strikeout": null, "auxiliary_storage_labeling_multilinealignment": null, "auxiliary_storage_labeling_buffersize": null, "auxiliary_storage_labeling_buffercolor": null, "auxiliary_storage_labeling_bufferdraw": null, "auxiliary_storage_labeling_labeldistance": null, "auxiliary_storage_labeling_hali": null, "auxiliary_storage_labeling_vali": null, "auxiliary_storage_labeling_scalevisibility": null, "auxiliary_storage_labeling_minscale": null, "auxiliary_storage_labeling_maxscale": null, "auxiliary_storage_labeling_alwaysshow": null, "auxiliary_storage_labeling_calloutdraw": null, "auxiliary_storage_labeling_labelallparts": null }, "geometry": { "type": "MultiPolygon", "coordinates": [ [ [ [ 140.490138291, 35.92964583 ], [ 140.489953645000014, 35.929803036 ], [ 140.490637924, 35.930340008 ], [ 140.490912888, 35.930256298 ], [ 140.490138291, 35.92964583 ] ] ] ] } },
{ "type": "Feature", "properties": { "fid": 299, "氏名": "坂本満雄", "遅まき": null, "2026地名地番": "堀川江間1634-1～5", "散布面積": "49.87", "備考": null, "検索_Address": "長島字堀川江間1634-1,長島字堀川江間1634-3,長島字堀川江間1634-4,長島字堀川江間1634-2,長島字堀川江間1634-5", "検索_Tiban": "1634-1～5", "ｗｋｔ": "40715b92b9953286f4a06ca9a53c1d6c", "地番": "1634-1～5", "ポリゴンの面積": 33, "auxiliary_storage_labeling_positionx": null, "auxiliary_storage_labeling_positiony": null, "auxiliary_storage_labeling_show": null, "auxiliary_storage_labeling_labelrotation": null, "auxiliary_storage_labeling_family": null, "auxiliary_storage_labeling_fontstyle": null, "auxiliary_storage_labeling_size": 1.0, "auxiliary_storage_labeling_bold": null, "auxiliary_storage_labeling_italic": null, "auxiliary_storage_labeling_underline": null, "auxiliary_storage_labeling_color": null, "auxiliary_storage_labeling_strikeout": null, "auxiliary_storage_labeling_multilinealignment": null, "auxiliary_storage_labeling_buffersize": null, "auxiliary_storage_labeling_buffercolor": null, "auxiliary_storage_labeling_bufferdraw": null, "auxiliary_storage_labeling_labeldistance": null, "auxiliary_storage_labeling_hali": null, "auxiliary_storage_labeling_vali": null, "auxiliary_storage_labeling_scalevisibility": null, "auxiliary_storage_labeling_minscale": null, "auxiliary_storage_labeling_maxscale": null, "auxiliary_storage_labeling_alwaysshow": null, "auxiliary_storage_labeling_calloutdraw": null, "auxiliary_storage_labeling_labelallparts": null }, "geometry": { "type": "MultiPolygon", "coordinates": [ [ [ [ 140.502889089000064, 35.931118256000047 ], [ 140.502832159000036, 35.931139286000075 ], [ 140.502656997000031, 35.93120401200008 ], [ 140.502545481000084, 35.931245220000051 ], [ 140.502469759000064, 35.931273205000025 ], [ 140.502444338000032, 35.931282594000038 ], [ 140.502794131000087, 35.931899621000071 ], [ 140.502818481000077, 35.931890680000038 ], [ 140.502891707000117, 35.93186378200005 ], [ 140.503005424000094, 35.931822003000036 ], [ 140.503184569000041, 35.931756189000055 ], [ 140.503237488000082, 35.931736751000074 ], [ 140.502889089000064, 35.931118256000047 ] ] ] ] } },
{ "type": "Feature", "properties": { "fid": 300, "氏名": "坂本満雄", "遅まき": null, "2026地名地番": "堀川江間1665-1", "散布面積": "87.83", "備考": null, "検索_Address": "長島字堀川江間1665-1", "検索_Tiban": "1665-1", "ｗｋｔ": "61bd87ee6a90e5d706e270b649497433", "地番": "1665-1", "ポリゴンの面積": 45, "auxiliary_storage_labeling_positionx": null, "auxiliary_storage_labeling_positiony": null, "auxiliary_storage_labeling_show": null, "auxiliary_storage_labeling_labelrotation": null, "auxiliary_storage_labeling_family": null, "auxiliary_storage_labeling_fontstyle": null, "auxiliary_storage_labeling_size": 1.0, "auxiliary_storage_labeling_bold": null, "auxiliary_storage_labeling_italic": null, "auxiliary_storage_labeling_underline": null, "auxiliary_storage_labeling_color": null, "auxiliary_storage_labeling_strikeout": null, "auxiliary_storage_labeling_multilinealignment": null, "auxiliary_storage_labeling_buffersize": null, "auxiliary_storage_labeling_buffercolor": null, "auxiliary_storage_labeling_bufferdraw": null, "auxiliary_storage_labeling_labeldistance": null, "auxiliary_storage_labeling_hali": null, "auxiliary_storage_labeling_vali": null, "auxiliary_storage_labeling_scalevisibility": null, "auxiliary_storage_labeling_minscale": null, "auxiliary_storage_labeling_maxscale": null, "auxiliary_storage_labeling_alwaysshow": null, "auxiliary_storage_labeling_calloutdraw": null, "auxiliary_storage_labeling_labelallparts": null }, "geometry": { "type": "MultiPolygon", "coordinates": [ [ [ [ 140.502890953000019, 35.931083140000055 ], [ 140.502466422000111, 35.931238802000053 ], [ 140.502109961000087, 35.930599016000031 ], [ 140.502279135000094, 35.930541831000028 ], [ 140.502064678000011, 35.930148872000075 ], [ 140.502323949000015, 35.930053537000049 ], [ 140.502890953000019, 35.931083140000055 ] ] ] ] } },
{ "type": "Feature", "properties": { "fid": 301, "氏名": "坂本満雄", "遅まき": null, "2026地名地番": "八郎田4328-1", "散布面積": "27.9", "備考": null, "検索_Address": "佐原字八郎田　ハ4328-1", "検索_Tiban": "4328-1", "ｗｋｔ": "2aad9e4f5398e693834ee9fc33d2e487", "地番": "4328-1", "ポリゴンの面積": 24, "auxiliary_storage_labeling_positionx": null, "auxiliary_storage_labeling_positiony": null, "auxiliary_storage_labeling_show": null, "auxiliary_storage_labeling_labelrotation": null, "auxiliary_storage_labeling_family": null, "auxiliary_storage_labeling_fontstyle": null, "auxiliary_storage_labeling_size": null, "auxiliary_storage_labeling_bold": null, "auxiliary_storage_labeling_italic": null, "auxiliary_storage_labeling_underline": null, "auxiliary_storage_labeling_color": null, "auxiliary_storage_labeling_strikeout": null, "auxiliary_storage_labeling_multilinealignment": null, "auxiliary_storage_labeling_buffersize": null, "auxiliary_storage_labeling_buffercolor": null, "auxiliary_storage_labeling_bufferdraw": null, "auxiliary_storage_labeling_labeldistance": null, "auxiliary_storage_labeling_hali": null, "auxiliary_storage_labeling_vali": null, "auxiliary_storage_labeling_scalevisibility": null, "auxiliary_storage_labeling_minscale": null, "auxiliary_storage_labeling_maxscale": null, "auxiliary_storage_labeling_alwaysshow": null, "auxiliary_storage_labeling_calloutdraw": null, "auxiliary_storage_labeling_labelallparts": null }, "geometry": { "type": "MultiPolygon", "coordinates": [ [ [ [ 140.516214667000099, 35.930274562000079 ], [ 140.516123443000083, 35.930110005000074 ], [ 140.517366141000025, 35.929645973000049 ], [ 140.517455759000086, 35.929794954000045 ], [ 140.516214667000099, 35.930274562000079 ] ] ] ] } },
{ "type": "Feature", "properties": { "fid": 302, "氏名": "坂本満雄", "遅まき": null, "2026地名地番": "八郎田4329", "散布面積": "67.8", "備考": null, "検索_Address": "佐原字八郎田　ハ4329", "検索_Tiban": "4329", "ｗｋｔ": "a2d644a844b1b25ccf0e0d47d8f507cc", "地番": "4329", "ポリゴンの面積": 44, "auxiliary_storage_labeling_positionx": null, "auxiliary_storage_labeling_positiony": null, "auxiliary_storage_labeling_show": null, "auxiliary_storage_labeling_labelrotation": null, "auxiliary_storage_labeling_family": null, "auxiliary_storage_labeling_fontstyle": null, "auxiliary_storage_labeling_size": null, "auxiliary_storage_labeling_bold": null, "auxiliary_storage_labeling_italic": null, "auxiliary_storage_labeling_underline": null, "auxiliary_storage_labeling_color": null, "auxiliary_storage_labeling_strikeout": null, "auxiliary_storage_labeling_multilinealignment": null, "auxiliary_storage_labeling_buffersize": null, "auxiliary_storage_labeling_buffercolor": null, "auxiliary_storage_labeling_bufferdraw": null, "auxiliary_storage_labeling_labeldistance": null, "auxiliary_storage_labeling_hali": null, "auxiliary_storage_labeling_vali": null, "auxiliary_storage_labeling_scalevisibility": null, "auxiliary_storage_labeling_minscale": null, "auxiliary_storage_labeling_maxscale": null, "auxiliary_storage_labeling_alwaysshow": null, "auxiliary_storage_labeling_calloutdraw": null, "auxiliary_storage_labeling_labelallparts": null }, "geometry": { "type": "MultiPolygon", "coordinates": [ [ [ [ 140.516373460000068, 35.930559087000063 ], [ 140.516226633000088, 35.930296135000049 ], [ 140.516214667000099, 35.930274562000079 ], [ 140.517455759000086, 35.929794954000045 ], [ 140.517621552000037, 35.930091444000027 ], [ 140.516373460000068, 35.930559087000063 ] ] ] ] } },
{ "type": "Feature", "properties": { "fid": 303, "氏名": "根本和宏", "遅まき": null, "2026地名地番": "3106-1〜3107", "散布面積": "42.68", "備考": "追加", "検索_Address": "八筋川字一ノ川3106-2,八筋川字一ノ川3106-3,八筋川字一ノ川3107,八筋川字一ノ川3106-1", "検索_Tiban": "3106-2,3106-3,3107,3106-1", "ｗｋｔ": "e3b8c50f471e228d755e4771439c442a", "地番": "3106-1〜3107", "ポリゴンの面積": 44, "auxiliary_storage_labeling_positionx": null, "auxiliary_storage_labeling_positiony": null, "auxiliary_storage_labeling_show": null, "auxiliary_storage_labeling_labelrotation": null, "auxiliary_storage_labeling_family": null, "auxiliary_storage_labeling_fontstyle": null, "auxiliary_storage_labeling_size": null, "auxiliary_storage_labeling_bold": null, "auxiliary_storage_labeling_italic": null, "auxiliary_storage_labeling_underline": null, "auxiliary_storage_labeling_color": null, "auxiliary_storage_labeling_strikeout": null, "auxiliary_storage_labeling_multilinealignment": null, "auxiliary_storage_labeling_buffersize": null, "auxiliary_storage_labeling_buffercolor": null, "auxiliary_storage_labeling_bufferdraw": null, "auxiliary_storage_labeling_labeldistance": null, "auxiliary_storage_labeling_hali": null, "auxiliary_storage_labeling_vali": null, "auxiliary_storage_labeling_scalevisibility": null, "auxiliary_storage_labeling_minscale": null, "auxiliary_storage_labeling_maxscale": null, "auxiliary_storage_labeling_alwaysshow": null, "auxiliary_storage_labeling_calloutdraw": null, "auxiliary_storage_labeling_labelallparts": null }, "geometry": { "type": "MultiPolygon", "coordinates": [ [ [ [ 140.507318410000039, 35.936192530000028 ], [ 140.507003989000054, 35.935625719000029 ], [ 140.506860267000093, 35.93567921600004 ], [ 140.506819036000024, 35.935694572000045 ], [ 140.506764923000105, 35.935714713000039 ], [ 140.506644478000112, 35.935759544000064 ], [ 140.506655898000076, 35.935776974000078 ], [ 140.506733307000104, 35.93591372000003 ], [ 140.506931252000072, 35.936265736000053 ], [ 140.507226139000068, 35.936788456000045 ], [ 140.507342028000039, 35.936746092000078 ], [ 140.507397105000109, 35.936725954000053 ], [ 140.507435611000119, 35.936711876000061 ], [ 140.507581188000017, 35.936658665000039 ], [ 140.507318410000039, 35.936192530000028 ] ] ] ] } },
{ "type": "Feature", "properties": { "fid": 304, "氏名": "髙須秀子", "遅まき": null, "2026地名地番": "篠原字蒲割　ロ2516-1", "散布面積": "11.7", "備考": null, "検索_Address": "篠原字蒲割　ロ2516-1", "検索_Tiban": "2516-1", "ｗｋｔ": "3f43c02083797bb859a6e07f3fe960df", "地番": "2516-1", "ポリゴンの面積": 12, "auxiliary_storage_labeling_positionx": null, "auxiliary_storage_labeling_positiony": null, "auxiliary_storage_labeling_show": null, "auxiliary_storage_labeling_labelrotation": null, "auxiliary_storage_labeling_family": null, "auxiliary_storage_labeling_fontstyle": null, "auxiliary_storage_labeling_size": null, "auxiliary_storage_labeling_bold": null, "auxiliary_storage_labeling_italic": null, "auxiliary_storage_labeling_underline": null, "auxiliary_storage_labeling_color": null, "auxiliary_storage_labeling_strikeout": null, "auxiliary_storage_labeling_multilinealignment": null, "auxiliary_storage_labeling_buffersize": null, "auxiliary_storage_labeling_buffercolor": null, "auxiliary_storage_labeling_bufferdraw": null, "auxiliary_storage_labeling_labeldistance": null, "auxiliary_storage_labeling_hali": null, "auxiliary_storage_labeling_vali": null, "auxiliary_storage_labeling_scalevisibility": null, "auxiliary_storage_labeling_minscale": null, "auxiliary_storage_labeling_maxscale": null, "auxiliary_storage_labeling_alwaysshow": null, "auxiliary_storage_labeling_calloutdraw": null, "auxiliary_storage_labeling_labelallparts": null }, "geometry": { "type": "MultiPolygon", "coordinates": [ [ [ [ 140.510341191000066, 35.91410546000003 ], [ 140.51038698800005, 35.914187879000053 ], [ 140.509127793000062, 35.914642919000073 ], [ 140.509083405000069, 35.914563240000064 ], [ 140.510341191000066, 35.91410546000003 ] ] ] ] } },
{ "type": "Feature", "properties": { "fid": 305, "氏名": "髙須秀子", "遅まき": null, "2026地名地番": "篠原字蒲割　ロ2516-2", "散布面積": "54.8", "備考": null, "検索_Address": "篠原字蒲割　ロ2516-2", "検索_Tiban": "2516-2", "ｗｋｔ": "a9de0fa8c51442d792fa459fbc80a195", "地番": "2516-2", "ポリゴンの面積": 55, "auxiliary_storage_labeling_positionx": null, "auxiliary_storage_labeling_positiony": null, "auxiliary_storage_labeling_show": null, "auxiliary_storage_labeling_labelrotation": null, "auxiliary_storage_labeling_family": null, "auxiliary_storage_labeling_fontstyle": null, "auxiliary_storage_labeling_size": null, "auxiliary_storage_labeling_bold": null, "auxiliary_storage_labeling_italic": null, "auxiliary_storage_labeling_underline": null, "auxiliary_storage_labeling_color": null, "auxiliary_storage_labeling_strikeout": null, "auxiliary_storage_labeling_multilinealignment": null, "auxiliary_storage_labeling_buffersize": null, "auxiliary_storage_labeling_buffercolor": null, "auxiliary_storage_labeling_bufferdraw": null, "auxiliary_storage_labeling_labeldistance": null, "auxiliary_storage_labeling_hali": null, "auxiliary_storage_labeling_vali": null, "auxiliary_storage_labeling_scalevisibility": null, "auxiliary_storage_labeling_minscale": null, "auxiliary_storage_labeling_maxscale": null, "auxiliary_storage_labeling_alwaysshow": null, "auxiliary_storage_labeling_calloutdraw": null, "auxiliary_storage_labeling_labelallparts": null }, "geometry": { "type": "MultiPolygon", "coordinates": [ [ [ [ 140.510135341000023, 35.913734944000055 ], [ 140.510341191000066, 35.91410546000003 ], [ 140.509083405000069, 35.914563240000064 ], [ 140.508882229000051, 35.914203629000042 ], [ 140.510135341000023, 35.913734944000055 ] ] ] ] } },
{ "type": "Feature", "properties": { "fid": 306, "氏名": "矢口雄一", "遅まき": "遅まき", "2026地名地番": "堀川江間1786-1", "散布面積": "7.9", "備考": null, "検索_Address": "長島字堀川江間1786-1", "検索_Tiban": "1786-1", "ｗｋｔ": "4cb318d6d7c1976ec5ca187f4db26b62", "地番": "1786-1", "ポリゴンの面積": 7, "auxiliary_storage_labeling_positionx": 140.4995848818146, "auxiliary_storage_labeling_positiony": 35.928626174494937, "auxiliary_storage_labeling_show": null, "auxiliary_storage_labeling_labelrotation": null, "auxiliary_storage_labeling_family": null, "auxiliary_storage_labeling_fontstyle": null, "auxiliary_storage_labeling_size": 1.0, "auxiliary_storage_labeling_bold": null, "auxiliary_storage_labeling_italic": null, "auxiliary_storage_labeling_underline": null, "auxiliary_storage_labeling_color": null, "auxiliary_storage_labeling_strikeout": null, "auxiliary_storage_labeling_multilinealignment": null, "auxiliary_storage_labeling_buffersize": null, "auxiliary_storage_labeling_buffercolor": null, "auxiliary_storage_labeling_bufferdraw": null, "auxiliary_storage_labeling_labeldistance": null, "auxiliary_storage_labeling_hali": null, "auxiliary_storage_labeling_vali": null, "auxiliary_storage_labeling_scalevisibility": null, "auxiliary_storage_labeling_minscale": null, "auxiliary_storage_labeling_maxscale": null, "auxiliary_storage_labeling_alwaysshow": null, "auxiliary_storage_labeling_calloutdraw": null, "auxiliary_storage_labeling_labelallparts": null }, "geometry": { "type": "MultiPolygon", "coordinates": [ [ [ [ 140.499408985272908, 35.928557895845245 ], [ 140.49955556000009, 35.928492641000048 ], [ 140.499773462000121, 35.928892769000072 ], [ 140.499623135169429, 35.928947108544364 ], [ 140.499408985272908, 35.928557895845245 ] ] ] ] } },
{ "type": "Feature", "properties": { "fid": 307, "氏名": "矢口雄一", "遅まき": "遅まき", "2026地名地番": "堀川江間1786-2", "散布面積": "6.7", "備考": null, "検索_Address": "長島字堀川江間1786-2", "検索_Tiban": "1786-2", "ｗｋｔ": "551044f4f648c5a281c16d5a45de6ddc", "地番": "1786-2", "ポリゴンの面積": 6, "auxiliary_storage_labeling_positionx": 140.49978368601049, "auxiliary_storage_labeling_positiony": 35.92893020550212, "auxiliary_storage_labeling_show": null, "auxiliary_storage_labeling_labelrotation": null, "auxiliary_storage_labeling_family": null, "auxiliary_storage_labeling_fontstyle": null, "auxiliary_storage_labeling_size": 1.0, "auxiliary_storage_labeling_bold": null, "auxiliary_storage_labeling_italic": null, "auxiliary_storage_labeling_underline": null, "auxiliary_storage_labeling_color": null, "auxiliary_storage_labeling_strikeout": null, "auxiliary_storage_labeling_multilinealignment": null, "auxiliary_storage_labeling_buffersize": null, "auxiliary_storage_labeling_buffercolor": null, "auxiliary_storage_labeling_bufferdraw": null, "auxiliary_storage_labeling_labeldistance": null, "auxiliary_storage_labeling_hali": null, "auxiliary_storage_labeling_vali": null, "auxiliary_storage_labeling_scalevisibility": null, "auxiliary_storage_labeling_minscale": null, "auxiliary_storage_labeling_maxscale": null, "auxiliary_storage_labeling_alwaysshow": null, "auxiliary_storage_labeling_calloutdraw": null, "auxiliary_storage_labeling_labelallparts": null }, "geometry": { "type": "MultiPolygon", "coordinates": [ [ [ [ 140.499821176445437, 35.929305525351275 ], [ 140.499623135169429, 35.928947108544364 ], [ 140.499773462000121, 35.928892769000072 ], [ 140.499967257000094, 35.929245991000073 ], [ 140.499821176445437, 35.929305525351275 ] ] ] ] } },
{ "type": "Feature", "properties": { "fid": 308, "氏名": "矢口雄一", "遅まき": "遅まき", "2026地名地番": "堀川江間1786-3", "散布面積": "5.6", "備考": null, "検索_Address": "長島字堀川江間1786-3", "検索_Tiban": "1786-3", "ｗｋｔ": "015d9a56bfd05e32b171e52f5e3709dd", "地番": "1786-3", "ポリゴンの面積": 5, "auxiliary_storage_labeling_positionx": 140.49994125502334, "auxiliary_storage_labeling_positiony": 35.929232189550071, "auxiliary_storage_labeling_show": null, "auxiliary_storage_labeling_labelrotation": null, "auxiliary_storage_labeling_family": null, "auxiliary_storage_labeling_fontstyle": null, "auxiliary_storage_labeling_size": 1.0, "auxiliary_storage_labeling_bold": null, "auxiliary_storage_labeling_italic": null, "auxiliary_storage_labeling_underline": null, "auxiliary_storage_labeling_color": null, "auxiliary_storage_labeling_strikeout": null, "auxiliary_storage_labeling_multilinealignment": null, "auxiliary_storage_labeling_buffersize": null, "auxiliary_storage_labeling_buffercolor": null, "auxiliary_storage_labeling_bufferdraw": null, "auxiliary_storage_labeling_labeldistance": null, "auxiliary_storage_labeling_hali": null, "auxiliary_storage_labeling_vali": null, "auxiliary_storage_labeling_scalevisibility": null, "auxiliary_storage_labeling_minscale": null, "auxiliary_storage_labeling_maxscale": null, "auxiliary_storage_labeling_alwaysshow": null, "auxiliary_storage_labeling_calloutdraw": null, "auxiliary_storage_labeling_labelallparts": null }, "geometry": { "type": "MultiPolygon", "coordinates": [ [ [ [ 140.500142478387119, 35.929533359389076 ], [ 140.499978472387141, 35.929593585389092 ], [ 140.499821176445437, 35.929305525351275 ], [ 140.499967257000094, 35.929245991000073 ], [ 140.500142478387119, 35.929533359389076 ] ] ] ] } },
{ "type": "Feature", "properties": { "fid": 309, "氏名": "平塚武寛", "遅まき": null, "2026地名地番": "佐原字南川ハ4771", "散布面積": "4.9", "備考": null, "検索_Address": "佐原字南川　ハ4771", "検索_Tiban": "4771", "ｗｋｔ": "b3343d6e0443a76740cfdd7e252cb898", "地番": "4771", "ポリゴンの面積": 6, "auxiliary_storage_labeling_positionx": null, "auxiliary_storage_labeling_positiony": null, "auxiliary_storage_labeling_show": null, "auxiliary_storage_labeling_labelrotation": null, "auxiliary_storage_labeling_family": null, "auxiliary_storage_labeling_fontstyle": null, "auxiliary_storage_labeling_size": null, "auxiliary_storage_labeling_bold": null, "auxiliary_storage_labeling_italic": null, "auxiliary_storage_labeling_underline": null, "auxiliary_storage_labeling_color": null, "auxiliary_storage_labeling_strikeout": null, "auxiliary_storage_labeling_multilinealignment": null, "auxiliary_storage_labeling_buffersize": null, "auxiliary_storage_labeling_buffercolor": null, "auxiliary_storage_labeling_bufferdraw": null, "auxiliary_storage_labeling_labeldistance": null, "auxiliary_storage_labeling_hali": null, "auxiliary_storage_labeling_vali": null, "auxiliary_storage_labeling_scalevisibility": null, "auxiliary_storage_labeling_minscale": null, "auxiliary_storage_labeling_maxscale": null, "auxiliary_storage_labeling_alwaysshow": null, "auxiliary_storage_labeling_calloutdraw": null, "auxiliary_storage_labeling_labelallparts": null }, "geometry": { "type": "MultiPolygon", "coordinates": [ [ [ [ 140.513918355761007, 35.924497616055184 ], [ 140.513967113761055, 35.924479656055148 ], [ 140.514538292776223, 35.925514522466763 ], [ 140.514491102776304, 35.925531924466789 ], [ 140.513918355761007, 35.924497616055184 ] ] ] ] } },
{ "type": "Feature", "properties": { "fid": 310, "氏名": "平塚武寛", "遅まき": null, "2026地名地番": "佐原字南川ハ4772", "散布面積": "14.5", "備考": null, "検索_Address": "佐原字南川　ハ4772", "検索_Tiban": "4772", "ｗｋｔ": "1db9d62386849ee2b4951c029ac8f14d", "地番": "4772", "ポリゴンの面積": 14, "auxiliary_storage_labeling_positionx": null, "auxiliary_storage_labeling_positiony": null, "auxiliary_storage_labeling_show": null, "auxiliary_storage_labeling_labelrotation": null, "auxiliary_storage_labeling_family": null, "auxiliary_storage_labeling_fontstyle": null, "auxiliary_storage_labeling_size": null, "auxiliary_storage_labeling_bold": null, "auxiliary_storage_labeling_italic": null, "auxiliary_storage_labeling_underline": null, "auxiliary_storage_labeling_color": null, "auxiliary_storage_labeling_strikeout": null, "auxiliary_storage_labeling_multilinealignment": null, "auxiliary_storage_labeling_buffersize": null, "auxiliary_storage_labeling_buffercolor": null, "auxiliary_storage_labeling_bufferdraw": null, "auxiliary_storage_labeling_labeldistance": null, "auxiliary_storage_labeling_hali": null, "auxiliary_storage_labeling_vali": null, "auxiliary_storage_labeling_scalevisibility": null, "auxiliary_storage_labeling_minscale": null, "auxiliary_storage_labeling_maxscale": null, "auxiliary_storage_labeling_alwaysshow": null, "auxiliary_storage_labeling_calloutdraw": null, "auxiliary_storage_labeling_labelallparts": null }, "geometry": { "type": "MultiPolygon", "coordinates": [ [ [ [ 140.513803251761033, 35.924540008055196 ], [ 140.513918355761007, 35.924497616055184 ], [ 140.514491102776304, 35.925531924466789 ], [ 140.514378489229017, 35.925580480985317 ], [ 140.513803251761033, 35.924540008055196 ] ] ] ] } },
{ "type": "Feature", "properties": { "fid": 311, "氏名": "中尾操", "遅まき": null, "2026地名地番": "笄島字運動津4841-2", "散布面積": "7.95", "備考": null, "検索_Address": "笄島字運動津4841-2", "検索_Tiban": "4841-2", "ｗｋｔ": "e78656fd5f2091f3497ba6a0c0048cab", "地番": "4841-2", "ポリゴンの面積": 5, "auxiliary_storage_labeling_positionx": 140.49296200340686, "auxiliary_storage_labeling_positiony": 35.925024607442488, "auxiliary_storage_labeling_show": null, "auxiliary_storage_labeling_labelrotation": null, "auxiliary_storage_labeling_family": null, "auxiliary_storage_labeling_fontstyle": null, "auxiliary_storage_labeling_size": 1.0, "auxiliary_storage_labeling_bold": null, "auxiliary_storage_labeling_italic": null, "auxiliary_storage_labeling_underline": null, "auxiliary_storage_labeling_color": null, "auxiliary_storage_labeling_strikeout": null, "auxiliary_storage_labeling_multilinealignment": null, "auxiliary_storage_labeling_buffersize": null, "auxiliary_storage_labeling_buffercolor": null, "auxiliary_storage_labeling_bufferdraw": null, "auxiliary_storage_labeling_labeldistance": null, "auxiliary_storage_labeling_hali": null, "auxiliary_storage_labeling_vali": null, "auxiliary_storage_labeling_scalevisibility": null, "auxiliary_storage_labeling_minscale": null, "auxiliary_storage_labeling_maxscale": null, "auxiliary_storage_labeling_alwaysshow": null, "auxiliary_storage_labeling_calloutdraw": null, "auxiliary_storage_labeling_labelallparts": null }, "geometry": { "type": "MultiPolygon", "coordinates": [ [ [ [ 140.493447272918331, 35.925508531389461 ], [ 140.49340088673685, 35.925529133218078 ], [ 140.492881009135118, 35.924571832343133 ], [ 140.492922758553448, 35.924554604141235 ], [ 140.493447272918331, 35.925508531389461 ] ] ] ] } },
{ "type": "Feature", "properties": { "fid": 312, "氏名": "中尾操", "遅まき": null, "2026地名地番": "笄島字運動津4841-3", "散布面積": "0.5", "備考": null, "検索_Address": "笄島字運動津4841-3", "検索_Tiban": "4841-3", "ｗｋｔ": "5cef7c77d6111e6f0ee68c9f2b5c56dd", "地番": "4841-3", "ポリゴンの面積": 1, "auxiliary_storage_labeling_positionx": null, "auxiliary_storage_labeling_positiony": null, "auxiliary_storage_labeling_show": null, "auxiliary_storage_labeling_labelrotation": null, "auxiliary_storage_labeling_family": null, "auxiliary_storage_labeling_fontstyle": null, "auxiliary_storage_labeling_size": 1.0, "auxiliary_storage_labeling_bold": null, "auxiliary_storage_labeling_italic": null, "auxiliary_storage_labeling_underline": null, "auxiliary_storage_labeling_color": null, "auxiliary_storage_labeling_strikeout": null, "auxiliary_storage_labeling_multilinealignment": null, "auxiliary_storage_labeling_buffersize": null, "auxiliary_storage_labeling_buffercolor": null, "auxiliary_storage_labeling_bufferdraw": null, "auxiliary_storage_labeling_labeldistance": null, "auxiliary_storage_labeling_hali": null, "auxiliary_storage_labeling_vali": null, "auxiliary_storage_labeling_scalevisibility": null, "auxiliary_storage_labeling_minscale": null, "auxiliary_storage_labeling_maxscale": null, "auxiliary_storage_labeling_alwaysshow": null, "auxiliary_storage_labeling_calloutdraw": null, "auxiliary_storage_labeling_labelallparts": null }, "geometry": { "type": "MultiPolygon", "coordinates": [ [ [ [ 140.492796405, 35.924526857 ], [ 140.492888257869055, 35.924492760141497 ], [ 140.492922758553448, 35.924554604141235 ], [ 140.492831880174748, 35.924592082819728 ], [ 140.492796405, 35.924526857 ] ] ] ] } },
{ "type": "Feature", "properties": { "fid": 313, "氏名": "栗山峰志", "遅まき": null, "2026地名地番": "津宮今須5667", "散布面積": "16.81", "備考": null, "検索_Address": "津宮字今須5667", "検索_Tiban": "5667", "ｗｋｔ": "86f794df464f877750d9548db4cb0902", "地番": "5667", "ポリゴンの面積": 18, "auxiliary_storage_labeling_positionx": null, "auxiliary_storage_labeling_positiony": null, "auxiliary_storage_labeling_show": null, "auxiliary_storage_labeling_labelrotation": null, "auxiliary_storage_labeling_family": null, "auxiliary_storage_labeling_fontstyle": null, "auxiliary_storage_labeling_size": null, "auxiliary_storage_labeling_bold": null, "auxiliary_storage_labeling_italic": null, "auxiliary_storage_labeling_underline": null, "auxiliary_storage_labeling_color": null, "auxiliary_storage_labeling_strikeout": null, "auxiliary_storage_labeling_multilinealignment": null, "auxiliary_storage_labeling_buffersize": null, "auxiliary_storage_labeling_buffercolor": null, "auxiliary_storage_labeling_bufferdraw": null, "auxiliary_storage_labeling_labeldistance": null, "auxiliary_storage_labeling_hali": null, "auxiliary_storage_labeling_vali": null, "auxiliary_storage_labeling_scalevisibility": null, "auxiliary_storage_labeling_minscale": null, "auxiliary_storage_labeling_maxscale": null, "auxiliary_storage_labeling_alwaysshow": null, "auxiliary_storage_labeling_calloutdraw": null, "auxiliary_storage_labeling_labelallparts": null }, "geometry": { "type": "MultiPolygon", "coordinates": [ [ [ [ 140.547287600000118, 35.909636635000027 ], [ 140.54735315500011, 35.909753633000037 ], [ 140.546079930000019, 35.910211098000048 ], [ 140.546016585000075, 35.910096988000078 ], [ 140.547287600000118, 35.909636635000027 ] ] ] ] } },
{ "type": "Feature", "properties": { "fid": 314, "氏名": "栗山峰志", "遅まき": null, "2026地名地番": "津宮今須5665~5666-2", "散布面積": "49.84", "備考": null, "検索_Address": "津宮字今須5665,津宮字今須5666-1,津宮字今須5666-2", "検索_Tiban": "5665~5666-2", "ｗｋｔ": "192041019719ed08cd89e044ffd58f0b", "地番": "5665~5666-2", "ポリゴンの面積": 53, "auxiliary_storage_labeling_positionx": null, "auxiliary_storage_labeling_positiony": null, "auxiliary_storage_labeling_show": null, "auxiliary_storage_labeling_labelrotation": null, "auxiliary_storage_labeling_family": null, "auxiliary_storage_labeling_fontstyle": null, "auxiliary_storage_labeling_size": null, "auxiliary_storage_labeling_bold": null, "auxiliary_storage_labeling_italic": null, "auxiliary_storage_labeling_underline": null, "auxiliary_storage_labeling_color": null, "auxiliary_storage_labeling_strikeout": null, "auxiliary_storage_labeling_multilinealignment": null, "auxiliary_storage_labeling_buffersize": null, "auxiliary_storage_labeling_buffercolor": null, "auxiliary_storage_labeling_bufferdraw": null, "auxiliary_storage_labeling_labeldistance": null, "auxiliary_storage_labeling_hali": null, "auxiliary_storage_labeling_vali": null, "auxiliary_storage_labeling_scalevisibility": null, "auxiliary_storage_labeling_minscale": null, "auxiliary_storage_labeling_maxscale": null, "auxiliary_storage_labeling_alwaysshow": null, "auxiliary_storage_labeling_calloutdraw": null, "auxiliary_storage_labeling_labelallparts": null }, "geometry": { "type": "MultiPolygon", "coordinates": [ [ [ [ 140.54735315500011, 35.909753633000037 ], [ 140.546079930000019, 35.910211098000048 ], [ 140.5461157740001, 35.910275671000079 ], [ 140.546240462000014, 35.910495799000046 ], [ 140.546274426000082, 35.910556967000048 ], [ 140.547548348000078, 35.910097648000033 ], [ 140.547513285000036, 35.910035081000046 ], [ 140.547388161000072, 35.909816111000055 ], [ 140.54735315500011, 35.909753633000037 ] ] ] ] } },
{ "type": "Feature", "properties": { "fid": 315, "氏名": "栗山峰志", "遅まき": null, "2026地名地番": "津宮今須5664-1", "散布面積": "18.05", "備考": null, "検索_Address": "津宮字今須5664-1", "検索_Tiban": "5664-1", "ｗｋｔ": "56491be3bf9fd043849c62f2f669c3eb", "地番": "5664-1", "ポリゴンの面積": 18, "auxiliary_storage_labeling_positionx": null, "auxiliary_storage_labeling_positiony": null, "auxiliary_storage_labeling_show": null, "auxiliary_storage_labeling_labelrotation": null, "auxiliary_storage_labeling_family": null, "auxiliary_storage_labeling_fontstyle": null, "auxiliary_storage_labeling_size": null, "auxiliary_storage_labeling_bold": null, "auxiliary_storage_labeling_italic": null, "auxiliary_storage_labeling_underline": null, "auxiliary_storage_labeling_color": null, "auxiliary_storage_labeling_strikeout": null, "auxiliary_storage_labeling_multilinealignment": null, "auxiliary_storage_labeling_buffersize": null, "auxiliary_storage_labeling_buffercolor": null, "auxiliary_storage_labeling_bufferdraw": null, "auxiliary_storage_labeling_labeldistance": null, "auxiliary_storage_labeling_hali": null, "auxiliary_storage_labeling_vali": null, "auxiliary_storage_labeling_scalevisibility": null, "auxiliary_storage_labeling_minscale": null, "auxiliary_storage_labeling_maxscale": null, "auxiliary_storage_labeling_alwaysshow": null, "auxiliary_storage_labeling_calloutdraw": null, "auxiliary_storage_labeling_labelallparts": null }, "geometry": { "type": "MultiPolygon", "coordinates": [ [ [ [ 140.547548348000078, 35.910097648000033 ], [ 140.547615029000099, 35.910216667000043 ], [ 140.546339573000068, 35.910674329000074 ], [ 140.546274426000082, 35.910556967000048 ], [ 140.547548348000078, 35.910097648000033 ] ] ] ] } },
{ "type": "Feature", "properties": { "fid": 316, "氏名": "久保木孝太郎", "遅まき": "遅まき", "2026地名地番": "佐原ハ後洲4462", "散布面積": "32.49", "備考": "2回目のみ", "検索_Address": "佐原字後洲　ハ4462", "検索_Tiban": "4462", "ｗｋｔ": "d938fdde2ee442840dd68d657b23e282", "地番": "4462", "ポリゴンの面積": 32, "auxiliary_storage_labeling_positionx": null, "auxiliary_storage_labeling_positiony": null, "auxiliary_storage_labeling_show": null, "auxiliary_storage_labeling_labelrotation": null, "auxiliary_storage_labeling_family": null, "auxiliary_storage_labeling_fontstyle": null, "auxiliary_storage_labeling_size": null, "auxiliary_storage_labeling_bold": null, "auxiliary_storage_labeling_italic": null, "auxiliary_storage_labeling_underline": null, "auxiliary_storage_labeling_color": null, "auxiliary_storage_labeling_strikeout": null, "auxiliary_storage_labeling_multilinealignment": null, "auxiliary_storage_labeling_buffersize": null, "auxiliary_storage_labeling_buffercolor": null, "auxiliary_storage_labeling_bufferdraw": null, "auxiliary_storage_labeling_labeldistance": null, "auxiliary_storage_labeling_hali": null, "auxiliary_storage_labeling_vali": null, "auxiliary_storage_labeling_scalevisibility": null, "auxiliary_storage_labeling_minscale": null, "auxiliary_storage_labeling_maxscale": null, "auxiliary_storage_labeling_alwaysshow": null, "auxiliary_storage_labeling_calloutdraw": null, "auxiliary_storage_labeling_labelallparts": null }, "geometry": { "type": "MultiPolygon", "coordinates": [ [ [ [ 140.521281863000013, 35.928046812000048 ], [ 140.521401214000093, 35.92825924300007 ], [ 140.520152910000093, 35.928723250000075 ], [ 140.520031218000099, 35.928508883000063 ], [ 140.521281863000013, 35.928046812000048 ] ] ] ] } },
{ "type": "Feature", "properties": { "fid": 317, "氏名": "久保木孝太郎", "遅まき": "遅まき", "2026地名地番": "佐原ハ南川4839,4840", "散布面積": "57.3", "備考": "2回目のみ", "検索_Address": "佐原字南川　ハ4840,佐原字南川　ハ4839", "検索_Tiban": "4840,4839", "ｗｋｔ": "a21fc0c5bb74ebc1ee2aa2a133b44c88", "地番": "4839,4840", "ポリゴンの面積": 58, "auxiliary_storage_labeling_positionx": null, "auxiliary_storage_labeling_positiony": null, "auxiliary_storage_labeling_show": null, "auxiliary_storage_labeling_labelrotation": null, "auxiliary_storage_labeling_family": null, "auxiliary_storage_labeling_fontstyle": null, "auxiliary_storage_labeling_size": null, "auxiliary_storage_labeling_bold": null, "auxiliary_storage_labeling_italic": null, "auxiliary_storage_labeling_underline": null, "auxiliary_storage_labeling_color": null, "auxiliary_storage_labeling_strikeout": null, "auxiliary_storage_labeling_multilinealignment": null, "auxiliary_storage_labeling_buffersize": null, "auxiliary_storage_labeling_buffercolor": null, "auxiliary_storage_labeling_bufferdraw": null, "auxiliary_storage_labeling_labeldistance": null, "auxiliary_storage_labeling_hali": null, "auxiliary_storage_labeling_vali": null, "auxiliary_storage_labeling_scalevisibility": null, "auxiliary_storage_labeling_minscale": null, "auxiliary_storage_labeling_maxscale": null, "auxiliary_storage_labeling_alwaysshow": null, "auxiliary_storage_labeling_calloutdraw": null, "auxiliary_storage_labeling_labelallparts": null }, "geometry": { "type": "MultiPolygon", "coordinates": [ [ [ [ 140.509301887000106, 35.923552181000048 ], [ 140.508723113000087, 35.92252565800004 ], [ 140.50866751600006, 35.922546107000073 ], [ 140.508262398000056, 35.922695101000045 ], [ 140.508830036000063, 35.923726015000057 ], [ 140.509241828000086, 35.923574313000074 ], [ 140.509301887000106, 35.923552181000048 ] ] ] ] } },
{ "type": "Feature", "properties": { "fid": 318, "氏名": "久保木孝太郎", "遅まき": "遅まき", "2026地名地番": "佐原二南和田6163", "散布面積": "27.45", "備考": "2回目のみ", "検索_Address": "佐原字南和田　ニ6163", "検索_Tiban": "6163", "ｗｋｔ": "9113e3cfa83744c711ec4a9ab48837be", "地番": "6163", "ポリゴンの面積": 27, "auxiliary_storage_labeling_positionx": null, "auxiliary_storage_labeling_positiony": null, "auxiliary_storage_labeling_show": null, "auxiliary_storage_labeling_labelrotation": null, "auxiliary_storage_labeling_family": null, "auxiliary_storage_labeling_fontstyle": null, "auxiliary_storage_labeling_size": null, "auxiliary_storage_labeling_bold": null, "auxiliary_storage_labeling_italic": null, "auxiliary_storage_labeling_underline": null, "auxiliary_storage_labeling_color": null, "auxiliary_storage_labeling_strikeout": null, "auxiliary_storage_labeling_multilinealignment": null, "auxiliary_storage_labeling_buffersize": null, "auxiliary_storage_labeling_buffercolor": null, "auxiliary_storage_labeling_bufferdraw": null, "auxiliary_storage_labeling_labeldistance": null, "auxiliary_storage_labeling_hali": null, "auxiliary_storage_labeling_vali": null, "auxiliary_storage_labeling_scalevisibility": null, "auxiliary_storage_labeling_minscale": null, "auxiliary_storage_labeling_maxscale": null, "auxiliary_storage_labeling_alwaysshow": null, "auxiliary_storage_labeling_calloutdraw": null, "auxiliary_storage_labeling_labelallparts": null }, "geometry": { "type": "MultiPolygon", "coordinates": [ [ [ [ 140.500714688000016, 35.914292549000038 ], [ 140.500812822000057, 35.91446785100004 ], [ 140.499561061, 35.914941902000066 ], [ 140.499459693000063, 35.914759803000038 ], [ 140.499522751000086, 35.914736326000025 ], [ 140.499553590000119, 35.914724843000045 ], [ 140.500318305000064, 35.914440125000056 ], [ 140.500714688000016, 35.914292549000038 ] ] ] ] } },
{ "type": "Feature", "properties": { "fid": 319, "氏名": "久保木孝太郎", "遅まき": "遅まき", "2026地名地番": "佐原二南和田6284-1〜12", "散布面積": "44.12", "備考": "2回目のみ", "検索_Address": "佐原字南和田　ニ6284-1,佐原字南和田　ニ6284-8,佐原字南和田　ニ6284-9,佐原字南和田　ニ6284-4,佐原字南和田　ニ6284-6,佐原字南和田　ニ6284-12,佐原字南和田　ニ6284-10,佐原字南和田　ニ6284-11,佐原字南和田　ニ6284-2,佐原字南和田　ニ6284-3,佐原字南和田　ニ6284-5,佐原字南和田　ニ6284-7", "検索_Tiban": "6284-1〜12", "ｗｋｔ": "d5e36cb2dd04daee7b3b2b42d81e047b", "地番": "6284-1〜12", "ポリゴンの面積": 45, "auxiliary_storage_labeling_positionx": null, "auxiliary_storage_labeling_positiony": null, "auxiliary_storage_labeling_show": null, "auxiliary_storage_labeling_labelrotation": null, "auxiliary_storage_labeling_family": null, "auxiliary_storage_labeling_fontstyle": null, "auxiliary_storage_labeling_size": null, "auxiliary_storage_labeling_bold": null, "auxiliary_storage_labeling_italic": null, "auxiliary_storage_labeling_underline": null, "auxiliary_storage_labeling_color": null, "auxiliary_storage_labeling_strikeout": null, "auxiliary_storage_labeling_multilinealignment": null, "auxiliary_storage_labeling_buffersize": null, "auxiliary_storage_labeling_buffercolor": null, "auxiliary_storage_labeling_bufferdraw": null, "auxiliary_storage_labeling_labeldistance": null, "auxiliary_storage_labeling_hali": null, "auxiliary_storage_labeling_vali": null, "auxiliary_storage_labeling_scalevisibility": null, "auxiliary_storage_labeling_minscale": null, "auxiliary_storage_labeling_maxscale": null, "auxiliary_storage_labeling_alwaysshow": null, "auxiliary_storage_labeling_calloutdraw": null, "auxiliary_storage_labeling_labelallparts": null }, "geometry": { "type": "MultiPolygon", "coordinates": [ [ [ [ 140.50210947700009, 35.911994486000026 ], [ 140.502066205000119, 35.912010843000076 ], [ 140.501995112000031, 35.912037701000031 ], [ 140.501782684000091, 35.912117957000078 ], [ 140.50155372100005, 35.912204460000055 ], [ 140.501526718000036, 35.912214660000075 ], [ 140.501432503000046, 35.912249660000043 ], [ 140.501599048000116, 35.912541733000069 ], [ 140.501690816000064, 35.912508351000042 ], [ 140.501952154000037, 35.912411285000076 ], [ 140.502163445000065, 35.912332802000037 ], [ 140.502234222000084, 35.912306504000071 ], [ 140.502277971000012, 35.912290252000048 ], [ 140.502371179000079, 35.912255627000036 ], [ 140.502464753000027, 35.91222087400007 ], [ 140.502551533000087, 35.912188637000042 ], [ 140.502615605000074, 35.912164836000045 ], [ 140.502699172000121, 35.91213379800007 ], [ 140.502807953000115, 35.912093389000063 ], [ 140.502858948000039, 35.912074447000066 ], [ 140.50269111700004, 35.911774730000047 ], [ 140.50263575200006, 35.91179565200008 ], [ 140.502525474000095, 35.911837313000035 ], [ 140.502444099000058, 35.911868060000074 ], [ 140.502384217000099, 35.91189068400007 ], [ 140.502296016000059, 35.911924010000064 ], [ 140.50220674500008, 35.911957739000059 ], [ 140.50210947700009, 35.911994486000026 ] ] ] ] } },
{ "type": "Feature", "properties": { "fid": 320, "氏名": "久保木孝太郎", "遅まき": "遅まき", "2026地名地番": "中州水神前1003-1", "散布面積": "8.18", "備考": "2回目のみ", "検索_Address": "中洲字水神前1003-1", "検索_Tiban": "1003-1", "ｗｋｔ": "6f7e5095fb324760d8f185360af7bca3", "地番": "1003-1", "ポリゴンの面積": 7, "auxiliary_storage_labeling_positionx": null, "auxiliary_storage_labeling_positiony": null, "auxiliary_storage_labeling_show": null, "auxiliary_storage_labeling_labelrotation": null, "auxiliary_storage_labeling_family": null, "auxiliary_storage_labeling_fontstyle": null, "auxiliary_storage_labeling_size": null, "auxiliary_storage_labeling_bold": null, "auxiliary_storage_labeling_italic": null, "auxiliary_storage_labeling_underline": null, "auxiliary_storage_labeling_color": null, "auxiliary_storage_labeling_strikeout": null, "auxiliary_storage_labeling_multilinealignment": null, "auxiliary_storage_labeling_buffersize": null, "auxiliary_storage_labeling_buffercolor": null, "auxiliary_storage_labeling_bufferdraw": null, "auxiliary_storage_labeling_labeldistance": null, "auxiliary_storage_labeling_hali": null, "auxiliary_storage_labeling_vali": null, "auxiliary_storage_labeling_scalevisibility": null, "auxiliary_storage_labeling_minscale": null, "auxiliary_storage_labeling_maxscale": null, "auxiliary_storage_labeling_alwaysshow": null, "auxiliary_storage_labeling_calloutdraw": null, "auxiliary_storage_labeling_labelallparts": null }, "geometry": { "type": "MultiPolygon", "coordinates": [ [ [ [ 140.515132179000034, 35.922678845000064 ], [ 140.515075888000069, 35.922699623000028 ], [ 140.514515337000034, 35.921672710000053 ], [ 140.514567076000048, 35.921653624000044 ], [ 140.514591533000043, 35.921698984000045 ], [ 140.515052458000014, 35.922532383000032 ], [ 140.515084192000018, 35.922588976000043 ], [ 140.515132179000034, 35.922678845000064 ] ] ] ] } },
{ "type": "Feature", "properties": { "fid": 321, "氏名": "久保木孝太郎", "遅まき": "遅まき", "2026地名地番": "中州水神前1012-1〜4", "散布面積": "56.01", "備考": "2回目のみ", "検索_Address": "中洲字水神前1012-1,中洲字水神前1012-2,中洲字水神前1012-3,中洲字水神前1012-4", "検索_Tiban": "1012-1〜4", "ｗｋｔ": "ec9af86b1f96005fb0faeb63745d4ea3", "地番": "1012-1〜4", "ポリゴンの面積": 52, "auxiliary_storage_labeling_positionx": null, "auxiliary_storage_labeling_positiony": null, "auxiliary_storage_labeling_show": null, "auxiliary_storage_labeling_labelrotation": null, "auxiliary_storage_labeling_family": null, "auxiliary_storage_labeling_fontstyle": null, "auxiliary_storage_labeling_size": null, "auxiliary_storage_labeling_bold": null, "auxiliary_storage_labeling_italic": null, "auxiliary_storage_labeling_underline": null, "auxiliary_storage_labeling_color": null, "auxiliary_storage_labeling_strikeout": null, "auxiliary_storage_labeling_multilinealignment": null, "auxiliary_storage_labeling_buffersize": null, "auxiliary_storage_labeling_buffercolor": null, "auxiliary_storage_labeling_bufferdraw": null, "auxiliary_storage_labeling_labeldistance": null, "auxiliary_storage_labeling_hali": null, "auxiliary_storage_labeling_vali": null, "auxiliary_storage_labeling_scalevisibility": null, "auxiliary_storage_labeling_minscale": null, "auxiliary_storage_labeling_maxscale": null, "auxiliary_storage_labeling_alwaysshow": null, "auxiliary_storage_labeling_calloutdraw": null, "auxiliary_storage_labeling_labelallparts": null }, "geometry": { "type": "MultiPolygon", "coordinates": [ [ [ [ 140.514319547000014, 35.920465174000071 ], [ 140.514222897000082, 35.920500856000046 ], [ 140.514116140000056, 35.920540263000078 ], [ 140.513980542000013, 35.920590316000073 ], [ 140.513896075000048, 35.920621493000056 ], [ 140.514466876000029, 35.921650200000045 ], [ 140.5145537410001, 35.921618206000062 ], [ 140.514698123000016, 35.92156503800004 ], [ 140.514793803000089, 35.921529803000055 ], [ 140.514886114000092, 35.921495804000074 ], [ 140.514319547000014, 35.920465174000071 ] ] ] ] } },
{ "type": "Feature", "properties": { "fid": 322, "氏名": "久保木孝太郎", "遅まき": "遅まき", "2026地名地番": "中州水神前1013", "散布面積": "50.87", "備考": "2回目のみ", "検索_Address": "中洲字水神前1013", "検索_Tiban": "1013", "ｗｋｔ": "5ecacad5ad2e549bcc21953ac8507e49", "地番": "1013", "ポリゴンの面積": 52, "auxiliary_storage_labeling_positionx": null, "auxiliary_storage_labeling_positiony": null, "auxiliary_storage_labeling_show": null, "auxiliary_storage_labeling_labelrotation": null, "auxiliary_storage_labeling_family": null, "auxiliary_storage_labeling_fontstyle": null, "auxiliary_storage_labeling_size": null, "auxiliary_storage_labeling_bold": null, "auxiliary_storage_labeling_italic": null, "auxiliary_storage_labeling_underline": null, "auxiliary_storage_labeling_color": null, "auxiliary_storage_labeling_strikeout": null, "auxiliary_storage_labeling_multilinealignment": null, "auxiliary_storage_labeling_buffersize": null, "auxiliary_storage_labeling_buffercolor": null, "auxiliary_storage_labeling_bufferdraw": null, "auxiliary_storage_labeling_labeldistance": null, "auxiliary_storage_labeling_hali": null, "auxiliary_storage_labeling_vali": null, "auxiliary_storage_labeling_scalevisibility": null, "auxiliary_storage_labeling_minscale": null, "auxiliary_storage_labeling_maxscale": null, "auxiliary_storage_labeling_alwaysshow": null, "auxiliary_storage_labeling_calloutdraw": null, "auxiliary_storage_labeling_labelallparts": null }, "geometry": { "type": "MultiPolygon", "coordinates": [ [ [ [ 140.514319547000014, 35.920465174000071 ], [ 140.514732038000034, 35.920312900000056 ], [ 140.515303859000028, 35.921341966000057 ], [ 140.514886114000092, 35.921495804000074 ], [ 140.514319547000014, 35.920465174000071 ] ] ] ] } },
{ "type": "Feature", "properties": { "fid": 323, "氏名": "夢楽", "遅まき": "遅まき", "2026地名地番": "地番なし　追加分", "散布面積": "70", "備考": null, "検索_Address": "農地ナビにもない圃場", "検索_Tiban": "地番なし　", "ｗｋｔ": "a1ea5e20fe23117bbe1c79967da21594", "地番": "地番なし　追加分", "ポリゴンの面積": 79, "auxiliary_storage_labeling_positionx": null, "auxiliary_storage_labeling_positiony": null, "auxiliary_storage_labeling_show": null, "auxiliary_storage_labeling_labelrotation": null, "auxiliary_storage_labeling_family": null, "auxiliary_storage_labeling_fontstyle": null, "auxiliary_storage_labeling_size": null, "auxiliary_storage_labeling_bold": null, "auxiliary_storage_labeling_italic": null, "auxiliary_storage_labeling_underline": null, "auxiliary_storage_labeling_color": null, "auxiliary_storage_labeling_strikeout": null, "auxiliary_storage_labeling_multilinealignment": null, "auxiliary_storage_labeling_buffersize": null, "auxiliary_storage_labeling_buffercolor": null, "auxiliary_storage_labeling_bufferdraw": null, "auxiliary_storage_labeling_labeldistance": null, "auxiliary_storage_labeling_hali": null, "auxiliary_storage_labeling_vali": null, "auxiliary_storage_labeling_scalevisibility": null, "auxiliary_storage_labeling_minscale": null, "auxiliary_storage_labeling_maxscale": null, "auxiliary_storage_labeling_alwaysshow": null, "auxiliary_storage_labeling_calloutdraw": null, "auxiliary_storage_labeling_labelallparts": null }, "geometry": { "type": "MultiPolygon", "coordinates": [ [ [ [ 140.496734006698034, 35.935574621437326 ], [ 140.496787070389217, 35.935684539083333 ], [ 140.497375160366119, 35.935489146675273 ], [ 140.497204598501639, 35.934704562098602 ], [ 140.496074500822004, 35.935161482698888 ], [ 140.49638151217809, 35.935680748819678 ], [ 140.496734006698034, 35.935574621437326 ] ] ] ] } },
{ "type": "Feature", "properties": { "fid": 324, "氏名": "根本和宏", "遅まき": null, "2026地名地番": "八筋川字一ノ川　2906-3～2908-1", "散布面積": "15", "備考": null, "検索_Address": "千葉県香取市八筋川字一ノ川2906-3,千葉県香取市八筋川字一ノ川2907-1,千葉県香取市八筋川字一ノ川2907-2,千葉県香取市八筋川字一ノ川2907-3,千葉県香取市八筋川字一ノ川2907-4,千葉県香取市八筋川字一ノ川2907-5,千葉県香取市八筋川字一ノ川2907-6", "検索_Tiban": "2906-3~2907-6", "ｗｋｔ": "91b3fd382728fdb06bc068a2dd47d552", "地番": "2906-3～2908-1", "ポリゴンの面積": 20, "auxiliary_storage_labeling_positionx": 140.49938961554534, "auxiliary_storage_labeling_positiony": 35.934400954694802, "auxiliary_storage_labeling_show": null, "auxiliary_storage_labeling_labelrotation": 297.22610444612104, "auxiliary_storage_labeling_family": null, "auxiliary_storage_labeling_fontstyle": null, "auxiliary_storage_labeling_size": 1.0, "auxiliary_storage_labeling_bold": null, "auxiliary_storage_labeling_italic": null, "auxiliary_storage_labeling_underline": null, "auxiliary_storage_labeling_color": null, "auxiliary_storage_labeling_strikeout": null, "auxiliary_storage_labeling_multilinealignment": null, "auxiliary_storage_labeling_buffersize": null, "auxiliary_storage_labeling_buffercolor": null, "auxiliary_storage_labeling_bufferdraw": null, "auxiliary_storage_labeling_labeldistance": null, "auxiliary_storage_labeling_hali": null, "auxiliary_storage_labeling_vali": null, "auxiliary_storage_labeling_scalevisibility": null, "auxiliary_storage_labeling_minscale": null, "auxiliary_storage_labeling_maxscale": null, "auxiliary_storage_labeling_alwaysshow": null, "auxiliary_storage_labeling_calloutdraw": null, "auxiliary_storage_labeling_labelallparts": null }, "geometry": { "type": "MultiPolygon", "coordinates": [ [ [ [ 140.499702387000013, 35.934510042 ], [ 140.499693134000012, 35.934501152 ], [ 140.499615505, 35.934505297 ], [ 140.499585927999988, 35.934519395 ], [ 140.499563396000013, 35.934556488 ], [ 140.49945595, 35.934682294 ], [ 140.499284034999988, 35.934883693 ], [ 140.499077269999987, 35.935151421 ], [ 140.499305004, 35.935068697 ], [ 140.499891366000014, 35.934849949 ], [ 140.499838491, 35.934759457 ], [ 140.499702387000013, 35.934510042 ] ] ] ] } },
{ "type": "Feature", "properties": { "fid": 325, "氏名": "根本和宏", "遅まき": null, "2026地名地番": "八筋川字一ノ川　2984-1～2985-1", "散布面積": "25", "備考": null, "検索_Address": "千葉県香取市八筋川字一ノ川2984-1,千葉県香取市八筋川字一ノ川2984-2", "検索_Tiban": "2984-1,2984-2", "ｗｋｔ": "478d8f465aec29ec2cb718619b2fe109", "地番": "2984-1～2985-1", "ポリゴンの面積": 15, "auxiliary_storage_labeling_positionx": null, "auxiliary_storage_labeling_positiony": null, "auxiliary_storage_labeling_show": null, "auxiliary_storage_labeling_labelrotation": null, "auxiliary_storage_labeling_family": null, "auxiliary_storage_labeling_fontstyle": null, "auxiliary_storage_labeling_size": null, "auxiliary_storage_labeling_bold": null, "auxiliary_storage_labeling_italic": null, "auxiliary_storage_labeling_underline": null, "auxiliary_storage_labeling_color": null, "auxiliary_storage_labeling_strikeout": null, "auxiliary_storage_labeling_multilinealignment": null, "auxiliary_storage_labeling_buffersize": null, "auxiliary_storage_labeling_buffercolor": null, "auxiliary_storage_labeling_bufferdraw": null, "auxiliary_storage_labeling_labeldistance": null, "auxiliary_storage_labeling_hali": null, "auxiliary_storage_labeling_vali": null, "auxiliary_storage_labeling_scalevisibility": null, "auxiliary_storage_labeling_minscale": null, "auxiliary_storage_labeling_maxscale": null, "auxiliary_storage_labeling_alwaysshow": null, "auxiliary_storage_labeling_calloutdraw": null, "auxiliary_storage_labeling_labelallparts": null }, "geometry": { "type": "MultiPolygon", "coordinates": [ [ [ [ 140.500114724000014, 35.937025839 ], [ 140.500225928, 35.937225788 ], [ 140.500253529, 35.937212758 ], [ 140.500281059, 35.937191142 ], [ 140.500321711, 35.937160869 ], [ 140.500336162, 35.937153277 ], [ 140.499944844, 35.936438279 ], [ 140.499752869, 35.936508691 ], [ 140.500039424, 35.937037753 ], [ 140.500114724000014, 35.937025839 ] ] ] ] } },
{ "type": "Feature", "properties": { "fid": 326, "氏名": "夢楽", "遅まき": "遅まき", "2026地名地番": "堀川江間1650-1~6", "散布面積": "24.5", "備考": null, "検索_Address": "長島字堀川江間1650-5,千葉県香取市長島字堀川江間1650-1,千葉県香取市長島字堀川江間1650-2,千葉県香取市長島字堀川江間1650-3,千葉県香取市長島字堀川江間1650-4,千葉県香取市長島字堀川江間1650-6", "検索_Tiban": "1650-1~6", "ｗｋｔ": "6145426b90f23dd390e847304c5a7e0f", "地番": "1650-1~6", "ポリゴンの面積": 29, "auxiliary_storage_labeling_positionx": null, "auxiliary_storage_labeling_positiony": null, "auxiliary_storage_labeling_show": null, "auxiliary_storage_labeling_labelrotation": null, "auxiliary_storage_labeling_family": null, "auxiliary_storage_labeling_fontstyle": null, "auxiliary_storage_labeling_size": 1.0, "auxiliary_storage_labeling_bold": null, "auxiliary_storage_labeling_italic": null, "auxiliary_storage_labeling_underline": null, "auxiliary_storage_labeling_color": null, "auxiliary_storage_labeling_strikeout": null, "auxiliary_storage_labeling_multilinealignment": null, "auxiliary_storage_labeling_buffersize": null, "auxiliary_storage_labeling_buffercolor": null, "auxiliary_storage_labeling_bufferdraw": null, "auxiliary_storage_labeling_labeldistance": null, "auxiliary_storage_labeling_hali": null, "auxiliary_storage_labeling_vali": null, "auxiliary_storage_labeling_scalevisibility": null, "auxiliary_storage_labeling_minscale": null, "auxiliary_storage_labeling_maxscale": null, "auxiliary_storage_labeling_alwaysshow": null, "auxiliary_storage_labeling_calloutdraw": null, "auxiliary_storage_labeling_labelallparts": null }, "geometry": { "type": "MultiPolygon", "coordinates": [ [ [ [ 140.500423181683914, 35.93203037836264 ], [ 140.499838356634882, 35.930982523068266 ], [ 140.499807968, 35.930995662 ], [ 140.499607293999986, 35.9310702 ], [ 140.500187720000014, 35.932115388 ], [ 140.500385939000012, 35.932038878 ], [ 140.500423181683914, 35.93203037836264 ] ] ] ] } },
{ "type": "Feature", "properties": { "fid": 327, "氏名": "夢楽", "遅まき": "遅まき", "2026地名地番": "長島字堀川江間1784-1,2", "散布面積": "15.1", "備考": null, "検索_Address": "長島字堀川江間1783,長島字堀川江間1784-1,長島字堀川江間1784-2", "検索_Tiban": "1783,1784-1,1784-2", "ｗｋｔ": "ad58e884a3f9f2b4a61a03ae4d968642", "地番": "1784-1,2", "ポリゴンの面積": 47, "auxiliary_storage_labeling_positionx": null, "auxiliary_storage_labeling_positiony": null, "auxiliary_storage_labeling_show": null, "auxiliary_storage_labeling_labelrotation": null, "auxiliary_storage_labeling_family": null, "auxiliary_storage_labeling_fontstyle": null, "auxiliary_storage_labeling_size": 1.0, "auxiliary_storage_labeling_bold": null, "auxiliary_storage_labeling_italic": null, "auxiliary_storage_labeling_underline": null, "auxiliary_storage_labeling_color": null, "auxiliary_storage_labeling_strikeout": null, "auxiliary_storage_labeling_multilinealignment": null, "auxiliary_storage_labeling_buffersize": null, "auxiliary_storage_labeling_buffercolor": null, "auxiliary_storage_labeling_bufferdraw": null, "auxiliary_storage_labeling_labeldistance": null, "auxiliary_storage_labeling_hali": null, "auxiliary_storage_labeling_vali": null, "auxiliary_storage_labeling_scalevisibility": null, "auxiliary_storage_labeling_minscale": null, "auxiliary_storage_labeling_maxscale": null, "auxiliary_storage_labeling_alwaysshow": null, "auxiliary_storage_labeling_calloutdraw": null, "auxiliary_storage_labeling_labelallparts": null }, "geometry": { "type": "MultiPolygon", "coordinates": [ [ [ [ 140.499511816, 35.929779748 ], [ 140.499853801, 35.929650261 ], [ 140.499887728265719, 35.9296378535226 ], [ 140.49931327183225, 35.928593702018674 ], [ 140.499273369, 35.928611012 ], [ 140.498936449000013, 35.928734557 ], [ 140.499511816, 35.929779748 ] ] ] ] } },
{ "type": "Feature", "properties": { "fid": 328, "氏名": "平野雄智", "遅まき": "遅まき", "2026地名地番": "佐原ホ-1念佛堂4105", "散布面積": "26.3", "備考": null, "検索_Address": "佐原字念佛堂　ホ4105-1", "検索_Tiban": "4105-1", "ｗｋｔ": "269c25c5254980d9dfff759c9f9b05df", "地番": "4105-1", "ポリゴンの面積": 24, "auxiliary_storage_labeling_positionx": null, "auxiliary_storage_labeling_positiony": null, "auxiliary_storage_labeling_show": null, "auxiliary_storage_labeling_labelrotation": null, "auxiliary_storage_labeling_family": null, "auxiliary_storage_labeling_fontstyle": null, "auxiliary_storage_labeling_size": null, "auxiliary_storage_labeling_bold": null, "auxiliary_storage_labeling_italic": null, "auxiliary_storage_labeling_underline": null, "auxiliary_storage_labeling_color": null, "auxiliary_storage_labeling_strikeout": null, "auxiliary_storage_labeling_multilinealignment": null, "auxiliary_storage_labeling_buffersize": null, "auxiliary_storage_labeling_buffercolor": null, "auxiliary_storage_labeling_bufferdraw": null, "auxiliary_storage_labeling_labeldistance": null, "auxiliary_storage_labeling_hali": null, "auxiliary_storage_labeling_vali": null, "auxiliary_storage_labeling_scalevisibility": null, "auxiliary_storage_labeling_minscale": null, "auxiliary_storage_labeling_maxscale": null, "auxiliary_storage_labeling_alwaysshow": null, "auxiliary_storage_labeling_calloutdraw": null, "auxiliary_storage_labeling_labelallparts": null }, "geometry": { "type": "MultiPolygon", "coordinates": [ [ [ [ 140.507313091000015, 35.931436315000042 ], [ 140.507682513000077, 35.931297682000036 ], [ 140.5079821060001, 35.931829460000074 ], [ 140.507609685000034, 35.931966308000028 ], [ 140.507313091000015, 35.931436315000042 ] ] ] ] } },
{ "type": "Feature", "properties": { "fid": 329, "氏名": "平野雄智", "遅まき": "遅まき", "2026地名地番": "佐原ホ-1念佛堂4106", "散布面積": "25.3", "備考": null, "検索_Address": "佐原字念佛堂　ホ4106-1", "検索_Tiban": "4106-1", "ｗｋｔ": "78d4d7ce82174760c6881d1141436b2b", "地番": "4106-1", "ポリゴンの面積": 27, "auxiliary_storage_labeling_positionx": null, "auxiliary_storage_labeling_positiony": null, "auxiliary_storage_labeling_show": null, "auxiliary_storage_labeling_labelrotation": null, "auxiliary_storage_labeling_family": null, "auxiliary_storage_labeling_fontstyle": null, "auxiliary_storage_labeling_size": null, "auxiliary_storage_labeling_bold": null, "auxiliary_storage_labeling_italic": null, "auxiliary_storage_labeling_underline": null, "auxiliary_storage_labeling_color": null, "auxiliary_storage_labeling_strikeout": null, "auxiliary_storage_labeling_multilinealignment": null, "auxiliary_storage_labeling_buffersize": null, "auxiliary_storage_labeling_buffercolor": null, "auxiliary_storage_labeling_bufferdraw": null, "auxiliary_storage_labeling_labeldistance": null, "auxiliary_storage_labeling_hali": null, "auxiliary_storage_labeling_vali": null, "auxiliary_storage_labeling_scalevisibility": null, "auxiliary_storage_labeling_minscale": null, "auxiliary_storage_labeling_maxscale": null, "auxiliary_storage_labeling_alwaysshow": null, "auxiliary_storage_labeling_calloutdraw": null, "auxiliary_storage_labeling_labelallparts": null }, "geometry": { "type": "MultiPolygon", "coordinates": [ [ [ [ 140.507682513000077, 35.931297682000036 ], [ 140.508116136000012, 35.931151377000049 ], [ 140.50839970100003, 35.931676007000078 ], [ 140.5079821060001, 35.931829460000074 ], [ 140.507682513000077, 35.931297682000036 ] ] ] ] } },
{ "type": "Feature", "properties": { "fid": 330, "氏名": "平野雄智", "遅まき": "遅まき", "2026地名地番": "佐原ホ-1念佛堂4107", "散布面積": "24.7", "備考": null, "検索_Address": "佐原字念佛堂　ホ4107-1", "検索_Tiban": "4107-1", "ｗｋｔ": "59901637775c12606f67585891d1b182", "地番": "4107-1", "ポリゴンの面積": 27, "auxiliary_storage_labeling_positionx": null, "auxiliary_storage_labeling_positiony": null, "auxiliary_storage_labeling_show": null, "auxiliary_storage_labeling_labelrotation": null, "auxiliary_storage_labeling_family": null, "auxiliary_storage_labeling_fontstyle": null, "auxiliary_storage_labeling_size": null, "auxiliary_storage_labeling_bold": null, "auxiliary_storage_labeling_italic": null, "auxiliary_storage_labeling_underline": null, "auxiliary_storage_labeling_color": null, "auxiliary_storage_labeling_strikeout": null, "auxiliary_storage_labeling_multilinealignment": null, "auxiliary_storage_labeling_buffersize": null, "auxiliary_storage_labeling_buffercolor": null, "auxiliary_storage_labeling_bufferdraw": null, "auxiliary_storage_labeling_labeldistance": null, "auxiliary_storage_labeling_hali": null, "auxiliary_storage_labeling_vali": null, "auxiliary_storage_labeling_scalevisibility": null, "auxiliary_storage_labeling_minscale": null, "auxiliary_storage_labeling_maxscale": null, "auxiliary_storage_labeling_alwaysshow": null, "auxiliary_storage_labeling_calloutdraw": null, "auxiliary_storage_labeling_labelallparts": null }, "geometry": { "type": "MultiPolygon", "coordinates": [ [ [ [ 140.508116136000012, 35.931151377000049 ], [ 140.508567459000119, 35.931015986000034 ], [ 140.508837379000056, 35.931515175000072 ], [ 140.50839970100003, 35.931676007000078 ], [ 140.508116136000012, 35.931151377000049 ] ] ] ] } },
{ "type": "Feature", "properties": { "fid": 331, "氏名": "平野雄智", "遅まき": "遅まき", "2026地名地番": "佐原ホ-1念佛堂4108", "散布面積": "23.3", "備考": null, "検索_Address": "佐原字念佛堂　ホ4108-1", "検索_Tiban": "4108-1", "ｗｋｔ": "bd95067faead208e4e2da4afb70b6fa1", "地番": "4108-1", "ポリゴンの面積": 24, "auxiliary_storage_labeling_positionx": null, "auxiliary_storage_labeling_positiony": null, "auxiliary_storage_labeling_show": null, "auxiliary_storage_labeling_labelrotation": null, "auxiliary_storage_labeling_family": null, "auxiliary_storage_labeling_fontstyle": null, "auxiliary_storage_labeling_size": null, "auxiliary_storage_labeling_bold": null, "auxiliary_storage_labeling_italic": null, "auxiliary_storage_labeling_underline": null, "auxiliary_storage_labeling_color": null, "auxiliary_storage_labeling_strikeout": null, "auxiliary_storage_labeling_multilinealignment": null, "auxiliary_storage_labeling_buffersize": null, "auxiliary_storage_labeling_buffercolor": null, "auxiliary_storage_labeling_bufferdraw": null, "auxiliary_storage_labeling_labeldistance": null, "auxiliary_storage_labeling_hali": null, "auxiliary_storage_labeling_vali": null, "auxiliary_storage_labeling_scalevisibility": null, "auxiliary_storage_labeling_minscale": null, "auxiliary_storage_labeling_maxscale": null, "auxiliary_storage_labeling_alwaysshow": null, "auxiliary_storage_labeling_calloutdraw": null, "auxiliary_storage_labeling_labelallparts": null }, "geometry": { "type": "MultiPolygon", "coordinates": [ [ [ [ 140.508567459000119, 35.931015986000034 ], [ 140.508996217000117, 35.930910463000032 ], [ 140.509253423000018, 35.931362286000024 ], [ 140.508837379000056, 35.931515175000072 ], [ 140.508567459000119, 35.931015986000034 ] ] ] ] } },
{ "type": "Feature", "properties": { "fid": 332, "氏名": "平野雄智", "遅まき": "遅まき", "2026地名地番": "佐原ホ-1念佛堂4109", "散布面積": "23.8", "備考": null, "検索_Address": "佐原字念佛堂　ホ4109-1", "検索_Tiban": "4109-1", "ｗｋｔ": "40e7d75a3b73bf6a88b847adff6697d0", "地番": "4109-1", "ポリゴンの面積": 14, "auxiliary_storage_labeling_positionx": null, "auxiliary_storage_labeling_positiony": null, "auxiliary_storage_labeling_show": null, "auxiliary_storage_labeling_labelrotation": null, "auxiliary_storage_labeling_family": null, "auxiliary_storage_labeling_fontstyle": null, "auxiliary_storage_labeling_size": null, "auxiliary_storage_labeling_bold": null, "auxiliary_storage_labeling_italic": null, "auxiliary_storage_labeling_underline": null, "auxiliary_storage_labeling_color": null, "auxiliary_storage_labeling_strikeout": null, "auxiliary_storage_labeling_multilinealignment": null, "auxiliary_storage_labeling_buffersize": null, "auxiliary_storage_labeling_buffercolor": null, "auxiliary_storage_labeling_bufferdraw": null, "auxiliary_storage_labeling_labeldistance": null, "auxiliary_storage_labeling_hali": null, "auxiliary_storage_labeling_vali": null, "auxiliary_storage_labeling_scalevisibility": null, "auxiliary_storage_labeling_minscale": null, "auxiliary_storage_labeling_maxscale": null, "auxiliary_storage_labeling_alwaysshow": null, "auxiliary_storage_labeling_calloutdraw": null, "auxiliary_storage_labeling_labelallparts": null }, "geometry": { "type": "MultiPolygon", "coordinates": [ [ [ [ 140.508996217000117, 35.930910463000032 ], [ 140.509285662000025, 35.930842948000077 ], [ 140.509519130000058, 35.931264647000035 ], [ 140.509253423000018, 35.931362286000024 ], [ 140.508996217000117, 35.930910463000032 ] ] ] ] } },
{ "type": "Feature", "properties": { "fid": 333, "氏名": "平野雄智", "遅まき": "遅まき", "2026地名地番": "佐原ホ念佛堂4179", "散布面積": "15.3", "備考": null, "検索_Address": "佐原字念佛堂　ホ4179", "検索_Tiban": "4179", "ｗｋｔ": "23c9ba4c251b7f4bb7fdfb11208354ea", "地番": "4179", "ポリゴンの面積": 13, "auxiliary_storage_labeling_positionx": null, "auxiliary_storage_labeling_positiony": null, "auxiliary_storage_labeling_show": null, "auxiliary_storage_labeling_labelrotation": null, "auxiliary_storage_labeling_family": null, "auxiliary_storage_labeling_fontstyle": null, "auxiliary_storage_labeling_size": null, "auxiliary_storage_labeling_bold": null, "auxiliary_storage_labeling_italic": null, "auxiliary_storage_labeling_underline": null, "auxiliary_storage_labeling_color": null, "auxiliary_storage_labeling_strikeout": null, "auxiliary_storage_labeling_multilinealignment": null, "auxiliary_storage_labeling_buffersize": null, "auxiliary_storage_labeling_buffercolor": null, "auxiliary_storage_labeling_bufferdraw": null, "auxiliary_storage_labeling_labeldistance": null, "auxiliary_storage_labeling_hali": null, "auxiliary_storage_labeling_vali": null, "auxiliary_storage_labeling_scalevisibility": null, "auxiliary_storage_labeling_minscale": null, "auxiliary_storage_labeling_maxscale": null, "auxiliary_storage_labeling_alwaysshow": null, "auxiliary_storage_labeling_calloutdraw": null, "auxiliary_storage_labeling_labelallparts": null }, "geometry": { "type": "MultiPolygon", "coordinates": [ [ [ [ 140.511104720000048, 35.934125426000037 ], [ 140.511204714000087, 35.934088639000038 ], [ 140.511305537000112, 35.934268313000075 ], [ 140.511775189000105, 35.935107876000075 ], [ 140.511670620000018, 35.935146393000025 ], [ 140.511104720000048, 35.934125426000037 ] ] ] ] } },
{ "type": "Feature", "properties": { "fid": 334, "氏名": "平野雄智", "遅まき": "遅まき", "2026地名地番": "佐原ホ念佛堂4180", "散布面積": "49.8", "備考": null, "検索_Address": "佐原字念佛堂　ホ4180", "検索_Tiban": "4180", "ｗｋｔ": "9460e0030780199326f47d27721e8b1d", "地番": "4180", "ポリゴンの面積": 55, "auxiliary_storage_labeling_positionx": null, "auxiliary_storage_labeling_positiony": null, "auxiliary_storage_labeling_show": null, "auxiliary_storage_labeling_labelrotation": null, "auxiliary_storage_labeling_family": null, "auxiliary_storage_labeling_fontstyle": null, "auxiliary_storage_labeling_size": null, "auxiliary_storage_labeling_bold": null, "auxiliary_storage_labeling_italic": null, "auxiliary_storage_labeling_underline": null, "auxiliary_storage_labeling_color": null, "auxiliary_storage_labeling_strikeout": null, "auxiliary_storage_labeling_multilinealignment": null, "auxiliary_storage_labeling_buffersize": null, "auxiliary_storage_labeling_buffercolor": null, "auxiliary_storage_labeling_bufferdraw": null, "auxiliary_storage_labeling_labeldistance": null, "auxiliary_storage_labeling_hali": null, "auxiliary_storage_labeling_vali": null, "auxiliary_storage_labeling_scalevisibility": null, "auxiliary_storage_labeling_minscale": null, "auxiliary_storage_labeling_maxscale": null, "auxiliary_storage_labeling_alwaysshow": null, "auxiliary_storage_labeling_calloutdraw": null, "auxiliary_storage_labeling_labelallparts": null }, "geometry": { "type": "MultiPolygon", "coordinates": [ [ [ [ 140.511204714000087, 35.934088639000038 ], [ 140.511653810000098, 35.93392336900007 ], [ 140.511915439000063, 35.93440221000003 ], [ 140.512221868000097, 35.934943329000077 ], [ 140.511775189000105, 35.935107876000075 ], [ 140.511305537000112, 35.934268313000075 ], [ 140.511204714000087, 35.934088639000038 ] ] ] ] } },
{ "type": "Feature", "properties": { "fid": 335, "氏名": "平野雄智", "遅まき": "遅まき", "2026地名地番": "佐原ホ念佛堂4181", "散布面積": "28", "備考": "1枚", "検索_Address": "佐原字念佛堂　ホ4181-1", "検索_Tiban": "4181-1", "ｗｋｔ": "20c4ac61daed63a6bd044841b8b34609", "地番": "4181-1", "ポリゴンの面積": 27, "auxiliary_storage_labeling_positionx": null, "auxiliary_storage_labeling_positiony": null, "auxiliary_storage_labeling_show": null, "auxiliary_storage_labeling_labelrotation": null, "auxiliary_storage_labeling_family": null, "auxiliary_storage_labeling_fontstyle": null, "auxiliary_storage_labeling_size": null, "auxiliary_storage_labeling_bold": null, "auxiliary_storage_labeling_italic": null, "auxiliary_storage_labeling_underline": null, "auxiliary_storage_labeling_color": null, "auxiliary_storage_labeling_strikeout": null, "auxiliary_storage_labeling_multilinealignment": null, "auxiliary_storage_labeling_buffersize": null, "auxiliary_storage_labeling_buffercolor": null, "auxiliary_storage_labeling_bufferdraw": null, "auxiliary_storage_labeling_labeldistance": null, "auxiliary_storage_labeling_hali": null, "auxiliary_storage_labeling_vali": null, "auxiliary_storage_labeling_scalevisibility": null, "auxiliary_storage_labeling_minscale": null, "auxiliary_storage_labeling_maxscale": null, "auxiliary_storage_labeling_alwaysshow": null, "auxiliary_storage_labeling_calloutdraw": null, "auxiliary_storage_labeling_labelallparts": null }, "geometry": { "type": "MultiPolygon", "coordinates": [ [ [ [ 140.511653810000098, 35.93392336900007 ], [ 140.51187209200009, 35.93384304600005 ], [ 140.51244069400002, 35.93486271300003 ], [ 140.512221868000097, 35.934943329000077 ], [ 140.511915439000063, 35.93440221000003 ], [ 140.511653810000098, 35.93392336900007 ] ] ] ] } },
{ "type": "Feature", "properties": { "fid": 336, "氏名": "平野雄智", "遅まき": "遅まき", "2026地名地番": "佐原ホ念佛堂4182", "散布面積": "12.4", "備考": "1枚", "検索_Address": "佐原字念佛堂　ホ4182", "検索_Tiban": "4182", "ｗｋｔ": "b2c4ab54d423188b31cde7b2466d07ed", "地番": "4182", "ポリゴンの面積": 14, "auxiliary_storage_labeling_positionx": null, "auxiliary_storage_labeling_positiony": null, "auxiliary_storage_labeling_show": null, "auxiliary_storage_labeling_labelrotation": null, "auxiliary_storage_labeling_family": null, "auxiliary_storage_labeling_fontstyle": null, "auxiliary_storage_labeling_size": null, "auxiliary_storage_labeling_bold": null, "auxiliary_storage_labeling_italic": null, "auxiliary_storage_labeling_underline": null, "auxiliary_storage_labeling_color": null, "auxiliary_storage_labeling_strikeout": null, "auxiliary_storage_labeling_multilinealignment": null, "auxiliary_storage_labeling_buffersize": null, "auxiliary_storage_labeling_buffercolor": null, "auxiliary_storage_labeling_bufferdraw": null, "auxiliary_storage_labeling_labeldistance": null, "auxiliary_storage_labeling_hali": null, "auxiliary_storage_labeling_vali": null, "auxiliary_storage_labeling_scalevisibility": null, "auxiliary_storage_labeling_minscale": null, "auxiliary_storage_labeling_maxscale": null, "auxiliary_storage_labeling_alwaysshow": null, "auxiliary_storage_labeling_calloutdraw": null, "auxiliary_storage_labeling_labelallparts": null }, "geometry": { "type": "MultiPolygon", "coordinates": [ [ [ [ 140.511888808000094, 35.933836885000062 ], [ 140.512003628000116, 35.933794632000058 ], [ 140.512572562000059, 35.934814134000078 ], [ 140.512456238000027, 35.934856983000032 ], [ 140.511888808000094, 35.933836885000062 ] ] ] ] } },
{ "type": "Feature", "properties": { "fid": 337, "氏名": "平野雄智", "遅まき": "遅まき", "2026地名地番": "長島堀川江間1809", "散布面積": "14.5", "備考": null, "検索_Address": "長島字堀川江間1809", "検索_Tiban": "1809", "ｗｋｔ": "c10777a1c97e0b13f509067783ccb831", "地番": "1809", "ポリゴンの面積": 16, "auxiliary_storage_labeling_positionx": null, "auxiliary_storage_labeling_positiony": null, "auxiliary_storage_labeling_show": null, "auxiliary_storage_labeling_labelrotation": null, "auxiliary_storage_labeling_family": null, "auxiliary_storage_labeling_fontstyle": null, "auxiliary_storage_labeling_size": null, "auxiliary_storage_labeling_bold": null, "auxiliary_storage_labeling_italic": null, "auxiliary_storage_labeling_underline": null, "auxiliary_storage_labeling_color": null, "auxiliary_storage_labeling_strikeout": null, "auxiliary_storage_labeling_multilinealignment": null, "auxiliary_storage_labeling_buffersize": null, "auxiliary_storage_labeling_buffercolor": null, "auxiliary_storage_labeling_bufferdraw": null, "auxiliary_storage_labeling_labeldistance": null, "auxiliary_storage_labeling_hali": null, "auxiliary_storage_labeling_vali": null, "auxiliary_storage_labeling_scalevisibility": null, "auxiliary_storage_labeling_minscale": null, "auxiliary_storage_labeling_maxscale": null, "auxiliary_storage_labeling_alwaysshow": null, "auxiliary_storage_labeling_calloutdraw": null, "auxiliary_storage_labeling_labelallparts": null }, "geometry": { "type": "MultiPolygon", "coordinates": [ [ [ [ 140.502759669000056, 35.927945817000079 ], [ 140.502896905000057, 35.928194264000069 ], [ 140.502484337000055, 35.928681716000028 ], [ 140.50231688000008, 35.928563388000043 ], [ 140.502690122000104, 35.928051306000043 ], [ 140.502710643000114, 35.928020746000072 ], [ 140.502729645000045, 35.927992708000033 ], [ 140.502759669000056, 35.927945817000079 ] ] ] ] } },
{ "type": "Feature", "properties": { "fid": 338, "氏名": "平野雄智", "遅まき": "遅まき", "2026地名地番": "長島堀川江間1849-1/1850", "散布面積": "79.4", "備考": null, "検索_Address": "長島字堀川江間1850,長島字堀川江間1849-1", "検索_Tiban": "1850,1849-1", "ｗｋｔ": "0db8dbefd143e82474fb5ffabf2f8c88", "地番": "1850,1849-1", "ポリゴンの面積": 35, "auxiliary_storage_labeling_positionx": null, "auxiliary_storage_labeling_positiony": null, "auxiliary_storage_labeling_show": null, "auxiliary_storage_labeling_labelrotation": null, "auxiliary_storage_labeling_family": null, "auxiliary_storage_labeling_fontstyle": null, "auxiliary_storage_labeling_size": null, "auxiliary_storage_labeling_bold": null, "auxiliary_storage_labeling_italic": null, "auxiliary_storage_labeling_underline": null, "auxiliary_storage_labeling_color": null, "auxiliary_storage_labeling_strikeout": null, "auxiliary_storage_labeling_multilinealignment": null, "auxiliary_storage_labeling_buffersize": null, "auxiliary_storage_labeling_buffercolor": null, "auxiliary_storage_labeling_bufferdraw": null, "auxiliary_storage_labeling_labeldistance": null, "auxiliary_storage_labeling_hali": null, "auxiliary_storage_labeling_vali": null, "auxiliary_storage_labeling_scalevisibility": null, "auxiliary_storage_labeling_minscale": null, "auxiliary_storage_labeling_maxscale": null, "auxiliary_storage_labeling_alwaysshow": null, "auxiliary_storage_labeling_calloutdraw": null, "auxiliary_storage_labeling_labelallparts": null }, "geometry": { "type": "MultiPolygon", "coordinates": [ [ [ [ 140.508328704000064, 35.925180106000028 ], [ 140.508337032000099, 35.925161186000025 ], [ 140.507773343000054, 35.924154646000034 ], [ 140.507545056000026, 35.924240409000049 ], [ 140.507487845000014, 35.924261586000057 ], [ 140.508063124000046, 35.925278742000046 ], [ 140.508133459000078, 35.92525269600003 ], [ 140.508328704000064, 35.925180106000028 ] ] ] ] } },
{ "type": "Feature", "properties": { "fid": 339, "氏名": "平野雄智", "遅まき": "遅まき", "2026地名地番": "長島屋敷付1929/1930", "散布面積": "29.3", "備考": null, "検索_Address": "長島字屋敷付1929,長島字屋敷付1930", "検索_Tiban": "1929,1930", "ｗｋｔ": "6029a86feaa3a5b2a619bafebd2f1268", "地番": "1929,1930", "ポリゴンの面積": 15, "auxiliary_storage_labeling_positionx": null, "auxiliary_storage_labeling_positiony": null, "auxiliary_storage_labeling_show": null, "auxiliary_storage_labeling_labelrotation": null, "auxiliary_storage_labeling_family": null, "auxiliary_storage_labeling_fontstyle": null, "auxiliary_storage_labeling_size": null, "auxiliary_storage_labeling_bold": null, "auxiliary_storage_labeling_italic": null, "auxiliary_storage_labeling_underline": null, "auxiliary_storage_labeling_color": null, "auxiliary_storage_labeling_strikeout": null, "auxiliary_storage_labeling_multilinealignment": null, "auxiliary_storage_labeling_buffersize": null, "auxiliary_storage_labeling_buffercolor": null, "auxiliary_storage_labeling_bufferdraw": null, "auxiliary_storage_labeling_labeldistance": null, "auxiliary_storage_labeling_hali": null, "auxiliary_storage_labeling_vali": null, "auxiliary_storage_labeling_scalevisibility": null, "auxiliary_storage_labeling_minscale": null, "auxiliary_storage_labeling_maxscale": null, "auxiliary_storage_labeling_alwaysshow": null, "auxiliary_storage_labeling_calloutdraw": null, "auxiliary_storage_labeling_labelallparts": null }, "geometry": { "type": "MultiPolygon", "coordinates": [ [ [ [ 140.500721115000033, 35.927985260000071 ], [ 140.500722770000039, 35.92796855000006 ], [ 140.50038660000007, 35.927795031000073 ], [ 140.500247294000019, 35.927680482000028 ], [ 140.500137753000104, 35.927721667000071 ], [ 140.500039745000095, 35.927758508000068 ], [ 140.500271282000085, 35.928151232000062 ], [ 140.500366800000052, 35.928116064000051 ], [ 140.500721115000033, 35.927985260000071 ] ] ] ] } },
{ "type": "Feature", "properties": { "fid": 340, "氏名": "平野雄智", "遅まき": "遅まき", "2026地名地番": "長島屋敷付1935/1936", "散布面積": "52", "備考": null, "検索_Address": "長島字屋敷付1935,長島字屋敷付1936", "検索_Tiban": "1935,1936", "ｗｋｔ": "15043bc48c1e478d9cf3ab84e5859b15", "地番": "1935,1936", "ポリゴンの面積": 25, "auxiliary_storage_labeling_positionx": 140.49902983347459, "auxiliary_storage_labeling_positiony": 35.92830518617729, "auxiliary_storage_labeling_show": null, "auxiliary_storage_labeling_labelrotation": null, "auxiliary_storage_labeling_family": null, "auxiliary_storage_labeling_fontstyle": null, "auxiliary_storage_labeling_size": 1.0, "auxiliary_storage_labeling_bold": null, "auxiliary_storage_labeling_italic": null, "auxiliary_storage_labeling_underline": null, "auxiliary_storage_labeling_color": null, "auxiliary_storage_labeling_strikeout": null, "auxiliary_storage_labeling_multilinealignment": null, "auxiliary_storage_labeling_buffersize": null, "auxiliary_storage_labeling_buffercolor": null, "auxiliary_storage_labeling_bufferdraw": null, "auxiliary_storage_labeling_labeldistance": null, "auxiliary_storage_labeling_hali": null, "auxiliary_storage_labeling_vali": null, "auxiliary_storage_labeling_scalevisibility": null, "auxiliary_storage_labeling_minscale": null, "auxiliary_storage_labeling_maxscale": null, "auxiliary_storage_labeling_alwaysshow": null, "auxiliary_storage_labeling_calloutdraw": null, "auxiliary_storage_labeling_labelallparts": null }, "geometry": { "type": "MultiPolygon", "coordinates": [ [ [ [ 140.499497328000075, 35.928436199000032 ], [ 140.499282812000047, 35.928043081000055 ], [ 140.499024215000077, 35.928140298000073 ], [ 140.498754867000116, 35.928241558000025 ], [ 140.498953018000066, 35.928636606000055 ], [ 140.499238591000108, 35.928531461000034 ], [ 140.499497328000075, 35.928436199000032 ] ] ] ] } },
{ "type": "Feature", "properties": { "fid": 341, "氏名": "平野雄智", "遅まき": "遅まき", "2026地名地番": "長島屋敷付1937", "散布面積": "12.7", "備考": null, "検索_Address": "長島字屋敷付1937", "検索_Tiban": "1937", "ｗｋｔ": "41094aa7601d98565884c70e391b25e3", "地番": "1937", "ポリゴンの面積": 13, "auxiliary_storage_labeling_positionx": null, "auxiliary_storage_labeling_positiony": null, "auxiliary_storage_labeling_show": null, "auxiliary_storage_labeling_labelrotation": null, "auxiliary_storage_labeling_family": null, "auxiliary_storage_labeling_fontstyle": null, "auxiliary_storage_labeling_size": null, "auxiliary_storage_labeling_bold": null, "auxiliary_storage_labeling_italic": null, "auxiliary_storage_labeling_underline": null, "auxiliary_storage_labeling_color": null, "auxiliary_storage_labeling_strikeout": null, "auxiliary_storage_labeling_multilinealignment": null, "auxiliary_storage_labeling_buffersize": null, "auxiliary_storage_labeling_buffercolor": null, "auxiliary_storage_labeling_bufferdraw": null, "auxiliary_storage_labeling_labeldistance": null, "auxiliary_storage_labeling_hali": null, "auxiliary_storage_labeling_vali": null, "auxiliary_storage_labeling_scalevisibility": null, "auxiliary_storage_labeling_minscale": null, "auxiliary_storage_labeling_maxscale": null, "auxiliary_storage_labeling_alwaysshow": null, "auxiliary_storage_labeling_calloutdraw": null, "auxiliary_storage_labeling_labelallparts": null }, "geometry": { "type": "MultiPolygon", "coordinates": [ [ [ [ 140.498469777000082, 35.928348737000078 ], [ 140.498754867000116, 35.928241558000025 ], [ 140.498953018000066, 35.928636606000055 ], [ 140.498678416000075, 35.928737715000068 ], [ 140.498469777000082, 35.928348737000078 ] ] ] ] } },
{ "type": "Feature", "properties": { "fid": 342, "氏名": "平野雄智", "遅まき": "遅まき", "2026地名地番": "長島屋敷付2001", "散布面積": "8.2", "備考": null, "検索_Address": "長島字屋敷付2001", "検索_Tiban": "2001", "ｗｋｔ": "7078c66e56563f26d09552b274d3cf91", "地番": "2001", "ポリゴンの面積": 9, "auxiliary_storage_labeling_positionx": null, "auxiliary_storage_labeling_positiony": null, "auxiliary_storage_labeling_show": null, "auxiliary_storage_labeling_labelrotation": null, "auxiliary_storage_labeling_family": null, "auxiliary_storage_labeling_fontstyle": null, "auxiliary_storage_labeling_size": null, "auxiliary_storage_labeling_bold": null, "auxiliary_storage_labeling_italic": null, "auxiliary_storage_labeling_underline": null, "auxiliary_storage_labeling_color": null, "auxiliary_storage_labeling_strikeout": null, "auxiliary_storage_labeling_multilinealignment": null, "auxiliary_storage_labeling_buffersize": null, "auxiliary_storage_labeling_buffercolor": null, "auxiliary_storage_labeling_bufferdraw": null, "auxiliary_storage_labeling_labeldistance": null, "auxiliary_storage_labeling_hali": null, "auxiliary_storage_labeling_vali": null, "auxiliary_storage_labeling_scalevisibility": null, "auxiliary_storage_labeling_minscale": null, "auxiliary_storage_labeling_maxscale": null, "auxiliary_storage_labeling_alwaysshow": null, "auxiliary_storage_labeling_calloutdraw": null, "auxiliary_storage_labeling_labelallparts": null }, "geometry": { "type": "MultiPolygon", "coordinates": [ [ [ [ 140.50568264900005, 35.923646413000029 ], [ 140.505752342000051, 35.923620713000048 ], [ 140.506330820000017, 35.924649784000053 ], [ 140.506263058000059, 35.924674626000069 ], [ 140.50568264900005, 35.923646413000029 ] ] ] ] } },
{ "type": "Feature", "properties": { "fid": 343, "氏名": "平野雄智", "遅まき": "遅まき", "2026地名地番": "佐原ハ八郎田4230", "散布面積": "26", "備考": "2枚", "検索_Address": "佐原字八郎田　ハ4230", "検索_Tiban": "4230", "ｗｋｔ": "0ad7a7a43c86db7a4fcfc7a44cba493e", "地番": "4230", "ポリゴンの面積": 29, "auxiliary_storage_labeling_positionx": null, "auxiliary_storage_labeling_positiony": null, "auxiliary_storage_labeling_show": null, "auxiliary_storage_labeling_labelrotation": null, "auxiliary_storage_labeling_family": null, "auxiliary_storage_labeling_fontstyle": null, "auxiliary_storage_labeling_size": null, "auxiliary_storage_labeling_bold": null, "auxiliary_storage_labeling_italic": null, "auxiliary_storage_labeling_underline": null, "auxiliary_storage_labeling_color": null, "auxiliary_storage_labeling_strikeout": null, "auxiliary_storage_labeling_multilinealignment": null, "auxiliary_storage_labeling_buffersize": null, "auxiliary_storage_labeling_buffercolor": null, "auxiliary_storage_labeling_bufferdraw": null, "auxiliary_storage_labeling_labeldistance": null, "auxiliary_storage_labeling_hali": null, "auxiliary_storage_labeling_vali": null, "auxiliary_storage_labeling_scalevisibility": null, "auxiliary_storage_labeling_minscale": null, "auxiliary_storage_labeling_maxscale": null, "auxiliary_storage_labeling_alwaysshow": null, "auxiliary_storage_labeling_calloutdraw": null, "auxiliary_storage_labeling_labelallparts": null }, "geometry": { "type": "MultiPolygon", "coordinates": [ [ [ [ 140.513344645000075, 35.933653107000055 ], [ 140.513238355000112, 35.933464379000043 ], [ 140.514513839000074, 35.932979920000037 ], [ 140.514615088000028, 35.933167234000052 ], [ 140.513344645000075, 35.933653107000055 ] ] ] ] } },
{ "type": "Feature", "properties": { "fid": 344, "氏名": "平野雄智", "遅まき": "遅まき", "2026地名地番": "佐原ハ八郎田4231", "散布面積": "170", "備考": "2枚", "検索_Address": "佐原字八郎田　ハ4231-2,佐原字八郎田　ハ4231-3,佐原字八郎田　ハ4231-1", "検索_Tiban": "4231", "ｗｋｔ": "079aee3d54f5c4fc89b24a96c4313862", "地番": "4231-2,4231-3,4231-1", "ポリゴンの面積": 57, "auxiliary_storage_labeling_positionx": null, "auxiliary_storage_labeling_positiony": null, "auxiliary_storage_labeling_show": null, "auxiliary_storage_labeling_labelrotation": null, "auxiliary_storage_labeling_family": null, "auxiliary_storage_labeling_fontstyle": null, "auxiliary_storage_labeling_size": null, "auxiliary_storage_labeling_bold": null, "auxiliary_storage_labeling_italic": null, "auxiliary_storage_labeling_underline": null, "auxiliary_storage_labeling_color": null, "auxiliary_storage_labeling_strikeout": null, "auxiliary_storage_labeling_multilinealignment": null, "auxiliary_storage_labeling_buffersize": null, "auxiliary_storage_labeling_buffercolor": null, "auxiliary_storage_labeling_bufferdraw": null, "auxiliary_storage_labeling_labeldistance": null, "auxiliary_storage_labeling_hali": null, "auxiliary_storage_labeling_vali": null, "auxiliary_storage_labeling_scalevisibility": null, "auxiliary_storage_labeling_minscale": null, "auxiliary_storage_labeling_maxscale": null, "auxiliary_storage_labeling_alwaysshow": null, "auxiliary_storage_labeling_calloutdraw": null, "auxiliary_storage_labeling_labelallparts": null }, "geometry": { "type": "MultiPolygon", "coordinates": [ [ [ [ 140.514313718000039, 35.93261743000005 ], [ 140.513036870000064, 35.93309230400007 ], [ 140.513067240000055, 35.933148392000078 ], [ 140.513079435, 35.933170910000058 ], [ 140.513238355000112, 35.933464379000043 ], [ 140.514513839000074, 35.932979920000037 ], [ 140.514354390000108, 35.932691089000059 ], [ 140.514347039000086, 35.932677782000042 ], [ 140.514313718000039, 35.93261743000005 ] ] ] ] } },
{ "type": "Feature", "properties": { "fid": 345, "氏名": "平野雄智", "遅まき": "遅まき", "2026地名地番": "佐原ハ八郎田4232", "散布面積": "86.8", "備考": "2枚", "検索_Address": "佐原字八郎田　ハ4232-3,佐原字八郎田　ハ4232-4,佐原字八郎田　ハ4232-2,佐原字八郎田　ハ4232-1", "検索_Tiban": "4232", "ｗｋｔ": "ecdb4398db79c16488536438a565b964", "地番": "4232-3,4232-4,4232-2,4232-1", "ポリゴンの面積": 24, "auxiliary_storage_labeling_positionx": null, "auxiliary_storage_labeling_positiony": null, "auxiliary_storage_labeling_show": null, "auxiliary_storage_labeling_labelrotation": null, "auxiliary_storage_labeling_family": null, "auxiliary_storage_labeling_fontstyle": null, "auxiliary_storage_labeling_size": 1.5, "auxiliary_storage_labeling_bold": null, "auxiliary_storage_labeling_italic": null, "auxiliary_storage_labeling_underline": null, "auxiliary_storage_labeling_color": null, "auxiliary_storage_labeling_strikeout": null, "auxiliary_storage_labeling_multilinealignment": null, "auxiliary_storage_labeling_buffersize": null, "auxiliary_storage_labeling_buffercolor": null, "auxiliary_storage_labeling_bufferdraw": null, "auxiliary_storage_labeling_labeldistance": null, "auxiliary_storage_labeling_hali": null, "auxiliary_storage_labeling_vali": null, "auxiliary_storage_labeling_scalevisibility": null, "auxiliary_storage_labeling_minscale": null, "auxiliary_storage_labeling_maxscale": null, "auxiliary_storage_labeling_alwaysshow": null, "auxiliary_storage_labeling_calloutdraw": null, "auxiliary_storage_labeling_labelallparts": null }, "geometry": { "type": "MultiPolygon", "coordinates": [ [ [ [ 140.513249766000058, 35.932829825000056 ], [ 140.512955502000068, 35.932942038000078 ], [ 140.512986491000106, 35.93299926800006 ], [ 140.513012581000112, 35.933047439000063 ], [ 140.513026803000116, 35.933073694000029 ], [ 140.513036870000064, 35.93309230400007 ], [ 140.514313718000039, 35.93261743000005 ], [ 140.514304115000073, 35.932600035000064 ], [ 140.51428583400002, 35.93256690700008 ], [ 140.514261563000105, 35.932522952000056 ], [ 140.514226654000026, 35.932459716000039 ], [ 140.513249766000058, 35.932829825000056 ] ] ] ] } },
{ "type": "Feature", "properties": { "fid": 346, "氏名": "平野雄智", "遅まき": "遅まき", "2026地名地番": "佐原ホ-1念佛堂4144-2", "散布面積": "19.88", "備考": "追加7/21", "検索_Address": null, "検索_Tiban": "4144-2", "ｗｋｔ": null, "地番": "4144-2", "ポリゴンの面積": 21, "auxiliary_storage_labeling_positionx": null, "auxiliary_storage_labeling_positiony": null, "auxiliary_storage_labeling_show": null, "auxiliary_storage_labeling_labelrotation": null, "auxiliary_storage_labeling_family": null, "auxiliary_storage_labeling_fontstyle": null, "auxiliary_storage_labeling_size": null, "auxiliary_storage_labeling_bold": null, "auxiliary_storage_labeling_italic": null, "auxiliary_storage_labeling_underline": null, "auxiliary_storage_labeling_color": null, "auxiliary_storage_labeling_strikeout": null, "auxiliary_storage_labeling_multilinealignment": null, "auxiliary_storage_labeling_buffersize": null, "auxiliary_storage_labeling_buffercolor": null, "auxiliary_storage_labeling_bufferdraw": null, "auxiliary_storage_labeling_labeldistance": null, "auxiliary_storage_labeling_hali": null, "auxiliary_storage_labeling_vali": null, "auxiliary_storage_labeling_scalevisibility": null, "auxiliary_storage_labeling_minscale": null, "auxiliary_storage_labeling_maxscale": null, "auxiliary_storage_labeling_alwaysshow": null, "auxiliary_storage_labeling_calloutdraw": null, "auxiliary_storage_labeling_labelallparts": null }, "geometry": { "type": "MultiPolygon", "coordinates": [ [ [ [ 140.510239667289227, 35.933104371972171 ], [ 140.510410535243068, 35.933041800608791 ], [ 140.509828140245475, 35.932011779703934 ], [ 140.509657272291633, 35.932081570840012 ], [ 140.510239667289227, 35.933104371972171 ] ] ] ] } }
]
}
