{
"type": "FeatureCollection",
"name": "借当・和田【多古】",
"crs": { "type": "name", "properties": { "name": "urn:ogc:def:crs:OGC:1.3:CRS84" } },
"features": [
{ "type": "Feature", "properties": { "fid": 1, "水田面積": 985, "備考": null, "地名地番": "東輝永田193", "検索_AreaOnRegistry": 985.0, "検索_Address": "東輝永田193", "検索_Tiban": "193", "地番": "193", "散布面積※小数点": 9.49 }, "geometry": { "type": "Polygon", "coordinates": [ [ [ 140.502406387, 35.741691341 ], [ 140.502723724, 35.742145909 ], [ 140.502845681, 35.742088924 ], [ 140.502811818, 35.741971575 ], [ 140.502581618, 35.741609882 ], [ 140.502406387, 35.741691341 ] ] ] } },
{ "type": "Feature", "properties": { "fid": 2, "水田面積": 1031, "備考": null, "地名地番": "東輝永田194-2", "検索_AreaOnRegistry": 1031.0, "検索_Address": "東輝永田194", "検索_Tiban": "194", "地番": "194-2", "散布面積※小数点": 9.93 }, "geometry": { "type": "Polygon", "coordinates": [ [ [ 140.502041983, 35.74186583 ], [ 140.502362073, 35.742315824 ], [ 140.502723724, 35.742145909 ], [ 140.502406387, 35.741691341 ], [ 140.502041983, 35.74186583 ] ] ] } },
{ "type": "Feature", "properties": { "fid": 3, "水田面積": 1031, "備考": null, "地名地番": "東輝永田195", "検索_AreaOnRegistry": 1031.0, "検索_Address": "東輝永田195", "検索_Tiban": "195", "地番": "195", "散布面積※小数点": 9.93 }, "geometry": { "type": "Polygon", "coordinates": [ [ [ 140.502041983, 35.74186583 ], [ 140.502362073, 35.742315824 ], [ 140.502723724, 35.742145909 ], [ 140.502406387, 35.741691341 ], [ 140.502041983, 35.74186583 ] ] ] } },
{ "type": "Feature", "properties": { "fid": 4, "水田面積": 1031, "備考": null, "地名地番": "東輝永田210", "検索_AreaOnRegistry": 1031.0, "検索_Address": "東輝永田210", "検索_Tiban": "210", "地番": "210", "散布面積※小数点": 9.93 }, "geometry": { "type": "Polygon", "coordinates": [ [ [ 140.501290049, 35.742853748 ], [ 140.50160151, 35.743281941 ], [ 140.501963104, 35.743113043 ], [ 140.501656548999989, 35.742680269 ], [ 140.501290049, 35.742853748 ] ] ] } },
{ "type": "Feature", "properties": { "fid": 5, "水田面積": 380, "備考": null, "地名地番": "東輝永田211-2", "検索_AreaOnRegistry": 380.0, "検索_Address": "東輝永田211-2", "検索_Tiban": "211-2", "地番": "211-2", "散布面積※小数点": 3.66 }, "geometry": { "type": "Polygon", "coordinates": [ [ [ 140.501656548999989, 35.742680269 ], [ 140.501963104, 35.743113043 ], [ 140.502326399999987, 35.742943349 ], [ 140.502022492, 35.742507053 ], [ 140.501656548999989, 35.742680269 ] ] ] } },
{ "type": "Feature", "properties": { "fid": 6, "水田面積": 1031, "備考": null, "地名地番": "東輝永田212", "検索_AreaOnRegistry": 1031.0, "検索_Address": "東輝永田212", "検索_Tiban": "212", "地番": "212", "散布面積※小数点": 9.93 }, "geometry": { "type": "Polygon", "coordinates": [ [ [ 140.501656548999989, 35.742680269 ], [ 140.501963104, 35.743113043 ], [ 140.502326399999987, 35.742943349 ], [ 140.502022492, 35.742507053 ], [ 140.501656548999989, 35.742680269 ] ] ] } },
{ "type": "Feature", "properties": { "fid": 7, "水田面積": 1031, "備考": null, "地名地番": "東輝永田213", "検索_AreaOnRegistry": 1031.0, "検索_Address": "東輝永田213", "検索_Tiban": "213", "地番": "213", "散布面積※小数点": 9.93 }, "geometry": { "type": "Polygon", "coordinates": [ [ [ 140.50268971700001, 35.742773643 ], [ 140.502380986, 35.74233736 ], [ 140.502022492, 35.742507053 ], [ 140.502326399999987, 35.742943349 ], [ 140.50268971700001, 35.742773643 ] ] ] } },
{ "type": "Feature", "properties": { "fid": 8, "水田面積": 1031, "備考": null, "地名地番": "東輝永田214", "検索_AreaOnRegistry": 1031.0, "検索_Address": "東輝永田214", "検索_Tiban": "214", "地番": "214", "散布面積※小数点": 9.93 }, "geometry": { "type": "Polygon", "coordinates": [ [ [ 140.50268971700001, 35.742773643 ], [ 140.502380986, 35.74233736 ], [ 140.502022492, 35.742507053 ], [ 140.502326399999987, 35.742943349 ], [ 140.50268971700001, 35.742773643 ] ] ] } },
{ "type": "Feature", "properties": { "fid": 9, "水田面積": 1031, "備考": null, "地名地番": "東輝永田215", "検索_AreaOnRegistry": 1031.0, "検索_Address": "東輝永田215", "検索_Tiban": "215", "地番": "215", "散布面積※小数点": 9.93 }, "geometry": { "type": "Polygon", "coordinates": [ [ [ 140.502908693, 35.742447678 ], [ 140.502719285000012, 35.742180663 ], [ 140.502380986, 35.74233736 ], [ 140.50268971700001, 35.742773643 ], [ 140.502963534, 35.74265358 ], [ 140.502908693, 35.742447678 ] ] ] } },
{ "type": "Feature", "properties": { "fid": 10, "水田面積": 935, "備考": null, "地名地番": "東輝永田216", "検索_AreaOnRegistry": 935.0, "検索_Address": "東輝永田216", "検索_Tiban": "216", "地番": "216", "散布面積※小数点": 9.01 }, "geometry": { "type": "Polygon", "coordinates": [ [ [ 140.502908693, 35.742447678 ], [ 140.502719285000012, 35.742180663 ], [ 140.502380986, 35.74233736 ], [ 140.50268971700001, 35.742773643 ], [ 140.502963534, 35.74265358 ], [ 140.502908693, 35.742447678 ] ] ] } },
{ "type": "Feature", "properties": { "fid": 11, "水田面積": 181, "備考": null, "地名地番": "東輝細町9-1", "検索_AreaOnRegistry": 181.0, "検索_Address": "東輝細町9-1", "検索_Tiban": "9-1", "地番": "9-1", "散布面積※小数点": 1.74 }, "geometry": { "type": "Polygon", "coordinates": [ [ [ 140.500714504, 35.736290131 ], [ 140.50076794200001, 35.73663214 ], [ 140.50099391, 35.736603216 ], [ 140.500910935, 35.736383781 ], [ 140.500842029000012, 35.736256157 ], [ 140.500830453, 35.736262543 ], [ 140.500714504, 35.736290131 ] ] ] } },
{ "type": "Feature", "properties": { "fid": 12, "水田面積": 390, "備考": null, "地名地番": "東輝細町9-2", "検索_AreaOnRegistry": 390.0, "検索_Address": "東輝細町9-2", "検索_Tiban": "9-2", "地番": "9-2", "散布面積※小数点": 3.75 }, "geometry": { "type": "Polygon", "coordinates": [ [ [ 140.500714504, 35.736290131 ], [ 140.50076794200001, 35.73663214 ], [ 140.50099391, 35.736603216 ], [ 140.500910935, 35.736383781 ], [ 140.500842029000012, 35.736256157 ], [ 140.500830453, 35.736262543 ], [ 140.500714504, 35.736290131 ] ] ] } },
{ "type": "Feature", "properties": { "fid": 13, "水田面積": 363, "備考": null, "地名地番": "東輝細町21-1", "検索_AreaOnRegistry": 363.0, "検索_Address": "東輝細町21-1", "検索_Tiban": "21-1", "地番": "21-1", "散布面積※小数点": 3.49 }, "geometry": { "type": "Polygon", "coordinates": [ [ [ 140.50089344, 35.736970168 ], [ 140.500831676, 35.73664134 ], [ 140.500420956, 35.736694767 ], [ 140.500480139, 35.73702146 ], [ 140.50089344, 35.736970168 ] ] ] } },
{ "type": "Feature", "properties": { "fid": 14, "水田面積": 301, "備考": null, "地名地番": "東輝細町21-2", "検索_AreaOnRegistry": 301.0, "検索_Address": "東輝細町21-2", "検索_Tiban": "21-2", "地番": "21-2", "散布面積※小数点": 2.9 }, "geometry": { "type": "Polygon", "coordinates": [ [ [ 140.50089344, 35.736970168 ], [ 140.500831676, 35.73664134 ], [ 140.500420956, 35.736694767 ], [ 140.500480139, 35.73702146 ], [ 140.50089344, 35.736970168 ] ] ] } },
{ "type": "Feature", "properties": { "fid": 15, "水田面積": 22, "備考": null, "地名地番": "東輝細町21-3", "検索_AreaOnRegistry": 22.0, "検索_Address": "東輝細町21-3", "検索_Tiban": "21-3", "地番": "21-3", "散布面積※小数点": 0.21 }, "geometry": { "type": "Polygon", "coordinates": [ [ [ 140.50089344, 35.736970168 ], [ 140.500831676, 35.73664134 ], [ 140.500420956, 35.736694767 ], [ 140.500480139, 35.73702146 ], [ 140.50089344, 35.736970168 ] ] ] } },
{ "type": "Feature", "properties": { "fid": 16, "水田面積": 895, "備考": null, "地名地番": "東輝細町44-1", "検索_AreaOnRegistry": 895.0, "検索_Address": "東輝細町44-1", "検索_Tiban": "44-1", "地番": "44-1", "散布面積※小数点": 8.62 }, "geometry": { "type": "Polygon", "coordinates": [ [ [ 140.49904612, 35.737346324 ], [ 140.499122244, 35.737732843 ], [ 140.499545981000011, 35.737681442 ], [ 140.499449744, 35.73719459 ], [ 140.499366769, 35.737205885 ], [ 140.499239417000013, 35.737223447 ], [ 140.499124056, 35.737232514 ], [ 140.499108667, 35.737246647 ], [ 140.49908314000001, 35.737284716 ], [ 140.499052572000011, 35.737338265 ], [ 140.49904612, 35.737346324 ] ] ] } },
{ "type": "Feature", "properties": { "fid": 17, "水田面積": 58, "備考": null, "地名地番": "東輝細町44-2", "検索_AreaOnRegistry": 58.0, "検索_Address": "東輝細町44-2", "検索_Tiban": "44-2", "地番": "44-2", "散布面積※小数点": 0.55 }, "geometry": { "type": "Polygon", "coordinates": [ [ [ 140.49904612, 35.737346324 ], [ 140.499122244, 35.737732843 ], [ 140.499545981000011, 35.737681442 ], [ 140.499449744, 35.73719459 ], [ 140.499366769, 35.737205885 ], [ 140.499239417000013, 35.737223447 ], [ 140.499124056, 35.737232514 ], [ 140.499108667, 35.737246647 ], [ 140.49908314000001, 35.737284716 ], [ 140.499052572000011, 35.737338265 ], [ 140.49904612, 35.737346324 ] ] ] } },
{ "type": "Feature", "properties": { "fid": 18, "水田面積": 42, "備考": null, "地名地番": "東輝細町44-3", "検索_AreaOnRegistry": 42.0, "検索_Address": "東輝細町44-3", "検索_Tiban": "44-3", "地番": "44-3", "散布面積※小数点": 0.4 }, "geometry": { "type": "Polygon", "coordinates": [ [ [ 140.49904612, 35.737346324 ], [ 140.499122244, 35.737732843 ], [ 140.499545981000011, 35.737681442 ], [ 140.499449744, 35.73719459 ], [ 140.499366769, 35.737205885 ], [ 140.499239417000013, 35.737223447 ], [ 140.499124056, 35.737232514 ], [ 140.499108667, 35.737246647 ], [ 140.49908314000001, 35.737284716 ], [ 140.499052572000011, 35.737338265 ], [ 140.49904612, 35.737346324 ] ] ] } },
{ "type": "Feature", "properties": { "fid": 19, "水田面積": 406, "備考": null, "地名地番": "東輝永田182-2", "検索_AreaOnRegistry": 406.0, "検索_Address": "東輝永田182-2", "検索_Tiban": "182-2", "地番": "182-2", "散布面積※小数点": 3.91 }, "geometry": { "type": "Polygon", "coordinates": [ [ [ 140.501310303999986, 35.742194184 ], [ 140.501010033, 35.741766727 ], [ 140.500648156000011, 35.741937368 ], [ 140.500953017, 35.742363571 ], [ 140.501310303999986, 35.742194184 ] ] ] } },
{ "type": "Feature", "properties": { "fid": 20, "水田面積": 694, "備考": null, "地名地番": "東輝細町10", "検索_AreaOnRegistry": 694.0, "検索_Address": "東輝細町10", "検索_Tiban": "10", "地番": "10", "散布面積※小数点": 6.69 }, "geometry": { "type": "Polygon", "coordinates": [ [ [ 140.500570880999987, 35.736657977 ], [ 140.50076794200001, 35.73663214 ], [ 140.500714504, 35.736290131 ], [ 140.500502603, 35.736355918 ], [ 140.500570880999987, 35.736657977 ] ] ] } },
{ "type": "Feature", "properties": { "fid": 21, "水田面積": 541, "備考": null, "地名地番": "東輝細町22-1", "検索_AreaOnRegistry": 541.0, "検索_Address": "東輝細町22-1", "検索_Tiban": "22-1", "地番": "22-1", "散布面積※小数点": 5.21 }, "geometry": { "type": "Polygon", "coordinates": [ [ [ 140.501299924, 35.73691972 ], [ 140.501239238000011, 35.736588348 ], [ 140.500831676, 35.73664134 ], [ 140.50089344, 35.736970168 ], [ 140.501299924, 35.73691972 ] ] ] } },
{ "type": "Feature", "properties": { "fid": 22, "水田面積": 122, "備考": null, "地名地番": "東輝細町22-2", "検索_AreaOnRegistry": 122.0, "検索_Address": "東輝細町22-2", "検索_Tiban": "22-2", "地番": "22-2", "散布面積※小数点": 1.17 }, "geometry": { "type": "Polygon", "coordinates": [ [ [ 140.501299924, 35.73691972 ], [ 140.501239238000011, 35.736588348 ], [ 140.500831676, 35.73664134 ], [ 140.50089344, 35.736970168 ], [ 140.501299924, 35.73691972 ] ] ] } },
{ "type": "Feature", "properties": { "fid": 23, "水田面積": 23, "備考": null, "地名地番": "東輝細町22-3", "検索_AreaOnRegistry": 23.0, "検索_Address": "東輝細町22-3", "検索_Tiban": "22-3", "地番": "22-3", "散布面積※小数点": 0.22 }, "geometry": { "type": "Polygon", "coordinates": [ [ [ 140.501299924, 35.73691972 ], [ 140.501239238000011, 35.736588348 ], [ 140.500831676, 35.73664134 ], [ 140.50089344, 35.736970168 ], [ 140.501299924, 35.73691972 ] ] ] } },
{ "type": "Feature", "properties": { "fid": 24, "水田面積": 264, "備考": null, "地名地番": "東輝細町28-1", "検索_AreaOnRegistry": 264.0, "検索_Address": "東輝細町28-1", "検索_Tiban": "28-1", "地番": "28-1", "散布面積※小数点": 2.54 }, "geometry": { "type": "Polygon", "coordinates": [ [ [ 140.502122079, 35.736474269 ], [ 140.502023567, 35.736489252 ], [ 140.502080425, 35.736817958 ], [ 140.502275024999989, 35.73680038 ], [ 140.502288406, 35.73658585 ], [ 140.502122079, 35.736474269 ] ] ] } },
{ "type": "Feature", "properties": { "fid": 25, "水田面積": 340, "備考": null, "地名地番": "東輝細町28-2", "検索_AreaOnRegistry": 340.0, "検索_Address": "東輝細町28-2", "検索_Tiban": "28-2", "地番": "28-2", "散布面積※小数点": 3.27 }, "geometry": { "type": "Polygon", "coordinates": [ [ [ 140.502122079, 35.736474269 ], [ 140.502023567, 35.736489252 ], [ 140.502080425, 35.736817958 ], [ 140.502275024999989, 35.73680038 ], [ 140.502288406, 35.73658585 ], [ 140.502122079, 35.736474269 ] ] ] } },
{ "type": "Feature", "properties": { "fid": 26, "水田面積": 201, "備考": null, "地名地番": "東輝細町49-2", "検索_AreaOnRegistry": 201.0, "検索_Address": "東輝細町49-2", "検索_Tiban": "49-2", "地番": "49-2", "散布面積※小数点": 1.93 }, "geometry": { "type": "Polygon", "coordinates": [ [ [ 140.498340342, 35.738085275 ], [ 140.498370990000012, 35.738218652 ], [ 140.498582875000011, 35.738194866 ], [ 140.498601543, 35.738316344 ], [ 140.498605059999988, 35.738324754 ], [ 140.498801416, 35.738300071 ], [ 140.498718253, 35.737801573 ], [ 140.498572438, 35.737820636 ], [ 140.498529763, 35.737868633 ], [ 140.498449547, 35.737960383 ], [ 140.498369319, 35.738050729 ], [ 140.498340342, 35.738085275 ] ] ] } },
{ "type": "Feature", "properties": { "fid": 27, "水田面積": 330, "備考": null, "地名地番": "東輝細町49-3", "検索_AreaOnRegistry": 330.0, "検索_Address": "東輝細町49-3", "検索_Tiban": "49-3", "地番": "49-3", "散布面積※小数点": 3.18 }, "geometry": { "type": "Polygon", "coordinates": [ [ [ 140.498340342, 35.738085275 ], [ 140.498370990000012, 35.738218652 ], [ 140.498582875000011, 35.738194866 ], [ 140.498601543, 35.738316344 ], [ 140.498605059999988, 35.738324754 ], [ 140.498801416, 35.738300071 ], [ 140.498718253, 35.737801573 ], [ 140.498572438, 35.737820636 ], [ 140.498529763, 35.737868633 ], [ 140.498449547, 35.737960383 ], [ 140.498369319, 35.738050729 ], [ 140.498340342, 35.738085275 ] ] ] } },
{ "type": "Feature", "properties": { "fid": 28, "水田面積": 565, "備考": null, "地名地番": "東輝道口161-1", "検索_AreaOnRegistry": 565.0, "検索_Address": "東輝道口161-1", "検索_Tiban": "161-1", "地番": "161-1", "散布面積※小数点": 5.44 }, "geometry": { "type": "Polygon", "coordinates": [ [ [ 140.501763025, 35.740781187 ], [ 140.502079205, 35.741227284 ], [ 140.502440121, 35.741056964 ], [ 140.502089507, 35.740630097 ], [ 140.501763025, 35.740781187 ] ] ] } },
{ "type": "Feature", "properties": { "fid": 29, "水田面積": 62, "備考": null, "地名地番": "東輝永田187-4", "検索_AreaOnRegistry": 62.0, "検索_Address": "東輝永田187-4", "検索_Tiban": "187-4", "地番": "187-4", "散布面積※小数点": 0.59 }, "geometry": { "type": "Polygon", "coordinates": [ [ [ 140.502356600000013, 35.741703703 ], [ 140.50206463, 35.741270229 ], [ 140.501728535000012, 35.741427916 ], [ 140.502030760999986, 35.741850703 ], [ 140.502356600000013, 35.741703703 ] ] ] } },
{ "type": "Feature", "properties": { "fid": 30, "水田面積": 1031, "備考": null, "地名地番": "東輝永田189", "検索_AreaOnRegistry": 1031.0, "検索_Address": "東輝永田189", "検索_Tiban": "189", "地番": "189", "散布面積※小数点": 9.93 }, "geometry": { "type": "Polygon", "coordinates": [ [ [ 140.502701308000013, 35.74148733 ], [ 140.502434992, 35.741097017 ], [ 140.50206463, 35.741270229 ], [ 140.502356600000013, 35.741703703 ], [ 140.50270167, 35.741530632 ], [ 140.502701308000013, 35.74148733 ] ] ] } },
{ "type": "Feature", "properties": { "fid": 31, "水田面積": 995, "備考": null, "地名地番": "東輝永田190", "検索_AreaOnRegistry": 995.0, "検索_Address": "東輝永田190", "検索_Tiban": "190", "地番": "190", "散布面積※小数点": 9.59 }, "geometry": { "type": "Polygon", "coordinates": [ [ [ 140.502701308000013, 35.74148733 ], [ 140.502434992, 35.741097017 ], [ 140.50206463, 35.741270229 ], [ 140.502356600000013, 35.741703703 ], [ 140.50270167, 35.741530632 ], [ 140.502701308000013, 35.74148733 ] ] ] } },
{ "type": "Feature", "properties": { "fid": 32, "水田面積": 122, "備考": null, "地名地番": "東輝永田191-2", "検索_AreaOnRegistry": 122.0, "検索_Address": "東輝永田191-2", "検索_Tiban": "191-2", "地番": "191-2", "散布面積※小数点": 1.17 }, "geometry": { "type": "Polygon", "coordinates": [ [ [ 140.502628713892619, 35.741180947242825 ], [ 140.502527691921131, 35.741232878984945 ], [ 140.502701308000013, 35.74148733 ], [ 140.502628713892619, 35.741180947242825 ] ] ] } },
{ "type": "Feature", "properties": { "fid": 33, "水田面積": 558, "備考": null, "地名地番": "東輝仲町68-1", "検索_AreaOnRegistry": 558.0, "検索_Address": "東輝仲町68-1", "検索_Tiban": "68-1", "地番": "68-1", "散布面積※小数点": 5.37 }, "geometry": { "type": "Polygon", "coordinates": [ [ [ 140.502245351, 35.737915742 ], [ 140.501861272000014, 35.737959118 ], [ 140.50196114100001, 35.738454805 ], [ 140.502231462999987, 35.738418247 ], [ 140.502245351, 35.737915742 ] ] ] } },
{ "type": "Feature", "properties": { "fid": 34, "水田面積": 231, "備考": null, "地名地番": "東輝細町37-3", "検索_AreaOnRegistry": 231.0, "検索_Address": "東輝細町37-3", "検索_Tiban": "37-3", "地番": "37-3", "散布面積※小数点": 2.22 }, "geometry": { "type": "Polygon", "coordinates": [ [ [ 140.500776651, 35.737530668 ], [ 140.500679112, 35.737024376 ], [ 140.500262074, 35.737077654 ], [ 140.50035804800001, 35.737582202 ], [ 140.500776651, 35.737530668 ] ] ] } },
{ "type": "Feature", "properties": { "fid": 35, "水田面積": 528, "備考": null, "地名地番": "東輝細町25-1", "検索_AreaOnRegistry": 528.0, "検索_Address": "東輝細町25-1", "検索_Tiban": "25-1", "地番": "25-1", "散布面積※小数点": 5.08 }, "geometry": { "type": "Polygon", "coordinates": [ [ [ 140.501662587, 35.736874804 ], [ 140.501611761, 35.736543091 ], [ 140.501239238000011, 35.736588348 ], [ 140.501299924, 35.73691972 ], [ 140.501662587, 35.736874804 ] ] ] } },
{ "type": "Feature", "properties": { "fid": 36, "水田面積": 158, "備考": null, "地名地番": "東輝細町25-2", "検索_AreaOnRegistry": 158.0, "検索_Address": "東輝細町25-2", "検索_Tiban": "25-2", "地番": "25-2", "散布面積※小数点": 1.52 }, "geometry": { "type": "Polygon", "coordinates": [ [ [ 140.501662587, 35.736874804 ], [ 140.501611761, 35.736543091 ], [ 140.501239238000011, 35.736588348 ], [ 140.501299924, 35.73691972 ], [ 140.501662587, 35.736874804 ] ] ] } },
{ "type": "Feature", "properties": { "fid": 37, "水田面積": 1031, "備考": null, "地名地番": "東輝細町32", "検索_AreaOnRegistry": 1031.0, "検索_Address": "東輝細町32", "検索_Tiban": "32", "地番": "32", "散布面積※小数点": 9.93 }, "geometry": { "type": "Polygon", "coordinates": [ [ [ 140.501977111, 35.737387244 ], [ 140.501877696, 35.736890105 ], [ 140.50146582, 35.736935697 ], [ 140.501570324, 35.737436931 ], [ 140.501977111, 35.737387244 ] ] ] } },
{ "type": "Feature", "properties": { "fid": 38, "水田面積": 138, "備考": null, "地名地番": "東輝細町34-2", "検索_AreaOnRegistry": 138.0, "検索_Address": "東輝細町34-2", "検索_Tiban": "34-2", "地番": "34-2", "散布面積※小数点": 1.33 }, "geometry": { "type": "Polygon", "coordinates": [ [ [ 140.501570324, 35.737436931 ], [ 140.50146582, 35.736935697 ], [ 140.501099912, 35.736971692 ], [ 140.501196111000013, 35.737479026 ], [ 140.501570324, 35.737436931 ] ] ] } },
{ "type": "Feature", "properties": { "fid": 39, "水田面積": 327, "備考": null, "地名地番": "東輝細町34-3", "検索_AreaOnRegistry": 327.0, "検索_Address": "東輝細町34-3", "検索_Tiban": "34-3", "地番": "34-3", "散布面積※小数点": 3.15 }, "geometry": { "type": "Polygon", "coordinates": [ [ [ 140.501570324, 35.737436931 ], [ 140.50146582, 35.736935697 ], [ 140.501099912, 35.736971692 ], [ 140.501196111000013, 35.737479026 ], [ 140.501570324, 35.737436931 ] ] ] } },
{ "type": "Feature", "properties": { "fid": 40, "水田面積": 1031, "備考": null, "地名地番": "東輝細町35", "検索_AreaOnRegistry": 1031.0, "検索_Address": "東輝細町35", "検索_Tiban": "35", "地番": "35", "散布面積※小数点": 9.93 }, "geometry": { "type": "Polygon", "coordinates": [ [ [ 140.501196111000013, 35.737479026 ], [ 140.501099912, 35.736971692 ], [ 140.500851108, 35.737002402 ], [ 140.500679112, 35.737024376 ], [ 140.500776651, 35.737530668 ], [ 140.501196111000013, 35.737479026 ] ] ] } },
{ "type": "Feature", "properties": { "fid": 41, "水田面積": 1031, "備考": null, "地名地番": "東輝細町36", "検索_AreaOnRegistry": 1031.0, "検索_Address": "東輝細町36", "検索_Tiban": "36", "地番": "36", "散布面積※小数点": 9.93 }, "geometry": { "type": "Polygon", "coordinates": [ [ [ 140.501196111000013, 35.737479026 ], [ 140.501099912, 35.736971692 ], [ 140.500851108, 35.737002402 ], [ 140.500679112, 35.737024376 ], [ 140.500776651, 35.737530668 ], [ 140.501196111000013, 35.737479026 ] ] ] } },
{ "type": "Feature", "properties": { "fid": 42, "水田面積": 304, "備考": null, "地名地番": "東輝細町38-2", "検索_AreaOnRegistry": 304.0, "検索_Address": "東輝細町38-2", "検索_Tiban": "38-2", "地番": "38-2", "散布面積※小数点": 2.93 }, "geometry": { "type": "Polygon", "coordinates": [ [ [ 140.500776651, 35.737530668 ], [ 140.500679112, 35.737024376 ], [ 140.500262074, 35.737077654 ], [ 140.50035804800001, 35.737582202 ], [ 140.500776651, 35.737530668 ] ] ] } },
{ "type": "Feature", "properties": { "fid": 43, "水田面積": 1031, "備考": null, "地名地番": "東輝細町62", "検索_AreaOnRegistry": 1031.0, "検索_Address": "東輝細町62", "検索_Tiban": "62", "地番": "62", "散布面積※小数点": 9.93 }, "geometry": { "type": "Polygon", "coordinates": [ [ [ 140.501648021, 35.737952456 ], [ 140.50155534000001, 35.737459698 ], [ 140.501156133, 35.737503593 ], [ 140.501236173, 35.73800217 ], [ 140.501648021, 35.737952456 ] ] ] } },
{ "type": "Feature", "properties": { "fid": 44, "水田面積": 1031, "備考": null, "地名地番": "東輝細町63", "検索_AreaOnRegistry": 1031.0, "検索_Address": "東輝細町63", "検索_Tiban": "63", "地番": "63", "散布面積※小数点": 9.93 }, "geometry": { "type": "Polygon", "coordinates": [ [ [ 140.501648021, 35.737952456 ], [ 140.50155534000001, 35.737459698 ], [ 140.501156133, 35.737503593 ], [ 140.501236173, 35.73800217 ], [ 140.501648021, 35.737952456 ] ] ] } },
{ "type": "Feature", "properties": { "fid": 45, "水田面積": 1031, "備考": null, "地名地番": "東輝仲町71", "検索_AreaOnRegistry": 1031.0, "検索_Address": "東輝仲町71", "検索_Tiban": "71", "地番": "71", "散布面積※小数点": 9.93 }, "geometry": { "type": "Polygon", "coordinates": [ [ [ 140.501546779, 35.738506597 ], [ 140.501457029, 35.738010853 ], [ 140.500886503, 35.738068891 ], [ 140.500974417, 35.738573423 ], [ 140.501546779, 35.738506597 ] ] ] } },
{ "type": "Feature", "properties": { "fid": 46, "水田面積": 1031, "備考": null, "地名地番": "東輝仲町72", "検索_AreaOnRegistry": 1031.0, "検索_Address": "東輝仲町72", "検索_Tiban": "72", "地番": "72", "散布面積※小数点": 9.93 }, "geometry": { "type": "Polygon", "coordinates": [ [ [ 140.501546779, 35.738506597 ], [ 140.501457029, 35.738010853 ], [ 140.500886503, 35.738068891 ], [ 140.500974417, 35.738573423 ], [ 140.501546779, 35.738506597 ] ] ] } },
{ "type": "Feature", "properties": { "fid": 47, "水田面積": 1101, "備考": null, "地名地番": "東輝仲町115-1", "検索_AreaOnRegistry": 1101.0, "検索_Address": "東輝仲町115-1", "検索_Tiban": "115-1", "地番": "115-1", "散布面積※小数点": 10.61 }, "geometry": { "type": "Polygon", "coordinates": [ [ [ 140.500053283, 35.739734533 ], [ 140.499718742999988, 35.739282677 ], [ 140.499510361, 35.739308506 ], [ 140.499527871, 35.739342122 ], [ 140.499568047, 35.739407922 ], [ 140.499649807999987, 35.739501586 ], [ 140.499710848, 35.739589745 ], [ 140.499783982999986, 35.739682053 ], [ 140.499843288, 35.739768817 ], [ 140.499891892, 35.739812095 ], [ 140.500053283, 35.739734533 ] ] ] } },
{ "type": "Feature", "properties": { "fid": 48, "水田面積": 3, "備考": null, "地名地番": "東輝仲町115-2", "検索_AreaOnRegistry": 2.62, "検索_Address": "東輝仲町115-2", "検索_Tiban": "115-2", "地番": "115-2", "散布面積※小数点": 0.02 }, "geometry": { "type": "Polygon", "coordinates": [ [ [ 140.499301532, 35.739336068 ], [ 140.499390989, 35.739457316 ], [ 140.499537471999986, 35.739391887 ], [ 140.499522377, 35.739372305 ], [ 140.499487396, 35.739309754 ], [ 140.499301532, 35.739336068 ] ] ] } },
{ "type": "Feature", "properties": { "fid": 49, "水田面積": 225, "備考": null, "地名地番": "東輝仲町116-1", "検索_AreaOnRegistry": 225.0, "検索_Address": "東輝仲町116-1", "検索_Tiban": "116-1", "地番": "116-1", "散布面積※小数点": 2.16 }, "geometry": { "type": "Polygon", "coordinates": [ [ [ 140.499301532, 35.739336068 ], [ 140.499390989, 35.739457316 ], [ 140.499537471999986, 35.739391887 ], [ 140.499522377, 35.739372305 ], [ 140.499487396, 35.739309754 ], [ 140.499301532, 35.739336068 ] ] ] } },
{ "type": "Feature", "properties": { "fid": 50, "水田面積": 8, "備考": null, "地名地番": "東輝仲町116-3", "検索_AreaOnRegistry": 7.75, "検索_Address": "東輝仲町116-3", "検索_Tiban": "116-3", "地番": "116-3", "散布面積※小数点": 0.07 }, "geometry": { "type": "Polygon", "coordinates": [ [ [ 140.499301532, 35.739336068 ], [ 140.499390989, 35.739457316 ], [ 140.499537471999986, 35.739391887 ], [ 140.499522377, 35.739372305 ], [ 140.499487396, 35.739309754 ], [ 140.499301532, 35.739336068 ] ] ] } },
{ "type": "Feature", "properties": { "fid": 51, "水田面積": 8, "備考": null, "地名地番": "東輝仲町116-4", "検索_AreaOnRegistry": 7.92, "検索_Address": "東輝仲町116-4", "検索_Tiban": "116-4", "地番": "116-4", "散布面積※小数点": 0.07 }, "geometry": { "type": "Polygon", "coordinates": [ [ [ 140.499301532, 35.739336068 ], [ 140.499390989, 35.739457316 ], [ 140.499537471999986, 35.739391887 ], [ 140.499522377, 35.739372305 ], [ 140.499487396, 35.739309754 ], [ 140.499301532, 35.739336068 ] ] ] } },
{ "type": "Feature", "properties": { "fid": 52, "水田面積": 892, "備考": null, "地名地番": "東輝永田222-2", "検索_AreaOnRegistry": 892.0, "検索_Address": "東輝永田222-2", "検索_Tiban": "222-2", "地番": "222-2", "散布面積※小数点": 8.59 }, "geometry": { "type": "Polygon", "coordinates": [ [ [ 140.502667368, 35.743424973 ], [ 140.502339713, 35.742959373 ], [ 140.502152900999988, 35.743045911 ], [ 140.502479877000013, 35.743512582 ], [ 140.502667368, 35.743424973 ] ] ] } },
{ "type": "Feature", "properties": { "fid": 53, "水田面積": 1031, "備考": null, "地名地番": "東輝永田223", "検索_AreaOnRegistry": 1031.0, "検索_Address": "東輝永田223", "検索_Tiban": "223", "地番": "223", "散布面積※小数点": 9.93 }, "geometry": { "type": "Polygon", "coordinates": [ [ [ 140.502479877000013, 35.743512582 ], [ 140.502152900999988, 35.743045911 ], [ 140.501792801, 35.743212722 ], [ 140.502120518, 35.743680497 ], [ 140.502479877000013, 35.743512582 ] ] ] } },
{ "type": "Feature", "properties": { "fid": 54, "水田面積": 1031, "備考": null, "地名地番": "東輝永田224", "検索_AreaOnRegistry": 1031.0, "検索_Address": "東輝永田224", "検索_Tiban": "224", "地番": "224", "散布面積※小数点": 9.93 }, "geometry": { "type": "Polygon", "coordinates": [ [ [ 140.502479877000013, 35.743512582 ], [ 140.502152900999988, 35.743045911 ], [ 140.501792801, 35.743212722 ], [ 140.502120518, 35.743680497 ], [ 140.502479877000013, 35.743512582 ] ] ] } },
{ "type": "Feature", "properties": { "fid": 55, "水田面積": 633, "備考": null, "地名地番": "東輝細町6-2", "検索_AreaOnRegistry": 633.0, "検索_Address": "東輝細町6-2", "検索_Tiban": "6-2", "地番": "6-2", "散布面積※小数点": 6.1 }, "geometry": { "type": "Polygon", "coordinates": [ [ [ 140.501314336, 35.736122228 ], [ 140.501346016000014, 35.736281519 ], [ 140.501390414000014, 35.736552691 ], [ 140.501606548000012, 35.736524562 ], [ 140.501536456, 35.736068755 ], [ 140.501495772999988, 35.736042861 ], [ 140.501458737, 35.73604994 ], [ 140.501314336, 35.736122228 ] ] ] } },
{ "type": "Feature", "properties": { "fid": 56, "水田面積": 252, "備考": null, "地名地番": "東輝細町6-3", "検索_AreaOnRegistry": 252.0, "検索_Address": "東輝細町6-3", "検索_Tiban": "6-3", "地番": "6-3", "散布面積※小数点": 2.42 }, "geometry": { "type": "Polygon", "coordinates": [ [ [ 140.501314336, 35.736122228 ], [ 140.501346016000014, 35.736281519 ], [ 140.501390414000014, 35.736552691 ], [ 140.501606548000012, 35.736524562 ], [ 140.501536456, 35.736068755 ], [ 140.501495772999988, 35.736042861 ], [ 140.501458737, 35.73604994 ], [ 140.501314336, 35.736122228 ] ] ] } },
{ "type": "Feature", "properties": { "fid": 57, "水田面積": 23, "備考": null, "地名地番": "東輝細町6-4", "検索_AreaOnRegistry": 23.0, "検索_Address": "東輝細町6-4", "検索_Tiban": "6-4", "地番": "6-4", "散布面積※小数点": 0.22 }, "geometry": { "type": "Polygon", "coordinates": [ [ [ 140.501314336, 35.736122228 ], [ 140.501346016000014, 35.736281519 ], [ 140.501390414000014, 35.736552691 ], [ 140.501606548000012, 35.736524562 ], [ 140.501536456, 35.736068755 ], [ 140.501495772999988, 35.736042861 ], [ 140.501458737, 35.73604994 ], [ 140.501314336, 35.736122228 ] ] ] } },
{ "type": "Feature", "properties": { "fid": 58, "水田面積": 1031, "備考": null, "地名地番": "東輝細町33", "検索_AreaOnRegistry": 1031.0, "検索_Address": "東輝細町33", "検索_Tiban": "33", "地番": "33", "散布面積※小数点": 9.93 }, "geometry": { "type": "Polygon", "coordinates": [ [ [ 140.501570324, 35.737436931 ], [ 140.50146582, 35.736935697 ], [ 140.501099912, 35.736971692 ], [ 140.501196111000013, 35.737479026 ], [ 140.501570324, 35.737436931 ] ] ] } },
{ "type": "Feature", "properties": { "fid": 59, "水田面積": 565, "備考": null, "地名地番": "東輝細町34-1", "検索_AreaOnRegistry": 565.0, "検索_Address": "東輝細町34-1", "検索_Tiban": "34-1", "地番": "34-1", "散布面積※小数点": 5.44 }, "geometry": { "type": "Polygon", "coordinates": [ [ [ 140.501570324, 35.737436931 ], [ 140.50146582, 35.736935697 ], [ 140.501099912, 35.736971692 ], [ 140.501196111000013, 35.737479026 ], [ 140.501570324, 35.737436931 ] ] ] } },
{ "type": "Feature", "properties": { "fid": 60, "水田面積": 1031, "備考": null, "地名地番": "東輝仲町92", "検索_AreaOnRegistry": 1031.0, "検索_Address": "東輝仲町92", "検索_Tiban": "92", "地番": "92", "散布面積※小数点": 9.93 }, "geometry": { "type": "Polygon", "coordinates": [ [ [ 140.498700684999989, 35.738866154 ], [ 140.498794729, 35.73936718 ], [ 140.49919603, 35.739316829 ], [ 140.499103377000012, 35.738815133 ], [ 140.498700684999989, 35.738866154 ] ] ] } },
{ "type": "Feature", "properties": { "fid": 61, "水田面積": 1031, "備考": null, "地名地番": "東輝仲町93", "検索_AreaOnRegistry": 1031.0, "検索_Address": "東輝仲町93", "検索_Tiban": "93", "地番": "93", "散布面積※小数点": 9.93 }, "geometry": { "type": "Polygon", "coordinates": [ [ [ 140.498700684999989, 35.738866154 ], [ 140.498794729, 35.73936718 ], [ 140.49919603, 35.739316829 ], [ 140.499103377000012, 35.738815133 ], [ 140.498700684999989, 35.738866154 ] ] ] } },
{ "type": "Feature", "properties": { "fid": 62, "水田面積": 1031, "備考": null, "地名地番": "東輝仲町94", "検索_AreaOnRegistry": 1031.0, "検索_Address": "東輝仲町94", "検索_Tiban": "94", "地番": "94", "散布面積※小数点": 9.93 }, "geometry": { "type": "Polygon", "coordinates": [ [ [ 140.499103377000012, 35.738815133 ], [ 140.49919603, 35.739316829 ], [ 140.499586552000011, 35.73926783 ], [ 140.499502183, 35.738764604 ], [ 140.499103377000012, 35.738815133 ] ] ] } },
{ "type": "Feature", "properties": { "fid": 63, "水田面積": 568, "備考": null, "地名地番": "東輝道口134", "検索_AreaOnRegistry": 568.0, "検索_Address": "東輝道口134", "検索_Tiban": "134", "地番": "134", "散布面積※小数点": 5.47 }, "geometry": { "type": "Polygon", "coordinates": [ [ [ 140.502145481000014, 35.739350449 ], [ 140.502213596, 35.73932945 ], [ 140.502220935, 35.738997415 ], [ 140.501884853, 35.739034338 ], [ 140.502145481000014, 35.739350449 ] ] ] } },
{ "type": "Feature", "properties": { "fid": 64, "水田面積": 981, "備考": null, "地名地番": "東輝永田196-1", "検索_AreaOnRegistry": 981.0, "検索_Address": "東輝永田196-1", "検索_Tiban": "196-1", "地番": "196-1", "散布面積※小数点": 9.45 }, "geometry": { "type": "Polygon", "coordinates": [ [ [ 140.501686647000014, 35.742035974 ], [ 140.502003128000013, 35.742484465 ], [ 140.502362073, 35.742315824 ], [ 140.502041983, 35.74186583 ], [ 140.501686647000014, 35.742035974 ] ] ] } },
{ "type": "Feature", "properties": { "fid": 65, "水田面積": 545, "備考": null, "地名地番": "東輝永田197-1", "検索_AreaOnRegistry": 545.0, "検索_Address": "東輝永田197-1", "検索_Tiban": "197-1", "地番": "197-1", "散布面積※小数点": 5.25 }, "geometry": { "type": "Polygon", "coordinates": [ [ [ 140.501686647000014, 35.742035974 ], [ 140.502003128000013, 35.742484465 ], [ 140.502362073, 35.742315824 ], [ 140.502041983, 35.74186583 ], [ 140.501686647000014, 35.742035974 ] ] ] } },
{ "type": "Feature", "properties": { "fid": 66, "水田面積": 485, "備考": null, "地名地番": "東輝永田197-2", "検索_AreaOnRegistry": 485.0, "検索_Address": "東輝永田197-2", "検索_Tiban": "197-2", "地番": "197-2", "散布面積※小数点": 4.67 }, "geometry": { "type": "Polygon", "coordinates": [ [ [ 140.501686647000014, 35.742035974 ], [ 140.502003128000013, 35.742484465 ], [ 140.502362073, 35.742315824 ], [ 140.502041983, 35.74186583 ], [ 140.501686647000014, 35.742035974 ] ] ] } },
{ "type": "Feature", "properties": { "fid": 67, "水田面積": 1031, "備考": null, "地名地番": "東輝永田198", "検索_AreaOnRegistry": 1031.0, "検索_Address": "東輝永田198", "検索_Tiban": "198", "地番": "198", "散布面積※小数点": 9.93 }, "geometry": { "type": "Polygon", "coordinates": [ [ [ 140.501320048999986, 35.742211509 ], [ 140.501638159, 35.742655934 ], [ 140.502003128000013, 35.742484465 ], [ 140.501686647000014, 35.742035974 ], [ 140.501320048999986, 35.742211509 ] ] ] } },
{ "type": "Feature", "properties": { "fid": 68, "水田面積": 687, "備考": null, "地名地番": "東輝細町24", "検索_AreaOnRegistry": 687.0, "検索_Address": "東輝細町24", "検索_Tiban": "24", "地番": "24", "散布面積※小数点": 6.62 }, "geometry": { "type": "Polygon", "coordinates": [ [ [ 140.501662587, 35.736874804 ], [ 140.501611761, 35.736543091 ], [ 140.501239238000011, 35.736588348 ], [ 140.501299924, 35.73691972 ], [ 140.501662587, 35.736874804 ] ] ] } },
{ "type": "Feature", "properties": { "fid": 69, "水田面積": 1031, "備考": null, "地名地番": "東輝細町30", "検索_AreaOnRegistry": 1031.0, "検索_Address": "東輝細町30", "検索_Tiban": "30", "地番": "30", "散布面積※小数点": 9.93 }, "geometry": { "type": "Polygon", "coordinates": [ [ [ 140.502259224, 35.736844681 ], [ 140.501877696, 35.736890105 ], [ 140.501977111, 35.737387244 ], [ 140.502252488000011, 35.737350657 ], [ 140.502259224, 35.736844681 ] ] ] } },
{ "type": "Feature", "properties": { "fid": 70, "水田面積": 1031, "備考": null, "地名地番": "東輝仲町91", "検索_AreaOnRegistry": 1031.0, "検索_Address": "東輝仲町91", "検索_Tiban": "91", "地番": "91", "散布面積※小数点": 9.93 }, "geometry": { "type": "Polygon", "coordinates": [ [ [ 140.49859767, 35.739391904 ], [ 140.498794729, 35.73936718 ], [ 140.498700684999989, 35.738866154 ], [ 140.498273273, 35.738920304 ], [ 140.498328879000013, 35.739214028 ], [ 140.498563217, 35.739185599 ], [ 140.49859767, 35.739391904 ] ] ] } },
{ "type": "Feature", "properties": { "fid": 71, "水田面積": 1031, "備考": null, "地名地番": "東輝永田207", "検索_AreaOnRegistry": 1031.0, "検索_Address": "東輝永田207", "検索_Tiban": "207", "地番": "207", "散布面積※小数点": 9.93 }, "geometry": { "type": "Polygon", "coordinates": [ [ [ 140.501406373, 35.743373087 ], [ 140.501096604999987, 35.742945311 ], [ 140.500945548, 35.743016812 ], [ 140.500963956, 35.743054637 ], [ 140.50111551, 35.743251863 ], [ 140.50125262200001, 35.743444902 ], [ 140.501406373, 35.743373087 ] ] ] } },
{ "type": "Feature", "properties": { "fid": 72, "水田面積": 1031, "備考": null, "地名地番": "東輝永田208", "検索_AreaOnRegistry": 1031.0, "検索_Address": "東輝永田208", "検索_Tiban": "208", "地番": "208", "散布面積※小数点": 9.93 }, "geometry": { "type": "Polygon", "coordinates": [ [ [ 140.501096604999987, 35.742945311 ], [ 140.501406373, 35.743373087 ], [ 140.50160151, 35.743281941 ], [ 140.501290049, 35.742853748 ], [ 140.501096604999987, 35.742945311 ] ] ] } },
{ "type": "Feature", "properties": { "fid": 73, "水田面積": 1018, "備考": null, "地名地番": "東輝道口150", "検索_AreaOnRegistry": 1018.0, "検索_Address": "東輝道口150", "検索_Tiban": "150", "地番": "150", "散布面積※小数点": 9.81 }, "geometry": { "type": "Polygon", "coordinates": [ [ [ 140.501382667, 35.740942483 ], [ 140.501071298, 35.740512971 ], [ 140.500762888, 35.740658933 ], [ 140.500725253000013, 35.740691451 ], [ 140.500543181000012, 35.740780783 ], [ 140.500838049, 35.741194563 ], [ 140.501021839, 35.741109495 ], [ 140.501382667, 35.740942483 ] ] ] } },
{ "type": "Feature", "properties": { "fid": 74, "水田面積": 1031, "備考": null, "地名地番": "東輝道口151", "検索_AreaOnRegistry": 1031.0, "検索_Address": "東輝道口151", "検索_Tiban": "151", "地番": "151", "散布面積※小数点": 9.93 }, "geometry": { "type": "Polygon", "coordinates": [ [ [ 140.501382667, 35.740942483 ], [ 140.501071298, 35.740512971 ], [ 140.500762888, 35.740658933 ], [ 140.500725253000013, 35.740691451 ], [ 140.500543181000012, 35.740780783 ], [ 140.500838049, 35.741194563 ], [ 140.501021839, 35.741109495 ], [ 140.501382667, 35.740942483 ] ] ] } },
{ "type": "Feature", "properties": { "fid": 75, "水田面積": 1031, "備考": null, "地名地番": "東輝道口152", "検索_AreaOnRegistry": 1031.0, "検索_Address": "東輝道口152", "検索_Tiban": "152", "地番": "152", "散布面積※小数点": 9.93 }, "geometry": { "type": "Polygon", "coordinates": [ [ [ 140.501382667, 35.740942483 ], [ 140.501071298, 35.740512971 ], [ 140.500762888, 35.740658933 ], [ 140.500725253000013, 35.740691451 ], [ 140.500543181000012, 35.740780783 ], [ 140.500838049, 35.741194563 ], [ 140.501021839, 35.741109495 ], [ 140.501382667, 35.740942483 ] ] ] } },
{ "type": "Feature", "properties": { "fid": 76, "水田面積": 985, "備考": null, "地名地番": "東輝道口171", "検索_AreaOnRegistry": 985.0, "検索_Address": "東輝道口171", "検索_Tiban": "171", "地番": "171", "散布面積※小数点": 9.49 }, "geometry": { "type": "Polygon", "coordinates": [ [ [ 140.499997933, 35.741674136 ], [ 140.500283852, 35.742074584 ], [ 140.500626585, 35.741911167 ], [ 140.500307082, 35.741462172 ], [ 140.500265246, 35.74148111 ], [ 140.500225938, 35.741535208 ], [ 140.500179745999986, 35.741574796 ], [ 140.500088864, 35.741627275 ], [ 140.499997933, 35.741674136 ] ] ] } },
{ "type": "Feature", "properties": { "fid": 77, "水田面積": 1031, "備考": null, "地名地番": "東輝道口162", "検索_AreaOnRegistry": 1031.0, "検索_Address": "東輝道口162", "検索_Tiban": "162", "地番": "162", "散布面積※小数点": 9.93 }, "geometry": { "type": "Polygon", "coordinates": [ [ [ 140.501763025, 35.740781187 ], [ 140.502079205, 35.741227284 ], [ 140.502440121, 35.741056964 ], [ 140.502089507, 35.740630097 ], [ 140.501763025, 35.740781187 ] ] ] } },
{ "type": "Feature", "properties": { "fid": 78, "水田面積": 1031, "備考": null, "地名地番": "東輝道口163", "検索_AreaOnRegistry": 1031.0, "検索_Address": "東輝道口163", "検索_Tiban": "163", "地番": "163", "散布面積※小数点": 9.93 }, "geometry": { "type": "Polygon", "coordinates": [ [ [ 140.50139123, 35.740958178 ], [ 140.501705593, 35.741403594 ], [ 140.502079205, 35.741227284 ], [ 140.501763025, 35.740781187 ], [ 140.50139123, 35.740958178 ] ] ] } },
{ "type": "Feature", "properties": { "fid": 79, "水田面積": 7, "備考": null, "地名地番": "東輝道口172-3", "検索_AreaOnRegistry": 6.61, "検索_Address": "東輝道口172-3", "検索_Tiban": "172-3", "地番": "172-3", "散布面積※小数点": 0.06 }, "geometry": { "type": "Polygon", "coordinates": [ [ [ 140.499997933, 35.741674136 ], [ 140.500283852, 35.742074584 ], [ 140.500626585, 35.741911167 ], [ 140.500307082, 35.741462172 ], [ 140.500265246, 35.74148111 ], [ 140.500225938, 35.741535208 ], [ 140.500179745999986, 35.741574796 ], [ 140.500088864, 35.741627275 ], [ 140.499997933, 35.741674136 ] ] ] } },
{ "type": "Feature", "properties": { "fid": 80, "水田面積": 76, "備考": null, "地名地番": "東輝道口172-4", "検索_AreaOnRegistry": 76.0, "検索_Address": "東輝道口172-4", "検索_Tiban": "172-4", "地番": "172-4", "散布面積※小数点": 0.73 }, "geometry": { "type": "Polygon", "coordinates": [ [ [ 140.499997933, 35.741674136 ], [ 140.500283852, 35.742074584 ], [ 140.500626585, 35.741911167 ], [ 140.500307082, 35.741462172 ], [ 140.500265246, 35.74148111 ], [ 140.500225938, 35.741535208 ], [ 140.500179745999986, 35.741574796 ], [ 140.500088864, 35.741627275 ], [ 140.499997933, 35.741674136 ] ] ] } },
{ "type": "Feature", "properties": { "fid": 81, "水田面積": 879, "備考": null, "地名地番": "東輝道口173-1", "検索_AreaOnRegistry": 879.0, "検索_Address": "東輝道口173-1", "検索_Tiban": "173-1", "地番": "173-1", "散布面積※小数点": 8.47 }, "geometry": { "type": "Polygon", "coordinates": [ [ [ 140.499903126761581, 35.74225568574667 ], [ 140.500283852, 35.742074584 ], [ 140.499997933, 35.741674136 ], [ 140.499855677, 35.741764826 ], [ 140.499791051407215, 35.741840342175394 ], [ 140.499722526069235, 35.741999116570064 ], [ 140.499903126761581, 35.74225568574667 ] ] ] } },
{ "type": "Feature", "properties": { "fid": 82, "水田面積": 1031, "備考": null, "地名地番": "東輝永田183", "検索_AreaOnRegistry": 1031.0, "検索_Address": "東輝永田183", "検索_Tiban": "183", "地番": "183", "散布面積※小数点": 9.93 }, "geometry": { "type": "Polygon", "coordinates": [ [ [ 140.501672555, 35.742022441 ], [ 140.501367771, 35.741598036 ], [ 140.501010033, 35.741766727 ], [ 140.501310303999986, 35.742194184 ], [ 140.501672555, 35.742022441 ] ] ] } },
{ "type": "Feature", "properties": { "fid": 83, "水田面積": 1031, "備考": null, "地名地番": "東輝永田202", "検索_AreaOnRegistry": 1031.0, "検索_Address": "東輝永田202", "検索_Tiban": "202", "地番": "202", "散布面積※小数点": 9.93 }, "geometry": { "type": "Polygon", "coordinates": [ [ [ 140.500762124, 35.742483409 ], [ 140.501077722, 35.742919235 ], [ 140.501275979000013, 35.742826092 ], [ 140.500962957000013, 35.742385536 ], [ 140.500762124, 35.742483409 ] ] ] } },
{ "type": "Feature", "properties": { "fid": 84, "水田面積": 1031, "備考": null, "地名地番": "東輝永田203", "検索_AreaOnRegistry": 1031.0, "検索_Address": "東輝永田203", "検索_Tiban": "203", "地番": "203", "散布面積※小数点": 9.93 }, "geometry": { "type": "Polygon", "coordinates": [ [ [ 140.501077722, 35.742919235 ], [ 140.500762124, 35.742483409 ], [ 140.500599318000013, 35.742562751 ], [ 140.500906267, 35.742999786 ], [ 140.501077722, 35.742919235 ] ] ] } },
{ "type": "Feature", "properties": { "fid": 85, "水田面積": 760, "備考": null, "地名地番": "東輝永田204-1", "検索_AreaOnRegistry": 760.0, "検索_Address": "東輝永田204-1", "検索_Tiban": "204-1", "地番": "204-1", "散布面積※小数点": 7.32 }, "geometry": { "type": "Polygon", "coordinates": [ [ [ 140.500409487364436, 35.742655339459304 ], [ 140.500704505106569, 35.743080287140216 ], [ 140.500906267, 35.742999786 ], [ 140.500599318000013, 35.742562751 ], [ 140.500409487364436, 35.742655339459304 ] ] ] } },
{ "type": "Feature", "properties": { "fid": 86, "水田面積": 271, "備考": null, "地名地番": "東輝永田204-2", "検索_AreaOnRegistry": 271.0, "検索_Address": "東輝永田204-2", "検索_Tiban": "204-2", "地番": "204-2", "散布面積※小数点": 2.61 }, "geometry": { "type": "Polygon", "coordinates": [ [ [ 140.500409487364436, 35.742655339459304 ], [ 140.500704505106569, 35.743080287140216 ], [ 140.500906267, 35.742999786 ], [ 140.500599318000013, 35.742562751 ], [ 140.500409487364436, 35.742655339459304 ] ] ] } },
{ "type": "Feature", "properties": { "fid": 87, "水田面積": 62, "備考": null, "地名地番": "東輝永田201-1", "検索_AreaOnRegistry": 62.0, "検索_Address": "東輝永田201-1", "検索_Tiban": "201-1", "地番": "201-1", "散布面積※小数点": 0.59 }, "geometry": { "type": "Polygon", "coordinates": [ [ [ 140.500962957000013, 35.742385536 ], [ 140.501275979000013, 35.742826092 ], [ 140.501638159, 35.742655934 ], [ 140.501320048999986, 35.742211509 ], [ 140.500962957000013, 35.742385536 ] ] ] } },
{ "type": "Feature", "properties": { "fid": 88, "水田面積": 1031, "備考": null, "地名地番": "東輝道口168", "検索_AreaOnRegistry": 1031.0, "検索_Address": "東輝道口168", "検索_Tiban": "168", "地番": "168", "散布面積※小数点": 9.93 }, "geometry": { "type": "Polygon", "coordinates": [ [ [ 140.500671204000014, 35.741297374 ], [ 140.500986641, 35.741742866 ], [ 140.50135176, 35.741570568 ], [ 140.501035183999988, 35.741125908 ], [ 140.500671204000014, 35.741297374 ] ] ] } },
{ "type": "Feature", "properties": { "fid": 89, "水田面積": 1031, "備考": null, "地名地番": "東輝道口169", "検索_AreaOnRegistry": 1031.0, "検索_Address": "東輝道口169", "検索_Tiban": "169", "地番": "169", "散布面積※小数点": 9.93 }, "geometry": { "type": "Polygon", "coordinates": [ [ [ 140.500503529000014, 35.741376362 ], [ 140.500817399999988, 35.74182273 ], [ 140.500986641, 35.741742866 ], [ 140.500671204000014, 35.741297374 ], [ 140.500503529000014, 35.741376362 ] ] ] } },
{ "type": "Feature", "properties": { "fid": 90, "水田面積": 1031, "備考": null, "地名地番": "東輝永田184", "検索_AreaOnRegistry": 1031.0, "検索_Address": "東輝永田184", "検索_Tiban": "184", "地番": "184", "散布面積※小数点": 9.93 }, "geometry": { "type": "Polygon", "coordinates": [ [ [ 140.501672555, 35.742022441 ], [ 140.501367771, 35.741598036 ], [ 140.501010033, 35.741766727 ], [ 140.501310303999986, 35.742194184 ], [ 140.501672555, 35.742022441 ] ] ] } },
{ "type": "Feature", "properties": { "fid": 91, "水田面積": 287, "備考": null, "地名地番": "東輝永田185-2", "検索_AreaOnRegistry": 287.0, "検索_Address": "東輝永田185-2", "検索_Tiban": "185-2", "地番": "185-2", "散布面積※小数点": 2.76 }, "geometry": { "type": "Polygon", "coordinates": [ [ [ 140.502030760999986, 35.741850703 ], [ 140.501728535000012, 35.741427916 ], [ 140.501367771, 35.741598036 ], [ 140.501672555, 35.742022441 ], [ 140.502030760999986, 35.741850703 ] ] ] } },
{ "type": "Feature", "properties": { "fid": 92, "水田面積": 1399, "備考": null, "地名地番": "東輝仲町117-1", "検索_AreaOnRegistry": 1399.0, "検索_Address": "東輝仲町117-1", "検索_Tiban": "117-1", "地番": "117-1", "散布面積※小数点": 13.48 }, "geometry": { "type": "Polygon", "coordinates": [ [ [ 140.499388233, 35.739816006 ], [ 140.499581404999986, 35.739720915 ], [ 140.499390989, 35.739457316 ], [ 140.499301532, 35.739336068 ], [ 140.499062142000014, 35.73936502 ], [ 140.499274289, 35.739650879 ], [ 140.499388233, 35.739816006 ] ] ] } },
{ "type": "Feature", "properties": { "fid": 93, "水田面積": 24, "備考": null, "地名地番": "東輝仲町117-2", "検索_AreaOnRegistry": 24.0, "検索_Address": "東輝仲町117-2", "検索_Tiban": "117-2", "地番": "117-2", "散布面積※小数点": 0.23 }, "geometry": { "type": "Polygon", "coordinates": [ [ [ 140.499700601, 35.739885919 ], [ 140.499581404999986, 35.739720915 ], [ 140.499388233, 35.739816006 ], [ 140.499489999, 35.739966966 ], [ 140.499530599, 35.740014501 ], [ 140.499578373, 35.739958048 ], [ 140.499633217, 35.739923094 ], [ 140.499700601, 35.739885919 ] ] ] } },
{ "type": "Feature", "properties": { "fid": 94, "水田面積": 14, "備考": null, "地名地番": "東輝仲町117-3", "検索_AreaOnRegistry": 14.0, "検索_Address": "東輝仲町117-3", "検索_Tiban": "117-3", "地番": "117-3", "散布面積※小数点": 0.13 }, "geometry": { "type": "Polygon", "coordinates": [ [ [ 140.499700601, 35.739885919 ], [ 140.499581404999986, 35.739720915 ], [ 140.499388233, 35.739816006 ], [ 140.499489999, 35.739966966 ], [ 140.499530599, 35.740014501 ], [ 140.499578373, 35.739958048 ], [ 140.499633217, 35.739923094 ], [ 140.499700601, 35.739885919 ] ] ] } },
{ "type": "Feature", "properties": { "fid": 95, "水田面積": 700, "備考": null, "地名地番": "東輝仲町118-1", "検索_AreaOnRegistry": 700.0, "検索_Address": "東輝仲町118-1", "検索_Tiban": "118-1", "地番": "118-1", "散布面積※小数点": 6.74 }, "geometry": { "type": "Polygon", "coordinates": [ [ [ 140.499095753, 35.739729594 ], [ 140.499274289, 35.739650879 ], [ 140.499062142000014, 35.73936502 ], [ 140.498855169, 35.739391918 ], [ 140.498919107, 35.739483339 ], [ 140.498944695, 35.739521594 ], [ 140.498975988000012, 35.739555134 ], [ 140.498992319, 35.739585011 ], [ 140.499005147, 35.739608353 ], [ 140.49903648, 35.739646575 ], [ 140.499071179999987, 35.739675415 ], [ 140.499095753, 35.739729594 ] ] ] } },
{ "type": "Feature", "properties": { "fid": 96, "水田面積": 254, "備考": null, "地名地番": "東輝細町52-1", "検索_AreaOnRegistry": 254.0, "検索_Address": "東輝細町52-1", "検索_Tiban": "52-1", "地番": "52-1", "散布面積※小数点": 2.44 }, "geometry": { "type": "Polygon", "coordinates": [ [ [ 140.499224395999988, 35.738246899 ], [ 140.4996528, 35.738193044 ], [ 140.499552013, 35.737696717 ], [ 140.499130068, 35.737747736 ], [ 140.499224395999988, 35.738246899 ] ] ] } },
{ "type": "Feature", "properties": { "fid": 97, "水田面積": 231, "備考": null, "地名地番": "東輝細町52-5", "検索_AreaOnRegistry": 231.0, "検索_Address": "東輝細町52-5", "検索_Tiban": "52-5", "地番": "52-5", "散布面積※小数点": 2.22 }, "geometry": { "type": "Polygon", "coordinates": [ [ [ 140.499224395999988, 35.738246899 ], [ 140.4996528, 35.738193044 ], [ 140.499552013, 35.737696717 ], [ 140.499130068, 35.737747736 ], [ 140.499224395999988, 35.738246899 ] ] ] } },
{ "type": "Feature", "properties": { "fid": 98, "水田面積": 30, "備考": null, "地名地番": "東輝細町52-6", "検索_AreaOnRegistry": 30.0, "検索_Address": "東輝細町52-6", "検索_Tiban": "52-6", "地番": "52-6", "散布面積※小数点": 0.28 }, "geometry": { "type": "Polygon", "coordinates": [ [ [ 140.499224395999988, 35.738246899 ], [ 140.4996528, 35.738193044 ], [ 140.499552013, 35.737696717 ], [ 140.499130068, 35.737747736 ], [ 140.499224395999988, 35.738246899 ] ] ] } },
{ "type": "Feature", "properties": { "fid": 99, "水田面積": 66, "備考": null, "地名地番": "東輝道口159-2", "検索_AreaOnRegistry": 66.0, "検索_Address": "東輝道口159-2", "検索_Tiban": "159-2", "地番": "159-2", "散布面積※小数点": 0.63 }, "geometry": { "type": "Polygon", "coordinates": [ [ [ 140.502504359329038, 35.740610676079754 ], [ 140.502378779619619, 35.740686539496764 ], [ 140.502588306, 35.740980689 ], [ 140.502504359329038, 35.740610676079754 ] ] ] } },
{ "type": "Feature", "properties": { "fid": 100, "水田面積": 595, "備考": null, "地名地番": "東輝仲町108-1", "検索_AreaOnRegistry": 595.0, "検索_Address": "東輝仲町108-1", "検索_Tiban": "108-1", "地番": "108-1", "散布面積※小数点": 5.73 }, "geometry": { "type": "Polygon", "coordinates": [ [ [ 140.501963808, 35.738471287 ], [ 140.502050231, 35.738972583 ], [ 140.502158949, 35.738967854 ], [ 140.502219529, 35.738953083 ], [ 140.502226611999987, 35.738443019 ], [ 140.501963808, 35.738471287 ] ] ] } },
{ "type": "Feature", "properties": { "fid": 101, "水田面積": 353, "備考": null, "地名地番": "東輝仲町108-2", "検索_AreaOnRegistry": 353.0, "検索_Address": "東輝仲町108-2", "検索_Tiban": "108-2", "地番": "108-2", "散布面積※小数点": 3.4 }, "geometry": { "type": "Polygon", "coordinates": [ [ [ 140.501963808, 35.738471287 ], [ 140.502050231, 35.738972583 ], [ 140.502158949, 35.738967854 ], [ 140.502219529, 35.738953083 ], [ 140.502226611999987, 35.738443019 ], [ 140.501963808, 35.738471287 ] ] ] } },
{ "type": "Feature", "properties": { "fid": 102, "水田面積": 1013, "備考": null, "地名地番": "東輝道口130-1", "検索_AreaOnRegistry": 1013.0, "検索_Address": "東輝道口130-1", "検索_Tiban": "130-1", "地番": "130-1", "散布面積※小数点": 9.76 }, "geometry": { "type": "Polygon", "coordinates": [ [ [ 140.501457364, 35.739684635 ], [ 140.502145481000014, 35.739350449 ], [ 140.501884853, 35.739034338 ], [ 140.501639947, 35.739068161 ], [ 140.501596920999987, 35.739074018 ], [ 140.501567655, 35.739076991 ], [ 140.501166103, 35.739271668 ], [ 140.501457364, 35.739684635 ] ] ] } },
{ "type": "Feature", "properties": { "fid": 103, "水田面積": 1013, "備考": null, "地名地番": "東輝道口131-1", "検索_AreaOnRegistry": 1013.0, "検索_Address": "東輝道口131-1", "検索_Tiban": "131-1", "地番": "131-1", "散布面積※小数点": 9.76 }, "geometry": { "type": "Polygon", "coordinates": [ [ [ 140.501457364, 35.739684635 ], [ 140.502145481000014, 35.739350449 ], [ 140.501884853, 35.739034338 ], [ 140.501639947, 35.739068161 ], [ 140.501596920999987, 35.739074018 ], [ 140.501567655, 35.739076991 ], [ 140.501166103, 35.739271668 ], [ 140.501457364, 35.739684635 ] ] ] } },
{ "type": "Feature", "properties": { "fid": 104, "水田面積": 833, "備考": null, "地名地番": "東輝道口132-1", "検索_AreaOnRegistry": 833.0, "検索_Address": "東輝道口132-1", "検索_Tiban": "132-1", "地番": "132-1", "散布面積※小数点": 8.03 }, "geometry": { "type": "Polygon", "coordinates": [ [ [ 140.501457364, 35.739684635 ], [ 140.502145481000014, 35.739350449 ], [ 140.501884853, 35.739034338 ], [ 140.501639947, 35.739068161 ], [ 140.501596920999987, 35.739074018 ], [ 140.501567655, 35.739076991 ], [ 140.501166103, 35.739271668 ], [ 140.501457364, 35.739684635 ] ] ] } },
{ "type": "Feature", "properties": { "fid": 105, "水田面積": 160, "備考": null, "地名地番": "東輝道口132-2", "検索_AreaOnRegistry": 160.0, "検索_Address": "東輝道口132-2", "検索_Tiban": "132-2", "地番": "132-2", "散布面積※小数点": 1.54 }, "geometry": { "type": "Polygon", "coordinates": [ [ [ 140.501457364, 35.739684635 ], [ 140.502145481000014, 35.739350449 ], [ 140.501884853, 35.739034338 ], [ 140.501639947, 35.739068161 ], [ 140.501596920999987, 35.739074018 ], [ 140.501567655, 35.739076991 ], [ 140.501166103, 35.739271668 ], [ 140.501457364, 35.739684635 ] ] ] } },
{ "type": "Feature", "properties": { "fid": 106, "水田面積": 818, "備考": null, "地名地番": "東輝道口133-1", "検索_AreaOnRegistry": 818.0, "検索_Address": "東輝道口133-1", "検索_Tiban": "133-1", "地番": "133-1", "散布面積※小数点": 7.88 }, "geometry": { "type": "Polygon", "coordinates": [ [ [ 140.501457364, 35.739684635 ], [ 140.502145481000014, 35.739350449 ], [ 140.501884853, 35.739034338 ], [ 140.501639947, 35.739068161 ], [ 140.501596920999987, 35.739074018 ], [ 140.501567655, 35.739076991 ], [ 140.501166103, 35.739271668 ], [ 140.501457364, 35.739684635 ] ] ] } },
{ "type": "Feature", "properties": { "fid": 107, "水田面積": 1013, "備考": null, "地名地番": "東輝道口136-1", "検索_AreaOnRegistry": 1013.0, "検索_Address": "東輝道口136-1", "検索_Tiban": "136-1", "地番": "136-1", "散布面積※小数点": 9.76 }, "geometry": { "type": "Polygon", "coordinates": [ [ [ 140.501991495, 35.739458201 ], [ 140.501292670999987, 35.739778775 ], [ 140.501606525, 35.740223315 ], [ 140.502291882, 35.739890942 ], [ 140.501991495, 35.739458201 ] ] ] } },
{ "type": "Feature", "properties": { "fid": 108, "水田面積": 1013, "備考": null, "地名地番": "東輝道口137-1", "検索_AreaOnRegistry": 1013.0, "検索_Address": "東輝道口137-1", "検索_Tiban": "137-1", "地番": "137-1", "散布面積※小数点": 9.76 }, "geometry": { "type": "Polygon", "coordinates": [ [ [ 140.501991495, 35.739458201 ], [ 140.501292670999987, 35.739778775 ], [ 140.501606525, 35.740223315 ], [ 140.502291882, 35.739890942 ], [ 140.501991495, 35.739458201 ] ] ] } },
{ "type": "Feature", "properties": { "fid": 109, "水田面積": 1013, "備考": null, "地名地番": "東輝道口138-1", "検索_AreaOnRegistry": 1013.0, "検索_Address": "東輝道口138-1", "検索_Tiban": "138-1", "地番": "138-1", "散布面積※小数点": 9.76 }, "geometry": { "type": "Polygon", "coordinates": [ [ [ 140.501991495, 35.739458201 ], [ 140.501292670999987, 35.739778775 ], [ 140.501606525, 35.740223315 ], [ 140.502291882, 35.739890942 ], [ 140.501991495, 35.739458201 ] ] ] } },
{ "type": "Feature", "properties": { "fid": 110, "水田面積": 1013, "備考": null, "地名地番": "東輝道口139-1", "検索_AreaOnRegistry": 1013.0, "検索_Address": "東輝道口139-1", "検索_Tiban": "139-1", "地番": "139-1", "散布面積※小数点": 9.76 }, "geometry": { "type": "Polygon", "coordinates": [ [ [ 140.501991495, 35.739458201 ], [ 140.501292670999987, 35.739778775 ], [ 140.501606525, 35.740223315 ], [ 140.502291882, 35.739890942 ], [ 140.501991495, 35.739458201 ] ] ] } },
{ "type": "Feature", "properties": { "fid": 111, "水田面積": 1013, "備考": null, "地名地番": "東輝道口142-1", "検索_AreaOnRegistry": 1013.0, "検索_Address": "東輝道口142-1", "検索_Tiban": "142-1", "地番": "142-1", "散布面積※小数点": 9.76 }, "geometry": { "type": "Polygon", "coordinates": [ [ [ 140.500925409, 35.739953595 ], [ 140.500559845, 35.740125596 ], [ 140.500878384, 35.740567169 ], [ 140.501244171, 35.740394433 ], [ 140.500925409, 35.739953595 ] ] ] } },
{ "type": "Feature", "properties": { "fid": 112, "水田面積": 1013, "備考": null, "地名地番": "東輝道口143-1", "検索_AreaOnRegistry": 1013.0, "検索_Address": "東輝道口143-1", "検索_Tiban": "143-1", "地番": "143-1", "散布面積※小数点": 9.76 }, "geometry": { "type": "Polygon", "coordinates": [ [ [ 140.500925409, 35.739953595 ], [ 140.500559845, 35.740125596 ], [ 140.500878384, 35.740567169 ], [ 140.501244171, 35.740394433 ], [ 140.500925409, 35.739953595 ] ] ] } },
{ "type": "Feature", "properties": { "fid": 113, "水田面積": 534, "備考": null, "地名地番": "東輝道口144-1", "検索_AreaOnRegistry": 534.0, "検索_Address": "東輝道口144-1", "検索_Tiban": "144-1", "地番": "144-1", "散布面積※小数点": 5.14 }, "geometry": { "type": "Polygon", "coordinates": [ [ [ 140.500559845, 35.740125596 ], [ 140.500389967, 35.740209416 ], [ 140.500454429, 35.740294747 ], [ 140.500499682, 35.740349281 ], [ 140.500701931, 35.740634303 ], [ 140.50077059, 35.740603018 ], [ 140.500823919, 35.740592889 ], [ 140.500878384, 35.740567169 ], [ 140.500559845, 35.740125596 ] ] ] } },
{ "type": "Feature", "properties": { "fid": 114, "水田面積": 479, "備考": null, "地名地番": "東輝道口144-2", "検索_AreaOnRegistry": 479.0, "検索_Address": "東輝道口144-2", "検索_Tiban": "144-2", "地番": "144-2", "散布面積※小数点": 4.61 }, "geometry": { "type": "Polygon", "coordinates": [ [ [ 140.500559845, 35.740125596 ], [ 140.500389967, 35.740209416 ], [ 140.500454429, 35.740294747 ], [ 140.500499682, 35.740349281 ], [ 140.500701931, 35.740634303 ], [ 140.50077059, 35.740603018 ], [ 140.500823919, 35.740592889 ], [ 140.500878384, 35.740567169 ], [ 140.500559845, 35.740125596 ] ] ] } },
{ "type": "Feature", "properties": { "fid": 115, "水田面積": 994, "備考": null, "地名地番": "東輝道口145-1", "検索_AreaOnRegistry": 994.0, "検索_Address": "東輝道口145-1", "検索_Tiban": "145-1", "地番": "145-1", "散布面積※小数点": 9.58 }, "geometry": { "type": "Polygon", "coordinates": [ [ [ 140.499926714, 35.740428225 ], [ 140.500010701, 35.740494993 ], [ 140.500368083000012, 35.740787584 ], [ 140.500402436, 35.740774751 ], [ 140.500685607, 35.740639731 ], [ 140.500385805, 35.740226999 ], [ 140.500270756, 35.740273993 ], [ 140.50022773, 35.74027985 ], [ 140.499926714, 35.740428225 ] ] ] } },
{ "type": "Feature", "properties": { "fid": 116, "水田面積": 936, "備考": null, "地名地番": "東輝道口146-1", "検索_AreaOnRegistry": 936.0, "検索_Address": "東輝道口146-1", "検索_Tiban": "146-1", "地番": "146-1", "散布面積※小数点": 9.02 }, "geometry": { "type": "Polygon", "coordinates": [ [ [ 140.499926714, 35.740428225 ], [ 140.500010701, 35.740494993 ], [ 140.500368083000012, 35.740787584 ], [ 140.500402436, 35.740774751 ], [ 140.500685607, 35.740639731 ], [ 140.500385805, 35.740226999 ], [ 140.500270756, 35.740273993 ], [ 140.50022773, 35.74027985 ], [ 140.499926714, 35.740428225 ] ] ] } },
{ "type": "Feature", "properties": { "fid": 117, "水田面積": 1031, "備考": null, "地名地番": "東輝道口154", "検索_AreaOnRegistry": 1031.0, "検索_Address": "東輝道口154", "検索_Tiban": "154", "地番": "154", "散布面積※小数点": 9.93 }, "geometry": { "type": "Polygon", "coordinates": [ [ [ 140.501229782, 35.740439266 ], [ 140.501544279, 35.740868126 ], [ 140.501716498, 35.740788888 ], [ 140.501414401, 35.740353406 ], [ 140.501229782, 35.740439266 ] ] ] } },
{ "type": "Feature", "properties": { "fid": 118, "水田面積": 1031, "備考": null, "地名地番": "東輝道口157", "検索_AreaOnRegistry": 1031.0, "検索_Address": "東輝道口157", "検索_Tiban": "157", "地番": "157", "散布面積※小数点": 9.93 }, "geometry": { "type": "Polygon", "coordinates": [ [ [ 140.502339310999986, 35.739916797 ], [ 140.501777189, 35.740182301 ], [ 140.502076741, 35.740615734 ], [ 140.502463424000013, 35.740425626 ], [ 140.502339310999986, 35.739916797 ] ] ] } },
{ "type": "Feature", "properties": { "fid": 119, "水田面積": 1629, "備考": null, "地名地番": "東輝道口158", "検索_AreaOnRegistry": 1629.0, "検索_Address": "東輝道口158", "検索_Tiban": "158", "地番": "158", "散布面積※小数点": 15.7 }, "geometry": { "type": "Polygon", "coordinates": [ [ [ 140.502339310999986, 35.739916797 ], [ 140.501777189, 35.740182301 ], [ 140.502076741, 35.740615734 ], [ 140.502463424000013, 35.740425626 ], [ 140.502339310999986, 35.739916797 ] ] ] } },
{ "type": "Feature", "properties": { "fid": 120, "水田面積": 328, "備考": null, "地名地番": "南和田石橋46-1", "検索_AreaOnRegistry": 328.0, "検索_Address": "南和田石橋46-1", "検索_Tiban": "46-1", "地番": "46-1", "散布面積※小数点": 3.16 }, "geometry": { "type": "Polygon", "coordinates": [ [ [ 140.50129075800001, 35.74428131 ], [ 140.501799562, 35.744559523 ], [ 140.501833246, 35.744518726 ], [ 140.50185546, 35.744496408 ], [ 140.50151355700001, 35.743996819 ], [ 140.50129075800001, 35.74428131 ] ] ] } },
{ "type": "Feature", "properties": { "fid": 121, "水田面積": 958, "備考": null, "地名地番": "南和田石橋46-2", "検索_AreaOnRegistry": 958.0, "検索_Address": "南和田石橋46-2", "検索_Tiban": "46-2", "地番": "46-2", "散布面積※小数点": 9.23 }, "geometry": { "type": "Polygon", "coordinates": [ [ [ 140.50129075800001, 35.74428131 ], [ 140.501799562, 35.744559523 ], [ 140.501833246, 35.744518726 ], [ 140.50185546, 35.744496408 ], [ 140.50151355700001, 35.743996819 ], [ 140.50129075800001, 35.74428131 ] ] ] } },
{ "type": "Feature", "properties": { "fid": 122, "水田面積": 971, "備考": null, "地名地番": "南和田坊田67", "検索_AreaOnRegistry": 971.0, "検索_Address": "南和田坊田67", "検索_Tiban": "67", "地番": "67", "散布面積※小数点": 9.36 }, "geometry": { "type": "Polygon", "coordinates": [ [ [ 140.501394417, 35.74412035 ], [ 140.500950273, 35.743887174 ], [ 140.500912662, 35.743929798 ], [ 140.500850299, 35.74389011 ], [ 140.500768515, 35.743985146 ], [ 140.501290936, 35.744263873 ], [ 140.501394417, 35.74412035 ] ] ] } },
{ "type": "Feature", "properties": { "fid": 123, "水田面積": 1031, "備考": null, "地名地番": "東輝仲町99", "検索_AreaOnRegistry": 1031.0, "検索_Address": "東輝仲町99", "検索_Tiban": "99", "地番": "99", "散布面積※小数点": 9.93 }, "geometry": { "type": "Polygon", "coordinates": [ [ [ 140.500149066, 35.738686803 ], [ 140.500246213999986, 35.739185058 ], [ 140.500866561, 35.739107216 ], [ 140.500769518, 35.738612176 ], [ 140.500149066, 35.738686803 ] ] ] } },
{ "type": "Feature", "properties": { "fid": 124, "水田面積": 1031, "備考": null, "地名地番": "東輝仲町100", "検索_AreaOnRegistry": 1031.0, "検索_Address": "東輝仲町100", "検索_Tiban": "100", "地番": "100", "散布面積※小数点": 9.93 }, "geometry": { "type": "Polygon", "coordinates": [ [ [ 140.500149066, 35.738686803 ], [ 140.500246213999986, 35.739185058 ], [ 140.500866561, 35.739107216 ], [ 140.500769518, 35.738612176 ], [ 140.500149066, 35.738686803 ] ] ] } },
{ "type": "Feature", "properties": { "fid": 125, "水田面積": 1031, "備考": null, "地名地番": "東輝仲町101", "検索_AreaOnRegistry": 1031.0, "検索_Address": "東輝仲町101", "検索_Tiban": "101", "地番": "101", "散布面積※小数点": 9.93 }, "geometry": { "type": "Polygon", "coordinates": [ [ [ 140.500149066, 35.738686803 ], [ 140.500246213999986, 35.739185058 ], [ 140.500866561, 35.739107216 ], [ 140.500769518, 35.738612176 ], [ 140.500149066, 35.738686803 ] ] ] } },
{ "type": "Feature", "properties": { "fid": 126, "水田面積": 515, "備考": null, "地名地番": "東輝仲町103-2", "検索_AreaOnRegistry": 515.0, "検索_Address": "東輝仲町103-2", "検索_Tiban": "103-2", "地番": "103-2", "散布面積※小数点": 4.96 }, "geometry": { "type": "Polygon", "coordinates": [ [ [ 140.501076501, 35.738575252 ], [ 140.50116415, 35.739070301 ], [ 140.501858258, 35.739002519 ], [ 140.50175667900001, 35.738503369 ], [ 140.501076501, 35.738575252 ] ] ] } },
{ "type": "Feature", "properties": { "fid": 127, "水田面積": 1031, "備考": null, "地名地番": "東輝仲町104", "検索_AreaOnRegistry": 1031.0, "検索_Address": "東輝仲町104", "検索_Tiban": "104", "地番": "104", "散布面積※小数点": 9.93 }, "geometry": { "type": "Polygon", "coordinates": [ [ [ 140.501076501, 35.738575252 ], [ 140.50116415, 35.739070301 ], [ 140.501858258, 35.739002519 ], [ 140.50175667900001, 35.738503369 ], [ 140.501076501, 35.738575252 ] ] ] } },
{ "type": "Feature", "properties": { "fid": 128, "水田面積": 1031, "備考": null, "地名地番": "東輝仲町105", "検索_AreaOnRegistry": 1031.0, "検索_Address": "東輝仲町105", "検索_Tiban": "105", "地番": "105", "散布面積※小数点": 9.93 }, "geometry": { "type": "Polygon", "coordinates": [ [ [ 140.501076501, 35.738575252 ], [ 140.50116415, 35.739070301 ], [ 140.501858258, 35.739002519 ], [ 140.50175667900001, 35.738503369 ], [ 140.501076501, 35.738575252 ] ] ] } },
{ "type": "Feature", "properties": { "fid": 129, "水田面積": 1031, "備考": null, "地名地番": "東輝仲町106", "検索_AreaOnRegistry": 1031.0, "検索_Address": "東輝仲町106", "検索_Tiban": "106", "地番": "106", "散布面積※小数点": 9.93 }, "geometry": { "type": "Polygon", "coordinates": [ [ [ 140.501076501, 35.738575252 ], [ 140.50116415, 35.739070301 ], [ 140.501858258, 35.739002519 ], [ 140.50175667900001, 35.738503369 ], [ 140.501076501, 35.738575252 ] ] ] } },
{ "type": "Feature", "properties": { "fid": 130, "水田面積": 68, "備考": null, "地名地番": "東輝仲町110-2", "検索_AreaOnRegistry": 68.0, "検索_Address": "東輝仲町110-2", "検索_Tiban": "110-2", "地番": "110-2", "散布面積※小数点": 0.65 }, "geometry": { "type": "Polygon", "coordinates": [ [ [ 140.501430338, 35.739072722 ], [ 140.500613655, 35.739171751 ], [ 140.500766289000012, 35.739391866 ], [ 140.501430338, 35.739072722 ] ] ] } },
{ "type": "Feature", "properties": { "fid": 131, "水田面積": 102, "備考": null, "地名地番": "東輝仲町110-3", "検索_AreaOnRegistry": 102.0, "検索_Address": "東輝仲町110-3", "検索_Tiban": "110-3", "地番": "110-3", "散布面積※小数点": 0.98 }, "geometry": { "type": "Polygon", "coordinates": [ [ [ 140.500766289000012, 35.739391866 ], [ 140.500613655, 35.739171751 ], [ 140.499718742999988, 35.739282677 ], [ 140.500053283, 35.739734533 ], [ 140.500766289000012, 35.739391866 ] ] ] } },
{ "type": "Feature", "properties": { "fid": 132, "水田面積": 687, "備考": null, "地名地番": "東輝仲町112", "検索_AreaOnRegistry": 687.0, "検索_Address": "東輝仲町112", "検索_Tiban": "112", "地番": "112", "散布面積※小数点": 6.62 }, "geometry": { "type": "Polygon", "coordinates": [ [ [ 140.500766289000012, 35.739391866 ], [ 140.500613655, 35.739171751 ], [ 140.499718742999988, 35.739282677 ], [ 140.500053283, 35.739734533 ], [ 140.500766289000012, 35.739391866 ] ] ] } },
{ "type": "Feature", "properties": { "fid": 133, "水田面積": 244, "備考": null, "地名地番": "東輝仲町113-1", "検索_AreaOnRegistry": 244.0, "検索_Address": "東輝仲町113-1", "検索_Tiban": "113-1", "地番": "113-1", "散布面積※小数点": 2.35 }, "geometry": { "type": "Polygon", "coordinates": [ [ [ 140.500766289000012, 35.739391866 ], [ 140.500613655, 35.739171751 ], [ 140.499718742999988, 35.739282677 ], [ 140.500053283, 35.739734533 ], [ 140.500766289000012, 35.739391866 ] ] ] } },
{ "type": "Feature", "properties": { "fid": 134, "水田面積": 585, "備考": null, "地名地番": "東輝仲町113-2", "検索_AreaOnRegistry": 585.0, "検索_Address": "東輝仲町113-2", "検索_Tiban": "113-2", "地番": "113-2", "散布面積※小数点": 5.63 }, "geometry": { "type": "Polygon", "coordinates": [ [ [ 140.500766289000012, 35.739391866 ], [ 140.500613655, 35.739171751 ], [ 140.499718742999988, 35.739282677 ], [ 140.500053283, 35.739734533 ], [ 140.500766289000012, 35.739391866 ] ] ] } },
{ "type": "Feature", "properties": { "fid": 135, "水田面積": 981, "備考": null, "地名地番": "東輝仲町114", "検索_AreaOnRegistry": 981.0, "検索_Address": "東輝仲町114", "検索_Tiban": "114", "地番": "114", "散布面積※小数点": 9.45 }, "geometry": { "type": "Polygon", "coordinates": [ [ [ 140.500766289000012, 35.739391866 ], [ 140.500613655, 35.739171751 ], [ 140.499718742999988, 35.739282677 ], [ 140.500053283, 35.739734533 ], [ 140.500766289000012, 35.739391866 ] ] ] } },
{ "type": "Feature", "properties": { "fid": 136, "水田面積": 727, "備考": null, "地名地番": "東輝仲町116-2", "検索_AreaOnRegistry": 727.0, "検索_Address": "東輝仲町116-2", "検索_Tiban": "116-2", "地番": "116-2", "散布面積※小数点": 7.0 }, "geometry": { "type": "Polygon", "coordinates": [ [ [ 140.499700601, 35.739885919 ], [ 140.499828724999986, 35.739815894 ], [ 140.499537471999986, 35.739391887 ], [ 140.499390989, 35.739457316 ], [ 140.499581404999986, 35.739720915 ], [ 140.499700601, 35.739885919 ] ] ] } },
{ "type": "Feature", "properties": { "fid": 137, "水田面積": 296, "備考": null, "地名地番": "東輝仲町116-5", "検索_AreaOnRegistry": 296.0, "検索_Address": "東輝仲町116-5", "検索_Tiban": "116-5", "地番": "116-5", "散布面積※小数点": 2.85 }, "geometry": { "type": "Polygon", "coordinates": [ [ [ 140.499700601, 35.739885919 ], [ 140.499828724999986, 35.739815894 ], [ 140.499537471999986, 35.739391887 ], [ 140.499390989, 35.739457316 ], [ 140.499581404999986, 35.739720915 ], [ 140.499700601, 35.739885919 ] ] ] } },
{ "type": "Feature", "properties": { "fid": 138, "水田面積": 43, "備考": null, "地名地番": "東輝仲町116-6", "検索_AreaOnRegistry": 43.0, "検索_Address": "東輝仲町116-6", "検索_Tiban": "116-6", "地番": "116-6", "散布面積※小数点": 0.41 }, "geometry": { "type": "Polygon", "coordinates": [ [ [ 140.499700601, 35.739885919 ], [ 140.499828724999986, 35.739815894 ], [ 140.499537471999986, 35.739391887 ], [ 140.499390989, 35.739457316 ], [ 140.499581404999986, 35.739720915 ], [ 140.499700601, 35.739885919 ] ] ] } },
{ "type": "Feature", "properties": { "fid": 139, "水田面積": 599, "備考": null, "地名地番": "東輝道口121-1", "検索_AreaOnRegistry": 599.0, "検索_Address": "東輝道口121-1", "検索_Tiban": "121-1", "地番": "121-1", "散布面積※小数点": 5.77 }, "geometry": { "type": "Polygon", "coordinates": [ [ [ 140.499559729999987, 35.740136476 ], [ 140.499909269, 35.740414356 ], [ 140.500191169, 35.740281619 ], [ 140.499897825, 35.739872621 ], [ 140.499738212000011, 35.739947675 ], [ 140.499669575000013, 35.739981769 ], [ 140.499638796999989, 35.740010034 ], [ 140.499620032, 35.740032613 ], [ 140.499606623, 35.740077639 ], [ 140.499579267, 35.740103076 ], [ 140.499559729999987, 35.740136476 ] ] ] } },
{ "type": "Feature", "properties": { "fid": 140, "水田面積": 85, "備考": null, "地名地番": "東輝道口121-2", "検索_AreaOnRegistry": 85.0, "検索_Address": "東輝道口121-2", "検索_Tiban": "121-2", "地番": "121-2", "散布面積※小数点": 0.81 }, "geometry": { "type": "Polygon", "coordinates": [ [ [ 140.499559729999987, 35.740136476 ], [ 140.499909269, 35.740414356 ], [ 140.500191169, 35.740281619 ], [ 140.499897825, 35.739872621 ], [ 140.499738212000011, 35.739947675 ], [ 140.499669575000013, 35.739981769 ], [ 140.499638796999989, 35.740010034 ], [ 140.499620032, 35.740032613 ], [ 140.499606623, 35.740077639 ], [ 140.499579267, 35.740103076 ], [ 140.499559729999987, 35.740136476 ] ] ] } },
{ "type": "Feature", "properties": { "fid": 141, "水田面積": 24, "備考": null, "地名地番": "東輝道口121-3", "検索_AreaOnRegistry": 24.0, "検索_Address": "東輝道口121-3", "検索_Tiban": "121-3", "地番": "121-3", "散布面積※小数点": 0.23 }, "geometry": { "type": "Polygon", "coordinates": [ [ [ 140.499559729999987, 35.740136476 ], [ 140.499909269, 35.740414356 ], [ 140.500191169, 35.740281619 ], [ 140.499897825, 35.739872621 ], [ 140.499738212000011, 35.739947675 ], [ 140.499669575000013, 35.739981769 ], [ 140.499638796999989, 35.740010034 ], [ 140.499620032, 35.740032613 ], [ 140.499606623, 35.740077639 ], [ 140.499579267, 35.740103076 ], [ 140.499559729999987, 35.740136476 ] ] ] } },
{ "type": "Feature", "properties": { "fid": 142, "水田面積": 1013, "備考": null, "地名地番": "東輝道口122-1", "検索_AreaOnRegistry": 1013.0, "検索_Address": "東輝道口122-1", "検索_Tiban": "122-1", "地番": "122-1", "散布面積※小数点": 9.76 }, "geometry": { "type": "Polygon", "coordinates": [ [ [ 140.499559729999987, 35.740136476 ], [ 140.499909269, 35.740414356 ], [ 140.500191169, 35.740281619 ], [ 140.499897825, 35.739872621 ], [ 140.499738212000011, 35.739947675 ], [ 140.499669575000013, 35.739981769 ], [ 140.499638796999989, 35.740010034 ], [ 140.499620032, 35.740032613 ], [ 140.499606623, 35.740077639 ], [ 140.499579267, 35.740103076 ], [ 140.499559729999987, 35.740136476 ] ] ] } },
{ "type": "Feature", "properties": { "fid": 143, "水田面積": 1013, "備考": null, "地名地番": "東輝道口123-1", "検索_AreaOnRegistry": 1013.0, "検索_Address": "東輝道口123-1", "検索_Tiban": "123-1", "地番": "123-1", "散布面積※小数点": 9.76 }, "geometry": { "type": "Polygon", "coordinates": [ [ [ 140.500191169, 35.740281619 ], [ 140.500551857, 35.740111782 ], [ 140.500260967, 35.739699739 ], [ 140.499897825, 35.739872621 ], [ 140.500191169, 35.740281619 ] ] ] } },
{ "type": "Feature", "properties": { "fid": 144, "水田面積": 1013, "備考": null, "地名地番": "東輝道口124-1", "検索_AreaOnRegistry": 1013.0, "検索_Address": "東輝道口124-1", "検索_Tiban": "124-1", "地番": "124-1", "散布面積※小数点": 9.76 }, "geometry": { "type": "Polygon", "coordinates": [ [ [ 140.500191169, 35.740281619 ], [ 140.500551857, 35.740111782 ], [ 140.500260967, 35.739699739 ], [ 140.499897825, 35.739872621 ], [ 140.500191169, 35.740281619 ] ] ] } },
{ "type": "Feature", "properties": { "fid": 145, "水田面積": 1013, "備考": null, "地名地番": "東輝道口125-1", "検索_AreaOnRegistry": 1013.0, "検索_Address": "東輝道口125-1", "検索_Tiban": "125-1", "地番": "125-1", "散布面積※小数点": 9.76 }, "geometry": { "type": "Polygon", "coordinates": [ [ [ 140.500551857, 35.740111782 ], [ 140.500917539, 35.739939592 ], [ 140.50061919800001, 35.739529193 ], [ 140.500260967, 35.739699739 ], [ 140.500551857, 35.740111782 ] ] ] } },
{ "type": "Feature", "properties": { "fid": 146, "水田面積": 1013, "備考": null, "地名地番": "東輝道口126-1", "検索_AreaOnRegistry": 1013.0, "検索_Address": "東輝道口126-1", "検索_Tiban": "126-1", "地番": "126-1", "散布面積※小数点": 9.76 }, "geometry": { "type": "Polygon", "coordinates": [ [ [ 140.500551857, 35.740111782 ], [ 140.500917539, 35.739939592 ], [ 140.50061919800001, 35.739529193 ], [ 140.500260967, 35.739699739 ], [ 140.500551857, 35.740111782 ] ] ] } },
{ "type": "Feature", "properties": { "fid": 147, "水田面積": 1013, "備考": null, "地名地番": "東輝道口128-1", "検索_AreaOnRegistry": 1013.0, "検索_Address": "東輝道口128-1", "検索_Tiban": "128-1", "地番": "128-1", "散布面積※小数点": 9.76 }, "geometry": { "type": "Polygon", "coordinates": [ [ [ 140.501095478, 35.739855553 ], [ 140.501457364, 35.739684635 ], [ 140.501166103, 35.739271668 ], [ 140.500798819000011, 35.739443678 ], [ 140.501095478, 35.739855553 ] ] ] } },
{ "type": "Feature", "properties": { "fid": 148, "水田面積": 1013, "備考": null, "地名地番": "東輝道口129-1", "検索_AreaOnRegistry": 1013.0, "検索_Address": "東輝道口129-1", "検索_Tiban": "129-1", "地番": "129-1", "散布面積※小数点": 9.76 }, "geometry": { "type": "Polygon", "coordinates": [ [ [ 140.501095478, 35.739855553 ], [ 140.501457364, 35.739684635 ], [ 140.501166103, 35.739271668 ], [ 140.500798819000011, 35.739443678 ], [ 140.501095478, 35.739855553 ] ] ] } },
{ "type": "Feature", "properties": { "fid": 149, "水田面積": 1031, "備考": null, "地名地番": "東輝仲町82", "検索_AreaOnRegistry": 1031.0, "検索_Address": "東輝仲町82", "検索_Tiban": "82", "地番": "82", "散布面積※小数点": 9.93 }, "geometry": { "type": "Polygon", "coordinates": [ [ [ 140.499496203, 35.738748918 ], [ 140.499408886999987, 35.738252827 ], [ 140.499013326000011, 35.738302857 ], [ 140.499111878, 35.738794542 ], [ 140.499496203, 35.738748918 ] ] ] } },
{ "type": "Feature", "properties": { "fid": 150, "水田面積": 1031, "備考": null, "地名地番": "東輝仲町107", "検索_AreaOnRegistry": 1031.0, "検索_Address": "東輝仲町107", "検索_Tiban": "107", "地番": "107", "散布面積※小数点": 9.93 }, "geometry": { "type": "Polygon", "coordinates": [ [ [ 140.50175667900001, 35.738503369 ], [ 140.501858258, 35.739002519 ], [ 140.502050231, 35.738972583 ], [ 140.501963808, 35.738471287 ], [ 140.50175667900001, 35.738503369 ] ] ] } },
{ "type": "Feature", "properties": { "fid": 151, "水田面積": 654, "備考": null, "地名地番": "東輝永田176", "検索_AreaOnRegistry": 654.0, "検索_Address": "東輝永田176", "検索_Tiban": "176", "地番": "176", "散布面積※小数点": 6.3 }, "geometry": { "type": "Polygon", "coordinates": [ [ [ 140.500167259, 35.742751014 ], [ 140.500209305999988, 35.742730282 ], [ 140.49990169, 35.742289355 ], [ 140.499863788999988, 35.742307227 ], [ 140.499824405, 35.742336944 ], [ 140.499805652, 35.742360928 ], [ 140.499849171, 35.742414067 ], [ 140.499896383, 35.742496684 ], [ 140.499974759999986, 35.74259739 ], [ 140.500030527, 35.742672937 ], [ 140.500110148, 35.742716042 ], [ 140.500167259, 35.742751014 ] ] ] } },
{ "type": "Feature", "properties": { "fid": 152, "水田面積": 1031, "備考": null, "地名地番": "東輝永田177", "検索_AreaOnRegistry": 1031.0, "検索_Address": "東輝永田177", "検索_Tiban": "177", "地番": "177", "散布面積※小数点": 9.93 }, "geometry": { "type": "Polygon", "coordinates": [ [ [ 140.500400592, 35.742635963 ], [ 140.500087116, 35.74220192 ], [ 140.49990169, 35.742289355 ], [ 140.500209305999988, 35.742730282 ], [ 140.500400592, 35.742635963 ] ] ] } },
{ "type": "Feature", "properties": { "fid": 153, "水田面積": 1031, "備考": null, "地名地番": "東輝永田178", "検索_AreaOnRegistry": 1031.0, "検索_Address": "東輝永田178", "検索_Tiban": "178", "地番": "178", "散布面積※小数点": 9.93 }, "geometry": { "type": "Polygon", "coordinates": [ [ [ 140.500087116, 35.74220192 ], [ 140.500400592, 35.742635963 ], [ 140.500587064, 35.742544017 ], [ 140.500276315, 35.742112706 ], [ 140.500087116, 35.74220192 ] ] ] } },
{ "type": "Feature", "properties": { "fid": 154, "水田面積": 1031, "備考": null, "地名地番": "東輝永田179", "検索_AreaOnRegistry": 1031.0, "検索_Address": "東輝永田179", "検索_Tiban": "179", "地番": "179", "散布面積※小数点": 9.93 }, "geometry": { "type": "Polygon", "coordinates": [ [ [ 140.500953017, 35.742363571 ], [ 140.500648156000011, 35.741937368 ], [ 140.500276315, 35.742112706 ], [ 140.500587064, 35.742544017 ], [ 140.500953017, 35.742363571 ] ] ] } },
{ "type": "Feature", "properties": { "fid": 155, "水田面積": 1031, "備考": null, "地名地番": "東輝永田180", "検索_AreaOnRegistry": 1031.0, "検索_Address": "東輝永田180", "検索_Tiban": "180", "地番": "180", "散布面積※小数点": 9.93 }, "geometry": { "type": "Polygon", "coordinates": [ [ [ 140.500953017, 35.742363571 ], [ 140.500648156000011, 35.741937368 ], [ 140.500276315, 35.742112706 ], [ 140.500587064, 35.742544017 ], [ 140.500953017, 35.742363571 ] ] ] } },
{ "type": "Feature", "properties": { "fid": 156, "水田面積": 1031, "備考": null, "地名地番": "東輝永田181", "検索_AreaOnRegistry": 1031.0, "検索_Address": "東輝永田181", "検索_Tiban": "181", "地番": "181", "散布面積※小数点": 9.93 }, "geometry": { "type": "Polygon", "coordinates": [ [ [ 140.501310303999986, 35.742194184 ], [ 140.501010033, 35.741766727 ], [ 140.500648156000011, 35.741937368 ], [ 140.500953017, 35.742363571 ], [ 140.501310303999986, 35.742194184 ] ] ] } },
{ "type": "Feature", "properties": { "fid": 157, "水田面積": 624, "備考": null, "地名地番": "東輝永田182-1", "検索_AreaOnRegistry": 624.0, "検索_Address": "東輝永田182-1", "検索_Tiban": "182-1", "地番": "182-1", "散布面積※小数点": 6.01 }, "geometry": { "type": "Polygon", "coordinates": [ [ [ 140.501310303999986, 35.742194184 ], [ 140.501010033, 35.741766727 ], [ 140.500648156000011, 35.741937368 ], [ 140.500953017, 35.742363571 ], [ 140.501310303999986, 35.742194184 ] ] ] } },
{ "type": "Feature", "properties": { "fid": 158, "水田面積": 968, "備考": null, "地名地番": "東輝永田201-2", "検索_AreaOnRegistry": 968.0, "検索_Address": "東輝永田201-2", "検索_Tiban": "201-2", "地番": "201-2", "散布面積※小数点": 9.33 }, "geometry": { "type": "Polygon", "coordinates": [ [ [ 140.500962957000013, 35.742385536 ], [ 140.501275979000013, 35.742826092 ], [ 140.501638159, 35.742655934 ], [ 140.501320048999986, 35.742211509 ], [ 140.500962957000013, 35.742385536 ] ] ] } },
{ "type": "Feature", "properties": { "fid": 159, "水田面積": 687, "備考": null, "地名地番": "東輝細町26", "検索_AreaOnRegistry": 687.0, "検索_Address": "東輝細町26", "検索_Tiban": "26", "地番": "26", "散布面積※小数点": 6.62 }, "geometry": { "type": "Polygon", "coordinates": [ [ [ 140.502080425, 35.736817958 ], [ 140.502023567, 35.736489252 ], [ 140.501611761, 35.736543091 ], [ 140.501662587, 35.736874804 ], [ 140.502080425, 35.736817958 ] ] ] } },
{ "type": "Feature", "properties": { "fid": 160, "水田面積": 687, "備考": null, "地名地番": "東輝細町27", "検索_AreaOnRegistry": 687.0, "検索_Address": "東輝細町27", "検索_Tiban": "27", "地番": "27", "散布面積※小数点": 6.62 }, "geometry": { "type": "Polygon", "coordinates": [ [ [ 140.502080425, 35.736817958 ], [ 140.502023567, 35.736489252 ], [ 140.501611761, 35.736543091 ], [ 140.501662587, 35.736874804 ], [ 140.502080425, 35.736817958 ] ] ] } },
{ "type": "Feature", "properties": { "fid": 161, "水田面積": 571, "備考": null, "地名地番": "東輝細町29", "検索_AreaOnRegistry": 571.0, "検索_Address": "東輝細町29", "検索_Tiban": "29", "地番": "29", "散布面積※小数点": 5.5 }, "geometry": { "type": "Polygon", "coordinates": [ [ [ 140.502259224, 35.736844681 ], [ 140.501877696, 35.736890105 ], [ 140.501977111, 35.737387244 ], [ 140.502252488000011, 35.737350657 ], [ 140.502259224, 35.736844681 ] ] ] } },
{ "type": "Feature", "properties": { "fid": 162, "水田面積": 1013, "備考": null, "地名地番": "東輝道口140-1", "検索_AreaOnRegistry": 1013.0, "検索_Address": "東輝道口140-1", "検索_Tiban": "140-1", "地番": "140-1", "散布面積※小数点": 9.76 }, "geometry": { "type": "Polygon", "coordinates": [ [ [ 140.501292670999987, 35.739778775 ], [ 140.500925409, 35.739953595 ], [ 140.501244171, 35.740394433 ], [ 140.501606525, 35.740223315 ], [ 140.501292670999987, 35.739778775 ] ] ] } },
{ "type": "Feature", "properties": { "fid": 163, "水田面積": 1013, "備考": null, "地名地番": "東輝道口141", "検索_AreaOnRegistry": 1013.0, "検索_Address": "東輝道口141-1", "検索_Tiban": "141-1", "地番": "141", "散布面積※小数点": 9.76 }, "geometry": { "type": "Polygon", "coordinates": [ [ [ 140.501292670999987, 35.739778775 ], [ 140.500925409, 35.739953595 ], [ 140.501244171, 35.740394433 ], [ 140.501606525, 35.740223315 ], [ 140.501292670999987, 35.739778775 ] ] ] } },
{ "type": "Feature", "properties": { "fid": 164, "水田面積": 760, "備考": null, "地名地番": "東輝道口149", "検索_AreaOnRegistry": 760.0, "検索_Address": "東輝道口149", "検索_Tiban": "149", "地番": "149", "散布面積※小数点": 7.32 }, "geometry": { "type": "Polygon", "coordinates": [ [ [ 140.500674944999986, 35.741270057 ], [ 140.500838049, 35.741194563 ], [ 140.500543181000012, 35.740780783 ], [ 140.500493594, 35.740805113 ], [ 140.500443945, 35.740843317 ], [ 140.500480396, 35.740875423 ], [ 140.500530854, 35.740934142 ], [ 140.50054156600001, 35.740979034 ], [ 140.500519727000011, 35.741046161 ], [ 140.500674944999986, 35.741270057 ] ] ] } },
{ "type": "Feature", "properties": { "fid": 165, "水田面積": 1031, "備考": null, "地名地番": "東輝道口153", "検索_AreaOnRegistry": 1031.0, "検索_Address": "東輝道口153", "検索_Tiban": "153", "地番": "153", "散布面積※小数点": 9.93 }, "geometry": { "type": "Polygon", "coordinates": [ [ [ 140.501544279, 35.740868126 ], [ 140.501229782, 35.740439266 ], [ 140.501071298, 35.740512971 ], [ 140.501382667, 35.740942483 ], [ 140.501544279, 35.740868126 ] ] ] } },
{ "type": "Feature", "properties": { "fid": 166, "水田面積": 1031, "備考": null, "地名地番": "東輝道口155", "検索_AreaOnRegistry": 1031.0, "検索_Address": "東輝道口155", "検索_Tiban": "155", "地番": "155", "散布面積※小数点": 9.93 }, "geometry": { "type": "Polygon", "coordinates": [ [ [ 140.502076741, 35.740615734 ], [ 140.501777189, 35.740182301 ], [ 140.501414401, 35.740353406 ], [ 140.501716498, 35.740788888 ], [ 140.502076741, 35.740615734 ] ] ] } },
{ "type": "Feature", "properties": { "fid": 167, "水田面積": 1031, "備考": null, "地名地番": "東輝道口156", "検索_AreaOnRegistry": 1031.0, "検索_Address": "東輝道口156", "検索_Tiban": "156", "地番": "156", "散布面積※小数点": 9.93 }, "geometry": { "type": "Polygon", "coordinates": [ [ [ 140.502076741, 35.740615734 ], [ 140.501777189, 35.740182301 ], [ 140.501414401, 35.740353406 ], [ 140.501716498, 35.740788888 ], [ 140.502076741, 35.740615734 ] ] ] } },
{ "type": "Feature", "properties": { "fid": 168, "水田面積": 1031, "備考": null, "地名地番": "東輝道口164", "検索_AreaOnRegistry": 1031.0, "検索_Address": "東輝道口164", "検索_Tiban": "164", "地番": "164", "散布面積※小数点": 9.93 }, "geometry": { "type": "Polygon", "coordinates": [ [ [ 140.50139123, 35.740958178 ], [ 140.501705593, 35.741403594 ], [ 140.502079205, 35.741227284 ], [ 140.501763025, 35.740781187 ], [ 140.50139123, 35.740958178 ] ] ] } },
{ "type": "Feature", "properties": { "fid": 169, "水田面積": 1031, "備考": null, "地名地番": "東輝道口165", "検索_AreaOnRegistry": 1031.0, "検索_Address": "東輝道口165", "検索_Tiban": "165", "地番": "165", "散布面積※小数点": 9.93 }, "geometry": { "type": "Polygon", "coordinates": [ [ [ 140.501192944, 35.741051589 ], [ 140.50151179400001, 35.741495048 ], [ 140.501705593, 35.741403594 ], [ 140.50139123, 35.740958178 ], [ 140.501192944, 35.741051589 ] ] ] } },
{ "type": "Feature", "properties": { "fid": 170, "水田面積": 1031, "備考": null, "地名地番": "東輝道口166", "検索_AreaOnRegistry": 1031.0, "検索_Address": "東輝道口166", "検索_Tiban": "166", "地番": "166", "散布面積※小数点": 9.93 }, "geometry": { "type": "Polygon", "coordinates": [ [ [ 140.50151179400001, 35.741495048 ], [ 140.501192944, 35.741051589 ], [ 140.501035183999988, 35.741125908 ], [ 140.50135176, 35.741570568 ], [ 140.50151179400001, 35.741495048 ] ] ] } },
{ "type": "Feature", "properties": { "fid": 171, "水田面積": 1031, "備考": null, "地名地番": "東輝道口167", "検索_AreaOnRegistry": 1031.0, "検索_Address": "東輝道口167", "検索_Tiban": "167", "地番": "167", "散布面積※小数点": 9.93 }, "geometry": { "type": "Polygon", "coordinates": [ [ [ 140.500671204000014, 35.741297374 ], [ 140.500986641, 35.741742866 ], [ 140.50135176, 35.741570568 ], [ 140.501035183999988, 35.741125908 ], [ 140.500671204000014, 35.741297374 ] ] ] } },
{ "type": "Feature", "properties": { "fid": 172, "水田面積": 121, "備考": null, "地名地番": "東輝細町20-2", "検索_AreaOnRegistry": 121.0, "検索_Address": "東輝細町20-2", "検索_Tiban": "20-2", "地番": "20-2", "散布面積※小数点": 1.16 }, "geometry": { "type": "Polygon", "coordinates": [ [ [ 140.50089344, 35.736970168 ], [ 140.500831676, 35.73664134 ], [ 140.500420956, 35.736694767 ], [ 140.500480139, 35.73702146 ], [ 140.50089344, 35.736970168 ] ] ] } },
{ "type": "Feature", "properties": { "fid": 173, "水田面積": 166, "備考": null, "地名地番": "東輝細町20-3", "検索_AreaOnRegistry": 166.0, "検索_Address": "東輝細町20-3", "検索_Tiban": "20-3", "地番": "20-3", "散布面積※小数点": 1.6 }, "geometry": { "type": "Polygon", "coordinates": [ [ [ 140.50089344, 35.736970168 ], [ 140.500831676, 35.73664134 ], [ 140.500420956, 35.736694767 ], [ 140.500480139, 35.73702146 ], [ 140.50089344, 35.736970168 ] ] ] } },
{ "type": "Feature", "properties": { "fid": 174, "水田面積": 23, "備考": null, "地名地番": "東輝細町20-4", "検索_AreaOnRegistry": 23.0, "検索_Address": "東輝細町20-4", "検索_Tiban": "20-4", "地番": "20-4", "散布面積※小数点": 0.22 }, "geometry": { "type": "Polygon", "coordinates": [ [ [ 140.50089344, 35.736970168 ], [ 140.500831676, 35.73664134 ], [ 140.500420956, 35.736694767 ], [ 140.500480139, 35.73702146 ], [ 140.50089344, 35.736970168 ] ] ] } },
{ "type": "Feature", "properties": { "fid": 175, "水田面積": 231, "備考": null, "地名地番": "東輝細町37-4", "検索_AreaOnRegistry": 231.0, "検索_Address": "東輝細町37-4", "検索_Tiban": "37-4", "地番": "37-4", "散布面積※小数点": 2.22 }, "geometry": { "type": "Polygon", "coordinates": [ [ [ 140.500776651, 35.737530668 ], [ 140.500679112, 35.737024376 ], [ 140.500262074, 35.737077654 ], [ 140.50035804800001, 35.737582202 ], [ 140.500776651, 35.737530668 ] ] ] } },
{ "type": "Feature", "properties": { "fid": 176, "水田面積": 515, "備考": null, "地名地番": "東輝細町39-2", "検索_AreaOnRegistry": 515.0, "検索_Address": "東輝細町39-2", "検索_Tiban": "39-2", "地番": "39-2", "散布面積※小数点": 4.96 }, "geometry": { "type": "Polygon", "coordinates": [ [ [ 140.500309577, 35.737327382 ], [ 140.500083628999988, 35.737353005 ], [ 140.50013196, 35.737610035 ], [ 140.50035804800001, 35.737582202 ], [ 140.500309577, 35.737327382 ] ] ] } },
{ "type": "Feature", "properties": { "fid": 177, "水田面積": 231, "備考": null, "地名地番": "東輝細町48-4", "検索_AreaOnRegistry": 231.0, "検索_Address": "東輝細町48-4", "検索_Tiban": "48-4", "地番": "48-4", "散布面積※小数点": 2.22 }, "geometry": { "type": "Polygon", "coordinates": [ [ [ 140.498398616, 35.738338877 ], [ 140.498601543, 35.738316344 ], [ 140.498582875000011, 35.738194866 ], [ 140.498370990000012, 35.738218652 ], [ 140.498398616, 35.738338877 ] ] ] } },
{ "type": "Feature", "properties": { "fid": 178, "水田面積": 1031, "備考": null, "地名地番": "東輝細町56", "検索_AreaOnRegistry": 1031.0, "検索_Address": "東輝細町56", "検索_Tiban": "56", "地番": "56", "散布面積※小数点": 9.93 }, "geometry": { "type": "Polygon", "coordinates": [ [ [ 140.500048354, 35.738143318 ], [ 140.500457953, 35.738091824 ], [ 140.500357297, 35.737599342 ], [ 140.499958747, 35.737647535 ], [ 140.500048354, 35.738143318 ] ] ] } },
{ "type": "Feature", "properties": { "fid": 179, "水田面積": 1031, "備考": null, "地名地番": "東輝細町57", "検索_AreaOnRegistry": 1031.0, "検索_Address": "東輝細町57", "検索_Tiban": "57", "地番": "57", "散布面積※小数点": 9.93 }, "geometry": { "type": "Polygon", "coordinates": [ [ [ 140.500048354, 35.738143318 ], [ 140.500457953, 35.738091824 ], [ 140.500357297, 35.737599342 ], [ 140.499958747, 35.737647535 ], [ 140.500048354, 35.738143318 ] ] ] } },
{ "type": "Feature", "properties": { "fid": 180, "水田面積": 1031, "備考": null, "地名地番": "東輝細町58", "検索_AreaOnRegistry": 1031.0, "検索_Address": "東輝細町58", "検索_Tiban": "58", "地番": "58", "散布面積※小数点": 9.93 }, "geometry": { "type": "Polygon", "coordinates": [ [ [ 140.500457953, 35.738091824 ], [ 140.500862244, 35.738049611 ], [ 140.50078005200001, 35.737547815 ], [ 140.500357297, 35.737599342 ], [ 140.500457953, 35.738091824 ] ] ] } },
{ "type": "Feature", "properties": { "fid": 181, "水田面積": 1031, "備考": null, "地名地番": "東輝細町59", "検索_AreaOnRegistry": 1031.0, "検索_Address": "東輝細町59", "検索_Tiban": "59", "地番": "59", "散布面積※小数点": 9.93 }, "geometry": { "type": "Polygon", "coordinates": [ [ [ 140.500457953, 35.738091824 ], [ 140.500862244, 35.738049611 ], [ 140.50078005200001, 35.737547815 ], [ 140.500357297, 35.737599342 ], [ 140.500457953, 35.738091824 ] ] ] } },
{ "type": "Feature", "properties": { "fid": 182, "水田面積": 1031, "備考": null, "地名地番": "東輝細町60", "検索_AreaOnRegistry": 1031.0, "検索_Address": "東輝細町60", "検索_Tiban": "60", "地番": "60", "散布面積※小数点": 9.93 }, "geometry": { "type": "Polygon", "coordinates": [ [ [ 140.500862244, 35.738049611 ], [ 140.501236173, 35.73800217 ], [ 140.501156133, 35.737503593 ], [ 140.50078005200001, 35.737547815 ], [ 140.500862244, 35.738049611 ] ] ] } },
{ "type": "Feature", "properties": { "fid": 183, "水田面積": 1031, "備考": null, "地名地番": "東輝細町61", "検索_AreaOnRegistry": 1031.0, "検索_Address": "東輝細町61", "検索_Tiban": "61", "地番": "61", "散布面積※小数点": 9.93 }, "geometry": { "type": "Polygon", "coordinates": [ [ [ 140.500862244, 35.738049611 ], [ 140.501236173, 35.73800217 ], [ 140.501156133, 35.737503593 ], [ 140.50078005200001, 35.737547815 ], [ 140.500862244, 35.738049611 ] ] ] } },
{ "type": "Feature", "properties": { "fid": 184, "水田面積": 406, "備考": null, "地名地番": "東輝仲町85-1", "検索_AreaOnRegistry": 406.0, "検索_Address": "東輝仲町85-1", "検索_Tiban": "85-1", "地番": "85-1", "散布面積※小数点": 3.91 }, "geometry": { "type": "Polygon", "coordinates": [ [ [ 140.498605567, 35.738354428 ], [ 140.498396848999988, 35.738380825 ], [ 140.498431754, 35.738572611 ], [ 140.49864206, 35.738549498 ], [ 140.498605567, 35.738354428 ] ] ] } },
{ "type": "Feature", "properties": { "fid": 185, "水田面積": 788, "備考": null, "地名地番": "東輝仲町95-1", "検索_AreaOnRegistry": 788.0, "検索_Address": "東輝仲町95-1", "検索_Tiban": "95-1", "地番": "95-1", "散布面積※小数点": 7.59 }, "geometry": { "type": "Polygon", "coordinates": [ [ [ 140.499103377000012, 35.738815133 ], [ 140.49919603, 35.739316829 ], [ 140.499586552000011, 35.73926783 ], [ 140.499502183, 35.738764604 ], [ 140.499103377000012, 35.738815133 ] ] ] } },
{ "type": "Feature", "properties": { "fid": 186, "水田面積": 182, "備考": null, "地名地番": "東輝仲町95-2", "検索_AreaOnRegistry": 182.0, "検索_Address": "東輝仲町95-2", "検索_Tiban": "95-2", "地番": "95-2", "散布面積※小数点": 1.75 }, "geometry": { "type": "Polygon", "coordinates": [ [ [ 140.499103377000012, 35.738815133 ], [ 140.49919603, 35.739316829 ], [ 140.499586552000011, 35.73926783 ], [ 140.499502183, 35.738764604 ], [ 140.499103377000012, 35.738815133 ] ] ] } },
{ "type": "Feature", "properties": { "fid": 187, "水田面積": 59, "備考": null, "地名地番": "東輝仲町95-3", "検索_AreaOnRegistry": 59.0, "検索_Address": "東輝仲町95-3", "検索_Tiban": "95-3", "地番": "95-3", "散布面積※小数点": 0.56 }, "geometry": { "type": "Polygon", "coordinates": [ [ [ 140.499103377000012, 35.738815133 ], [ 140.49919603, 35.739316829 ], [ 140.499586552000011, 35.73926783 ], [ 140.499502183, 35.738764604 ], [ 140.499103377000012, 35.738815133 ] ] ] } },
{ "type": "Feature", "properties": { "fid": 188, "水田面積": 1031, "備考": null, "地名地番": "東輝仲町96", "検索_AreaOnRegistry": 1031.0, "検索_Address": "東輝仲町96", "検索_Tiban": "96", "地番": "96", "散布面積※小数点": 9.93 }, "geometry": { "type": "Polygon", "coordinates": [ [ [ 140.499502183, 35.738764604 ], [ 140.499586552000011, 35.73926783 ], [ 140.500031347, 35.739210881 ], [ 140.499938252, 35.738712157 ], [ 140.499502183, 35.738764604 ] ] ] } },
{ "type": "Feature", "properties": { "fid": 189, "水田面積": 1031, "備考": null, "地名地番": "東輝仲町98", "検索_AreaOnRegistry": 1031.0, "検索_Address": "東輝仲町98", "検索_Tiban": "98", "地番": "98", "散布面積※小数点": 9.93 }, "geometry": { "type": "Polygon", "coordinates": [ [ [ 140.499938252, 35.738712157 ], [ 140.500031347, 35.739210881 ], [ 140.500246213999986, 35.739185058 ], [ 140.500149066, 35.738686803 ], [ 140.499938252, 35.738712157 ] ] ] } },
{ "type": "Feature", "properties": { "fid": 190, "水田面積": 555, "備考": null, "地名地番": "東輝仲町111", "検索_AreaOnRegistry": 555.0, "検索_Address": "東輝仲町111", "検索_Tiban": "111", "地番": "111", "散布面積※小数点": 5.35 }, "geometry": { "type": "Polygon", "coordinates": [ [ [ 140.500766289000012, 35.739391866 ], [ 140.500613655, 35.739171751 ], [ 140.499718742999988, 35.739282677 ], [ 140.500053283, 35.739734533 ], [ 140.500766289000012, 35.739391866 ] ] ] } },
{ "type": "Feature", "properties": { "fid": 191, "水田面積": 76, "備考": null, "地名地番": "東輝道口172-1", "検索_AreaOnRegistry": 76.0, "検索_Address": "東輝道口172-1", "検索_Tiban": "172-1", "地番": "172-1", "散布面積※小数点": 0.73 }, "geometry": { "type": "Polygon", "coordinates": [ [ [ 140.499997933, 35.741674136 ], [ 140.500283852, 35.742074584 ], [ 140.500626585, 35.741911167 ], [ 140.500307082, 35.741462172 ], [ 140.500265246, 35.74148111 ], [ 140.500225938, 35.741535208 ], [ 140.500179745999986, 35.741574796 ], [ 140.500088864, 35.741627275 ], [ 140.499997933, 35.741674136 ] ] ] } },
{ "type": "Feature", "properties": { "fid": 192, "水田面積": 763, "備考": null, "地名地番": "東輝道口172-2", "検索_AreaOnRegistry": 763.0, "検索_Address": "東輝道口172-2", "検索_Tiban": "172-2", "地番": "172-2", "散布面積※小数点": 7.35 }, "geometry": { "type": "Polygon", "coordinates": [ [ [ 140.499997933, 35.741674136 ], [ 140.500283852, 35.742074584 ], [ 140.500626585, 35.741911167 ], [ 140.500307082, 35.741462172 ], [ 140.500265246, 35.74148111 ], [ 140.500225938, 35.741535208 ], [ 140.500179745999986, 35.741574796 ], [ 140.500088864, 35.741627275 ], [ 140.499997933, 35.741674136 ] ] ] } },
{ "type": "Feature", "properties": { "fid": 193, "水田面積": 605, "備考": null, "地名地番": "東輝細町3-1", "検索_AreaOnRegistry": 605.0, "検索_Address": "東輝細町3-1", "検索_Tiban": "3-1", "地番": "3-1", "散布面積※小数点": 5.83 }, "geometry": { "type": "Polygon", "coordinates": [ [ [ 140.502029828, 35.736027409 ], [ 140.501801729, 35.73615851 ], [ 140.502318374999987, 35.736500515 ], [ 140.50232551, 35.736310836 ], [ 140.502029828, 35.736027409 ] ] ] } },
{ "type": "Feature", "properties": { "fid": 194, "水田面積": 304, "備考": null, "地名地番": "東輝細町3-2", "検索_AreaOnRegistry": 304.0, "検索_Address": "東輝細町3-2", "検索_Tiban": "3-2", "地番": "3-2", "散布面積※小数点": 2.93 }, "geometry": { "type": "Polygon", "coordinates": [ [ [ 140.502029828, 35.736027409 ], [ 140.501801729, 35.73615851 ], [ 140.502318374999987, 35.736500515 ], [ 140.50232551, 35.736310836 ], [ 140.502029828, 35.736027409 ] ] ] } },
{ "type": "Feature", "properties": { "fid": 195, "水田面積": 22, "備考": null, "地名地番": "東輝細町3-3", "検索_AreaOnRegistry": 22.0, "検索_Address": "東輝細町3-3", "検索_Tiban": "3-3", "地番": "3-3", "散布面積※小数点": 0.21 }, "geometry": { "type": "Polygon", "coordinates": [ [ [ 140.501882942, 35.73588661 ], [ 140.501792698, 35.735872889 ], [ 140.501598879999989, 35.735990119 ], [ 140.501590396000012, 35.736018611 ], [ 140.501801729, 35.73615851 ], [ 140.502029828, 35.736027409 ], [ 140.501882942, 35.73588661 ] ] ] } },
{ "type": "Feature", "properties": { "fid": 196, "水田面積": 217, "備考": null, "地名地番": "東輝細町23-1", "検索_AreaOnRegistry": 217.0, "検索_Address": "東輝細町23-1", "検索_Tiban": "23-1", "地番": "23-1", "散布面積※小数点": 2.09 }, "geometry": { "type": "Polygon", "coordinates": [ [ [ 140.501299924, 35.73691972 ], [ 140.501239238000011, 35.736588348 ], [ 140.500831676, 35.73664134 ], [ 140.50089344, 35.736970168 ], [ 140.501299924, 35.73691972 ] ] ] } },
{ "type": "Feature", "properties": { "fid": 197, "水田面積": 462, "備考": null, "地名地番": "東輝細町23-2", "検索_AreaOnRegistry": 462.0, "検索_Address": "東輝細町23-2", "検索_Tiban": "23-2", "地番": "23-2", "散布面積※小数点": 4.45 }, "geometry": { "type": "Polygon", "coordinates": [ [ [ 140.501299924, 35.73691972 ], [ 140.501239238000011, 35.736588348 ], [ 140.500831676, 35.73664134 ], [ 140.50089344, 35.736970168 ], [ 140.501299924, 35.73691972 ] ] ] } },
{ "type": "Feature", "properties": { "fid": 198, "水田面積": 2, "備考": null, "地名地番": "東輝細町23-3", "検索_AreaOnRegistry": 2.25, "検索_Address": "東輝細町23-3", "検索_Tiban": "23-3", "地番": "23-3", "散布面積※小数点": 0.01 }, "geometry": { "type": "Polygon", "coordinates": [ [ [ 140.501299924, 35.73691972 ], [ 140.501239238000011, 35.736588348 ], [ 140.500831676, 35.73664134 ], [ 140.50089344, 35.736970168 ], [ 140.501299924, 35.73691972 ] ] ] } },
{ "type": "Feature", "properties": { "fid": 199, "水田面積": 5, "備考": null, "地名地番": "東輝細町23-4", "検索_AreaOnRegistry": 4.57, "検索_Address": "東輝細町23-4", "検索_Tiban": "23-4", "地番": "23-4", "散布面積※小数点": 0.04 }, "geometry": { "type": "Polygon", "coordinates": [ [ [ 140.501299924, 35.73691972 ], [ 140.501239238000011, 35.736588348 ], [ 140.500831676, 35.73664134 ], [ 140.50089344, 35.736970168 ], [ 140.501299924, 35.73691972 ] ] ] } },
{ "type": "Feature", "properties": { "fid": 200, "水田面積": 1031, "備考": null, "地名地番": "東輝仲町97", "検索_AreaOnRegistry": 1031.0, "検索_Address": "東輝仲町97", "検索_Tiban": "97", "地番": "97", "散布面積※小数点": 9.93 }, "geometry": { "type": "Polygon", "coordinates": [ [ [ 140.499502183, 35.738764604 ], [ 140.499586552000011, 35.73926783 ], [ 140.500031347, 35.739210881 ], [ 140.499938252, 35.738712157 ], [ 140.499502183, 35.738764604 ] ] ] } },
{ "type": "Feature", "properties": { "fid": 201, "水田面積": 1028, "備考": null, "地名地番": "東輝道口160", "検索_AreaOnRegistry": 1028.0, "検索_Address": "東輝道口160", "検索_Tiban": "160", "地番": "160", "散布面積※小数点": 9.9 }, "geometry": { "type": "Polygon", "coordinates": [ [ [ 140.502588306, 35.740980689 ], [ 140.50227596, 35.740544516 ], [ 140.502089507, 35.740630097 ], [ 140.502440121, 35.741056964 ], [ 140.502588306, 35.740980689 ] ] ] } },
{ "type": "Feature", "properties": { "fid": 202, "水田面積": 1047, "備考": null, "地名地番": "東輝細町66", "検索_AreaOnRegistry": 1047.0, "検索_Address": "東輝細町66", "検索_Tiban": "66", "地番": "66", "散布面積※小数点": 10.09 }, "geometry": { "type": "Polygon", "coordinates": [ [ [ 140.502255155, 35.737367139 ], [ 140.50198738200001, 35.737405745 ], [ 140.502083340000013, 35.737899113 ], [ 140.502237425, 35.737875574 ], [ 140.502255155, 35.737367139 ] ] ] } },
{ "type": "Feature", "properties": { "fid": 203, "水田面積": 1031, "備考": null, "地名地番": "東輝仲町78", "検索_AreaOnRegistry": 1031.0, "検索_Address": "東輝仲町78", "検索_Tiban": "78", "地番": "78", "散布面積※小数点": 9.93 }, "geometry": { "type": "Polygon", "coordinates": [ [ [ 140.500147991, 35.73867154 ], [ 140.50005055, 35.738173292 ], [ 140.499839173, 35.738199492 ], [ 140.499933094999989, 35.738697052 ], [ 140.500147991, 35.73867154 ] ] ] } },
{ "type": "Feature", "properties": { "fid": 204, "水田面積": 1031, "備考": null, "地名地番": "東輝永田188", "検索_AreaOnRegistry": 1031.0, "検索_Address": "東輝永田188", "検索_Tiban": "188", "地番": "188", "散布面積※小数点": 9.93 }, "geometry": { "type": "Polygon", "coordinates": [ [ [ 140.502356600000013, 35.741703703 ], [ 140.50206463, 35.741270229 ], [ 140.501728535000012, 35.741427916 ], [ 140.502030760999986, 35.741850703 ], [ 140.502356600000013, 35.741703703 ] ] ] } },
{ "type": "Feature", "properties": { "fid": 205, "水田面積": 1031, "備考": null, "地名地番": "東輝細町53", "検索_AreaOnRegistry": 1031.0, "検索_Address": "東輝細町53", "検索_Tiban": "53", "地番": "53", "散布面積※小数点": 9.93 }, "geometry": { "type": "Polygon", "coordinates": [ [ [ 140.499224395999988, 35.738246899 ], [ 140.4996528, 35.738193044 ], [ 140.499552013, 35.737696717 ], [ 140.499130068, 35.737747736 ], [ 140.499224395999988, 35.738246899 ] ] ] } },
{ "type": "Feature", "properties": { "fid": 206, "水田面積": 1031, "備考": null, "地名地番": "東輝仲町79", "検索_AreaOnRegistry": 1031.0, "検索_Address": "東輝仲町79", "検索_Tiban": "79", "地番": "79", "散布面積※小数点": 9.93 }, "geometry": { "type": "Polygon", "coordinates": [ [ [ 140.499933094999989, 35.738697052 ], [ 140.499839173, 35.738199492 ], [ 140.499408886999987, 35.738252827 ], [ 140.499496203, 35.738748918 ], [ 140.499933094999989, 35.738697052 ] ] ] } },
{ "type": "Feature", "properties": { "fid": 207, "水田面積": 1031, "備考": null, "地名地番": "東輝仲町80", "検索_AreaOnRegistry": 1031.0, "検索_Address": "東輝仲町80", "検索_Tiban": "80", "地番": "80", "散布面積※小数点": 9.93 }, "geometry": { "type": "Polygon", "coordinates": [ [ [ 140.499933094999989, 35.738697052 ], [ 140.499839173, 35.738199492 ], [ 140.499408886999987, 35.738252827 ], [ 140.499496203, 35.738748918 ], [ 140.499933094999989, 35.738697052 ] ] ] } },
{ "type": "Feature", "properties": { "fid": 208, "水田面積": 727, "備考": null, "地名地番": "東輝細町38-1", "検索_AreaOnRegistry": 727.0, "検索_Address": "東輝細町38-1", "検索_Tiban": "38-1", "地番": "38-1", "散布面積※小数点": 7.0 }, "geometry": { "type": "Polygon", "coordinates": [ [ [ 140.500776651, 35.737530668 ], [ 140.500679112, 35.737024376 ], [ 140.500262074, 35.737077654 ], [ 140.50035804800001, 35.737582202 ], [ 140.500776651, 35.737530668 ] ] ] } },
{ "type": "Feature", "properties": { "fid": 209, "水田面積": 489, "備考": null, "地名地番": "東輝細町49-1", "検索_AreaOnRegistry": 489.0, "検索_Address": "東輝細町49-1", "検索_Tiban": "49-1", "地番": "49-1", "散布面積※小数点": 4.71 }, "geometry": { "type": "Polygon", "coordinates": [ [ [ 140.498340342, 35.738085275 ], [ 140.498370990000012, 35.738218652 ], [ 140.498582875000011, 35.738194866 ], [ 140.498601543, 35.738316344 ], [ 140.498605059999988, 35.738324754 ], [ 140.498801416, 35.738300071 ], [ 140.498718253, 35.737801573 ], [ 140.498572438, 35.737820636 ], [ 140.498529763, 35.737868633 ], [ 140.498449547, 35.737960383 ], [ 140.498369319, 35.738050729 ], [ 140.498340342, 35.738085275 ] ] ] } },
{ "type": "Feature", "properties": { "fid": 210, "水田面積": 1031, "備考": null, "地名地番": "東輝細町54", "検索_AreaOnRegistry": 1031.0, "検索_Address": "東輝細町54", "検索_Tiban": "54", "地番": "54", "散布面積※小数点": 9.93 }, "geometry": { "type": "Polygon", "coordinates": [ [ [ 140.4996528, 35.738193044 ], [ 140.500048354, 35.738143318 ], [ 140.499958747, 35.737647535 ], [ 140.499552013, 35.737696717 ], [ 140.4996528, 35.738193044 ] ] ] } },
{ "type": "Feature", "properties": { "fid": 211, "水田面積": 1031, "備考": null, "地名地番": "東輝細町55", "検索_AreaOnRegistry": 1031.0, "検索_Address": "東輝細町55", "検索_Tiban": "55", "地番": "55", "散布面積※小数点": 9.93 }, "geometry": { "type": "Polygon", "coordinates": [ [ [ 140.4996528, 35.738193044 ], [ 140.500048354, 35.738143318 ], [ 140.499958747, 35.737647535 ], [ 140.499552013, 35.737696717 ], [ 140.4996528, 35.738193044 ] ] ] } },
{ "type": "Feature", "properties": { "fid": 212, "水田面積": 1031, "備考": null, "地名地番": "東輝仲町73", "検索_AreaOnRegistry": 1031.0, "検索_Address": "東輝仲町73", "検索_Tiban": "73", "地番": "73", "散布面積※小数点": 9.93 }, "geometry": { "type": "Polygon", "coordinates": [ [ [ 140.501546779, 35.738506597 ], [ 140.501457029, 35.738010853 ], [ 140.500886503, 35.738068891 ], [ 140.500974417, 35.738573423 ], [ 140.501546779, 35.738506597 ] ] ] } },
{ "type": "Feature", "properties": { "fid": 213, "水田面積": 1031, "備考": null, "地名地番": "東輝仲町74", "検索_AreaOnRegistry": 1031.0, "検索_Address": "東輝仲町74", "検索_Tiban": "74", "地番": "74", "散布面積※小数点": 9.93 }, "geometry": { "type": "Polygon", "coordinates": [ [ [ 140.500974417, 35.738573423 ], [ 140.500886503, 35.738068891 ], [ 140.500466268999986, 35.73812176 ], [ 140.500555963000011, 35.738623105 ], [ 140.500974417, 35.738573423 ] ] ] } },
{ "type": "Feature", "properties": { "fid": 214, "水田面積": 1031, "備考": null, "地名地番": "東輝仲町75", "検索_AreaOnRegistry": 1031.0, "検索_Address": "東輝仲町75", "検索_Tiban": "75", "地番": "75", "散布面積※小数点": 9.93 }, "geometry": { "type": "Polygon", "coordinates": [ [ [ 140.500974417, 35.738573423 ], [ 140.500886503, 35.738068891 ], [ 140.500466268999986, 35.73812176 ], [ 140.500555963000011, 35.738623105 ], [ 140.500974417, 35.738573423 ] ] ] } },
{ "type": "Feature", "properties": { "fid": 215, "水田面積": 1031, "備考": null, "地名地番": "東輝仲町76", "検索_AreaOnRegistry": 1031.0, "検索_Address": "東輝仲町76", "検索_Tiban": "76", "地番": "76", "散布面積※小数点": 9.93 }, "geometry": { "type": "Polygon", "coordinates": [ [ [ 140.500555963000011, 35.738623105 ], [ 140.500466268999986, 35.73812176 ], [ 140.50005055, 35.738173292 ], [ 140.500147991, 35.73867154 ], [ 140.500555963000011, 35.738623105 ] ] ] } },
{ "type": "Feature", "properties": { "fid": 216, "水田面積": 1031, "備考": null, "地名地番": "東輝仲町77", "検索_AreaOnRegistry": 1031.0, "検索_Address": "東輝仲町77", "検索_Tiban": "77", "地番": "77", "散布面積※小数点": 9.93 }, "geometry": { "type": "Polygon", "coordinates": [ [ [ 140.500555963000011, 35.738623105 ], [ 140.500466268999986, 35.73812176 ], [ 140.50005055, 35.738173292 ], [ 140.500147991, 35.73867154 ], [ 140.500555963000011, 35.738623105 ] ] ] } },
{ "type": "Feature", "properties": { "fid": 217, "水田面積": 752, "備考": null, "地名地番": "東輝仲町81-1", "検索_AreaOnRegistry": 752.0, "検索_Address": "東輝仲町81-1", "検索_Tiban": "81-1", "地番": "81-1", "散布面積※小数点": 7.24 }, "geometry": { "type": "Polygon", "coordinates": [ [ [ 140.499496203, 35.738748918 ], [ 140.499408886999987, 35.738252827 ], [ 140.499013326000011, 35.738302857 ], [ 140.499111878, 35.738794542 ], [ 140.499496203, 35.738748918 ] ] ] } },
{ "type": "Feature", "properties": { "fid": 218, "水田面積": 220, "備考": null, "地名地番": "東輝仲町81-2", "検索_AreaOnRegistry": 220.0, "検索_Address": "東輝仲町81-2", "検索_Tiban": "81-2", "地番": "81-2", "散布面積※小数点": 2.12 }, "geometry": { "type": "Polygon", "coordinates": [ [ [ 140.499496203, 35.738748918 ], [ 140.499408886999987, 35.738252827 ], [ 140.499013326000011, 35.738302857 ], [ 140.499111878, 35.738794542 ], [ 140.499496203, 35.738748918 ] ] ] } },
{ "type": "Feature", "properties": { "fid": 219, "水田面積": 58, "備考": null, "地名地番": "東輝仲町81-3", "検索_AreaOnRegistry": 58.0, "検索_Address": "東輝仲町81-3", "検索_Tiban": "81-3", "地番": "81-3", "散布面積※小数点": 0.55 }, "geometry": { "type": "Polygon", "coordinates": [ [ [ 140.499496203, 35.738748918 ], [ 140.499408886999987, 35.738252827 ], [ 140.499013326000011, 35.738302857 ], [ 140.499111878, 35.738794542 ], [ 140.499496203, 35.738748918 ] ] ] } },
{ "type": "Feature", "properties": { "fid": 220, "水田面積": 1031, "備考": null, "地名地番": "東輝仲町102", "検索_AreaOnRegistry": 1031.0, "検索_Address": "東輝仲町102", "検索_Tiban": "102", "地番": "102", "散布面積※小数点": 9.93 }, "geometry": { "type": "Polygon", "coordinates": [ [ [ 140.500769518, 35.738612176 ], [ 140.500866561, 35.739107216 ], [ 140.50116415, 35.739070301 ], [ 140.501076501, 35.738575252 ], [ 140.500769518, 35.738612176 ] ] ] } },
{ "type": "Feature", "properties": { "fid": 221, "水田面積": 515, "備考": null, "地名地番": "東輝仲町103-1", "検索_AreaOnRegistry": 515.0, "検索_Address": "東輝仲町103-1", "検索_Tiban": "103-1", "地番": "103-1", "散布面積※小数点": 4.96 }, "geometry": { "type": "Polygon", "coordinates": [ [ [ 140.500769518, 35.738612176 ], [ 140.500866561, 35.739107216 ], [ 140.50116415, 35.739070301 ], [ 140.501076501, 35.738575252 ], [ 140.500769518, 35.738612176 ] ] ] } },
{ "type": "Feature", "properties": { "fid": 222, "水田面積": 350, "備考": null, "地名地番": "東輝仲町109-2", "検索_AreaOnRegistry": 350.0, "検索_Address": "東輝仲町109-2", "検索_Tiban": "109-2", "地番": "109-2", "散布面積※小数点": 3.37 }, "geometry": { "type": "Polygon", "coordinates": [ [ [ 140.501430338, 35.739072722 ], [ 140.500613655, 35.739171751 ], [ 140.500766289000012, 35.739391866 ], [ 140.501430338, 35.739072722 ] ] ] } },
{ "type": "Feature", "properties": { "fid": 223, "水田面積": 145, "備考": null, "地名地番": "東輝仲町110-1", "検索_AreaOnRegistry": 145.0, "検索_Address": "東輝仲町110-1", "検索_Tiban": "110-1", "地番": "110-1", "散布面積※小数点": 1.39 }, "geometry": { "type": "Polygon", "coordinates": [ [ [ 140.501430338, 35.739072722 ], [ 140.500613655, 35.739171751 ], [ 140.500766289000012, 35.739391866 ], [ 140.501430338, 35.739072722 ] ] ] } },
{ "type": "Feature", "properties": { "fid": 224, "水田面積": 102, "備考": null, "地名地番": "東輝仲町110-4", "検索_AreaOnRegistry": 102.0, "検索_Address": "東輝仲町110-4", "検索_Tiban": "110-4", "地番": "110-4", "散布面積※小数点": 0.98 }, "geometry": { "type": "Polygon", "coordinates": [ [ [ 140.501430338, 35.739072722 ], [ 140.500613655, 35.739171751 ], [ 140.500766289000012, 35.739391866 ], [ 140.501430338, 35.739072722 ] ] ] } },
{ "type": "Feature", "properties": { "fid": 225, "水田面積": 36, "備考": null, "地名地番": "東輝細町6-1", "検索_AreaOnRegistry": 36.0, "検索_Address": "東輝細町6-1", "検索_Tiban": "6-1", "地番": "6-1", "散布面積※小数点": 0.34 }, "geometry": { "type": "Polygon", "coordinates": [ [ [ 140.501314336, 35.736122228 ], [ 140.501346016000014, 35.736281519 ], [ 140.501390414000014, 35.736552691 ], [ 140.501606548000012, 35.736524562 ], [ 140.501536456, 35.736068755 ], [ 140.501495772999988, 35.736042861 ], [ 140.501458737, 35.73604994 ], [ 140.501314336, 35.736122228 ] ] ] } },
{ "type": "Feature", "properties": { "fid": 226, "水田面積": 191, "備考": null, "地名地番": "東輝細町43-2", "検索_AreaOnRegistry": 191.0, "検索_Address": "東輝細町43-2", "検索_Tiban": "43-2", "地番": "43-2", "散布面積※小数点": 1.84 }, "geometry": { "type": "Polygon", "coordinates": [ [ [ 140.49904612, 35.737346324 ], [ 140.499122244, 35.737732843 ], [ 140.499545981000011, 35.737681442 ], [ 140.499449744, 35.73719459 ], [ 140.499366769, 35.737205885 ], [ 140.499239417000013, 35.737223447 ], [ 140.499124056, 35.737232514 ], [ 140.499108667, 35.737246647 ], [ 140.49908314000001, 35.737284716 ], [ 140.499052572000011, 35.737338265 ], [ 140.49904612, 35.737346324 ] ] ] } },
{ "type": "Feature", "properties": { "fid": 227, "水田面積": 6, "備考": null, "地名地番": "東輝細町43-5", "検索_AreaOnRegistry": 6.78, "検索_Address": "東輝細町43-5", "検索_Tiban": "43-5", "地番": "43-5", "散布面積※小数点": 0.05 }, "geometry": { "type": "Polygon", "coordinates": [ [ [ 140.49904612, 35.737346324 ], [ 140.499122244, 35.737732843 ], [ 140.499545981000011, 35.737681442 ], [ 140.499449744, 35.73719459 ], [ 140.499366769, 35.737205885 ], [ 140.499239417000013, 35.737223447 ], [ 140.499124056, 35.737232514 ], [ 140.499108667, 35.737246647 ], [ 140.49908314000001, 35.737284716 ], [ 140.499052572000011, 35.737338265 ], [ 140.49904612, 35.737346324 ] ] ] } },
{ "type": "Feature", "properties": { "fid": 228, "水田面積": 7, "備考": null, "地名地番": "東輝細町43-6", "検索_AreaOnRegistry": 7.07, "検索_Address": "東輝細町43-6", "検索_Tiban": "43-6", "地番": "43-6", "散布面積※小数点": 0.06 }, "geometry": { "type": "Polygon", "coordinates": [ [ [ 140.49904612, 35.737346324 ], [ 140.499122244, 35.737732843 ], [ 140.499545981000011, 35.737681442 ], [ 140.499449744, 35.73719459 ], [ 140.499366769, 35.737205885 ], [ 140.499239417000013, 35.737223447 ], [ 140.499124056, 35.737232514 ], [ 140.499108667, 35.737246647 ], [ 140.49908314000001, 35.737284716 ], [ 140.499052572000011, 35.737338265 ], [ 140.49904612, 35.737346324 ] ] ] } },
{ "type": "Feature", "properties": { "fid": 229, "水田面積": 1031, "備考": null, "地名地番": "東輝道口170", "検索_AreaOnRegistry": 1031.0, "検索_Address": "東輝道口170", "検索_Tiban": "170", "地番": "170", "散布面積※小数点": 9.93 }, "geometry": { "type": "Polygon", "coordinates": [ [ [ 140.500307082, 35.741462172 ], [ 140.500626585, 35.741911167 ], [ 140.500793568, 35.741831548 ], [ 140.500486553, 35.741380929 ], [ 140.500307082, 35.741462172 ] ] ] } },
{ "type": "Feature", "properties": { "fid": 230, "水田面積": 661, "備考": null, "地名地番": "東輝道口174-1", "検索_AreaOnRegistry": 661.0, "検索_Address": "東輝道口174-1", "検索_Tiban": "174-1", "地番": "174-1", "散布面積※小数点": 6.37 }, "geometry": { "type": "Polygon", "coordinates": [ [ [ 140.499903126761581, 35.74225568574667 ], [ 140.500283852, 35.742074584 ], [ 140.499997933, 35.741674136 ], [ 140.499855677, 35.741764826 ], [ 140.499791051407215, 35.741840342175394 ], [ 140.499722526069235, 35.741999116570064 ], [ 140.499903126761581, 35.74225568574667 ] ] ] } },
{ "type": "Feature", "properties": { "fid": 231, "水田面積": 743, "備考": null, "地名地番": "東輝永田185-1", "検索_AreaOnRegistry": 743.0, "検索_Address": "東輝永田185-1", "検索_Tiban": "185-1", "地番": "185-1", "散布面積※小数点": 7.16 }, "geometry": { "type": "Polygon", "coordinates": [ [ [ 140.502030760999986, 35.741850703 ], [ 140.501728535000012, 35.741427916 ], [ 140.501367771, 35.741598036 ], [ 140.501672555, 35.742022441 ], [ 140.502030760999986, 35.741850703 ] ] ] } },
{ "type": "Feature", "properties": { "fid": 232, "水田面積": 317, "備考": null, "地名地番": "東輝細町37-2", "検索_AreaOnRegistry": 317.0, "検索_Address": "東輝細町37-2", "検索_Tiban": "37-2", "地番": "37-2", "散布面積※小数点": 3.05 }, "geometry": { "type": "Polygon", "coordinates": [ [ [ 140.500776651, 35.737530668 ], [ 140.500679112, 35.737024376 ], [ 140.500262074, 35.737077654 ], [ 140.50035804800001, 35.737582202 ], [ 140.500776651, 35.737530668 ] ] ] } },
{ "type": "Feature", "properties": { "fid": 233, "水田面積": 1031, "備考": null, "地名地番": "東輝仲町84", "検索_AreaOnRegistry": 1031.0, "検索_Address": "東輝仲町84", "検索_Tiban": "84", "地番": "84", "散布面積※小数点": 9.93 }, "geometry": { "type": "Polygon", "coordinates": [ [ [ 140.498895713, 35.738822725 ], [ 140.498820113, 35.738327293 ], [ 140.498605567, 35.738354428 ], [ 140.49864206, 35.738549498 ], [ 140.498697997, 35.738848503 ], [ 140.498895713, 35.738822725 ] ] ] } },
{ "type": "Feature", "properties": { "fid": 234, "水田面積": 624, "備考": null, "地名地番": "東輝仲町85-2", "検索_AreaOnRegistry": 624.0, "検索_Address": "東輝仲町85-2", "検索_Tiban": "85-2", "地番": "85-2", "散布面積※小数点": 6.01 }, "geometry": { "type": "Polygon", "coordinates": [ [ [ 140.498697997, 35.738848503 ], [ 140.49864206, 35.738549498 ], [ 140.498431754, 35.738572611 ], [ 140.498481078, 35.738876783 ], [ 140.498697997, 35.738848503 ] ] ] } },
{ "type": "Feature", "properties": { "fid": 235, "水田面積": 618, "備考": null, "地名地番": "東輝道口127-1", "検索_AreaOnRegistry": 618.0, "検索_Address": "東輝道口127-1", "検索_Tiban": "127-1", "地番": "127-1", "散布面積※小数点": 5.95 }, "geometry": { "type": "Polygon", "coordinates": [ [ [ 140.500917539, 35.739939592 ], [ 140.501095478, 35.739855553 ], [ 140.500798819000011, 35.739443678 ], [ 140.50061919800001, 35.739529193 ], [ 140.500917539, 35.739939592 ] ] ] } },
{ "type": "Feature", "properties": { "fid": 236, "水田面積": 395, "備考": null, "地名地番": "東輝道口127-2", "検索_AreaOnRegistry": 395.0, "検索_Address": "東輝道口127-2", "検索_Tiban": "127-2", "地番": "127-2", "散布面積※小数点": 3.8 }, "geometry": { "type": "Polygon", "coordinates": [ [ [ 140.500917539, 35.739939592 ], [ 140.501095478, 35.739855553 ], [ 140.500798819000011, 35.739443678 ], [ 140.50061919800001, 35.739529193 ], [ 140.500917539, 35.739939592 ] ] ] } },
{ "type": "Feature", "properties": { "fid": 237, "水田面積": 674, "備考": null, "地名地番": "東輝永田186-1", "検索_AreaOnRegistry": 674.0, "検索_Address": "東輝永田186-1", "検索_Tiban": "186-1", "地番": "186-1", "散布面積※小数点": 6.49 }, "geometry": { "type": "Polygon", "coordinates": [ [ [ 140.502030760999986, 35.741850703 ], [ 140.501728535000012, 35.741427916 ], [ 140.501367771, 35.741598036 ], [ 140.501672555, 35.742022441 ], [ 140.502030760999986, 35.741850703 ] ] ] } },
{ "type": "Feature", "properties": { "fid": 238, "水田面積": 357, "備考": null, "地名地番": "東輝永田186-2", "検索_AreaOnRegistry": 357.0, "検索_Address": "東輝永田186-2", "検索_Tiban": "186-2", "地番": "186-2", "散布面積※小数点": 3.44 }, "geometry": { "type": "Polygon", "coordinates": [ [ [ 140.502030760999986, 35.741850703 ], [ 140.501728535000012, 35.741427916 ], [ 140.501367771, 35.741598036 ], [ 140.501672555, 35.742022441 ], [ 140.502030760999986, 35.741850703 ] ] ] } },
{ "type": "Feature", "properties": { "fid": 239, "水田面積": 49, "備考": null, "地名地番": "東輝永田196-2", "検索_AreaOnRegistry": 49.0, "検索_Address": "東輝永田196-2", "検索_Tiban": "196-2", "地番": "196-2", "散布面積※小数点": 0.47 }, "geometry": { "type": "Polygon", "coordinates": [ [ [ 140.501686647000014, 35.742035974 ], [ 140.502003128000013, 35.742484465 ], [ 140.502362073, 35.742315824 ], [ 140.502041983, 35.74186583 ], [ 140.501686647000014, 35.742035974 ] ] ] } },
{ "type": "Feature", "properties": { "fid": 240, "水田面積": 255, "備考": null, "地名地番": "東輝細町52-2", "検索_AreaOnRegistry": 255.0, "検索_Address": "東輝細町52-2", "検索_Tiban": "52-2", "地番": "52-2", "散布面積※小数点": 2.45 }, "geometry": { "type": "Polygon", "coordinates": [ [ [ 140.499224395999988, 35.738246899 ], [ 140.4996528, 35.738193044 ], [ 140.499552013, 35.737696717 ], [ 140.499130068, 35.737747736 ], [ 140.499224395999988, 35.738246899 ] ] ] } },
{ "type": "Feature", "properties": { "fid": 241, "水田面積": 230, "備考": null, "地名地番": "東輝細町52-3", "検索_AreaOnRegistry": 230.0, "検索_Address": "東輝細町52-3", "検索_Tiban": "52-3", "地番": "52-3", "散布面積※小数点": 2.21 }, "geometry": { "type": "Polygon", "coordinates": [ [ [ 140.499224395999988, 35.738246899 ], [ 140.4996528, 35.738193044 ], [ 140.499552013, 35.737696717 ], [ 140.499130068, 35.737747736 ], [ 140.499224395999988, 35.738246899 ] ] ] } },
{ "type": "Feature", "properties": { "fid": 242, "水田面積": 29, "備考": null, "地名地番": "東輝細町52-4", "検索_AreaOnRegistry": 29.0, "検索_Address": "東輝細町52-4", "検索_Tiban": "52-4", "地番": "52-4", "散布面積※小数点": 0.27 }, "geometry": { "type": "Polygon", "coordinates": [ [ [ 140.499224395999988, 35.738246899 ], [ 140.4996528, 35.738193044 ], [ 140.499552013, 35.737696717 ], [ 140.499130068, 35.737747736 ], [ 140.499224395999988, 35.738246899 ] ] ] } },
{ "type": "Feature", "properties": { "fid": 243, "水田面積": 482, "備考": null, "地名地番": "東輝細町2-1", "検索_AreaOnRegistry": 482.0, "検索_Address": "東輝細町2-1", "検索_Tiban": "2-1", "地番": "2-1", "散布面積※小数点": 4.64 }, "geometry": { "type": "Polygon", "coordinates": [ [ [ 140.501882942, 35.73588661 ], [ 140.501792698, 35.735872889 ], [ 140.501598879999989, 35.735990119 ], [ 140.501590396000012, 35.736018611 ], [ 140.501801729, 35.73615851 ], [ 140.502029828, 35.736027409 ], [ 140.501882942, 35.73588661 ] ] ] } },
{ "type": "Feature", "properties": { "fid": 244, "水田面積": 386, "備考": null, "地名地番": "東輝細町4", "検索_AreaOnRegistry": 386.0, "検索_Address": "東輝細町4", "検索_Tiban": "4", "地番": "4", "散布面積※小数点": 3.72 }, "geometry": { "type": "Polygon", "coordinates": [ [ [ 140.501536456, 35.736068755 ], [ 140.501606548000012, 35.736524562 ], [ 140.502101726, 35.736459948 ], [ 140.501536456, 35.736068755 ] ] ] } },
{ "type": "Feature", "properties": { "fid": 245, "水田面積": 604, "備考": null, "地名地番": "東輝細町5-1", "検索_AreaOnRegistry": 604.0, "検索_Address": "東輝細町5-1", "検索_Tiban": "5-1", "地番": "5-1", "散布面積※小数点": 5.82 }, "geometry": { "type": "Polygon", "coordinates": [ [ [ 140.501536456, 35.736068755 ], [ 140.501606548000012, 35.736524562 ], [ 140.502101726, 35.736459948 ], [ 140.501536456, 35.736068755 ] ] ] } },
{ "type": "Feature", "properties": { "fid": 246, "水田面積": 174, "備考": null, "地名地番": "東輝細町5-2", "検索_AreaOnRegistry": 174.0, "検索_Address": "東輝細町5-2", "検索_Tiban": "5-2", "地番": "5-2", "散布面積※小数点": 1.67 }, "geometry": { "type": "Polygon", "coordinates": [ [ [ 140.501536456, 35.736068755 ], [ 140.501606548000012, 35.736524562 ], [ 140.502101726, 35.736459948 ], [ 140.501536456, 35.736068755 ] ] ] } },
{ "type": "Feature", "properties": { "fid": 247, "水田面積": 17, "備考": null, "地名地番": "東輝細町5-3", "検索_AreaOnRegistry": 17.0, "検索_Address": "東輝細町5-3", "検索_Tiban": "5-3", "地番": "5-3", "散布面積※小数点": 0.16 }, "geometry": { "type": "Polygon", "coordinates": [ [ [ 140.501536456, 35.736068755 ], [ 140.501606548000012, 35.736524562 ], [ 140.502101726, 35.736459948 ], [ 140.501536456, 35.736068755 ] ] ] } },
{ "type": "Feature", "properties": { "fid": 248, "水田面積": 628, "備考": null, "地名地番": "東輝細町16", "検索_AreaOnRegistry": 628.0, "検索_Address": "東輝細町16", "検索_Tiban": "16", "地番": "16", "散布面積※小数点": 6.05 }, "geometry": { "type": "Polygon", "coordinates": [ [ [ 140.499850349000013, 35.737097968 ], [ 140.499787880000014, 35.736774478 ], [ 140.499508737000014, 35.736807424 ], [ 140.499561069, 35.737133108 ], [ 140.499850349000013, 35.737097968 ] ] ] } },
{ "type": "Feature", "properties": { "fid": 249, "水田面積": 687, "備考": null, "地名地番": "東輝細町17", "検索_AreaOnRegistry": 687.0, "検索_Address": "東輝細町17", "検索_Tiban": "17", "地番": "17", "散布面積※小数点": 6.62 }, "geometry": { "type": "Polygon", "coordinates": [ [ [ 140.500074296, 35.737070762 ], [ 140.500006856, 35.736748633 ], [ 140.499787880000014, 35.736774478 ], [ 140.499850349000013, 35.737097968 ], [ 140.500074296, 35.737070762 ] ] ] } },
{ "type": "Feature", "properties": { "fid": 250, "水田面積": 784, "備考": null, "地名地番": "東輝細町41-1", "検索_AreaOnRegistry": 784.0, "検索_Address": "東輝細町41-1", "検索_Tiban": "41-1", "地番": "41-1", "散布面積※小数点": 7.55 }, "geometry": { "type": "Polygon", "coordinates": [ [ [ 140.499951816, 35.737632212 ], [ 140.499855790999987, 35.737136024 ], [ 140.499840041, 35.737141457 ], [ 140.499449744, 35.73719459 ], [ 140.499545981000011, 35.737681442 ], [ 140.499951816, 35.737632212 ] ] ] } },
{ "type": "Feature", "properties": { "fid": 251, "水田面積": 224, "備考": null, "地名地番": "東輝細町41-2", "検索_AreaOnRegistry": 224.0, "検索_Address": "東輝細町41-2", "検索_Tiban": "41-2", "地番": "41-2", "散布面積※小数点": 2.15 }, "geometry": { "type": "Polygon", "coordinates": [ [ [ 140.499951816, 35.737632212 ], [ 140.499855790999987, 35.737136024 ], [ 140.499840041, 35.737141457 ], [ 140.499449744, 35.73719459 ], [ 140.499545981000011, 35.737681442 ], [ 140.499951816, 35.737632212 ] ] ] } },
{ "type": "Feature", "properties": { "fid": 252, "水田面積": 22, "備考": null, "地名地番": "東輝細町41-3", "検索_AreaOnRegistry": 22.0, "検索_Address": "東輝細町41-3", "検索_Tiban": "41-3", "地番": "41-3", "散布面積※小数点": 0.21 }, "geometry": { "type": "Polygon", "coordinates": [ [ [ 140.499951816, 35.737632212 ], [ 140.499855790999987, 35.737136024 ], [ 140.499840041, 35.737141457 ], [ 140.499449744, 35.73719459 ], [ 140.499545981000011, 35.737681442 ], [ 140.499951816, 35.737632212 ] ] ] } },
{ "type": "Feature", "properties": { "fid": 253, "水田面積": 472, "備考": null, "地名地番": "東輝細町42-1", "検索_AreaOnRegistry": 472.0, "検索_Address": "東輝細町42-1", "検索_Tiban": "42-1", "地番": "42-1", "散布面積※小数点": 4.55 }, "geometry": { "type": "Polygon", "coordinates": [ [ [ 140.499951816, 35.737632212 ], [ 140.499855790999987, 35.737136024 ], [ 140.499840041, 35.737141457 ], [ 140.499449744, 35.73719459 ], [ 140.499545981000011, 35.737681442 ], [ 140.499951816, 35.737632212 ] ] ] } },
{ "type": "Feature", "properties": { "fid": 254, "水田面積": 536, "備考": null, "地名地番": "東輝細町42-2", "検索_AreaOnRegistry": 536.0, "検索_Address": "東輝細町42-2", "検索_Tiban": "42-2", "地番": "42-2", "散布面積※小数点": 5.16 }, "geometry": { "type": "Polygon", "coordinates": [ [ [ 140.499951816, 35.737632212 ], [ 140.499855790999987, 35.737136024 ], [ 140.499840041, 35.737141457 ], [ 140.499449744, 35.73719459 ], [ 140.499545981000011, 35.737681442 ], [ 140.499951816, 35.737632212 ] ] ] } },
{ "type": "Feature", "properties": { "fid": 255, "水田面積": 22, "備考": null, "地名地番": "東輝細町42-3", "検索_AreaOnRegistry": 22.0, "検索_Address": "東輝細町42-3", "検索_Tiban": "42-3", "地番": "42-3", "散布面積※小数点": 0.21 }, "geometry": { "type": "Polygon", "coordinates": [ [ [ 140.499951816, 35.737632212 ], [ 140.499855790999987, 35.737136024 ], [ 140.499840041, 35.737141457 ], [ 140.499449744, 35.73719459 ], [ 140.499545981000011, 35.737681442 ], [ 140.499951816, 35.737632212 ] ] ] } },
{ "type": "Feature", "properties": { "fid": 256, "水田面積": 744, "備考": null, "地名地番": "東輝細町43-1", "検索_AreaOnRegistry": 744.0, "検索_Address": "東輝細町43-1", "検索_Tiban": "43-1", "地番": "43-1", "散布面積※小数点": 7.17 }, "geometry": { "type": "Polygon", "coordinates": [ [ [ 140.49904612, 35.737346324 ], [ 140.499122244, 35.737732843 ], [ 140.499545981000011, 35.737681442 ], [ 140.499449744, 35.73719459 ], [ 140.499366769, 35.737205885 ], [ 140.499239417000013, 35.737223447 ], [ 140.499124056, 35.737232514 ], [ 140.499108667, 35.737246647 ], [ 140.49908314000001, 35.737284716 ], [ 140.499052572000011, 35.737338265 ], [ 140.49904612, 35.737346324 ] ] ] } },
{ "type": "Feature", "properties": { "fid": 257, "水田面積": 35, "備考": null, "地名地番": "東輝細町43-3", "検索_AreaOnRegistry": 35.0, "検索_Address": "東輝細町43-3", "検索_Tiban": "43-3", "地番": "43-3", "散布面積※小数点": 0.33 }, "geometry": { "type": "Polygon", "coordinates": [ [ [ 140.49904612, 35.737346324 ], [ 140.499122244, 35.737732843 ], [ 140.499545981000011, 35.737681442 ], [ 140.499449744, 35.73719459 ], [ 140.499366769, 35.737205885 ], [ 140.499239417000013, 35.737223447 ], [ 140.499124056, 35.737232514 ], [ 140.499108667, 35.737246647 ], [ 140.49908314000001, 35.737284716 ], [ 140.499052572000011, 35.737338265 ], [ 140.49904612, 35.737346324 ] ] ] } },
{ "type": "Feature", "properties": { "fid": 258, "水田面積": 16, "備考": null, "地名地番": "東輝細町43-4", "検索_AreaOnRegistry": 16.0, "検索_Address": "東輝細町43-4", "検索_Tiban": "43-4", "地番": "43-4", "散布面積※小数点": 0.15 }, "geometry": { "type": "Polygon", "coordinates": [ [ [ 140.49904612, 35.737346324 ], [ 140.499122244, 35.737732843 ], [ 140.499545981000011, 35.737681442 ], [ 140.499449744, 35.73719459 ], [ 140.499366769, 35.737205885 ], [ 140.499239417000013, 35.737223447 ], [ 140.499124056, 35.737232514 ], [ 140.499108667, 35.737246647 ], [ 140.49908314000001, 35.737284716 ], [ 140.499052572000011, 35.737338265 ], [ 140.49904612, 35.737346324 ] ] ] } },
{ "type": "Feature", "properties": { "fid": 259, "水田面積": 271, "備考": null, "地名地番": "東輝仲町67-1", "検索_AreaOnRegistry": 271.0, "検索_Address": "東輝仲町67-1", "検索_Tiban": "67-1", "地番": "67-1", "散布面積※小数点": 2.61 }, "geometry": { "type": "Polygon", "coordinates": [ [ [ 140.502245351, 35.737915742 ], [ 140.501861272000014, 35.737959118 ], [ 140.50196114100001, 35.738454805 ], [ 140.502231462999987, 35.738418247 ], [ 140.502245351, 35.737915742 ] ] ] } },
{ "type": "Feature", "properties": { "fid": 260, "水田面積": 690, "備考": null, "地名地番": "東輝永田187-1", "検索_AreaOnRegistry": 690.0, "検索_Address": "東輝永田187-1", "検索_Tiban": "187-1", "地番": "187-1", "散布面積※小数点": 6.65 }, "geometry": { "type": "Polygon", "coordinates": [ [ [ 140.502356600000013, 35.741703703 ], [ 140.50206463, 35.741270229 ], [ 140.501728535000012, 35.741427916 ], [ 140.502030760999986, 35.741850703 ], [ 140.502356600000013, 35.741703703 ] ] ] } },
{ "type": "Feature", "properties": { "fid": 261, "水田面積": 89, "備考": null, "地名地番": "東輝永田187-3", "検索_AreaOnRegistry": 89.0, "検索_Address": "東輝永田187-3", "検索_Tiban": "187-3", "地番": "187-3", "散布面積※小数点": 0.85 }, "geometry": { "type": "Polygon", "coordinates": [ [ [ 140.502356600000013, 35.741703703 ], [ 140.50206463, 35.741270229 ], [ 140.501728535000012, 35.741427916 ], [ 140.502030760999986, 35.741850703 ], [ 140.502356600000013, 35.741703703 ] ] ] } },
{ "type": "Feature", "properties": { "fid": 262, "水田面積": 188, "備考": null, "地名地番": "東輝永田187-2", "検索_AreaOnRegistry": 188.0, "検索_Address": "東輝永田187-2", "検索_Tiban": "187-2", "地番": "187-2", "散布面積※小数点": 1.81 }, "geometry": { "type": "Polygon", "coordinates": [ [ [ 140.502356600000013, 35.741703703 ], [ 140.50206463, 35.741270229 ], [ 140.501728535000012, 35.741427916 ], [ 140.502030760999986, 35.741850703 ], [ 140.502356600000013, 35.741703703 ] ] ] } },
{ "type": "Feature", "properties": { "fid": 263, "水田面積": 432, "備考": null, "地名地番": "東輝細町39-1", "検索_AreaOnRegistry": 432.0, "検索_Address": "東輝細町39-1", "検索_Tiban": "39-1", "地番": "39-1", "散布面積※小数点": 4.16 }, "geometry": { "type": "Polygon", "coordinates": [ [ [ 140.500309577, 35.737327382 ], [ 140.500262074, 35.737077654 ], [ 140.500037254, 35.737106374 ], [ 140.500083628999988, 35.737353005 ], [ 140.500309577, 35.737327382 ] ] ] } },
{ "type": "Feature", "properties": { "fid": 264, "水田面積": 62, "備考": null, "地名地番": "東輝細町39-3", "検索_AreaOnRegistry": 62.0, "検索_Address": "東輝細町39-3", "検索_Tiban": "39-3", "地番": "39-3", "散布面積※小数点": 0.59 }, "geometry": { "type": "Polygon", "coordinates": [ [ [ 140.500309577, 35.737327382 ], [ 140.500262074, 35.737077654 ], [ 140.500037254, 35.737106374 ], [ 140.500083628999988, 35.737353005 ], [ 140.500309577, 35.737327382 ] ] ] } },
{ "type": "Feature", "properties": { "fid": 265, "水田面積": 20, "備考": null, "地名地番": "東輝細町39-4", "検索_AreaOnRegistry": 20.0, "検索_Address": "東輝細町39-4", "検索_Tiban": "39-4", "地番": "39-4", "散布面積※小数点": 0.19 }, "geometry": { "type": "Polygon", "coordinates": [ [ [ 140.500309577, 35.737327382 ], [ 140.500262074, 35.737077654 ], [ 140.500037254, 35.737106374 ], [ 140.500083628999988, 35.737353005 ], [ 140.500309577, 35.737327382 ] ] ] } },
{ "type": "Feature", "properties": { "fid": 266, "水田面積": 277, "備考": null, "地名地番": "東輝細町40-1", "検索_AreaOnRegistry": 277.0, "検索_Address": "東輝細町40-1", "検索_Tiban": "40-1", "地番": "40-1", "散布面積※小数点": 2.67 }, "geometry": { "type": "Polygon", "coordinates": [ [ [ 140.500083628999988, 35.737353005 ], [ 140.500037254, 35.737106374 ], [ 140.499885568, 35.737125752 ], [ 140.499855790999987, 35.737136024 ], [ 140.499901773, 35.737373628 ], [ 140.500083628999988, 35.737353005 ] ] ] } },
{ "type": "Feature", "properties": { "fid": 267, "水田面積": 495, "備考": null, "地名地番": "東輝細町40-2", "検索_AreaOnRegistry": 495.0, "検索_Address": "東輝細町40-2", "検索_Tiban": "40-2", "地番": "40-2", "散布面積※小数点": 4.77 }, "geometry": { "type": "Polygon", "coordinates": [ [ [ 140.50013196, 35.737610035 ], [ 140.500083628999988, 35.737353005 ], [ 140.499901773, 35.737373628 ], [ 140.499951816, 35.737632212 ], [ 140.50013196, 35.737610035 ] ] ] } },
{ "type": "Feature", "properties": { "fid": 268, "水田面積": 235, "備考": null, "地名地番": "東輝細町40-3", "検索_AreaOnRegistry": 235.0, "検索_Address": "東輝細町40-3", "検索_Tiban": "40-3", "地番": "40-3", "散布面積※小数点": 2.26 }, "geometry": { "type": "Polygon", "coordinates": [ [ [ 140.500083628999988, 35.737353005 ], [ 140.500037254, 35.737106374 ], [ 140.499885568, 35.737125752 ], [ 140.499855790999987, 35.737136024 ], [ 140.499901773, 35.737373628 ], [ 140.500083628999988, 35.737353005 ] ] ] } },
{ "type": "Feature", "properties": { "fid": 269, "水田面積": 22, "備考": null, "地名地番": "東輝細町40-4", "検索_AreaOnRegistry": 22.0, "検索_Address": "東輝細町40-4", "検索_Tiban": "40-4", "地番": "40-4", "散布面積※小数点": 0.21 }, "geometry": { "type": "Polygon", "coordinates": [ [ [ 140.500083628999988, 35.737353005 ], [ 140.500037254, 35.737106374 ], [ 140.499885568, 35.737125752 ], [ 140.499855790999987, 35.737136024 ], [ 140.499901773, 35.737373628 ], [ 140.500083628999988, 35.737353005 ] ] ] } },
{ "type": "Feature", "properties": { "fid": 270, "水田面積": 426, "備考": null, "地名地番": "東輝細町45-1", "検索_AreaOnRegistry": 426.0, "検索_Address": "東輝細町45-1", "検索_Tiban": "45-1", "地番": "45-1", "散布面積※小数点": 4.1 }, "geometry": { "type": "Polygon", "coordinates": [ [ [ 140.498584311, 35.737798094 ], [ 140.499122244, 35.737732843 ], [ 140.49904612, 35.737346324 ], [ 140.498960491, 35.737453259 ], [ 140.498859812, 35.737570409 ], [ 140.498782855, 35.737639666 ], [ 140.49868179, 35.737710462 ], [ 140.498584311, 35.737798094 ] ] ] } },
{ "type": "Feature", "properties": { "fid": 271, "水田面積": 176, "備考": null, "地名地番": "東輝細町45-4", "検索_AreaOnRegistry": 176.0, "検索_Address": "東輝細町45-4", "検索_Tiban": "45-4", "地番": "45-4", "散布面積※小数点": 1.69 }, "geometry": { "type": "Polygon", "coordinates": [ [ [ 140.498584311, 35.737798094 ], [ 140.499122244, 35.737732843 ], [ 140.49904612, 35.737346324 ], [ 140.498960491, 35.737453259 ], [ 140.498859812, 35.737570409 ], [ 140.498782855, 35.737639666 ], [ 140.49868179, 35.737710462 ], [ 140.498584311, 35.737798094 ] ] ] } },
{ "type": "Feature", "properties": { "fid": 272, "水田面積": 22, "備考": null, "地名地番": "東輝細町45-5", "検索_AreaOnRegistry": 22.0, "検索_Address": "東輝細町45-5", "検索_Tiban": "45-5", "地番": "45-5", "散布面積※小数点": 0.21 }, "geometry": { "type": "Polygon", "coordinates": [ [ [ 140.498584311, 35.737798094 ], [ 140.499122244, 35.737732843 ], [ 140.49904612, 35.737346324 ], [ 140.498960491, 35.737453259 ], [ 140.498859812, 35.737570409 ], [ 140.498782855, 35.737639666 ], [ 140.49868179, 35.737710462 ], [ 140.498584311, 35.737798094 ] ] ] } },
{ "type": "Feature", "properties": { "fid": 273, "水田面積": 1031, "備考": null, "地名地番": "東輝細町64", "検索_AreaOnRegistry": 1031.0, "検索_Address": "東輝細町64", "検索_Tiban": "64", "地番": "64", "散布面積※小数点": 9.93 }, "geometry": { "type": "Polygon", "coordinates": [ [ [ 140.502083340000013, 35.737899113 ], [ 140.50198738200001, 35.737405745 ], [ 140.50155534000001, 35.737459698 ], [ 140.501648021, 35.737952456 ], [ 140.502083340000013, 35.737899113 ] ] ] } },
{ "type": "Feature", "properties": { "fid": 274, "水田面積": 1031, "備考": null, "地名地番": "東輝細町65", "検索_AreaOnRegistry": 1031.0, "検索_Address": "東輝細町65", "検索_Tiban": "65", "地番": "65", "散布面積※小数点": 9.93 }, "geometry": { "type": "Polygon", "coordinates": [ [ [ 140.502083340000013, 35.737899113 ], [ 140.50198738200001, 35.737405745 ], [ 140.50155534000001, 35.737459698 ], [ 140.501648021, 35.737952456 ], [ 140.502083340000013, 35.737899113 ] ] ] } },
{ "type": "Feature", "properties": { "fid": 275, "水田面積": 1031, "備考": null, "地名地番": "東輝細町31", "検索_AreaOnRegistry": 1031.0, "検索_Address": "東輝細町31", "検索_Tiban": "31", "地番": "31", "散布面積※小数点": 9.93 }, "geometry": { "type": "Polygon", "coordinates": [ [ [ 140.501977111, 35.737387244 ], [ 140.501877696, 35.736890105 ], [ 140.50146582, 35.736935697 ], [ 140.501570324, 35.737436931 ], [ 140.501977111, 35.737387244 ] ] ] } },
{ "type": "Feature", "properties": { "fid": 276, "水田面積": 1222, "備考": null, "地名地番": "南和田石橋43-1", "検索_AreaOnRegistry": 1222.0, "検索_Address": "南和田石橋43-1", "検索_Tiban": "43-1", "地番": "43-1", "散布面積※小数点": 11.78 }, "geometry": { "type": "Polygon", "coordinates": [ [ [ 140.502113367, 35.745334769 ], [ 140.502024487, 35.745283663 ], [ 140.501940264000012, 35.745240116 ], [ 140.501862942, 35.745197467 ], [ 140.501746368, 35.745131625 ], [ 140.501641353, 35.745074146 ], [ 140.501545580999988, 35.745023171 ], [ 140.501502945999988, 35.745007488 ], [ 140.501490444000012, 35.745023478 ], [ 140.501464360999989, 35.745063892 ], [ 140.501403028, 35.745147579 ], [ 140.501507933999989, 35.745191854 ], [ 140.501574909999988, 35.745233624 ], [ 140.501646379, 35.745263195 ], [ 140.50170300100001, 35.745303149 ], [ 140.501759506000013, 35.745329057 ], [ 140.50185173, 35.745367876 ], [ 140.50190712700001, 35.745398473 ], [ 140.501982167, 35.745443007 ], [ 140.502113367, 35.745334769 ] ] ] } },
{ "type": "Feature", "properties": { "fid": 277, "水田面積": 1032, "備考": null, "地名地番": "南和田坊田66", "検索_AreaOnRegistry": 1032.0, "検索_Address": "南和田坊田66", "検索_Tiban": "66", "地番": "66", "散布面積※小数点": 9.94 }, "geometry": { "type": "Polygon", "coordinates": [ [ [ 140.500642367000012, 35.744131734 ], [ 140.501166066, 35.744404272 ], [ 140.501290936, 35.744263873 ], [ 140.500768515, 35.743985146 ], [ 140.500642367000012, 35.744131734 ] ] ] } },
{ "type": "Feature", "properties": { "fid": 278, "水田面積": 851, "備考": null, "地名地番": "南和田坊田68", "検索_AreaOnRegistry": 851.0, "検索_Address": "南和田坊田68", "検索_Tiban": "68", "地番": "68", "散布面積※小数点": 8.2 }, "geometry": { "type": "Polygon", "coordinates": [ [ [ 140.500950273, 35.743887174 ], [ 140.501394417, 35.74412035 ], [ 140.501494634000011, 35.743981352 ], [ 140.50135382, 35.74383253 ], [ 140.501202688, 35.743685873 ], [ 140.500981792, 35.743851453 ], [ 140.500950273, 35.743887174 ] ] ] } },
{ "type": "Feature", "properties": { "fid": 279, "水田面積": 522, "備考": null, "地名地番": "南和田坊田71", "検索_AreaOnRegistry": 522.0, "検索_Address": "南和田坊田71", "検索_Tiban": "71", "地番": "71", "散布面積※小数点": 5.03 }, "geometry": { "type": "Polygon", "coordinates": [ [ [ 140.500829187, 35.743854186 ], [ 140.500750641, 35.743802365 ], [ 140.500653676000013, 35.743745778 ], [ 140.500564736, 35.743687272 ], [ 140.500527298, 35.743663153 ], [ 140.500419166, 35.743796456 ], [ 140.500733634, 35.743967093 ], [ 140.500829187, 35.743854186 ] ] ] } },
{ "type": "Feature", "properties": { "fid": 280, "水田面積": 1042, "備考": null, "地名地番": "南和田坊田73", "検索_AreaOnRegistry": 1042.0, "検索_Address": "南和田坊田73", "検索_Tiban": "73", "地番": "73", "散布面積※小数点": 10.04 }, "geometry": { "type": "Polygon", "coordinates": [ [ [ 140.500733634, 35.743967093 ], [ 140.500419166, 35.743796456 ], [ 140.500203043, 35.743679182 ], [ 140.500025552000011, 35.743910804 ], [ 140.499991716000011, 35.743953789 ], [ 140.500508863, 35.744232691 ], [ 140.500733634, 35.743967093 ] ] ] } },
{ "type": "Feature", "properties": { "fid": 281, "水田面積": 708, "備考": null, "地名地番": "南和田坊田74-1", "検索_AreaOnRegistry": 708.0, "検索_Address": "南和田坊田74-1", "検索_Tiban": "74-1", "地番": "74-1", "散布面積※小数点": 6.82 }, "geometry": { "type": "Polygon", "coordinates": [ [ [ 140.500733634, 35.743967093 ], [ 140.500419166, 35.743796456 ], [ 140.500203043, 35.743679182 ], [ 140.500025552000011, 35.743910804 ], [ 140.499991716000011, 35.743953789 ], [ 140.500508863, 35.744232691 ], [ 140.500733634, 35.743967093 ] ] ] } },
{ "type": "Feature", "properties": { "fid": 282, "水田面積": 849, "備考": null, "地名地番": "南和田孫田81", "検索_AreaOnRegistry": 849.0, "検索_Address": "南和田孫田81", "検索_Tiban": "81", "地番": "81", "散布面積※小数点": 8.18 }, "geometry": { "type": "Polygon", "coordinates": [ [ [ 140.49997985600001, 35.743968857 ], [ 140.499383112, 35.744026567 ], [ 140.499385197, 35.744070101 ], [ 140.499385606, 35.744119264 ], [ 140.499394677999987, 35.744173999 ], [ 140.499398796, 35.744200453 ], [ 140.499826716, 35.744163407 ], [ 140.49997985600001, 35.743968857 ] ] ] } },
{ "type": "Feature", "properties": { "fid": 283, "水田面積": 994, "備考": null, "地名地番": "南和田孫田82", "検索_AreaOnRegistry": 994.0, "検索_Address": "南和田孫田82", "検索_Tiban": "82", "地番": "82", "散布面積※小数点": 9.58 }, "geometry": { "type": "Polygon", "coordinates": [ [ [ 140.499950663, 35.743772348 ], [ 140.499358085000011, 35.743835526 ], [ 140.499365883, 35.743944115 ], [ 140.499377931, 35.744011475 ], [ 140.499441085, 35.744008316 ], [ 140.499613261, 35.743992379 ], [ 140.49981981900001, 35.743966886 ], [ 140.499974928, 35.743955068 ], [ 140.499950663, 35.743772348 ] ] ] } },
{ "type": "Feature", "properties": { "fid": 284, "水田面積": 1022, "備考": null, "地名地番": "南和田孫田92", "検索_AreaOnRegistry": 1022.0, "検索_Address": "南和田孫田92", "検索_Tiban": "92", "地番": "92", "散布面積※小数点": 9.85 }, "geometry": { "type": "Polygon", "coordinates": [ [ [ 140.498654423, 35.743751747 ], [ 140.499281341, 35.743685731 ], [ 140.499261158, 35.743511517 ], [ 140.498629274, 35.743574239 ], [ 140.498654423, 35.743751747 ] ] ] } },
{ "type": "Feature", "properties": { "fid": 285, "水田面積": 672, "備考": "一部休耕", "地名地番": "南和田孫田91", "検索_AreaOnRegistry": 672.0, "検索_Address": "南和田孫田91", "検索_Tiban": "91", "地番": "91", "散布面積※小数点": 3.97 }, "geometry": { "type": "Polygon", "coordinates": [ [ [ 140.498622540000014, 35.743526707 ], [ 140.498629274, 35.743574239 ], [ 140.499261158, 35.743511517 ], [ 140.499251243, 35.743425932 ], [ 140.499214973, 35.743415598 ], [ 140.499103663999989, 35.743395143 ], [ 140.498971925, 35.7434043 ], [ 140.498871323, 35.743428035 ], [ 140.4987604, 35.743453933 ], [ 140.498622540000014, 35.743526707 ] ] ] } },
{ "type": "Feature", "properties": { "fid": 286, "水田面積": 615, "備考": null, "地名地番": "南和田石橋45", "検索_AreaOnRegistry": 615.0, "検索_Address": "南和田石橋45", "検索_Tiban": "45", "地番": "45", "散布面積※小数点": 5.92 }, "geometry": { "type": "Polygon", "coordinates": [ [ [ 140.501726674999986, 35.744709393 ], [ 140.502191622, 35.744963841 ], [ 140.501896284999987, 35.744514116 ], [ 140.501863185, 35.744539585 ], [ 140.501726674999986, 35.744709393 ] ] ] } },
{ "type": "Feature", "properties": { "fid": 287, "水田面積": 1014, "備考": null, "地名地番": "南和田孫田84-1", "検索_AreaOnRegistry": 1014.0, "検索_Address": "南和田孫田84-1", "検索_Tiban": "84-1", "地番": "84-1", "散布面積※小数点": 9.77 }, "geometry": { "type": "Polygon", "coordinates": [ [ [ 140.499904926, 35.743427936 ], [ 140.499767056, 35.743424954 ], [ 140.499651087, 35.743431215 ], [ 140.499610767, 35.74341739 ], [ 140.499509622, 35.743410459 ], [ 140.499387864, 35.743411133 ], [ 140.499339588, 35.743407654 ], [ 140.499309794, 35.743416247 ], [ 140.499310378, 35.743486481 ], [ 140.499328716, 35.74361936 ], [ 140.499335342, 35.743687938 ], [ 140.499930872, 35.743623312 ], [ 140.499904926, 35.743427936 ] ] ] } },
{ "type": "Feature", "properties": { "fid": 288, "水田面積": 332, "備考": null, "地名地番": "南和田孫田84-2", "検索_AreaOnRegistry": 332.0, "検索_Address": "南和田孫田84-2", "検索_Tiban": "84-2", "地番": "84-2", "散布面積※小数点": 3.2 }, "geometry": { "type": "Polygon", "coordinates": [ [ [ 140.499904926, 35.743427936 ], [ 140.499767056, 35.743424954 ], [ 140.499651087, 35.743431215 ], [ 140.499610767, 35.74341739 ], [ 140.499509622, 35.743410459 ], [ 140.499387864, 35.743411133 ], [ 140.499339588, 35.743407654 ], [ 140.499309794, 35.743416247 ], [ 140.499310378, 35.743486481 ], [ 140.499328716, 35.74361936 ], [ 140.499335342, 35.743687938 ], [ 140.499930872, 35.743623312 ], [ 140.499904926, 35.743427936 ] ] ] } },
{ "type": "Feature", "properties": { "fid": 289, "水田面積": 777, "備考": null, "地名地番": "南和田下タ111-1", "検索_AreaOnRegistry": 777.0, "検索_Address": "南和田下タ111-1", "検索_Tiban": "111-1", "地番": "111-1", "散布面積※小数点": 7.49 }, "geometry": { "type": "Polygon", "coordinates": [ [ [ 140.498027232, 35.744160549 ], [ 140.497619203999989, 35.744202135 ], [ 140.497635318, 35.744275092 ], [ 140.497642794, 35.744345287 ], [ 140.497646694999986, 35.74440005 ], [ 140.497659211000013, 35.744454765 ], [ 140.497657722000014, 35.744482868 ], [ 140.497668737, 35.744564281 ], [ 140.497667434, 35.744614858 ], [ 140.497734503, 35.744599037 ], [ 140.497813657, 35.744585957 ], [ 140.497891019, 35.744564459 ], [ 140.497989091, 35.744547059 ], [ 140.498069874, 35.744522733 ], [ 140.498027232, 35.744160549 ] ] ] } },
{ "type": "Feature", "properties": { "fid": 290, "水田面積": 796, "備考": "一部休耕", "地名地番": "南和田下タ111-3", "検索_AreaOnRegistry": 796.0, "検索_Address": "南和田孫田111-3", "検索_Tiban": "111-3", "地番": "111-3", "散布面積※小数点": 3.0 }, "geometry": { "type": "Polygon", "coordinates": [ [ [ 140.498027232, 35.744160549 ], [ 140.497619203999989, 35.744202135 ], [ 140.497635318, 35.744275092 ], [ 140.497642794, 35.744345287 ], [ 140.497646694999986, 35.74440005 ], [ 140.497659211000013, 35.744454765 ], [ 140.497657722000014, 35.744482868 ], [ 140.497668737, 35.744564281 ], [ 140.497667434, 35.744614858 ], [ 140.497734503, 35.744599037 ], [ 140.497813657, 35.744585957 ], [ 140.497891019, 35.744564459 ], [ 140.497989091, 35.744547059 ], [ 140.498069874, 35.744522733 ], [ 140.498027232, 35.744160549 ] ] ] } },
{ "type": "Feature", "properties": { "fid": 291, "水田面積": 829, "備考": null, "地名地番": "南和田下タ116-1", "検索_AreaOnRegistry": 829.0, "検索_Address": "南和田下タ116-1", "検索_Tiban": "116-1", "地番": "116-1", "散布面積※小数点": 7.99 }, "geometry": { "type": "Polygon", "coordinates": [ [ [ 140.497365742999989, 35.744206142 ], [ 140.49736311800001, 35.744166823 ], [ 140.497360356, 35.744110837 ], [ 140.497353054, 35.744061556 ], [ 140.497349717, 35.744028485 ], [ 140.497337738, 35.74396924 ], [ 140.497331972000012, 35.743920575 ], [ 140.497325094, 35.743830086 ], [ 140.497324658999986, 35.743777645 ], [ 140.497306321999986, 35.743782741 ], [ 140.49726127, 35.743798598 ], [ 140.497214713, 35.743817584 ], [ 140.497178044, 35.7438284 ], [ 140.497163644000011, 35.743846586 ], [ 140.497160043, 35.743874075 ], [ 140.49716339, 35.743908207 ], [ 140.497155282, 35.743946336 ], [ 140.497152742999987, 35.744009407 ], [ 140.497156867, 35.744044971 ], [ 140.497155682999988, 35.744086806 ], [ 140.49715161200001, 35.744149886 ], [ 140.497151204, 35.744192967 ], [ 140.497151448000011, 35.744222308 ], [ 140.497166805, 35.744227218 ], [ 140.497191294, 35.74422521 ], [ 140.497254828, 35.744221738 ], [ 140.49734439400001, 35.744217497 ], [ 140.497365742999989, 35.744206142 ] ] ] } },
{ "type": "Feature", "properties": { "fid": 292, "水田面積": 926, "備考": null, "地名地番": "南和田下タ116-2", "検索_AreaOnRegistry": 926.0, "検索_Address": "南和田下タ116-2", "検索_Tiban": "116-2", "地番": "116-2", "散布面積※小数点": 8.92 }, "geometry": { "type": "Polygon", "coordinates": [ [ [ 140.497341733000013, 35.743780843 ], [ 140.497352525999986, 35.743835568 ], [ 140.497364960999988, 35.743880451 ], [ 140.497368908, 35.743940833 ], [ 140.497386909, 35.744033445 ], [ 140.49738223, 35.744092469 ], [ 140.497398145, 35.744141547 ], [ 140.497400463, 35.744213175 ], [ 140.497594977, 35.744189626 ], [ 140.497587362, 35.744102575 ], [ 140.497567673, 35.744014186 ], [ 140.497554632, 35.743896261 ], [ 140.497547063000013, 35.743814828 ], [ 140.497527387, 35.743727844 ], [ 140.497479178, 35.743732324 ], [ 140.497407091000014, 35.743766435 ], [ 140.497341733000013, 35.743780843 ] ] ] } },
{ "type": "Feature", "properties": { "fid": 293, "水田面積": 207, "備考": null, "地名地番": "東輝永田220-2", "検索_AreaOnRegistry": 207.0, "検索_Address": "東輝永田220-2", "検索_Tiban": "220-2", "地番": "220-2", "散布面積※小数点": 1.99 }, "geometry": { "type": "Polygon", "coordinates": [ [ [ 140.502513133, 35.742879037 ], [ 140.502830103, 35.743348931 ], [ 140.503035882, 35.743252777 ], [ 140.502703761, 35.74279073 ], [ 140.502513133, 35.742879037 ] ] ] } },
{ "type": "Feature", "properties": { "fid": 294, "水田面積": 264, "備考": null, "地名地番": "東輝永田220-3", "検索_AreaOnRegistry": 264.0, "検索_Address": "東輝永田220-3", "検索_Tiban": "220-3", "地番": "220-3", "散布面積※小数点": 2.54 }, "geometry": { "type": "Polygon", "coordinates": [ [ [ 140.502513133, 35.742879037 ], [ 140.502830103, 35.743348931 ], [ 140.503035882, 35.743252777 ], [ 140.502703761, 35.74279073 ], [ 140.502513133, 35.742879037 ] ] ] } },
{ "type": "Feature", "properties": { "fid": 295, "水田面積": 403, "備考": null, "地名地番": "東輝永田221-1", "検索_AreaOnRegistry": 403.0, "検索_Address": "東輝永田221-1", "検索_Tiban": "221-1", "地番": "221-1", "散布面積※小数点": 3.88 }, "geometry": { "type": "Polygon", "coordinates": [ [ [ 140.502830103, 35.743348931 ], [ 140.502513133, 35.742879037 ], [ 140.502339713, 35.742959373 ], [ 140.502667368, 35.743424973 ], [ 140.502830103, 35.743348931 ] ] ] } },
{ "type": "Feature", "properties": { "fid": 296, "水田面積": 231, "備考": null, "地名地番": "東輝永田221-4", "検索_AreaOnRegistry": 231.0, "検索_Address": "東輝永田221-4", "検索_Tiban": "221-4", "地番": "221-4", "散布面積※小数点": 2.22 }, "geometry": { "type": "Polygon", "coordinates": [ [ [ 140.502830103, 35.743348931 ], [ 140.502513133, 35.742879037 ], [ 140.502339713, 35.742959373 ], [ 140.502667368, 35.743424973 ], [ 140.502830103, 35.743348931 ] ] ] } },
{ "type": "Feature", "properties": { "fid": 297, "水田面積": 933, "備考": "一部休耕", "地名地番": "南和田下タ126", "検索_AreaOnRegistry": 933.0, "検索_Address": "南和田下タ126", "検索_Tiban": "126", "地番": "126", "散布面積※小数点": 5.0 }, "geometry": { "type": "Polygon", "coordinates": [ [ [ 140.49796837, 35.743712766 ], [ 140.497899542999988, 35.743724384 ], [ 140.497777386, 35.743746129 ], [ 140.497667114, 35.743746738 ], [ 140.497553395000011, 35.743747366 ], [ 140.497560602, 35.743785254 ], [ 140.497563002, 35.743866715 ], [ 140.497582492, 35.743931225 ], [ 140.497586509, 35.744000034 ], [ 140.49760451, 35.744092647 ], [ 140.497620786999988, 35.744185269 ], [ 140.498025391999988, 35.744146511 ], [ 140.49796837, 35.743712766 ] ] ] } },
{ "type": "Feature", "properties": { "fid": 298, "水田面積": 817, "備考": "一部休耕", "地名地番": "南和田下タ128-4", "検索_AreaOnRegistry": 817.0, "検索_Address": "南和田下タ128-4", "検索_Tiban": "128-4", "地番": "128-4", "散布面積※小数点": 3.0 }, "geometry": { "type": "Polygon", "coordinates": [ [ [ 140.498726985, 35.744252707 ], [ 140.498702845999986, 35.744096043 ], [ 140.49809148, 35.744158601 ], [ 140.498089235, 35.744176163 ], [ 140.498105372999987, 35.744251929 ], [ 140.49813673700001, 35.744293898 ], [ 140.498203917000012, 35.744291419 ], [ 140.498291739, 35.744284612 ], [ 140.498680463999989, 35.744252964 ], [ 140.498726985, 35.744252707 ] ] ] } },
{ "type": "Feature", "properties": { "fid": 299, "水田面積": 1031, "備考": null, "地名地番": "東輝永田225", "検索_AreaOnRegistry": 1031.0, "検索_Address": "東輝永田225", "検索_Tiban": "225", "地番": "225", "散布面積※小数点": 9.93 }, "geometry": { "type": "Polygon", "coordinates": [ [ [ 140.50161566, 35.743296234 ], [ 140.501951997, 35.74375924 ], [ 140.502120518, 35.743680497 ], [ 140.501792801, 35.743212722 ], [ 140.50161566, 35.743296234 ] ] ] } },
{ "type": "Feature", "properties": { "fid": 300, "水田面積": 1031, "備考": null, "地名地番": "東輝永田226", "検索_AreaOnRegistry": 1031.0, "検索_Address": "東輝永田226", "検索_Tiban": "226", "地番": "226", "散布面積※小数点": 9.93 }, "geometry": { "type": "Polygon", "coordinates": [ [ [ 140.501264586, 35.743461744 ], [ 140.501395377, 35.743648549 ], [ 140.501489811, 35.743814485 ], [ 140.501479596, 35.743829292 ], [ 140.501542152000013, 35.743892157 ], [ 140.501565694, 35.743925739 ], [ 140.501622571000013, 35.743927531 ], [ 140.501663783, 35.743910445 ], [ 140.501753818, 35.743859375 ], [ 140.501951997, 35.74375924 ], [ 140.50161566, 35.743296234 ], [ 140.501264586, 35.743461744 ] ] ] } },
{ "type": "Feature", "properties": { "fid": 301, "水田面積": 1024, "備考": null, "地名地番": "東輝永田227", "検索_AreaOnRegistry": 1024.0, "検索_Address": "東輝永田227", "検索_Tiban": "227", "地番": "227", "散布面積※小数点": 9.87 }, "geometry": { "type": "Polygon", "coordinates": [ [ [ 140.501264586, 35.743461744 ], [ 140.501395377, 35.743648549 ], [ 140.501489811, 35.743814485 ], [ 140.501479596, 35.743829292 ], [ 140.501542152000013, 35.743892157 ], [ 140.501565694, 35.743925739 ], [ 140.501622571000013, 35.743927531 ], [ 140.501663783, 35.743910445 ], [ 140.501753818, 35.743859375 ], [ 140.501951997, 35.74375924 ], [ 140.50161566, 35.743296234 ], [ 140.501264586, 35.743461744 ] ] ] } },
{ "type": "Feature", "properties": { "fid": 302, "水田面積": 267, "備考": null, "地名地番": "東輝永田228-1", "検索_AreaOnRegistry": 267.0, "検索_Address": "東輝永田228-1", "検索_Tiban": "228-1", "地番": "228-1", "散布面積※小数点": 2.57 }, "geometry": { "type": "Polygon", "coordinates": [ [ [ 140.501239632, 35.743475698 ], [ 140.501140056999986, 35.743519329 ], [ 140.501274319, 35.743640327 ], [ 140.501469904, 35.743813989 ], [ 140.501441843, 35.743755146 ], [ 140.501385979, 35.743668363 ], [ 140.501306922999987, 35.743555488 ], [ 140.50126979, 35.743510742 ], [ 140.501239632, 35.743475698 ] ] ] } },
{ "type": "Feature", "properties": { "fid": 303, "水田面積": 1031, "備考": null, "地名地番": "東輝溝下230", "検索_AreaOnRegistry": 1031.0, "検索_Address": "東輝溝下230", "検索_Tiban": "230", "地番": "230", "散布面積※小数点": 9.93 }, "geometry": { "type": "Polygon", "coordinates": [ [ [ 140.501940935, 35.744432188 ], [ 140.502297002, 35.744267244 ], [ 140.501987463, 35.743815376 ], [ 140.501649464, 35.74397399 ], [ 140.501635878, 35.743997946 ], [ 140.501653215, 35.744010492 ], [ 140.501857338, 35.744312218 ], [ 140.501940935, 35.744432188 ] ] ] } },
{ "type": "Feature", "properties": { "fid": 304, "水田面積": 1031, "備考": null, "地名地番": "東輝溝下231", "検索_AreaOnRegistry": 1031.0, "検索_Address": "東輝溝下231", "検索_Tiban": "231", "地番": "231", "散布面積※小数点": 9.93 }, "geometry": { "type": "Polygon", "coordinates": [ [ [ 140.501940935, 35.744432188 ], [ 140.502297002, 35.744267244 ], [ 140.501987463, 35.743815376 ], [ 140.501649464, 35.74397399 ], [ 140.501635878, 35.743997946 ], [ 140.501653215, 35.744010492 ], [ 140.501857338, 35.744312218 ], [ 140.501940935, 35.744432188 ] ] ] } },
{ "type": "Feature", "properties": { "fid": 305, "水田面積": 1084, "備考": null, "地名地番": "東輝溝下239", "検索_AreaOnRegistry": 1084.0, "検索_Address": "東輝溝下239", "検索_Tiban": "239", "地番": "239", "散布面積※小数点": 10.44 }, "geometry": { "type": "Polygon", "coordinates": [ [ [ 140.503369122, 35.743790475 ], [ 140.50367562400001, 35.744221374 ], [ 140.503827513, 35.744148162 ], [ 140.503608713, 35.743678257 ], [ 140.503369122, 35.743790475 ] ] ] } },
{ "type": "Feature", "properties": { "fid": 306, "水田面積": 1031, "備考": null, "地名地番": "東輝溝下247", "検索_AreaOnRegistry": 1031.0, "検索_Address": "東輝溝下247", "検索_Tiban": "247", "地番": "247", "散布面積※小数点": 9.93 }, "geometry": { "type": "Polygon", "coordinates": [ [ [ 140.502408635, 35.744812845 ], [ 140.502116903, 35.744370585 ], [ 140.501951227, 35.744446786 ], [ 140.502029985, 35.74455849 ], [ 140.502110313, 35.744685873 ], [ 140.502183491000011, 35.744782393 ], [ 140.502254981, 35.744883136 ], [ 140.502408635, 35.744812845 ] ] ] } },
{ "type": "Feature", "properties": { "fid": 307, "水田面積": 1174, "備考": null, "地名地番": "南和田石橋44-1", "検索_AreaOnRegistry": 1174.0, "検索_Address": "南和田石橋44-1", "検索_Tiban": "44-1", "地番": "44-1", "散布面積※小数点": 11.31 }, "geometry": { "type": "Polygon", "coordinates": [ [ [ 140.502191622, 35.744963841 ], [ 140.501726674999986, 35.744709393 ], [ 140.501663087999987, 35.74478849 ], [ 140.501659822, 35.744810048 ], [ 140.501636083, 35.744856068 ], [ 140.501621612, 35.744871022 ], [ 140.502268464, 35.745196554 ], [ 140.502320909, 35.745151937 ], [ 140.502206954, 35.744987188 ], [ 140.502191622, 35.744963841 ] ] ] } },
{ "type": "Feature", "properties": { "fid": 308, "水田面積": 999, "備考": null, "地名地番": "南和田石橋47", "検索_AreaOnRegistry": 999.0, "検索_Address": "南和田石橋47", "検索_Tiban": "47", "地番": "47", "散布面積※小数点": 9.63 }, "geometry": { "type": "Polygon", "coordinates": [ [ [ 140.501799562, 35.744559523 ], [ 140.50129075800001, 35.74428131 ], [ 140.501196445, 35.744401737 ], [ 140.501189243999988, 35.744410111 ], [ 140.501705945, 35.744672906 ], [ 140.501799562, 35.744559523 ] ] ] } },
{ "type": "Feature", "properties": { "fid": 309, "水田面積": 244, "備考": null, "地名地番": "南和田坊田69", "検索_AreaOnRegistry": 244.0, "検索_Address": "南和田坊田69", "検索_Tiban": "69", "地番": "69", "散布面積※小数点": 2.35 }, "geometry": { "type": "Polygon", "coordinates": [ [ [ 140.500950273, 35.743887174 ], [ 140.501394417, 35.74412035 ], [ 140.501494634000011, 35.743981352 ], [ 140.50135382, 35.74383253 ], [ 140.501202688, 35.743685873 ], [ 140.500981792, 35.743851453 ], [ 140.500950273, 35.743887174 ] ] ] } },
{ "type": "Feature", "properties": { "fid": 310, "水田面積": 1037, "備考": null, "地名地番": "南和田孫田93-1", "検索_AreaOnRegistry": 1037.0, "検索_Address": "南和田孫田93-1", "検索_Tiban": "93-1", "地番": "93-1", "散布面積※小数点": 9.99 }, "geometry": { "type": "Polygon", "coordinates": [ [ [ 140.499319613000011, 35.744016081 ], [ 140.499281341, 35.743685731 ], [ 140.498654423, 35.743751747 ], [ 140.498700881, 35.744079642 ], [ 140.499319613000011, 35.744016081 ] ] ] } },
{ "type": "Feature", "properties": { "fid": 311, "水田面積": 989, "備考": null, "地名地番": "南和田孫田93-2", "検索_AreaOnRegistry": 989.0, "検索_Address": "南和田孫田93-2", "検索_Tiban": "93-2", "地番": "93-2", "散布面積※小数点": 9.53 }, "geometry": { "type": "Polygon", "coordinates": [ [ [ 140.499319613000011, 35.744016081 ], [ 140.499281341, 35.743685731 ], [ 140.498654423, 35.743751747 ], [ 140.498700881, 35.744079642 ], [ 140.499319613000011, 35.744016081 ] ] ] } },
{ "type": "Feature", "properties": { "fid": 312, "水田面積": 988, "備考": null, "地名地番": "南和田孫田94-1", "検索_AreaOnRegistry": 988.0, "検索_Address": "南和田孫田94-1", "検索_Tiban": "94-1", "地番": "94-1", "散布面積※小数点": 9.52 }, "geometry": { "type": "Polygon", "coordinates": [ [ [ 140.499341751, 35.744207162 ], [ 140.499321665999986, 35.744033808 ], [ 140.499058994, 35.744059598 ], [ 140.498702845999986, 35.744096043 ], [ 140.498726985, 35.744252707 ], [ 140.498776074, 35.744250328 ], [ 140.498974959, 35.744234478 ], [ 140.499173845, 35.744218628 ], [ 140.499341751, 35.744207162 ] ] ] } },
{ "type": "Feature", "properties": { "fid": 313, "水田面積": 1031, "備考": null, "地名地番": "東輝溝下236", "検索_AreaOnRegistry": 1031.0, "検索_Address": "東輝溝下236", "検索_Tiban": "236", "地番": "236", "散布面積※小数点": 9.93 }, "geometry": { "type": "Polygon", "coordinates": [ [ [ 140.503183400000012, 35.743858627 ], [ 140.502859543999989, 35.743419633 ], [ 140.502681459, 35.743499894 ], [ 140.502993761, 35.743943565 ], [ 140.503183400000012, 35.743858627 ] ] ] } },
{ "type": "Feature", "properties": { "fid": 314, "水田面積": 975, "備考": null, "地名地番": "東輝亀甲261", "検索_AreaOnRegistry": 975.0, "検索_Address": "東輝亀甲261", "検索_Tiban": "261", "地番": "261", "散布面積※小数点": 9.39 }, "geometry": { "type": "Polygon", "coordinates": [ [ [ 140.503152054, 35.744512731 ], [ 140.503293487, 35.744739059 ], [ 140.503439899999989, 35.744933781 ], [ 140.503472171999988, 35.74492152 ], [ 140.50362036300001, 35.744815174 ], [ 140.503666861, 35.744780788 ], [ 140.503654702, 35.744768225 ], [ 140.503361966999989, 35.744415947 ], [ 140.503152054, 35.744512731 ] ] ] } },
{ "type": "Feature", "properties": { "fid": 315, "水田面積": 912, "備考": null, "地名地番": "東輝亀甲262", "検索_AreaOnRegistry": 912.0, "検索_Address": "東輝亀甲262", "検索_Tiban": "262", "地番": "262", "散布面積※小数点": 8.79 }, "geometry": { "type": "Polygon", "coordinates": [ [ [ 140.503654702, 35.744768225 ], [ 140.503666861, 35.744780788 ], [ 140.503729476, 35.744734484 ], [ 140.503773089, 35.744698439 ], [ 140.503794340000013, 35.744667083 ], [ 140.503808115999988, 35.744657104 ], [ 140.503575295, 35.74432459 ], [ 140.503361966999989, 35.744415947 ], [ 140.503654702, 35.744768225 ] ] ] } },
{ "type": "Feature", "properties": { "fid": 316, "水田面積": 727, "備考": null, "地名地番": "東輝亀甲263-1", "検索_AreaOnRegistry": 727.0, "検索_Address": "東輝亀甲263-1", "検索_Tiban": "263-1", "地番": "263-1", "散布面積※小数点": 7.0 }, "geometry": { "type": "Polygon", "coordinates": [ [ [ 140.503808115999988, 35.744657104 ], [ 140.504081952, 35.744460941 ], [ 140.503973243, 35.744364229 ], [ 140.503944929, 35.74434303 ], [ 140.503871686999986, 35.744249198 ], [ 140.503845606999988, 35.744200248 ], [ 140.503575295, 35.74432459 ], [ 140.503808115999988, 35.744657104 ] ] ] } },
{ "type": "Feature", "properties": { "fid": 317, "水田面積": 576, "備考": null, "地名地番": "東輝亀甲264-1", "検索_AreaOnRegistry": 576.0, "検索_Address": "東輝亀甲264-1", "検索_Tiban": "264-1", "地番": "264-1", "散布面積※小数点": 5.55 }, "geometry": { "type": "Polygon", "coordinates": [ [ [ 140.503808115999988, 35.744657104 ], [ 140.504081952, 35.744460941 ], [ 140.503973243, 35.744364229 ], [ 140.503944929, 35.74434303 ], [ 140.503871686999986, 35.744249198 ], [ 140.503845606999988, 35.744200248 ], [ 140.503575295, 35.74432459 ], [ 140.503808115999988, 35.744657104 ] ] ] } },
{ "type": "Feature", "properties": { "fid": 318, "水田面積": 1031, "備考": null, "地名地番": "東輝溝下241", "検索_AreaOnRegistry": 1031.0, "検索_Address": "東輝溝下241", "検索_Tiban": "241", "地番": "241", "散布面積※小数点": 9.93 }, "geometry": { "type": "Polygon", "coordinates": [ [ [ 140.503038933999989, 35.743945124 ], [ 140.503336045999987, 35.744376872 ], [ 140.50367562400001, 35.744221374 ], [ 140.503369122, 35.743790475 ], [ 140.503038933999989, 35.743945124 ] ] ] } },
{ "type": "Feature", "properties": { "fid": 319, "水田面積": 1031, "備考": null, "地名地番": "東輝溝下242", "検索_AreaOnRegistry": 1031.0, "検索_Address": "東輝溝下242", "検索_Tiban": "242", "地番": "242", "散布面積※小数点": 9.93 }, "geometry": { "type": "Polygon", "coordinates": [ [ [ 140.503038933999989, 35.743945124 ], [ 140.502678042000014, 35.744112493 ], [ 140.502971172, 35.744544941 ], [ 140.503336045999987, 35.744376872 ], [ 140.503038933999989, 35.743945124 ] ] ] } },
{ "type": "Feature", "properties": { "fid": 320, "水田面積": 1031, "備考": null, "地名地番": "東輝溝下245", "検索_AreaOnRegistry": 1031.0, "検索_Address": "東輝溝下245", "検索_Tiban": "245", "地番": "245", "散布面積※小数点": 9.93 }, "geometry": { "type": "Polygon", "coordinates": [ [ [ 140.502784655, 35.744640829 ], [ 140.50247811700001, 35.744204448 ], [ 140.50230513, 35.744284012 ], [ 140.50260547900001, 35.744722796 ], [ 140.502732216, 35.744664818 ], [ 140.502784655, 35.744640829 ] ] ] } },
{ "type": "Feature", "properties": { "fid": 321, "水田面積": 1031, "備考": null, "地名地番": "東輝溝下246", "検索_AreaOnRegistry": 1031.0, "検索_Address": "東輝溝下246", "検索_Tiban": "246", "地番": "246", "散布面積※小数点": 9.93 }, "geometry": { "type": "Polygon", "coordinates": [ [ [ 140.502116903, 35.744370585 ], [ 140.502408635, 35.744812845 ], [ 140.50260547900001, 35.744722796 ], [ 140.50230513, 35.744284012 ], [ 140.502116903, 35.744370585 ] ] ] } },
{ "type": "Feature", "properties": { "fid": 322, "水田面積": 1136, "備考": null, "地名地番": "南和田石橋49", "検索_AreaOnRegistry": 1136.0, "検索_Address": "南和田石橋49", "検索_Tiban": "49", "地番": "49", "散布面積※小数点": 10.95 }, "geometry": { "type": "Polygon", "coordinates": [ [ [ 140.501189243999988, 35.744410111 ], [ 140.500960944000013, 35.744675562 ], [ 140.501040532, 35.744714452 ], [ 140.501153079, 35.74477985 ], [ 140.50122234, 35.744820202 ], [ 140.501289820000011, 35.744853541 ], [ 140.501378091, 35.744900531 ], [ 140.501428364, 35.744936774 ], [ 140.501461126, 35.744939402 ], [ 140.501529401, 35.744861763 ], [ 140.501575452999987, 35.744805318 ], [ 140.501620017, 35.744776976 ], [ 140.501705945, 35.744672906 ], [ 140.501189243999988, 35.744410111 ] ] ] } },
{ "type": "Feature", "properties": { "fid": 323, "水田面積": 826, "備考": null, "地名地番": "南和田石橋51-1", "検索_AreaOnRegistry": 826.0, "検索_Address": "南和田石橋51-1", "検索_Tiban": "51-1", "地番": "51-1", "散布面積※小数点": 7.96 }, "geometry": { "type": "Polygon", "coordinates": [ [ [ 140.500816207000014, 35.745026986 ], [ 140.501041209, 35.745146544 ], [ 140.501186612999987, 35.745225807 ], [ 140.501221249999986, 35.745246685 ], [ 140.501332249, 35.745126667 ], [ 140.501278577, 35.74509606 ], [ 140.50117817200001, 35.745040429 ], [ 140.501122740999989, 35.745005618 ], [ 140.501044901, 35.744969528 ], [ 140.500967036, 35.744930627 ], [ 140.500925495, 35.744908382 ], [ 140.500852214, 35.745005715 ], [ 140.500816207000014, 35.745026986 ] ] ] } },
{ "type": "Feature", "properties": { "fid": 324, "水田面積": 1041, "備考": null, "地名地番": "南和田坊田61", "検索_AreaOnRegistry": 1041.0, "検索_Address": "南和田坊田61", "検索_Tiban": "61", "地番": "61", "散布面積※小数点": 10.03 }, "geometry": { "type": "Polygon", "coordinates": [ [ [ 140.500797506, 35.744848397 ], [ 140.500733414, 35.744808016 ], [ 140.500665876, 35.744767653 ], [ 140.500513523, 35.744681406 ], [ 140.500343905, 35.744591039 ], [ 140.500295532, 35.744575855 ], [ 140.500203531000011, 35.744701386 ], [ 140.500367898, 35.744781949 ], [ 140.500570453, 35.744896013 ], [ 140.500705412, 35.744962691 ], [ 140.500797506, 35.744848397 ] ] ] } },
{ "type": "Feature", "properties": { "fid": 325, "水田面積": 1018, "備考": null, "地名地番": "南和田坊田63", "検索_AreaOnRegistry": 1018.0, "検索_Address": "南和田坊田63", "検索_Tiban": "63", "地番": "63", "散布面積※小数点": 9.81 }, "geometry": { "type": "Polygon", "coordinates": [ [ [ 140.500924925, 35.744693196 ], [ 140.500404105, 35.74441908 ], [ 140.500369008, 35.744461624 ], [ 140.500361147, 35.744483207 ], [ 140.500313519, 35.744557453 ], [ 140.50040117, 35.744599109 ], [ 140.500816617999988, 35.744827179 ], [ 140.500924925, 35.744693196 ] ] ] } },
{ "type": "Feature", "properties": { "fid": 326, "水田面積": 999, "備考": null, "地名地番": "南和田坊田65", "検索_AreaOnRegistry": 999.0, "検索_Address": "南和田坊田65", "検索_Tiban": "65", "地番": "65", "散布面積※小数点": 9.63 }, "geometry": { "type": "Polygon", "coordinates": [ [ [ 140.501166066, 35.744404272 ], [ 140.500642367000012, 35.744131734 ], [ 140.500540562999987, 35.744250033 ], [ 140.501059914, 35.744523626 ], [ 140.501166066, 35.744404272 ] ] ] } },
{ "type": "Feature", "properties": { "fid": 327, "水田面積": 1028, "備考": null, "地名地番": "南和田石橋50", "検索_AreaOnRegistry": 1028.0, "検索_Address": "南和田石橋50", "検索_Tiban": "50", "地番": "50", "散布面積※小数点": 9.9 }, "geometry": { "type": "Polygon", "coordinates": [ [ [ 140.50083183000001, 35.744834451 ], [ 140.501077603, 35.744965132 ], [ 140.501184865, 35.745016512 ], [ 140.501332037999987, 35.745101383 ], [ 140.501367975, 35.745071684 ], [ 140.501438033, 35.745001059 ], [ 140.501470465000011, 35.744964356 ], [ 140.501399563, 35.744933845 ], [ 140.5013147, 35.744882341 ], [ 140.50120057, 35.74483381 ], [ 140.501136489, 35.744794833 ], [ 140.501013602, 35.744729493 ], [ 140.500953039, 35.744698925 ], [ 140.50083183000001, 35.744834451 ] ] ] } },
{ "type": "Feature", "properties": { "fid": 328, "水田面積": 1004, "備考": null, "地名地番": "南和田坊田64", "検索_AreaOnRegistry": 1004.0, "検索_Address": "南和田坊田64", "検索_Tiban": "64", "地番": "64", "散布面積※小数点": 9.67 }, "geometry": { "type": "Polygon", "coordinates": [ [ [ 140.500404105, 35.74441908 ], [ 140.500924925, 35.744693196 ], [ 140.501053113000012, 35.74453462 ], [ 140.500532768, 35.744263117 ], [ 140.500404105, 35.74441908 ] ] ] } },
{ "type": "Feature", "properties": { "fid": 329, "水田面積": 389, "備考": null, "地名地番": "南和田坊田72", "検索_AreaOnRegistry": 389.0, "検索_Address": "南和田坊田72", "検索_Tiban": "72", "地番": "72", "散布面積※小数点": 3.74 }, "geometry": { "type": "Polygon", "coordinates": [ [ [ 140.500203043, 35.743679182 ], [ 140.500419166, 35.743796456 ], [ 140.500527298, 35.743663153 ], [ 140.500396116, 35.743578639 ], [ 140.500314186, 35.743534141 ], [ 140.500203043, 35.743679182 ] ] ] } },
{ "type": "Feature", "properties": { "fid": 330, "水田面積": 1020, "備考": null, "地名地番": "南和田坊田76", "検索_AreaOnRegistry": 1020.0, "検索_Address": "南和田坊田76", "検索_Tiban": "76", "地番": "76", "散布面積※小数点": 9.83 }, "geometry": { "type": "Polygon", "coordinates": [ [ [ 140.500267256, 35.744518179 ], [ 140.50036745, 35.744399788 ], [ 140.499853551, 35.744129315 ], [ 140.499826716, 35.744163407 ], [ 140.49975161, 35.744258821 ], [ 140.499827928, 35.744307674 ], [ 140.49987122600001, 35.744334124 ], [ 140.499968102, 35.744379943 ], [ 140.500149862, 35.744480076 ], [ 140.50021046, 35.744514858 ], [ 140.500257493, 35.744532622 ], [ 140.500267256, 35.744518179 ] ] ] } },
{ "type": "Feature", "properties": { "fid": 331, "水田面積": 1069, "備考": null, "地名地番": "南和田坊田77", "検索_AreaOnRegistry": 1069.0, "検索_Address": "南和田坊田77", "検索_Tiban": "77", "地番": "77", "散布面積※小数点": 10.3 }, "geometry": { "type": "Polygon", "coordinates": [ [ [ 140.49975161, 35.744258821 ], [ 140.499635988, 35.744389974 ], [ 140.49968102, 35.74441782 ], [ 140.499739931, 35.744456825 ], [ 140.49980387, 35.744478947 ], [ 140.499886938, 35.744522033 ], [ 140.499949236, 35.744553997 ], [ 140.500018496, 35.74459435 ], [ 140.500068815, 35.744636213 ], [ 140.500150032, 35.744663857 ], [ 140.500257493, 35.744532622 ], [ 140.50021046, 35.744514858 ], [ 140.500149862, 35.744480076 ], [ 140.499968102, 35.744379943 ], [ 140.49987122600001, 35.744334124 ], [ 140.499827928, 35.744307674 ], [ 140.49975161, 35.744258821 ] ] ] } },
{ "type": "Feature", "properties": { "fid": 332, "水田面積": 651, "備考": null, "地名地番": "東輝永田211-1", "検索_AreaOnRegistry": 651.0, "検索_Address": "東輝永田211-1", "検索_Tiban": "211-1", "地番": "211-1", "散布面積※小数点": 6.27 }, "geometry": { "type": "Polygon", "coordinates": [ [ [ 140.501656548999989, 35.742680269 ], [ 140.501963104, 35.743113043 ], [ 140.502326399999987, 35.742943349 ], [ 140.502022492, 35.742507053 ], [ 140.501656548999989, 35.742680269 ] ] ] } },
{ "type": "Feature", "properties": { "fid": 333, "水田面積": 585, "備考": null, "地名地番": "東輝永田218", "検索_AreaOnRegistry": 585.0, "検索_Address": "東輝永田218", "検索_Tiban": "218", "地番": "218", "散布面積※小数点": 5.63 }, "geometry": { "type": "Polygon", "coordinates": [ [ [ 140.502981395, 35.742672039 ], [ 140.502703761, 35.74279073 ], [ 140.503035882, 35.743252777 ], [ 140.503300696999986, 35.743133021 ], [ 140.502981395, 35.742672039 ] ] ] } },
{ "type": "Feature", "properties": { "fid": 334, "水田面積": 1031, "備考": null, "地名地番": "東輝永田219", "検索_AreaOnRegistry": 1031.0, "検索_Address": "東輝永田219", "検索_Tiban": "219", "地番": "219", "散布面積※小数点": 9.93 }, "geometry": { "type": "Polygon", "coordinates": [ [ [ 140.502981395, 35.742672039 ], [ 140.502703761, 35.74279073 ], [ 140.503035882, 35.743252777 ], [ 140.503300696999986, 35.743133021 ], [ 140.502981395, 35.742672039 ] ] ] } },
{ "type": "Feature", "properties": { "fid": 335, "水田面積": 294, "備考": null, "地名地番": "東輝永田220-1", "検索_AreaOnRegistry": 294.0, "検索_Address": "東輝永田220-1", "検索_Tiban": "220-1", "地番": "220-1", "散布面積※小数点": 2.83 }, "geometry": { "type": "Polygon", "coordinates": [ [ [ 140.502513133, 35.742879037 ], [ 140.502830103, 35.743348931 ], [ 140.503035882, 35.743252777 ], [ 140.502703761, 35.74279073 ], [ 140.502513133, 35.742879037 ] ] ] } },
{ "type": "Feature", "properties": { "fid": 336, "水田面積": 264, "備考": null, "地名地番": "東輝永田220-4", "検索_AreaOnRegistry": 264.0, "検索_Address": "東輝永田220-4", "検索_Tiban": "220-4", "地番": "220-4", "散布面積※小数点": 2.54 }, "geometry": { "type": "Polygon", "coordinates": [ [ [ 140.502513133, 35.742879037 ], [ 140.502830103, 35.743348931 ], [ 140.503035882, 35.743252777 ], [ 140.502703761, 35.74279073 ], [ 140.502513133, 35.742879037 ] ] ] } },
{ "type": "Feature", "properties": { "fid": 337, "水田面積": 165, "備考": null, "地名地番": "東輝永田221-2", "検索_AreaOnRegistry": 165.0, "検索_Address": "東輝永田221-2", "検索_Tiban": "221-2", "地番": "221-2", "散布面積※小数点": 1.59 }, "geometry": { "type": "Polygon", "coordinates": [ [ [ 140.502830103, 35.743348931 ], [ 140.502513133, 35.742879037 ], [ 140.502339713, 35.742959373 ], [ 140.502667368, 35.743424973 ], [ 140.502830103, 35.743348931 ] ] ] } },
{ "type": "Feature", "properties": { "fid": 338, "水田面積": 231, "備考": null, "地名地番": "東輝永田221-3", "検索_AreaOnRegistry": 231.0, "検索_Address": "東輝永田221-3", "検索_Tiban": "221-3", "地番": "221-3", "散布面積※小数点": 2.22 }, "geometry": { "type": "Polygon", "coordinates": [ [ [ 140.502830103, 35.743348931 ], [ 140.502513133, 35.742879037 ], [ 140.502339713, 35.742959373 ], [ 140.502667368, 35.743424973 ], [ 140.502830103, 35.743348931 ] ] ] } },
{ "type": "Feature", "properties": { "fid": 339, "水田面積": 138, "備考": null, "地名地番": "東輝永田222-1", "検索_AreaOnRegistry": 138.0, "検索_Address": "東輝永田222-1", "検索_Tiban": "222-1", "地番": "222-1", "散布面積※小数点": 1.33 }, "geometry": { "type": "Polygon", "coordinates": [ [ [ 140.502667368, 35.743424973 ], [ 140.502339713, 35.742959373 ], [ 140.502152900999988, 35.743045911 ], [ 140.502479877000013, 35.743512582 ], [ 140.502667368, 35.743424973 ] ] ] } },
{ "type": "Feature", "properties": { "fid": 340, "水田面積": 980, "備考": null, "地名地番": "南和田石橋48", "検索_AreaOnRegistry": 980.0, "検索_Address": "南和田石橋48", "検索_Tiban": "48", "地番": "48", "散布面積※小数点": 9.44 }, "geometry": { "type": "Polygon", "coordinates": [ [ [ 140.501189243999988, 35.744410111 ], [ 140.500960944000013, 35.744675562 ], [ 140.501040532, 35.744714452 ], [ 140.501153079, 35.74477985 ], [ 140.50122234, 35.744820202 ], [ 140.501289820000011, 35.744853541 ], [ 140.501378091, 35.744900531 ], [ 140.501428364, 35.744936774 ], [ 140.501461126, 35.744939402 ], [ 140.501529401, 35.744861763 ], [ 140.501575452999987, 35.744805318 ], [ 140.501620017, 35.744776976 ], [ 140.501705945, 35.744672906 ], [ 140.501189243999988, 35.744410111 ] ] ] } },
{ "type": "Feature", "properties": { "fid": 341, "水田面積": 986, "備考": null, "地名地番": "南和田坊田75", "検索_AreaOnRegistry": 986.0, "検索_Address": "南和田坊田75", "検索_Tiban": "75", "地番": "75", "散布面積※小数点": 9.5 }, "geometry": { "type": "Polygon", "coordinates": [ [ [ 140.499853551, 35.744129315 ], [ 140.50036745, 35.744399788 ], [ 140.50049732, 35.744246331 ], [ 140.49997985600001, 35.743968857 ], [ 140.499853551, 35.744129315 ] ] ] } },
{ "type": "Feature", "properties": { "fid": 342, "水田面積": 1036, "備考": null, "地名地番": "南和田孫田83-1", "検索_AreaOnRegistry": 1036.0, "検索_Address": "南和田孫田83-1", "検索_Tiban": "83-1", "地番": "83-1", "散布面積※小数点": 9.98 }, "geometry": { "type": "Polygon", "coordinates": [ [ [ 140.499950663, 35.743772348 ], [ 140.499930872, 35.743623312 ], [ 140.499335342, 35.743687938 ], [ 140.499341287, 35.743749462 ], [ 140.499358085000011, 35.743835526 ], [ 140.499950663, 35.743772348 ] ] ] } },
{ "type": "Feature", "properties": { "fid": 343, "水田面積": 532, "備考": null, "地名地番": "南和田孫田83-2", "検索_AreaOnRegistry": 532.0, "検索_Address": "南和田孫田83-2", "検索_Tiban": "83-2", "地番": "83-2", "散布面積※小数点": 5.12 }, "geometry": { "type": "Polygon", "coordinates": [ [ [ 140.500203043, 35.743679182 ], [ 140.500314186, 35.743534141 ], [ 140.500256515, 35.743506525 ], [ 140.500147056, 35.743466863 ], [ 140.500060781, 35.743452357 ], [ 140.49997217, 35.743433182 ], [ 140.499904926, 35.743427936 ], [ 140.499930872, 35.743623312 ], [ 140.499974928, 35.743955068 ], [ 140.499991716000011, 35.743953789 ], [ 140.500025552000011, 35.743910804 ], [ 140.500203043, 35.743679182 ] ] ] } },
{ "type": "Feature", "properties": { "fid": 344, "水田面積": 461, "備考": null, "地名地番": "南和田孫田83-3", "検索_AreaOnRegistry": 461.0, "検索_Address": "南和田孫田83-3", "検索_Tiban": "83-3", "地番": "83-3", "散布面積※小数点": 4.44 }, "geometry": { "type": "Polygon", "coordinates": [ [ [ 140.500203043, 35.743679182 ], [ 140.500314186, 35.743534141 ], [ 140.500256515, 35.743506525 ], [ 140.500147056, 35.743466863 ], [ 140.500060781, 35.743452357 ], [ 140.49997217, 35.743433182 ], [ 140.499904926, 35.743427936 ], [ 140.499930872, 35.743623312 ], [ 140.499974928, 35.743955068 ], [ 140.499991716000011, 35.743953789 ], [ 140.500025552000011, 35.743910804 ], [ 140.500203043, 35.743679182 ] ] ] } },
{ "type": "Feature", "properties": { "fid": 345, "水田面積": 1031, "備考": null, "地名地番": "東輝溝下243", "検索_AreaOnRegistry": 1031.0, "検索_Address": "東輝溝下243", "検索_Tiban": "243", "地番": "243", "散布面積※小数点": 9.93 }, "geometry": { "type": "Polygon", "coordinates": [ [ [ 140.503038933999989, 35.743945124 ], [ 140.502678042000014, 35.744112493 ], [ 140.502971172, 35.744544941 ], [ 140.503336045999987, 35.744376872 ], [ 140.503038933999989, 35.743945124 ] ] ] } },
{ "type": "Feature", "properties": { "fid": 346, "水田面積": 1031, "備考": null, "地名地番": "東輝溝下244", "検索_AreaOnRegistry": 1031.0, "検索_Address": "東輝溝下244", "検索_Tiban": "244", "地番": "244", "散布面積※小数点": 9.93 }, "geometry": { "type": "Polygon", "coordinates": [ [ [ 140.50247811700001, 35.744204448 ], [ 140.502784655, 35.744640829 ], [ 140.502976636, 35.744553003 ], [ 140.502971172, 35.744544941 ], [ 140.502678042000014, 35.744112493 ], [ 140.50247811700001, 35.744204448 ] ] ] } },
{ "type": "Feature", "properties": { "fid": 347, "水田面積": 1047, "備考": null, "地名地番": "東輝溝下238", "検索_AreaOnRegistry": 1047.0, "検索_Address": "東輝溝下238", "検索_Tiban": "238", "地番": "238", "散布面積※小数点": 10.09 }, "geometry": { "type": "Polygon", "coordinates": [ [ [ 140.503140077000012, 35.743293197 ], [ 140.503459951999986, 35.743734761 ], [ 140.503606063, 35.743663837 ], [ 140.503482376, 35.743392332 ], [ 140.503359329, 35.74319712 ], [ 140.503140077000012, 35.743293197 ] ] ] } },
{ "type": "Feature", "properties": { "fid": 348, "水田面積": 1540, "備考": null, "地名地番": "東輝溝下237", "検索_AreaOnRegistry": 1540.0, "検索_Address": "東輝溝下237", "検索_Tiban": "237", "地番": "237", "散布面積※小数点": 14.84 }, "geometry": { "type": "Polygon", "coordinates": [ [ [ 140.503140077000012, 35.743293197 ], [ 140.502859543999989, 35.743419633 ], [ 140.503183400000012, 35.743858627 ], [ 140.503459951999986, 35.743734761 ], [ 140.503140077000012, 35.743293197 ] ] ] } },
{ "type": "Feature", "properties": { "fid": 349, "水田面積": 1031, "備考": null, "地名地番": "東輝溝下240", "検索_AreaOnRegistry": 1031.0, "検索_Address": "東輝溝下240", "検索_Tiban": "240", "地番": "240", "散布面積※小数点": 9.93 }, "geometry": { "type": "Polygon", "coordinates": [ [ [ 140.503038933999989, 35.743945124 ], [ 140.503336045999987, 35.744376872 ], [ 140.50367562400001, 35.744221374 ], [ 140.503369122, 35.743790475 ], [ 140.503038933999989, 35.743945124 ] ] ] } },
{ "type": "Feature", "properties": { "fid": 350, "水田面積": 1031, "備考": null, "地名地番": "東輝亀甲256", "検索_AreaOnRegistry": 1031.0, "検索_Address": "東輝亀甲256", "検索_Tiban": "256", "地番": "256", "散布面積※小数点": 9.93 }, "geometry": { "type": "Polygon", "coordinates": [ [ [ 140.502429682000013, 35.744844752 ], [ 140.502715560000013, 35.745278138 ], [ 140.502735016, 35.745269444 ], [ 140.502925562, 35.745184295 ], [ 140.502630689, 35.744752299 ], [ 140.502442223, 35.744838984 ], [ 140.502429682000013, 35.744844752 ] ] ] } },
{ "type": "Feature", "properties": { "fid": 351, "水田面積": 607, "備考": null, "地名地番": "東輝亀甲257-1", "検索_AreaOnRegistry": 607.0, "検索_Address": "東輝亀甲257-1", "検索_Tiban": "257-1", "地番": "257-1", "散布面積※小数点": 5.85 }, "geometry": { "type": "Polygon", "coordinates": [ [ [ 140.503050929000011, 35.745127465 ], [ 140.502755609, 35.744698775 ], [ 140.502630689, 35.744752299 ], [ 140.502925562, 35.745184295 ], [ 140.503050929000011, 35.745127465 ] ] ] } },
{ "type": "Feature", "properties": { "fid": 352, "水田面積": 52, "備考": null, "地名地番": "東輝亀甲257-2", "検索_AreaOnRegistry": 52.0, "検索_Address": "東輝亀甲257-2", "検索_Tiban": "257-2", "地番": "257-2", "散布面積※小数点": 0.5 }, "geometry": { "type": "Polygon", "coordinates": [ [ [ 140.503050929000011, 35.745127465 ], [ 140.502755609, 35.744698775 ], [ 140.502630689, 35.744752299 ], [ 140.502925562, 35.745184295 ], [ 140.503050929000011, 35.745127465 ] ] ] } },
{ "type": "Feature", "properties": { "fid": 353, "水田面積": 185, "備考": null, "地名地番": "東輝亀甲257-3", "検索_AreaOnRegistry": 185.0, "検索_Address": "東輝亀甲257-3", "検索_Tiban": "257-3", "地番": "257-3", "散布面積※小数点": 1.78 }, "geometry": { "type": "Polygon", "coordinates": [ [ [ 140.503050929000011, 35.745127465 ], [ 140.502755609, 35.744698775 ], [ 140.502630689, 35.744752299 ], [ 140.502925562, 35.745184295 ], [ 140.503050929000011, 35.745127465 ] ] ] } },
{ "type": "Feature", "properties": { "fid": 354, "水田面積": 185, "備考": null, "地名地番": "東輝亀甲257-4", "検索_AreaOnRegistry": 185.0, "検索_Address": "東輝亀甲257-4", "検索_Tiban": "257-4", "地番": "257-4", "散布面積※小数点": 1.78 }, "geometry": { "type": "Polygon", "coordinates": [ [ [ 140.503050929000011, 35.745127465 ], [ 140.502755609, 35.744698775 ], [ 140.502630689, 35.744752299 ], [ 140.502925562, 35.745184295 ], [ 140.503050929000011, 35.745127465 ] ] ] } },
{ "type": "Feature", "properties": { "fid": 355, "水田面積": 1135, "備考": null, "地名地番": "南和田石橋41-1", "検索_AreaOnRegistry": 1135.0, "検索_Address": "南和田石橋41-1", "検索_Tiban": "41-1", "地番": "41-1", "散布面積※小数点": 10.94 }, "geometry": { "type": "Polygon", "coordinates": [ [ [ 140.501959348000014, 35.745461676 ], [ 140.501941961, 35.745443043 ], [ 140.501877345, 35.745408752 ], [ 140.501802351, 35.745369837 ], [ 140.501735539, 35.745347732 ], [ 140.501702031, 35.745324506 ], [ 140.501613174999989, 35.745276303 ], [ 140.501526631, 35.745229959 ], [ 140.501450474, 35.745189176 ], [ 140.501398563, 35.745163243 ], [ 140.501373324000014, 35.745167129 ], [ 140.501351577, 35.745176615 ], [ 140.501332284, 35.745204816 ], [ 140.501321071, 35.745237656 ], [ 140.501282391, 35.745282822 ], [ 140.50137928, 35.745330044 ], [ 140.501442755, 35.745365279 ], [ 140.501493548000013, 35.745394964 ], [ 140.501540833, 35.745417177 ], [ 140.501607793, 35.745457074 ], [ 140.501679309, 35.745492263 ], [ 140.501739324, 35.745525643 ], [ 140.501788929000014, 35.745550652 ], [ 140.501844262, 35.745573757 ], [ 140.501887662, 35.745543549 ], [ 140.501941251, 35.74549549 ], [ 140.501959348000014, 35.745461676 ] ] ] } },
{ "type": "Feature", "properties": { "fid": 356, "水田面積": 1409, "備考": null, "地名地番": "南和田石橋43-2", "検索_AreaOnRegistry": 1409.0, "検索_Address": "南和田石橋43-2", "検索_Tiban": "43-2", "地番": "43-2", "散布面積※小数点": 13.58 }, "geometry": { "type": "Polygon", "coordinates": [ [ [ 140.502268464, 35.745196554 ], [ 140.501621612, 35.744871022 ], [ 140.501585971, 35.744907853 ], [ 140.50152467800001, 35.744996223 ], [ 140.501605375999986, 35.745030424 ], [ 140.501674634000011, 35.745070309 ], [ 140.501738132000014, 35.745108352 ], [ 140.501793504, 35.745136139 ], [ 140.501861582, 35.745172283 ], [ 140.501910063, 35.745200108 ], [ 140.501953955, 35.745228896 ], [ 140.502015102, 35.745260396 ], [ 140.502083102, 35.745287176 ], [ 140.502127003, 35.7453169 ], [ 140.502268464, 35.745196554 ] ] ] } },
{ "type": "Feature", "properties": { "fid": 357, "水田面積": 1031, "備考": null, "地名地番": "東輝溝下234", "検索_AreaOnRegistry": 1031.0, "検索_Address": "東輝溝下234", "検索_Tiban": "234", "地番": "234", "散布面積※小数点": 9.93 }, "geometry": { "type": "Polygon", "coordinates": [ [ [ 140.502993761, 35.743943565 ], [ 140.502681459, 35.743499894 ], [ 140.50233373, 35.743658546 ], [ 140.502643553000013, 35.744108417 ], [ 140.502993761, 35.743943565 ] ] ] } },
{ "type": "Feature", "properties": { "fid": 358, "水田面積": 727, "備考": null, "地名地番": "東輝溝下235--1", "検索_AreaOnRegistry": 727.0, "検索_Address": "東輝溝下235-1", "検索_Tiban": "235-1", "地番": "235--1", "散布面積※小数点": 7.0 }, "geometry": { "type": "Polygon", "coordinates": [ [ [ 140.502993761, 35.743943565 ], [ 140.502681459, 35.743499894 ], [ 140.50233373, 35.743658546 ], [ 140.502643553000013, 35.744108417 ], [ 140.502993761, 35.743943565 ] ] ] } },
{ "type": "Feature", "properties": { "fid": 359, "水田面積": 304, "備考": null, "地名地番": "東輝溝下235--2", "検索_AreaOnRegistry": 304.0, "検索_Address": "東輝溝下235-2", "検索_Tiban": "235-2", "地番": "235--2", "散布面積※小数点": 2.93 }, "geometry": { "type": "Polygon", "coordinates": [ [ [ 140.502993761, 35.743943565 ], [ 140.502681459, 35.743499894 ], [ 140.50233373, 35.743658546 ], [ 140.502643553000013, 35.744108417 ], [ 140.502993761, 35.743943565 ] ] ] } },
{ "type": "Feature", "properties": { "fid": 360, "水田面積": 717, "備考": null, "地名地番": "東輝亀甲253-2", "検索_AreaOnRegistry": 717.0, "検索_Address": "東輝亀甲253-2", "検索_Tiban": "253-2", "地番": "253-2", "散布面積※小数点": 6.91 }, "geometry": { "type": "Polygon", "coordinates": [ [ [ 140.502715560000013, 35.745278138 ], [ 140.502429682000013, 35.744844752 ], [ 140.502276201, 35.744915344 ], [ 140.502325904, 35.74499474 ], [ 140.502369496999989, 35.745056306 ], [ 140.502440998999987, 35.745158453 ], [ 140.502510672999989, 35.745247969 ], [ 140.502570055, 35.745343159 ], [ 140.502715560000013, 35.745278138 ] ] ] } },
{ "type": "Feature", "properties": { "fid": 361, "水田面積": 274, "備考": null, "地名地番": "東輝亀甲254", "検索_AreaOnRegistry": 274.0, "検索_Address": "東輝亀甲254", "検索_Tiban": "254", "地番": "254", "散布面積※小数点": 2.64 }, "geometry": { "type": "Polygon", "coordinates": [ [ [ 140.50258229100001, 35.745363881 ], [ 140.502613693, 35.745410062 ], [ 140.50265378200001, 35.745464624 ], [ 140.50267814, 35.745492583 ], [ 140.503344436, 35.74501548 ], [ 140.50258229100001, 35.745363881 ] ] ] } },
{ "type": "Feature", "properties": { "fid": 362, "水田面積": 178, "備考": null, "地名地番": "東輝亀甲255", "検索_AreaOnRegistry": 178.0, "検索_Address": "東輝亀甲255", "検索_Tiban": "255", "地番": "255", "散布面積※小数点": 1.71 }, "geometry": { "type": "Polygon", "coordinates": [ [ [ 140.50258229100001, 35.745363881 ], [ 140.502613693, 35.745410062 ], [ 140.50265378200001, 35.745464624 ], [ 140.50267814, 35.745492583 ], [ 140.503344436, 35.74501548 ], [ 140.50258229100001, 35.745363881 ] ] ] } },
{ "type": "Feature", "properties": { "fid": 363, "水田面積": 52, "備考": null, "地名地番": "東輝亀甲257-2", "検索_AreaOnRegistry": 52.0, "検索_Address": "東輝亀甲257-2", "検索_Tiban": "257-2", "地番": "257-2", "散布面積※小数点": 0.5 }, "geometry": { "type": "Polygon", "coordinates": [ [ [ 140.503050929000011, 35.745127465 ], [ 140.502755609, 35.744698775 ], [ 140.502630689, 35.744752299 ], [ 140.502925562, 35.745184295 ], [ 140.503050929000011, 35.745127465 ] ] ] } },
{ "type": "Feature", "properties": { "fid": 364, "水田面積": 185, "備考": null, "地名地番": "東輝亀甲257-3", "検索_AreaOnRegistry": 185.0, "検索_Address": "東輝亀甲257-3", "検索_Tiban": "257-3", "地番": "257-3", "散布面積※小数点": 1.78 }, "geometry": { "type": "Polygon", "coordinates": [ [ [ 140.503050929000011, 35.745127465 ], [ 140.502755609, 35.744698775 ], [ 140.502630689, 35.744752299 ], [ 140.502925562, 35.745184295 ], [ 140.503050929000011, 35.745127465 ] ] ] } },
{ "type": "Feature", "properties": { "fid": 365, "水田面積": 1031, "備考": null, "地名地番": "東輝亀甲259", "検索_AreaOnRegistry": 1031.0, "検索_Address": "東輝亀甲259", "検索_Tiban": "259", "地番": "259", "散布面積※小数点": 9.93 }, "geometry": { "type": "Polygon", "coordinates": [ [ [ 140.502755609, 35.744698775 ], [ 140.503050929000011, 35.745127465 ], [ 140.503268875, 35.745028669 ], [ 140.503120266, 35.744829224 ], [ 140.502964598, 35.744609231 ], [ 140.502755609, 35.744698775 ] ] ] } },
{ "type": "Feature", "properties": { "fid": 366, "水田面積": 545, "備考": null, "地名地番": "東輝亀甲260-1", "検索_AreaOnRegistry": 545.0, "検索_Address": "東輝亀甲260-1", "検索_Tiban": "260-1", "地番": "260-1", "散布面積※小数点": 5.25 }, "geometry": { "type": "Polygon", "coordinates": [ [ [ 140.502964598, 35.744609231 ], [ 140.503120266, 35.744829224 ], [ 140.503293487, 35.744739059 ], [ 140.503152054, 35.744512731 ], [ 140.502964598, 35.744609231 ] ] ] } },
{ "type": "Feature", "properties": { "fid": 367, "水田面積": 462, "備考": null, "地名地番": "東輝亀甲260-2", "検索_AreaOnRegistry": 472.0, "検索_Address": "東輝亀甲260-2", "検索_Tiban": "260-2", "地番": "260-2", "散布面積※小数点": 4.45 }, "geometry": { "type": "Polygon", "coordinates": [ [ [ 140.503268875, 35.745028669 ], [ 140.503364882999989, 35.744987975 ], [ 140.503439899999989, 35.744933781 ], [ 140.503293487, 35.744739059 ], [ 140.503120266, 35.744829224 ], [ 140.503268875, 35.745028669 ] ] ] } },
{ "type": "Feature", "properties": { "fid": 368, "水田面積": 466, "備考": null, "地名地番": "東輝道口161-2", "検索_AreaOnRegistry": 466.0, "検索_Address": "東輝道口161-2", "検索_Tiban": "161-2", "地番": "161-2", "散布面積※小数点": 4.49 }, "geometry": { "type": "Polygon", "coordinates": [ [ [ 140.501763025, 35.740781187 ], [ 140.502079205, 35.741227284 ], [ 140.502440121, 35.741056964 ], [ 140.502089507, 35.740630097 ], [ 140.501763025, 35.740781187 ] ] ] } },
{ "type": "Feature", "properties": { "fid": 369, "水田面積": 218, "備考": null, "地名地番": "東輝仲町67-2", "検索_AreaOnRegistry": 218.0, "検索_Address": "東輝仲町67-2", "検索_Tiban": "67-2", "地番": "67-2", "散布面積※小数点": 2.1 }, "geometry": { "type": "Polygon", "coordinates": [ [ [ 140.502245351, 35.737915742 ], [ 140.501861272000014, 35.737959118 ], [ 140.50196114100001, 35.738454805 ], [ 140.502231462999987, 35.738418247 ], [ 140.502245351, 35.737915742 ] ] ] } },
{ "type": "Feature", "properties": { "fid": 370, "水田面積": 347, "備考": null, "地名地番": "東輝仲町68-2", "検索_AreaOnRegistry": 347.0, "検索_Address": "東輝仲町68-2", "検索_Tiban": "68-2", "地番": "68-2", "散布面積※小数点": 3.34 }, "geometry": { "type": "Polygon", "coordinates": [ [ [ 140.502245351, 35.737915742 ], [ 140.501861272000014, 35.737959118 ], [ 140.50196114100001, 35.738454805 ], [ 140.502231462999987, 35.738418247 ], [ 140.502245351, 35.737915742 ] ] ] } },
{ "type": "Feature", "properties": { "fid": 371, "水田面積": 125, "備考": null, "地名地番": "東輝仲町68-3", "検索_AreaOnRegistry": 125.0, "検索_Address": "東輝仲町68-3", "検索_Tiban": "68-3", "地番": "68-3", "散布面積※小数点": 1.2 }, "geometry": { "type": "Polygon", "coordinates": [ [ [ 140.502245351, 35.737915742 ], [ 140.501861272000014, 35.737959118 ], [ 140.50196114100001, 35.738454805 ], [ 140.502231462999987, 35.738418247 ], [ 140.502245351, 35.737915742 ] ] ] } },
{ "type": "Feature", "properties": { "fid": 372, "水田面積": 1031, "備考": null, "地名地番": "東輝仲町69", "検索_AreaOnRegistry": 1031.0, "検索_Address": "東輝仲町69", "検索_Tiban": "69", "地番": "69", "散布面積※小数点": 9.93 }, "geometry": { "type": "Polygon", "coordinates": [ [ [ 140.50196114100001, 35.738454805 ], [ 140.501861272000014, 35.737959118 ], [ 140.501457029, 35.738010853 ], [ 140.501546779, 35.738506597 ], [ 140.50196114100001, 35.738454805 ] ] ] } },
{ "type": "Feature", "properties": { "fid": 373, "水田面積": 1031, "備考": null, "地名地番": "東輝仲町70", "検索_AreaOnRegistry": 1031.0, "検索_Address": "東輝仲町70", "検索_Tiban": "70", "地番": "70", "散布面積※小数点": 9.93 }, "geometry": { "type": "Polygon", "coordinates": [ [ [ 140.50196114100001, 35.738454805 ], [ 140.501861272000014, 35.737959118 ], [ 140.501457029, 35.738010853 ], [ 140.501546779, 35.738506597 ], [ 140.50196114100001, 35.738454805 ] ] ] } },
{ "type": "Feature", "properties": { "fid": 374, "水田面積": 416, "備考": null, "地名地番": "東輝道口159-1", "検索_AreaOnRegistry": 416.0, "検索_Address": "東輝道口159-1", "検索_Tiban": "159-1", "地番": "159-1", "散布面積※小数点": 4.01 }, "geometry": { "type": "Polygon", "coordinates": [ [ [ 140.502468631999989, 35.740443467 ], [ 140.50227596, 35.740544516 ], [ 140.502378779619619, 35.740686539496764 ], [ 140.502504359329038, 35.740610676079754 ], [ 140.502468631999989, 35.740443467 ] ] ] } },
{ "type": "Feature", "properties": { "fid": 375, "水田面積": 1031, "備考": null, "地名地番": "東輝永田199", "検索_AreaOnRegistry": 1031.0, "検索_Address": "東輝永田199", "検索_Tiban": "199", "地番": "199", "散布面積※小数点": 9.93 }, "geometry": { "type": "Polygon", "coordinates": [ [ [ 140.501320048999986, 35.742211509 ], [ 140.501638159, 35.742655934 ], [ 140.502003128000013, 35.742484465 ], [ 140.501686647000014, 35.742035974 ], [ 140.501320048999986, 35.742211509 ] ] ] } },
{ "type": "Feature", "properties": { "fid": 376, "水田面積": 1031, "備考": null, "地名地番": "東輝永田200", "検索_AreaOnRegistry": 1031.0, "検索_Address": "東輝永田200", "検索_Tiban": "200", "地番": "200", "散布面積※小数点": 9.93 }, "geometry": { "type": "Polygon", "coordinates": [ [ [ 140.500962957000013, 35.742385536 ], [ 140.501275979000013, 35.742826092 ], [ 140.501638159, 35.742655934 ], [ 140.501320048999986, 35.742211509 ], [ 140.500962957000013, 35.742385536 ] ] ] } }
]
}
