{
"type": "FeatureCollection",
"name": "印西",
"crs": { "type": "name", "properties": { "name": "urn:ogc:def:crs:OGC:1.3:CRS84" } },
"features": [
{ "type": "Feature", "properties": { "fid": 290, "daicho_shubetsu_cd": "FUD25", "layer": "筆ポリゴン（2025年公開）_20260708233407", "fid_2": 417, "事業年度": 2026, "物件番号": 7121, "GIS物件番号": null, "大字コード": 2050, "大字名": "萩原", "小字コード": 8, "小字名": "和田下", "__EMPTY": "萩原3411", "本番": 3411, "枝番": "2", "子番": 0, "孫番": false, "付番": false, "所在地番号": "2.05000803411e+28", "農地管理番号": 1, "耕地番号": 4, "所在地名": "萩原和田下3411-2", "マッチングさせるデータ": "萩原和田下3411-2", "空散対象区分1": 2, "空散対象区分2": null, "空散外面積1": 0, "空散外面積2": false, "集計転作面積": 0, "散布面積1": null, "散布面積2": null, "支払者集落": 0, "支払者集落名": null, "支払者コード": 0, "支払者名": null, "支払者住所": null, "支払者電話番号": null, "農地異動適用法": false, "農地異動適用法名": null, "利用集積計画番号": null, "適用法開始年月日": null, "適用法終了年月日": null, "備考": "小山　正〓", "所有者世帯番号": 0, "所有者個人番号": 0, "借受者世帯番号": 0, "借受者個人番号": 0, "農地予備数字１": null, "農地予備数字２": null, "農地予備数字３": null, "農地予備数字４": null, "農地予備数字５": null, "農地予備文字１": null, "農地予備文字２": null, "農地予備文字３": null, "農地予備文字４": null, "農地予備文字５": null, "手動一致フラグ": null, "計算面積（アール）": 3, "散布班": "18-①", "地区名": "2026印西市" }, "geometry": { "type": "Polygon", "coordinates": [ [ [ 140.210927426438587, 35.803229997338974 ], [ 140.211998009659709, 35.803006638249684 ], [ 140.211992702, 35.802990338 ], [ 140.211958199, 35.802992455 ], [ 140.210919233, 35.80320453 ], [ 140.210927426438587, 35.803229997338974 ] ] ] } },
{ "type": "Feature", "properties": { "fid": 291, "daicho_shubetsu_cd": "FUD25", "layer": "筆ポリゴン（2025年公開）_20260708233407", "fid_2": 418, "事業年度": 2026, "物件番号": 7122, "GIS物件番号": null, "大字コード": 2050, "大字名": "萩原", "小字コード": 8, "小字名": "和田下", "__EMPTY": "萩原3412", "本番": 3412, "枝番": "0", "子番": 0, "孫番": false, "付番": false, "所在地番号": "2.05000803412e+28", "農地管理番号": 1, "耕地番号": 5, "所在地名": "萩原和田下3412", "マッチングさせるデータ": "萩原和田下3412", "空散対象区分1": 2, "空散対象区分2": null, "空散外面積1": 0, "空散外面積2": false, "集計転作面積": 0, "散布面積1": null, "散布面積2": null, "支払者集落": 0, "支払者集落名": null, "支払者コード": 0, "支払者名": null, "支払者住所": null, "支払者電話番号": null, "農地異動適用法": false, "農地異動適用法名": null, "利用集積計画番号": null, "適用法開始年月日": null, "適用法終了年月日": null, "備考": "小山　正〓", "所有者世帯番号": 0, "所有者個人番号": 0, "借受者世帯番号": 0, "借受者個人番号": 0, "農地予備数字１": null, "農地予備数字２": null, "農地予備数字３": null, "農地予備数字４": null, "農地予備数字５": null, "農地予備文字１": null, "農地予備文字２": null, "農地予備文字３": null, "農地予備文字４": null, "農地予備文字５": null, "手動一致フラグ": null, "計算面積（アール）": 24, "散布班": "18-①", "地区名": "2026印西市" }, "geometry": { "type": "Polygon", "coordinates": [ [ [ 140.211998009659709, 35.803006638249684 ], [ 140.210927426438587, 35.803229997338974 ], [ 140.210994764, 35.8034393 ], [ 140.212013938000013, 35.803228329 ], [ 140.212017102, 35.803196812 ], [ 140.21205753000001, 35.80318943 ], [ 140.211998009659709, 35.803006638249684 ] ] ] } },
{ "type": "Feature", "properties": { "fid": 2312, "daicho_shubetsu_cd": "FUD25", "layer": "筆ポリゴン（2025年公開）_20260708233456", "fid_2": 3750, "事業年度": 2026, "物件番号": 5364, "GIS物件番号": null, "大字コード": 2040, "大字名": "吉高", "小字コード": 16, "小字名": "古木戸", "__EMPTY": "吉高2871", "本番": 2871, "枝番": "0", "子番": 0, "孫番": false, "付番": false, "所在地番号": "2.04001602871e+28", "農地管理番号": 1, "耕地番号": 43, "所在地名": "吉高古木戸2871", "マッチングさせるデータ": "吉高古木戸2871", "空散対象区分1": 2, "空散対象区分2": null, "空散外面積1": 0, "空散外面積2": false, "集計転作面積": 0, "散布面積1": null, "散布面積2": null, "支払者集落": 0, "支払者集落名": null, "支払者コード": 0, "支払者名": null, "支払者住所": null, "支払者電話番号": null, "農地異動適用法": false, "農地異動適用法名": null, "利用集積計画番号": null, "適用法開始年月日": null, "適用法終了年月日": null, "備考": "小川　とく", "所有者世帯番号": 1815, "所有者個人番号": 2989, "借受者世帯番号": 0, "借受者個人番号": 0, "農地予備数字１": null, "農地予備数字２": null, "農地予備数字３": null, "農地予備数字４": null, "農地予備数字５": null, "農地予備文字１": null, "農地予備文字２": null, "農地予備文字３": null, "農地予備文字４": null, "農地予備文字５": null, "手動一致フラグ": null, "計算面積（アール）": 20, "散布班": "18-⑧", "地区名": "2026印西市" }, "geometry": { "type": "Polygon", "coordinates": [ [ [ 140.233925264, 35.78948528 ], [ 140.234185187, 35.789369943 ], [ 140.233529196, 35.788728293 ], [ 140.233448974999988, 35.788771023 ], [ 140.233348142000011, 35.788800374 ], [ 140.233925264, 35.78948528 ] ] ] } },
{ "type": "Feature", "properties": { "fid": 2313, "daicho_shubetsu_cd": "FUD25", "layer": "筆ポリゴン（2025年公開）_20260708233456", "fid_2": 3751, "事業年度": 2026, "物件番号": 5491, "GIS物件番号": null, "大字コード": 2040, "大字名": "吉高", "小字コード": 18, "小字名": "仲田", "__EMPTY": "吉高2986", "本番": 2986, "枝番": "0", "子番": 0, "孫番": false, "付番": false, "所在地番号": "2.04001802986e+28", "農地管理番号": 1, "耕地番号": 44, "所在地名": "吉高仲田2986", "マッチングさせるデータ": "吉高仲田2986", "空散対象区分1": 2, "空散対象区分2": null, "空散外面積1": 0, "空散外面積2": false, "集計転作面積": 0, "散布面積1": null, "散布面積2": null, "支払者集落": 0, "支払者集落名": null, "支払者コード": 0, "支払者名": null, "支払者住所": null, "支払者電話番号": null, "農地異動適用法": false, "農地異動適用法名": null, "利用集積計画番号": null, "適用法開始年月日": null, "適用法終了年月日": null, "備考": "小川　とく", "所有者世帯番号": 1815, "所有者個人番号": 2989, "借受者世帯番号": 0, "借受者個人番号": 0, "農地予備数字１": null, "農地予備数字２": null, "農地予備数字３": null, "農地予備数字４": null, "農地予備数字５": null, "農地予備文字１": null, "農地予備文字２": null, "農地予備文字３": null, "農地予備文字４": null, "農地予備文字５": null, "手動一致フラグ": null, "計算面積（アール）": 14, "散布班": "18-⑧", "地区名": "2026印西市" }, "geometry": { "type": "Polygon", "coordinates": [ [ [ 140.230305697, 35.790539171 ], [ 140.229879149999988, 35.790785319 ], [ 140.229843704, 35.790819155 ], [ 140.229982869999986, 35.790975865 ], [ 140.230037454000012, 35.790983876 ], [ 140.230474402999988, 35.790733365 ], [ 140.230305697, 35.790539171 ] ] ] } },
{ "type": "Feature", "properties": { "fid": 2314, "daicho_shubetsu_cd": "FUD25", "layer": "筆ポリゴン（2025年公開）_20260708233456", "fid_2": 3752, "事業年度": 2026, "物件番号": 6237, "GIS物件番号": null, "大字コード": 2040, "大字名": "吉高", "小字コード": 41, "小字名": "中", "__EMPTY": "吉高3262", "本番": 3262, "枝番": "0", "子番": 0, "孫番": false, "付番": false, "所在地番号": "2.04004103262e+28", "農地管理番号": 1, "耕地番号": 45, "所在地名": "吉高中3262", "マッチングさせるデータ": "吉高中3262", "空散対象区分1": 2, "空散対象区分2": null, "空散外面積1": 0, "空散外面積2": false, "集計転作面積": 0, "散布面積1": null, "散布面積2": null, "支払者集落": 0, "支払者集落名": null, "支払者コード": 0, "支払者名": null, "支払者住所": null, "支払者電話番号": null, "農地異動適用法": false, "農地異動適用法名": null, "利用集積計画番号": null, "適用法開始年月日": null, "適用法終了年月日": null, "備考": "小川　とく", "所有者世帯番号": 1815, "所有者個人番号": 2989, "借受者世帯番号": 0, "借受者個人番号": 0, "農地予備数字１": null, "農地予備数字２": null, "農地予備数字３": null, "農地予備数字４": null, "農地予備数字５": null, "農地予備文字１": null, "農地予備文字２": null, "農地予備文字３": null, "農地予備文字４": null, "農地予備文字５": null, "手動一致フラグ": null, "計算面積（アール）": 22, "散布班": "18-⑨", "地区名": "2026印西市" }, "geometry": { "type": "Polygon", "coordinates": [ [ [ 140.244296594, 35.793588734 ], [ 140.243929438, 35.793532753 ], [ 140.243236735000011, 35.793923046 ], [ 140.243390656, 35.794109705 ], [ 140.244296594, 35.793588734 ] ] ] } },
{ "type": "Feature", "properties": { "fid": 2315, "daicho_shubetsu_cd": "FUD25", "layer": "筆ポリゴン（2025年公開）_20260708233456", "fid_2": 3753, "事業年度": 2026, "物件番号": 6242, "GIS物件番号": null, "大字コード": 2040, "大字名": "吉高", "小字コード": 41, "小字名": "中", "__EMPTY": "吉高3274", "本番": 3274, "枝番": "0", "子番": 0, "孫番": false, "付番": false, "所在地番号": "2.04004103274e+28", "農地管理番号": 1, "耕地番号": 58, "所在地名": "吉高中3274", "マッチングさせるデータ": "吉高中3274", "空散対象区分1": 2, "空散対象区分2": null, "空散外面積1": 0, "空散外面積2": false, "集計転作面積": 0, "散布面積1": null, "散布面積2": null, "支払者集落": 0, "支払者集落名": null, "支払者コード": 0, "支払者名": null, "支払者住所": null, "支払者電話番号": null, "農地異動適用法": false, "農地異動適用法名": null, "利用集積計画番号": null, "適用法開始年月日": null, "適用法終了年月日": null, "備考": "小川　勇", "所有者世帯番号": 1816, "所有者個人番号": 2994, "借受者世帯番号": 0, "借受者個人番号": 0, "農地予備数字１": null, "農地予備数字２": null, "農地予備数字３": null, "農地予備数字４": null, "農地予備数字５": null, "農地予備文字１": null, "農地予備文字２": null, "農地予備文字３": null, "農地予備文字４": null, "農地予備文字５": null, "手動一致フラグ": null, "計算面積（アール）": 25, "散布班": "18-⑨", "地区名": "2026印西市" }, "geometry": { "type": "Polygon", "coordinates": [ [ [ 140.243324725397628, 35.794184295808734 ], [ 140.242430106920011, 35.794692522648162 ], [ 140.242591979999986, 35.794876426 ], [ 140.243455217, 35.794392524 ], [ 140.243437218, 35.794381622 ], [ 140.243447585000013, 35.794362095 ], [ 140.24346997, 35.794353491 ], [ 140.243324725397628, 35.794184295808734 ] ] ] } },
{ "type": "Feature", "properties": { "fid": 2316, "daicho_shubetsu_cd": "FUD25", "layer": "筆ポリゴン（2025年公開）_20260708233456", "fid_2": 3754, "事業年度": 2026, "物件番号": 6243, "GIS物件番号": null, "大字コード": 2040, "大字名": "吉高", "小字コード": 41, "小字名": "中", "__EMPTY": "吉高3275", "本番": 3275, "枝番": "0", "子番": 0, "孫番": false, "付番": false, "所在地番号": "2.04004103275e+28", "農地管理番号": 1, "耕地番号": 59, "所在地名": "吉高中3275", "マッチングさせるデータ": "吉高中3275", "空散対象区分1": 2, "空散対象区分2": null, "空散外面積1": 0, "空散外面積2": false, "集計転作面積": 0, "散布面積1": null, "散布面積2": null, "支払者集落": 0, "支払者集落名": null, "支払者コード": 0, "支払者名": null, "支払者住所": null, "支払者電話番号": null, "農地異動適用法": false, "農地異動適用法名": null, "利用集積計画番号": null, "適用法開始年月日": null, "適用法終了年月日": null, "備考": "小川　勇", "所有者世帯番号": 1816, "所有者個人番号": 2994, "借受者世帯番号": 0, "借受者個人番号": 0, "農地予備数字１": null, "農地予備数字２": null, "農地予備数字３": null, "農地予備数字４": null, "農地予備数字５": null, "農地予備文字１": null, "農地予備文字２": null, "農地予備文字３": null, "農地予備文字４": null, "農地予備文字５": null, "手動一致フラグ": null, "計算面積（アール）": 26, "散布班": "18-⑨", "地区名": "2026印西市" }, "geometry": { "type": "Polygon", "coordinates": [ [ [ 140.242430106920011, 35.794692522648162 ], [ 140.243324725397628, 35.794184295808734 ], [ 140.243154612000012, 35.793986131 ], [ 140.242264586, 35.794504475 ], [ 140.242430106920011, 35.794692522648162 ] ] ] } },
{ "type": "Feature", "properties": { "fid": 2317, "daicho_shubetsu_cd": "FUD25", "layer": "筆ポリゴン（2025年公開）_20260708233456", "fid_2": 3755, "事業年度": 2026, "物件番号": 6278, "GIS物件番号": null, "大字コード": 2040, "大字名": "吉高", "小字コード": 41, "小字名": "中", "__EMPTY": "吉高3318", "本番": 3318, "枝番": "0", "子番": 0, "孫番": false, "付番": false, "所在地番号": "2.04004103318e+28", "農地管理番号": 1, "耕地番号": 46, "所在地名": "吉高中3318", "マッチングさせるデータ": "吉高中3318", "空散対象区分1": 2, "空散対象区分2": null, "空散外面積1": 0, "空散外面積2": false, "集計転作面積": 0, "散布面積1": null, "散布面積2": null, "支払者集落": 0, "支払者集落名": null, "支払者コード": 0, "支払者名": null, "支払者住所": null, "支払者電話番号": null, "農地異動適用法": false, "農地異動適用法名": null, "利用集積計画番号": null, "適用法開始年月日": null, "適用法終了年月日": null, "備考": "小川　とく", "所有者世帯番号": 1815, "所有者個人番号": 2989, "借受者世帯番号": 0, "借受者個人番号": 0, "農地予備数字１": null, "農地予備数字２": null, "農地予備数字３": null, "農地予備数字４": null, "農地予備数字５": null, "農地予備文字１": null, "農地予備文字２": null, "農地予備文字３": null, "農地予備文字４": null, "農地予備文字５": null, "手動一致フラグ": null, "計算面積（アール）": 24, "散布班": "18-⑨", "地区名": "2026印西市" }, "geometry": { "type": "Polygon", "coordinates": [ [ [ 140.240056125, 35.794581553 ], [ 140.239027211, 35.79489151 ], [ 140.239122259999988, 35.795097455 ], [ 140.240148505, 35.79477903 ], [ 140.240056125, 35.794581553 ] ] ] } },
{ "type": "Feature", "properties": { "fid": 2318, "daicho_shubetsu_cd": "FUD25", "layer": "筆ポリゴン（2025年公開）_20260708233456", "fid_2": 3756, "事業年度": 2026, "物件番号": 6279, "GIS物件番号": null, "大字コード": 2040, "大字名": "吉高", "小字コード": 41, "小字名": "中", "__EMPTY": "吉高3319", "本番": 3319, "枝番": "0", "子番": 0, "孫番": false, "付番": false, "所在地番号": "2.04004103319e+28", "農地管理番号": 1, "耕地番号": 47, "所在地名": "吉高中3319", "マッチングさせるデータ": "吉高中3319", "空散対象区分1": 2, "空散対象区分2": null, "空散外面積1": 0, "空散外面積2": false, "集計転作面積": 0, "散布面積1": null, "散布面積2": null, "支払者集落": 0, "支払者集落名": null, "支払者コード": 0, "支払者名": null, "支払者住所": null, "支払者電話番号": null, "農地異動適用法": false, "農地異動適用法名": null, "利用集積計画番号": null, "適用法開始年月日": null, "適用法終了年月日": null, "備考": "小川　とく", "所有者世帯番号": 1815, "所有者個人番号": 2989, "借受者世帯番号": 0, "借受者個人番号": 0, "農地予備数字１": null, "農地予備数字２": null, "農地予備数字３": null, "農地予備数字４": null, "農地予備数字５": null, "農地予備文字１": null, "農地予備文字２": null, "農地予備文字３": null, "農地予備文字４": null, "農地予備文字５": null, "手動一致フラグ": null, "計算面積（アール）": 29, "散布班": "18-⑨", "地区名": "2026印西市" }, "geometry": { "type": "Polygon", "coordinates": [ [ [ 140.240148505, 35.79477903 ], [ 140.239122259999988, 35.795097455 ], [ 140.239217561, 35.795342649 ], [ 140.240265494999989, 35.795016628 ], [ 140.240148505, 35.79477903 ] ] ] } },
{ "type": "Feature", "properties": { "fid": 2319, "daicho_shubetsu_cd": "FUD25", "layer": "筆ポリゴン（2025年公開）_20260708233456", "fid_2": 3757, "事業年度": 2026, "物件番号": 6280, "GIS物件番号": null, "大字コード": 2040, "大字名": "吉高", "小字コード": 41, "小字名": "中", "__EMPTY": "吉高3320", "本番": 3320, "枝番": "0", "子番": 0, "孫番": false, "付番": false, "所在地番号": "2.0400410332e+28", "農地管理番号": 1, "耕地番号": 48, "所在地名": "吉高中3320", "マッチングさせるデータ": "吉高中3320", "空散対象区分1": 2, "空散対象区分2": null, "空散外面積1": 0, "空散外面積2": false, "集計転作面積": 0, "散布面積1": null, "散布面積2": null, "支払者集落": 0, "支払者集落名": null, "支払者コード": 0, "支払者名": null, "支払者住所": null, "支払者電話番号": null, "農地異動適用法": false, "農地異動適用法名": null, "利用集積計画番号": null, "適用法開始年月日": null, "適用法終了年月日": null, "備考": "小川　とく", "所有者世帯番号": 1815, "所有者個人番号": 2989, "借受者世帯番号": 0, "借受者個人番号": 0, "農地予備数字１": null, "農地予備数字２": null, "農地予備数字３": null, "農地予備数字４": null, "農地予備数字５": null, "農地予備文字１": null, "農地予備文字２": null, "農地予備文字３": null, "農地予備文字４": null, "農地予備文字５": null, "手動一致フラグ": null, "計算面積（アール）": 18, "散布班": "18-⑨", "地区名": "2026印西市" }, "geometry": { "type": "Polygon", "coordinates": [ [ [ 140.239293231052955, 35.79549135569394 ], [ 140.240334173481301, 35.795170517274251 ], [ 140.240265494999989, 35.795016628 ], [ 140.239217561, 35.795342649 ], [ 140.239293231052955, 35.79549135569394 ] ] ] } },
{ "type": "Feature", "properties": { "fid": 2320, "daicho_shubetsu_cd": "FUD25", "layer": "筆ポリゴン（2025年公開）_20260708233456", "fid_2": 3758, "事業年度": 2026, "物件番号": 6281, "GIS物件番号": null, "大字コード": 2040, "大字名": "吉高", "小字コード": 41, "小字名": "中", "__EMPTY": "吉高3321", "本番": 3321, "枝番": "0", "子番": 0, "孫番": false, "付番": false, "所在地番号": "2.04004103321e+28", "農地管理番号": 1, "耕地番号": 49, "所在地名": "吉高中3321", "マッチングさせるデータ": "吉高中3321", "空散対象区分1": 2, "空散対象区分2": null, "空散外面積1": 0, "空散外面積2": false, "集計転作面積": 0, "散布面積1": null, "散布面積2": null, "支払者集落": 0, "支払者集落名": null, "支払者コード": 0, "支払者名": null, "支払者住所": null, "支払者電話番号": null, "農地異動適用法": false, "農地異動適用法名": null, "利用集積計画番号": null, "適用法開始年月日": null, "適用法終了年月日": null, "備考": "小川　とく", "所有者世帯番号": 1815, "所有者個人番号": 2989, "借受者世帯番号": 0, "借受者個人番号": 0, "農地予備数字１": null, "農地予備数字２": null, "農地予備数字３": null, "農地予備数字４": null, "農地予備数字５": null, "農地予備文字１": null, "農地予備文字２": null, "農地予備文字３": null, "農地予備文字４": null, "農地予備文字５": null, "手動一致フラグ": null, "計算面積（アール）": 14, "散布班": "18-⑨", "地区名": "2026印西市" }, "geometry": { "type": "Polygon", "coordinates": [ [ [ 140.240334173481301, 35.795170517274251 ], [ 140.239293231052955, 35.79549135569394 ], [ 140.239350085000012, 35.795603085 ], [ 140.240386594, 35.795287977 ], [ 140.240334173481301, 35.795170517274251 ] ] ] } },
{ "type": "Feature", "properties": { "fid": 2321, "daicho_shubetsu_cd": "FUD25", "layer": "筆ポリゴン（2025年公開）_20260708233456", "fid_2": 3759, "事業年度": 2026, "物件番号": 6282, "GIS物件番号": null, "大字コード": 2040, "大字名": "吉高", "小字コード": 41, "小字名": "中", "__EMPTY": "吉高3322", "本番": 3322, "枝番": "0", "子番": 0, "孫番": false, "付番": false, "所在地番号": "2.04004103322e+28", "農地管理番号": 1, "耕地番号": 50, "所在地名": "吉高中3322", "マッチングさせるデータ": "吉高中3322", "空散対象区分1": 2, "空散対象区分2": null, "空散外面積1": 0, "空散外面積2": false, "集計転作面積": 0, "散布面積1": null, "散布面積2": null, "支払者集落": 0, "支払者集落名": null, "支払者コード": 0, "支払者名": null, "支払者住所": null, "支払者電話番号": null, "農地異動適用法": false, "農地異動適用法名": null, "利用集積計画番号": null, "適用法開始年月日": null, "適用法終了年月日": null, "備考": "小川　とく", "所有者世帯番号": 1815, "所有者個人番号": 2989, "借受者世帯番号": 0, "借受者個人番号": 0, "農地予備数字１": null, "農地予備数字２": null, "農地予備数字３": null, "農地予備数字４": null, "農地予備数字５": null, "農地予備文字１": null, "農地予備文字２": null, "農地予備文字３": null, "農地予備文字４": null, "農地予備文字５": null, "手動一致フラグ": null, "計算面積（アール）": 29, "散布班": "18-⑨", "地区名": "2026印西市" }, "geometry": { "type": "Polygon", "coordinates": [ [ [ 140.240386594, 35.795287977 ], [ 140.239350085000012, 35.795603085 ], [ 140.239466971000013, 35.795849079 ], [ 140.240501705000014, 35.795534041 ], [ 140.240386594, 35.795287977 ] ] ] } },
{ "type": "Feature", "properties": { "fid": 2322, "daicho_shubetsu_cd": "FUD25", "layer": "筆ポリゴン（2025年公開）_20260708233456", "fid_2": 3760, "事業年度": 2026, "物件番号": 6292, "GIS物件番号": null, "大字コード": 2040, "大字名": "吉高", "小字コード": 41, "小字名": "中", "__EMPTY": "吉高3334", "本番": 3334, "枝番": "0", "子番": 0, "孫番": false, "付番": false, "所在地番号": "2.04004103334e+28", "農地管理番号": 1, "耕地番号": 71, "所在地名": "吉高中3334", "マッチングさせるデータ": "吉高中3334", "空散対象区分1": 2, "空散対象区分2": null, "空散外面積1": 0, "空散外面積2": false, "集計転作面積": 0, "散布面積1": null, "散布面積2": null, "支払者集落": 0, "支払者集落名": null, "支払者コード": 0, "支払者名": null, "支払者住所": null, "支払者電話番号": null, "農地異動適用法": false, "農地異動適用法名": null, "利用集積計画番号": null, "適用法開始年月日": null, "適用法終了年月日": null, "備考": "石山　定吉", "所有者世帯番号": 1902, "所有者個人番号": 2892, "借受者世帯番号": 0, "借受者個人番号": 0, "農地予備数字１": null, "農地予備数字２": null, "農地予備数字３": null, "農地予備数字４": null, "農地予備数字５": null, "農地予備文字１": null, "農地予備文字２": null, "農地予備文字３": null, "農地予備文字４": null, "農地予備文字５": null, "手動一致フラグ": null, "計算面積（アール）": 21, "散布班": "18-⑨", "地区名": "2026印西市" }, "geometry": { "type": "Polygon", "coordinates": [ [ [ 140.237755341, 35.794921172 ], [ 140.238773118000012, 35.794603977 ], [ 140.23878523, 35.79456843 ], [ 140.238718166000012, 35.79443255 ], [ 140.238676397, 35.794436635 ], [ 140.237664056999989, 35.794749635 ], [ 140.237755341, 35.794921172 ] ] ] } },
{ "type": "Feature", "properties": { "fid": 2323, "daicho_shubetsu_cd": "FUD25", "layer": "筆ポリゴン（2025年公開）_20260708233456", "fid_2": 3761, "事業年度": 2026, "物件番号": 6293, "GIS物件番号": null, "大字コード": 2040, "大字名": "吉高", "小字コード": 41, "小字名": "中", "__EMPTY": "吉高3335", "本番": 3335, "枝番": "0", "子番": 0, "孫番": false, "付番": false, "所在地番号": "2.04004103335e+28", "農地管理番号": 1, "耕地番号": 72, "所在地名": "吉高中3335", "マッチングさせるデータ": "吉高中3335", "空散対象区分1": 2, "空散対象区分2": null, "空散外面積1": 0, "空散外面積2": false, "集計転作面積": 0, "散布面積1": null, "散布面積2": null, "支払者集落": 0, "支払者集落名": null, "支払者コード": 0, "支払者名": null, "支払者住所": null, "支払者電話番号": null, "農地異動適用法": false, "農地異動適用法名": null, "利用集積計画番号": null, "適用法開始年月日": null, "適用法終了年月日": null, "備考": "石山　定吉", "所有者世帯番号": 1902, "所有者個人番号": 2892, "借受者世帯番号": 0, "借受者個人番号": 0, "農地予備数字１": null, "農地予備数字２": null, "農地予備数字３": null, "農地予備数字４": null, "農地予備数字５": null, "農地予備文字１": null, "農地予備文字２": null, "農地予備文字３": null, "農地予備文字４": null, "農地予備文字５": null, "手動一致フラグ": null, "計算面積（アール）": 19, "散布班": "18-⑨", "地区名": "2026印西市" }, "geometry": { "type": "Polygon", "coordinates": [ [ [ 140.23759221200001, 35.794590437 ], [ 140.237664056999989, 35.794749635 ], [ 140.238676397, 35.794436635 ], [ 140.238671380999989, 35.794416927 ], [ 140.238700798999986, 35.794401047 ], [ 140.23862885, 35.7942711 ], [ 140.23759221200001, 35.794590437 ] ] ] } },
{ "type": "Feature", "properties": { "fid": 2324, "daicho_shubetsu_cd": "FUD25", "layer": "筆ポリゴン（2025年公開）_20260708233456", "fid_2": 3762, "事業年度": 2026, "物件番号": 6300, "GIS物件番号": null, "大字コード": 2040, "大字名": "吉高", "小字コード": 41, "小字名": "中", "__EMPTY": "吉高3344", "本番": 3344, "枝番": "0", "子番": 0, "孫番": false, "付番": false, "所在地番号": "2.04004103344e+28", "農地管理番号": 1, "耕地番号": 60, "所在地名": "吉高中3344", "マッチングさせるデータ": "吉高中3344", "空散対象区分1": 2, "空散対象区分2": null, "空散外面積1": 0, "空散外面積2": false, "集計転作面積": 0, "散布面積1": null, "散布面積2": null, "支払者集落": 0, "支払者集落名": null, "支払者コード": 0, "支払者名": null, "支払者住所": null, "支払者電話番号": null, "農地異動適用法": false, "農地異動適用法名": null, "利用集積計画番号": null, "適用法開始年月日": null, "適用法終了年月日": null, "備考": "小川　勇", "所有者世帯番号": 1816, "所有者個人番号": 2994, "借受者世帯番号": 0, "借受者個人番号": 0, "農地予備数字１": null, "農地予備数字２": null, "農地予備数字３": null, "農地予備数字４": null, "農地予備数字５": null, "農地予備文字１": null, "農地予備文字２": null, "農地予備文字３": null, "農地予備文字４": null, "農地予備文字５": null, "手動一致フラグ": null, "計算面積（アール）": 16, "散布班": "18-⑨", "地区名": "2026印西市" }, "geometry": { "type": "Polygon", "coordinates": [ [ [ 140.236583826345338, 35.795119424787615 ], [ 140.237632288286846, 35.794808501591163 ], [ 140.237559122, 35.794661038 ], [ 140.237063178, 35.794833578 ], [ 140.23669177, 35.794934685 ], [ 140.236553186, 35.794972876 ], [ 140.236553298, 35.794995066 ], [ 140.236525578, 35.795001817 ], [ 140.236583826345338, 35.795119424787615 ] ] ] } },
{ "type": "Feature", "properties": { "fid": 2325, "daicho_shubetsu_cd": "FUD25", "layer": "筆ポリゴン（2025年公開）_20260708233456", "fid_2": 3763, "事業年度": 2026, "物件番号": 6301, "GIS物件番号": null, "大字コード": 2040, "大字名": "吉高", "小字コード": 41, "小字名": "中", "__EMPTY": "吉高3345", "本番": 3345, "枝番": "0", "子番": 0, "孫番": false, "付番": false, "所在地番号": "2.04004103345e+28", "農地管理番号": 1, "耕地番号": 61, "所在地名": "吉高中3345", "マッチングさせるデータ": "吉高中3345", "空散対象区分1": 2, "空散対象区分2": null, "空散外面積1": 0, "空散外面積2": false, "集計転作面積": 0, "散布面積1": null, "散布面積2": null, "支払者集落": 0, "支払者集落名": null, "支払者コード": 0, "支払者名": null, "支払者住所": null, "支払者電話番号": null, "農地異動適用法": false, "農地異動適用法名": null, "利用集積計画番号": null, "適用法開始年月日": null, "適用法終了年月日": null, "備考": "小川　勇", "所有者世帯番号": 1816, "所有者個人番号": 2994, "借受者世帯番号": 0, "借受者個人番号": 0, "農地予備数字１": null, "農地予備数字２": null, "農地予備数字３": null, "農地予備数字４": null, "農地予備数字５": null, "農地予備文字１": null, "農地予備文字２": null, "農地予備文字３": null, "農地予備文字４": null, "農地予備文字５": null, "手動一致フラグ": null, "計算面積（アール）": 17, "散布班": "18-⑨", "地区名": "2026印西市" }, "geometry": { "type": "Polygon", "coordinates": [ [ [ 140.237632288286846, 35.794808501591163 ], [ 140.236583826345338, 35.795119424787615 ], [ 140.236651763, 35.795256594 ], [ 140.236679496, 35.795252063 ], [ 140.237679951, 35.794953557 ], [ 140.237696525, 35.794937968 ], [ 140.237632288286846, 35.794808501591163 ] ] ] } },
{ "type": "Feature", "properties": { "fid": 2326, "daicho_shubetsu_cd": "FUD25", "layer": "筆ポリゴン（2025年公開）_20260708233456", "fid_2": 3764, "事業年度": 2026, "物件番号": 6302, "GIS物件番号": null, "大字コード": 2040, "大字名": "吉高", "小字コード": 41, "小字名": "中", "__EMPTY": "吉高3346", "本番": 3346, "枝番": "0", "子番": 0, "孫番": false, "付番": false, "所在地番号": "2.04004103346e+28", "農地管理番号": 1, "耕地番号": 62, "所在地名": "吉高中3346", "マッチングさせるデータ": "吉高中3346", "空散対象区分1": 2, "空散対象区分2": null, "空散外面積1": 0, "空散外面積2": false, "集計転作面積": 0, "散布面積1": null, "散布面積2": null, "支払者集落": 0, "支払者集落名": null, "支払者コード": 0, "支払者名": null, "支払者住所": null, "支払者電話番号": null, "農地異動適用法": false, "農地異動適用法名": null, "利用集積計画番号": null, "適用法開始年月日": null, "適用法終了年月日": null, "備考": "小川　勇", "所有者世帯番号": 1816, "所有者個人番号": 2994, "借受者世帯番号": 0, "借受者個人番号": 0, "農地予備数字１": null, "農地予備数字２": null, "農地予備数字３": null, "農地予備数字４": null, "農地予備数字５": null, "農地予備文字１": null, "農地予備文字２": null, "農地予備文字３": null, "農地予備文字４": null, "農地予備文字５": null, "手動一致フラグ": null, "計算面積（アール）": 30, "散布班": "18-⑨", "地区名": "2026印西市" }, "geometry": { "type": "Polygon", "coordinates": [ [ [ 140.236808451, 35.795505277 ], [ 140.237789491, 35.795209056 ], [ 140.237814366, 35.795188333 ], [ 140.237713324, 35.79496676 ], [ 140.237696671, 35.794966816 ], [ 140.237679951, 35.794953557 ], [ 140.236679496, 35.795252063 ], [ 140.236682384, 35.795274245 ], [ 140.236668551, 35.795283168 ], [ 140.236769611999989, 35.79550918 ], [ 140.236808451, 35.795505277 ] ] ] } },
{ "type": "Feature", "properties": { "fid": 2327, "daicho_shubetsu_cd": "FUD25", "layer": "筆ポリゴン（2025年公開）_20260708233456", "fid_2": 3765, "事業年度": 2026, "物件番号": 6303, "GIS物件番号": null, "大字コード": 2040, "大字名": "吉高", "小字コード": 41, "小字名": "中", "__EMPTY": "吉高3347", "本番": 3347, "枝番": "0", "子番": 0, "孫番": false, "付番": false, "所在地番号": "2.04004103347e+28", "農地管理番号": 1, "耕地番号": 63, "所在地名": "吉高中3347", "マッチングさせるデータ": "吉高中3347", "空散対象区分1": 2, "空散対象区分2": null, "空散外面積1": 0, "空散外面積2": false, "集計転作面積": 0, "散布面積1": null, "散布面積2": null, "支払者集落": 0, "支払者集落名": null, "支払者コード": 0, "支払者名": null, "支払者住所": null, "支払者電話番号": null, "農地異動適用法": false, "農地異動適用法名": null, "利用集積計画番号": null, "適用法開始年月日": null, "適用法終了年月日": null, "備考": "小川　勇", "所有者世帯番号": 1816, "所有者個人番号": 2994, "借受者世帯番号": 0, "借受者個人番号": 0, "農地予備数字１": null, "農地予備数字２": null, "農地予備数字３": null, "農地予備数字４": null, "農地予備数字５": null, "農地予備文字１": null, "農地予備文字２": null, "農地予備文字３": null, "農地予備文字４": null, "農地予備文字５": null, "手動一致フラグ": null, "計算面積（アール）": 36, "散布班": "18-⑨", "地区名": "2026印西市" }, "geometry": { "type": "Polygon", "coordinates": [ [ [ 140.236917140778814, 35.795818971696548 ], [ 140.237969600513139, 35.795502422110651 ], [ 140.237833989, 35.795226659 ], [ 140.237789491, 35.795209056 ], [ 140.236808451, 35.795505277 ], [ 140.23680854, 35.795523031 ], [ 140.236791955, 35.795536401 ], [ 140.236917140778814, 35.795818971696548 ] ] ] } },
{ "type": "Feature", "properties": { "fid": 2328, "daicho_shubetsu_cd": "FUD25", "layer": "筆ポリゴン（2025年公開）_20260708233456", "fid_2": 3766, "事業年度": 2026, "物件番号": 6304, "GIS物件番号": null, "大字コード": 2040, "大字名": "吉高", "小字コード": 41, "小字名": "中", "__EMPTY": "吉高3348", "本番": 3348, "枝番": "0", "子番": 0, "孫番": false, "付番": false, "所在地番号": "2.04004103348e+28", "農地管理番号": 1, "耕地番号": 64, "所在地名": "吉高中3348", "マッチングさせるデータ": "吉高中3348", "空散対象区分1": 2, "空散対象区分2": null, "空散外面積1": 0, "空散外面積2": false, "集計転作面積": 0, "散布面積1": null, "散布面積2": null, "支払者集落": 0, "支払者集落名": null, "支払者コード": 0, "支払者名": null, "支払者住所": null, "支払者電話番号": null, "農地異動適用法": false, "農地異動適用法名": null, "利用集積計画番号": null, "適用法開始年月日": null, "適用法終了年月日": null, "備考": "小川　勇", "所有者世帯番号": 1816, "所有者個人番号": 2994, "借受者世帯番号": 0, "借受者個人番号": 0, "農地予備数字１": null, "農地予備数字２": null, "農地予備数字３": null, "農地予備数字４": null, "農地予備数字５": null, "農地予備文字１": null, "農地予備文字２": null, "農地予備文字３": null, "農地予備文字４": null, "農地予備文字５": null, "手動一致フラグ": null, "計算面積（アール）": 4, "散布班": "18-⑨", "地区名": "2026印西市" }, "geometry": { "type": "Polygon", "coordinates": [ [ [ 140.237969600513139, 35.795502422110651 ], [ 140.236917140778814, 35.795818971696548 ], [ 140.236932333999988, 35.795853266 ], [ 140.236960067000012, 35.795848734 ], [ 140.237985429, 35.795534609 ], [ 140.237969600513139, 35.795502422110651 ] ] ] } },
{ "type": "Feature", "properties": { "fid": 2329, "daicho_shubetsu_cd": "FUD25", "layer": "筆ポリゴン（2025年公開）_20260708233456", "fid_2": 3767, "事業年度": 2026, "物件番号": 6309, "GIS物件番号": null, "大字コード": 2040, "大字名": "吉高", "小字コード": 41, "小字名": "中", "__EMPTY": "吉高3351", "本番": 3351, "枝番": "0", "子番": 0, "孫番": false, "付番": false, "所在地番号": "2.04004103351e+28", "農地管理番号": 1, "耕地番号": 73, "所在地名": "吉高中3351", "マッチングさせるデータ": "吉高中3351", "空散対象区分1": 2, "空散対象区分2": null, "空散外面積1": 0, "空散外面積2": false, "集計転作面積": 0, "散布面積1": null, "散布面積2": null, "支払者集落": 0, "支払者集落名": null, "支払者コード": 0, "支払者名": null, "支払者住所": null, "支払者電話番号": null, "農地異動適用法": false, "農地異動適用法名": null, "利用集積計画番号": null, "適用法開始年月日": null, "適用法終了年月日": null, "備考": "石山　定吉", "所有者世帯番号": 1902, "所有者個人番号": 2892, "借受者世帯番号": 0, "借受者個人番号": 0, "農地予備数字１": null, "農地予備数字２": null, "農地予備数字３": null, "農地予備数字４": null, "農地予備数字５": null, "農地予備文字１": null, "農地予備文字２": null, "農地予備文字３": null, "農地予備文字４": null, "農地予備文字５": null, "手動一致フラグ": null, "計算面積（アール）": 17, "散布班": "18-⑨", "地区名": "2026印西市" }, "geometry": { "type": "Polygon", "coordinates": [ [ [ 140.237163579224642, 35.796333638864986 ], [ 140.23820726603816, 35.796010811309301 ], [ 140.238140026392728, 35.795870000053355 ], [ 140.237110679000011, 35.796184126 ], [ 140.237092189, 35.796187147 ], [ 140.237163579224642, 35.796333638864986 ] ] ] } },
{ "type": "Feature", "properties": { "fid": 2330, "daicho_shubetsu_cd": "FUD25", "layer": "筆ポリゴン（2025年公開）_20260708233456", "fid_2": 3768, "事業年度": 2026, "物件番号": 6310, "GIS物件番号": null, "大字コード": 2040, "大字名": "吉高", "小字コード": 41, "小字名": "中", "__EMPTY": "吉高3352", "本番": 3352, "枝番": "0", "子番": 0, "孫番": false, "付番": false, "所在地番号": "2.04004103352e+28", "農地管理番号": 1, "耕地番号": 74, "所在地名": "吉高中3352", "マッチングさせるデータ": "吉高中3352", "空散対象区分1": 2, "空散対象区分2": null, "空散外面積1": 0, "空散外面積2": false, "集計転作面積": 0, "散布面積1": null, "散布面積2": null, "支払者集落": 0, "支払者集落名": null, "支払者コード": 0, "支払者名": null, "支払者住所": null, "支払者電話番号": null, "農地異動適用法": false, "農地異動適用法名": null, "利用集積計画番号": null, "適用法開始年月日": null, "適用法終了年月日": null, "備考": "石山　定吉", "所有者世帯番号": 1902, "所有者個人番号": 2892, "借受者世帯番号": 0, "借受者個人番号": 0, "農地予備数字１": null, "農地予備数字２": null, "農地予備数字３": null, "農地予備数字４": null, "農地予備数字５": null, "農地予備文字１": null, "農地予備文字２": null, "農地予備文字３": null, "農地予備文字４": null, "農地予備文字５": null, "手動一致フラグ": null, "計算面積（アール）": 23, "散布班": "18-⑨", "地区名": "2026印西市" }, "geometry": { "type": "Polygon", "coordinates": [ [ [ 140.23820726603816, 35.796010811309301 ], [ 140.237163579224642, 35.796333638864986 ], [ 140.237254861999986, 35.79652095 ], [ 140.237288141, 35.796515364 ], [ 140.238302452999989, 35.796210149 ], [ 140.23820726603816, 35.796010811309301 ] ] ] } },
{ "type": "Feature", "properties": { "fid": 2331, "daicho_shubetsu_cd": "FUD25", "layer": "筆ポリゴン（2025年公開）_20260708233407", "fid_2": 3769, "事業年度": 2026, "物件番号": 6311, "GIS物件番号": null, "大字コード": 2040, "大字名": "吉高", "小字コード": 41, "小字名": "中", "__EMPTY": "吉高3353", "本番": 3353, "枝番": "0", "子番": 0, "孫番": false, "付番": false, "所在地番号": "2.04004103353e+28", "農地管理番号": 1, "耕地番号": 75, "所在地名": "吉高中3353", "マッチングさせるデータ": "吉高中3353", "空散対象区分1": 2, "空散対象区分2": null, "空散外面積1": 0, "空散外面積2": false, "集計転作面積": 0, "散布面積1": null, "散布面積2": null, "支払者集落": 0, "支払者集落名": null, "支払者コード": 0, "支払者名": null, "支払者住所": null, "支払者電話番号": null, "農地異動適用法": false, "農地異動適用法名": null, "利用集積計画番号": null, "適用法開始年月日": null, "適用法終了年月日": null, "備考": "石山　定吉", "所有者世帯番号": 1902, "所有者個人番号": 2892, "借受者世帯番号": 0, "借受者個人番号": 0, "農地予備数字１": null, "農地予備数字２": null, "農地予備数字３": null, "農地予備数字４": null, "農地予備数字５": null, "農地予備文字１": null, "農地予備文字２": null, "農地予備文字３": null, "農地予備文字４": null, "農地予備文字５": null, "手動一致フラグ": null, "計算面積（アール）": 27, "散布班": "18-⑨", "地区名": "2026印西市" }, "geometry": { "type": "Polygon", "coordinates": [ [ [ 140.237363066408591, 35.796752622970111 ], [ 140.238406870659418, 35.796434299687945 ], [ 140.238302452999989, 35.796210149 ], [ 140.237288141, 35.796515364 ], [ 140.237291946, 35.796536063 ], [ 140.237260558, 35.796549483 ], [ 140.237363066408591, 35.796752622970111 ] ] ] } },
{ "type": "Feature", "properties": { "fid": 2332, "daicho_shubetsu_cd": "FUD25", "layer": "筆ポリゴン（2025年公開）_20260708233456", "fid_2": 3770, "事業年度": 2026, "物件番号": 6316, "GIS物件番号": null, "大字コード": 2040, "大字名": "吉高", "小字コード": 41, "小字名": "中", "__EMPTY": "吉高3361", "本番": 3361, "枝番": "0", "子番": 0, "孫番": false, "付番": false, "所在地番号": "2.04004103361e+28", "農地管理番号": 1, "耕地番号": 65, "所在地名": "吉高中3361", "マッチングさせるデータ": "吉高中3361", "空散対象区分1": 2, "空散対象区分2": null, "空散外面積1": 0, "空散外面積2": false, "集計転作面積": 0, "散布面積1": null, "散布面積2": null, "支払者集落": 0, "支払者集落名": null, "支払者コード": 0, "支払者名": null, "支払者住所": null, "支払者電話番号": null, "農地異動適用法": false, "農地異動適用法名": null, "利用集積計画番号": null, "適用法開始年月日": null, "適用法終了年月日": null, "備考": "小川　勇", "所有者世帯番号": 1816, "所有者個人番号": 2994, "借受者世帯番号": 0, "借受者個人番号": 0, "農地予備数字１": null, "農地予備数字２": null, "農地予備数字３": null, "農地予備数字４": null, "農地予備数字５": null, "農地予備文字１": null, "農地予備文字２": null, "農地予備文字３": null, "農地予備文字４": null, "農地予備文字５": null, "手動一致フラグ": null, "計算面積（アール）": 24, "散布班": "18-⑨", "地区名": "2026印西市" }, "geometry": { "type": "Polygon", "coordinates": [ [ [ 140.235744320599139, 35.796025332440799 ], [ 140.236789839565859, 35.795683599209625 ], [ 140.236751438999988, 35.795594916 ], [ 140.23671514, 35.795606329 ], [ 140.236732249, 35.795570571 ], [ 140.236690978000013, 35.795488601 ], [ 140.236663617, 35.795497218 ], [ 140.235657808000013, 35.795827474 ], [ 140.235705266999986, 35.795935611 ], [ 140.235744320599139, 35.796025332440799 ] ] ] } },
{ "type": "Feature", "properties": { "fid": 2333, "daicho_shubetsu_cd": "FUD25", "layer": "筆ポリゴン（2025年公開）_20260708233456", "fid_2": 3771, "事業年度": 2026, "物件番号": 6319, "GIS物件番号": null, "大字コード": 2040, "大字名": "吉高", "小字コード": 41, "小字名": "中", "__EMPTY": "吉高3364", "本番": 3364, "枝番": "0", "子番": 0, "孫番": false, "付番": false, "所在地番号": "2.04004103364e+28", "農地管理番号": 1, "耕地番号": 129, "所在地名": "吉高中3364", "マッチングさせるデータ": "吉高中3364", "空散対象区分1": 2, "空散対象区分2": null, "空散外面積1": 0, "空散外面積2": false, "集計転作面積": 0, "散布面積1": null, "散布面積2": null, "支払者集落": 0, "支払者集落名": null, "支払者コード": 0, "支払者名": null, "支払者住所": null, "支払者電話番号": null, "農地異動適用法": false, "農地異動適用法名": null, "利用集積計画番号": null, "適用法開始年月日": null, "適用法終了年月日": null, "備考": "須藤　隆", "所有者世帯番号": 1911, "所有者個人番号": 3152, "借受者世帯番号": 0, "借受者個人番号": 0, "農地予備数字１": null, "農地予備数字２": null, "農地予備数字３": null, "農地予備数字４": null, "農地予備数字５": null, "農地予備文字１": null, "農地予備文字２": null, "農地予備文字３": null, "農地予備文字４": null, "農地予備文字５": null, "手動一致フラグ": null, "計算面積（アール）": 24, "散布班": "18-⑨", "地区名": "2026印西市" }, "geometry": { "type": "Polygon", "coordinates": [ [ [ 140.236418682, 35.794966908 ], [ 140.236413144000011, 35.794949173 ], [ 140.236429429999987, 35.794938022 ], [ 140.236352269, 35.794760751 ], [ 140.235317836, 35.795083288 ], [ 140.23541269, 35.79528682 ], [ 140.236418682, 35.794966908 ] ] ] } },
{ "type": "Feature", "properties": { "fid": 2334, "daicho_shubetsu_cd": "FUD25", "layer": "筆ポリゴン（2025年公開）_20260708233456", "fid_2": 3772, "事業年度": 2026, "物件番号": 6320, "GIS物件番号": null, "大字コード": 2040, "大字名": "吉高", "小字コード": 41, "小字名": "中", "__EMPTY": "吉高3365", "本番": 3365, "枝番": "0", "子番": 0, "孫番": false, "付番": false, "所在地番号": "2.04004103365e+28", "農地管理番号": 1, "耕地番号": 130, "所在地名": "吉高中3365", "マッチングさせるデータ": "吉高中3365", "空散対象区分1": 2, "空散対象区分2": null, "空散外面積1": 0, "空散外面積2": false, "集計転作面積": 0, "散布面積1": null, "散布面積2": null, "支払者集落": 0, "支払者集落名": null, "支払者コード": 0, "支払者名": null, "支払者住所": null, "支払者電話番号": null, "農地異動適用法": false, "農地異動適用法名": null, "利用集積計画番号": null, "適用法開始年月日": null, "適用法終了年月日": null, "備考": "須藤　隆", "所有者世帯番号": 1911, "所有者個人番号": 3152, "借受者世帯番号": 0, "借受者個人番号": 0, "農地予備数字１": null, "農地予備数字２": null, "農地予備数字３": null, "農地予備数字４": null, "農地予備数字５": null, "農地予備文字１": null, "農地予備文字２": null, "農地予備文字３": null, "農地予備文字４": null, "農地予備文字５": null, "手動一致フラグ": null, "計算面積（アール）": 25, "散布班": "18-⑨", "地区名": "2026印西市" }, "geometry": { "type": "Polygon", "coordinates": [ [ [ 140.236352269, 35.794760751 ], [ 140.236338548, 35.794740825 ], [ 140.236354868, 35.794736332 ], [ 140.236277887, 35.794594565 ], [ 140.235975906, 35.794666589 ], [ 140.235763664, 35.794709462 ], [ 140.235592212, 35.794738886 ], [ 140.235415367, 35.794779422 ], [ 140.235208696, 35.794846686 ], [ 140.235317836, 35.795083288 ], [ 140.236352269, 35.794760751 ] ] ] } },
{ "type": "Feature", "properties": { "fid": 2335, "daicho_shubetsu_cd": "FUD25", "layer": "筆ポリゴン（2025年公開）_20260708233456", "fid_2": 3773, "事業年度": 2026, "物件番号": 6321, "GIS物件番号": null, "大字コード": 2040, "大字名": "吉高", "小字コード": 41, "小字名": "中", "__EMPTY": "吉高3368", "本番": 3368, "枝番": "0", "子番": 0, "孫番": false, "付番": false, "所在地番号": "2.04004103368e+28", "農地管理番号": 1, "耕地番号": 131, "所在地名": "吉高中3368", "マッチングさせるデータ": "吉高中3368", "空散対象区分1": 2, "空散対象区分2": null, "空散外面積1": 0, "空散外面積2": false, "集計転作面積": 0, "散布面積1": null, "散布面積2": null, "支払者集落": 0, "支払者集落名": null, "支払者コード": 0, "支払者名": null, "支払者住所": null, "支払者電話番号": null, "農地異動適用法": false, "農地異動適用法名": null, "利用集積計画番号": null, "適用法開始年月日": null, "適用法終了年月日": null, "備考": "須藤　隆", "所有者世帯番号": 1911, "所有者個人番号": 3152, "借受者世帯番号": 0, "借受者個人番号": 0, "農地予備数字１": null, "農地予備数字２": null, "農地予備数字３": null, "農地予備数字４": null, "農地予備数字５": null, "農地予備文字１": null, "農地予備文字２": null, "農地予備文字３": null, "農地予備文字４": null, "農地予備文字５": null, "手動一致フラグ": null, "計算面積（アール）": 20, "散布班": "18-⑨", "地区名": "2026印西市" }, "geometry": { "type": "Polygon", "coordinates": [ [ [ 140.235254590000011, 35.795048861 ], [ 140.235164418000011, 35.794853151 ], [ 140.235141206, 35.794851652 ], [ 140.235027345, 35.794897722 ], [ 140.23489043, 35.794973801 ], [ 140.234759285, 35.79504356 ], [ 140.234668534, 35.795070645 ], [ 140.234539084, 35.795093134 ], [ 140.234131459999986, 35.795173267 ], [ 140.234114151999989, 35.79519223 ], [ 140.234201213, 35.795372978 ], [ 140.235254590000011, 35.795048861 ] ] ] } },
{ "type": "Feature", "properties": { "fid": 2337, "daicho_shubetsu_cd": "FUD25", "layer": "筆ポリゴン（2025年公開）_20260708233407", "fid_2": 3776, "事業年度": 2026, "物件番号": 6533, "GIS物件番号": null, "大字コード": 2041, "大字名": "吉高干拓", "小字コード": 0, "小字名": null, "__EMPTY": "吉高干拓3", "本番": 3, "枝番": "0", "子番": 0, "孫番": false, "付番": false, "所在地番号": "2.04100000003e+28", "農地管理番号": 1, "耕地番号": 138, "所在地名": "吉高干拓3", "マッチングさせるデータ": "吉高干拓3", "空散対象区分1": 2, "空散対象区分2": null, "空散外面積1": 0, "空散外面積2": false, "集計転作面積": 0, "散布面積1": null, "散布面積2": null, "支払者集落": 0, "支払者集落名": null, "支払者コード": 0, "支払者名": null, "支払者住所": null, "支払者電話番号": null, "農地異動適用法": false, "農地異動適用法名": null, "利用集積計画番号": null, "適用法開始年月日": null, "適用法終了年月日": null, "備考": "大野　孝四郎", "所有者世帯番号": 2362, "所有者個人番号": 3997, "借受者世帯番号": 0, "借受者個人番号": 0, "農地予備数字１": null, "農地予備数字２": null, "農地予備数字３": null, "農地予備数字４": null, "農地予備数字５": null, "農地予備文字１": null, "農地予備文字２": null, "農地予備文字３": null, "農地予備文字４": null, "農地予備文字５": null, "手動一致フラグ": null, "計算面積（アール）": 22, "散布班": "18-⑨", "地区名": "2026印西市" }, "geometry": { "type": "Polygon", "coordinates": [ [ [ 140.233407212263501, 35.79920484587398 ], [ 140.232552941175868, 35.799482100405257 ], [ 140.233086488, 35.799637277 ], [ 140.233511398, 35.799506454 ], [ 140.23351263, 35.799482739 ], [ 140.233537192, 35.799469343 ], [ 140.233407212263501, 35.79920484587398 ] ] ] } },
{ "type": "Feature", "properties": { "fid": 2338, "daicho_shubetsu_cd": "FUD25", "layer": "筆ポリゴン（2025年公開）_20260708233407", "fid_2": 3777, "事業年度": 2026, "物件番号": 6534, "GIS物件番号": null, "大字コード": 2041, "大字名": "吉高干拓", "小字コード": 0, "小字名": null, "__EMPTY": "吉高干拓4", "本番": 4, "枝番": "0", "子番": 0, "孫番": false, "付番": false, "所在地番号": "2.04100000004e+28", "農地管理番号": 1, "耕地番号": 139, "所在地名": "吉高干拓4", "マッチングさせるデータ": "吉高干拓4", "空散対象区分1": 2, "空散対象区分2": null, "空散外面積1": 0, "空散外面積2": false, "集計転作面積": 0, "散布面積1": null, "散布面積2": null, "支払者集落": 0, "支払者集落名": null, "支払者コード": 0, "支払者名": null, "支払者住所": null, "支払者電話番号": null, "農地異動適用法": false, "農地異動適用法名": null, "利用集積計画番号": null, "適用法開始年月日": null, "適用法終了年月日": null, "備考": "大野　孝四郎", "所有者世帯番号": 2362, "所有者個人番号": 3997, "借受者世帯番号": 0, "借受者個人番号": 0, "農地予備数字１": null, "農地予備数字２": null, "農地予備数字３": null, "農地予備数字４": null, "農地予備数字５": null, "農地予備文字１": null, "農地予備文字２": null, "農地予備文字３": null, "農地予備文字４": null, "農地予備文字５": null, "手動一致フラグ": null, "計算面積（アール）": 12, "散布班": "18-⑨", "地区名": "2026印西市" }, "geometry": { "type": "Polygon", "coordinates": [ [ [ 140.232552941175868, 35.799482100405257 ], [ 140.233407212263501, 35.79920484587398 ], [ 140.233354582, 35.799097748 ], [ 140.232423462000014, 35.799382153 ], [ 140.232477087, 35.799460039 ], [ 140.232552941175868, 35.799482100405257 ] ] ] } },
{ "type": "Feature", "properties": { "fid": 2339, "daicho_shubetsu_cd": "FUD25", "layer": "筆ポリゴン（2025年公開）_20260708233407", "fid_2": 3778, "事業年度": 2026, "物件番号": 6556, "GIS物件番号": null, "大字コード": 2041, "大字名": "吉高干拓", "小字コード": 0, "小字名": null, "__EMPTY": "吉高干拓35", "本番": 35, "枝番": "0", "子番": 0, "孫番": false, "付番": false, "所在地番号": "2.04100000035e+28", "農地管理番号": 1, "耕地番号": 140, "所在地名": "吉高干拓35", "マッチングさせるデータ": "吉高干拓35", "空散対象区分1": 2, "空散対象区分2": null, "空散外面積1": 0, "空散外面積2": false, "集計転作面積": 0, "散布面積1": null, "散布面積2": null, "支払者集落": 0, "支払者集落名": null, "支払者コード": 0, "支払者名": null, "支払者住所": null, "支払者電話番号": null, "農地異動適用法": false, "農地異動適用法名": null, "利用集積計画番号": null, "適用法開始年月日": null, "適用法終了年月日": null, "備考": "大野　孝四郎", "所有者世帯番号": 2362, "所有者個人番号": 3997, "借受者世帯番号": 0, "借受者個人番号": 0, "農地予備数字１": null, "農地予備数字２": null, "農地予備数字３": null, "農地予備数字４": null, "農地予備数字５": null, "農地予備文字１": null, "農地予備文字２": null, "農地予備文字３": null, "農地予備文字４": null, "農地予備文字５": null, "手動一致フラグ": null, "計算面積（アール）": 31, "散布班": "18-⑨", "地区名": "2026印西市" }, "geometry": { "type": "Polygon", "coordinates": [ [ [ 140.233504063, 35.799182061 ], [ 140.234489071000013, 35.798860739 ], [ 140.234381305, 35.798602813 ], [ 140.233380333000014, 35.798907948 ], [ 140.233385401, 35.798921511 ], [ 140.233349555, 35.798938706 ], [ 140.233459139, 35.799187993 ], [ 140.233504063, 35.799182061 ] ] ] } },
{ "type": "Feature", "properties": { "fid": 2340, "daicho_shubetsu_cd": "FUD25", "layer": "筆ポリゴン（2025年公開）_20260708233407", "fid_2": 3779, "事業年度": 2026, "物件番号": 6576, "GIS物件番号": null, "大字コード": 2041, "大字名": "吉高干拓", "小字コード": 0, "小字名": null, "__EMPTY": "吉高干拓64", "本番": 64, "枝番": "0", "子番": 0, "孫番": false, "付番": false, "所在地番号": "2.04100000064e+28", "農地管理番号": 1, "耕地番号": 134, "所在地名": "吉高干拓64", "マッチングさせるデータ": "吉高干拓64", "空散対象区分1": 2, "空散対象区分2": null, "空散外面積1": 0, "空散外面積2": false, "集計転作面積": 0, "散布面積1": null, "散布面積2": null, "支払者集落": 0, "支払者集落名": null, "支払者コード": 0, "支払者名": null, "支払者住所": null, "支払者電話番号": null, "農地異動適用法": false, "農地異動適用法名": null, "利用集積計画番号": null, "適用法開始年月日": null, "適用法終了年月日": null, "備考": "天野　金一", "所有者世帯番号": 2405, "所有者個人番号": 4022, "借受者世帯番号": 0, "借受者個人番号": 0, "農地予備数字１": null, "農地予備数字２": null, "農地予備数字３": null, "農地予備数字４": null, "農地予備数字５": null, "農地予備文字１": null, "農地予備文字２": null, "農地予備文字３": null, "農地予備文字４": null, "農地予備文字５": null, "手動一致フラグ": null, "計算面積（アール）": 23, "散布班": "18-⑨", "地区名": "2026印西市" }, "geometry": { "type": "Polygon", "coordinates": [ [ [ 140.235447340739768, 35.798058222031351 ], [ 140.236494942587228, 35.797729238293286 ], [ 140.236409275814367, 35.797544289822739 ], [ 140.235357397513042, 35.797858392371047 ], [ 140.235447340739768, 35.798058222031351 ] ] ] } },
{ "type": "Feature", "properties": { "fid": 2341, "daicho_shubetsu_cd": "FUD25", "layer": "筆ポリゴン（2025年公開）_20260708233407", "fid_2": 3780, "事業年度": 2026, "物件番号": 6577, "GIS物件番号": null, "大字コード": 2041, "大字名": "吉高干拓", "小字コード": 0, "小字名": null, "__EMPTY": "吉高干拓65", "本番": 65, "枝番": "0", "子番": 0, "孫番": false, "付番": false, "所在地番号": "2.04100000065e+28", "農地管理番号": 1, "耕地番号": 135, "所在地名": "吉高干拓65", "マッチングさせるデータ": "吉高干拓65", "空散対象区分1": 2, "空散対象区分2": null, "空散外面積1": 0, "空散外面積2": false, "集計転作面積": 0, "散布面積1": null, "散布面積2": null, "支払者集落": 0, "支払者集落名": null, "支払者コード": 0, "支払者名": null, "支払者住所": null, "支払者電話番号": null, "農地異動適用法": false, "農地異動適用法名": null, "利用集積計画番号": null, "適用法開始年月日": null, "適用法終了年月日": null, "備考": "天野　金一", "所有者世帯番号": 2405, "所有者個人番号": 4022, "借受者世帯番号": 0, "借受者個人番号": 0, "農地予備数字１": null, "農地予備数字２": null, "農地予備数字３": null, "農地予備数字４": null, "農地予備数字５": null, "農地予備文字１": null, "農地予備文字２": null, "農地予備文字３": null, "農地予備文字４": null, "農地予備文字５": null, "手動一致フラグ": null, "計算面積（アール）": 24, "散布班": "18-⑨", "地区名": "2026印西市" }, "geometry": { "type": "Polygon", "coordinates": [ [ [ 140.236494942587228, 35.797729238293286 ], [ 140.235447340739768, 35.798058222031351 ], [ 140.235537939000011, 35.798259507 ], [ 140.236589783, 35.797933992 ], [ 140.236494942587228, 35.797729238293286 ] ] ] } },
{ "type": "Feature", "properties": { "fid": 2342, "daicho_shubetsu_cd": "FUD25", "layer": "筆ポリゴン（2025年公開）_20260708233407", "fid_2": 3781, "事業年度": 2026, "物件番号": 6578, "GIS物件番号": null, "大字コード": 2041, "大字名": "吉高干拓", "小字コード": 0, "小字名": null, "__EMPTY": "吉高干拓66", "本番": 66, "枝番": "0", "子番": 0, "孫番": false, "付番": false, "所在地番号": "2.04100000066e+28", "農地管理番号": 1, "耕地番号": 136, "所在地名": "吉高干拓66", "マッチングさせるデータ": "吉高干拓66", "空散対象区分1": 2, "空散対象区分2": null, "空散外面積1": 0, "空散外面積2": false, "集計転作面積": 0, "散布面積1": null, "散布面積2": null, "支払者集落": 0, "支払者集落名": null, "支払者コード": 0, "支払者名": null, "支払者住所": null, "支払者電話番号": null, "農地異動適用法": false, "農地異動適用法名": null, "利用集積計画番号": null, "適用法開始年月日": null, "適用法終了年月日": null, "備考": "高橋　一夫", "所有者世帯番号": 2409, "所有者個人番号": 4108, "借受者世帯番号": 0, "借受者個人番号": 0, "農地予備数字１": null, "農地予備数字２": null, "農地予備数字３": null, "農地予備数字４": null, "農地予備数字５": null, "農地予備文字１": null, "農地予備文字２": null, "農地予備文字３": null, "農地予備文字４": null, "農地予備文字５": null, "手動一致フラグ": null, "計算面積（アール）": 30, "散布班": "18-⑨", "地区名": "2026印西市" }, "geometry": { "type": "Polygon", "coordinates": [ [ [ 140.236589783, 35.797933992 ], [ 140.235537939000011, 35.798259507 ], [ 140.235643778, 35.798506708 ], [ 140.236701147, 35.798180614 ], [ 140.236589783, 35.797933992 ] ] ] } },
{ "type": "Feature", "properties": { "fid": 2343, "daicho_shubetsu_cd": "FUD25", "layer": "筆ポリゴン（2025年公開）_20260708233407", "fid_2": 3782, "事業年度": 2026, "物件番号": 6579, "GIS物件番号": null, "大字コード": 2041, "大字名": "吉高干拓", "小字コード": 0, "小字名": null, "__EMPTY": "吉高干拓67", "本番": 67, "枝番": "0", "子番": 0, "孫番": false, "付番": false, "所在地番号": "2.04100000067e+28", "農地管理番号": 1, "耕地番号": 137, "所在地名": "吉高干拓67", "マッチングさせるデータ": "吉高干拓67", "空散対象区分1": 2, "空散対象区分2": null, "空散外面積1": 0, "空散外面積2": false, "集計転作面積": 0, "散布面積1": null, "散布面積2": null, "支払者集落": 0, "支払者集落名": null, "支払者コード": 0, "支払者名": null, "支払者住所": null, "支払者電話番号": null, "農地異動適用法": false, "農地異動適用法名": null, "利用集積計画番号": null, "適用法開始年月日": null, "適用法終了年月日": null, "備考": "高橋　一夫", "所有者世帯番号": 2409, "所有者個人番号": 4108, "借受者世帯番号": 0, "借受者個人番号": 0, "農地予備数字１": null, "農地予備数字２": null, "農地予備数字３": null, "農地予備数字４": null, "農地予備数字５": null, "農地予備文字１": null, "農地予備文字２": null, "農地予備文字３": null, "農地予備文字４": null, "農地予備文字５": null, "手動一致フラグ": null, "計算面積（アール）": 31, "散布班": "18-⑨", "地区名": "2026印西市" }, "geometry": { "type": "Polygon", "coordinates": [ [ [ 140.236701147, 35.798180614 ], [ 140.235643778, 35.798506708 ], [ 140.235755063, 35.798757875 ], [ 140.236824887000012, 35.798432561 ], [ 140.236701147, 35.798180614 ] ] ] } },
{ "type": "Feature", "properties": { "fid": 2344, "daicho_shubetsu_cd": "FUD25", "layer": "筆ポリゴン（2025年公開）_20260708233407", "fid_2": 3783, "事業年度": 2026, "物件番号": 6584, "GIS物件番号": null, "大字コード": 2041, "大字名": "吉高干拓", "小字コード": 0, "小字名": null, "__EMPTY": "吉高干拓73", "本番": 73, "枝番": "0", "子番": 0, "孫番": false, "付番": false, "所在地番号": "2.04100000073e+28", "農地管理番号": 1, "耕地番号": 126, "所在地名": "吉高干拓73", "マッチングさせるデータ": "吉高干拓73", "空散対象区分1": 2, "空散対象区分2": null, "空散外面積1": 0, "空散外面積2": false, "集計転作面積": 0, "散布面積1": null, "散布面積2": null, "支払者集落": 0, "支払者集落名": null, "支払者コード": 0, "支払者名": null, "支払者住所": null, "支払者電話番号": null, "農地異動適用法": false, "農地異動適用法名": null, "利用集積計画番号": null, "適用法開始年月日": null, "適用法終了年月日": null, "備考": "岩井　喜代治", "所有者世帯番号": 2307, "所有者個人番号": 3815, "借受者世帯番号": 0, "借受者個人番号": 0, "農地予備数字１": null, "農地予備数字２": null, "農地予備数字３": null, "農地予備数字４": null, "農地予備数字５": null, "農地予備文字１": null, "農地予備文字２": null, "農地予備文字３": null, "農地予備文字４": null, "農地予備文字５": null, "手動一致フラグ": null, "計算面積（アール）": 20, "散布班": "18-⑨", "地区名": "2026印西市" }, "geometry": { "type": "Polygon", "coordinates": [ [ [ 140.236636228, 35.797922487 ], [ 140.236712353, 35.798080698 ], [ 140.237754141000011, 35.797761312 ], [ 140.237676443, 35.797589452 ], [ 140.237635256, 35.797602639 ], [ 140.236636228, 35.797922487 ] ] ] } },
{ "type": "Feature", "properties": { "fid": 2345, "daicho_shubetsu_cd": "FUD25", "layer": "筆ポリゴン（2025年公開）_20260708233407", "fid_2": 3784, "事業年度": 2026, "物件番号": 6585, "GIS物件番号": null, "大字コード": 2041, "大字名": "吉高干拓", "小字コード": 0, "小字名": null, "__EMPTY": "吉高干拓74", "本番": 74, "枝番": "0", "子番": 0, "孫番": false, "付番": false, "所在地番号": "2.04100000074e+28", "農地管理番号": 1, "耕地番号": 127, "所在地名": "吉高干拓74", "マッチングさせるデータ": "吉高干拓74", "空散対象区分1": 2, "空散対象区分2": null, "空散外面積1": 0, "空散外面積2": false, "集計転作面積": 0, "散布面積1": null, "散布面積2": null, "支払者集落": 0, "支払者集落名": null, "支払者コード": 0, "支払者名": null, "支払者住所": null, "支払者電話番号": null, "農地異動適用法": false, "農地異動適用法名": null, "利用集積計画番号": null, "適用法開始年月日": null, "適用法終了年月日": null, "備考": "岩井　喜代治", "所有者世帯番号": 2307, "所有者個人番号": 3815, "借受者世帯番号": 0, "借受者個人番号": 0, "農地予備数字１": null, "農地予備数字２": null, "農地予備数字３": null, "農地予備数字４": null, "農地予備数字５": null, "農地予備文字１": null, "農地予備文字２": null, "農地予備文字３": null, "農地予備文字４": null, "農地予備文字５": null, "手動一致フラグ": null, "計算面積（アール）": 20, "散布班": "18-⑨", "地区名": "2026印西市" }, "geometry": { "type": "Polygon", "coordinates": [ [ [ 140.237598956573237, 35.797428696384067 ], [ 140.236558266960714, 35.797749456881071 ], [ 140.236636228, 35.797922487 ], [ 140.237635256, 35.797602639 ], [ 140.23763345, 35.797587917 ], [ 140.237660599, 35.797570073 ], [ 140.237598956573237, 35.797428696384067 ] ] ] } },
{ "type": "Feature", "properties": { "fid": 2346, "daicho_shubetsu_cd": "FUD25", "layer": "筆ポリゴン（2025年公開）_20260708233407", "fid_2": 3785, "事業年度": 2026, "物件番号": 6586, "GIS物件番号": null, "大字コード": 2041, "大字名": "吉高干拓", "小字コード": 0, "小字名": null, "__EMPTY": "吉高干拓75", "本番": 75, "枝番": "0", "子番": 0, "孫番": false, "付番": false, "所在地番号": "2.04100000075e+28", "農地管理番号": 1, "耕地番号": 128, "所在地名": "吉高干拓75", "マッチングさせるデータ": "吉高干拓75", "空散対象区分1": 2, "空散対象区分2": null, "空散外面積1": 0, "空散外面積2": false, "集計転作面積": 0, "散布面積1": null, "散布面積2": null, "支払者集落": 0, "支払者集落名": null, "支払者コード": 0, "支払者名": null, "支払者住所": null, "支払者電話番号": null, "農地異動適用法": false, "農地異動適用法名": null, "利用集積計画番号": null, "適用法開始年月日": null, "適用法終了年月日": null, "備考": "岩井　喜代治", "所有者世帯番号": 2307, "所有者個人番号": 3815, "借受者世帯番号": 0, "借受者個人番号": 0, "農地予備数字１": null, "農地予備数字２": null, "農地予備数字３": null, "農地予備数字４": null, "農地予備数字５": null, "農地予備文字１": null, "農地予備文字２": null, "農地予備文字３": null, "農地予備文字４": null, "農地予備文字５": null, "手動一致フラグ": null, "計算面積（アール）": 21, "散布班": "18-⑨", "地区名": "2026印西市" }, "geometry": { "type": "Polygon", "coordinates": [ [ [ 140.236558266960714, 35.797749456881071 ], [ 140.237598956573237, 35.797428696384067 ], [ 140.237520239, 35.797248158 ], [ 140.236480803, 35.79757753 ], [ 140.236558266960714, 35.797749456881071 ] ] ] } },
{ "type": "Feature", "properties": { "fid": 2347, "daicho_shubetsu_cd": "FUD25", "layer": "筆ポリゴン（2025年公開）_20260708233407", "fid_2": 3786, "事業年度": 2026, "物件番号": 6592, "GIS物件番号": null, "大字コード": 2041, "大字名": "吉高干拓", "小字コード": 0, "小字名": null, "__EMPTY": "吉高干拓83", "本番": 83, "枝番": "0", "子番": 0, "孫番": false, "付番": false, "所在地番号": "2.04100000083e+28", "農地管理番号": 1, "耕地番号": 76, "所在地名": "吉高干拓83", "マッチングさせるデータ": "吉高干拓83", "空散対象区分1": 2, "空散対象区分2": null, "空散外面積1": 0, "空散外面積2": false, "集計転作面積": 0, "散布面積1": null, "散布面積2": null, "支払者集落": 0, "支払者集落名": null, "支払者コード": 0, "支払者名": null, "支払者住所": null, "支払者電話番号": null, "農地異動適用法": false, "農地異動適用法名": null, "利用集積計画番号": null, "適用法開始年月日": null, "適用法終了年月日": null, "備考": "石山　定吉", "所有者世帯番号": 1902, "所有者個人番号": 2892, "借受者世帯番号": 0, "借受者個人番号": 0, "農地予備数字１": null, "農地予備数字２": null, "農地予備数字３": null, "農地予備数字４": null, "農地予備数字５": null, "農地予備文字１": null, "農地予備文字２": null, "農地予備文字３": null, "農地予備文字４": null, "農地予備文字５": null, "手動一致フラグ": null, "計算面積（アール）": 4, "散布班": "18-⑨", "地区名": "2026印西市" }, "geometry": { "type": "Polygon", "coordinates": [ [ [ 140.238406870659418, 35.796434299687945 ], [ 140.237363066408591, 35.796752622970111 ], [ 140.237378313, 35.796782837 ], [ 140.238422181, 35.796467166 ], [ 140.238406870659418, 35.796434299687945 ] ] ] } },
{ "type": "Feature", "properties": { "fid": 2348, "daicho_shubetsu_cd": "FUD25", "layer": "筆ポリゴン（2025年公開）_20260708233456", "fid_2": 3787, "事業年度": 2026, "物件番号": 6620, "GIS物件番号": null, "大字コード": 2041, "大字名": "吉高干拓", "小字コード": 0, "小字名": null, "__EMPTY": "吉高干拓119", "本番": 119, "枝番": "0", "子番": 0, "孫番": false, "付番": false, "所在地番号": "2.04100000119e+28", "農地管理番号": 1, "耕地番号": 51, "所在地名": "吉高干拓119", "マッチングさせるデータ": "吉高干拓119", "空散対象区分1": 2, "空散対象区分2": null, "空散外面積1": 0, "空散外面積2": false, "集計転作面積": 0, "散布面積1": null, "散布面積2": null, "支払者集落": 0, "支払者集落名": null, "支払者コード": 0, "支払者名": null, "支払者住所": null, "支払者電話番号": null, "農地異動適用法": false, "農地異動適用法名": null, "利用集積計画番号": null, "適用法開始年月日": null, "適用法終了年月日": null, "備考": "小川　とく", "所有者世帯番号": 1815, "所有者個人番号": 2989, "借受者世帯番号": 0, "借受者個人番号": 0, "農地予備数字１": null, "農地予備数字２": null, "農地予備数字３": null, "農地予備数字４": null, "農地予備数字５": null, "農地予備文字１": null, "農地予備文字２": null, "農地予備文字３": null, "農地予備文字４": null, "農地予備文字５": null, "手動一致フラグ": null, "計算面積（アール）": 8, "散布班": "18-⑨", "地区名": "2026印西市" }, "geometry": { "type": "Polygon", "coordinates": [ [ [ 140.239499879578204, 35.795919145860992 ], [ 140.240530270004399, 35.795595100815291 ], [ 140.240501705000014, 35.795534041 ], [ 140.239466971000013, 35.795849079 ], [ 140.239499879578204, 35.795919145860992 ] ] ] } },
{ "type": "Feature", "properties": { "fid": 2349, "daicho_shubetsu_cd": "FUD25", "layer": "筆ポリゴン（2025年公開）_20260708233456", "fid_2": 3788, "事業年度": 2026, "物件番号": 6621, "GIS物件番号": null, "大字コード": 2041, "大字名": "吉高干拓", "小字コード": 0, "小字名": null, "__EMPTY": "吉高干拓120", "本番": 120, "枝番": "0", "子番": 0, "孫番": false, "付番": false, "所在地番号": "2.0410000012e+28", "農地管理番号": 1, "耕地番号": 52, "所在地名": "吉高干拓120", "マッチングさせるデータ": "吉高干拓120", "空散対象区分1": 2, "空散対象区分2": null, "空散外面積1": 0, "空散外面積2": false, "集計転作面積": 0, "散布面積1": null, "散布面積2": null, "支払者集落": 0, "支払者集落名": null, "支払者コード": 0, "支払者名": null, "支払者住所": null, "支払者電話番号": null, "農地異動適用法": false, "農地異動適用法名": null, "利用集積計画番号": null, "適用法開始年月日": null, "適用法終了年月日": null, "備考": "小川　とく", "所有者世帯番号": 1815, "所有者個人番号": 2989, "借受者世帯番号": 0, "借受者個人番号": 0, "農地予備数字１": null, "農地予備数字２": null, "農地予備数字３": null, "農地予備数字４": null, "農地予備数字５": null, "農地予備文字１": null, "農地予備文字２": null, "農地予備文字３": null, "農地予備文字４": null, "農地予備文字５": null, "手動一致フラグ": null, "計算面積（アール）": 23, "散布班": "18-⑨", "地区名": "2026印西市" }, "geometry": { "type": "Polygon", "coordinates": [ [ [ 140.240530270004399, 35.795595100815291 ], [ 140.239499879578204, 35.795919145860992 ], [ 140.239593008000014, 35.796117429 ], [ 140.240622389, 35.795792012 ], [ 140.240530270004399, 35.795595100815291 ] ] ] } },
{ "type": "Feature", "properties": { "fid": 2350, "daicho_shubetsu_cd": "FUD25", "layer": "筆ポリゴン（2025年公開）_20260708233456", "fid_2": 3789, "事業年度": 2026, "物件番号": 6622, "GIS物件番号": null, "大字コード": 2041, "大字名": "吉高干拓", "小字コード": 0, "小字名": null, "__EMPTY": "吉高干拓121", "本番": 121, "枝番": "0", "子番": 0, "孫番": false, "付番": false, "所在地番号": "2.04100000121e+28", "農地管理番号": 1, "耕地番号": 53, "所在地名": "吉高干拓121", "マッチングさせるデータ": "吉高干拓121", "空散対象区分1": 2, "空散対象区分2": null, "空散外面積1": 0, "空散外面積2": false, "集計転作面積": 0, "散布面積1": null, "散布面積2": null, "支払者集落": 0, "支払者集落名": null, "支払者コード": 0, "支払者名": null, "支払者住所": null, "支払者電話番号": null, "農地異動適用法": false, "農地異動適用法名": null, "利用集積計画番号": null, "適用法開始年月日": null, "適用法終了年月日": null, "備考": "小川　とく", "所有者世帯番号": 1815, "所有者個人番号": 2989, "借受者世帯番号": 0, "借受者個人番号": 0, "農地予備数字１": null, "農地予備数字２": null, "農地予備数字３": null, "農地予備数字４": null, "農地予備数字５": null, "農地予備文字１": null, "農地予備文字２": null, "農地予備文字３": null, "農地予備文字４": null, "農地予備文字５": null, "手動一致フラグ": null, "計算面積（アール）": 6, "散布班": "18-⑨", "地区名": "2026印西市" }, "geometry": { "type": "Polygon", "coordinates": [ [ [ 140.240637741519691, 35.795851771782587 ], [ 140.240622561, 35.795821963 ], [ 140.240622389, 35.795792012 ], [ 140.239593008000014, 35.796117429 ], [ 140.239616042, 35.796132202 ], [ 140.23960206000001, 35.796166854 ], [ 140.240637741519691, 35.795851771782587 ] ] ] } },
{ "type": "Feature", "properties": { "fid": 2351, "daicho_shubetsu_cd": "FUD25", "layer": "筆ポリゴン（2025年公開）_20260708233456", "fid_2": 3790, "事業年度": 2026, "物件番号": 6661, "GIS物件番号": null, "大字コード": 2041, "大字名": "吉高干拓", "小字コード": 0, "小字名": null, "__EMPTY": "吉高干拓173", "本番": 173, "枝番": "0", "子番": 0, "孫番": false, "付番": false, "所在地番号": "2.04100000173e+28", "農地管理番号": 1, "耕地番号": 66, "所在地名": "吉高干拓173", "マッチングさせるデータ": "吉高干拓173", "空散対象区分1": 2, "空散対象区分2": null, "空散外面積1": 0, "空散外面積2": false, "集計転作面積": 0, "散布面積1": null, "散布面積2": null, "支払者集落": 0, "支払者集落名": null, "支払者コード": 0, "支払者名": null, "支払者住所": null, "支払者電話番号": null, "農地異動適用法": false, "農地異動適用法名": null, "利用集積計画番号": null, "適用法開始年月日": null, "適用法終了年月日": null, "備考": "小川　勇", "所有者世帯番号": 1816, "所有者個人番号": 2994, "借受者世帯番号": 0, "借受者個人番号": 0, "農地予備数字１": null, "農地予備数字２": null, "農地予備数字３": null, "農地予備数字４": null, "農地予備数字５": null, "農地予備文字１": null, "農地予備文字２": null, "農地予備文字３": null, "農地予備文字４": null, "農地予備文字５": null, "手動一致フラグ": null, "計算面積（アール）": 29, "散布班": "18-⑨", "地区名": "2026印西市" }, "geometry": { "type": "Polygon", "coordinates": [ [ [ 140.24263799, 35.794921095 ], [ 140.242819777, 35.795135727 ], [ 140.243718156, 35.794629265 ], [ 140.243523405, 35.794412749 ], [ 140.24263799, 35.794921095 ] ] ] } },
{ "type": "Feature", "properties": { "fid": 2734, "daicho_shubetsu_cd": "FUD25", "layer": "筆ポリゴン（2025年公開）_20260708233407", "fid_2": 4363, "事業年度": 2026, "物件番号": 6995, "GIS物件番号": null, "大字コード": 2050, "大字名": "萩原", "小字コード": 6, "小字名": "城内下", "__EMPTY": "萩原3300", "本番": 3300, "枝番": "0", "子番": 0, "孫番": false, "付番": false, "所在地番号": "2.050006033e+28", "農地管理番号": 1, "耕地番号": 1, "所在地名": "萩原城内下3300", "マッチングさせるデータ": "萩原城内下3300", "空散対象区分1": 2, "空散対象区分2": null, "空散外面積1": 0, "空散外面積2": false, "集計転作面積": 0, "散布面積1": null, "散布面積2": null, "支払者集落": 0, "支払者集落名": null, "支払者コード": 0, "支払者名": null, "支払者住所": null, "支払者電話番号": null, "農地異動適用法": false, "農地異動適用法名": null, "利用集積計画番号": null, "適用法開始年月日": null, "適用法終了年月日": null, "備考": "窪田　トシ子", "所有者世帯番号": 2261, "所有者個人番号": 4039, "借受者世帯番号": 2261, "借受者個人番号": 4039, "農地予備数字１": null, "農地予備数字２": null, "農地予備数字３": null, "農地予備数字４": null, "農地予備数字５": null, "農地予備文字１": null, "農地予備文字２": null, "農地予備文字３": null, "農地予備文字４": null, "農地予備文字５": null, "手動一致フラグ": null, "計算面積（アール）": 16, "散布班": "18-①", "地区名": "2026印西市" }, "geometry": { "type": "Polygon", "coordinates": [ [ [ 140.215030418747034, 35.801060835681291 ], [ 140.213951813784831, 35.801276044272313 ], [ 140.213993434, 35.801407712 ], [ 140.214122464000013, 35.801377381 ], [ 140.214143127999989, 35.801393156 ], [ 140.215074089000012, 35.801202277 ], [ 140.215030418747034, 35.801060835681291 ] ] ] } },
{ "type": "Feature", "properties": { "fid": 2735, "daicho_shubetsu_cd": "FUD25", "layer": "筆ポリゴン（2025年公開）_20260708233407", "fid_2": 4364, "事業年度": 2026, "物件番号": 6996, "GIS物件番号": null, "大字コード": 2050, "大字名": "萩原", "小字コード": 6, "小字名": "城内下", "__EMPTY": "萩原3301", "本番": 3301, "枝番": "0", "子番": 0, "孫番": false, "付番": false, "所在地番号": "2.05000603301e+28", "農地管理番号": 1, "耕地番号": 2, "所在地名": "萩原城内下3301", "マッチングさせるデータ": "萩原城内下3301", "空散対象区分1": 2, "空散対象区分2": null, "空散外面積1": 0, "空散外面積2": false, "集計転作面積": 0, "散布面積1": null, "散布面積2": null, "支払者集落": 0, "支払者集落名": null, "支払者コード": 0, "支払者名": null, "支払者住所": null, "支払者電話番号": null, "農地異動適用法": false, "農地異動適用法名": null, "利用集積計画番号": null, "適用法開始年月日": null, "適用法終了年月日": null, "備考": "窪田　トシ子", "所有者世帯番号": 2261, "所有者個人番号": 4039, "借受者世帯番号": 2261, "借受者個人番号": 4039, "農地予備数字１": null, "農地予備数字２": null, "農地予備数字３": null, "農地予備数字４": null, "農地予備数字５": null, "農地予備文字１": null, "農地予備文字２": null, "農地予備文字３": null, "農地予備文字４": null, "農地予備文字５": null, "手動一致フラグ": null, "計算面積（アール）": 13, "散布班": "18-①", "地区名": "2026印西市" }, "geometry": { "type": "Polygon", "coordinates": [ [ [ 140.213951813784831, 35.801276044272313 ], [ 140.215030418747034, 35.801060835681291 ], [ 140.214994147, 35.800943357 ], [ 140.213915996999987, 35.801162736 ], [ 140.213951813784831, 35.801276044272313 ] ] ] } },
{ "type": "Feature", "properties": { "fid": 2739, "daicho_shubetsu_cd": "FUD25", "layer": "筆ポリゴン（2025年公開）_20260708233407", "fid_2": 4370, "事業年度": 2026, "物件番号": 7876, "GIS物件番号": null, "大字コード": 2050, "大字名": "萩原", "小字コード": 28, "小字名": "東埜", "__EMPTY": "萩原3619", "本番": 3619, "枝番": "1", "子番": 0, "孫番": false, "付番": false, "所在地番号": "2.05002803619e+28", "農地管理番号": 1, "耕地番号": 2, "所在地名": "萩原東埜3619-1", "マッチングさせるデータ": "萩原東埜3619-1", "空散対象区分1": 2, "空散対象区分2": null, "空散外面積1": 0, "空散外面積2": false, "集計転作面積": 798, "散布面積1": 0, "散布面積2": false, "支払者集落": 0, "支払者集落名": null, "支払者コード": 0, "支払者名": null, "支払者住所": null, "支払者電話番号": null, "農地異動適用法": false, "農地異動適用法名": null, "利用集積計画番号": null, "適用法開始年月日": null, "適用法終了年月日": null, "備考": "五十嵐　一己", "所有者世帯番号": 2203, "所有者個人番号": 3730, "借受者世帯番号": 2203, "借受者個人番号": 3730, "農地予備数字１": null, "農地予備数字２": null, "農地予備数字３": null, "農地予備数字４": null, "農地予備数字５": null, "農地予備文字１": null, "農地予備文字２": null, "農地予備文字３": null, "農地予備文字４": null, "農地予備文字５": null, "手動一致フラグ": null, "計算面積（アール）": 19, "散布班": "18-⑤", "地区名": "2026印西市" }, "geometry": { "type": "Polygon", "coordinates": [ [ [ 140.220034237, 35.80195054 ], [ 140.219506503, 35.802526676 ], [ 140.219586686000014, 35.802581936 ], [ 140.219801008, 35.802409649 ], [ 140.219935621, 35.802508899 ], [ 140.220077888, 35.802356348 ], [ 140.220307150999986, 35.802122616 ], [ 140.220034237, 35.80195054 ] ] ] } },
{ "type": "Feature", "properties": { "fid": 2740, "daicho_shubetsu_cd": "FUD25", "layer": "筆ポリゴン（2025年公開）_20260708233407", "fid_2": 4371, "事業年度": 2026, "物件番号": 7877, "GIS物件番号": null, "大字コード": 2050, "大字名": "萩原", "小字コード": 28, "小字名": "東埜", "__EMPTY": "萩原3619", "本番": 3619, "枝番": "2", "子番": 0, "孫番": false, "付番": false, "所在地番号": "2.05002803619e+28", "農地管理番号": 1, "耕地番号": 3, "所在地名": "萩原東埜3619-2", "マッチングさせるデータ": "萩原東埜3619-2", "空散対象区分1": 2, "空散対象区分2": null, "空散外面積1": 0, "空散外面積2": false, "集計転作面積": 0, "散布面積1": null, "散布面積2": null, "支払者集落": 0, "支払者集落名": null, "支払者コード": 0, "支払者名": null, "支払者住所": null, "支払者電話番号": null, "農地異動適用法": false, "農地異動適用法名": null, "利用集積計画番号": null, "適用法開始年月日": null, "適用法終了年月日": null, "備考": "五十嵐　一己", "所有者世帯番号": 2203, "所有者個人番号": 3730, "借受者世帯番号": 2203, "借受者個人番号": 3730, "農地予備数字１": null, "農地予備数字２": null, "農地予備数字３": null, "農地予備数字４": null, "農地予備数字５": null, "農地予備文字１": null, "農地予備文字２": null, "農地予備文字３": null, "農地予備文字４": null, "農地予備文字５": null, "手動一致フラグ": null, "計算面積（アール）": 36, "散布班": "18-⑤", "地区名": "2026印西市" }, "geometry": { "type": "Polygon", "coordinates": [ [ [ 140.220307150999986, 35.802122616 ], [ 140.220077888, 35.802356348 ], [ 140.219935621, 35.802508899 ], [ 140.219941554, 35.802553036 ], [ 140.219923357, 35.802603566 ], [ 140.219703599000013, 35.802922738 ], [ 140.219945788, 35.803057945 ], [ 140.220649821, 35.802338327 ], [ 140.220307150999986, 35.802122616 ] ] ] } },
{ "type": "Feature", "properties": { "fid": 2785, "daicho_shubetsu_cd": "FUD25", "layer": "筆ポリゴン（2025年公開）_20260708233407", "fid_2": 4442, "事業年度": 2026, "物件番号": null, "GIS物件番号": null, "大字コード": 2050, "大字名": "萩原", "小字コード": 28, "小字名": "東埜", "__EMPTY": "萩原3537", "本番": 3537, "枝番": "0", "子番": 0, "孫番": false, "付番": false, "所在地番号": "2.05002803537e+28", "農地管理番号": 1, "耕地番号": 5, "所在地名": "萩原東埜3537－1", "マッチングさせるデータ": "萩原東埜3537-1", "空散対象区分1": 2, "空散対象区分2": null, "空散外面積1": 0, "空散外面積2": false, "集計転作面積": 0, "散布面積1": null, "散布面積2": null, "支払者集落": 0, "支払者集落名": null, "支払者コード": 0, "支払者名": null, "支払者住所": null, "支払者電話番号": null, "農地異動適用法": false, "農地異動適用法名": null, "利用集積計画番号": null, "適用法開始年月日": null, "適用法終了年月日": null, "備考": "鈴木　健治", "所有者世帯番号": 0, "所有者個人番号": 0, "借受者世帯番号": 0, "借受者個人番号": 0, "農地予備数字１": null, "農地予備数字２": null, "農地予備数字３": null, "農地予備数字４": null, "農地予備数字５": null, "農地予備文字１": null, "農地予備文字２": null, "農地予備文字３": null, "農地予備文字４": null, "農地予備文字５": null, "手動一致フラグ": null, "計算面積（アール）": 28, "散布班": "18-⑤", "地区名": "2026印西市" }, "geometry": { "type": "Polygon", "coordinates": [ [ [ 140.224178306999988, 35.800747367 ], [ 140.224213029, 35.800769811 ], [ 140.224209706000011, 35.800798019 ], [ 140.224424933, 35.800927024 ], [ 140.224442143, 35.800907231 ], [ 140.225052518000012, 35.800275594 ], [ 140.224787792, 35.800105316 ], [ 140.224178306999988, 35.800747367 ] ] ] } },
{ "type": "Feature", "properties": { "fid": 2786, "daicho_shubetsu_cd": "FUD25", "layer": "筆ポリゴン（2025年公開）_20260708233407", "fid_2": 4443, "事業年度": 2026, "物件番号": null, "GIS物件番号": null, "大字コード": 2050, "大字名": "萩原", "小字コード": 28, "小字名": "東埜", "__EMPTY": "萩原3538", "本番": 3538, "枝番": "1", "子番": 0, "孫番": false, "付番": false, "所在地番号": "2.05002803538e+28", "農地管理番号": 1, "耕地番号": 6, "所在地名": "萩原東埜3538-1", "マッチングさせるデータ": "萩原東埜3538-1", "空散対象区分1": 2, "空散対象区分2": null, "空散外面積1": 0, "空散外面積2": false, "集計転作面積": 0, "散布面積1": null, "散布面積2": null, "支払者集落": 0, "支払者集落名": null, "支払者コード": 0, "支払者名": null, "支払者住所": null, "支払者電話番号": null, "農地異動適用法": false, "農地異動適用法名": null, "利用集積計画番号": null, "適用法開始年月日": null, "適用法終了年月日": null, "備考": "鈴木　くま", "所有者世帯番号": 0, "所有者個人番号": 0, "借受者世帯番号": 0, "借受者個人番号": 0, "農地予備数字１": null, "農地予備数字２": null, "農地予備数字３": null, "農地予備数字４": null, "農地予備数字５": null, "農地予備文字１": null, "農地予備文字２": null, "農地予備文字３": null, "農地予備文字４": null, "農地予備文字５": null, "手動一致フラグ": null, "計算面積（アール）": 17, "散布班": "18-⑤", "地区名": "2026印西市" }, "geometry": { "type": "Polygon", "coordinates": [ [ [ 140.22458276645358, 35.801033709864825 ], [ 140.225208081304515, 35.800375656016442 ], [ 140.225052518000012, 35.800275594 ], [ 140.224442143, 35.800907231 ], [ 140.224483815000013, 35.800935292 ], [ 140.224477059, 35.80096915 ], [ 140.22458276645358, 35.801033709864825 ] ] ] } },
{ "type": "Feature", "properties": { "fid": 2787, "daicho_shubetsu_cd": "FUD25", "layer": "筆ポリゴン（2025年公開）_20260708233407", "fid_2": 4444, "事業年度": 2026, "物件番号": null, "GIS物件番号": null, "大字コード": 2050, "大字名": "萩原", "小字コード": 28, "小字名": "東埜", "__EMPTY": "萩原3538", "本番": 3538, "枝番": "2", "子番": 0, "孫番": false, "付番": false, "所在地番号": "2.05002803538e+28", "農地管理番号": 1, "耕地番号": 0, "所在地名": "萩原東埜3538-2", "マッチングさせるデータ": "萩原東埜3538-2", "空散対象区分1": 2, "空散対象区分2": null, "空散外面積1": 0, "空散外面積2": false, "集計転作面積": 0, "散布面積1": 0, "散布面積2": false, "支払者集落": 0, "支払者集落名": null, "支払者コード": 0, "支払者名": null, "支払者住所": null, "支払者電話番号": null, "農地異動適用法": false, "農地異動適用法名": null, "利用集積計画番号": null, "適用法開始年月日": null, "適用法終了年月日": null, "備考": "鈴木　くま　外１名", "所有者世帯番号": 0, "所有者個人番号": 0, "借受者世帯番号": 0, "借受者個人番号": 0, "農地予備数字１": null, "農地予備数字２": null, "農地予備数字３": null, "農地予備数字４": null, "農地予備数字５": null, "農地予備文字１": null, "農地予備文字２": null, "農地予備文字３": null, "農地予備文字４": null, "農地予備文字５": null, "手動一致フラグ": null, "計算面積（アール）": 11, "散布班": "18-⑤", "地区名": "2026印西市" }, "geometry": { "type": "Polygon", "coordinates": [ [ [ 140.225208081304515, 35.800375656016442 ], [ 140.22458276645358, 35.801033709864825 ], [ 140.224688047, 35.801098009 ], [ 140.225312995, 35.800443139 ], [ 140.225208081304515, 35.800375656016442 ] ] ] } },
{ "type": "Feature", "properties": { "fid": 2852, "daicho_shubetsu_cd": "FUD25", "layer": "筆ポリゴン（2025年公開）_20260708233407", "fid_2": 4536, "事業年度": 2026, "物件番号": 7198, "GIS物件番号": null, "大字コード": 2050, "大字名": "萩原", "小字コード": 8, "小字名": "和田下", "__EMPTY": "萩原3502", "本番": 3502, "枝番": "0", "子番": 0, "孫番": false, "付番": false, "所在地番号": "2.05000803502e+28", "農地管理番号": 1, "耕地番号": 34, "所在地名": "萩原和田下3502", "マッチングさせるデータ": "萩原和田下3502", "空散対象区分1": 2, "空散対象区分2": null, "空散外面積1": 0, "空散外面積2": false, "集計転作面積": 0, "散布面積1": null, "散布面積2": null, "支払者集落": 0, "支払者集落名": null, "支払者コード": 0, "支払者名": null, "支払者住所": null, "支払者電話番号": null, "農地異動適用法": false, "農地異動適用法名": null, "利用集積計画番号": null, "適用法開始年月日": null, "適用法終了年月日": null, "備考": "山崎　文夫", "所有者世帯番号": 167, "所有者個人番号": 604, "借受者世帯番号": 0, "借受者個人番号": 0, "農地予備数字１": null, "農地予備数字２": null, "農地予備数字３": null, "農地予備数字４": null, "農地予備数字５": null, "農地予備文字１": null, "農地予備文字２": null, "農地予備文字３": null, "農地予備文字４": null, "農地予備文字５": null, "手動一致フラグ": null, "計算面積（アール）": 20, "散布班": "18-①", "地区名": "2026印西市" }, "geometry": { "type": "Polygon", "coordinates": [ [ [ 140.20584335340223, 35.802796853312898 ], [ 140.205755473554802, 35.802480932948619 ], [ 140.205678342999988, 35.802235616 ], [ 140.205014247, 35.802371546 ], [ 140.205294902316325, 35.802523075119929 ], [ 140.20584335340223, 35.802796853312898 ] ] ] } },
{ "type": "Feature", "properties": { "fid": 2853, "daicho_shubetsu_cd": "FUD25", "layer": "筆ポリゴン（2025年公開）_20260708233456", "fid_2": 4537, "事業年度": 2026, "物件番号": 7318, "GIS物件番号": null, "大字コード": 2050, "大字名": "萩原", "小字コード": 14, "小字名": "花輪", "__EMPTY": "萩原3089", "本番": 3089, "枝番": "0", "子番": 0, "孫番": false, "付番": false, "所在地番号": "2.05001403089e+28", "農地管理番号": 1, "耕地番号": 17, "所在地名": "萩原花輪3089", "マッチングさせるデータ": "萩原花輪3089", "空散対象区分1": 2, "空散対象区分2": null, "空散外面積1": 0, "空散外面積2": false, "集計転作面積": 0, "散布面積1": null, "散布面積2": null, "支払者集落": 0, "支払者集落名": null, "支払者コード": 0, "支払者名": null, "支払者住所": null, "支払者電話番号": null, "農地異動適用法": false, "農地異動適用法名": null, "利用集積計画番号": null, "適用法開始年月日": null, "適用法終了年月日": null, "備考": "武田　忠義", "所有者世帯番号": 167, "所有者個人番号": 604, "借受者世帯番号": 0, "借受者個人番号": 0, "農地予備数字１": null, "農地予備数字２": null, "農地予備数字３": null, "農地予備数字４": null, "農地予備数字５": null, "農地予備文字１": null, "農地予備文字２": null, "農地予備文字３": null, "農地予備文字４": null, "農地予備文字５": null, "手動一致フラグ": null, "計算面積（アール）": 12, "散布班": "18-④", "地区名": "2026印西市" }, "geometry": { "type": "Polygon", "coordinates": [ [ [ 140.212430781, 35.793674915 ], [ 140.21294633908596, 35.793643213690828 ], [ 140.212930304, 35.793498581 ], [ 140.212919271, 35.793426639 ], [ 140.212390875000011, 35.793452837 ], [ 140.212403963000014, 35.793564322 ], [ 140.212430781, 35.793674915 ] ] ] } },
{ "type": "Feature", "properties": { "fid": 2854, "daicho_shubetsu_cd": "FUD25", "layer": "筆ポリゴン（2025年公開）_20260708233456", "fid_2": 4538, "事業年度": 2026, "物件番号": 7319, "GIS物件番号": null, "大字コード": 2050, "大字名": "萩原", "小字コード": 14, "小字名": "花輪", "__EMPTY": "萩原3090", "本番": 3090, "枝番": "0", "子番": 0, "孫番": false, "付番": false, "所在地番号": "2.0500140309e+28", "農地管理番号": 1, "耕地番号": 18, "所在地名": "萩原花輪3090", "マッチングさせるデータ": "萩原花輪3090", "空散対象区分1": 2, "空散対象区分2": null, "空散外面積1": 0, "空散外面積2": false, "集計転作面積": 0, "散布面積1": null, "散布面積2": null, "支払者集落": 0, "支払者集落名": null, "支払者コード": 0, "支払者名": null, "支払者住所": null, "支払者電話番号": null, "農地異動適用法": false, "農地異動適用法名": null, "利用集積計画番号": null, "適用法開始年月日": null, "適用法終了年月日": null, "備考": "武田　忠義", "所有者世帯番号": 167, "所有者個人番号": 604, "借受者世帯番号": 0, "借受者個人番号": 0, "農地予備数字１": null, "農地予備数字２": null, "農地予備数字３": null, "農地予備数字４": null, "農地予備数字５": null, "農地予備文字１": null, "農地予備文字２": null, "農地予備文字３": null, "農地予備文字４": null, "農地予備文字５": null, "手動一致フラグ": null, "計算面積（アール）": 12, "散布班": "18-④", "地区名": "2026印西市" }, "geometry": { "type": "Polygon", "coordinates": [ [ [ 140.21294633908596, 35.793643213690828 ], [ 140.212430781, 35.793674915 ], [ 140.21244723800001, 35.7939105 ], [ 140.212972248999989, 35.793876915 ], [ 140.21294633908596, 35.793643213690828 ] ] ] } },
{ "type": "Feature", "properties": { "fid": 3005, "daicho_shubetsu_cd": "FUD25", "layer": "筆ポリゴン（2025年公開）_20260708233407", "fid_2": 4741, "事業年度": 2026, "物件番号": 6978, "GIS物件番号": null, "大字コード": 2050, "大字名": "萩原", "小字コード": 6, "小字名": "城内下", "__EMPTY": "萩原3284", "本番": 3284, "枝番": "0", "子番": 0, "孫番": false, "付番": false, "所在地番号": "2.05000603284e+28", "農地管理番号": 1, "耕地番号": 10, "所在地名": "萩原城内下3284", "マッチングさせるデータ": "萩原城内下3284", "空散対象区分1": 2, "空散対象区分2": null, "空散外面積1": 0, "空散外面積2": false, "集計転作面積": 1549, "散布面積1": 0, "散布面積2": false, "支払者集落": 0, "支払者集落名": null, "支払者コード": 0, "支払者名": null, "支払者住所": null, "支払者電話番号": null, "農地異動適用法": false, "農地異動適用法名": null, "利用集積計画番号": null, "適用法開始年月日": null, "適用法終了年月日": null, "備考": "武田　昭一", "所有者世帯番号": 160, "所有者個人番号": 571, "借受者世帯番号": 160, "借受者個人番号": 571, "農地予備数字１": null, "農地予備数字２": null, "農地予備数字３": null, "農地予備数字４": null, "農地予備数字５": null, "農地予備文字１": null, "農地予備文字２": null, "農地予備文字３": null, "農地予備文字４": null, "農地予備文字５": null, "手動一致フラグ": null, "計算面積（アール）": 17, "散布班": "18-①", "地区名": "2026印西市" }, "geometry": { "type": "Polygon", "coordinates": [ [ [ 140.216941856317391, 35.803471284108824 ], [ 140.215903274575538, 35.8037012377305 ], [ 140.215967635999988, 35.803900348 ], [ 140.216096986, 35.803871236 ], [ 140.216304235, 35.803807836 ], [ 140.216517911000011, 35.803731968 ], [ 140.216774295, 35.803625311 ], [ 140.216889176, 35.803567214 ], [ 140.216951011, 35.803530935 ], [ 140.216941856317391, 35.803471284108824 ] ] ] } },
{ "type": "Feature", "properties": { "fid": 3011, "daicho_shubetsu_cd": "FUD25", "layer": "筆ポリゴン（2025年公開）_20260708233407", "fid_2": 4748, "事業年度": 2026, "物件番号": 7781, "GIS物件番号": null, "大字コード": 2050, "大字名": "萩原", "小字コード": 28, "小字名": "東埜", "__EMPTY": "萩原3532", "本番": 3532, "枝番": "0", "子番": 0, "孫番": false, "付番": false, "所在地番号": "2.05002803532e+28", "農地管理番号": 1, "耕地番号": 10, "所在地名": "萩原東埜3532", "マッチングさせるデータ": "萩原東埜3532", "空散対象区分1": 2, "空散対象区分2": null, "空散外面積1": 0, "空散外面積2": false, "集計転作面積": 0, "散布面積1": null, "散布面積2": null, "支払者集落": 0, "支払者集落名": null, "支払者コード": 0, "支払者名": null, "支払者住所": null, "支払者電話番号": null, "農地異動適用法": false, "農地異動適用法名": null, "利用集積計画番号": null, "適用法開始年月日": null, "適用法終了年月日": null, "備考": "武田　正子", "所有者世帯番号": 163, "所有者個人番号": 7999, "借受者世帯番号": 163, "借受者個人番号": 7999, "農地予備数字１": null, "農地予備数字２": null, "農地予備数字３": null, "農地予備数字４": null, "農地予備数字５": null, "農地予備文字１": null, "農地予備文字２": null, "農地予備文字３": null, "農地予備文字４": null, "農地予備文字５": null, "手動一致フラグ": null, "計算面積（アール）": 39, "散布班": "18-⑤", "地区名": "2026印西市" }, "geometry": { "type": "Polygon", "coordinates": [ [ [ 140.225538598000014, 35.800544216 ], [ 140.22588478, 35.800761756 ], [ 140.226048837, 35.800574817 ], [ 140.22601743300001, 35.800555082 ], [ 140.226038136, 35.800521008 ], [ 140.226079962999989, 35.800537875 ], [ 140.226540218, 35.800051784 ], [ 140.226529727000013, 35.800040483 ], [ 140.226536614, 35.800026292 ], [ 140.226222524, 35.799821266 ], [ 140.225538598000014, 35.800544216 ] ] ] } },
{ "type": "Feature", "properties": { "fid": 3085, "daicho_shubetsu_cd": "FUD25", "layer": "筆ポリゴン（2025年公開）_20260708233407", "fid_2": 4848, "事業年度": 2026, "物件番号": 8392, "GIS物件番号": null, "大字コード": 2060, "大字名": "松虫", "小字コード": 33, "小字名": "新田", "__EMPTY": "松虫822", "本番": 822, "枝番": "0", "子番": 0, "孫番": false, "付番": false, "所在地番号": "2.06003300822e+28", "農地管理番号": 1, "耕地番号": 29, "所在地名": "松虫新田822", "マッチングさせるデータ": "松虫新田822", "空散対象区分1": 2, "空散対象区分2": null, "空散外面積1": 0, "空散外面積2": false, "集計転作面積": 0, "散布面積1": null, "散布面積2": null, "支払者集落": 0, "支払者集落名": null, "支払者コード": 0, "支払者名": null, "支払者住所": null, "支払者電話番号": null, "農地異動適用法": false, "農地異動適用法名": null, "利用集積計画番号": null, "適用法開始年月日": null, "適用法終了年月日": null, "備考": "柴海　正明", "所有者世帯番号": 2727, "所有者個人番号": 4414, "借受者世帯番号": 272, "借受者個人番号": 954, "農地予備数字１": null, "農地予備数字２": null, "農地予備数字３": null, "農地予備数字４": null, "農地予備数字５": null, "農地予備文字１": null, "農地予備文字２": null, "農地予備文字３": null, "農地予備文字４": null, "農地予備文字５": null, "手動一致フラグ": null, "計算面積（アール）": 11, "散布班": "18-⑦", "地区名": "2026印西市" }, "geometry": { "type": "Polygon", "coordinates": [ [ [ 140.22347754, 35.798001461 ], [ 140.223872078, 35.797869016 ], [ 140.223786241999989, 35.797676124 ], [ 140.223207487, 35.797849709 ], [ 140.22347754, 35.798001461 ] ] ] } },
{ "type": "Feature", "properties": { "fid": 3086, "daicho_shubetsu_cd": "FUD25", "layer": "筆ポリゴン（2025年公開）_20260708233407", "fid_2": 4849, "事業年度": 2026, "物件番号": 8426, "GIS物件番号": null, "大字コード": 2060, "大字名": "松虫", "小字コード": 33, "小字名": "新田", "__EMPTY": "松虫852", "本番": 852, "枝番": "1", "子番": 0, "孫番": false, "付番": false, "所在地番号": "2.06003300852e+28", "農地管理番号": 1, "耕地番号": 30, "所在地名": "松虫新田852-1", "マッチングさせるデータ": "松虫新田852-1", "空散対象区分1": 2, "空散対象区分2": null, "空散外面積1": 0, "空散外面積2": false, "集計転作面積": 0, "散布面積1": null, "散布面積2": null, "支払者集落": 0, "支払者集落名": null, "支払者コード": 0, "支払者名": null, "支払者住所": null, "支払者電話番号": null, "農地異動適用法": false, "農地異動適用法名": null, "利用集積計画番号": null, "適用法開始年月日": null, "適用法終了年月日": null, "備考": "柴海　正明", "所有者世帯番号": 2727, "所有者個人番号": 4414, "借受者世帯番号": 272, "借受者個人番号": 954, "農地予備数字１": null, "農地予備数字２": null, "農地予備数字３": null, "農地予備数字４": null, "農地予備数字５": null, "農地予備文字１": null, "農地予備文字２": null, "農地予備文字３": null, "農地予備文字４": null, "農地予備文字５": null, "手動一致フラグ": null, "計算面積（アール）": 19, "散布班": "18-⑤", "地区名": "2026印西市" }, "geometry": { "type": "Polygon", "coordinates": [ [ [ 140.223433444, 35.799258489 ], [ 140.222852542, 35.799887028 ], [ 140.222882823, 35.799905668 ], [ 140.222864306, 35.799940864 ], [ 140.223005137, 35.800031348 ], [ 140.223616793, 35.799368797 ], [ 140.223433444, 35.799258489 ] ] ] } },
{ "type": "Feature", "properties": { "fid": 3087, "daicho_shubetsu_cd": "FUD25", "layer": "筆ポリゴン（2025年公開）_20260708233407", "fid_2": 4850, "事業年度": 2026, "物件番号": 8427, "GIS物件番号": null, "大字コード": 2060, "大字名": "松虫", "小字コード": 33, "小字名": "新田", "__EMPTY": "松虫853", "本番": 853, "枝番": "1", "子番": 0, "孫番": false, "付番": false, "所在地番号": "2.06003300853e+28", "農地管理番号": 1, "耕地番号": 31, "所在地名": "松虫新田853-1", "マッチングさせるデータ": "松虫新田853-1", "空散対象区分1": 2, "空散対象区分2": null, "空散外面積1": 0, "空散外面積2": false, "集計転作面積": 0, "散布面積1": null, "散布面積2": null, "支払者集落": 0, "支払者集落名": null, "支払者コード": 0, "支払者名": null, "支払者住所": null, "支払者電話番号": null, "農地異動適用法": false, "農地異動適用法名": null, "利用集積計画番号": null, "適用法開始年月日": null, "適用法終了年月日": null, "備考": "柴海　正明", "所有者世帯番号": 2727, "所有者個人番号": 4414, "借受者世帯番号": 272, "借受者個人番号": 954, "農地予備数字１": null, "農地予備数字２": null, "農地予備数字３": null, "農地予備数字４": null, "農地予備数字５": null, "農地予備文字１": null, "農地予備文字２": null, "農地予備文字３": null, "農地予備文字４": null, "農地予備文字５": null, "手動一致フラグ": null, "計算面積（アール）": 27, "散布班": "18-⑤", "地区名": "2026印西市" }, "geometry": { "type": "Polygon", "coordinates": [ [ [ 140.223433444, 35.799258489 ], [ 140.223179808, 35.799091371 ], [ 140.222587262, 35.799732119 ], [ 140.222613225, 35.799749603 ], [ 140.222587388, 35.799772179 ], [ 140.222787888999989, 35.799895435 ], [ 140.222818005, 35.799880112 ], [ 140.222852542, 35.799887028 ], [ 140.223433444, 35.799258489 ] ] ] } },
{ "type": "Feature", "properties": { "fid": 3246, "daicho_shubetsu_cd": "FUD25", "layer": "筆ポリゴン（2025年公開）_20260708233456", "fid_2": 5072, "事業年度": 2026, "物件番号": 6236, "GIS物件番号": null, "大字コード": 2040, "大字名": "吉高", "小字コード": 41, "小字名": "中", "__EMPTY": "吉高3261", "本番": 3261, "枝番": "0", "子番": 0, "孫番": false, "付番": false, "所在地番号": "2.04004103261e+28", "農地管理番号": 1, "耕地番号": 13, "所在地名": "吉高中3261", "マッチングさせるデータ": "吉高中3261", "空散対象区分1": 2, "空散対象区分2": null, "空散外面積1": 0, "空散外面積2": false, "集計転作面積": 0, "散布面積1": null, "散布面積2": null, "支払者集落": 0, "支払者集落名": null, "支払者コード": 0, "支払者名": null, "支払者住所": null, "支払者電話番号": null, "農地異動適用法": false, "農地異動適用法名": null, "利用集積計画番号": null, "適用法開始年月日": null, "適用法終了年月日": null, "備考": "大川　等", "所有者世帯番号": 883, "所有者個人番号": 1385, "借受者世帯番号": 883, "借受者個人番号": 1385, "農地予備数字１": null, "農地予備数字２": null, "農地予備数字３": null, "農地予備数字４": null, "農地予備数字５": null, "農地予備文字１": null, "農地予備文字２": null, "農地予備文字３": null, "農地予備文字４": null, "農地予備文字５": null, "手動一致フラグ": null, "計算面積（アール）": 19, "散布班": "18-⑨", "地区名": "2026印西市" }, "geometry": { "type": "Polygon", "coordinates": [ [ [ 140.243929438, 35.793532753 ], [ 140.243454824999986, 35.793451699 ], [ 140.243067663, 35.793684577 ], [ 140.243075521, 35.793689884 ], [ 140.243054177, 35.793713805 ], [ 140.243236735000011, 35.793923046 ], [ 140.243929438, 35.793532753 ] ] ] } },
{ "type": "Feature", "properties": { "fid": 3814, "daicho_shubetsu_cd": "FUD25", "layer": "筆ポリゴン（2025年公開）_20260708233456", "fid_2": 5800, "事業年度": 2026, "物件番号": 5424, "GIS物件番号": null, "大字コード": 2040, "大字名": "吉高", "小字コード": 17, "小字名": "向田", "__EMPTY": "吉高2925", "本番": 2925, "枝番": "0", "子番": 0, "孫番": false, "付番": false, "所在地番号": "2.04001702925e+28", "農地管理番号": 1, "耕地番号": 54, "所在地名": "吉高向田2925", "マッチングさせるデータ": "吉高向田2925", "空散対象区分1": 2, "空散対象区分2": null, "空散外面積1": 0, "空散外面積2": false, "集計転作面積": 0, "散布面積1": null, "散布面積2": null, "支払者集落": 0, "支払者集落名": null, "支払者コード": 0, "支払者名": null, "支払者住所": null, "支払者電話番号": null, "農地異動適用法": false, "農地異動適用法名": null, "利用集積計画番号": null, "適用法開始年月日": null, "適用法終了年月日": null, "備考": "須藤　惠子", "所有者世帯番号": 1836, "所有者個人番号": 3128, "借受者世帯番号": 1736, "借受者個人番号": 3610, "農地予備数字１": null, "農地予備数字２": null, "農地予備数字３": null, "農地予備数字４": null, "農地予備数字５": null, "農地予備文字１": null, "農地予備文字２": null, "農地予備文字３": null, "農地予備文字４": null, "農地予備文字５": null, "手動一致フラグ": null, "計算面積（アール）": 8, "散布班": "18-⑧", "地区名": "2026印西市" }, "geometry": { "type": "Polygon", "coordinates": [ [ [ 140.228516451, 35.789114068 ], [ 140.228583381, 35.789118054 ], [ 140.228905887, 35.788928806 ], [ 140.228763308999987, 35.788783059 ], [ 140.228371292, 35.789020231 ], [ 140.228516451, 35.789114068 ] ] ] } },
{ "type": "Feature", "properties": { "fid": 3815, "daicho_shubetsu_cd": "FUD25", "layer": "筆ポリゴン（2025年公開）_20260708233456", "fid_2": 5801, "事業年度": 2026, "物件番号": 5425, "GIS物件番号": null, "大字コード": 2040, "大字名": "吉高", "小字コード": 17, "小字名": "向田", "__EMPTY": "吉高2926", "本番": 2926, "枝番": "0", "子番": 0, "孫番": false, "付番": false, "所在地番号": "2.04001702926e+28", "農地管理番号": 1, "耕地番号": 55, "所在地名": "吉高向田2926", "マッチングさせるデータ": "吉高向田2926", "空散対象区分1": 2, "空散対象区分2": null, "空散外面積1": 0, "空散外面積2": false, "集計転作面積": 0, "散布面積1": null, "散布面積2": null, "支払者集落": 0, "支払者集落名": null, "支払者コード": 0, "支払者名": null, "支払者住所": null, "支払者電話番号": null, "農地異動適用法": false, "農地異動適用法名": null, "利用集積計画番号": null, "適用法開始年月日": null, "適用法終了年月日": null, "備考": "須藤　惠子", "所有者世帯番号": 1836, "所有者個人番号": 3128, "借受者世帯番号": 1736, "借受者個人番号": 3610, "農地予備数字１": null, "農地予備数字２": null, "農地予備数字３": null, "農地予備数字４": null, "農地予備数字５": null, "農地予備文字１": null, "農地予備文字２": null, "農地予備文字３": null, "農地予備文字４": null, "農地予備文字５": null, "手動一致フラグ": null, "計算面積（アール）": 7, "散布班": "18-⑧", "地区名": "2026印西市" }, "geometry": { "type": "Polygon", "coordinates": [ [ [ 140.228736169490503, 35.789254910174591 ], [ 140.229029322510229, 35.789066515522826 ], [ 140.228905887, 35.788928806 ], [ 140.228583381, 35.789118054 ], [ 140.228592729000013, 35.789163378 ], [ 140.228736169490503, 35.789254910174591 ] ] ] } },
{ "type": "Feature", "properties": { "fid": 3816, "daicho_shubetsu_cd": "FUD25", "layer": "筆ポリゴン（2025年公開）_20260708233456", "fid_2": 5802, "事業年度": 2026, "物件番号": 5426, "GIS物件番号": null, "大字コード": 2040, "大字名": "吉高", "小字コード": 17, "小字名": "向田", "__EMPTY": "吉高2927", "本番": 2927, "枝番": "0", "子番": 0, "孫番": false, "付番": false, "所在地番号": "2.04001702927e+28", "農地管理番号": 1, "耕地番号": 17, "所在地名": "吉高向田2927", "マッチングさせるデータ": "吉高向田2927", "空散対象区分1": 2, "空散対象区分2": null, "空散外面積1": 0, "空散外面積2": false, "集計転作面積": 0, "散布面積1": null, "散布面積2": null, "支払者集落": 0, "支払者集落名": null, "支払者コード": 0, "支払者名": null, "支払者住所": null, "支払者電話番号": null, "農地異動適用法": false, "農地異動適用法名": null, "利用集積計画番号": null, "適用法開始年月日": null, "適用法終了年月日": null, "備考": "須藤　新一", "所有者世帯番号": 1961, "所有者個人番号": 3210, "借受者世帯番号": 1736, "借受者個人番号": 3610, "農地予備数字１": null, "農地予備数字２": null, "農地予備数字３": null, "農地予備数字４": null, "農地予備数字５": null, "農地予備文字１": null, "農地予備文字２": null, "農地予備文字３": null, "農地予備文字４": null, "農地予備文字５": null, "手動一致フラグ": null, "計算面積（アール）": 9, "散布班": "18-⑧", "地区名": "2026印西市" }, "geometry": { "type": "Polygon", "coordinates": [ [ [ 140.229029322510229, 35.789066515522826 ], [ 140.228736169490503, 35.789254910174591 ], [ 140.228738733, 35.789256546 ], [ 140.22874126100001, 35.789375308 ], [ 140.228800048000011, 35.789425196 ], [ 140.228830667000011, 35.789455902 ], [ 140.229183740552344, 35.789254406269372 ], [ 140.229159081, 35.789226075 ], [ 140.22902950400001, 35.789066718 ], [ 140.229029322510229, 35.789066515522826 ] ] ] } },
{ "type": "Feature", "properties": { "fid": 3817, "daicho_shubetsu_cd": "FUD25", "layer": "筆ポリゴン（2025年公開）_20260708233456", "fid_2": 5803, "事業年度": 2026, "物件番号": 5427, "GIS物件番号": null, "大字コード": 2040, "大字名": "吉高", "小字コード": 17, "小字名": "向田", "__EMPTY": "吉高2928", "本番": 2928, "枝番": "0", "子番": 0, "孫番": false, "付番": false, "所在地番号": "2.04001702928e+28", "農地管理番号": 1, "耕地番号": 18, "所在地名": "吉高向田2928", "マッチングさせるデータ": "吉高向田2928", "空散対象区分1": 2, "空散対象区分2": null, "空散外面積1": 0, "空散外面積2": false, "集計転作面積": 0, "散布面積1": null, "散布面積2": null, "支払者集落": 0, "支払者集落名": null, "支払者コード": 0, "支払者名": null, "支払者住所": null, "支払者電話番号": null, "農地異動適用法": false, "農地異動適用法名": null, "利用集積計画番号": null, "適用法開始年月日": null, "適用法終了年月日": null, "備考": "須藤　新一", "所有者世帯番号": 1961, "所有者個人番号": 3210, "借受者世帯番号": 1736, "借受者個人番号": 3610, "農地予備数字１": null, "農地予備数字２": null, "農地予備数字３": null, "農地予備数字４": null, "農地予備数字５": null, "農地予備文字１": null, "農地予備文字２": null, "農地予備文字３": null, "農地予備文字４": null, "農地予備文字５": null, "手動一致フラグ": null, "計算面積（アール）": 7, "散布班": "18-⑧", "地区名": "2026印西市" }, "geometry": { "type": "Polygon", "coordinates": [ [ [ 140.229183740552344, 35.789254406269372 ], [ 140.228830667000011, 35.789455902 ], [ 140.228979218, 35.789551002 ], [ 140.228989588, 35.789570327 ], [ 140.229301575, 35.7893889 ], [ 140.22929154900001, 35.789378267 ], [ 140.229183740552344, 35.789254406269372 ] ] ] } },
{ "type": "Feature", "properties": { "fid": 3818, "daicho_shubetsu_cd": "FUD25", "layer": "筆ポリゴン（2025年公開）_20260708233456", "fid_2": 5804, "事業年度": 2026, "物件番号": 5428, "GIS物件番号": null, "大字コード": 2040, "大字名": "吉高", "小字コード": 17, "小字名": "向田", "__EMPTY": "吉高2929", "本番": 2929, "枝番": "0", "子番": 0, "孫番": false, "付番": false, "所在地番号": "2.04001702929e+28", "農地管理番号": 1, "耕地番号": 19, "所在地名": "吉高向田2929", "マッチングさせるデータ": "吉高向田2929", "空散対象区分1": 2, "空散対象区分2": null, "空散外面積1": 0, "空散外面積2": false, "集計転作面積": 0, "散布面積1": null, "散布面積2": null, "支払者集落": 0, "支払者集落名": null, "支払者コード": 0, "支払者名": null, "支払者住所": null, "支払者電話番号": null, "農地異動適用法": false, "農地異動適用法名": null, "利用集積計画番号": null, "適用法開始年月日": null, "適用法終了年月日": null, "備考": "須藤　新一", "所有者世帯番号": 1961, "所有者個人番号": 3210, "借受者世帯番号": 1736, "借受者個人番号": 3610, "農地予備数字１": null, "農地予備数字２": null, "農地予備数字３": null, "農地予備数字４": null, "農地予備数字５": null, "農地予備文字１": null, "農地予備文字２": null, "農地予備文字３": null, "農地予備文字４": null, "農地予備文字５": null, "手動一致フラグ": null, "計算面積（アール）": 7, "散布班": "18-⑧", "地区名": "2026印西市" }, "geometry": { "type": "Polygon", "coordinates": [ [ [ 140.229084176461072, 35.789747476923125 ], [ 140.229428861291353, 35.78952388091659 ], [ 140.229301575, 35.7893889 ], [ 140.228989588, 35.789570327 ], [ 140.229073755, 35.789727167 ], [ 140.229084176461072, 35.789747476923125 ] ] ] } },
{ "type": "Feature", "properties": { "fid": 3819, "daicho_shubetsu_cd": "FUD25", "layer": "筆ポリゴン（2025年公開）_20260708233456", "fid_2": 5805, "事業年度": 2026, "物件番号": 5429, "GIS物件番号": null, "大字コード": 2040, "大字名": "吉高", "小字コード": 17, "小字名": "向田", "__EMPTY": "吉高2930", "本番": 2930, "枝番": "1", "子番": 0, "孫番": false, "付番": false, "所在地番号": "2.0400170293e+28", "農地管理番号": 1, "耕地番号": 20, "所在地名": "吉高向田2930-1", "マッチングさせるデータ": "吉高向田2930-1", "空散対象区分1": 2, "空散対象区分2": null, "空散外面積1": 0, "空散外面積2": false, "集計転作面積": 0, "散布面積1": null, "散布面積2": null, "支払者集落": 249, "支払者集落名": null, "支払者コード": 2072490004, "支払者名": "佐藤　昭夫", "支払者住所": "岩戸 ２６６９番地", "支払者電話番号": "090-8855-6715", "農地異動適用法": false, "農地異動適用法名": null, "利用集積計画番号": null, "適用法開始年月日": null, "適用法終了年月日": null, "備考": "請求先：佐藤昭夫", "所有者世帯番号": 1961, "所有者個人番号": 3210, "借受者世帯番号": 1736, "借受者個人番号": 3610, "農地予備数字１": null, "農地予備数字２": null, "農地予備数字３": null, "農地予備数字４": null, "農地予備数字５": null, "農地予備文字１": null, "農地予備文字２": null, "農地予備文字３": null, "農地予備文字４": null, "農地予備文字５": null, "手動一致フラグ": null, "計算面積（アール）": 5, "散布班": "18-⑧", "地区名": "2026印西市" }, "geometry": { "type": "Polygon", "coordinates": [ [ [ 140.229428861291353, 35.78952388091659 ], [ 140.229084176461072, 35.789747476923125 ], [ 140.229135305178119, 35.789847119411569 ], [ 140.229498500267795, 35.789607041301444 ], [ 140.229432788, 35.789528045 ], [ 140.229428861291353, 35.78952388091659 ] ] ] } },
{ "type": "Feature", "properties": { "fid": 3820, "daicho_shubetsu_cd": "FUD25", "layer": "筆ポリゴン（2025年公開）_20260708233456", "fid_2": 5806, "事業年度": 2026, "物件番号": 5430, "GIS物件番号": null, "大字コード": 2040, "大字名": "吉高", "小字コード": 17, "小字名": "向田", "__EMPTY": "吉高2930", "本番": 2930, "枝番": "2", "子番": 0, "孫番": false, "付番": false, "所在地番号": "2.0400170293e+28", "農地管理番号": 1, "耕地番号": 21, "所在地名": "吉高向田2930-2", "マッチングさせるデータ": "吉高向田2930-2", "空散対象区分1": 2, "空散対象区分2": null, "空散外面積1": 0, "空散外面積2": false, "集計転作面積": 0, "散布面積1": null, "散布面積2": null, "支払者集落": 0, "支払者集落名": null, "支払者コード": 0, "支払者名": null, "支払者住所": null, "支払者電話番号": null, "農地異動適用法": false, "農地異動適用法名": null, "利用集積計画番号": null, "適用法開始年月日": null, "適用法終了年月日": null, "備考": "須藤　新一", "所有者世帯番号": 1961, "所有者個人番号": 3210, "借受者世帯番号": 1736, "借受者個人番号": 3610, "農地予備数字１": null, "農地予備数字２": null, "農地予備数字３": null, "農地予備数字４": null, "農地予備数字５": null, "農地予備文字１": null, "農地予備文字２": null, "農地予備文字３": null, "農地予備文字４": null, "農地予備文字５": null, "手動一致フラグ": null, "計算面積（アール）": 4, "散布班": "18-⑧", "地区名": "2026印西市" }, "geometry": { "type": "Polygon", "coordinates": [ [ [ 140.229498500267795, 35.789607041301444 ], [ 140.229135305178119, 35.789847119411569 ], [ 140.229165378, 35.789905727 ], [ 140.229176445887049, 35.789931715762755 ], [ 140.229559404000014, 35.789680257 ], [ 140.229498500267795, 35.789607041301444 ] ] ] } },
{ "type": "Feature", "properties": { "fid": 3821, "daicho_shubetsu_cd": "FUD25", "layer": "筆ポリゴン（2025年公開）_20260708233456", "fid_2": 5807, "事業年度": 2026, "物件番号": 5431, "GIS物件番号": null, "大字コード": 2040, "大字名": "吉高", "小字コード": 17, "小字名": "向田", "__EMPTY": "吉高2931", "本番": 2931, "枝番": "0", "子番": 0, "孫番": false, "付番": false, "所在地番号": "2.04001702931e+28", "農地管理番号": 1, "耕地番号": 22, "所在地名": "吉高向田2931", "マッチングさせるデータ": "吉高向田2931", "空散対象区分1": 2, "空散対象区分2": null, "空散外面積1": 0, "空散外面積2": false, "集計転作面積": 0, "散布面積1": null, "散布面積2": null, "支払者集落": 0, "支払者集落名": null, "支払者コード": 0, "支払者名": null, "支払者住所": null, "支払者電話番号": null, "農地異動適用法": false, "農地異動適用法名": null, "利用集積計画番号": null, "適用法開始年月日": null, "適用法終了年月日": null, "備考": "須藤　新一", "所有者世帯番号": 1961, "所有者個人番号": 3210, "借受者世帯番号": 1736, "借受者個人番号": 3610, "農地予備数字１": null, "農地予備数字２": null, "農地予備数字３": null, "農地予備数字４": null, "農地予備数字５": null, "農地予備文字１": null, "農地予備文字２": null, "農地予備文字３": null, "農地予備文字４": null, "農地予備文字５": null, "手動一致フラグ": null, "計算面積（アール）": 10, "散布班": "18-⑧", "地区名": "2026印西市" }, "geometry": { "type": "Polygon", "coordinates": [ [ [ 140.229559404000014, 35.789680257 ], [ 140.229176445887049, 35.789931715762755 ], [ 140.229239415, 35.790079575 ], [ 140.229280476000014, 35.790096134 ], [ 140.229686045, 35.789837237 ], [ 140.229559404000014, 35.789680257 ] ] ] } },
{ "type": "Feature", "properties": { "fid": 3822, "daicho_shubetsu_cd": "FUD25", "layer": "筆ポリゴン（2025年公開）_20260708233456", "fid_2": 5808, "事業年度": 2026, "物件番号": 5432, "GIS物件番号": null, "大字コード": 2040, "大字名": "吉高", "小字コード": 17, "小字名": "向田", "__EMPTY": "吉高2932", "本番": 2932, "枝番": "0", "子番": 0, "孫番": false, "付番": false, "所在地番号": "2.04001702932e+28", "農地管理番号": 1, "耕地番号": 56, "所在地名": "吉高向田2932", "マッチングさせるデータ": "吉高向田2932", "空散対象区分1": 2, "空散対象区分2": null, "空散外面積1": 0, "空散外面積2": false, "集計転作面積": 0, "散布面積1": null, "散布面積2": null, "支払者集落": 0, "支払者集落名": null, "支払者コード": 0, "支払者名": null, "支払者住所": null, "支払者電話番号": null, "農地異動適用法": false, "農地異動適用法名": null, "利用集積計画番号": null, "適用法開始年月日": null, "適用法終了年月日": null, "備考": "須藤　惠子", "所有者世帯番号": 1836, "所有者個人番号": 3128, "借受者世帯番号": 1736, "借受者個人番号": 3610, "農地予備数字１": null, "農地予備数字２": null, "農地予備数字３": null, "農地予備数字４": null, "農地予備数字５": null, "農地予備文字１": null, "農地予備文字２": null, "農地予備文字３": null, "農地予備文字４": null, "農地予備文字５": null, "手動一致フラグ": null, "計算面積（アール）": 10, "散布班": "18-⑧", "地区名": "2026印西市" }, "geometry": { "type": "Polygon", "coordinates": [ [ [ 140.230072455, 35.789382517 ], [ 140.229581167, 35.789662554 ], [ 140.229720253000011, 35.7898146 ], [ 140.230108523000013, 35.789560463 ], [ 140.230100542, 35.789481357 ], [ 140.230072455, 35.789382517 ] ] ] } },
{ "type": "Feature", "properties": { "fid": 3823, "daicho_shubetsu_cd": "FUD25", "layer": "筆ポリゴン（2025年公開）_20260708233456", "fid_2": 5809, "事業年度": 2026, "物件番号": 5433, "GIS物件番号": null, "大字コード": 2040, "大字名": "吉高", "小字コード": 17, "小字名": "向田", "__EMPTY": "吉高2933", "本番": 2933, "枝番": "0", "子番": 0, "孫番": false, "付番": false, "所在地番号": "2.04001702933e+28", "農地管理番号": 1, "耕地番号": 57, "所在地名": "吉高向田2933", "マッチングさせるデータ": "吉高向田2933", "空散対象区分1": 2, "空散対象区分2": null, "空散外面積1": 0, "空散外面積2": false, "集計転作面積": 0, "散布面積1": null, "散布面積2": null, "支払者集落": 0, "支払者集落名": null, "支払者コード": 0, "支払者名": null, "支払者住所": null, "支払者電話番号": null, "農地異動適用法": false, "農地異動適用法名": null, "利用集積計画番号": null, "適用法開始年月日": null, "適用法終了年月日": null, "備考": "須藤　惠子", "所有者世帯番号": 1836, "所有者個人番号": 3128, "借受者世帯番号": 1736, "借受者個人番号": 3610, "農地予備数字１": null, "農地予備数字２": null, "農地予備数字３": null, "農地予備数字４": null, "農地予備数字５": null, "農地予備文字１": null, "農地予備文字２": null, "農地予備文字３": null, "農地予備文字４": null, "農地予備文字５": null, "手動一致フラグ": null, "計算面積（アール）": 12, "散布班": "18-⑧", "地区名": "2026印西市" }, "geometry": { "type": "Polygon", "coordinates": [ [ [ 140.230072455, 35.789382517 ], [ 140.23006272, 35.789348263 ], [ 140.230010096, 35.789227328 ], [ 140.229985363, 35.789208079 ], [ 140.229445586999987, 35.789513031 ], [ 140.229581167, 35.789662554 ], [ 140.230072455, 35.789382517 ] ] ] } },
{ "type": "Feature", "properties": { "fid": 3824, "daicho_shubetsu_cd": "FUD25", "layer": "筆ポリゴン（2025年公開）_20260708233456", "fid_2": 5810, "事業年度": 2026, "物件番号": 5434, "GIS物件番号": null, "大字コード": 2040, "大字名": "吉高", "小字コード": 17, "小字名": "向田", "__EMPTY": "吉高2934", "本番": 2934, "枝番": "0", "子番": 0, "孫番": false, "付番": false, "所在地番号": "2.04001702934e+28", "農地管理番号": 1, "耕地番号": 58, "所在地名": "吉高向田2934", "マッチングさせるデータ": "吉高向田2934", "空散対象区分1": 2, "空散対象区分2": null, "空散外面積1": 0, "空散外面積2": false, "集計転作面積": 0, "散布面積1": null, "散布面積2": null, "支払者集落": 0, "支払者集落名": null, "支払者コード": 0, "支払者名": null, "支払者住所": null, "支払者電話番号": null, "農地異動適用法": false, "農地異動適用法名": null, "利用集積計画番号": null, "適用法開始年月日": null, "適用法終了年月日": null, "備考": "須藤　惠子", "所有者世帯番号": 1836, "所有者個人番号": 3128, "借受者世帯番号": 1736, "借受者個人番号": 3610, "農地予備数字１": null, "農地予備数字２": null, "農地予備数字３": null, "農地予備数字４": null, "農地予備数字５": null, "農地予備文字１": null, "農地予備文字２": null, "農地予備文字３": null, "農地予備文字４": null, "農地予備文字５": null, "手動一致フラグ": null, "計算面積（アール）": 12, "散布班": "18-⑧", "地区名": "2026印西市" }, "geometry": { "type": "Polygon", "coordinates": [ [ [ 140.229445586999987, 35.789513031 ], [ 140.229985363, 35.789208079 ], [ 140.229909373, 35.78914894 ], [ 140.229849482, 35.789061334 ], [ 140.229322066, 35.789364259 ], [ 140.229445586999987, 35.789513031 ] ] ] } },
{ "type": "Feature", "properties": { "fid": 3825, "daicho_shubetsu_cd": "FUD25", "layer": "筆ポリゴン（2025年公開）_20260708233456", "fid_2": 5811, "事業年度": 2026, "物件番号": 5449, "GIS物件番号": null, "大字コード": 2040, "大字名": "吉高", "小字コード": 18, "小字名": "仲田", "__EMPTY": "吉高2946", "本番": 2946, "枝番": "0", "子番": 0, "孫番": false, "付番": false, "所在地番号": "2.04001802946e+28", "農地管理番号": 1, "耕地番号": 59, "所在地名": "吉高仲田2946", "マッチングさせるデータ": "吉高仲田2946", "空散対象区分1": 2, "空散対象区分2": null, "空散外面積1": 0, "空散外面積2": false, "集計転作面積": 299, "散布面積1": 0, "散布面積2": false, "支払者集落": 0, "支払者集落名": null, "支払者コード": 0, "支払者名": null, "支払者住所": null, "支払者電話番号": null, "農地異動適用法": false, "農地異動適用法名": null, "利用集積計画番号": null, "適用法開始年月日": null, "適用法終了年月日": null, "備考": "須藤　惠子", "所有者世帯番号": 1836, "所有者個人番号": 3128, "借受者世帯番号": 1736, "借受者個人番号": 3610, "農地予備数字１": null, "農地予備数字２": null, "農地予備数字３": null, "農地予備数字４": null, "農地予備数字５": null, "農地予備文字１": null, "農地予備文字２": null, "農地予備文字３": null, "農地予備文字４": null, "農地予備文字５": null, "手動一致フラグ": null, "計算面積（アール）": 10, "散布班": "18-⑧", "地区名": "2026印西市" }, "geometry": { "type": "Polygon", "coordinates": [ [ [ 140.232364927467273, 35.790288308176798 ], [ 140.232622297, 35.790129092 ], [ 140.23263143, 35.790121591 ], [ 140.232615972, 35.790086777 ], [ 140.232618917, 35.790064354 ], [ 140.232707319000014, 35.790006837 ], [ 140.232592487, 35.789871284 ], [ 140.232195482, 35.79008485 ], [ 140.232310338, 35.790225174 ], [ 140.232364927467273, 35.790288308176798 ] ] ] } },
{ "type": "Feature", "properties": { "fid": 3826, "daicho_shubetsu_cd": "FUD25", "layer": "筆ポリゴン（2025年公開）_20260708233456", "fid_2": 5813, "事業年度": 2026, "物件番号": 5451, "GIS物件番号": null, "大字コード": 2040, "大字名": "吉高", "小字コード": 18, "小字名": "仲田", "__EMPTY": "吉高2948", "本番": 2948, "枝番": "0", "子番": 0, "孫番": false, "付番": false, "所在地番号": "2.04001802948e+28", "農地管理番号": 1, "耕地番号": 61, "所在地名": "吉高仲田2948", "マッチングさせるデータ": "吉高仲田2948", "空散対象区分1": 2, "空散対象区分2": null, "空散外面積1": 0, "空散外面積2": false, "集計転作面積": 0, "散布面積1": null, "散布面積2": null, "支払者集落": 0, "支払者集落名": null, "支払者コード": 0, "支払者名": null, "支払者住所": null, "支払者電話番号": null, "農地異動適用法": false, "農地異動適用法名": null, "利用集積計画番号": null, "適用法開始年月日": null, "適用法終了年月日": null, "備考": "須藤　惠子", "所有者世帯番号": 1836, "所有者個人番号": 3128, "借受者世帯番号": 1736, "借受者個人番号": 3610, "農地予備数字１": null, "農地予備数字２": null, "農地予備数字３": null, "農地予備数字４": null, "農地予備数字５": null, "農地予備文字１": null, "農地予備文字２": null, "農地予備文字３": null, "農地予備文字４": null, "農地予備文字５": null, "手動一致フラグ": null, "計算面積（アール）": 4, "散布班": "18-⑧", "地区名": "2026印西市" }, "geometry": { "type": "Polygon", "coordinates": [ [ [ 140.232622297, 35.790129092 ], [ 140.232364927467273, 35.790288308176798 ], [ 140.232439875000011, 35.790374987 ], [ 140.232513324, 35.790429594 ], [ 140.232683652, 35.790173715 ], [ 140.232622297, 35.790129092 ] ] ] } },
{ "type": "Feature", "properties": { "fid": 3827, "daicho_shubetsu_cd": "FUD25", "layer": "筆ポリゴン（2025年公開）_20260708233456", "fid_2": 5814, "事業年度": 2026, "物件番号": 5512, "GIS物件番号": null, "大字コード": 2040, "大字名": "吉高", "小字コード": 18, "小字名": "仲田", "__EMPTY": "吉高3004", "本番": 3004, "枝番": "0", "子番": 0, "孫番": false, "付番": false, "所在地番号": "2.04001803004e+28", "農地管理番号": 1, "耕地番号": 68, "所在地名": "吉高仲田3004", "マッチングさせるデータ": "吉高仲田3004", "空散対象区分1": 2, "空散対象区分2": null, "空散外面積1": 0, "空散外面積2": false, "集計転作面積": 0, "散布面積1": null, "散布面積2": null, "支払者集落": 0, "支払者集落名": null, "支払者コード": 0, "支払者名": null, "支払者住所": null, "支払者電話番号": null, "農地異動適用法": false, "農地異動適用法名": null, "利用集積計画番号": null, "適用法開始年月日": null, "適用法終了年月日": null, "備考": "五十嵐　よし", "所有者世帯番号": 2701, "所有者個人番号": 4291, "借受者世帯番号": 1736, "借受者個人番号": 3610, "農地予備数字１": null, "農地予備数字２": null, "農地予備数字３": null, "農地予備数字４": null, "農地予備数字５": null, "農地予備文字１": null, "農地予備文字２": null, "農地予備文字３": null, "農地予備文字４": null, "農地予備文字５": null, "手動一致フラグ": null, "計算面積（アール）": 9, "散布班": "18-⑧", "地区名": "2026印西市" }, "geometry": { "type": "Polygon", "coordinates": [ [ [ 140.229804076059622, 35.790825176084915 ], [ 140.229349091806057, 35.791098792044977 ], [ 140.229460905, 35.791226586 ], [ 140.229890464, 35.790976009 ], [ 140.229873856000012, 35.790959747 ], [ 140.229904552, 35.790941197 ], [ 140.229804076059622, 35.790825176084915 ] ] ] } },
{ "type": "Feature", "properties": { "fid": 3828, "daicho_shubetsu_cd": "FUD25", "layer": "筆ポリゴン（2025年公開）_20260708233456", "fid_2": 5815, "事業年度": 2026, "物件番号": 5513, "GIS物件番号": null, "大字コード": 2040, "大字名": "吉高", "小字コード": 18, "小字名": "仲田", "__EMPTY": "吉高3005", "本番": 3005, "枝番": "1", "子番": 0, "孫番": false, "付番": false, "所在地番号": "2.04001803005e+28", "農地管理番号": 1, "耕地番号": 69, "所在地名": "吉高仲田3005-1", "マッチングさせるデータ": "吉高仲田3005-1", "空散対象区分1": 2, "空散対象区分2": null, "空散外面積1": 0, "空散外面積2": false, "集計転作面積": 0, "散布面積1": null, "散布面積2": null, "支払者集落": 0, "支払者集落名": null, "支払者コード": 0, "支払者名": null, "支払者住所": null, "支払者電話番号": null, "農地異動適用法": false, "農地異動適用法名": null, "利用集積計画番号": null, "適用法開始年月日": null, "適用法終了年月日": null, "備考": "五十嵐　よし", "所有者世帯番号": 2701, "所有者個人番号": 4291, "借受者世帯番号": 1736, "借受者個人番号": 3610, "農地予備数字１": null, "農地予備数字２": null, "農地予備数字３": null, "農地予備数字４": null, "農地予備数字５": null, "農地予備文字１": null, "農地予備文字２": null, "農地予備文字３": null, "農地予備文字４": null, "農地予備文字５": null, "手動一致フラグ": null, "計算面積（アール）": 1, "散布班": "18-⑧", "地区名": "2026印西市" }, "geometry": { "type": "Polygon", "coordinates": [ [ [ 140.229349091806057, 35.791098792044977 ], [ 140.229804076059622, 35.790825176084915 ], [ 140.229788824571131, 35.790807564986714 ], [ 140.22933249563053, 35.791079823881809 ], [ 140.229349091806057, 35.791098792044977 ] ] ] } },
{ "type": "Feature", "properties": { "fid": 3829, "daicho_shubetsu_cd": "FUD25", "layer": "筆ポリゴン（2025年公開）_20260708233456", "fid_2": 5816, "事業年度": 2026, "物件番号": 5514, "GIS物件番号": null, "大字コード": 2040, "大字名": "吉高", "小字コード": 18, "小字名": "仲田", "__EMPTY": "吉高3005", "本番": 3005, "枝番": "2", "子番": 0, "孫番": false, "付番": false, "所在地番号": "2.04001803005e+28", "農地管理番号": 1, "耕地番号": 70, "所在地名": "吉高仲田3005-2", "マッチングさせるデータ": "吉高仲田3005-2", "空散対象区分1": 2, "空散対象区分2": null, "空散外面積1": 0, "空散外面積2": false, "集計転作面積": 0, "散布面積1": null, "散布面積2": null, "支払者集落": 0, "支払者集落名": null, "支払者コード": 0, "支払者名": null, "支払者住所": null, "支払者電話番号": null, "農地異動適用法": false, "農地異動適用法名": null, "利用集積計画番号": null, "適用法開始年月日": null, "適用法終了年月日": null, "備考": "五十嵐　よし", "所有者世帯番号": 2701, "所有者個人番号": 4291, "借受者世帯番号": 1736, "借受者個人番号": 3610, "農地予備数字１": null, "農地予備数字２": null, "農地予備数字３": null, "農地予備数字４": null, "農地予備数字５": null, "農地予備文字１": null, "農地予備文字２": null, "農地予備文字３": null, "農地予備文字４": null, "農地予備文字５": null, "手動一致フラグ": null, "計算面積（アール）": 1, "散布班": "18-⑧", "地区名": "2026印西市" }, "geometry": { "type": "Polygon", "coordinates": [ [ [ 140.22933249563053, 35.791079823881809 ], [ 140.229788824571131, 35.790807564986714 ], [ 140.229776570499695, 35.79079341504616 ], [ 140.229319624216004, 35.791065112836442 ], [ 140.22933249563053, 35.791079823881809 ] ] ] } },
{ "type": "Feature", "properties": { "fid": 3830, "daicho_shubetsu_cd": "FUD25", "layer": "筆ポリゴン（2025年公開）_20260708233456", "fid_2": 5817, "事業年度": 2026, "物件番号": 5515, "GIS物件番号": null, "大字コード": 2040, "大字名": "吉高", "小字コード": 18, "小字名": "仲田", "__EMPTY": "吉高3005", "本番": 3005, "枝番": "3", "子番": 0, "孫番": false, "付番": false, "所在地番号": "2.04001803005e+28", "農地管理番号": 1, "耕地番号": 71, "所在地名": "吉高仲田3005-3", "マッチングさせるデータ": "吉高仲田3005-3", "空散対象区分1": 2, "空散対象区分2": null, "空散外面積1": 0, "空散外面積2": false, "集計転作面積": 0, "散布面積1": null, "散布面積2": null, "支払者集落": 0, "支払者集落名": null, "支払者コード": 0, "支払者名": null, "支払者住所": null, "支払者電話番号": null, "農地異動適用法": false, "農地異動適用法名": null, "利用集積計画番号": null, "適用法開始年月日": null, "適用法終了年月日": null, "備考": "五十嵐　よし", "所有者世帯番号": 2701, "所有者個人番号": 4291, "借受者世帯番号": 1736, "借受者個人番号": 3610, "農地予備数字１": null, "農地予備数字２": null, "農地予備数字３": null, "農地予備数字４": null, "農地予備数字５": null, "農地予備文字１": null, "農地予備文字２": null, "農地予備文字３": null, "農地予備文字４": null, "農地予備文字５": null, "手動一致フラグ": null, "計算面積（アール）": 2, "散布班": "18-⑧", "地区名": "2026印西市" }, "geometry": { "type": "Polygon", "coordinates": [ [ [ 140.229319624216004, 35.791065112836442 ], [ 140.229776570499695, 35.79079341504616 ], [ 140.229754834842367, 35.790768316591311 ], [ 140.229293150853323, 35.791034855801463 ], [ 140.229319624216004, 35.791065112836442 ] ] ] } },
{ "type": "Feature", "properties": { "fid": 3831, "daicho_shubetsu_cd": "FUD25", "layer": "筆ポリゴン（2025年公開）_20260708233456", "fid_2": 5818, "事業年度": 2026, "物件番号": 5516, "GIS物件番号": null, "大字コード": 2040, "大字名": "吉高", "小字コード": 18, "小字名": "仲田", "__EMPTY": "吉高3006", "本番": 3006, "枝番": "1", "子番": 0, "孫番": false, "付番": false, "所在地番号": "2.04001803006e+28", "農地管理番号": 1, "耕地番号": 23, "所在地名": "吉高仲田3006-1", "マッチングさせるデータ": "吉高仲田3006-1", "空散対象区分1": 2, "空散対象区分2": null, "空散外面積1": 0, "空散外面積2": false, "集計転作面積": 0, "散布面積1": null, "散布面積2": null, "支払者集落": 0, "支払者集落名": null, "支払者コード": 0, "支払者名": null, "支払者住所": null, "支払者電話番号": null, "農地異動適用法": false, "農地異動適用法名": null, "利用集積計画番号": null, "適用法開始年月日": null, "適用法終了年月日": null, "備考": "須藤　新一", "所有者世帯番号": 1961, "所有者個人番号": 3210, "借受者世帯番号": 1736, "借受者個人番号": 3610, "農地予備数字１": null, "農地予備数字２": null, "農地予備数字３": null, "農地予備数字４": null, "農地予備数字５": null, "農地予備文字１": null, "農地予備文字２": null, "農地予備文字３": null, "農地予備文字４": null, "農地予備文字５": null, "手動一致フラグ": null, "計算面積（アール）": 12, "散布班": "18-⑧", "地区名": "2026印西市" }, "geometry": { "type": "Polygon", "coordinates": [ [ [ 140.229737889, 35.790748749 ], [ 140.229633098, 35.790631932 ], [ 140.229569856000012, 35.790554718 ], [ 140.229457184000012, 35.790627178 ], [ 140.229429833000012, 35.790685172 ], [ 140.229376717, 35.790722341 ], [ 140.229281527000012, 35.790769757 ], [ 140.229218718, 35.790788756 ], [ 140.22916226800001, 35.790821401 ], [ 140.229187970999988, 35.790930651 ], [ 140.229276457, 35.791015776 ], [ 140.229737889, 35.790748749 ] ] ] } },
{ "type": "Feature", "properties": { "fid": 3832, "daicho_shubetsu_cd": "FUD25", "layer": "筆ポリゴン（2025年公開）_20260708233456", "fid_2": 5819, "事業年度": 2026, "物件番号": 5517, "GIS物件番号": null, "大字コード": 2040, "大字名": "吉高", "小字コード": 18, "小字名": "仲田", "__EMPTY": "吉高3006", "本番": 3006, "枝番": "2", "子番": 0, "孫番": false, "付番": false, "所在地番号": "2.04001803006e+28", "農地管理番号": 1, "耕地番号": 72, "所在地名": "吉高仲田3006-2", "マッチングさせるデータ": "吉高仲田3006-2", "空散対象区分1": 2, "空散対象区分2": null, "空散外面積1": 0, "空散外面積2": false, "集計転作面積": 0, "散布面積1": null, "散布面積2": null, "支払者集落": 0, "支払者集落名": null, "支払者コード": 0, "支払者名": null, "支払者住所": null, "支払者電話番号": null, "農地異動適用法": false, "農地異動適用法名": null, "利用集積計画番号": null, "適用法開始年月日": null, "適用法終了年月日": null, "備考": "五十嵐　よし", "所有者世帯番号": 2701, "所有者個人番号": 4291, "借受者世帯番号": 1736, "借受者個人番号": 3610, "農地予備数字１": null, "農地予備数字２": null, "農地予備数字３": null, "農地予備数字４": null, "農地予備数字５": null, "農地予備文字１": null, "農地予備文字２": null, "農地予備文字３": null, "農地予備文字４": null, "農地予備文字５": null, "手動一致フラグ": null, "計算面積（アール）": 1, "散布班": "18-⑧", "地区名": "2026印西市" }, "geometry": { "type": "Polygon", "coordinates": [ [ [ 140.229293150853323, 35.791034855801463 ], [ 140.229754834842367, 35.790768316591311 ], [ 140.229737889, 35.790748749 ], [ 140.229276457, 35.791015776 ], [ 140.229293150853323, 35.791034855801463 ] ] ] } },
{ "type": "Feature", "properties": { "fid": 3845, "daicho_shubetsu_cd": "FUD25", "layer": "筆ポリゴン（2025年公開）_20260708233456", "fid_2": 5834, "事業年度": 2026, "物件番号": 6248, "GIS物件番号": null, "大字コード": 2040, "大字名": "吉高", "小字コード": 41, "小字名": "中", "__EMPTY": "吉高3280", "本番": 3280, "枝番": "0", "子番": 0, "孫番": false, "付番": false, "所在地番号": "2.0400410328e+28", "農地管理番号": 1, "耕地番号": 64, "所在地名": "吉高中3280", "マッチングさせるデータ": "吉高中3280", "空散対象区分1": 2, "空散対象区分2": null, "空散外面積1": 0, "空散外面積2": false, "集計転作面積": 0, "散布面積1": null, "散布面積2": null, "支払者集落": 0, "支払者集落名": null, "支払者コード": 0, "支払者名": null, "支払者住所": null, "支払者電話番号": null, "農地異動適用法": false, "農地異動適用法名": null, "利用集積計画番号": null, "適用法開始年月日": null, "適用法終了年月日": null, "備考": "須藤　惠子", "所有者世帯番号": 1836, "所有者個人番号": 3128, "借受者世帯番号": 1736, "借受者個人番号": 3610, "農地予備数字１": null, "農地予備数字２": null, "農地予備数字３": null, "農地予備数字４": null, "農地予備数字５": null, "農地予備文字１": null, "農地予備文字２": null, "農地予備文字３": null, "農地予備文字４": null, "農地予備文字５": null, "手動一致フラグ": null, "計算面積（アール）": 6, "散布班": "18-⑨", "地区名": "2026印西市" }, "geometry": { "type": "Polygon", "coordinates": [ [ [ 140.241694641562106, 35.793850567834355 ], [ 140.242605844158987, 35.793339271788 ], [ 140.24256685, 35.793296054 ], [ 140.241660782, 35.793812171 ], [ 140.241694641562106, 35.793850567834355 ] ] ] } },
{ "type": "Feature", "properties": { "fid": 3846, "daicho_shubetsu_cd": "FUD25", "layer": "筆ポリゴン（2025年公開）_20260708233456", "fid_2": 5835, "事業年度": 2026, "物件番号": 6249, "GIS物件番号": null, "大字コード": 2040, "大字名": "吉高", "小字コード": 41, "小字名": "中", "__EMPTY": "吉高3281", "本番": 3281, "枝番": "1", "子番": 0, "孫番": false, "付番": false, "所在地番号": "2.04004103281e+28", "農地管理番号": 1, "耕地番号": 65, "所在地名": "吉高中3281-1", "マッチングさせるデータ": "吉高中3281-1", "空散対象区分1": 2, "空散対象区分2": null, "空散外面積1": 0, "空散外面積2": false, "集計転作面積": 0, "散布面積1": null, "散布面積2": null, "支払者集落": 0, "支払者集落名": null, "支払者コード": 0, "支払者名": null, "支払者住所": null, "支払者電話番号": null, "農地異動適用法": false, "農地異動適用法名": null, "利用集積計画番号": null, "適用法開始年月日": null, "適用法終了年月日": null, "備考": "須藤　惠子", "所有者世帯番号": 1836, "所有者個人番号": 3128, "借受者世帯番号": 1736, "借受者個人番号": 3610, "農地予備数字１": null, "農地予備数字２": null, "農地予備数字３": null, "農地予備数字４": null, "農地予備数字５": null, "農地予備文字１": null, "農地予備文字２": null, "農地予備文字３": null, "農地予備文字４": null, "農地予備文字５": null, "手動一致フラグ": null, "計算面積（アール）": 18, "散布班": "18-⑨", "地区名": "2026印西市" }, "geometry": { "type": "Polygon", "coordinates": [ [ [ 140.241588146656341, 35.793725679564758 ], [ 140.242409625974688, 35.793269110006776 ], [ 140.242058590999989, 35.793208952 ], [ 140.24201102, 35.793226681 ], [ 140.241446311, 35.793556787 ], [ 140.241588146656341, 35.793725679564758 ] ] ] } },
{ "type": "Feature", "properties": { "fid": 3847, "daicho_shubetsu_cd": "FUD25", "layer": "筆ポリゴン（2025年公開）_20260708233456", "fid_2": 5836, "事業年度": 2026, "物件番号": 6250, "GIS物件番号": null, "大字コード": 2040, "大字名": "吉高", "小字コード": 41, "小字名": "中", "__EMPTY": "吉高3281", "本番": 3281, "枝番": "2", "子番": 0, "孫番": false, "付番": false, "所在地番号": "2.04004103281e+28", "農地管理番号": 1, "耕地番号": 66, "所在地名": "吉高中3281-2", "マッチングさせるデータ": "吉高中3281-2", "空散対象区分1": 2, "空散対象区分2": null, "空散外面積1": 0, "空散外面積2": false, "集計転作面積": 0, "散布面積1": null, "散布面積2": null, "支払者集落": 0, "支払者集落名": null, "支払者コード": 0, "支払者名": null, "支払者住所": null, "支払者電話番号": null, "農地異動適用法": false, "農地異動適用法名": null, "利用集積計画番号": null, "適用法開始年月日": null, "適用法終了年月日": null, "備考": "須藤　惠子", "所有者世帯番号": 1836, "所有者個人番号": 3128, "借受者世帯番号": 1736, "借受者個人番号": 3610, "農地予備数字１": null, "農地予備数字２": null, "農地予備数字３": null, "農地予備数字４": null, "農地予備数字５": null, "農地予備文字１": null, "農地予備文字２": null, "農地予備文字３": null, "農地予備文字４": null, "農地予備文字５": null, "手動一致フラグ": null, "計算面積（アール）": 11, "散布班": "18-⑨", "地区名": "2026印西市" }, "geometry": { "type": "Polygon", "coordinates": [ [ [ 140.242409625974688, 35.793269110006776 ], [ 140.241588146656341, 35.793725679564758 ], [ 140.241660782, 35.793812171 ], [ 140.24256685, 35.793296054 ], [ 140.242409625974688, 35.793269110006776 ] ] ] } },
{ "type": "Feature", "properties": { "fid": 3848, "daicho_shubetsu_cd": "FUD25", "layer": "筆ポリゴン（2025年公開）_20260708233456", "fid_2": 5837, "事業年度": 2026, "物件番号": 6251, "GIS物件番号": null, "大字コード": 2040, "大字名": "吉高", "小字コード": 41, "小字名": "中", "__EMPTY": "吉高3282", "本番": 3282, "枝番": "0", "子番": 0, "孫番": false, "付番": false, "所在地番号": "2.04004103282e+28", "農地管理番号": 1, "耕地番号": 67, "所在地名": "吉高中3282", "マッチングさせるデータ": "吉高中3282", "空散対象区分1": 2, "空散対象区分2": null, "空散外面積1": 0, "空散外面積2": false, "集計転作面積": 0, "散布面積1": null, "散布面積2": null, "支払者集落": 0, "支払者集落名": null, "支払者コード": 0, "支払者名": null, "支払者住所": null, "支払者電話番号": null, "農地異動適用法": false, "農地異動適用法名": null, "利用集積計画番号": null, "適用法開始年月日": null, "適用法終了年月日": null, "備考": "須藤　惠子", "所有者世帯番号": 1836, "所有者個人番号": 3128, "借受者世帯番号": 1736, "借受者個人番号": 3610, "農地予備数字１": null, "農地予備数字２": null, "農地予備数字３": null, "農地予備数字４": null, "農地予備数字５": null, "農地予備文字１": null, "農地予備文字２": null, "農地予備文字３": null, "農地予備文字４": null, "農地予備文字５": null, "手動一致フラグ": null, "計算面積（アール）": 20, "散布班": "18-⑨", "地区名": "2026印西市" }, "geometry": { "type": "Polygon", "coordinates": [ [ [ 140.24201102, 35.793226681 ], [ 140.241647909, 35.79316375 ], [ 140.241334835, 35.793126438 ], [ 140.241068168, 35.793108202 ], [ 140.241446311, 35.793556787 ], [ 140.24201102, 35.793226681 ] ] ] } },
{ "type": "Feature", "properties": { "fid": 3849, "daicho_shubetsu_cd": "FUD25", "layer": "筆ポリゴン（2025年公開）_20260708233456", "fid_2": 5838, "事業年度": 2026, "物件番号": 6318, "GIS物件番号": null, "大字コード": 2040, "大字名": "吉高", "小字コード": 41, "小字名": "中", "__EMPTY": "吉高3363", "本番": 3363, "枝番": "0", "子番": 0, "孫番": false, "付番": false, "所在地番号": "2.04004103363e+28", "農地管理番号": 1, "耕地番号": 80, "所在地名": "吉高中3363", "マッチングさせるデータ": "吉高中3363", "空散対象区分1": 2, "空散対象区分2": null, "空散外面積1": 0, "空散外面積2": false, "集計転作面積": 0, "散布面積1": null, "散布面積2": null, "支払者集落": 0, "支払者集落名": null, "支払者コード": 0, "支払者名": null, "支払者住所": null, "支払者電話番号": null, "農地異動適用法": false, "農地異動適用法名": null, "利用集積計画番号": null, "適用法開始年月日": null, "適用法終了年月日": null, "備考": "土井　靜夫", "所有者世帯番号": 1843, "所有者個人番号": 3351, "借受者世帯番号": 1736, "借受者個人番号": 3610, "農地予備数字１": null, "農地予備数字２": null, "農地予備数字３": null, "農地予備数字４": null, "農地予備数字５": null, "農地予備文字１": null, "農地予備文字２": null, "農地予備文字３": null, "農地予備文字４": null, "農地予備文字５": null, "手動一致フラグ": null, "計算面積（アール）": 37, "散布班": "18-⑨", "地区名": "2026印西市" }, "geometry": { "type": "Polygon", "coordinates": [ [ [ 140.236572749, 35.795270413 ], [ 140.236564477, 35.795250468 ], [ 140.236578062, 35.795243765 ], [ 140.236445885, 35.794960159 ], [ 140.236418682, 35.794966908 ], [ 140.23541269, 35.79528682 ], [ 140.235547218, 35.795604885 ], [ 140.236572749, 35.795270413 ] ] ] } },
{ "type": "Feature", "properties": { "fid": 3852, "daicho_shubetsu_cd": "FUD25", "layer": "筆ポリゴン（2025年公開）_20260708233407", "fid_2": 5842, "事業年度": 2026, "物件番号": 6413, "GIS物件番号": null, "大字コード": 2040, "大字名": "吉高", "小字コード": 42, "小字名": "西", "__EMPTY": "吉高3438", "本番": 3438, "枝番": "0", "子番": 0, "孫番": false, "付番": false, "所在地番号": "2.04004203438e+28", "農地管理番号": 1, "耕地番号": 24, "所在地名": "吉高西3438", "マッチングさせるデータ": "吉高西3438", "空散対象区分1": 2, "空散対象区分2": null, "空散外面積1": 0, "空散外面積2": false, "集計転作面積": 0, "散布面積1": null, "散布面積2": null, "支払者集落": 0, "支払者集落名": null, "支払者コード": 0, "支払者名": null, "支払者住所": null, "支払者電話番号": null, "農地異動適用法": false, "農地異動適用法名": null, "利用集積計画番号": null, "適用法開始年月日": null, "適用法終了年月日": null, "備考": "須藤　新一", "所有者世帯番号": 1961, "所有者個人番号": 3210, "借受者世帯番号": 1736, "借受者個人番号": 3610, "農地予備数字１": null, "農地予備数字２": null, "農地予備数字３": null, "農地予備数字４": null, "農地予備数字５": null, "農地予備文字１": null, "農地予備文字２": null, "農地予備文字３": null, "農地予備文字４": null, "農地予備文字５": null, "手動一致フラグ": null, "計算面積（アール）": 31, "散布班": "18-⑦", "地区名": "2026印西市" }, "geometry": { "type": "Polygon", "coordinates": [ [ [ 140.230116012, 35.797646999 ], [ 140.230220010000011, 35.797870897 ], [ 140.230271851, 35.797885788 ], [ 140.231168981, 35.797605682 ], [ 140.231283305, 35.797545055 ], [ 140.231198952999989, 35.797310336 ], [ 140.230116012, 35.797646999 ] ] ] } },
{ "type": "Feature", "properties": { "fid": 3853, "daicho_shubetsu_cd": "FUD25", "layer": "筆ポリゴン（2025年公開）_20260708233407", "fid_2": 5843, "事業年度": 2026, "物件番号": 6414, "GIS物件番号": null, "大字コード": 2040, "大字名": "吉高", "小字コード": 42, "小字名": "西", "__EMPTY": "吉高3439", "本番": 3439, "枝番": "1", "子番": 0, "孫番": false, "付番": false, "所在地番号": "2.04004203439e+28", "農地管理番号": 1, "耕地番号": 25, "所在地名": "吉高西3439-1", "マッチングさせるデータ": "吉高西3439-1", "空散対象区分1": 2, "空散対象区分2": null, "空散外面積1": 0, "空散外面積2": false, "集計転作面積": 0, "散布面積1": null, "散布面積2": null, "支払者集落": 0, "支払者集落名": null, "支払者コード": 0, "支払者名": null, "支払者住所": null, "支払者電話番号": null, "農地異動適用法": false, "農地異動適用法名": null, "利用集積計画番号": null, "適用法開始年月日": null, "適用法終了年月日": null, "備考": "須藤　新一", "所有者世帯番号": 1961, "所有者個人番号": 3210, "借受者世帯番号": 1736, "借受者個人番号": 3610, "農地予備数字１": null, "農地予備数字２": null, "農地予備数字３": null, "農地予備数字４": null, "農地予備数字５": null, "農地予備文字１": null, "農地予備文字２": null, "農地予備文字３": null, "農地予備文字４": null, "農地予備文字５": null, "手動一致フラグ": null, "計算面積（アール）": 21, "散布班": "18-⑦", "地区名": "2026印西市" }, "geometry": { "type": "Polygon", "coordinates": [ [ [ 140.231119349114834, 35.797088828415376 ], [ 140.23001278131818, 35.79742475078222 ], [ 140.230090968878869, 35.79759308296515 ], [ 140.231179621582129, 35.797256543956181 ], [ 140.231119349114834, 35.797088828415376 ] ] ] } },
{ "type": "Feature", "properties": { "fid": 3854, "daicho_shubetsu_cd": "FUD25", "layer": "筆ポリゴン（2025年公開）_20260708233407", "fid_2": 5844, "事業年度": 2026, "物件番号": 6415, "GIS物件番号": null, "大字コード": 2040, "大字名": "吉高", "小字コード": 42, "小字名": "西", "__EMPTY": "吉高3439", "本番": 3439, "枝番": "2", "子番": 0, "孫番": false, "付番": false, "所在地番号": "2.04004203439e+28", "農地管理番号": 1, "耕地番号": 26, "所在地名": "吉高西3439-2", "マッチングさせるデータ": "吉高西3439-2", "空散対象区分1": 2, "空散対象区分2": null, "空散外面積1": 0, "空散外面積2": false, "集計転作面積": 0, "散布面積1": null, "散布面積2": null, "支払者集落": 0, "支払者集落名": null, "支払者コード": 0, "支払者名": null, "支払者住所": null, "支払者電話番号": null, "農地異動適用法": false, "農地異動適用法名": null, "利用集積計画番号": null, "適用法開始年月日": null, "適用法終了年月日": null, "備考": "須藤　新一", "所有者世帯番号": 1961, "所有者個人番号": 3210, "借受者世帯番号": 1736, "借受者個人番号": 3610, "農地予備数字１": null, "農地予備数字２": null, "農地予備数字３": null, "農地予備数字４": null, "農地予備数字５": null, "農地予備文字１": null, "農地予備文字２": null, "農地予備文字３": null, "農地予備文字４": null, "農地予備文字５": null, "手動一致フラグ": null, "計算面積（アール）": 7, "散布班": "18-⑦", "地区名": "2026印西市" }, "geometry": { "type": "Polygon", "coordinates": [ [ [ 140.231179621582129, 35.797256543956181 ], [ 140.230090968878869, 35.79759308296515 ], [ 140.230116012, 35.797646999 ], [ 140.231198952999989, 35.797310336 ], [ 140.231179621582129, 35.797256543956181 ] ] ] } },
{ "type": "Feature", "properties": { "fid": 3855, "daicho_shubetsu_cd": "FUD25", "layer": "筆ポリゴン（2025年公開）_20260708233407", "fid_2": 5845, "事業年度": 2026, "物件番号": 6416, "GIS物件番号": null, "大字コード": 2040, "大字名": "吉高", "小字コード": 42, "小字名": "西", "__EMPTY": "吉高3440", "本番": 3440, "枝番": "0", "子番": 0, "孫番": false, "付番": false, "所在地番号": "2.0400420344e+28", "農地管理番号": 1, "耕地番号": 27, "所在地名": "吉高西3440", "マッチングさせるデータ": "吉高西3440", "空散対象区分1": 2, "空散対象区分2": null, "空散外面積1": 0, "空散外面積2": false, "集計転作面積": 0, "散布面積1": null, "散布面積2": null, "支払者集落": 0, "支払者集落名": null, "支払者コード": 0, "支払者名": null, "支払者住所": null, "支払者電話番号": null, "農地異動適用法": false, "農地異動適用法名": null, "利用集積計画番号": null, "適用法開始年月日": null, "適用法終了年月日": null, "備考": "須藤　新一", "所有者世帯番号": 1961, "所有者個人番号": 3210, "借受者世帯番号": 1736, "借受者個人番号": 3610, "農地予備数字１": null, "農地予備数字２": null, "農地予備数字３": null, "農地予備数字４": null, "農地予備数字５": null, "農地予備文字１": null, "農地予備文字２": null, "農地予備文字３": null, "農地予備文字４": null, "農地予備文字５": null, "手動一致フラグ": null, "計算面積（アール）": 23, "散布班": "18-⑦", "地区名": "2026印西市" }, "geometry": { "type": "Polygon", "coordinates": [ [ [ 140.23001278131818, 35.79742475078222 ], [ 140.231119349114834, 35.797088828415376 ], [ 140.231050828, 35.79689816 ], [ 140.229932213000012, 35.797251293 ], [ 140.23001278131818, 35.79742475078222 ] ] ] } },
{ "type": "Feature", "properties": { "fid": 3856, "daicho_shubetsu_cd": "FUD25", "layer": "筆ポリゴン（2025年公開）_20260708233407", "fid_2": 5846, "事業年度": 2026, "物件番号": 6461, "GIS物件番号": null, "大字コード": 2040, "大字名": "吉高", "小字コード": 42, "小字名": "西", "__EMPTY": "吉高3493", "本番": 3493, "枝番": "0", "子番": 0, "孫番": false, "付番": false, "所在地番号": "2.04004203493e+28", "農地管理番号": 1, "耕地番号": 104, "所在地名": "吉高西3493", "マッチングさせるデータ": "吉高西3493", "空散対象区分1": 2, "空散対象区分2": null, "空散外面積1": 0, "空散外面積2": false, "集計転作面積": 0, "散布面積1": null, "散布面積2": null, "支払者集落": 0, "支払者集落名": null, "支払者コード": 0, "支払者名": null, "支払者住所": null, "支払者電話番号": null, "農地異動適用法": false, "農地異動適用法名": null, "利用集積計画番号": null, "適用法開始年月日": null, "適用法終了年月日": null, "備考": "松本　利男", "所有者世帯番号": 1739, "所有者個人番号": 8092, "借受者世帯番号": 1736, "借受者個人番号": 3610, "農地予備数字１": null, "農地予備数字２": null, "農地予備数字３": null, "農地予備数字４": null, "農地予備数字５": null, "農地予備文字１": null, "農地予備文字２": null, "農地予備文字３": null, "農地予備文字４": null, "農地予備文字５": null, "手動一致フラグ": null, "計算面積（アール）": 45, "散布班": "18-⑦", "地区名": "2026印西市" }, "geometry": { "type": "Polygon", "coordinates": [ [ [ 140.228525665, 35.79706863 ], [ 140.227491945, 35.79739435 ], [ 140.227652651999989, 35.797740248 ], [ 140.227689776, 35.79777025 ], [ 140.228705572, 35.797444412 ], [ 140.228525665, 35.79706863 ] ] ] } },
{ "type": "Feature", "properties": { "fid": 3865, "daicho_shubetsu_cd": "FUD25", "layer": "筆ポリゴン（2025年公開）_20260708233456", "fid_2": 5859, "事業年度": 2026, "物件番号": 5447, "GIS物件番号": null, "大字コード": 2040, "大字名": "吉高", "小字コード": 18, "小字名": "仲田", "__EMPTY": "吉高2944", "本番": 2944, "枝番": "0", "子番": 0, "孫番": false, "付番": false, "所在地番号": "2.04001802944e+28", "農地管理番号": 1, "耕地番号": 1, "所在地名": "吉高仲田2944", "マッチングさせるデータ": "吉高仲田2944", "空散対象区分1": 2, "空散対象区分2": null, "空散外面積1": 0, "空散外面積2": false, "集計転作面積": 0, "散布面積1": null, "散布面積2": null, "支払者集落": 0, "支払者集落名": null, "支払者コード": 0, "支払者名": null, "支払者住所": null, "支払者電話番号": null, "農地異動適用法": false, "農地異動適用法名": null, "利用集積計画番号": null, "適用法開始年月日": null, "適用法終了年月日": null, "備考": "石月　教義", "所有者世帯番号": 1704, "所有者個人番号": 2867, "借受者世帯番号": 1704, "借受者個人番号": 2867, "農地予備数字１": null, "農地予備数字２": null, "農地予備数字３": null, "農地予備数字４": null, "農地予備数字５": null, "農地予備文字１": null, "農地予備文字２": null, "農地予備文字３": null, "農地予備文字４": null, "農地予備文字５": null, "手動一致フラグ": null, "計算面積（アール）": 6, "散布班": "18-⑧", "地区名": "2026印西市" }, "geometry": { "type": "Polygon", "coordinates": [ [ [ 140.232428556717394, 35.789534921523305 ], [ 140.231965282841855, 35.789808832605871 ], [ 140.232033475, 35.789880293 ], [ 140.232048182, 35.789894553 ], [ 140.232497572999989, 35.789621193 ], [ 140.232428556717394, 35.789534921523305 ] ] ] } },
{ "type": "Feature", "properties": { "fid": 3868, "daicho_shubetsu_cd": "FUD25", "layer": "筆ポリゴン（2025年公開）_20260708233456", "fid_2": 5862, "事業年度": 2026, "物件番号": 6339, "GIS物件番号": null, "大字コード": 2040, "大字名": "吉高", "小字コード": 41, "小字名": "中", "__EMPTY": "吉高3390", "本番": 3390, "枝番": "0", "子番": 0, "孫番": false, "付番": false, "所在地番号": "2.0400410339e+28", "農地管理番号": 1, "耕地番号": 3, "所在地名": "吉高中3390", "マッチングさせるデータ": "吉高中3390", "空散対象区分1": 2, "空散対象区分2": null, "空散外面積1": 0, "空散外面積2": false, "集計転作面積": 0, "散布面積1": null, "散布面積2": null, "支払者集落": 0, "支払者集落名": null, "支払者コード": 0, "支払者名": null, "支払者住所": null, "支払者電話番号": null, "農地異動適用法": false, "農地異動適用法名": null, "利用集積計画番号": null, "適用法開始年月日": null, "適用法終了年月日": null, "備考": "石山　正七", "所有者世帯番号": 1716, "所有者個人番号": 3297, "借受者世帯番号": 1716, "借受者個人番号": 3297, "農地予備数字１": null, "農地予備数字２": null, "農地予備数字３": null, "農地予備数字４": null, "農地予備数字５": null, "農地予備文字１": null, "農地予備文字２": null, "農地予備文字３": null, "農地予備文字４": null, "農地予備文字５": null, "手動一致フラグ": null, "計算面積（アール）": 26, "散布班": "18-⑨", "地区名": "2026印西市" }, "geometry": { "type": "Polygon", "coordinates": [ [ [ 140.234338586, 35.795804072 ], [ 140.233291535, 35.796133802 ], [ 140.233391903000012, 35.796355215 ], [ 140.23443815600001, 35.796023773 ], [ 140.234338586, 35.795804072 ] ] ] } },
{ "type": "Feature", "properties": { "fid": 3874, "daicho_shubetsu_cd": "FUD25", "layer": "筆ポリゴン（2025年公開）_20260708233456", "fid_2": 5871, "事業年度": 2026, "物件番号": 5397, "GIS物件番号": null, "大字コード": 2040, "大字名": "吉高", "小字コード": 16, "小字名": "古木戸", "__EMPTY": "吉高2900", "本番": 2900, "枝番": "1", "子番": 0, "孫番": false, "付番": false, "所在地番号": "2.040016029e+28", "農地管理番号": 1, "耕地番号": 6, "所在地名": "吉高古木戸2900-1", "マッチングさせるデータ": "吉高古木戸2900-1", "空散対象区分1": 2, "空散対象区分2": null, "空散外面積1": 0, "空散外面積2": false, "集計転作面積": 0, "散布面積1": null, "散布面積2": null, "支払者集落": 0, "支払者集落名": null, "支払者コード": 0, "支払者名": null, "支払者住所": null, "支払者電話番号": null, "農地異動適用法": false, "農地異動適用法名": null, "利用集積計画番号": null, "適用法開始年月日": null, "適用法終了年月日": null, "備考": "小川　重市", "所有者世帯番号": 1804, "所有者個人番号": 2973, "借受者世帯番号": 1804, "借受者個人番号": 2973, "農地予備数字１": null, "農地予備数字２": null, "農地予備数字３": null, "農地予備数字４": null, "農地予備数字５": null, "農地予備文字１": null, "農地予備文字２": null, "農地予備文字３": null, "農地予備文字４": null, "農地予備文字５": null, "手動一致フラグ": null, "計算面積（アール）": 11, "散布班": "18-⑧", "地区名": "2026印西市" }, "geometry": { "type": "Polygon", "coordinates": [ [ [ 140.232617095, 35.788891774 ], [ 140.232162960000011, 35.789150106 ], [ 140.232299869, 35.789312558 ], [ 140.232760952, 35.789043924 ], [ 140.232617095, 35.788891774 ] ] ] } },
{ "type": "Feature", "properties": { "fid": 3875, "daicho_shubetsu_cd": "FUD25", "layer": "筆ポリゴン（2025年公開）_20260708233456", "fid_2": 5872, "事業年度": 2026, "物件番号": 5460, "GIS物件番号": null, "大字コード": 2040, "大字名": "吉高", "小字コード": 18, "小字名": "仲田", "__EMPTY": "吉高2956", "本番": 2956, "枝番": "0", "子番": 0, "孫番": false, "付番": false, "所在地番号": "2.04001802956e+28", "農地管理番号": 1, "耕地番号": 7, "所在地名": "吉高仲田2956", "マッチングさせるデータ": "吉高仲田2956", "空散対象区分1": 2, "空散対象区分2": null, "空散外面積1": 0, "空散外面積2": false, "集計転作面積": 0, "散布面積1": null, "散布面積2": null, "支払者集落": 0, "支払者集落名": null, "支払者コード": 0, "支払者名": null, "支払者住所": null, "支払者電話番号": null, "農地異動適用法": false, "農地異動適用法名": null, "利用集積計画番号": null, "適用法開始年月日": null, "適用法終了年月日": null, "備考": "小川　重市", "所有者世帯番号": 1804, "所有者個人番号": 2973, "借受者世帯番号": 1804, "借受者個人番号": 2973, "農地予備数字１": null, "農地予備数字２": null, "農地予備数字３": null, "農地予備数字４": null, "農地予備数字５": null, "農地予備文字１": null, "農地予備文字２": null, "農地予備文字３": null, "農地予備文字４": null, "農地予備文字５": null, "手動一致フラグ": null, "計算面積（アール）": 5, "散布班": "18-⑧", "地区名": "2026印西市" }, "geometry": { "type": "Polygon", "coordinates": [ [ [ 140.231565210003055, 35.789804316104664 ], [ 140.231421167530783, 35.789613339984967 ], [ 140.231300536, 35.789641855 ], [ 140.231201197, 35.789677955 ], [ 140.231377975136297, 35.789894429142144 ], [ 140.231565210003055, 35.789804316104664 ] ] ] } },
{ "type": "Feature", "properties": { "fid": 3889, "daicho_shubetsu_cd": "FUD25", "layer": "筆ポリゴン（2025年公開）_20260708233456", "fid_2": 5890, "事業年度": 2026, "物件番号": 5391, "GIS物件番号": null, "大字コード": 2040, "大字名": "吉高", "小字コード": 16, "小字名": "古木戸", "__EMPTY": "吉高2895", "本番": 2895, "枝番": "0", "子番": 0, "孫番": false, "付番": false, "所在地番号": "2.04001602895e+28", "農地管理番号": 1, "耕地番号": 4, "所在地名": "吉高古木戸2895", "マッチングさせるデータ": "吉高古木戸2895", "空散対象区分1": 2, "空散対象区分2": null, "空散外面積1": 0, "空散外面積2": false, "集計転作面積": 0, "散布面積1": null, "散布面積2": null, "支払者集落": 0, "支払者集落名": null, "支払者コード": 0, "支払者名": null, "支払者住所": null, "支払者電話番号": null, "農地異動適用法": false, "農地異動適用法名": null, "利用集積計画番号": null, "適用法開始年月日": null, "適用法終了年月日": null, "備考": "小川　トシ子", "所有者世帯番号": 1806, "所有者個人番号": 2983, "借受者世帯番号": 1806, "借受者個人番号": 2983, "農地予備数字１": null, "農地予備数字２": null, "農地予備数字３": null, "農地予備数字４": null, "農地予備数字５": null, "農地予備文字１": null, "農地予備文字２": null, "農地予備文字３": null, "農地予備文字４": null, "農地予備文字５": null, "手動一致フラグ": null, "計算面積（アール）": 12, "散布班": "18-⑧", "地区名": "2026印西市" }, "geometry": { "type": "Polygon", "coordinates": [ [ [ 140.232937220964487, 35.789198449303953 ], [ 140.233392696915303, 35.788934752700861 ], [ 140.233271303, 35.788788677 ], [ 140.233209746999989, 35.788780037 ], [ 140.232789438999987, 35.789025226 ], [ 140.232937220964487, 35.789198449303953 ] ] ] } },
{ "type": "Feature", "properties": { "fid": 3890, "daicho_shubetsu_cd": "FUD25", "layer": "筆ポリゴン（2025年公開）_20260708233456", "fid_2": 5891, "事業年度": 2026, "物件番号": 5392, "GIS物件番号": null, "大字コード": 2040, "大字名": "吉高", "小字コード": 16, "小字名": "古木戸", "__EMPTY": "吉高2896", "本番": 2896, "枝番": "0", "子番": 0, "孫番": false, "付番": false, "所在地番号": "2.04001602896e+28", "農地管理番号": 1, "耕地番号": 5, "所在地名": "吉高古木戸2896", "マッチングさせるデータ": "吉高古木戸2896", "空散対象区分1": 2, "空散対象区分2": null, "空散外面積1": 0, "空散外面積2": false, "集計転作面積": 0, "散布面積1": null, "散布面積2": null, "支払者集落": 0, "支払者集落名": null, "支払者コード": 0, "支払者名": null, "支払者住所": null, "支払者電話番号": null, "農地異動適用法": false, "農地異動適用法名": null, "利用集積計画番号": null, "適用法開始年月日": null, "適用法終了年月日": null, "備考": "小川　トシ子", "所有者世帯番号": 1806, "所有者個人番号": 2983, "借受者世帯番号": 1806, "借受者個人番号": 2983, "農地予備数字１": null, "農地予備数字２": null, "農地予備数字３": null, "農地予備数字４": null, "農地予備数字５": null, "農地予備文字１": null, "農地予備文字２": null, "農地予備文字３": null, "農地予備文字４": null, "農地予備文字５": null, "手動一致フラグ": null, "計算面積（アール）": 9, "散布班": "18-⑧", "地区名": "2026印西市" }, "geometry": { "type": "Polygon", "coordinates": [ [ [ 140.233392696915303, 35.788934752700861 ], [ 140.232937220964487, 35.789198449303953 ], [ 140.233046034000012, 35.789325995 ], [ 140.23350047400001, 35.789064443 ], [ 140.233392696915303, 35.788934752700861 ] ] ] } },
{ "type": "Feature", "properties": { "fid": 3891, "daicho_shubetsu_cd": "FUD25", "layer": "筆ポリゴン（2025年公開）_20260708233456", "fid_2": 5892, "事業年度": 2026, "物件番号": 5476, "GIS物件番号": null, "大字コード": 2040, "大字名": "吉高", "小字コード": 18, "小字名": "仲田", "__EMPTY": "吉高2971", "本番": 2971, "枝番": "0", "子番": 0, "孫番": false, "付番": false, "所在地番号": "2.04001802971e+28", "農地管理番号": 1, "耕地番号": 6, "所在地名": "吉高仲田2971", "マッチングさせるデータ": "吉高仲田2971", "空散対象区分1": 2, "空散対象区分2": null, "空散外面積1": 0, "空散外面積2": false, "集計転作面積": 0, "散布面積1": null, "散布面積2": null, "支払者集落": 0, "支払者集落名": null, "支払者コード": 0, "支払者名": null, "支払者住所": null, "支払者電話番号": null, "農地異動適用法": false, "農地異動適用法名": null, "利用集積計画番号": null, "適用法開始年月日": null, "適用法終了年月日": null, "備考": "小川　トシ子", "所有者世帯番号": 1806, "所有者個人番号": 2983, "借受者世帯番号": 1806, "借受者個人番号": 2983, "農地予備数字１": null, "農地予備数字２": null, "農地予備数字３": null, "農地予備数字４": null, "農地予備数字５": null, "農地予備文字１": null, "農地予備文字２": null, "農地予備文字３": null, "農地予備文字４": null, "農地予備文字５": null, "手動一致フラグ": null, "計算面積（アール）": 16, "散布班": "18-⑧", "地区名": "2026印西市" }, "geometry": { "type": "Polygon", "coordinates": [ [ [ 140.231324699, 35.791661404 ], [ 140.231771306000013, 35.791397066 ], [ 140.231559092, 35.791158318 ], [ 140.231113986999986, 35.791423178 ], [ 140.231324699, 35.791661404 ] ] ] } },
{ "type": "Feature", "properties": { "fid": 3893, "daicho_shubetsu_cd": null, "layer": null, "fid_2": 5894, "事業年度": 2026, "物件番号": 6010, "GIS物件番号": null, "大字コード": 2040, "大字名": "吉高", "小字コード": 37, "小字名": "仲村流作下", "__EMPTY": "吉高2394", "本番": 2394, "枝番": "1", "子番": 0, "孫番": false, "付番": false, "所在地番号": "2.04003702394e+28", "農地管理番号": 1, "耕地番号": 2, "所在地名": "吉高仲村流作下2394-1", "マッチングさせるデータ": "吉高仲村流作下2394-1", "空散対象区分1": 2, "空散対象区分2": null, "空散外面積1": 0, "空散外面積2": false, "集計転作面積": 0, "散布面積1": null, "散布面積2": null, "支払者集落": 0, "支払者集落名": null, "支払者コード": 0, "支払者名": null, "支払者住所": null, "支払者電話番号": null, "農地異動適用法": false, "農地異動適用法名": null, "利用集積計画番号": null, "適用法開始年月日": null, "適用法終了年月日": null, "備考": "前田　實", "所有者世帯番号": 1809, "所有者個人番号": 3473, "借受者世帯番号": 1809, "借受者個人番号": 3473, "農地予備数字１": null, "農地予備数字２": null, "農地予備数字３": null, "農地予備数字４": null, "農地予備数字５": null, "農地予備文字１": null, "農地予備文字２": null, "農地予備文字３": null, "農地予備文字４": null, "農地予備文字５": null, "手動一致フラグ": null, "計算面積（アール）": 5, "散布班": "18-⑨", "地区名": "2026印西市" }, "geometry": { "type": "Polygon", "coordinates": [ [ [ 140.240307331999986, 35.793675759 ], [ 140.240451592, 35.793595782 ], [ 140.240345209999987, 35.79340534 ], [ 140.240236081, 35.793415432 ], [ 140.240135724, 35.793459899 ], [ 140.24023703, 35.793601388 ], [ 140.240307331999986, 35.793675759 ] ] ] } },
{ "type": "Feature", "properties": { "fid": 3894, "daicho_shubetsu_cd": "FUD25", "layer": "筆ポリゴン（2025年公開）_20260708233456", "fid_2": 5895, "事業年度": 2026, "物件番号": 6252, "GIS物件番号": null, "大字コード": 2040, "大字名": "吉高", "小字コード": 41, "小字名": "中", "__EMPTY": "吉高3285", "本番": 3285, "枝番": "0", "子番": 0, "孫番": false, "付番": false, "所在地番号": "2.04004103285e+28", "農地管理番号": 1, "耕地番号": 3, "所在地名": "吉高中3285", "マッチングさせるデータ": "吉高中3285", "空散対象区分1": 2, "空散対象区分2": null, "空散外面積1": 0, "空散外面積2": false, "集計転作面積": 0, "散布面積1": null, "散布面積2": null, "支払者集落": 0, "支払者集落名": null, "支払者コード": 0, "支払者名": null, "支払者住所": null, "支払者電話番号": null, "農地異動適用法": false, "農地異動適用法名": null, "利用集積計画番号": null, "適用法開始年月日": null, "適用法終了年月日": null, "備考": "前田　實", "所有者世帯番号": 1809, "所有者個人番号": 3473, "借受者世帯番号": 1809, "借受者個人番号": 3473, "農地予備数字１": null, "農地予備数字２": null, "農地予備数字３": null, "農地予備数字４": null, "農地予備数字５": null, "農地予備文字１": null, "農地予備文字２": null, "農地予備文字３": null, "農地予備文字４": null, "農地予備文字５": null, "手動一致フラグ": null, "計算面積（アール）": 31, "散布班": "18-⑨", "地区名": "2026印西市" }, "geometry": { "type": "Polygon", "coordinates": [ [ [ 140.240345209999987, 35.79340534 ], [ 140.240417613, 35.793530111 ], [ 140.240451592, 35.793595782 ], [ 140.240307331999986, 35.793675759 ], [ 140.240394093, 35.79380755 ], [ 140.241211813, 35.793341426 ], [ 140.241027221, 35.7931147 ], [ 140.240786408, 35.793130961 ], [ 140.240345209999987, 35.79340534 ] ] ] } },
{ "type": "Feature", "properties": { "fid": 3895, "daicho_shubetsu_cd": "FUD25", "layer": "筆ポリゴン（2025年公開）_20260708233456", "fid_2": 5896, "事業年度": 2026, "物件番号": 6253, "GIS物件番号": null, "大字コード": 2040, "大字名": "吉高", "小字コード": 41, "小字名": "中", "__EMPTY": "吉高3286", "本番": 3286, "枝番": "0", "子番": 0, "孫番": false, "付番": false, "所在地番号": "2.04004103286e+28", "農地管理番号": 1, "耕地番号": 4, "所在地名": "吉高中3286", "マッチングさせるデータ": "吉高中3286", "空散対象区分1": 2, "空散対象区分2": null, "空散外面積1": 0, "空散外面積2": false, "集計転作面積": 0, "散布面積1": null, "散布面積2": null, "支払者集落": 0, "支払者集落名": null, "支払者コード": 0, "支払者名": null, "支払者住所": null, "支払者電話番号": null, "農地異動適用法": false, "農地異動適用法名": null, "利用集積計画番号": null, "適用法開始年月日": null, "適用法終了年月日": null, "備考": "前田　實", "所有者世帯番号": 1809, "所有者個人番号": 3473, "借受者世帯番号": 1809, "借受者個人番号": 3473, "農地予備数字１": null, "農地予備数字２": null, "農地予備数字３": null, "農地予備数字４": null, "農地予備数字５": null, "農地予備文字１": null, "農地予備文字２": null, "農地予備文字３": null, "農地予備文字４": null, "農地予備文字５": null, "手動一致フラグ": null, "計算面積（アール）": 28, "散布班": "18-⑨", "地区名": "2026印西市" }, "geometry": { "type": "Polygon", "coordinates": [ [ [ 140.241211813, 35.793341426 ], [ 140.240394093, 35.79380755 ], [ 140.240557826000014, 35.794055113 ], [ 140.241406179, 35.793571299 ], [ 140.241211813, 35.793341426 ] ] ] } },
{ "type": "Feature", "properties": { "fid": 3896, "daicho_shubetsu_cd": "FUD25", "layer": "筆ポリゴン（2025年公開）_20260708233456", "fid_2": 5897, "事業年度": 2026, "物件番号": 6254, "GIS物件番号": null, "大字コード": 2040, "大字名": "吉高", "小字コード": 41, "小字名": "中", "__EMPTY": "吉高3287", "本番": 3287, "枝番": "0", "子番": 0, "孫番": false, "付番": false, "所在地番号": "2.04004103287e+28", "農地管理番号": 1, "耕地番号": 5, "所在地名": "吉高中3287", "マッチングさせるデータ": "吉高中3287", "空散対象区分1": 2, "空散対象区分2": null, "空散外面積1": 0, "空散外面積2": false, "集計転作面積": 0, "散布面積1": null, "散布面積2": null, "支払者集落": 0, "支払者集落名": null, "支払者コード": 0, "支払者名": null, "支払者住所": null, "支払者電話番号": null, "農地異動適用法": false, "農地異動適用法名": null, "利用集積計画番号": null, "適用法開始年月日": null, "適用法終了年月日": null, "備考": "前田　實", "所有者世帯番号": 1809, "所有者個人番号": 3473, "借受者世帯番号": 1809, "借受者個人番号": 3473, "農地予備数字１": null, "農地予備数字２": null, "農地予備数字３": null, "農地予備数字４": null, "農地予備数字５": null, "農地予備文字１": null, "農地予備文字２": null, "農地予備文字３": null, "農地予備文字４": null, "農地予備文字５": null, "手動一致フラグ": null, "計算面積（アール）": 29, "散布班": "18-⑨", "地区名": "2026印西市" }, "geometry": { "type": "Polygon", "coordinates": [ [ [ 140.241406179, 35.793571299 ], [ 140.240557826000014, 35.794055113 ], [ 140.240721001, 35.794291452 ], [ 140.241594658999986, 35.793794832 ], [ 140.241406179, 35.793571299 ] ] ] } },
{ "type": "Feature", "properties": { "fid": 3897, "daicho_shubetsu_cd": "FUD25", "layer": "筆ポリゴン（2025年公開）_20260708233456", "fid_2": 5898, "事業年度": 2026, "物件番号": 6255, "GIS物件番号": null, "大字コード": 2040, "大字名": "吉高", "小字コード": 41, "小字名": "中", "__EMPTY": "吉高3288", "本番": 3288, "枝番": "0", "子番": 0, "孫番": false, "付番": false, "所在地番号": "2.04004103288e+28", "農地管理番号": 1, "耕地番号": 6, "所在地名": "吉高中3288", "マッチングさせるデータ": "吉高中3288", "空散対象区分1": 2, "空散対象区分2": null, "空散外面積1": 0, "空散外面積2": false, "集計転作面積": 0, "散布面積1": null, "散布面積2": null, "支払者集落": 0, "支払者集落名": null, "支払者コード": 0, "支払者名": null, "支払者住所": null, "支払者電話番号": null, "農地異動適用法": false, "農地異動適用法名": null, "利用集積計画番号": null, "適用法開始年月日": null, "適用法終了年月日": null, "備考": "前田　實", "所有者世帯番号": 1809, "所有者個人番号": 3473, "借受者世帯番号": 1809, "借受者個人番号": 3473, "農地予備数字１": null, "農地予備数字２": null, "農地予備数字３": null, "農地予備数字４": null, "農地予備数字５": null, "農地予備文字１": null, "農地予備文字２": null, "農地予備文字３": null, "農地予備文字４": null, "農地予備文字５": null, "手動一致フラグ": null, "計算面積（アール）": 29, "散布班": "18-⑨", "地区名": "2026印西市" }, "geometry": { "type": "Polygon", "coordinates": [ [ [ 140.241594658999986, 35.793794832 ], [ 140.240721001, 35.794291452 ], [ 140.240867908000013, 35.794527272 ], [ 140.241783091, 35.794008826 ], [ 140.241594658999986, 35.793794832 ] ] ] } },
{ "type": "Feature", "properties": { "fid": 3898, "daicho_shubetsu_cd": "FUD25", "layer": "筆ポリゴン（2025年公開）_20260708233456", "fid_2": 5899, "事業年度": 2026, "物件番号": 6256, "GIS物件番号": null, "大字コード": 2040, "大字名": "吉高", "小字コード": 41, "小字名": "中", "__EMPTY": "吉高3289", "本番": 3289, "枝番": "0", "子番": 0, "孫番": false, "付番": false, "所在地番号": "2.04004103289e+28", "農地管理番号": 1, "耕地番号": 7, "所在地名": "吉高中3289", "マッチングさせるデータ": "吉高中3289", "空散対象区分1": 2, "空散対象区分2": null, "空散外面積1": 0, "空散外面積2": false, "集計転作面積": 0, "散布面積1": null, "散布面積2": null, "支払者集落": 0, "支払者集落名": null, "支払者コード": 0, "支払者名": null, "支払者住所": null, "支払者電話番号": null, "農地異動適用法": false, "農地異動適用法名": null, "利用集積計画番号": null, "適用法開始年月日": null, "適用法終了年月日": null, "備考": "前田　實", "所有者世帯番号": 1809, "所有者個人番号": 3473, "借受者世帯番号": 1809, "借受者個人番号": 3473, "農地予備数字１": null, "農地予備数字２": null, "農地予備数字３": null, "農地予備数字４": null, "農地予備数字５": null, "農地予備文字１": null, "農地予備文字２": null, "農地予備文字３": null, "農地予備文字４": null, "農地予備文字５": null, "手動一致フラグ": null, "計算面積（アール）": 31, "散布班": "18-⑨", "地区名": "2026印西市" }, "geometry": { "type": "Polygon", "coordinates": [ [ [ 140.241783091, 35.794008826 ], [ 140.240867908000013, 35.794527272 ], [ 140.241029816, 35.7947688 ], [ 140.241062934000013, 35.794757558 ], [ 140.241975472, 35.794231549 ], [ 140.241783091, 35.794008826 ] ] ] } },
{ "type": "Feature", "properties": { "fid": 3899, "daicho_shubetsu_cd": "FUD25", "layer": "筆ポリゴン（2025年公開）_20260708233456", "fid_2": 5900, "事業年度": 2026, "物件番号": 6257, "GIS物件番号": null, "大字コード": 2040, "大字名": "吉高", "小字コード": 41, "小字名": "中", "__EMPTY": "吉高3290", "本番": 3290, "枝番": "0", "子番": 0, "孫番": false, "付番": false, "所在地番号": "2.0400410329e+28", "農地管理番号": 1, "耕地番号": 8, "所在地名": "吉高中3290", "マッチングさせるデータ": "吉高中3290", "空散対象区分1": 2, "空散対象区分2": null, "空散外面積1": 0, "空散外面積2": false, "集計転作面積": 0, "散布面積1": null, "散布面積2": null, "支払者集落": 0, "支払者集落名": null, "支払者コード": 0, "支払者名": null, "支払者住所": null, "支払者電話番号": null, "農地異動適用法": false, "農地異動適用法名": null, "利用集積計画番号": null, "適用法開始年月日": null, "適用法終了年月日": null, "備考": "前田　實", "所有者世帯番号": 1809, "所有者個人番号": 3473, "借受者世帯番号": 1809, "借受者個人番号": 3473, "農地予備数字１": null, "農地予備数字２": null, "農地予備数字３": null, "農地予備数字４": null, "農地予備数字５": null, "農地予備文字１": null, "農地予備文字２": null, "農地予備文字３": null, "農地予備文字４": null, "農地予備文字５": null, "手動一致フラグ": null, "計算面積（アール）": 45, "散布班": "18-⑨", "地区名": "2026印西市" }, "geometry": { "type": "Polygon", "coordinates": [ [ [ 140.241975472, 35.794231549 ], [ 140.241062934000013, 35.794757558 ], [ 140.241053356, 35.794792727 ], [ 140.241261807, 35.795105066 ], [ 140.242248362999987, 35.794551777 ], [ 140.241975472, 35.794231549 ] ] ] } },
{ "type": "Feature", "properties": { "fid": 3900, "daicho_shubetsu_cd": "FUD25", "layer": "筆ポリゴン（2025年公開）_20260708233456", "fid_2": 5901, "事業年度": 2026, "物件番号": 6258, "GIS物件番号": null, "大字コード": 2040, "大字名": "吉高", "小字コード": 41, "小字名": "中", "__EMPTY": "吉高3291", "本番": 3291, "枝番": "0", "子番": 0, "孫番": false, "付番": false, "所在地番号": "2.04004103291e+28", "農地管理番号": 1, "耕地番号": 9, "所在地名": "吉高中3291", "マッチングさせるデータ": "吉高中3291", "空散対象区分1": 2, "空散対象区分2": null, "空散外面積1": 0, "空散外面積2": false, "集計転作面積": 0, "散布面積1": null, "散布面積2": null, "支払者集落": 0, "支払者集落名": null, "支払者コード": 0, "支払者名": null, "支払者住所": null, "支払者電話番号": null, "農地異動適用法": false, "農地異動適用法名": null, "利用集積計画番号": null, "適用法開始年月日": null, "適用法終了年月日": null, "備考": "前田　實", "所有者世帯番号": 1809, "所有者個人番号": 3473, "借受者世帯番号": 1809, "借受者個人番号": 3473, "農地予備数字１": null, "農地予備数字２": null, "農地予備数字３": null, "農地予備数字４": null, "農地予備数字５": null, "農地予備文字１": null, "農地予備文字２": null, "農地予備文字３": null, "農地予備文字４": null, "農地予備文字５": null, "手動一致フラグ": null, "計算面積（アール）": 4, "散布班": "18-⑨", "地区名": "2026印西市" }, "geometry": { "type": "Polygon", "coordinates": [ [ [ 140.241278212595518, 35.795130631209595 ], [ 140.242270067612822, 35.794576952438383 ], [ 140.242248362999987, 35.794551777 ], [ 140.241261807, 35.795105066 ], [ 140.241278212595518, 35.795130631209595 ] ] ] } },
{ "type": "Feature", "properties": { "fid": 3901, "daicho_shubetsu_cd": "FUD25", "layer": "筆ポリゴン（2025年公開）_20260708233456", "fid_2": 5905, "事業年度": 2026, "物件番号": 6684, "GIS物件番号": null, "大字コード": 2041, "大字名": "吉高干拓", "小字コード": 0, "小字名": null, "__EMPTY": "吉高干拓200", "本番": 200, "枝番": "0", "子番": 0, "孫番": false, "付番": false, "所在地番号": "2.041000002e+28", "農地管理番号": 1, "耕地番号": 13, "所在地名": "吉高干拓200", "マッチングさせるデータ": "吉高干拓200", "空散対象区分1": 2, "空散対象区分2": null, "空散外面積1": 0, "空散外面積2": false, "集計転作面積": 0, "散布面積1": null, "散布面積2": null, "支払者集落": 0, "支払者集落名": null, "支払者コード": 0, "支払者名": null, "支払者住所": null, "支払者電話番号": null, "農地異動適用法": false, "農地異動適用法名": null, "利用集積計画番号": null, "適用法開始年月日": null, "適用法終了年月日": null, "備考": "前田　實", "所有者世帯番号": 1809, "所有者個人番号": 3473, "借受者世帯番号": 1809, "借受者個人番号": 3473, "農地予備数字１": null, "農地予備数字２": null, "農地予備数字３": null, "農地予備数字４": null, "農地予備数字５": null, "農地予備文字１": null, "農地予備文字２": null, "農地予備文字３": null, "農地予備文字４": null, "農地予備文字５": null, "手動一致フラグ": null, "計算面積（アール）": 9, "散布班": "18-⑨", "地区名": "2026印西市" }, "geometry": { "type": "Polygon", "coordinates": [ [ [ 140.245420978551465, 35.79375616863836 ], [ 140.244776344879057, 35.794115367500595 ], [ 140.244850991, 35.79420042 ], [ 140.245570443, 35.793794922 ], [ 140.245573277, 35.793777026 ], [ 140.245420978551465, 35.79375616863836 ] ] ] } },
{ "type": "Feature", "properties": { "fid": 3902, "daicho_shubetsu_cd": "FUD25", "layer": "筆ポリゴン（2025年公開）_20260708233456", "fid_2": 5906, "事業年度": 2026, "物件番号": 6685, "GIS物件番号": null, "大字コード": 2041, "大字名": "吉高干拓", "小字コード": 0, "小字名": null, "__EMPTY": "吉高干拓201", "本番": 201, "枝番": "0", "子番": 0, "孫番": false, "付番": false, "所在地番号": "2.04100000201e+28", "農地管理番号": 1, "耕地番号": 14, "所在地名": "吉高干拓201", "マッチングさせるデータ": "吉高干拓201", "空散対象区分1": 2, "空散対象区分2": null, "空散外面積1": 0, "空散外面積2": false, "集計転作面積": 0, "散布面積1": null, "散布面積2": null, "支払者集落": 0, "支払者集落名": null, "支払者コード": 0, "支払者名": null, "支払者住所": null, "支払者電話番号": null, "農地異動適用法": false, "農地異動適用法名": null, "利用集積計画番号": null, "適用法開始年月日": null, "適用法終了年月日": null, "備考": "前田　實", "所有者世帯番号": 1809, "所有者個人番号": 3473, "借受者世帯番号": 1809, "借受者個人番号": 3473, "農地予備数字１": null, "農地予備数字２": null, "農地予備数字３": null, "農地予備数字４": null, "農地予備数字５": null, "農地予備文字１": null, "農地予備文字２": null, "農地予備文字３": null, "農地予備文字４": null, "農地予備文字５": null, "手動一致フラグ": null, "計算面積（アール）": 7, "散布班": "18-⑨", "地区名": "2026印西市" }, "geometry": { "type": "Polygon", "coordinates": [ [ [ 140.244776344879057, 35.794115367500595 ], [ 140.245420978551465, 35.79375616863836 ], [ 140.245249569, 35.793732694 ], [ 140.245224775, 35.79374364 ], [ 140.244714292999987, 35.794044665 ], [ 140.244776344879057, 35.794115367500595 ] ] ] } },
{ "type": "Feature", "properties": { "fid": 3903, "daicho_shubetsu_cd": "FUD25", "layer": "筆ポリゴン（2025年公開）_20260708233456", "fid_2": 5907, "事業年度": 2026, "物件番号": 6688, "GIS物件番号": null, "大字コード": 2041, "大字名": "吉高干拓", "小字コード": 0, "小字名": null, "__EMPTY": "吉高干拓207", "本番": 207, "枝番": "0", "子番": 0, "孫番": false, "付番": false, "所在地番号": "2.04100000207e+28", "農地管理番号": 1, "耕地番号": 15, "所在地名": "吉高干拓207", "マッチングさせるデータ": "吉高干拓207", "空散対象区分1": 2, "空散対象区分2": null, "空散外面積1": 0, "空散外面積2": false, "集計転作面積": 0, "散布面積1": null, "散布面積2": null, "支払者集落": 0, "支払者集落名": null, "支払者コード": 0, "支払者名": null, "支払者住所": null, "支払者電話番号": null, "農地異動適用法": false, "農地異動適用法名": null, "利用集積計画番号": null, "適用法開始年月日": null, "適用法終了年月日": null, "備考": "前田　實", "所有者世帯番号": 1809, "所有者個人番号": 3473, "借受者世帯番号": 1809, "借受者個人番号": 3473, "農地予備数字１": null, "農地予備数字２": null, "農地予備数字３": null, "農地予備数字４": null, "農地予備数字５": null, "農地予備文字１": null, "農地予備文字２": null, "農地予備文字３": null, "農地予備文字４": null, "農地予備文字５": null, "手動一致フラグ": null, "計算面積（アール）": 17, "散布班": "18-⑨", "地区名": "2026印西市" }, "geometry": { "type": "Polygon", "coordinates": [ [ [ 140.246962322, 35.793833139 ], [ 140.246941353000011, 35.793803533 ], [ 140.246731552, 35.793829366 ], [ 140.246602508, 35.79384559 ], [ 140.246486323, 35.793851249 ], [ 140.246389478999987, 35.793851582 ], [ 140.246295863, 35.793851904 ], [ 140.246176421, 35.793852314 ], [ 140.24605047, 35.793842226 ], [ 140.24602474, 35.793860725 ], [ 140.246031291, 35.793879113 ], [ 140.246249667, 35.794136604 ], [ 140.246274871999987, 35.794162326 ], [ 140.24629751, 35.794170138 ], [ 140.246325340999988, 35.794178741 ], [ 140.246962322, 35.793833139 ] ] ] } },
{ "type": "Feature", "properties": { "fid": 3904, "daicho_shubetsu_cd": "FUD25", "layer": "筆ポリゴン（2025年公開）_20260708233456", "fid_2": 5908, "事業年度": 2026, "物件番号": 6689, "GIS物件番号": null, "大字コード": 2041, "大字名": "吉高干拓", "小字コード": 0, "小字名": null, "__EMPTY": "吉高干拓208", "本番": 208, "枝番": "0", "子番": 0, "孫番": false, "付番": false, "所在地番号": "2.04100000208e+28", "農地管理番号": 1, "耕地番号": 16, "所在地名": "吉高干拓208", "マッチングさせるデータ": "吉高干拓208", "空散対象区分1": 2, "空散対象区分2": null, "空散外面積1": 0, "空散外面積2": false, "集計転作面積": 0, "散布面積1": null, "散布面積2": null, "支払者集落": 0, "支払者集落名": null, "支払者コード": 0, "支払者名": null, "支払者住所": null, "支払者電話番号": null, "農地異動適用法": false, "農地異動適用法名": null, "利用集積計画番号": null, "適用法開始年月日": null, "適用法終了年月日": null, "備考": "前田　實", "所有者世帯番号": 1809, "所有者個人番号": 3473, "借受者世帯番号": 1809, "借受者個人番号": 3473, "農地予備数字１": null, "農地予備数字２": null, "農地予備数字３": null, "農地予備数字４": null, "農地予備数字５": null, "農地予備文字１": null, "農地予備文字２": null, "農地予備文字３": null, "農地予備文字４": null, "農地予備文字５": null, "手動一致フラグ": null, "計算面積（アール）": 4, "散布班": "18-⑨", "地区名": "2026印西市" }, "geometry": { "type": "Polygon", "coordinates": [ [ [ 140.246326903000011, 35.79423579 ], [ 140.24698985500001, 35.793874381 ], [ 140.246962322, 35.793833139 ], [ 140.246325340999988, 35.794178741 ], [ 140.246315071, 35.794205275 ], [ 140.246326903000011, 35.79423579 ] ] ] } },
{ "type": "Feature", "properties": { "fid": 3905, "daicho_shubetsu_cd": "FUD25", "layer": "筆ポリゴン（2025年公開）_20260708233456", "fid_2": 5909, "事業年度": 2026, "物件番号": 5369, "GIS物件番号": null, "大字コード": 2040, "大字名": "吉高", "小字コード": 16, "小字名": "古木戸", "__EMPTY": "吉高2875", "本番": 2875, "枝番": "0", "子番": 0, "孫番": false, "付番": false, "所在地番号": "2.04001602875e+28", "農地管理番号": 1, "耕地番号": 2, "所在地名": "吉高古木戸2875", "マッチングさせるデータ": "吉高古木戸2875", "空散対象区分1": 2, "空散対象区分2": null, "空散外面積1": 0, "空散外面積2": false, "集計転作面積": 0, "散布面積1": null, "散布面積2": null, "支払者集落": 0, "支払者集落名": null, "支払者コード": 0, "支払者名": null, "支払者住所": null, "支払者電話番号": null, "農地異動適用法": false, "農地異動適用法名": null, "利用集積計画番号": null, "適用法開始年月日": null, "適用法終了年月日": null, "備考": "石月　平一郎", "所有者世帯番号": 1813, "所有者個人番号": 2879, "借受者世帯番号": 1813, "借受者個人番号": 2879, "農地予備数字１": null, "農地予備数字２": null, "農地予備数字３": null, "農地予備数字４": null, "農地予備数字５": null, "農地予備文字１": null, "農地予備文字２": null, "農地予備文字３": null, "農地予備文字４": null, "農地予備文字５": null, "手動一致フラグ": null, "計算面積（アール）": 5, "散布班": "18-⑧", "地区名": "2026印西市" }, "geometry": { "type": "Polygon", "coordinates": [ [ [ 140.230421384245005, 35.786573663949987 ], [ 140.230615811315261, 35.78638216059506 ], [ 140.230581476, 35.786367342 ], [ 140.230546620000013, 35.78633354 ], [ 140.230449182, 35.78627168 ], [ 140.230260509, 35.786464502 ], [ 140.230286209000013, 35.786517177 ], [ 140.230344089, 35.786530176 ], [ 140.230390452, 35.786552635 ], [ 140.230421384245005, 35.786573663949987 ] ] ] } },
{ "type": "Feature", "properties": { "fid": 3906, "daicho_shubetsu_cd": "FUD25", "layer": "筆ポリゴン（2025年公開）_20260708233456", "fid_2": 5910, "事業年度": 2026, "物件番号": 5370, "GIS物件番号": null, "大字コード": 2040, "大字名": "吉高", "小字コード": 16, "小字名": "古木戸", "__EMPTY": "吉高2876", "本番": 2876, "枝番": "0", "子番": 0, "孫番": false, "付番": false, "所在地番号": "2.04001602876e+28", "農地管理番号": 1, "耕地番号": 3, "所在地名": "吉高古木戸2876", "マッチングさせるデータ": "吉高古木戸2876", "空散対象区分1": 2, "空散対象区分2": null, "空散外面積1": 0, "空散外面積2": false, "集計転作面積": 0, "散布面積1": null, "散布面積2": null, "支払者集落": 0, "支払者集落名": null, "支払者コード": 0, "支払者名": null, "支払者住所": null, "支払者電話番号": null, "農地異動適用法": false, "農地異動適用法名": null, "利用集積計画番号": null, "適用法開始年月日": null, "適用法終了年月日": null, "備考": "石月　平一郎", "所有者世帯番号": 1813, "所有者個人番号": 2879, "借受者世帯番号": 1813, "借受者個人番号": 2879, "農地予備数字１": null, "農地予備数字２": null, "農地予備数字３": null, "農地予備数字４": null, "農地予備数字５": null, "農地予備文字１": null, "農地予備文字２": null, "農地予備文字３": null, "農地予備文字４": null, "農地予備文字５": null, "手動一致フラグ": null, "計算面積（アール）": 7, "散布班": "18-⑧", "地区名": "2026印西市" }, "geometry": { "type": "Polygon", "coordinates": [ [ [ 140.230615811315261, 35.78638216059506 ], [ 140.230421384245005, 35.786573663949987 ], [ 140.230536640999986, 35.78665202 ], [ 140.230573783000011, 35.786680162 ], [ 140.230620081000012, 35.786689431 ], [ 140.230630089977865, 35.786692925745982 ], [ 140.230867558858876, 35.786457165274193 ], [ 140.230866371, 35.786456847 ], [ 140.230773728, 35.786428889 ], [ 140.230681132, 35.786410352 ], [ 140.230615811315261, 35.78638216059506 ] ] ] } },
{ "type": "Feature", "properties": { "fid": 3907, "daicho_shubetsu_cd": "FUD25", "layer": "筆ポリゴン（2025年公開）_20260708233456", "fid_2": 5911, "事業年度": 2026, "物件番号": 5371, "GIS物件番号": null, "大字コード": 2040, "大字名": "吉高", "小字コード": 16, "小字名": "古木戸", "__EMPTY": "吉高2877", "本番": 2877, "枝番": "0", "子番": 0, "孫番": false, "付番": false, "所在地番号": "2.04001602877e+28", "農地管理番号": 1, "耕地番号": 4, "所在地名": "吉高古木戸2877", "マッチングさせるデータ": "吉高古木戸2877", "空散対象区分1": 2, "空散対象区分2": null, "空散外面積1": 0, "空散外面積2": false, "集計転作面積": 0, "散布面積1": null, "散布面積2": null, "支払者集落": 0, "支払者集落名": null, "支払者コード": 0, "支払者名": null, "支払者住所": null, "支払者電話番号": null, "農地異動適用法": false, "農地異動適用法名": null, "利用集積計画番号": null, "適用法開始年月日": null, "適用法終了年月日": null, "備考": "石月　平一郎", "所有者世帯番号": 1813, "所有者個人番号": 2879, "借受者世帯番号": 1813, "借受者個人番号": 2879, "農地予備数字１": null, "農地予備数字２": null, "農地予備数字３": null, "農地予備数字４": null, "農地予備数字５": null, "農地予備文字１": null, "農地予備文字２": null, "農地予備文字３": null, "農地予備文字４": null, "農地予備文字５": null, "手動一致フラグ": null, "計算面積（アール）": 7, "散布班": "18-⑧", "地区名": "2026印西市" }, "geometry": { "type": "Polygon", "coordinates": [ [ [ 140.230867558858876, 35.786457165274193 ], [ 140.230630089977865, 35.786692925745982 ], [ 140.230689579, 35.786713697 ], [ 140.230724446000011, 35.786749383 ], [ 140.230761578, 35.786775641 ], [ 140.230782514, 35.786800068 ], [ 140.231135095745032, 35.786490111367101 ], [ 140.231081626, 35.786493822 ], [ 140.230977523, 35.786486629 ], [ 140.230867558858876, 35.786457165274193 ] ] ] } },
{ "type": "Feature", "properties": { "fid": 3908, "daicho_shubetsu_cd": "FUD25", "layer": "筆ポリゴン（2025年公開）_20260708233456", "fid_2": 5912, "事業年度": 2026, "物件番号": 5372, "GIS物件番号": null, "大字コード": 2040, "大字名": "吉高", "小字コード": 16, "小字名": "古木戸", "__EMPTY": "吉高2878", "本番": 2878, "枝番": "0", "子番": 0, "孫番": false, "付番": false, "所在地番号": "2.04001602878e+28", "農地管理番号": 1, "耕地番号": 5, "所在地名": "吉高古木戸2878", "マッチングさせるデータ": "吉高古木戸2878", "空散対象区分1": 2, "空散対象区分2": null, "空散外面積1": 0, "空散外面積2": false, "集計転作面積": 0, "散布面積1": null, "散布面積2": null, "支払者集落": 0, "支払者集落名": null, "支払者コード": 0, "支払者名": null, "支払者住所": null, "支払者電話番号": null, "農地異動適用法": false, "農地異動適用法名": null, "利用集積計画番号": null, "適用法開始年月日": null, "適用法終了年月日": null, "備考": "石月　平一郎", "所有者世帯番号": 1813, "所有者個人番号": 2879, "借受者世帯番号": 1813, "借受者個人番号": 2879, "農地予備数字１": null, "農地予備数字２": null, "農地予備数字３": null, "農地予備数字４": null, "農地予備数字５": null, "農地予備文字１": null, "農地予備文字２": null, "農地予備文字３": null, "農地予備文字４": null, "農地予備文字５": null, "手動一致フラグ": null, "計算面積（アール）": 4, "散布班": "18-⑧", "地区名": "2026印西市" }, "geometry": { "type": "Polygon", "coordinates": [ [ [ 140.231135095745032, 35.786490111367101 ], [ 140.230782514, 35.786800068 ], [ 140.230828784000011, 35.786803683 ], [ 140.230910924999989, 35.786789163 ], [ 140.231178484999987, 35.786573028 ], [ 140.231363167000012, 35.786374179 ], [ 140.231240985999989, 35.78645184 ], [ 140.231167163, 35.786487886 ], [ 140.231135095745032, 35.786490111367101 ] ] ] } },
{ "type": "Feature", "properties": { "fid": 3909, "daicho_shubetsu_cd": "FUD25", "layer": "筆ポリゴン（2025年公開）_20260708233456", "fid_2": 5913, "事業年度": 2026, "物件番号": 5436, "GIS物件番号": null, "大字コード": 2040, "大字名": "吉高", "小字コード": 17, "小字名": "向田", "__EMPTY": "吉高2936", "本番": 2936, "枝番": "0", "子番": 0, "孫番": false, "付番": false, "所在地番号": "2.04001702936e+28", "農地管理番号": 1, "耕地番号": 6, "所在地名": "吉高向田2936", "マッチングさせるデータ": "吉高向田2936", "空散対象区分1": 2, "空散対象区分2": null, "空散外面積1": 0, "空散外面積2": false, "集計転作面積": 0, "散布面積1": null, "散布面積2": null, "支払者集落": 0, "支払者集落名": null, "支払者コード": 0, "支払者名": null, "支払者住所": null, "支払者電話番号": null, "農地異動適用法": false, "農地異動適用法名": null, "利用集積計画番号": null, "適用法開始年月日": null, "適用法終了年月日": null, "備考": "石月　平一郎", "所有者世帯番号": 1813, "所有者個人番号": 2879, "借受者世帯番号": 1813, "借受者個人番号": 2879, "農地予備数字１": null, "農地予備数字２": null, "農地予備数字３": null, "農地予備数字４": null, "農地予備数字５": null, "農地予備文字１": null, "農地予備文字２": null, "農地予備文字３": null, "農地予備文字４": null, "農地予備文字５": null, "手動一致フラグ": null, "計算面積（アール）": 15, "散布班": "18-⑧", "地区名": "2026印西市" }, "geometry": { "type": "Polygon", "coordinates": [ [ [ 140.229181716, 35.789208645 ], [ 140.229789783, 35.788861142 ], [ 140.229769943, 35.788758826 ], [ 140.22979928, 35.788680008 ], [ 140.229809402, 35.788631421 ], [ 140.229048619999986, 35.789054114 ], [ 140.229181716, 35.789208645 ] ] ] } },
{ "type": "Feature", "properties": { "fid": 3910, "daicho_shubetsu_cd": "FUD25", "layer": "筆ポリゴン（2025年公開）_20260708233456", "fid_2": 5914, "事業年度": 2026, "物件番号": 5445, "GIS物件番号": null, "大字コード": 2040, "大字名": "吉高", "小字コード": 18, "小字名": "仲田", "__EMPTY": "吉高2942", "本番": 2942, "枝番": "0", "子番": 0, "孫番": false, "付番": false, "所在地番号": "2.04001802942e+28", "農地管理番号": 1, "耕地番号": 7, "所在地名": "吉高仲田2942", "マッチングさせるデータ": "吉高仲田2942", "空散対象区分1": 2, "空散対象区分2": null, "空散外面積1": 0, "空散外面積2": false, "集計転作面積": 0, "散布面積1": null, "散布面積2": null, "支払者集落": 0, "支払者集落名": null, "支払者コード": 0, "支払者名": null, "支払者住所": null, "支払者電話番号": null, "農地異動適用法": false, "農地異動適用法名": null, "利用集積計画番号": null, "適用法開始年月日": null, "適用法終了年月日": null, "備考": "石月　平一郎", "所有者世帯番号": 1813, "所有者個人番号": 2879, "借受者世帯番号": 1813, "借受者個人番号": 2879, "農地予備数字１": null, "農地予備数字２": null, "農地予備数字３": null, "農地予備数字４": null, "農地予備数字５": null, "農地予備文字１": null, "農地予備文字２": null, "農地予備文字３": null, "農地予備文字４": null, "農地予備文字５": null, "手動一致フラグ": null, "計算面積（アール）": 9, "散布班": "18-⑧", "地区名": "2026印西市" }, "geometry": { "type": "Polygon", "coordinates": [ [ [ 140.231949293000014, 35.789434611 ], [ 140.23222659000001, 35.789281064 ], [ 140.23194692300001, 35.78896004 ], [ 140.231917642000013, 35.788957753 ], [ 140.231862067, 35.788965091 ], [ 140.231841863999989, 35.789022394 ], [ 140.231850954, 35.789084369 ], [ 140.231889433, 35.789170095 ], [ 140.231927934999987, 35.789260591 ], [ 140.231951720000012, 35.789334441 ], [ 140.231949293000014, 35.789434611 ] ] ] } },
{ "type": "Feature", "properties": { "fid": 3911, "daicho_shubetsu_cd": "FUD25", "layer": "筆ポリゴン（2025年公開）_20260708233456", "fid_2": 5915, "事業年度": 2026, "物件番号": 5446, "GIS物件番号": null, "大字コード": 2040, "大字名": "吉高", "小字コード": 18, "小字名": "仲田", "__EMPTY": "吉高2943", "本番": 2943, "枝番": "0", "子番": 0, "孫番": false, "付番": false, "所在地番号": "2.04001802943e+28", "農地管理番号": 1, "耕地番号": 8, "所在地名": "吉高仲田2943", "マッチングさせるデータ": "吉高仲田2943", "空散対象区分1": 2, "空散対象区分2": null, "空散外面積1": 0, "空散外面積2": false, "集計転作面積": 0, "散布面積1": null, "散布面積2": null, "支払者集落": 0, "支払者集落名": null, "支払者コード": 0, "支払者名": null, "支払者住所": null, "支払者電話番号": null, "農地異動適用法": false, "農地異動適用法名": null, "利用集積計画番号": null, "適用法開始年月日": null, "適用法終了年月日": null, "備考": "石月　平一郎", "所有者世帯番号": 1813, "所有者個人番号": 2879, "借受者世帯番号": 1813, "借受者個人番号": 2879, "農地予備数字１": null, "農地予備数字２": null, "農地予備数字３": null, "農地予備数字４": null, "農地予備数字５": null, "農地予備文字１": null, "農地予備文字２": null, "農地予備文字３": null, "農地予備文字４": null, "農地予備文字５": null, "手動一致フラグ": null, "計算面積（アール）": 17, "散布班": "18-⑧", "地区名": "2026印西市" }, "geometry": { "type": "Polygon", "coordinates": [ [ [ 140.231965282841855, 35.789808832605871 ], [ 140.232428556717394, 35.789534921523305 ], [ 140.232282559, 35.789352422 ], [ 140.232235394000014, 35.789285804 ], [ 140.231955219000014, 35.789448901 ], [ 140.231937918999989, 35.789501424 ], [ 140.23189129, 35.789542121 ], [ 140.231736293000012, 35.789568868 ], [ 140.231965282841855, 35.789808832605871 ] ] ] } },
{ "type": "Feature", "properties": { "fid": 3912, "daicho_shubetsu_cd": "FUD25", "layer": "筆ポリゴン（2025年公開）_20260708233456", "fid_2": 5916, "事業年度": 2026, "物件番号": 5457, "GIS物件番号": null, "大字コード": 2040, "大字名": "吉高", "小字コード": 18, "小字名": "仲田", "__EMPTY": "吉高2953", "本番": 2953, "枝番": "0", "子番": 0, "孫番": false, "付番": false, "所在地番号": "2.04001802953e+28", "農地管理番号": 1, "耕地番号": 9, "所在地名": "吉高仲田2953", "マッチングさせるデータ": "吉高仲田2953", "空散対象区分1": 2, "空散対象区分2": null, "空散外面積1": 0, "空散外面積2": false, "集計転作面積": 0, "散布面積1": null, "散布面積2": null, "支払者集落": 0, "支払者集落名": null, "支払者コード": 0, "支払者名": null, "支払者住所": null, "支払者電話番号": null, "農地異動適用法": false, "農地異動適用法名": null, "利用集積計画番号": null, "適用法開始年月日": null, "適用法終了年月日": null, "備考": "石月　平一郎", "所有者世帯番号": 1813, "所有者個人番号": 2879, "借受者世帯番号": 1813, "借受者個人番号": 2879, "農地予備数字１": null, "農地予備数字２": null, "農地予備数字３": null, "農地予備数字４": null, "農地予備数字５": null, "農地予備文字１": null, "農地予備文字２": null, "農地予備文字３": null, "農地予備文字４": null, "農地予備文字５": null, "手動一致フラグ": null, "計算面積（アール）": 10, "散布班": "18-⑧", "地区名": "2026印西市" }, "geometry": { "type": "Polygon", "coordinates": [ [ [ 140.231907955398725, 35.789842727506574 ], [ 140.231439110762523, 35.790092112951378 ], [ 140.231572824000011, 35.790244312 ], [ 140.232031084, 35.789987618 ], [ 140.231907955398725, 35.789842727506574 ] ] ] } },
{ "type": "Feature", "properties": { "fid": 3913, "daicho_shubetsu_cd": "FUD25", "layer": "筆ポリゴン（2025年公開）_20260708233456", "fid_2": 5917, "事業年度": 2026, "物件番号": 5458, "GIS物件番号": null, "大字コード": 2040, "大字名": "吉高", "小字コード": 18, "小字名": "仲田", "__EMPTY": "吉高2954", "本番": 2954, "枝番": "0", "子番": 0, "孫番": false, "付番": false, "所在地番号": "2.04001802954e+28", "農地管理番号": 1, "耕地番号": 10, "所在地名": "吉高仲田2954", "マッチングさせるデータ": "吉高仲田2954", "空散対象区分1": 2, "空散対象区分2": null, "空散外面積1": 0, "空散外面積2": false, "集計転作面積": 0, "散布面積1": null, "散布面積2": null, "支払者集落": 0, "支払者集落名": null, "支払者コード": 0, "支払者名": null, "支払者住所": null, "支払者電話番号": null, "農地異動適用法": false, "農地異動適用法名": null, "利用集積計画番号": null, "適用法開始年月日": null, "適用法終了年月日": null, "備考": "石月　平一郎", "所有者世帯番号": 1813, "所有者個人番号": 2879, "借受者世帯番号": 1813, "借受者個人番号": 2879, "農地予備数字１": null, "農地予備数字２": null, "農地予備数字３": null, "農地予備数字４": null, "農地予備数字５": null, "農地予備文字１": null, "農地予備文字２": null, "農地予備文字３": null, "農地予備文字４": null, "農地予備文字５": null, "手動一致フラグ": null, "計算面積（アール）": 10, "散布班": "18-⑧", "地区名": "2026印西市" }, "geometry": { "type": "Polygon", "coordinates": [ [ [ 140.231785297941911, 35.78969839142821 ], [ 140.231298880610069, 35.789932496026424 ], [ 140.231439110762523, 35.790092112951378 ], [ 140.231907955398725, 35.789842727506574 ], [ 140.231785297941911, 35.78969839142821 ] ] ] } },
{ "type": "Feature", "properties": { "fid": 3914, "daicho_shubetsu_cd": "FUD25", "layer": "筆ポリゴン（2025年公開）_20260708233456", "fid_2": 5918, "事業年度": 2026, "物件番号": 5459, "GIS物件番号": null, "大字コード": 2040, "大字名": "吉高", "小字コード": 18, "小字名": "仲田", "__EMPTY": "吉高2955", "本番": 2955, "枝番": "0", "子番": 0, "孫番": false, "付番": false, "所在地番号": "2.04001802955e+28", "農地管理番号": 1, "耕地番号": 11, "所在地名": "吉高仲田2955", "マッチングさせるデータ": "吉高仲田2955", "空散対象区分1": 2, "空散対象区分2": null, "空散外面積1": 0, "空散外面積2": false, "集計転作面積": 0, "散布面積1": null, "散布面積2": null, "支払者集落": 0, "支払者集落名": null, "支払者コード": 0, "支払者名": null, "支払者住所": null, "支払者電話番号": null, "農地異動適用法": false, "農地異動適用法名": null, "利用集積計画番号": null, "適用法開始年月日": null, "適用法終了年月日": null, "備考": "石月　平一郎", "所有者世帯番号": 1813, "所有者個人番号": 2879, "借受者世帯番号": 1813, "借受者個人番号": 2879, "農地予備数字１": null, "農地予備数字２": null, "農地予備数字３": null, "農地予備数字４": null, "農地予備数字５": null, "農地予備文字１": null, "農地予備文字２": null, "農地予備文字３": null, "農地予備文字４": null, "農地予備文字５": null, "手動一致フラグ": null, "計算面積（アール）": 5, "散布班": "18-⑧", "地区名": "2026印西市" }, "geometry": { "type": "Polygon", "coordinates": [ [ [ 140.231421167530783, 35.789613339984967 ], [ 140.231565210003055, 35.789804316104664 ], [ 140.231785297941911, 35.78969839142821 ], [ 140.231689545, 35.789585715 ], [ 140.231654411, 35.789583447 ], [ 140.231423325, 35.78961283 ], [ 140.231421167530783, 35.789613339984967 ] ] ] } },
{ "type": "Feature", "properties": { "fid": 3915, "daicho_shubetsu_cd": "FUD25", "layer": "筆ポリゴン（2025年公開）_20260708233456", "fid_2": 5919, "事業年度": 2026, "物件番号": 6305, "GIS物件番号": null, "大字コード": 2040, "大字名": "吉高", "小字コード": 41, "小字名": "中", "__EMPTY": "吉高3349", "本番": 3349, "枝番": "1", "子番": 0, "孫番": false, "付番": false, "所在地番号": "2.04004103349e+28", "農地管理番号": 1, "耕地番号": 12, "所在地名": "吉高中3349-1", "マッチングさせるデータ": "吉高中3349-1", "空散対象区分1": 2, "空散対象区分2": null, "空散外面積1": 0, "空散外面積2": false, "集計転作面積": 0, "散布面積1": null, "散布面積2": null, "支払者集落": 0, "支払者集落名": null, "支払者コード": 0, "支払者名": null, "支払者住所": null, "支払者電話番号": null, "農地異動適用法": false, "農地異動適用法名": null, "利用集積計画番号": null, "適用法開始年月日": null, "適用法終了年月日": null, "備考": "石月　平一郎", "所有者世帯番号": 1813, "所有者個人番号": 2879, "借受者世帯番号": 1813, "借受者個人番号": 2879, "農地予備数字１": null, "農地予備数字２": null, "農地予備数字３": null, "農地予備数字４": null, "農地予備数字５": null, "農地予備文字１": null, "農地予備文字２": null, "農地予備文字３": null, "農地予備文字４": null, "農地予備文字５": null, "手動一致フラグ": null, "計算面積（アール）": 18, "散布班": "18-⑨", "地区名": "2026印西市" }, "geometry": { "type": "Polygon", "coordinates": [ [ [ 140.237005533317273, 35.796005461459735 ], [ 140.238057165945236, 35.795690524192864 ], [ 140.237985429, 35.795534609 ], [ 140.236960067000012, 35.795848734 ], [ 140.236960157, 35.795866487 ], [ 140.236946346, 35.795879848 ], [ 140.237005533317273, 35.796005461459735 ] ] ] } },
{ "type": "Feature", "properties": { "fid": 3916, "daicho_shubetsu_cd": "FUD25", "layer": "筆ポリゴン（2025年公開）_20260708233456", "fid_2": 5920, "事業年度": 2026, "物件番号": 6306, "GIS物件番号": null, "大字コード": 2040, "大字名": "吉高", "小字コード": 41, "小字名": "中", "__EMPTY": "吉高3349", "本番": 3349, "枝番": "2", "子番": 0, "孫番": false, "付番": false, "所在地番号": "2.04004103349e+28", "農地管理番号": 1, "耕地番号": 13, "所在地名": "吉高中3349-2", "マッチングさせるデータ": "吉高中3349-2", "空散対象区分1": 2, "空散対象区分2": null, "空散外面積1": 0, "空散外面積2": false, "集計転作面積": 0, "散布面積1": null, "散布面積2": null, "支払者集落": 0, "支払者集落名": null, "支払者コード": 0, "支払者名": null, "支払者住所": null, "支払者電話番号": null, "農地異動適用法": false, "農地異動適用法名": null, "利用集積計画番号": null, "適用法開始年月日": null, "適用法終了年月日": null, "備考": "石月　平一郎", "所有者世帯番号": 1813, "所有者個人番号": 2879, "借受者世帯番号": 1813, "借受者個人番号": 2879, "農地予備数字１": null, "農地予備数字２": null, "農地予備数字３": null, "農地予備数字４": null, "農地予備数字５": null, "農地予備文字１": null, "農地予備文字２": null, "農地予備文字３": null, "農地予備文字４": null, "農地予備文字５": null, "手動一致フラグ": null, "計算面積（アール）": 7, "散布班": "18-⑨", "地区名": "2026印西市" }, "geometry": { "type": "Polygon", "coordinates": [ [ [ 140.23703187441302, 35.796061365263476 ], [ 140.23808572915388, 35.79575260431308 ], [ 140.238057165945236, 35.795690524192864 ], [ 140.237005533317273, 35.796005461459735 ], [ 140.23703187441302, 35.796061365263476 ] ] ] } },
{ "type": "Feature", "properties": { "fid": 3917, "daicho_shubetsu_cd": "FUD25", "layer": "筆ポリゴン（2025年公開）_20260708233456", "fid_2": 5921, "事業年度": 2026, "物件番号": 6307, "GIS物件番号": null, "大字コード": 2040, "大字名": "吉高", "小字コード": 41, "小字名": "中", "__EMPTY": "吉高3350", "本番": 3350, "枝番": "1", "子番": 0, "孫番": false, "付番": false, "所在地番号": "2.0400410335e+28", "農地管理番号": 1, "耕地番号": 14, "所在地名": "吉高中3350-1", "マッチングさせるデータ": "吉高中3350-1", "空散対象区分1": 2, "空散対象区分2": null, "空散外面積1": 0, "空散外面積2": false, "集計転作面積": 0, "散布面積1": null, "散布面積2": null, "支払者集落": 0, "支払者集落名": null, "支払者コード": 0, "支払者名": null, "支払者住所": null, "支払者電話番号": null, "農地異動適用法": false, "農地異動適用法名": null, "利用集積計画番号": null, "適用法開始年月日": null, "適用法終了年月日": null, "備考": "石月　平一郎", "所有者世帯番号": 1813, "所有者個人番号": 2879, "借受者世帯番号": 1813, "借受者個人番号": 2879, "農地予備数字１": null, "農地予備数字２": null, "農地予備数字３": null, "農地予備数字４": null, "農地予備数字５": null, "農地予備文字１": null, "農地予備文字２": null, "農地予備文字３": null, "農地予備文字４": null, "農地予備文字５": null, "手動一致フラグ": null, "計算面積（アール）": 12, "散布班": "18-⑨", "地区名": "2026印西市" }, "geometry": { "type": "Polygon", "coordinates": [ [ [ 140.23808572915388, 35.79575260431308 ], [ 140.23703187441302, 35.796061365263476 ], [ 140.237081018999987, 35.796165665 ], [ 140.23712163, 35.7961545 ], [ 140.238132261, 35.795853738 ], [ 140.23808572915388, 35.79575260431308 ] ] ] } },
{ "type": "Feature", "properties": { "fid": 3918, "daicho_shubetsu_cd": "FUD25", "layer": "筆ポリゴン（2025年公開）_20260708233456", "fid_2": 5922, "事業年度": 2026, "物件番号": 6308, "GIS物件番号": null, "大字コード": 2040, "大字名": "吉高", "小字コード": 41, "小字名": "中", "__EMPTY": "吉高3350", "本番": 3350, "枝番": "2", "子番": 0, "孫番": false, "付番": false, "所在地番号": "2.0400410335e+28", "農地管理番号": 1, "耕地番号": 15, "所在地名": "吉高中3350-2", "マッチングさせるデータ": "吉高中3350-2", "空散対象区分1": 2, "空散対象区分2": null, "空散外面積1": 0, "空散外面積2": false, "集計転作面積": 0, "散布面積1": null, "散布面積2": null, "支払者集落": 0, "支払者集落名": null, "支払者コード": 0, "支払者名": null, "支払者住所": null, "支払者電話番号": null, "農地異動適用法": false, "農地異動適用法名": null, "利用集積計画番号": null, "適用法開始年月日": null, "適用法終了年月日": null, "備考": "石月　平一郎", "所有者世帯番号": 1813, "所有者個人番号": 2879, "借受者世帯番号": 1813, "借受者個人番号": 2879, "農地予備数字１": null, "農地予備数字２": null, "農地予備数字３": null, "農地予備数字４": null, "農地予備数字５": null, "農地予備文字１": null, "農地予備文字２": null, "農地予備文字３": null, "農地予備文字４": null, "農地予備文字５": null, "手動一致フラグ": null, "計算面積（アール）": 2, "散布班": "18-⑨", "地区名": "2026印西市" }, "geometry": { "type": "Polygon", "coordinates": [ [ [ 140.237110679000011, 35.796184126 ], [ 140.238140026392728, 35.795870000053355 ], [ 140.238132261, 35.795853738 ], [ 140.23712163, 35.7961545 ], [ 140.237110679000011, 35.796184126 ] ] ] } },
{ "type": "Feature", "properties": { "fid": 3924, "daicho_shubetsu_cd": "FUD25", "layer": "筆ポリゴン（2025年公開）_20260708233456", "fid_2": 5929, "事業年度": 2026, "物件番号": 5361, "GIS物件番号": null, "大字コード": 2040, "大字名": "吉高", "小字コード": 16, "小字名": "古木戸", "__EMPTY": "吉高2870", "本番": 2870, "枝番": "1", "子番": 0, "孫番": false, "付番": false, "所在地番号": "2.0400160287e+28", "農地管理番号": 1, "耕地番号": 8, "所在地名": "吉高古木戸2870-1", "マッチングさせるデータ": "吉高古木戸2870-1", "空散対象区分1": 2, "空散対象区分2": null, "空散外面積1": 0, "空散外面積2": false, "集計転作面積": 0, "散布面積1": null, "散布面積2": null, "支払者集落": 0, "支払者集落名": null, "支払者コード": 0, "支払者名": null, "支払者住所": null, "支払者電話番号": null, "農地異動適用法": false, "農地異動適用法名": null, "利用集積計画番号": null, "適用法開始年月日": null, "適用法終了年月日": null, "備考": "石月　良平", "所有者世帯番号": 1814, "所有者個人番号": 2883, "借受者世帯番号": 1814, "借受者個人番号": 2883, "農地予備数字１": null, "農地予備数字２": null, "農地予備数字３": null, "農地予備数字４": null, "農地予備数字５": null, "農地予備文字１": null, "農地予備文字２": null, "農地予備文字３": null, "農地予備文字４": null, "農地予備文字５": null, "手動一致フラグ": null, "計算面積（アール）": 6, "散布班": "18-⑧", "地区名": "2026印西市" }, "geometry": { "type": "Polygon", "coordinates": [ [ [ 140.234110670730757, 35.788917559630129 ], [ 140.233932901207055, 35.789123172573206 ], [ 140.234185187, 35.789369943 ], [ 140.234165952000012, 35.789268515 ], [ 140.23415484, 35.78915541 ], [ 140.234189484000012, 35.789059902 ], [ 140.234215455, 35.788985886 ], [ 140.234110670730757, 35.788917559630129 ] ] ] } },
{ "type": "Feature", "properties": { "fid": 3925, "daicho_shubetsu_cd": "FUD25", "layer": "筆ポリゴン（2025年公開）_20260708233456", "fid_2": 5930, "事業年度": 2026, "物件番号": 5362, "GIS物件番号": null, "大字コード": 2040, "大字名": "吉高", "小字コード": 16, "小字名": "古木戸", "__EMPTY": "吉高2870", "本番": 2870, "枝番": "2", "子番": 0, "孫番": false, "付番": false, "所在地番号": "2.0400160287e+28", "農地管理番号": 1, "耕地番号": 9, "所在地名": "吉高古木戸2870-2", "マッチングさせるデータ": "吉高古木戸2870-2", "空散対象区分1": 2, "空散対象区分2": null, "空散外面積1": 0, "空散外面積2": false, "集計転作面積": 0, "散布面積1": null, "散布面積2": null, "支払者集落": 0, "支払者集落名": null, "支払者コード": 0, "支払者名": null, "支払者住所": null, "支払者電話番号": null, "農地異動適用法": false, "農地異動適用法名": null, "利用集積計画番号": null, "適用法開始年月日": null, "適用法終了年月日": null, "備考": "石月　良平", "所有者世帯番号": 1814, "所有者個人番号": 2883, "借受者世帯番号": 1814, "借受者個人番号": 2883, "農地予備数字１": null, "農地予備数字２": null, "農地予備数字３": null, "農地予備数字４": null, "農地予備数字５": null, "農地予備文字１": null, "農地予備文字２": null, "農地予備文字３": null, "農地予備文字４": null, "農地予備文字５": null, "手動一致フラグ": null, "計算面積（アール）": 8, "散布班": "18-⑧", "地区名": "2026印西市" }, "geometry": { "type": "Polygon", "coordinates": [ [ [ 140.233846908477943, 35.78874556895466 ], [ 140.233706314973887, 35.788901539873201 ], [ 140.233932901207055, 35.789123172573206 ], [ 140.234110670730757, 35.788917559630129 ], [ 140.233846908477943, 35.78874556895466 ] ] ] } },
{ "type": "Feature", "properties": { "fid": 3926, "daicho_shubetsu_cd": "FUD25", "layer": "筆ポリゴン（2025年公開）_20260708233456", "fid_2": 5931, "事業年度": 2026, "物件番号": 5363, "GIS物件番号": null, "大字コード": 2040, "大字名": "吉高", "小字コード": 16, "小字名": "古木戸", "__EMPTY": "吉高2870", "本番": 2870, "枝番": "3", "子番": 0, "孫番": false, "付番": false, "所在地番号": "2.0400160287e+28", "農地管理番号": 1, "耕地番号": 10, "所在地名": "吉高古木戸2870-3", "マッチングさせるデータ": "吉高古木戸2870-3", "空散対象区分1": 2, "空散対象区分2": null, "空散外面積1": 0, "空散外面積2": false, "集計転作面積": 0, "散布面積1": null, "散布面積2": null, "支払者集落": 0, "支払者集落名": null, "支払者コード": 0, "支払者名": null, "支払者住所": null, "支払者電話番号": null, "農地異動適用法": false, "農地異動適用法名": null, "利用集積計画番号": null, "適用法開始年月日": null, "適用法終了年月日": null, "備考": "石月　良平", "所有者世帯番号": 1814, "所有者個人番号": 2883, "借受者世帯番号": 1814, "借受者個人番号": 2883, "農地予備数字１": null, "農地予備数字２": null, "農地予備数字３": null, "農地予備数字４": null, "農地予備数字５": null, "農地予備文字１": null, "農地予備文字２": null, "農地予備文字３": null, "農地予備文字４": null, "農地予備文字５": null, "手動一致フラグ": null, "計算面積（アール）": 4, "散布班": "18-⑧", "地区名": "2026印西市" }, "geometry": { "type": "Polygon", "coordinates": [ [ [ 140.233706314973887, 35.788901539873201 ], [ 140.233846908477943, 35.78874556895466 ], [ 140.233672678, 35.788631959 ], [ 140.233603332, 35.788682851 ], [ 140.233529196, 35.788728293 ], [ 140.233706314973887, 35.788901539873201 ] ] ] } },
{ "type": "Feature", "properties": { "fid": 3929, "daicho_shubetsu_cd": "FUD25", "layer": "筆ポリゴン（2025年公開）_20260708233456", "fid_2": 5935, "事業年度": 2026, "物件番号": 6246, "GIS物件番号": null, "大字コード": 2040, "大字名": "吉高", "小字コード": 41, "小字名": "中", "__EMPTY": "吉高3278", "本番": 3278, "枝番": "0", "子番": 0, "孫番": false, "付番": false, "所在地番号": "2.04004103278e+28", "農地管理番号": 1, "耕地番号": 14, "所在地名": "吉高中3278", "マッチングさせるデータ": "吉高中3278", "空散対象区分1": 2, "空散対象区分2": null, "空散外面積1": 0, "空散外面積2": false, "集計転作面積": 0, "散布面積1": null, "散布面積2": null, "支払者集落": 0, "支払者集落名": null, "支払者コード": 0, "支払者名": null, "支払者住所": null, "支払者電話番号": null, "農地異動適用法": false, "農地異動適用法名": null, "利用集積計画番号": null, "適用法開始年月日": null, "適用法終了年月日": null, "備考": "石月　良平", "所有者世帯番号": 1814, "所有者個人番号": 2883, "借受者世帯番号": 1814, "借受者個人番号": 2883, "農地予備数字１": null, "農地予備数字２": null, "農地予備数字３": null, "農地予備数字４": null, "農地予備数字５": null, "農地予備文字１": null, "農地予備文字２": null, "農地予備文字３": null, "農地予備文字４": null, "農地予備文字５": null, "手動一致フラグ": null, "計算面積（アール）": 17, "散布班": "18-⑨", "地区名": "2026印西市" }, "geometry": { "type": "Polygon", "coordinates": [ [ [ 140.242837366, 35.793607972 ], [ 140.242738083, 35.793485834 ], [ 140.241824622, 35.793997966 ], [ 140.241933004, 35.794122042 ], [ 140.242837366, 35.793607972 ] ] ] } },
{ "type": "Feature", "properties": { "fid": 3933, "daicho_shubetsu_cd": "FUD25", "layer": "筆ポリゴン（2025年公開）_20260708233456", "fid_2": 5939, "事業年度": 2026, "物件番号": 5342, "GIS物件番号": null, "大字コード": 2040, "大字名": "吉高", "小字コード": 15, "小字名": "若作", "__EMPTY": "吉高963", "本番": 963, "枝番": "0", "子番": 0, "孫番": false, "付番": false, "所在地番号": "2.04001500963e+28", "農地管理番号": 1, "耕地番号": 2, "所在地名": "吉高若作963", "マッチングさせるデータ": "吉高若作963", "空散対象区分1": 2, "空散対象区分2": null, "空散外面積1": 0, "空散外面積2": false, "集計転作面積": 0, "散布面積1": null, "散布面積2": null, "支払者集落": 0, "支払者集落名": null, "支払者コード": 0, "支払者名": null, "支払者住所": null, "支払者電話番号": null, "農地異動適用法": false, "農地異動適用法名": null, "利用集積計画番号": null, "適用法開始年月日": null, "適用法終了年月日": null, "備考": "土井　凱夫", "所有者世帯番号": 1821, "所有者個人番号": 3303, "借受者世帯番号": 1821, "借受者個人番号": 3303, "農地予備数字１": null, "農地予備数字２": null, "農地予備数字３": null, "農地予備数字４": null, "農地予備数字５": null, "農地予備文字１": null, "農地予備文字２": null, "農地予備文字３": null, "農地予備文字４": null, "農地予備文字５": null, "手動一致フラグ": null, "計算面積（アール）": 18, "散布班": "18-⑧", "地区名": "2026印西市" }, "geometry": { "type": "Polygon", "coordinates": [ [ [ 140.235320242, 35.787288522 ], [ 140.235405093, 35.787248391 ], [ 140.235467351000011, 35.787212146 ], [ 140.235490508999987, 35.787161192 ], [ 140.235487555, 35.787091247 ], [ 140.235458553, 35.78701503 ], [ 140.235385333000011, 35.78694108 ], [ 140.23532541, 35.786924322 ], [ 140.23513548, 35.786922837 ], [ 140.234945634000013, 35.78693831 ], [ 140.234909296000012, 35.78695539 ], [ 140.23486526, 35.786993694 ], [ 140.234790114, 35.787125631 ], [ 140.235320242, 35.787288522 ] ] ] } },
{ "type": "Feature", "properties": { "fid": 3934, "daicho_shubetsu_cd": "FUD25", "layer": "筆ポリゴン（2025年公開）_20260708233456", "fid_2": 5940, "事業年度": 2026, "物件番号": 5343, "GIS物件番号": null, "大字コード": 2040, "大字名": "吉高", "小字コード": 15, "小字名": "若作", "__EMPTY": "吉高964", "本番": 964, "枝番": "0", "子番": 0, "孫番": false, "付番": false, "所在地番号": "2.04001500964e+28", "農地管理番号": 1, "耕地番号": 3, "所在地名": "吉高若作964", "マッチングさせるデータ": "吉高若作964", "空散対象区分1": 2, "空散対象区分2": null, "空散外面積1": 0, "空散外面積2": false, "集計転作面積": 0, "散布面積1": null, "散布面積2": null, "支払者集落": 0, "支払者集落名": null, "支払者コード": 0, "支払者名": null, "支払者住所": null, "支払者電話番号": null, "農地異動適用法": false, "農地異動適用法名": null, "利用集積計画番号": null, "適用法開始年月日": null, "適用法終了年月日": null, "備考": "土井　凱夫", "所有者世帯番号": 1821, "所有者個人番号": 3303, "借受者世帯番号": 1821, "借受者個人番号": 3303, "農地予備数字１": null, "農地予備数字２": null, "農地予備数字３": null, "農地予備数字４": null, "農地予備数字５": null, "農地予備文字１": null, "農地予備文字２": null, "農地予備文字３": null, "農地予備文字４": null, "農地予備文字５": null, "手動一致フラグ": null, "計算面積（アール）": 16, "散布班": "18-⑧", "地区名": "2026印西市" }, "geometry": { "type": "Polygon", "coordinates": [ [ [ 140.23512306, 35.78755671 ], [ 140.235151218999988, 35.787465463 ], [ 140.235213221, 35.787378343 ], [ 140.235301271999987, 35.787297494 ], [ 140.235320242, 35.787288522 ], [ 140.234790114, 35.787125631 ], [ 140.234630579, 35.787405726 ], [ 140.23512306, 35.78755671 ] ] ] } },
{ "type": "Feature", "properties": { "fid": 3935, "daicho_shubetsu_cd": "FUD25", "layer": "筆ポリゴン（2025年公開）_20260708233456", "fid_2": 5941, "事業年度": 2026, "物件番号": 5468, "GIS物件番号": null, "大字コード": 2040, "大字名": "吉高", "小字コード": 18, "小字名": "仲田", "__EMPTY": "吉高2964", "本番": 2964, "枝番": "0", "子番": 0, "孫番": false, "付番": false, "所在地番号": "2.04001802964e+28", "農地管理番号": 1, "耕地番号": 4, "所在地名": "吉高仲田2964", "マッチングさせるデータ": "吉高仲田2964", "空散対象区分1": 2, "空散対象区分2": null, "空散外面積1": 0, "空散外面積2": false, "集計転作面積": 0, "散布面積1": null, "散布面積2": null, "支払者集落": 0, "支払者集落名": null, "支払者コード": 0, "支払者名": null, "支払者住所": null, "支払者電話番号": null, "農地異動適用法": false, "農地異動適用法名": null, "利用集積計画番号": null, "適用法開始年月日": null, "適用法終了年月日": null, "備考": "土井　凱夫", "所有者世帯番号": 1821, "所有者個人番号": 3303, "借受者世帯番号": 1821, "借受者個人番号": 3303, "農地予備数字１": null, "農地予備数字２": null, "農地予備数字３": null, "農地予備数字４": null, "農地予備数字５": null, "農地予備文字１": null, "農地予備文字２": null, "農地予備文字３": null, "農地予備文字４": null, "農地予備文字５": null, "手動一致フラグ": null, "計算面積（アール）": 13, "散布班": "18-⑧", "地区名": "2026印西市" }, "geometry": { "type": "Polygon", "coordinates": [ [ [ 140.231608987011924, 35.791128832717547 ], [ 140.232071219258586, 35.790855678191114 ], [ 140.23190863, 35.790670082 ], [ 140.231440568000011, 35.790941045 ], [ 140.231608987011924, 35.791128832717547 ] ] ] } },
{ "type": "Feature", "properties": { "fid": 3936, "daicho_shubetsu_cd": "FUD25", "layer": "筆ポリゴン（2025年公開）_20260708233456", "fid_2": 5942, "事業年度": 2026, "物件番号": 5469, "GIS物件番号": null, "大字コード": 2040, "大字名": "吉高", "小字コード": 18, "小字名": "仲田", "__EMPTY": "吉高2965", "本番": 2965, "枝番": "0", "子番": 0, "孫番": false, "付番": false, "所在地番号": "2.04001802965e+28", "農地管理番号": 1, "耕地番号": 5, "所在地名": "吉高仲田2965", "マッチングさせるデータ": "吉高仲田2965", "空散対象区分1": 2, "空散対象区分2": null, "空散外面積1": 0, "空散外面積2": false, "集計転作面積": 0, "散布面積1": null, "散布面積2": null, "支払者集落": 0, "支払者集落名": null, "支払者コード": 0, "支払者名": null, "支払者住所": null, "支払者電話番号": null, "農地異動適用法": false, "農地異動適用法名": null, "利用集積計画番号": null, "適用法開始年月日": null, "適用法終了年月日": null, "備考": "土井　凱夫", "所有者世帯番号": 1821, "所有者個人番号": 3303, "借受者世帯番号": 1821, "借受者個人番号": 3303, "農地予備数字１": null, "農地予備数字２": null, "農地予備数字３": null, "農地予備数字４": null, "農地予備数字５": null, "農地予備文字１": null, "農地予備文字２": null, "農地予備文字３": null, "農地予備文字４": null, "農地予備文字５": null, "手動一致フラグ": null, "計算面積（アール）": 11, "散布班": "18-⑧", "地区名": "2026印西市" }, "geometry": { "type": "Polygon", "coordinates": [ [ [ 140.232071219258586, 35.790855678191114 ], [ 140.231608987011924, 35.791128832717547 ], [ 140.23173896, 35.791273753 ], [ 140.232205584000013, 35.791009056 ], [ 140.232071219258586, 35.790855678191114 ] ] ] } },
{ "type": "Feature", "properties": { "fid": 3937, "daicho_shubetsu_cd": "FUD25", "layer": "筆ポリゴン（2025年公開）_20260708233456", "fid_2": 5943, "事業年度": 2026, "物件番号": 6238, "GIS物件番号": null, "大字コード": 2040, "大字名": "吉高", "小字コード": 41, "小字名": "中", "__EMPTY": "吉高3263", "本番": 3263, "枝番": "0", "子番": 0, "孫番": false, "付番": false, "所在地番号": "2.04004103263e+28", "農地管理番号": 1, "耕地番号": 6, "所在地名": "吉高中3263", "マッチングさせるデータ": "吉高中3263", "空散対象区分1": 2, "空散対象区分2": null, "空散外面積1": 0, "空散外面積2": false, "集計転作面積": 0, "散布面積1": null, "散布面積2": null, "支払者集落": 0, "支払者集落名": null, "支払者コード": 0, "支払者名": null, "支払者住所": null, "支払者電話番号": null, "農地異動適用法": false, "農地異動適用法名": null, "利用集積計画番号": null, "適用法開始年月日": null, "適用法終了年月日": null, "備考": "土井　凱夫", "所有者世帯番号": 1821, "所有者個人番号": 3303, "借受者世帯番号": 1821, "借受者個人番号": 3303, "農地予備数字１": null, "農地予備数字２": null, "農地予備数字３": null, "農地予備数字４": null, "農地予備数字５": null, "農地予備文字１": null, "農地予備文字２": null, "農地予備文字３": null, "農地予備文字４": null, "農地予備文字５": null, "手動一致フラグ": null, "計算面積（アール）": 33, "散布班": "18-⑨", "地区名": "2026印西市" }, "geometry": { "type": "Polygon", "coordinates": [ [ [ 140.243546974, 35.794299692 ], [ 140.243605107, 35.794304753 ], [ 140.244730163000014, 35.793657206 ], [ 140.244296594, 35.793588734 ], [ 140.243390656, 35.794109705 ], [ 140.243546974, 35.794299692 ] ] ] } },
{ "type": "Feature", "properties": { "fid": 3938, "daicho_shubetsu_cd": "FUD25", "layer": "筆ポリゴン（2025年公開）_20260708233456", "fid_2": 5944, "事業年度": 2026, "物件番号": 6240, "GIS物件番号": null, "大字コード": 2040, "大字名": "吉高", "小字コード": 41, "小字名": "中", "__EMPTY": "吉高3269", "本番": 3269, "枝番": "0", "子番": 0, "孫番": false, "付番": false, "所在地番号": "2.04004103269e+28", "農地管理番号": 1, "耕地番号": 7, "所在地名": "吉高中3269", "マッチングさせるデータ": "吉高中3269", "空散対象区分1": 2, "空散対象区分2": null, "空散外面積1": 0, "空散外面積2": false, "集計転作面積": 0, "散布面積1": null, "散布面積2": null, "支払者集落": 0, "支払者集落名": null, "支払者コード": 0, "支払者名": null, "支払者住所": null, "支払者電話番号": null, "農地異動適用法": false, "農地異動適用法名": null, "利用集積計画番号": null, "適用法開始年月日": null, "適用法終了年月日": null, "備考": "土井　凱夫", "所有者世帯番号": 1821, "所有者個人番号": 3303, "借受者世帯番号": 1821, "借受者個人番号": 3303, "農地予備数字１": null, "農地予備数字２": null, "農地予備数字３": null, "農地予備数字４": null, "農地予備数字５": null, "農地予備文字１": null, "農地予備文字２": null, "農地予備文字３": null, "農地予備文字４": null, "農地予備文字５": null, "手動一致フラグ": null, "計算面積（アール）": 17, "散布班": "18-⑨", "地区名": "2026印西市" }, "geometry": { "type": "Polygon", "coordinates": [ [ [ 140.243691633350494, 35.794475752063569 ], [ 140.244609210122263, 35.793956030845195 ], [ 140.244519098000012, 35.79385004 ], [ 140.244475497, 35.793846244 ], [ 140.24359336, 35.794352934 ], [ 140.243691633350494, 35.794475752063569 ] ] ] } },
{ "type": "Feature", "properties": { "fid": 3940, "daicho_shubetsu_cd": "FUD25", "layer": "筆ポリゴン（2025年公開）_20260708233456", "fid_2": 5946, "事業年度": 2026, "物件番号": 6662, "GIS物件番号": null, "大字コード": 2041, "大字名": "吉高干拓", "小字コード": 0, "小字名": null, "__EMPTY": "吉高干拓177", "本番": 177, "枝番": "0", "子番": 0, "孫番": false, "付番": false, "所在地番号": "2.04100000177e+28", "農地管理番号": 1, "耕地番号": 9, "所在地名": "吉高干拓177", "マッチングさせるデータ": "吉高干拓177", "空散対象区分1": 2, "空散対象区分2": null, "空散外面積1": 0, "空散外面積2": false, "集計転作面積": 0, "散布面積1": null, "散布面積2": null, "支払者集落": 0, "支払者集落名": null, "支払者コード": 0, "支払者名": null, "支払者住所": null, "支払者電話番号": null, "農地異動適用法": false, "農地異動適用法名": null, "利用集積計画番号": null, "適用法開始年月日": null, "適用法終了年月日": null, "備考": "土井　凱夫", "所有者世帯番号": 1821, "所有者個人番号": 3303, "借受者世帯番号": 1821, "借受者個人番号": 3303, "農地予備数字１": null, "農地予備数字２": null, "農地予備数字３": null, "農地予備数字４": null, "農地予備数字５": null, "農地予備文字１": null, "農地予備文字２": null, "農地予備文字３": null, "農地予備文字４": null, "農地予備文字５": null, "手動一致フラグ": null, "計算面積（アール）": 14, "散布班": "18-⑨", "地区名": "2026印西市" }, "geometry": { "type": "Polygon", "coordinates": [ [ [ 140.244609210122263, 35.793956030845195 ], [ 140.243691633350494, 35.794475752063569 ], [ 140.243779511000014, 35.794585578 ], [ 140.24469589200001, 35.794057987 ], [ 140.244609210122263, 35.793956030845195 ] ] ] } },
{ "type": "Feature", "properties": { "fid": 3959, "daicho_shubetsu_cd": "FUD25", "layer": "筆ポリゴン（2025年公開）_20260708233456", "fid_2": 5969, "事業年度": 2026, "物件番号": 5394, "GIS物件番号": null, "大字コード": 2040, "大字名": "吉高", "小字コード": 16, "小字名": "古木戸", "__EMPTY": "吉高2898", "本番": 2898, "枝番": "1", "子番": 0, "孫番": false, "付番": false, "所在地番号": "2.04001602898e+28", "農地管理番号": 1, "耕地番号": 11, "所在地名": "吉高古木戸2898-1", "マッチングさせるデータ": "吉高古木戸2898-1", "空散対象区分1": 2, "空散対象区分2": null, "空散外面積1": 0, "空散外面積2": false, "集計転作面積": 0, "散布面積1": null, "散布面積2": null, "支払者集落": 0, "支払者集落名": null, "支払者コード": 0, "支払者名": null, "支払者住所": null, "支払者電話番号": null, "農地異動適用法": false, "農地異動適用法名": null, "利用集積計画番号": null, "適用法開始年月日": null, "適用法終了年月日": null, "備考": "須藤　正義", "所有者世帯番号": 1827, "所有者個人番号": 3107, "借受者世帯番号": 1827, "借受者個人番号": 3107, "農地予備数字１": null, "農地予備数字２": null, "農地予備数字３": null, "農地予備数字４": null, "農地予備数字５": null, "農地予備文字１": null, "農地予備文字２": null, "農地予備文字３": null, "農地予備文字４": null, "農地予備文字５": null, "手動一致フラグ": null, "計算面積（アール）": 8, "散布班": "18-⑧", "地区名": "2026印西市" }, "geometry": { "type": "Polygon", "coordinates": [ [ [ 140.233220652558543, 35.78956474339298 ], [ 140.232738592044711, 35.789843995276414 ], [ 140.232788695000011, 35.789906152 ], [ 140.232868521, 35.789968082 ], [ 140.23295851200001, 35.789901071 ], [ 140.233043023, 35.789826861 ], [ 140.233142218000012, 35.789762141 ], [ 140.233238568, 35.789714124 ], [ 140.233329160000011, 35.789685205 ], [ 140.233220652558543, 35.78956474339298 ] ] ] } },
{ "type": "Feature", "properties": { "fid": 3960, "daicho_shubetsu_cd": "FUD25", "layer": "筆ポリゴン（2025年公開）_20260708233456", "fid_2": 5970, "事業年度": 2026, "物件番号": 5395, "GIS物件番号": null, "大字コード": 2040, "大字名": "吉高", "小字コード": 16, "小字名": "古木戸", "__EMPTY": "吉高2898", "本番": 2898, "枝番": "2", "子番": 0, "孫番": false, "付番": false, "所在地番号": "2.04001602898e+28", "農地管理番号": 1, "耕地番号": 12, "所在地名": "吉高古木戸2898-2", "マッチングさせるデータ": "吉高古木戸2898-2", "空散対象区分1": 2, "空散対象区分2": null, "空散外面積1": 0, "空散外面積2": false, "集計転作面積": 0, "散布面積1": null, "散布面積2": null, "支払者集落": 0, "支払者集落名": null, "支払者コード": 0, "支払者名": null, "支払者住所": null, "支払者電話番号": null, "農地異動適用法": false, "農地異動適用法名": null, "利用集積計画番号": null, "適用法開始年月日": null, "適用法終了年月日": null, "備考": "須藤　正義", "所有者世帯番号": 1827, "所有者個人番号": 3107, "借受者世帯番号": 1827, "借受者個人番号": 3107, "農地予備数字１": null, "農地予備数字２": null, "農地予備数字３": null, "農地予備数字４": null, "農地予備数字５": null, "農地予備文字１": null, "農地予備文字２": null, "農地予備文字３": null, "農地予備文字４": null, "農地予備文字５": null, "手動一致フラグ": null, "計算面積（アール）": 15, "散布班": "18-⑧", "地区名": "2026印西市" }, "geometry": { "type": "Polygon", "coordinates": [ [ [ 140.232738592044711, 35.789843995276414 ], [ 140.233220652558543, 35.78956474339298 ], [ 140.233037236, 35.78936112 ], [ 140.232567862, 35.789632191 ], [ 140.232738592044711, 35.789843995276414 ] ] ] } },
{ "type": "Feature", "properties": { "fid": 3961, "daicho_shubetsu_cd": "FUD25", "layer": "筆ポリゴン（2025年公開）_20260708233456", "fid_2": 5971, "事業年度": 2026, "物件番号": 5396, "GIS物件番号": null, "大字コード": 2040, "大字名": "吉高", "小字コード": 16, "小字名": "古木戸", "__EMPTY": "吉高2899", "本番": 2899, "枝番": "0", "子番": 0, "孫番": false, "付番": false, "所在地番号": "2.04001602899e+28", "農地管理番号": 1, "耕地番号": 13, "所在地名": "吉高古木戸2899", "マッチングさせるデータ": "吉高古木戸2899", "空散対象区分1": 2, "空散対象区分2": null, "空散外面積1": 0, "空散外面積2": false, "集計転作面積": 0, "散布面積1": null, "散布面積2": null, "支払者集落": 0, "支払者集落名": null, "支払者コード": 0, "支払者名": null, "支払者住所": null, "支払者電話番号": null, "農地異動適用法": false, "農地異動適用法名": null, "利用集積計画番号": null, "適用法開始年月日": null, "適用法終了年月日": null, "備考": "須藤　正義", "所有者世帯番号": 1827, "所有者個人番号": 3107, "借受者世帯番号": 1827, "借受者個人番号": 3107, "農地予備数字１": null, "農地予備数字２": null, "農地予備数字３": null, "農地予備数字４": null, "農地予備数字５": null, "農地予備文字１": null, "農地予備文字２": null, "農地予備文字３": null, "農地予備文字４": null, "農地予備文字５": null, "手動一致フラグ": null, "計算面積（アール）": 21, "散布班": "18-⑧", "地区名": "2026印西市" }, "geometry": { "type": "Polygon", "coordinates": [ [ [ 140.232760952, 35.789043924 ], [ 140.232299869, 35.789312558 ], [ 140.232546243, 35.789614989 ], [ 140.233011891, 35.789351261 ], [ 140.232760952, 35.789043924 ] ] ] } },
{ "type": "Feature", "properties": { "fid": 3962, "daicho_shubetsu_cd": "FUD25", "layer": "筆ポリゴン（2025年公開）_20260708233456", "fid_2": 5972, "事業年度": 2026, "物件番号": 5494, "GIS物件番号": null, "大字コード": 2040, "大字名": "吉高", "小字コード": 18, "小字名": "仲田", "__EMPTY": "吉高2989", "本番": 2989, "枝番": "1", "子番": 0, "孫番": false, "付番": false, "所在地番号": "2.04001802989e+28", "農地管理番号": 1, "耕地番号": 14, "所在地名": "吉高仲田2989-1", "マッチングさせるデータ": "吉高仲田2989-1", "空散対象区分1": 2, "空散対象区分2": null, "空散外面積1": 0, "空散外面積2": false, "集計転作面積": 0, "散布面積1": null, "散布面積2": null, "支払者集落": 0, "支払者集落名": null, "支払者コード": 0, "支払者名": null, "支払者住所": null, "支払者電話番号": null, "農地異動適用法": false, "農地異動適用法名": null, "利用集積計画番号": null, "適用法開始年月日": null, "適用法終了年月日": null, "備考": "須藤　正義", "所有者世帯番号": 1827, "所有者個人番号": 3107, "借受者世帯番号": 1827, "借受者個人番号": 3107, "農地予備数字１": null, "農地予備数字２": null, "農地予備数字３": null, "農地予備数字４": null, "農地予備数字５": null, "農地予備文字１": null, "農地予備文字２": null, "農地予備文字３": null, "農地予備文字４": null, "農地予備文字５": null, "手動一致フラグ": null, "計算面積（アール）": 7, "散布班": "18-⑧", "地区名": "2026印西市" }, "geometry": { "type": "Polygon", "coordinates": [ [ [ 140.230478649525509, 35.791550453775422 ], [ 140.230947240601239, 35.791275953677804 ], [ 140.230864543, 35.79118308 ], [ 140.230422639000011, 35.791439943 ], [ 140.230414481999986, 35.79148224 ], [ 140.230478649525509, 35.791550453775422 ] ] ] } },
{ "type": "Feature", "properties": { "fid": 3963, "daicho_shubetsu_cd": "FUD25", "layer": "筆ポリゴン（2025年公開）_20260708233456", "fid_2": 5973, "事業年度": 2026, "物件番号": 5495, "GIS物件番号": null, "大字コード": 2040, "大字名": "吉高", "小字コード": 18, "小字名": "仲田", "__EMPTY": "吉高2989", "本番": 2989, "枝番": "2", "子番": 0, "孫番": false, "付番": false, "所在地番号": "2.04001802989e+28", "農地管理番号": 1, "耕地番号": 15, "所在地名": "吉高仲田2989-2", "マッチングさせるデータ": "吉高仲田2989-2", "空散対象区分1": 2, "空散対象区分2": null, "空散外面積1": 0, "空散外面積2": false, "集計転作面積": 0, "散布面積1": null, "散布面積2": null, "支払者集落": 0, "支払者集落名": null, "支払者コード": 0, "支払者名": null, "支払者住所": null, "支払者電話番号": null, "農地異動適用法": false, "農地異動適用法名": null, "利用集積計画番号": null, "適用法開始年月日": null, "適用法終了年月日": null, "備考": "須藤　正義", "所有者世帯番号": 1827, "所有者個人番号": 3107, "借受者世帯番号": 1827, "借受者個人番号": 3107, "農地予備数字１": null, "農地予備数字２": null, "農地予備数字３": null, "農地予備数字４": null, "農地予備数字５": null, "農地予備文字１": null, "農地予備文字２": null, "農地予備文字３": null, "農地予備文字４": null, "農地予備文字５": null, "手動一致フラグ": null, "計算面積（アール）": 3, "散布班": "18-⑧", "地区名": "2026印西市" }, "geometry": { "type": "Polygon", "coordinates": [ [ [ 140.230947240601239, 35.791275953677804 ], [ 140.230478649525509, 35.791550453775422 ], [ 140.230510809210301, 35.791584641372623 ], [ 140.230980064529689, 35.791312816644918 ], [ 140.230947240601239, 35.791275953677804 ] ] ] } },
{ "type": "Feature", "properties": { "fid": 3964, "daicho_shubetsu_cd": "FUD25", "layer": "筆ポリゴン（2025年公開）_20260708233456", "fid_2": 5974, "事業年度": 2026, "物件番号": 5496, "GIS物件番号": null, "大字コード": 2040, "大字名": "吉高", "小字コード": 18, "小字名": "仲田", "__EMPTY": "吉高2989", "本番": 2989, "枝番": "3", "子番": 0, "孫番": false, "付番": false, "所在地番号": "2.04001802989e+28", "農地管理番号": 1, "耕地番号": 16, "所在地名": "吉高仲田2989-3", "マッチングさせるデータ": "吉高仲田2989-3", "空散対象区分1": 2, "空散対象区分2": null, "空散外面積1": 0, "空散外面積2": false, "集計転作面積": 0, "散布面積1": null, "散布面積2": null, "支払者集落": 0, "支払者集落名": null, "支払者コード": 0, "支払者名": null, "支払者住所": null, "支払者電話番号": null, "農地異動適用法": false, "農地異動適用法名": null, "利用集積計画番号": null, "適用法開始年月日": null, "適用法終了年月日": null, "備考": "須藤　正義", "所有者世帯番号": 1827, "所有者個人番号": 3107, "借受者世帯番号": 1827, "借受者個人番号": 3107, "農地予備数字１": null, "農地予備数字２": null, "農地予備数字３": null, "農地予備数字４": null, "農地予備数字５": null, "農地予備文字１": null, "農地予備文字２": null, "農地予備文字３": null, "農地予備文字４": null, "農地予備文字５": null, "手動一致フラグ": null, "計算面積（アール）": 3, "散布班": "18-⑧", "地区名": "2026印西市" }, "geometry": { "type": "Polygon", "coordinates": [ [ [ 140.230980064529689, 35.791312816644918 ], [ 140.230510809210301, 35.791584641372623 ], [ 140.230545624049455, 35.791621651551822 ], [ 140.231011003695329, 35.791347562926035 ], [ 140.230980064529689, 35.791312816644918 ] ] ] } },
{ "type": "Feature", "properties": { "fid": 3965, "daicho_shubetsu_cd": "FUD25", "layer": "筆ポリゴン（2025年公開）_20260708233456", "fid_2": 5975, "事業年度": 2026, "物件番号": 5497, "GIS物件番号": null, "大字コード": 2040, "大字名": "吉高", "小字コード": 18, "小字名": "仲田", "__EMPTY": "吉高2989", "本番": 2989, "枝番": "4", "子番": 0, "孫番": false, "付番": false, "所在地番号": "2.04001802989e+28", "農地管理番号": 1, "耕地番号": 17, "所在地名": "吉高仲田2989-4", "マッチングさせるデータ": "吉高仲田2989-4", "空散対象区分1": 2, "空散対象区分2": null, "空散外面積1": 0, "空散外面積2": false, "集計転作面積": 0, "散布面積1": null, "散布面積2": null, "支払者集落": 0, "支払者集落名": null, "支払者コード": 0, "支払者名": null, "支払者住所": null, "支払者電話番号": null, "農地異動適用法": false, "農地異動適用法名": null, "利用集積計画番号": null, "適用法開始年月日": null, "適用法終了年月日": null, "備考": "須藤　正義", "所有者世帯番号": 1827, "所有者個人番号": 3107, "借受者世帯番号": 1827, "借受者個人番号": 3107, "農地予備数字１": null, "農地予備数字２": null, "農地予備数字３": null, "農地予備数字４": null, "農地予備数字５": null, "農地予備文字１": null, "農地予備文字２": null, "農地予備文字３": null, "農地予備文字４": null, "農地予備文字５": null, "手動一致フラグ": null, "計算面積（アール）": 2, "散布班": "18-⑧", "地区名": "2026印西市" }, "geometry": { "type": "Polygon", "coordinates": [ [ [ 140.231011003695329, 35.791347562926035 ], [ 140.230545624049455, 35.791621651551822 ], [ 140.230574319999988, 35.791652157 ], [ 140.230594347, 35.791641182 ], [ 140.231037445999988, 35.791377259 ], [ 140.231011003695329, 35.791347562926035 ] ] ] } },
{ "type": "Feature", "properties": { "fid": 3966, "daicho_shubetsu_cd": "FUD25", "layer": "筆ポリゴン（2025年公開）_20260708233456", "fid_2": 5976, "事業年度": 2026, "物件番号": 5498, "GIS物件番号": null, "大字コード": 2040, "大字名": "吉高", "小字コード": 18, "小字名": "仲田", "__EMPTY": "吉高2990", "本番": 2990, "枝番": "0", "子番": 0, "孫番": false, "付番": false, "所在地番号": "2.0400180299e+28", "農地管理番号": 1, "耕地番号": 29, "所在地名": "吉高仲田2990", "マッチングさせるデータ": "吉高仲田2990", "空散対象区分1": 2, "空散対象区分2": null, "空散外面積1": 0, "空散外面積2": false, "集計転作面積": 0, "散布面積1": null, "散布面積2": null, "支払者集落": 0, "支払者集落名": null, "支払者コード": 0, "支払者名": null, "支払者住所": null, "支払者電話番号": null, "農地異動適用法": false, "農地異動適用法名": null, "利用集積計画番号": null, "適用法開始年月日": null, "適用法終了年月日": null, "備考": "須藤　隆", "所有者世帯番号": 1911, "所有者個人番号": 3152, "借受者世帯番号": 1827, "借受者個人番号": 3107, "農地予備数字１": null, "農地予備数字２": null, "農地予備数字３": null, "農地予備数字４": null, "農地予備数字５": null, "農地予備文字１": null, "農地予備文字２": null, "農地予備文字３": null, "農地予備文字４": null, "農地予備文字５": null, "手動一致フラグ": null, "計算面積（アール）": 16, "散布班": "18-⑧", "地区名": "2026印西市" }, "geometry": { "type": "Polygon", "coordinates": [ [ [ 140.230765936670167, 35.791874780981601 ], [ 140.231231040358523, 35.791602705643626 ], [ 140.231037445999988, 35.791377259 ], [ 140.230594347, 35.791641182 ], [ 140.230596521, 35.791677677 ], [ 140.230765936670167, 35.791874780981601 ] ] ] } },
{ "type": "Feature", "properties": { "fid": 3967, "daicho_shubetsu_cd": "FUD25", "layer": "筆ポリゴン（2025年公開）_20260708233456", "fid_2": 5977, "事業年度": 2026, "物件番号": 5499, "GIS物件番号": null, "大字コード": 2040, "大字名": "吉高", "小字コード": 18, "小字名": "仲田", "__EMPTY": "吉高2991", "本番": 2991, "枝番": "0", "子番": 0, "孫番": false, "付番": false, "所在地番号": "2.04001802991e+28", "農地管理番号": 1, "耕地番号": 30, "所在地名": "吉高仲田2991", "マッチングさせるデータ": "吉高仲田2991", "空散対象区分1": 2, "空散対象区分2": null, "空散外面積1": 0, "空散外面積2": false, "集計転作面積": 0, "散布面積1": null, "散布面積2": null, "支払者集落": 0, "支払者集落名": null, "支払者コード": 0, "支払者名": null, "支払者住所": null, "支払者電話番号": null, "農地異動適用法": false, "農地異動適用法名": null, "利用集積計画番号": null, "適用法開始年月日": null, "適用法終了年月日": null, "備考": "須藤　隆", "所有者世帯番号": 1911, "所有者個人番号": 3152, "借受者世帯番号": 1827, "借受者個人番号": 3107, "農地予備数字１": null, "農地予備数字２": null, "農地予備数字３": null, "農地予備数字４": null, "農地予備数字５": null, "農地予備文字１": null, "農地予備文字２": null, "農地予備文字３": null, "農地予備文字４": null, "農地予備文字５": null, "手動一致フラグ": null, "計算面積（アール）": 11, "散布班": "18-⑧", "地区名": "2026印西市" }, "geometry": { "type": "Polygon", "coordinates": [ [ [ 140.231231040358523, 35.791602705643626 ], [ 140.230765936670167, 35.791874780981601 ], [ 140.230906842677427, 35.792038715846836 ], [ 140.231370993800851, 35.791765685774237 ], [ 140.231231040358523, 35.791602705643626 ] ] ] } },
{ "type": "Feature", "properties": { "fid": 3968, "daicho_shubetsu_cd": "FUD25", "layer": "筆ポリゴン（2025年公開）_20260708233456", "fid_2": 5978, "事業年度": 2026, "物件番号": 5500, "GIS物件番号": null, "大字コード": 2040, "大字名": "吉高", "小字コード": 18, "小字名": "仲田", "__EMPTY": "吉高2992", "本番": 2992, "枝番": "0", "子番": 0, "孫番": false, "付番": false, "所在地番号": "2.04001802992e+28", "農地管理番号": 1, "耕地番号": 31, "所在地名": "吉高仲田2992", "マッチングさせるデータ": "吉高仲田2992", "空散対象区分1": 2, "空散対象区分2": null, "空散外面積1": 0, "空散外面積2": false, "集計転作面積": 0, "散布面積1": null, "散布面積2": null, "支払者集落": 0, "支払者集落名": null, "支払者コード": 0, "支払者名": null, "支払者住所": null, "支払者電話番号": null, "農地異動適用法": false, "農地異動適用法名": null, "利用集積計画番号": null, "適用法開始年月日": null, "適用法終了年月日": null, "備考": "須藤　隆", "所有者世帯番号": 1911, "所有者個人番号": 3152, "借受者世帯番号": 1827, "借受者個人番号": 3107, "農地予備数字１": null, "農地予備数字２": null, "農地予備数字３": null, "農地予備数字４": null, "農地予備数字５": null, "農地予備文字１": null, "農地予備文字２": null, "農地予備文字３": null, "農地予備文字４": null, "農地予備文字５": null, "手動一致フラグ": null, "計算面積（アール）": 8, "散布班": "18-⑧", "地区名": "2026印西市" }, "geometry": { "type": "Polygon", "coordinates": [ [ [ 140.231370993800851, 35.791765685774237 ], [ 140.230906842677427, 35.792038715846836 ], [ 140.231007401999989, 35.79215571 ], [ 140.231471905, 35.7918832 ], [ 140.231370993800851, 35.791765685774237 ] ] ] } },
{ "type": "Feature", "properties": { "fid": 3969, "daicho_shubetsu_cd": "FUD25", "layer": "筆ポリゴン（2025年公開）_20260708233456", "fid_2": 5979, "事業年度": 2026, "物件番号": 5501, "GIS物件番号": null, "大字コード": 2040, "大字名": "吉高", "小字コード": 18, "小字名": "仲田", "__EMPTY": "吉高2993", "本番": 2993, "枝番": "0", "子番": 0, "孫番": false, "付番": false, "所在地番号": "2.04001802993e+28", "農地管理番号": 1, "耕地番号": 32, "所在地名": "吉高仲田2993", "マッチングさせるデータ": "吉高仲田2993", "空散対象区分1": 2, "空散対象区分2": null, "空散外面積1": 0, "空散外面積2": false, "集計転作面積": 0, "散布面積1": null, "散布面積2": null, "支払者集落": 0, "支払者集落名": null, "支払者コード": 0, "支払者名": null, "支払者住所": null, "支払者電話番号": null, "農地異動適用法": false, "農地異動適用法名": null, "利用集積計画番号": null, "適用法開始年月日": null, "適用法終了年月日": null, "備考": "須藤　隆", "所有者世帯番号": 1911, "所有者個人番号": 3152, "借受者世帯番号": 1827, "借受者個人番号": 3107, "農地予備数字１": null, "農地予備数字２": null, "農地予備数字３": null, "農地予備数字４": null, "農地予備数字５": null, "農地予備文字１": null, "農地予備文字２": null, "農地予備文字３": null, "農地予備文字４": null, "農地予備文字５": null, "手動一致フラグ": null, "計算面積（アール）": 9, "散布班": "18-⑧", "地区名": "2026印西市" }, "geometry": { "type": "Polygon", "coordinates": [ [ [ 140.231131944, 35.792286823 ], [ 140.231586650044022, 35.792013331488576 ], [ 140.231471905, 35.7918832 ], [ 140.231007401999989, 35.79215571 ], [ 140.231131944, 35.792286823 ] ] ] } },
{ "type": "Feature", "properties": { "fid": 3970, "daicho_shubetsu_cd": "FUD25", "layer": "筆ポリゴン（2025年公開）_20260708233456", "fid_2": 5980, "事業年度": 2026, "物件番号": 5502, "GIS物件番号": null, "大字コード": 2040, "大字名": "吉高", "小字コード": 18, "小字名": "仲田", "__EMPTY": "吉高2994", "本番": 2994, "枝番": "0", "子番": 0, "孫番": false, "付番": false, "所在地番号": "2.04001802994e+28", "農地管理番号": 1, "耕地番号": 33, "所在地名": "吉高仲田2994", "マッチングさせるデータ": "吉高仲田2994", "空散対象区分1": 2, "空散対象区分2": null, "空散外面積1": 0, "空散外面積2": false, "集計転作面積": 414, "散布面積1": 0, "散布面積2": false, "支払者集落": 0, "支払者集落名": null, "支払者コード": 0, "支払者名": null, "支払者住所": null, "支払者電話番号": null, "農地異動適用法": false, "農地異動適用法名": null, "利用集積計画番号": null, "適用法開始年月日": null, "適用法終了年月日": null, "備考": "須藤　隆", "所有者世帯番号": 1911, "所有者個人番号": 3152, "借受者世帯番号": 1827, "借受者個人番号": 3107, "農地予備数字１": null, "農地予備数字２": null, "農地予備数字３": null, "農地予備数字４": null, "農地予備数字５": null, "農地予備文字１": null, "農地予備文字２": null, "農地予備文字３": null, "農地予備文字４": null, "農地予備文字５": null, "手動一致フラグ": null, "計算面積（アール）": 8, "散布班": "18-⑧", "地区名": "2026印西市" }, "geometry": { "type": "Polygon", "coordinates": [ [ [ 140.231586650044022, 35.792013331488576 ], [ 140.231131944, 35.792286823 ], [ 140.231207721, 35.792306036 ], [ 140.231245497, 35.792312745 ], [ 140.231302246000013, 35.79233989 ], [ 140.231325360999989, 35.792350064 ], [ 140.23134632, 35.792348286 ], [ 140.231707265000011, 35.79215012 ], [ 140.231586650044022, 35.792013331488576 ] ] ] } },
{ "type": "Feature", "properties": { "fid": 3972, "daicho_shubetsu_cd": null, "layer": null, "fid_2": 5982, "事業年度": 2026, "物件番号": 6652, "GIS物件番号": null, "大字コード": 2041, "大字名": "吉高干拓", "小字コード": 0, "小字名": null, "__EMPTY": "吉高干拓164", "本番": 164, "枝番": "0", "子番": 0, "孫番": false, "付番": false, "所在地番号": "2.04100000164e+28", "農地管理番号": 1, "耕地番号": 34, "所在地名": "吉高干拓164", "マッチングさせるデータ": "吉高干拓164", "空散対象区分1": 2, "空散対象区分2": null, "空散外面積1": 0, "空散外面積2": false, "集計転作面積": 386, "散布面積1": 0, "散布面積2": false, "支払者集落": 0, "支払者集落名": null, "支払者コード": 0, "支払者名": null, "支払者住所": null, "支払者電話番号": null, "農地異動適用法": false, "農地異動適用法名": null, "利用集積計画番号": null, "適用法開始年月日": null, "適用法終了年月日": null, "備考": "須藤　隆", "所有者世帯番号": 1911, "所有者個人番号": 3152, "借受者世帯番号": 1827, "借受者個人番号": 3107, "農地予備数字１": null, "農地予備数字２": null, "農地予備数字３": null, "農地予備数字４": null, "農地予備数字５": null, "農地予備文字１": null, "農地予備文字２": null, "農地予備文字３": null, "農地予備文字４": null, "農地予備文字５": null, "手動一致フラグ": null, "計算面積（アール）": 7, "散布班": "18-⑨", "地区名": "2026印西市" }, "geometry": { "type": "Polygon", "coordinates": [ [ [ 140.243646372, 35.796111652 ], [ 140.2436996807198, 35.796166261340289 ], [ 140.244584333163374, 35.795650689701134 ], [ 140.244520738, 35.795588324 ], [ 140.244510712, 35.795601515 ], [ 140.244514835, 35.795617947 ], [ 140.243646372, 35.796111652 ] ] ] } },
{ "type": "Feature", "properties": { "fid": 3973, "daicho_shubetsu_cd": "FUD25", "layer": "筆ポリゴン（2025年公開）_20260708233456", "fid_2": 5983, "事業年度": 2026, "物件番号": 6653, "GIS物件番号": null, "大字コード": 2041, "大字名": "吉高干拓", "小字コード": 0, "小字名": null, "__EMPTY": "吉高干拓165", "本番": 165, "枝番": "0", "子番": 0, "孫番": false, "付番": false, "所在地番号": "2.04100000165e+28", "農地管理番号": 1, "耕地番号": 35, "所在地名": "吉高干拓165", "マッチングさせるデータ": "吉高干拓165", "空散対象区分1": 2, "空散対象区分2": null, "空散外面積1": 0, "空散外面積2": false, "集計転作面積": 0, "散布面積1": null, "散布面積2": null, "支払者集落": 0, "支払者集落名": null, "支払者コード": 0, "支払者名": null, "支払者住所": null, "支払者電話番号": null, "農地異動適用法": false, "農地異動適用法名": null, "利用集積計画番号": null, "適用法開始年月日": null, "適用法終了年月日": null, "備考": "須藤　隆", "所有者世帯番号": 1911, "所有者個人番号": 3152, "借受者世帯番号": 1827, "借受者個人番号": 3107, "農地予備数字１": null, "農地予備数字２": null, "農地予備数字３": null, "農地予備数字４": null, "農地予備数字５": null, "農地予備文字１": null, "農地予備文字２": null, "農地予備文字３": null, "農地予備文字４": null, "農地予備文字５": null, "手動一致フラグ": null, "計算面積（アール）": 18, "散布班": "18-⑨", "地区名": "2026印西市" }, "geometry": { "type": "Polygon", "coordinates": [ [ [ 140.243533211999988, 35.795981122 ], [ 140.243646372, 35.796111652 ], [ 140.244514835, 35.795617947 ], [ 140.244510712, 35.795601515 ], [ 140.244520738, 35.795588324 ], [ 140.244431299000013, 35.795468572 ], [ 140.244405124999986, 35.795481819 ], [ 140.243533211999988, 35.795981122 ] ] ] } },
{ "type": "Feature", "properties": { "fid": 3974, "daicho_shubetsu_cd": "FUD25", "layer": "筆ポリゴン（2025年公開）_20260708233456", "fid_2": 5984, "事業年度": 2026, "物件番号": 6654, "GIS物件番号": null, "大字コード": 2041, "大字名": "吉高干拓", "小字コード": 0, "小字名": null, "__EMPTY": "吉高干拓166", "本番": 166, "枝番": "0", "子番": 0, "孫番": false, "付番": false, "所在地番号": "2.04100000166e+28", "農地管理番号": 1, "耕地番号": 36, "所在地名": "吉高干拓166", "マッチングさせるデータ": "吉高干拓166", "空散対象区分1": 2, "空散対象区分2": null, "空散外面積1": 0, "空散外面積2": false, "集計転作面積": 0, "散布面積1": null, "散布面積2": null, "支払者集落": 0, "支払者集落名": null, "支払者コード": 0, "支払者名": null, "支払者住所": null, "支払者電話番号": null, "農地異動適用法": false, "農地異動適用法名": null, "利用集積計画番号": null, "適用法開始年月日": null, "適用法終了年月日": null, "備考": "須藤　隆", "所有者世帯番号": 1911, "所有者個人番号": 3152, "借受者世帯番号": 1827, "借受者個人番号": 3107, "農地予備数字１": null, "農地予備数字２": null, "農地予備数字３": null, "農地予備数字４": null, "農地予備数字５": null, "農地予備文字１": null, "農地予備文字２": null, "農地予備文字３": null, "農地予備文字４": null, "農地予備文字５": null, "手動一致フラグ": null, "計算面積（アール）": 12, "散布班": "18-⑨", "地区名": "2026印西市" }, "geometry": { "type": "Polygon", "coordinates": [ [ [ 140.244362131003754, 35.795376579199186 ], [ 140.243451743503215, 35.795884575424488 ], [ 140.243533211999988, 35.795981122 ], [ 140.244405124999986, 35.795481819 ], [ 140.244394914, 35.795458829 ], [ 140.244419060000013, 35.795443945 ], [ 140.244362131003754, 35.795376579199186 ] ] ] } },
{ "type": "Feature", "properties": { "fid": 3975, "daicho_shubetsu_cd": "FUD25", "layer": "筆ポリゴン（2025年公開）_20260708233456", "fid_2": 5985, "事業年度": 2026, "物件番号": 6660, "GIS物件番号": null, "大字コード": 2041, "大字名": "吉高干拓", "小字コード": 0, "小字名": null, "__EMPTY": "吉高干拓172", "本番": 172, "枝番": "0", "子番": 0, "孫番": false, "付番": false, "所在地番号": "2.04100000172e+28", "農地管理番号": 1, "耕地番号": 38, "所在地名": "吉高干拓172", "マッチングさせるデータ": "吉高干拓172", "空散対象区分1": 2, "空散対象区分2": null, "空散外面積1": 0, "空散外面積2": false, "集計転作面積": 0, "散布面積1": null, "散布面積2": null, "支払者集落": 0, "支払者集落名": null, "支払者コード": 0, "支払者名": null, "支払者住所": null, "支払者電話番号": null, "農地異動適用法": false, "農地異動適用法名": null, "利用集積計画番号": null, "適用法開始年月日": null, "適用法終了年月日": null, "備考": "須藤　隆", "所有者世帯番号": 1911, "所有者個人番号": 3152, "借受者世帯番号": 1827, "借受者個人番号": 3107, "農地予備数字１": null, "農地予備数字２": null, "農地予備数字３": null, "農地予備数字４": null, "農地予備数字５": null, "農地予備文字１": null, "農地予備文字２": null, "農地予備文字３": null, "農地予備文字４": null, "農地予備文字５": null, "手動一致フラグ": null, "計算面積（アール）": 30, "散布班": "18-⑨", "地区名": "2026印西市" }, "geometry": { "type": "Polygon", "coordinates": [ [ [ 140.242819777, 35.795135727 ], [ 140.24301198, 35.795362656 ], [ 140.243915036, 35.794850969 ], [ 140.243718156, 35.794629265 ], [ 140.242819777, 35.795135727 ] ] ] } },
{ "type": "Feature", "properties": { "fid": 3983, "daicho_shubetsu_cd": "FUD25", "layer": "筆ポリゴン（2025年公開）_20260708233456", "fid_2": 5996, "事業年度": 2026, "物件番号": 5360, "GIS物件番号": null, "大字コード": 2040, "大字名": "吉高", "小字コード": 16, "小字名": "古木戸", "__EMPTY": "吉高2869", "本番": 2869, "枝番": "0", "子番": 0, "孫番": false, "付番": false, "所在地番号": "2.04001602869e+28", "農地管理番号": 1, "耕地番号": 4, "所在地名": "吉高古木戸2869", "マッチングさせるデータ": "吉高古木戸2869", "空散対象区分1": 2, "空散対象区分2": null, "空散外面積1": 0, "空散外面積2": false, "集計転作面積": 0, "散布面積1": null, "散布面積2": null, "支払者集落": 0, "支払者集落名": null, "支払者コード": 0, "支払者名": null, "支払者住所": null, "支払者電話番号": null, "農地異動適用法": false, "農地異動適用法名": null, "利用集積計画番号": null, "適用法開始年月日": null, "適用法終了年月日": null, "備考": "田中　靜男", "所有者世帯番号": 1828, "所有者個人番号": 3234, "借受者世帯番号": 1828, "借受者個人番号": 3234, "農地予備数字１": null, "農地予備数字２": null, "農地予備数字３": null, "農地予備数字４": null, "農地予備数字５": null, "農地予備文字１": null, "農地予備文字２": null, "農地予備文字３": null, "農地予備文字４": null, "農地予備文字５": null, "手動一致フラグ": null, "計算面積（アール）": 11, "散布班": "18-⑧", "地区名": "2026印西市" }, "geometry": { "type": "Polygon", "coordinates": [ [ [ 140.234215455, 35.788985886 ], [ 140.234255929, 35.788885589 ], [ 140.234287717, 35.788804399 ], [ 140.234262076, 35.788786227 ], [ 140.233809871, 35.788504611 ], [ 140.233743628000013, 35.788562939 ], [ 140.233672678, 35.788631959 ], [ 140.234215455, 35.788985886 ] ] ] } },
{ "type": "Feature", "properties": { "fid": 3984, "daicho_shubetsu_cd": "FUD25", "layer": "筆ポリゴン（2025年公開）_20260708233456", "fid_2": 5998, "事業年度": 2026, "物件番号": 6294, "GIS物件番号": null, "大字コード": 2040, "大字名": "吉高", "小字コード": 41, "小字名": "中", "__EMPTY": "吉高3336", "本番": 3336, "枝番": "0", "子番": 0, "孫番": false, "付番": false, "所在地番号": "2.04004103336e+28", "農地管理番号": 1, "耕地番号": 6, "所在地名": "吉高中3336", "マッチングさせるデータ": "吉高中3336", "空散対象区分1": 2, "空散対象区分2": null, "空散外面積1": 0, "空散外面積2": false, "集計転作面積": 0, "散布面積1": null, "散布面積2": null, "支払者集落": 0, "支払者集落名": null, "支払者コード": 0, "支払者名": null, "支払者住所": null, "支払者電話番号": null, "農地異動適用法": false, "農地異動適用法名": null, "利用集積計画番号": null, "適用法開始年月日": null, "適用法終了年月日": null, "備考": "田中　靜男", "所有者世帯番号": 1828, "所有者個人番号": 3234, "借受者世帯番号": 1828, "借受者個人番号": 3234, "農地予備数字１": null, "農地予備数字２": null, "農地予備数字３": null, "農地予備数字４": null, "農地予備数字５": null, "農地予備文字１": null, "農地予備文字２": null, "農地予備文字３": null, "農地予備文字４": null, "農地予備文字５": null, "手動一致フラグ": null, "計算面積（アール）": 20, "散布班": "18-⑨", "地区名": "2026印西市" }, "geometry": { "type": "Polygon", "coordinates": [ [ [ 140.23759221200001, 35.794590437 ], [ 140.23862885, 35.7942711 ], [ 140.238618906999989, 35.794249435 ], [ 140.238626182, 35.794229685 ], [ 140.238559129, 35.794095777 ], [ 140.238536031, 35.794102746 ], [ 140.237513625, 35.794422625 ], [ 140.23759221200001, 35.794590437 ] ] ] } },
{ "type": "Feature", "properties": { "fid": 3985, "daicho_shubetsu_cd": "FUD25", "layer": "筆ポリゴン（2025年公開）_20260708233456", "fid_2": 5999, "事業年度": 2026, "物件番号": 6295, "GIS物件番号": null, "大字コード": 2040, "大字名": "吉高", "小字コード": 41, "小字名": "中", "__EMPTY": "吉高3337", "本番": 3337, "枝番": "0", "子番": 0, "孫番": false, "付番": false, "所在地番号": "2.04004103337e+28", "農地管理番号": 1, "耕地番号": 7, "所在地名": "吉高中3337", "マッチングさせるデータ": "吉高中3337", "空散対象区分1": 2, "空散対象区分2": null, "空散外面積1": 0, "空散外面積2": false, "集計転作面積": 0, "散布面積1": null, "散布面積2": null, "支払者集落": 0, "支払者集落名": null, "支払者コード": 0, "支払者名": null, "支払者住所": null, "支払者電話番号": null, "農地異動適用法": false, "農地異動適用法名": null, "利用集積計画番号": null, "適用法開始年月日": null, "適用法終了年月日": null, "備考": "田中　靜男", "所有者世帯番号": 1828, "所有者個人番号": 3234, "借受者世帯番号": 1828, "借受者個人番号": 3234, "農地予備数字１": null, "農地予備数字２": null, "農地予備数字３": null, "農地予備数字４": null, "農地予備数字５": null, "農地予備文字１": null, "農地予備文字２": null, "農地予備文字３": null, "農地予備文字４": null, "農地予備文字５": null, "手動一致フラグ": null, "計算面積（アール）": 22, "散布班": "18-⑨", "地区名": "2026印西市" }, "geometry": { "type": "Polygon", "coordinates": [ [ [ 140.237513625, 35.794422625 ], [ 140.238536031, 35.794102746 ], [ 140.238536912, 35.794077309 ], [ 140.238546703999987, 35.794069386 ], [ 140.23844491700001, 35.793872472 ], [ 140.23842769, 35.793868586 ], [ 140.2378194, 35.794134958 ], [ 140.237635425, 35.794212506 ], [ 140.237578966, 35.794228476 ], [ 140.237429145, 35.794271882 ], [ 140.237513625, 35.794422625 ] ] ] } },
{ "type": "Feature", "properties": { "fid": 3991, "daicho_shubetsu_cd": "FUD25", "layer": "筆ポリゴン（2025年公開）_20260708233456", "fid_2": 6006, "事業年度": 2026, "物件番号": 6317, "GIS物件番号": null, "大字コード": 2040, "大字名": "吉高", "小字コード": 41, "小字名": "中", "__EMPTY": "吉高3362", "本番": 3362, "枝番": "0", "子番": 0, "孫番": false, "付番": false, "所在地番号": "2.04004103362e+28", "農地管理番号": 1, "耕地番号": 9, "所在地名": "吉高中3362", "マッチングさせるデータ": "吉高中3362", "空散対象区分1": 2, "空散対象区分2": null, "空散外面積1": 0, "空散外面積2": false, "集計転作面積": 0, "散布面積1": null, "散布面積2": null, "支払者集落": 0, "支払者集落名": null, "支払者コード": 0, "支払者名": null, "支払者住所": null, "支払者電話番号": null, "農地異動適用法": false, "農地異動適用法名": null, "利用集積計画番号": null, "適用法開始年月日": null, "適用法終了年月日": null, "備考": "冨井　均", "所有者世帯番号": 1831, "所有者個人番号": 3315, "借受者世帯番号": 1831, "借受者個人番号": 3315, "農地予備数字１": null, "農地予備数字２": null, "農地予備数字３": null, "農地予備数字４": null, "農地予備数字５": null, "農地予備文字１": null, "農地予備文字２": null, "農地予備文字３": null, "農地予備文字４": null, "農地予備文字５": null, "手動一致フラグ": null, "計算面積（アール）": 27, "散布班": "18-⑨", "地区名": "2026印西市" }, "geometry": { "type": "Polygon", "coordinates": [ [ [ 140.236572749, 35.795270413 ], [ 140.235547218, 35.795604885 ], [ 140.235657808000013, 35.795827474 ], [ 140.236663617, 35.795497218 ], [ 140.236663682999989, 35.795477597 ], [ 140.236688119, 35.795461981 ], [ 140.236602694, 35.795266984 ], [ 140.236572749, 35.795270413 ] ] ] } },
{ "type": "Feature", "properties": { "fid": 3997, "daicho_shubetsu_cd": "FUD25", "layer": "筆ポリゴン（2025年公開）_20260708233456", "fid_2": 6013, "事業年度": 2026, "物件番号": 5448, "GIS物件番号": null, "大字コード": 2040, "大字名": "吉高", "小字コード": 18, "小字名": "仲田", "__EMPTY": "吉高2945", "本番": 2945, "枝番": "0", "子番": 0, "孫番": false, "付番": false, "所在地番号": "2.04001802945e+28", "農地管理番号": 1, "耕地番号": 2, "所在地名": "吉高仲田2945", "マッチングさせるデータ": "吉高仲田2945", "空散対象区分1": 2, "空散対象区分2": null, "空散外面積1": 0, "空散外面積2": false, "集計転作面積": 0, "散布面積1": null, "散布面積2": null, "支払者集落": 0, "支払者集落名": null, "支払者コード": 0, "支払者名": null, "支払者住所": null, "支払者電話番号": null, "農地異動適用法": false, "農地異動適用法名": null, "利用集積計画番号": null, "適用法開始年月日": null, "適用法終了年月日": null, "備考": "富井　敦", "所有者世帯番号": 1833, "所有者個人番号": 3326, "借受者世帯番号": 1833, "借受者個人番号": 3326, "農地予備数字１": null, "農地予備数字２": null, "農地予備数字３": null, "農地予備数字４": null, "農地予備数字５": null, "農地予備文字１": null, "農地予備文字２": null, "農地予備文字３": null, "農地予備文字４": null, "農地予備文字５": null, "手動一致フラグ": null, "計算面積（アール）": 12, "散布班": "18-⑧", "地区名": "2026印西市" }, "geometry": { "type": "Polygon", "coordinates": [ [ [ 140.23267271200001, 35.789820122 ], [ 140.23252993700001, 35.789654473 ], [ 140.232057058, 35.789913603 ], [ 140.232195482, 35.79008485 ], [ 140.232592487, 35.789871284 ], [ 140.23267271200001, 35.789820122 ] ] ] } },
{ "type": "Feature", "properties": { "fid": 3998, "daicho_shubetsu_cd": "FUD25", "layer": "筆ポリゴン（2025年公開）_20260708233456", "fid_2": 6014, "事業年度": 2026, "物件番号": 5454, "GIS物件番号": null, "大字コード": 2040, "大字名": "吉高", "小字コード": 18, "小字名": "仲田", "__EMPTY": "吉高2950", "本番": 2950, "枝番": "0", "子番": 0, "孫番": false, "付番": false, "所在地番号": "2.0400180295e+28", "農地管理番号": 1, "耕地番号": 3, "所在地名": "吉高仲田2950", "マッチングさせるデータ": "吉高仲田2950", "空散対象区分1": 2, "空散対象区分2": null, "空散外面積1": 0, "空散外面積2": false, "集計転作面積": 0, "散布面積1": null, "散布面積2": null, "支払者集落": 0, "支払者集落名": null, "支払者コード": 0, "支払者名": null, "支払者住所": null, "支払者電話番号": null, "農地異動適用法": false, "農地異動適用法名": null, "利用集積計画番号": null, "適用法開始年月日": null, "適用法終了年月日": null, "備考": "富井　敦", "所有者世帯番号": 1833, "所有者個人番号": 3326, "借受者世帯番号": 1833, "借受者個人番号": 3326, "農地予備数字１": null, "農地予備数字２": null, "農地予備数字３": null, "農地予備数字４": null, "農地予備数字５": null, "農地予備文字１": null, "農地予備文字２": null, "農地予備文字３": null, "農地予備文字４": null, "農地予備文字５": null, "手動一致フラグ": null, "計算面積（アール）": 9, "散布班": "18-⑧", "地区名": "2026印西市" }, "geometry": { "type": "Polygon", "coordinates": [ [ [ 140.232331315283346, 35.790309101638094 ], [ 140.231873914177044, 35.790573495341171 ], [ 140.231993692, 35.790705572 ], [ 140.232443136, 35.790441751 ], [ 140.232331315283346, 35.790309101638094 ] ] ] } },
{ "type": "Feature", "properties": { "fid": 3999, "daicho_shubetsu_cd": "FUD25", "layer": "筆ポリゴン（2025年公開）_20260708233456", "fid_2": 6015, "事業年度": 2026, "物件番号": 5455, "GIS物件番号": null, "大字コード": 2040, "大字名": "吉高", "小字コード": 18, "小字名": "仲田", "__EMPTY": "吉高2951", "本番": 2951, "枝番": "0", "子番": 0, "孫番": false, "付番": false, "所在地番号": "2.04001802951e+28", "農地管理番号": 1, "耕地番号": 4, "所在地名": "吉高仲田2951", "マッチングさせるデータ": "吉高仲田2951", "空散対象区分1": 2, "空散対象区分2": null, "空散外面積1": 0, "空散外面積2": false, "集計転作面積": 0, "散布面積1": null, "散布面積2": null, "支払者集落": 0, "支払者集落名": null, "支払者コード": 0, "支払者名": null, "支払者住所": null, "支払者電話番号": null, "農地異動適用法": false, "農地異動適用法名": null, "利用集積計画番号": null, "適用法開始年月日": null, "適用法終了年月日": null, "備考": "富井　敦", "所有者世帯番号": 1833, "所有者個人番号": 3326, "借受者世帯番号": 1833, "借受者個人番号": 3326, "農地予備数字１": null, "農地予備数字２": null, "農地予備数字３": null, "農地予備数字４": null, "農地予備数字５": null, "農地予備文字１": null, "農地予備文字２": null, "農地予備文字３": null, "農地予備文字４": null, "農地予備文字５": null, "手動一致フラグ": null, "計算面積（アール）": 11, "散布班": "18-⑧", "地区名": "2026印西市" }, "geometry": { "type": "Polygon", "coordinates": [ [ [ 140.2322016755449, 35.79015531413701 ], [ 140.231736580284377, 35.790422059948192 ], [ 140.231873914177044, 35.790573495341171 ], [ 140.232331315283346, 35.790309101638094 ], [ 140.2322016755449, 35.79015531413701 ] ] ] } },
{ "type": "Feature", "properties": { "fid": 4000, "daicho_shubetsu_cd": "FUD25", "layer": "筆ポリゴン（2025年公開）_20260708233456", "fid_2": 6016, "事業年度": 2026, "物件番号": 5456, "GIS物件番号": null, "大字コード": 2040, "大字名": "吉高", "小字コード": 18, "小字名": "仲田", "__EMPTY": "吉高2952", "本番": 2952, "枝番": "0", "子番": 0, "孫番": false, "付番": false, "所在地番号": "2.04001802952e+28", "農地管理番号": 1, "耕地番号": 5, "所在地名": "吉高仲田2952", "マッチングさせるデータ": "吉高仲田2952", "空散対象区分1": 2, "空散対象区分2": null, "空散外面積1": 0, "空散外面積2": false, "集計転作面積": 0, "散布面積1": null, "散布面積2": null, "支払者集落": 0, "支払者集落名": null, "支払者コード": 0, "支払者名": null, "支払者住所": null, "支払者電話番号": null, "農地異動適用法": false, "農地異動適用法名": null, "利用集積計画番号": null, "適用法開始年月日": null, "適用法終了年月日": null, "備考": "富井　敦", "所有者世帯番号": 1833, "所有者個人番号": 3326, "借受者世帯番号": 1833, "借受者個人番号": 3326, "農地予備数字１": null, "農地予備数字２": null, "農地予備数字３": null, "農地予備数字４": null, "農地予備数字５": null, "農地予備文字１": null, "農地予備文字２": null, "農地予備文字３": null, "農地予備文字４": null, "農地予備文字５": null, "手動一致フラグ": null, "計算面積（アール）": 11, "散布班": "18-⑧", "地区名": "2026印西市" }, "geometry": { "type": "Polygon", "coordinates": [ [ [ 140.231736580284377, 35.790422059948192 ], [ 140.2322016755449, 35.79015531413701 ], [ 140.232066244, 35.789994656 ], [ 140.231590469999986, 35.790260947 ], [ 140.231736580284377, 35.790422059948192 ] ] ] } },
{ "type": "Feature", "properties": { "fid": 4001, "daicho_shubetsu_cd": "FUD25", "layer": "筆ポリゴン（2025年公開）_20260708233456", "fid_2": 6017, "事業年度": 2026, "物件番号": 5492, "GIS物件番号": null, "大字コード": 2040, "大字名": "吉高", "小字コード": 18, "小字名": "仲田", "__EMPTY": "吉高2987", "本番": 2987, "枝番": "0", "子番": 0, "孫番": false, "付番": false, "所在地番号": "2.04001802987e+28", "農地管理番号": 1, "耕地番号": 6, "所在地名": "吉高仲田2987", "マッチングさせるデータ": "吉高仲田2987", "空散対象区分1": 2, "空散対象区分2": null, "空散外面積1": 0, "空散外面積2": false, "集計転作面積": 0, "散布面積1": null, "散布面積2": null, "支払者集落": 0, "支払者集落名": null, "支払者コード": 0, "支払者名": null, "支払者住所": null, "支払者電話番号": null, "農地異動適用法": false, "農地異動適用法名": null, "利用集積計画番号": null, "適用法開始年月日": null, "適用法終了年月日": null, "備考": "富井　敦", "所有者世帯番号": 1833, "所有者個人番号": 3326, "借受者世帯番号": 1833, "借受者個人番号": 3326, "農地予備数字１": null, "農地予備数字２": null, "農地予備数字３": null, "農地予備数字４": null, "農地予備数字５": null, "農地予備文字１": null, "農地予備文字２": null, "農地予備文字３": null, "農地予備文字４": null, "農地予備文字５": null, "手動一致フラグ": null, "計算面積（アール）": 16, "散布班": "18-⑧", "地区名": "2026印西市" }, "geometry": { "type": "Polygon", "coordinates": [ [ [ 140.230209674461321, 35.791233316016545 ], [ 140.230680842177662, 35.790971327769228 ], [ 140.230474402999988, 35.790733365 ], [ 140.230037454000012, 35.790983876 ], [ 140.230018699999988, 35.79101333 ], [ 140.230209674461321, 35.791233316016545 ] ] ] } },
{ "type": "Feature", "properties": { "fid": 4002, "daicho_shubetsu_cd": "FUD25", "layer": "筆ポリゴン（2025年公開）_20260708233456", "fid_2": 6018, "事業年度": 2026, "物件番号": 5493, "GIS物件番号": null, "大字コード": 2040, "大字名": "吉高", "小字コード": 18, "小字名": "仲田", "__EMPTY": "吉高2988", "本番": 2988, "枝番": "0", "子番": 0, "孫番": false, "付番": false, "所在地番号": "2.04001802988e+28", "農地管理番号": 1, "耕地番号": 7, "所在地名": "吉高仲田2988", "マッチングさせるデータ": "吉高仲田2988", "空散対象区分1": 2, "空散対象区分2": null, "空散外面積1": 0, "空散外面積2": false, "集計転作面積": 0, "散布面積1": null, "散布面積2": null, "支払者集落": 0, "支払者集落名": null, "支払者コード": 0, "支払者名": null, "支払者住所": null, "支払者電話番号": null, "農地異動適用法": false, "農地異動適用法名": null, "利用集積計画番号": null, "適用法開始年月日": null, "適用法終了年月日": null, "備考": "富井　敦", "所有者世帯番号": 1833, "所有者個人番号": 3326, "借受者世帯番号": 1833, "借受者個人番号": 3326, "農地予備数字１": null, "農地予備数字２": null, "農地予備数字３": null, "農地予備数字４": null, "農地予備数字５": null, "農地予備文字１": null, "農地予備文字２": null, "農地予備文字３": null, "農地予備文字４": null, "農地予備文字５": null, "手動一致フラグ": null, "計算面積（アール）": 15, "散布班": "18-⑧", "地区名": "2026印西市" }, "geometry": { "type": "Polygon", "coordinates": [ [ [ 140.230680842177662, 35.790971327769228 ], [ 140.230209674461321, 35.791233316016545 ], [ 140.230400951, 35.79145365 ], [ 140.230422639000011, 35.791439943 ], [ 140.230864543, 35.79118308 ], [ 140.230680842177662, 35.790971327769228 ] ] ] } },
{ "type": "Feature", "properties": { "fid": 4003, "daicho_shubetsu_cd": "FUD25", "layer": "筆ポリゴン（2025年公開）_20260708233456", "fid_2": 6019, "事業年度": 2026, "物件番号": 6270, "GIS物件番号": null, "大字コード": 2040, "大字名": "吉高", "小字コード": 41, "小字名": "中", "__EMPTY": "吉高3310", "本番": 3310, "枝番": "0", "子番": 0, "孫番": false, "付番": false, "所在地番号": "2.0400410331e+28", "農地管理番号": 1, "耕地番号": 8, "所在地名": "吉高中3310", "マッチングさせるデータ": "吉高中3310", "空散対象区分1": 2, "空散対象区分2": null, "空散外面積1": 0, "空散外面積2": false, "集計転作面積": 0, "散布面積1": null, "散布面積2": null, "支払者集落": 0, "支払者集落名": null, "支払者コード": 0, "支払者名": null, "支払者住所": null, "支払者電話番号": null, "農地異動適用法": false, "農地異動適用法名": null, "利用集積計画番号": null, "適用法開始年月日": null, "適用法終了年月日": null, "備考": "富井　敦", "所有者世帯番号": 1833, "所有者個人番号": 3326, "借受者世帯番号": 1833, "借受者個人番号": 3326, "農地予備数字１": null, "農地予備数字２": null, "農地予備数字３": null, "農地予備数字４": null, "農地予備数字５": null, "農地予備文字１": null, "農地予備文字２": null, "農地予備文字３": null, "農地予備文字４": null, "農地予備文字５": null, "手動一致フラグ": null, "計算面積（アール）": 12, "散布班": "18-⑨", "地区名": "2026印西市" }, "geometry": { "type": "Polygon", "coordinates": [ [ [ 140.239524907, 35.793445975 ], [ 140.238586708000014, 35.793833981 ], [ 140.238566263, 35.793873439 ], [ 140.23858142200001, 35.793914798 ], [ 140.239590376, 35.793597162 ], [ 140.239524907, 35.793445975 ] ] ] } },
{ "type": "Feature", "properties": { "fid": 4004, "daicho_shubetsu_cd": "FUD25", "layer": "筆ポリゴン（2025年公開）_20260708233456", "fid_2": 6020, "事業年度": 2026, "物件番号": 5330, "GIS物件番号": null, "大字コード": 2040, "大字名": "吉高", "小字コード": 13, "小字名": "御所地", "__EMPTY": "吉高2857", "本番": 2857, "枝番": "0", "子番": 0, "孫番": false, "付番": false, "所在地番号": "2.04001302857e+28", "農地管理番号": 1, "耕地番号": 3, "所在地名": "吉高御所地2857", "マッチングさせるデータ": "吉高御所地2857", "空散対象区分1": 2, "空散対象区分2": null, "空散外面積1": 0, "空散外面積2": false, "集計転作面積": 0, "散布面積1": null, "散布面積2": null, "支払者集落": 0, "支払者集落名": null, "支払者コード": 0, "支払者名": null, "支払者住所": null, "支払者電話番号": null, "農地異動適用法": false, "農地異動適用法名": null, "利用集積計画番号": null, "適用法開始年月日": null, "適用法終了年月日": null, "備考": "須藤　治", "所有者世帯番号": 1837, "所有者個人番号": 3131, "借受者世帯番号": 1837, "借受者個人番号": 3131, "農地予備数字１": null, "農地予備数字２": null, "農地予備数字３": null, "農地予備数字４": null, "農地予備数字５": null, "農地予備文字１": null, "農地予備文字２": null, "農地予備文字３": null, "農地予備文字４": null, "農地予備文字５": null, "手動一致フラグ": null, "計算面積（アール）": 11, "散布班": "18-⑧", "地区名": "2026印西市" }, "geometry": { "type": "Polygon", "coordinates": [ [ [ 140.234572452, 35.790131793 ], [ 140.234021702845013, 35.790374717102139 ], [ 140.234091442, 35.790519738 ], [ 140.234494813, 35.790408691 ], [ 140.234532768, 35.790389485 ], [ 140.234547174999989, 35.790344126 ], [ 140.234572452, 35.790131793 ] ] ] } },
{ "type": "Feature", "properties": { "fid": 4005, "daicho_shubetsu_cd": "FUD25", "layer": "筆ポリゴン（2025年公開）_20260708233456", "fid_2": 6021, "事業年度": 2026, "物件番号": 5331, "GIS物件番号": null, "大字コード": 2040, "大字名": "吉高", "小字コード": 13, "小字名": "御所地", "__EMPTY": "吉高2858", "本番": 2858, "枝番": "0", "子番": 0, "孫番": false, "付番": false, "所在地番号": "2.04001302858e+28", "農地管理番号": 1, "耕地番号": 4, "所在地名": "吉高御所地2858", "マッチングさせるデータ": "吉高御所地2858", "空散対象区分1": 2, "空散対象区分2": null, "空散外面積1": 0, "空散外面積2": false, "集計転作面積": 0, "散布面積1": null, "散布面積2": null, "支払者集落": 0, "支払者集落名": null, "支払者コード": 0, "支払者名": null, "支払者住所": null, "支払者電話番号": null, "農地異動適用法": false, "農地異動適用法名": null, "利用集積計画番号": null, "適用法開始年月日": null, "適用法終了年月日": null, "備考": "須藤　治", "所有者世帯番号": 1837, "所有者個人番号": 3131, "借受者世帯番号": 1837, "借受者個人番号": 3131, "農地予備数字１": null, "農地予備数字２": null, "農地予備数字３": null, "農地予備数字４": null, "農地予備数字５": null, "農地予備文字１": null, "農地予備文字２": null, "農地予備文字３": null, "農地予備文字４": null, "農地予備文字５": null, "手動一致フラグ": null, "計算面積（アール）": 14, "散布班": "18-⑧", "地区名": "2026印西市" }, "geometry": { "type": "Polygon", "coordinates": [ [ [ 140.234021702845013, 35.790374717102139 ], [ 140.234572452, 35.790131793 ], [ 140.234545701, 35.790050799 ], [ 140.234524768999989, 35.78996263 ], [ 140.234503965951916, 35.789919568509347 ], [ 140.233917052589788, 35.790172230763908 ], [ 140.23402045200001, 35.790372116 ], [ 140.234021702845013, 35.790374717102139 ] ] ] } },
{ "type": "Feature", "properties": { "fid": 4006, "daicho_shubetsu_cd": "FUD25", "layer": "筆ポリゴン（2025年公開）_20260708233456", "fid_2": 6022, "事業年度": 2026, "物件番号": 5332, "GIS物件番号": null, "大字コード": 2040, "大字名": "吉高", "小字コード": 13, "小字名": "御所地", "__EMPTY": "吉高2859", "本番": 2859, "枝番": "0", "子番": 0, "孫番": false, "付番": false, "所在地番号": "2.04001302859e+28", "農地管理番号": 1, "耕地番号": 5, "所在地名": "吉高御所地2859", "マッチングさせるデータ": "吉高御所地2859", "空散対象区分1": 2, "空散対象区分2": null, "空散外面積1": 0, "空散外面積2": false, "集計転作面積": 0, "散布面積1": null, "散布面積2": null, "支払者集落": 0, "支払者集落名": null, "支払者コード": 0, "支払者名": null, "支払者住所": null, "支払者電話番号": null, "農地異動適用法": false, "農地異動適用法名": null, "利用集積計画番号": null, "適用法開始年月日": null, "適用法終了年月日": null, "備考": "須藤　治", "所有者世帯番号": 1837, "所有者個人番号": 3131, "借受者世帯番号": 1837, "借受者個人番号": 3131, "農地予備数字１": null, "農地予備数字２": null, "農地予備数字３": null, "農地予備数字４": null, "農地予備数字５": null, "農地予備文字１": null, "農地予備文字２": null, "農地予備文字３": null, "農地予備文字４": null, "農地予備文字５": null, "手動一致フラグ": null, "計算面積（アール）": 12, "散布班": "18-⑧", "地区名": "2026印西市" }, "geometry": { "type": "Polygon", "coordinates": [ [ [ 140.233917052589788, 35.790172230763908 ], [ 140.234503965951916, 35.789919568509347 ], [ 140.234483360000013, 35.789876915 ], [ 140.234430267, 35.789796008 ], [ 140.23437002, 35.78974732 ], [ 140.234047411, 35.789911756 ], [ 140.233816685, 35.790012687 ], [ 140.233902225, 35.790143567 ], [ 140.233917052589788, 35.790172230763908 ] ] ] } },
{ "type": "Feature", "properties": { "fid": 4007, "daicho_shubetsu_cd": "FUD25", "layer": "筆ポリゴン（2025年公開）_20260708233456", "fid_2": 6023, "事業年度": 2026, "物件番号": 5383, "GIS物件番号": null, "大字コード": 2040, "大字名": "吉高", "小字コード": 16, "小字名": "古木戸", "__EMPTY": "吉高2887", "本番": 2887, "枝番": "0", "子番": 0, "孫番": false, "付番": false, "所在地番号": "2.04001602887e+28", "農地管理番号": 1, "耕地番号": 6, "所在地名": "吉高古木戸2887", "マッチングさせるデータ": "吉高古木戸2887", "空散対象区分1": 2, "空散対象区分2": null, "空散外面積1": 0, "空散外面積2": false, "集計転作面積": 0, "散布面積1": null, "散布面積2": null, "支払者集落": 0, "支払者集落名": null, "支払者コード": 0, "支払者名": null, "支払者住所": null, "支払者電話番号": null, "農地異動適用法": false, "農地異動適用法名": null, "利用集積計画番号": null, "適用法開始年月日": null, "適用法終了年月日": null, "備考": "須藤　治", "所有者世帯番号": 1837, "所有者個人番号": 3131, "借受者世帯番号": 1837, "借受者個人番号": 3131, "農地予備数字１": null, "農地予備数字２": null, "農地予備数字３": null, "農地予備数字４": null, "農地予備数字５": null, "農地予備文字１": null, "農地予備文字２": null, "農地予備文字３": null, "農地予備文字４": null, "農地予備文字５": null, "手動一致フラグ": null, "計算面積（アール）": 6, "散布班": "18-⑧", "地区名": "2026印西市" }, "geometry": { "type": "Polygon", "coordinates": [ [ [ 140.231913056, 35.787584565 ], [ 140.231485671, 35.787770402 ], [ 140.23158361, 35.787858033 ], [ 140.231622098, 35.78789479 ], [ 140.231648834999987, 35.787913252 ], [ 140.231687990000012, 35.78788109 ], [ 140.231886081999988, 35.787722152 ], [ 140.231911352, 35.787688151 ], [ 140.231917653000011, 35.787651081 ], [ 140.231913056, 35.787584565 ] ] ] } },
{ "type": "Feature", "properties": { "fid": 4008, "daicho_shubetsu_cd": "FUD25", "layer": "筆ポリゴン（2025年公開）_20260708233456", "fid_2": 6024, "事業年度": 2026, "物件番号": 5403, "GIS物件番号": null, "大字コード": 2040, "大字名": "吉高", "小字コード": 16, "小字名": "古木戸", "__EMPTY": "吉高2905", "本番": 2905, "枝番": "0", "子番": 0, "孫番": false, "付番": false, "所在地番号": "2.04001602905e+28", "農地管理番号": 1, "耕地番号": 7, "所在地名": "吉高古木戸2905", "マッチングさせるデータ": "吉高古木戸2905", "空散対象区分1": 2, "空散対象区分2": null, "空散外面積1": 0, "空散外面積2": false, "集計転作面積": 0, "散布面積1": null, "散布面積2": null, "支払者集落": 0, "支払者集落名": null, "支払者コード": 0, "支払者名": null, "支払者住所": null, "支払者電話番号": null, "農地異動適用法": false, "農地異動適用法名": null, "利用集積計画番号": null, "適用法開始年月日": null, "適用法終了年月日": null, "備考": "須藤　治", "所有者世帯番号": 1837, "所有者個人番号": 3131, "借受者世帯番号": 1837, "借受者個人番号": 3131, "農地予備数字１": null, "農地予備数字２": null, "農地予備数字３": null, "農地予備数字４": null, "農地予備数字５": null, "農地予備文字１": null, "農地予備文字２": null, "農地予備文字３": null, "農地予備文字４": null, "農地予備文字５": null, "手動一致フラグ": null, "計算面積（アール）": 5, "散布班": "18-⑧", "地区名": "2026印西市" }, "geometry": { "type": "Polygon", "coordinates": [ [ [ 140.231795341, 35.788048128 ], [ 140.231659437, 35.787942721 ], [ 140.23142175000001, 35.788141074 ], [ 140.231421845, 35.788160152 ], [ 140.231437561, 35.788181299 ], [ 140.231549772, 35.788248763 ], [ 140.231577840999989, 35.78822583 ], [ 140.231795341, 35.788048128 ] ] ] } },
{ "type": "Feature", "properties": { "fid": 4009, "daicho_shubetsu_cd": "FUD25", "layer": "筆ポリゴン（2025年公開）_20260708233456", "fid_2": 6025, "事業年度": 2026, "物件番号": 5421, "GIS物件番号": null, "大字コード": 2040, "大字名": "吉高", "小字コード": 17, "小字名": "向田", "__EMPTY": "吉高2922", "本番": 2922, "枝番": "0", "子番": 0, "孫番": false, "付番": false, "所在地番号": "2.04001702922e+28", "農地管理番号": 1, "耕地番号": 8, "所在地名": "吉高向田2922", "マッチングさせるデータ": "吉高向田2922", "空散対象区分1": 2, "空散対象区分2": null, "空散外面積1": 0, "空散外面積2": false, "集計転作面積": 0, "散布面積1": null, "散布面積2": null, "支払者集落": 0, "支払者集落名": null, "支払者コード": 0, "支払者名": null, "支払者住所": null, "支払者電話番号": null, "農地異動適用法": false, "農地異動適用法名": null, "利用集積計画番号": null, "適用法開始年月日": null, "適用法終了年月日": null, "備考": "須藤　治", "所有者世帯番号": 1837, "所有者個人番号": 3131, "借受者世帯番号": 1837, "借受者個人番号": 3131, "農地予備数字１": null, "農地予備数字２": null, "農地予備数字３": null, "農地予備数字４": null, "農地予備数字５": null, "農地予備文字１": null, "農地予備文字２": null, "農地予備文字３": null, "農地予備文字４": null, "農地予備文字５": null, "手動一致フラグ": null, "計算面積（アール）": 6, "散布班": "18-⑧", "地区名": "2026印西市" }, "geometry": { "type": "Polygon", "coordinates": [ [ [ 140.22801859, 35.788760003 ], [ 140.228116037, 35.7888319 ], [ 140.228144695, 35.78881034 ], [ 140.228568949, 35.788559259 ], [ 140.228493273999987, 35.788472121 ], [ 140.22801859, 35.788760003 ] ] ] } },
{ "type": "Feature", "properties": { "fid": 4016, "daicho_shubetsu_cd": "FUD25", "layer": "筆ポリゴン（2025年公開）_20260708233456", "fid_2": 6032, "事業年度": 2026, "物件番号": 6315, "GIS物件番号": null, "大字コード": 2040, "大字名": "吉高", "小字コード": 41, "小字名": "中", "__EMPTY": "吉高3360", "本番": 3360, "枝番": "0", "子番": 0, "孫番": false, "付番": false, "所在地番号": "2.0400410336e+28", "農地管理番号": 1, "耕地番号": 16, "所在地名": "吉高中3360", "マッチングさせるデータ": "吉高中3360", "空散対象区分1": 2, "空散対象区分2": null, "空散外面積1": 0, "空散外面積2": false, "集計転作面積": 0, "散布面積1": null, "散布面積2": null, "支払者集落": 0, "支払者集落名": null, "支払者コード": 0, "支払者名": null, "支払者住所": null, "支払者電話番号": null, "農地異動適用法": false, "農地異動適用法名": null, "利用集積計画番号": null, "適用法開始年月日": null, "適用法終了年月日": null, "備考": "須藤　治", "所有者世帯番号": 1837, "所有者個人番号": 3131, "借受者世帯番号": 1837, "借受者個人番号": 3131, "農地予備数字１": null, "農地予備数字２": null, "農地予備数字３": null, "農地予備数字４": null, "農地予備数字５": null, "農地予備文字１": null, "農地予備文字２": null, "農地予備文字３": null, "農地予備文字４": null, "農地予備文字５": null, "手動一致フラグ": null, "計算面積（アール）": 28, "散布班": "18-⑨", "地区名": "2026印西市" }, "geometry": { "type": "Polygon", "coordinates": [ [ [ 140.236789839565859, 35.795683599209625 ], [ 140.235744320599139, 35.796025332440799 ], [ 140.235843706999987, 35.796253662 ], [ 140.236867511000014, 35.795925178 ], [ 140.236859238, 35.795905233 ], [ 140.236880973000012, 35.795894065 ], [ 140.236789839565859, 35.795683599209625 ] ] ] } },
{ "type": "Feature", "properties": { "fid": 4017, "daicho_shubetsu_cd": "FUD25", "layer": "筆ポリゴン（2025年公開）_20260708233456", "fid_2": 6034, "事業年度": 2026, "物件番号": 0, "GIS物件番号": false, "大字コード": 2040, "大字名": "吉高", "小字コード": 13, "小字名": "御所地", "__EMPTY": "吉高2860", "本番": 2860, "枝番": "0", "子番": 0, "孫番": false, "付番": false, "所在地番号": "2.0400130286e+28", "農地管理番号": 1, "耕地番号": 14, "所在地名": "吉高御所地2860", "マッチングさせるデータ": "吉高御所地2860", "空散対象区分1": 2, "空散対象区分2": null, "空散外面積1": 0, "空散外面積2": false, "集計転作面積": 571, "散布面積1": 0, "散布面積2": false, "支払者集落": 0, "支払者集落名": null, "支払者コード": 0, "支払者名": null, "支払者住所": null, "支払者電話番号": null, "農地異動適用法": false, "農地異動適用法名": null, "利用集積計画番号": null, "適用法開始年月日": null, "適用法終了年月日": null, "備考": null, "所有者世帯番号": 0, "所有者個人番号": 0, "借受者世帯番号": 0, "借受者個人番号": 0, "農地予備数字１": null, "農地予備数字２": null, "農地予備数字３": null, "農地予備数字４": null, "農地予備数字５": null, "農地予備文字１": null, "農地予備文字２": null, "農地予備文字３": null, "農地予備文字４": null, "農地予備文字５": null, "手動一致フラグ": null, "計算面積（アール）": 6, "散布班": "18-⑧", "地区名": "2026印西市" }, "geometry": { "type": "Polygon", "coordinates": [ [ [ 140.234257229743974, 35.789606888059474 ], [ 140.233941299, 35.789764251 ], [ 140.234047411, 35.789911756 ], [ 140.23437002, 35.78974732 ], [ 140.234342099, 35.789724758 ], [ 140.234286223999987, 35.789672478 ], [ 140.234257229743974, 35.789606888059474 ] ] ] } },
{ "type": "Feature", "properties": { "fid": 4018, "daicho_shubetsu_cd": "FUD25", "layer": "筆ポリゴン（2025年公開）_20260708233456", "fid_2": 6035, "事業年度": 2026, "物件番号": 0, "GIS物件番号": false, "大字コード": 2040, "大字名": "吉高", "小字コード": 13, "小字名": "御所地", "__EMPTY": "吉高2861", "本番": 2861, "枝番": "0", "子番": 0, "孫番": false, "付番": false, "所在地番号": "2.04001302861e+28", "農地管理番号": 1, "耕地番号": 15, "所在地名": "吉高御所地2861", "マッチングさせるデータ": "吉高御所地2861", "空散対象区分1": 2, "空散対象区分2": null, "空散外面積1": 0, "空散外面積2": false, "集計転作面積": 559, "散布面積1": 0, "散布面積2": false, "支払者集落": 0, "支払者集落名": null, "支払者コード": 0, "支払者名": null, "支払者住所": null, "支払者電話番号": null, "農地異動適用法": false, "農地異動適用法名": null, "利用集積計画番号": null, "適用法開始年月日": null, "適用法終了年月日": null, "備考": null, "所有者世帯番号": 0, "所有者個人番号": 0, "借受者世帯番号": 0, "借受者個人番号": 0, "農地予備数字１": null, "農地予備数字２": null, "農地予備数字３": null, "農地予備数字４": null, "農地予備数字５": null, "農地予備文字１": null, "農地予備文字２": null, "農地予備文字３": null, "農地予備文字４": null, "農地予備文字５": null, "手動一致フラグ": null, "計算面積（アール）": 8, "散布班": "18-⑧", "地区名": "2026印西市" }, "geometry": { "type": "Polygon", "coordinates": [ [ [ 140.233941299, 35.789764251 ], [ 140.234257229743974, 35.789606888059474 ], [ 140.234238854000012, 35.789565319 ], [ 140.23421196000001, 35.789455707 ], [ 140.234205831, 35.789400877 ], [ 140.233817493, 35.789590572 ], [ 140.233903022, 35.789719067 ], [ 140.233935409, 35.789757115 ], [ 140.233941299, 35.789764251 ] ] ] } },
{ "type": "Feature", "properties": { "fid": 4019, "daicho_shubetsu_cd": "FUD25", "layer": "筆ポリゴン（2025年公開）_20260708233456", "fid_2": 6036, "事業年度": 2026, "物件番号": 5591, "GIS物件番号": null, "大字コード": 2040, "大字名": "吉高", "小字コード": 23, "小字名": "竹ノ越", "__EMPTY": "吉高1661", "本番": 1661, "枝番": "1", "子番": 0, "孫番": false, "付番": false, "所在地番号": "2.04002301661e+28", "農地管理番号": 1, "耕地番号": 3, "所在地名": "吉高竹ノ越1661-1", "マッチングさせるデータ": "吉高竹ﾉ越1661-1", "空散対象区分1": 2, "空散対象区分2": null, "空散外面積1": 0, "空散外面積2": false, "集計転作面積": 0, "散布面積1": null, "散布面積2": null, "支払者集落": 0, "支払者集落名": null, "支払者コード": 0, "支払者名": null, "支払者住所": null, "支払者電話番号": null, "農地異動適用法": false, "農地異動適用法名": null, "利用集積計画番号": null, "適用法開始年月日": null, "適用法終了年月日": null, "備考": "土井　芳雄", "所有者世帯番号": 1840, "所有者個人番号": 3332, "借受者世帯番号": 1840, "借受者個人番号": 3332, "農地予備数字１": null, "農地予備数字２": null, "農地予備数字３": null, "農地予備数字４": null, "農地予備数字５": null, "農地予備文字１": null, "農地予備文字２": null, "農地予備文字３": null, "農地予備文字４": null, "農地予備文字５": null, "手動一致フラグ": null, "計算面積（アール）": 5, "散布班": "18-⑧", "地区名": "2026印西市" }, "geometry": { "type": "Polygon", "coordinates": [ [ [ 140.228044053202439, 35.794049587767276 ], [ 140.227720931368168, 35.793971799177534 ], [ 140.227678044572713, 35.794127186117635 ], [ 140.227808555, 35.794160891 ], [ 140.228002098, 35.794194916 ], [ 140.228009269000012, 35.794165845 ], [ 140.22802675, 35.794156266 ], [ 140.228044053202439, 35.794049587767276 ] ] ] } },
{ "type": "Feature", "properties": { "fid": 4020, "daicho_shubetsu_cd": "FUD25", "layer": "筆ポリゴン（2025年公開）_20260708233456", "fid_2": 6037, "事業年度": 2026, "物件番号": null, "GIS物件番号": null, "大字コード": 2040, "大字名": "吉高", "小字コード": 23, "小字名": "竹ノ越", "__EMPTY": "吉高1661", "本番": 1661, "枝番": "2", "子番": 0, "孫番": false, "付番": false, "所在地番号": "2.04002301661e+28", "農地管理番号": 1, "耕地番号": 0, "所在地名": "吉高竹ノ越1661-2", "マッチングさせるデータ": "吉高竹ﾉ越1661-2", "空散対象区分1": 2, "空散対象区分2": null, "空散外面積1": 0, "空散外面積2": false, "集計転作面積": 0, "散布面積1": 0, "散布面積2": false, "支払者集落": 0, "支払者集落名": null, "支払者コード": 0, "支払者名": null, "支払者住所": null, "支払者電話番号": null, "農地異動適用法": false, "農地異動適用法名": null, "利用集積計画番号": null, "適用法開始年月日": null, "適用法終了年月日": null, "備考": null, "所有者世帯番号": 1840, "所有者個人番号": 3332, "借受者世帯番号": 1840, "借受者個人番号": 3332, "農地予備数字１": null, "農地予備数字２": null, "農地予備数字３": null, "農地予備数字４": null, "農地予備数字５": null, "農地予備文字１": null, "農地予備文字２": null, "農地予備文字３": null, "農地予備文字４": null, "農地予備文字５": null, "手動一致フラグ": null, "計算面積（アール）": 7, "散布班": "18-⑧", "地区名": "2026印西市" }, "geometry": { "type": "Polygon", "coordinates": [ [ [ 140.22799613458875, 35.794038051804719 ], [ 140.228060704860951, 35.793830135528275 ], [ 140.227785673009038, 35.793737228014955 ], [ 140.227720931368168, 35.793971799177534 ], [ 140.22799613458875, 35.794038051804719 ] ] ] } },
{ "type": "Feature", "properties": { "fid": 4021, "daicho_shubetsu_cd": "FUD25", "layer": "筆ポリゴン（2025年公開）_20260708233456", "fid_2": 6038, "事業年度": 2026, "物件番号": 5592, "GIS物件番号": null, "大字コード": 2040, "大字名": "吉高", "小字コード": 23, "小字名": "竹ノ越", "__EMPTY": "吉高1662", "本番": 1662, "枝番": "1", "子番": 0, "孫番": false, "付番": false, "所在地番号": "2.04002301662e+28", "農地管理番号": 1, "耕地番号": 4, "所在地名": "吉高竹ノ越1662-1", "マッチングさせるデータ": "吉高竹ﾉ越1662-1", "空散対象区分1": 2, "空散対象区分2": null, "空散外面積1": 0, "空散外面積2": false, "集計転作面積": 0, "散布面積1": null, "散布面積2": null, "支払者集落": 0, "支払者集落名": null, "支払者コード": 0, "支払者名": null, "支払者住所": null, "支払者電話番号": null, "農地異動適用法": false, "農地異動適用法名": null, "利用集積計画番号": null, "適用法開始年月日": null, "適用法終了年月日": null, "備考": "土井　芳雄", "所有者世帯番号": 1840, "所有者個人番号": 3332, "借受者世帯番号": 1840, "借受者個人番号": 3332, "農地予備数字１": null, "農地予備数字２": null, "農地予備数字３": null, "農地予備数字４": null, "農地予備数字５": null, "農地予備文字１": null, "農地予備文字２": null, "農地予備文字３": null, "農地予備文字４": null, "農地予備文字５": null, "手動一致フラグ": null, "計算面積（アール）": 1, "散布班": "18-⑧", "地区名": "2026印西市" }, "geometry": { "type": "Polygon", "coordinates": [ [ [ 140.228060704860951, 35.793830135528275 ], [ 140.22799613458875, 35.794038051804719 ], [ 140.228044053202439, 35.794049587767276 ], [ 140.228062379, 35.793936605 ], [ 140.228085136, 35.793856036 ], [ 140.228091875, 35.793840665 ], [ 140.228060704860951, 35.793830135528275 ] ] ] } },
{ "type": "Feature", "properties": { "fid": 4022, "daicho_shubetsu_cd": "FUD25", "layer": "筆ポリゴン（2025年公開）_20260708233456", "fid_2": 6039, "事業年度": 2026, "物件番号": 5729, "GIS物件番号": null, "大字コード": 2040, "大字名": "吉高", "小字コード": 25, "小字名": "矢渡", "__EMPTY": "吉高3090", "本番": 3090, "枝番": "0", "子番": 0, "孫番": false, "付番": false, "所在地番号": "2.0400250309e+28", "農地管理番号": 1, "耕地番号": 5, "所在地名": "吉高矢渡3090", "マッチングさせるデータ": "吉高矢渡3090", "空散対象区分1": 2, "空散対象区分2": null, "空散外面積1": 0, "空散外面積2": false, "集計転作面積": 0, "散布面積1": null, "散布面積2": null, "支払者集落": 0, "支払者集落名": null, "支払者コード": 0, "支払者名": null, "支払者住所": null, "支払者電話番号": null, "農地異動適用法": false, "農地異動適用法名": null, "利用集積計画番号": null, "適用法開始年月日": null, "適用法終了年月日": null, "備考": "土井　芳雄", "所有者世帯番号": 1840, "所有者個人番号": 3332, "借受者世帯番号": 1840, "借受者個人番号": 3332, "農地予備数字１": null, "農地予備数字２": null, "農地予備数字３": null, "農地予備数字４": null, "農地予備数字５": null, "農地予備文字１": null, "農地予備文字２": null, "農地予備文字３": null, "農地予備文字４": null, "農地予備文字５": null, "手動一致フラグ": null, "計算面積（アール）": 11, "散布班": "18-⑧", "地区名": "2026印西市" }, "geometry": { "type": "Polygon", "coordinates": [ [ [ 140.228075000103814, 35.792099869503815 ], [ 140.22863719423151, 35.792054614588949 ], [ 140.228620352, 35.791871871 ], [ 140.228054879000013, 35.791907784 ], [ 140.228075000103814, 35.792099869503815 ] ] ] } },
{ "type": "Feature", "properties": { "fid": 4023, "daicho_shubetsu_cd": "FUD25", "layer": "筆ポリゴン（2025年公開）_20260708233456", "fid_2": 6040, "事業年度": 2026, "物件番号": 5730, "GIS物件番号": null, "大字コード": 2040, "大字名": "吉高", "小字コード": 25, "小字名": "矢渡", "__EMPTY": "吉高3091", "本番": 3091, "枝番": "0", "子番": 0, "孫番": false, "付番": false, "所在地番号": "2.04002503091e+28", "農地管理番号": 1, "耕地番号": 6, "所在地名": "吉高矢渡3091", "マッチングさせるデータ": "吉高矢渡3091", "空散対象区分1": 2, "空散対象区分2": null, "空散外面積1": 0, "空散外面積2": false, "集計転作面積": 0, "散布面積1": null, "散布面積2": null, "支払者集落": 0, "支払者集落名": null, "支払者コード": 0, "支払者名": null, "支払者住所": null, "支払者電話番号": null, "農地異動適用法": false, "農地異動適用法名": null, "利用集積計画番号": null, "適用法開始年月日": null, "適用法終了年月日": null, "備考": "土井　芳雄", "所有者世帯番号": 1840, "所有者個人番号": 3332, "借受者世帯番号": 1840, "借受者個人番号": 3332, "農地予備数字１": null, "農地予備数字２": null, "農地予備数字３": null, "農地予備数字４": null, "農地予備数字５": null, "農地予備文字１": null, "農地予備文字２": null, "農地予備文字３": null, "農地予備文字４": null, "農地予備文字５": null, "手動一致フラグ": null, "計算面積（アール）": 9, "散布班": "18-⑧", "地区名": "2026印西市" }, "geometry": { "type": "Polygon", "coordinates": [ [ [ 140.22863719423151, 35.792054614588949 ], [ 140.228075000103814, 35.792099869503815 ], [ 140.228075301, 35.792102742 ], [ 140.228091573960199, 35.792258084029214 ], [ 140.228652334477346, 35.792218891089846 ], [ 140.22863719423151, 35.792054614588949 ] ] ] } },
{ "type": "Feature", "properties": { "fid": 4024, "daicho_shubetsu_cd": "FUD25", "layer": "筆ポリゴン（2025年公開）_20260708233456", "fid_2": 6041, "事業年度": 2026, "物件番号": 5731, "GIS物件番号": null, "大字コード": 2040, "大字名": "吉高", "小字コード": 25, "小字名": "矢渡", "__EMPTY": "吉高3092", "本番": 3092, "枝番": "0", "子番": 0, "孫番": false, "付番": false, "所在地番号": "2.04002503092e+28", "農地管理番号": 1, "耕地番号": 7, "所在地名": "吉高矢渡3092", "マッチングさせるデータ": "吉高矢渡3092", "空散対象区分1": 2, "空散対象区分2": null, "空散外面積1": 0, "空散外面積2": false, "集計転作面積": 0, "散布面積1": null, "散布面積2": null, "支払者集落": 0, "支払者集落名": null, "支払者コード": 0, "支払者名": null, "支払者住所": null, "支払者電話番号": null, "農地異動適用法": false, "農地異動適用法名": null, "利用集積計画番号": null, "適用法開始年月日": null, "適用法終了年月日": null, "備考": "土井　芳雄", "所有者世帯番号": 1840, "所有者個人番号": 3332, "借受者世帯番号": 1840, "借受者個人番号": 3332, "農地予備数字１": null, "農地予備数字２": null, "農地予備数字３": null, "農地予備数字４": null, "農地予備数字５": null, "農地予備文字１": null, "農地予備文字２": null, "農地予備文字３": null, "農地予備文字４": null, "農地予備文字５": null, "手動一致フラグ": null, "計算面積（アール）": 11, "散布班": "18-⑧", "地区名": "2026印西市" }, "geometry": { "type": "Polygon", "coordinates": [ [ [ 140.228652334477346, 35.792218891089846 ], [ 140.228091573960199, 35.792258084029214 ], [ 140.228110252, 35.792436385 ], [ 140.22813983, 35.792436288 ], [ 140.228149783, 35.792454999 ], [ 140.228669215999986, 35.792402061 ], [ 140.228652334477346, 35.792218891089846 ] ] ] } },
{ "type": "Feature", "properties": { "fid": 4025, "daicho_shubetsu_cd": "FUD25", "layer": "筆ポリゴン（2025年公開）_20260708233456", "fid_2": 6042, "事業年度": 2026, "物件番号": 5735, "GIS物件番号": null, "大字コード": 2040, "大字名": "吉高", "小字コード": 25, "小字名": "矢渡", "__EMPTY": "吉高3096", "本番": 3096, "枝番": "0", "子番": 0, "孫番": false, "付番": false, "所在地番号": "2.04002503096e+28", "農地管理番号": 1, "耕地番号": 8, "所在地名": "吉高矢渡3096", "マッチングさせるデータ": "吉高矢渡3096", "空散対象区分1": 2, "空散対象区分2": null, "空散外面積1": 0, "空散外面積2": false, "集計転作面積": 0, "散布面積1": null, "散布面積2": null, "支払者集落": 0, "支払者集落名": null, "支払者コード": 0, "支払者名": null, "支払者住所": null, "支払者電話番号": null, "農地異動適用法": false, "農地異動適用法名": null, "利用集積計画番号": null, "適用法開始年月日": null, "適用法終了年月日": null, "備考": "土井　芳雄", "所有者世帯番号": 1840, "所有者個人番号": 3332, "借受者世帯番号": 1840, "借受者個人番号": 3332, "農地予備数字１": null, "農地予備数字２": null, "農地予備数字３": null, "農地予備数字４": null, "農地予備数字５": null, "農地予備文字１": null, "農地予備文字２": null, "農地予備文字３": null, "農地予備文字４": null, "農地予備文字５": null, "手動一致フラグ": null, "計算面積（アール）": 11, "散布班": "18-⑧", "地区名": "2026印西市" }, "geometry": { "type": "Polygon", "coordinates": [ [ [ 140.228010647, 35.79191502 ], [ 140.22744723, 35.791956715 ], [ 140.227468784, 35.792148709 ], [ 140.228031278, 35.792103389 ], [ 140.228010647, 35.79191502 ] ] ] } },
{ "type": "Feature", "properties": { "fid": 4026, "daicho_shubetsu_cd": "FUD25", "layer": "筆ポリゴン（2025年公開）_20260708233456", "fid_2": 6043, "事業年度": 2026, "物件番号": 6314, "GIS物件番号": null, "大字コード": 2040, "大字名": "吉高", "小字コード": 41, "小字名": "中", "__EMPTY": "吉高3359", "本番": 3359, "枝番": "0", "子番": 0, "孫番": false, "付番": false, "所在地番号": "2.04004103359e+28", "農地管理番号": 1, "耕地番号": 9, "所在地名": "吉高中3359", "マッチングさせるデータ": "吉高中3359", "空散対象区分1": 2, "空散対象区分2": null, "空散外面積1": 0, "空散外面積2": false, "集計転作面積": 0, "散布面積1": null, "散布面積2": null, "支払者集落": 0, "支払者集落名": null, "支払者コード": 0, "支払者名": null, "支払者住所": null, "支払者電話番号": null, "農地異動適用法": false, "農地異動適用法名": null, "利用集積計画番号": null, "適用法開始年月日": null, "適用法終了年月日": null, "備考": "土井　芳雄", "所有者世帯番号": 1840, "所有者個人番号": 3332, "借受者世帯番号": 1840, "借受者個人番号": 3332, "農地予備数字１": null, "農地予備数字２": null, "農地予備数字３": null, "農地予備数字４": null, "農地予備数字５": null, "農地予備文字１": null, "農地予備文字２": null, "農地予備文字３": null, "農地予備文字４": null, "農地予備文字５": null, "手動一致フラグ": null, "計算面積（アール）": 42, "散布班": "18-⑨", "地区名": "2026印西市" }, "geometry": { "type": "Polygon", "coordinates": [ [ [ 140.237070034999988, 35.796257581 ], [ 140.236911604999989, 35.795907802 ], [ 140.236867511000014, 35.795925178 ], [ 140.235843706999987, 35.796253662 ], [ 140.236017446, 35.79659389 ], [ 140.237070034999988, 35.796257581 ] ] ] } },
{ "type": "Feature", "properties": { "fid": 4029, "daicho_shubetsu_cd": "FUD25", "layer": "筆ポリゴン（2025年公開）_20260708233456", "fid_2": 6048, "事業年度": 2026, "物件番号": 5388, "GIS物件番号": null, "大字コード": 2040, "大字名": "吉高", "小字コード": 16, "小字名": "古木戸", "__EMPTY": "吉高2892", "本番": 2892, "枝番": "0", "子番": 0, "孫番": false, "付番": false, "所在地番号": "2.04001602892e+28", "農地管理番号": 1, "耕地番号": 3, "所在地名": "吉高古木戸2892", "マッチングさせるデータ": "吉高古木戸2892", "空散対象区分1": 2, "空散対象区分2": null, "空散外面積1": 0, "空散外面積2": false, "集計転作面積": 0, "散布面積1": null, "散布面積2": null, "支払者集落": 0, "支払者集落名": null, "支払者コード": 0, "支払者名": null, "支払者住所": null, "支払者電話番号": null, "農地異動適用法": false, "農地異動適用法名": null, "利用集積計画番号": null, "適用法開始年月日": null, "適用法終了年月日": null, "備考": "土井　靜夫", "所有者世帯番号": 1843, "所有者個人番号": 3351, "借受者世帯番号": 1843, "借受者個人番号": 3351, "農地予備数字１": null, "農地予備数字２": null, "農地予備数字３": null, "農地予備数字４": null, "農地予備数字５": null, "農地予備文字１": null, "農地予備文字２": null, "農地予備文字３": null, "農地予備文字４": null, "農地予備文字５": null, "手動一致フラグ": null, "計算面積（アール）": 4, "散布班": "18-⑧", "地区名": "2026印西市" }, "geometry": { "type": "Polygon", "coordinates": [ [ [ 140.232588075, 35.788469978 ], [ 140.232400482, 35.788582631 ], [ 140.232528989, 35.788719935 ], [ 140.232714228, 35.788613037 ], [ 140.232633311, 35.788557891 ], [ 140.232588075, 35.788469978 ] ] ] } },
{ "type": "Feature", "properties": { "fid": 4030, "daicho_shubetsu_cd": "FUD25", "layer": "筆ポリゴン（2025年公開）_20260708233456", "fid_2": 6049, "事業年度": 2026, "物件番号": 5725, "GIS物件番号": null, "大字コード": 2040, "大字名": "吉高", "小字コード": 25, "小字名": "矢渡", "__EMPTY": "吉高3086", "本番": 3086, "枝番": "0", "子番": 0, "孫番": false, "付番": false, "所在地番号": "2.04002503086e+28", "農地管理番号": 1, "耕地番号": 5, "所在地名": "吉高矢渡3086", "マッチングさせるデータ": "吉高矢渡3086", "空散対象区分1": 2, "空散対象区分2": null, "空散外面積1": 0, "空散外面積2": false, "集計転作面積": 0, "散布面積1": null, "散布面積2": null, "支払者集落": 0, "支払者集落名": null, "支払者コード": 0, "支払者名": null, "支払者住所": null, "支払者電話番号": null, "農地異動適用法": false, "農地異動適用法名": null, "利用集積計画番号": null, "適用法開始年月日": null, "適用法終了年月日": null, "備考": "土井　靜夫", "所有者世帯番号": 1843, "所有者個人番号": 3351, "借受者世帯番号": 1843, "借受者個人番号": 3351, "農地予備数字１": null, "農地予備数字２": null, "農地予備数字３": null, "農地予備数字４": null, "農地予備数字５": null, "農地予備文字１": null, "農地予備文字２": null, "農地予備文字３": null, "農地予備文字４": null, "農地予備文字５": null, "手動一致フラグ": null, "計算面積（アール）": 15, "散布班": "18-⑧", "地区名": "2026印西市" }, "geometry": { "type": "Polygon", "coordinates": [ [ [ 140.228063817, 35.791354081 ], [ 140.228560417000011, 35.791320466 ], [ 140.228507900000011, 35.790818032 ], [ 140.228458962, 35.790844022 ], [ 140.228326517999989, 35.790945399 ], [ 140.228229951, 35.791054973 ], [ 140.228195714, 35.791109978 ], [ 140.228145963, 35.791215937 ], [ 140.22804402700001, 35.791331681 ], [ 140.228063817, 35.791354081 ] ] ] } },
{ "type": "Feature", "properties": { "fid": 4031, "daicho_shubetsu_cd": "FUD25", "layer": "筆ポリゴン（2025年公開）_20260708233456", "fid_2": 6050, "事業年度": 2026, "物件番号": 5726, "GIS物件番号": null, "大字コード": 2040, "大字名": "吉高", "小字コード": 25, "小字名": "矢渡", "__EMPTY": "吉高3087", "本番": 3087, "枝番": "0", "子番": 0, "孫番": false, "付番": false, "所在地番号": "2.04002503087e+28", "農地管理番号": 1, "耕地番号": 6, "所在地名": "吉高矢渡3087", "マッチングさせるデータ": "吉高矢渡3087", "空散対象区分1": 2, "空散対象区分2": null, "空散外面積1": 0, "空散外面積2": false, "集計転作面積": 0, "散布面積1": null, "散布面積2": null, "支払者集落": 0, "支払者集落名": null, "支払者コード": 0, "支払者名": null, "支払者住所": null, "支払者電話番号": null, "農地異動適用法": false, "農地異動適用法名": null, "利用集積計画番号": null, "適用法開始年月日": null, "適用法終了年月日": null, "備考": "土井　靜夫", "所有者世帯番号": 1843, "所有者個人番号": 3351, "借受者世帯番号": 1843, "借受者個人番号": 3351, "農地予備数字１": null, "農地予備数字２": null, "農地予備数字３": null, "農地予備数字４": null, "農地予備数字５": null, "農地予備文字１": null, "農地予備文字２": null, "農地予備文字３": null, "農地予備文字４": null, "農地予備文字５": null, "手動一致フラグ": null, "計算面積（アール）": 10, "散布班": "18-⑧", "地区名": "2026印西市" }, "geometry": { "type": "Polygon", "coordinates": [ [ [ 140.228017242, 35.791548494 ], [ 140.228580867, 35.791498067 ], [ 140.228560417000011, 35.791320466 ], [ 140.228063817, 35.791354081 ], [ 140.228029336, 35.791359549 ], [ 140.227988351, 35.791379098 ], [ 140.228001597, 35.791399136 ], [ 140.228017242, 35.791548494 ] ] ] } },
{ "type": "Feature", "properties": { "fid": 4032, "daicho_shubetsu_cd": "FUD25", "layer": "筆ポリゴン（2025年公開）_20260708233456", "fid_2": 6051, "事業年度": 2026, "物件番号": 5727, "GIS物件番号": null, "大字コード": 2040, "大字名": "吉高", "小字コード": 25, "小字名": "矢渡", "__EMPTY": "吉高3088", "本番": 3088, "枝番": "0", "子番": 0, "孫番": false, "付番": false, "所在地番号": "2.04002503088e+28", "農地管理番号": 1, "耕地番号": 7, "所在地名": "吉高矢渡3088", "マッチングさせるデータ": "吉高矢渡3088", "空散対象区分1": 2, "空散対象区分2": null, "空散外面積1": 0, "空散外面積2": false, "集計転作面積": 0, "散布面積1": null, "散布面積2": null, "支払者集落": 0, "支払者集落名": null, "支払者コード": 0, "支払者名": null, "支払者住所": null, "支払者電話番号": null, "農地異動適用法": false, "農地異動適用法名": null, "利用集積計画番号": null, "適用法開始年月日": null, "適用法終了年月日": null, "備考": "土井　靜夫", "所有者世帯番号": 1843, "所有者個人番号": 3351, "借受者世帯番号": 1843, "借受者個人番号": 3351, "農地予備数字１": null, "農地予備数字２": null, "農地予備数字３": null, "農地予備数字４": null, "農地予備数字５": null, "農地予備文字１": null, "農地予備文字２": null, "農地予備文字３": null, "農地予備文字４": null, "農地予備文字５": null, "手動一致フラグ": null, "計算面積（アール）": 8, "散布班": "18-⑧", "地区名": "2026印西市" }, "geometry": { "type": "Polygon", "coordinates": [ [ [ 140.228031866566027, 35.791688102904295 ], [ 140.228596480474806, 35.791645879570325 ], [ 140.228580867, 35.791498067 ], [ 140.228017242, 35.791548494 ], [ 140.228031866566027, 35.791688102904295 ] ] ] } },
{ "type": "Feature", "properties": { "fid": 4033, "daicho_shubetsu_cd": "FUD25", "layer": "筆ポリゴン（2025年公開）_20260708233456", "fid_2": 6052, "事業年度": 2026, "物件番号": 5728, "GIS物件番号": null, "大字コード": 2040, "大字名": "吉高", "小字コード": 25, "小字名": "矢渡", "__EMPTY": "吉高3089", "本番": 3089, "枝番": "0", "子番": 0, "孫番": false, "付番": false, "所在地番号": "2.04002503089e+28", "農地管理番号": 1, "耕地番号": 8, "所在地名": "吉高矢渡3089", "マッチングさせるデータ": "吉高矢渡3089", "空散対象区分1": 2, "空散対象区分2": null, "空散外面積1": 0, "空散外面積2": false, "集計転作面積": 0, "散布面積1": null, "散布面積2": null, "支払者集落": 0, "支払者集落名": null, "支払者コード": 0, "支払者名": null, "支払者住所": null, "支払者電話番号": null, "農地異動適用法": false, "農地異動適用法名": null, "利用集積計画番号": null, "適用法開始年月日": null, "適用法終了年月日": null, "備考": "土井　靜夫", "所有者世帯番号": 1843, "所有者個人番号": 3351, "借受者世帯番号": 1843, "借受者個人番号": 3351, "農地予備数字１": null, "農地予備数字２": null, "農地予備数字３": null, "農地予備数字４": null, "農地予備数字５": null, "農地予備文字１": null, "農地予備文字２": null, "農地予備文字３": null, "農地予備文字４": null, "農地予備文字５": null, "手動一致フラグ": null, "計算面積（アール）": 13, "散布班": "18-⑧", "地区名": "2026印西市" }, "geometry": { "type": "Polygon", "coordinates": [ [ [ 140.228596480474806, 35.791645879570325 ], [ 140.228031866566027, 35.791688102904295 ], [ 140.228054879000013, 35.791907784 ], [ 140.228620352, 35.791871871 ], [ 140.228596480474806, 35.791645879570325 ] ] ] } },
{ "type": "Feature", "properties": { "fid": 4034, "daicho_shubetsu_cd": "FUD25", "layer": "筆ポリゴン（2025年公開）_20260708233456", "fid_2": 6053, "事業年度": 2026, "物件番号": 5736, "GIS物件番号": null, "大字コード": 2040, "大字名": "吉高", "小字コード": 25, "小字名": "矢渡", "__EMPTY": "吉高3097", "本番": 3097, "枝番": "0", "子番": 0, "孫番": false, "付番": false, "所在地番号": "2.04002503097e+28", "農地管理番号": 1, "耕地番号": 9, "所在地名": "吉高矢渡3097", "マッチングさせるデータ": "吉高矢渡3097", "空散対象区分1": 2, "空散対象区分2": null, "空散外面積1": 0, "空散外面積2": false, "集計転作面積": 0, "散布面積1": null, "散布面積2": null, "支払者集落": 0, "支払者集落名": null, "支払者コード": 0, "支払者名": null, "支払者住所": null, "支払者電話番号": null, "農地異動適用法": false, "農地異動適用法名": null, "利用集積計画番号": null, "適用法開始年月日": null, "適用法終了年月日": null, "備考": "土井　靜夫", "所有者世帯番号": 1843, "所有者個人番号": 3351, "借受者世帯番号": 1843, "借受者個人番号": 3351, "農地予備数字１": null, "農地予備数字２": null, "農地予備数字３": null, "農地予備数字４": null, "農地予備数字５": null, "農地予備文字１": null, "農地予備文字２": null, "農地予備文字３": null, "農地予備文字４": null, "農地予備文字５": null, "手動一致フラグ": null, "計算面積（アール）": 13, "散布班": "18-⑧", "地区名": "2026印西市" }, "geometry": { "type": "Polygon", "coordinates": [ [ [ 140.227985661336561, 35.791691558254591 ], [ 140.227420360247777, 35.791739790750121 ], [ 140.22744723, 35.791956715 ], [ 140.228010647, 35.79191502 ], [ 140.227985661336561, 35.791691558254591 ] ] ] } },
{ "type": "Feature", "properties": { "fid": 4035, "daicho_shubetsu_cd": "FUD25", "layer": "筆ポリゴン（2025年公開）_20260708233456", "fid_2": 6054, "事業年度": 2026, "物件番号": 5737, "GIS物件番号": null, "大字コード": 2040, "大字名": "吉高", "小字コード": 25, "小字名": "矢渡", "__EMPTY": "吉高3098", "本番": 3098, "枝番": "0", "子番": 0, "孫番": false, "付番": false, "所在地番号": "2.04002503098e+28", "農地管理番号": 1, "耕地番号": 10, "所在地名": "吉高矢渡3098", "マッチングさせるデータ": "吉高矢渡3098", "空散対象区分1": 2, "空散対象区分2": null, "空散外面積1": 0, "空散外面積2": false, "集計転作面積": 0, "散布面積1": null, "散布面積2": null, "支払者集落": 0, "支払者集落名": null, "支払者コード": 0, "支払者名": null, "支払者住所": null, "支払者電話番号": null, "農地異動適用法": false, "農地異動適用法名": null, "利用集積計画番号": null, "適用法開始年月日": null, "適用法終了年月日": null, "備考": "土井　靜夫", "所有者世帯番号": 1843, "所有者個人番号": 3351, "借受者世帯番号": 1843, "借受者個人番号": 3351, "農地予備数字１": null, "農地予備数字２": null, "農地予備数字３": null, "農地予備数字４": null, "農地予備数字５": null, "農地予備文字１": null, "農地予備文字２": null, "農地予備文字３": null, "農地予備文字４": null, "農地予備文字５": null, "手動一致フラグ": null, "計算面積（アール）": 13, "散布班": "18-⑧", "地区名": "2026印西市" }, "geometry": { "type": "Polygon", "coordinates": [ [ [ 140.227420360247777, 35.791739790750121 ], [ 140.227985661336561, 35.791691558254591 ], [ 140.227951268999988, 35.791383967 ], [ 140.227811879, 35.791464148 ], [ 140.227666741, 35.791512458 ], [ 140.227532651, 35.791533398 ], [ 140.227395697, 35.79154068 ], [ 140.227420360247777, 35.791739790750121 ] ] ] } },
{ "type": "Feature", "properties": { "fid": 4036, "daicho_shubetsu_cd": "FUD25", "layer": "筆ポリゴン（2025年公開）_20260708233456", "fid_2": 6055, "事業年度": 2026, "物件番号": 5738, "GIS物件番号": null, "大字コード": 2040, "大字名": "吉高", "小字コード": 25, "小字名": "矢渡", "__EMPTY": "吉高3099", "本番": 3099, "枝番": "0", "子番": 0, "孫番": false, "付番": false, "所在地番号": "2.04002503099e+28", "農地管理番号": 1, "耕地番号": 11, "所在地名": "吉高矢渡3099", "マッチングさせるデータ": "吉高矢渡3099", "空散対象区分1": 2, "空散対象区分2": null, "空散外面積1": 0, "空散外面積2": false, "集計転作面積": 0, "散布面積1": null, "散布面積2": null, "支払者集落": 0, "支払者集落名": null, "支払者コード": 0, "支払者名": null, "支払者住所": null, "支払者電話番号": null, "農地異動適用法": false, "農地異動適用法名": null, "利用集積計画番号": null, "適用法開始年月日": null, "適用法終了年月日": null, "備考": "土井　靜夫", "所有者世帯番号": 1843, "所有者個人番号": 3351, "借受者世帯番号": 1843, "借受者個人番号": 3351, "農地予備数字１": null, "農地予備数字２": null, "農地予備数字３": null, "農地予備数字４": null, "農地予備数字５": null, "農地予備文字１": null, "農地予備文字２": null, "農地予備文字３": null, "農地予備文字４": null, "農地予備文字５": null, "手動一致フラグ": null, "計算面積（アール）": 10, "散布班": "18-⑧", "地区名": "2026印西市" }, "geometry": { "type": "Polygon", "coordinates": [ [ [ 140.227405073999989, 35.791741095 ], [ 140.22738456, 35.791549828 ], [ 140.226812630000012, 35.791639326 ], [ 140.226829186, 35.791782147 ], [ 140.227405073999989, 35.791741095 ] ] ] } },
{ "type": "Feature", "properties": { "fid": 4037, "daicho_shubetsu_cd": "FUD25", "layer": "筆ポリゴン（2025年公開）_20260708233456", "fid_2": 6056, "事業年度": 2026, "物件番号": 5435, "GIS物件番号": null, "大字コード": 2040, "大字名": "吉高", "小字コード": 17, "小字名": "向田", "__EMPTY": "吉高2935", "本番": 2935, "枝番": "0", "子番": 0, "孫番": false, "付番": false, "所在地番号": "2.04001702935e+28", "農地管理番号": 1, "耕地番号": 3, "所在地名": "吉高向田2935", "マッチングさせるデータ": "吉高向田2935", "空散対象区分1": 2, "空散対象区分2": null, "空散外面積1": 0, "空散外面積2": false, "集計転作面積": 0, "散布面積1": null, "散布面積2": null, "支払者集落": 0, "支払者集落名": null, "支払者コード": 0, "支払者名": null, "支払者住所": null, "支払者電話番号": null, "農地異動適用法": false, "農地異動適用法名": null, "利用集積計画番号": null, "適用法開始年月日": null, "適用法終了年月日": null, "備考": "富井　節", "所有者世帯番号": 1845, "所有者個人番号": 3362, "借受者世帯番号": 1845, "借受者個人番号": 3362, "農地予備数字１": null, "農地予備数字２": null, "農地予備数字３": null, "農地予備数字４": null, "農地予備数字５": null, "農地予備文字１": null, "農地予備文字２": null, "農地予備文字３": null, "農地予備文字４": null, "農地予備文字５": null, "手動一致フラグ": null, "計算面積（アール）": 13, "散布班": "18-⑧", "地区名": "2026印西市" }, "geometry": { "type": "Polygon", "coordinates": [ [ [ 140.229322066, 35.789364259 ], [ 140.229849482, 35.789061334 ], [ 140.229819153, 35.788940325 ], [ 140.229792826, 35.78887683 ], [ 140.229789783, 35.788861142 ], [ 140.229181716, 35.789208645 ], [ 140.229322066, 35.789364259 ] ] ] } },
{ "type": "Feature", "properties": { "fid": 4038, "daicho_shubetsu_cd": "FUD25", "layer": "筆ポリゴン（2025年公開）_20260708233456", "fid_2": 6057, "事業年度": 2026, "物件番号": 5461, "GIS物件番号": null, "大字コード": 2040, "大字名": "吉高", "小字コード": 18, "小字名": "仲田", "__EMPTY": "吉高2957", "本番": 2957, "枝番": "0", "子番": 0, "孫番": false, "付番": false, "所在地番号": "2.04001802957e+28", "農地管理番号": 1, "耕地番号": 4, "所在地名": "吉高仲田2957", "マッチングさせるデータ": "吉高仲田2957", "空散対象区分1": 2, "空散対象区分2": null, "空散外面積1": 0, "空散外面積2": false, "集計転作面積": 0, "散布面積1": null, "散布面積2": null, "支払者集落": 0, "支払者集落名": null, "支払者コード": 0, "支払者名": null, "支払者住所": null, "支払者電話番号": null, "農地異動適用法": false, "農地異動適用法名": null, "利用集積計画番号": null, "適用法開始年月日": null, "適用法終了年月日": null, "備考": "富井　節", "所有者世帯番号": 1845, "所有者個人番号": 3362, "借受者世帯番号": 1845, "借受者個人番号": 3362, "農地予備数字１": null, "農地予備数字２": null, "農地予備数字３": null, "農地予備数字４": null, "農地予備数字５": null, "農地予備文字１": null, "農地予備文字２": null, "農地予備文字３": null, "農地予備文字４": null, "農地予備文字５": null, "手動一致フラグ": null, "計算面積（アール）": 2, "散布班": "18-⑧", "地区名": "2026印西市" }, "geometry": { "type": "Polygon", "coordinates": [ [ [ 140.231377975136297, 35.789894429142144 ], [ 140.231201197, 35.789677955 ], [ 140.231119492, 35.789728307 ], [ 140.231298880610069, 35.789932496026424 ], [ 140.231377975136297, 35.789894429142144 ] ] ] } },
{ "type": "Feature", "properties": { "fid": 4039, "daicho_shubetsu_cd": "FUD25", "layer": "筆ポリゴン（2025年公開）_20260708233456", "fid_2": 6058, "事業年度": 2026, "物件番号": 5462, "GIS物件番号": null, "大字コード": 2040, "大字名": "吉高", "小字コード": 18, "小字名": "仲田", "__EMPTY": "吉高2958", "本番": 2958, "枝番": "0", "子番": 0, "孫番": false, "付番": false, "所在地番号": "2.04001802958e+28", "農地管理番号": 1, "耕地番号": 5, "所在地名": "吉高仲田2958", "マッチングさせるデータ": "吉高仲田2958", "空散対象区分1": 2, "空散対象区分2": null, "空散外面積1": 0, "空散外面積2": false, "集計転作面積": 510, "散布面積1": 0, "散布面積2": false, "支払者集落": 0, "支払者集落名": null, "支払者コード": 0, "支払者名": null, "支払者住所": null, "支払者電話番号": null, "農地異動適用法": false, "農地異動適用法名": null, "利用集積計画番号": null, "適用法開始年月日": null, "適用法終了年月日": null, "備考": "富井　節", "所有者世帯番号": 1845, "所有者個人番号": 3362, "借受者世帯番号": 1845, "借受者個人番号": 3362, "農地予備数字１": null, "農地予備数字２": null, "農地予備数字３": null, "農地予備数字４": null, "農地予備数字５": null, "農地予備文字１": null, "農地予備文字２": null, "農地予備文字３": null, "農地予備文字４": null, "農地予備文字５": null, "手動一致フラグ": null, "計算面積（アール）": 10, "散布班": "18-⑧", "地区名": "2026印西市" }, "geometry": { "type": "Polygon", "coordinates": [ [ [ 140.231155183999988, 35.789807633 ], [ 140.231116732, 35.789761704 ], [ 140.231034908, 35.789788208 ], [ 140.231005532000012, 35.789766842 ], [ 140.230906122, 35.789788633 ], [ 140.23080958, 35.789798491 ], [ 140.230683733, 35.789801293 ], [ 140.230575436, 35.789801651 ], [ 140.230516861000012, 35.789794689 ], [ 140.230470018, 35.78979246 ], [ 140.230478928999986, 35.789818663 ], [ 140.23069677, 35.790068349 ], [ 140.231155183999988, 35.789807633 ] ] ] } },
{ "type": "Feature", "properties": { "fid": 4040, "daicho_shubetsu_cd": "FUD25", "layer": "筆ポリゴン（2025年公開）_20260708233456", "fid_2": 6059, "事業年度": 2026, "物件番号": 5463, "GIS物件番号": null, "大字コード": 2040, "大字名": "吉高", "小字コード": 18, "小字名": "仲田", "__EMPTY": "吉高2959", "本番": 2959, "枝番": "0", "子番": 0, "孫番": false, "付番": false, "所在地番号": "2.04001802959e+28", "農地管理番号": 1, "耕地番号": 6, "所在地名": "吉高仲田2959", "マッチングさせるデータ": "吉高仲田2959", "空散対象区分1": 2, "空散対象区分2": null, "空散外面積1": 0, "空散外面積2": false, "集計転作面積": 0, "散布面積1": null, "散布面積2": null, "支払者集落": 0, "支払者集落名": null, "支払者コード": 0, "支払者名": null, "支払者住所": null, "支払者電話番号": null, "農地異動適用法": false, "農地異動適用法名": null, "利用集積計画番号": null, "適用法開始年月日": null, "適用法終了年月日": null, "備考": "富井　節", "所有者世帯番号": 1845, "所有者個人番号": 3362, "借受者世帯番号": 1845, "借受者個人番号": 3362, "農地予備数字１": null, "農地予備数字２": null, "農地予備数字３": null, "農地予備数字４": null, "農地予備数字５": null, "農地予備文字１": null, "農地予備文字２": null, "農地予備文字３": null, "農地予備文字４": null, "農地予備文字５": null, "手動一致フラグ": null, "計算面積（アール）": 12, "散布班": "18-⑧", "地区名": "2026印西市" }, "geometry": { "type": "Polygon", "coordinates": [ [ [ 140.231155183999988, 35.789807633 ], [ 140.23069677, 35.790068349 ], [ 140.230849875, 35.79024909 ], [ 140.231306106, 35.789987901 ], [ 140.231155183999988, 35.789807633 ] ] ] } },
{ "type": "Feature", "properties": { "fid": 4041, "daicho_shubetsu_cd": "FUD25", "layer": "筆ポリゴン（2025年公開）_20260708233456", "fid_2": 6060, "事業年度": 2026, "物件番号": 5483, "GIS物件番号": null, "大字コード": 2040, "大字名": "吉高", "小字コード": 18, "小字名": "仲田", "__EMPTY": "吉高2978", "本番": 2978, "枝番": "0", "子番": 0, "孫番": false, "付番": false, "所在地番号": "2.04001802978e+28", "農地管理番号": 1, "耕地番号": 7, "所在地名": "吉高仲田2978", "マッチングさせるデータ": "吉高仲田2978", "空散対象区分1": 2, "空散対象区分2": null, "空散外面積1": 0, "空散外面積2": false, "集計転作面積": 0, "散布面積1": null, "散布面積2": null, "支払者集落": 0, "支払者集落名": null, "支払者コード": 0, "支払者名": null, "支払者住所": null, "支払者電話番号": null, "農地異動適用法": false, "農地異動適用法名": null, "利用集積計画番号": null, "適用法開始年月日": null, "適用法終了年月日": null, "備考": "富井　節", "所有者世帯番号": 1845, "所有者個人番号": 3362, "借受者世帯番号": 1845, "借受者個人番号": 3362, "農地予備数字１": null, "農地予備数字２": null, "農地予備数字３": null, "農地予備数字４": null, "農地予備数字５": null, "農地予備文字１": null, "農地予備文字２": null, "農地予備文字３": null, "農地予備文字４": null, "農地予備文字５": null, "手動一致フラグ": null, "計算面積（アール）": 11, "散布班": "18-⑧", "地区名": "2026印西市" }, "geometry": { "type": "Polygon", "coordinates": [ [ [ 140.23078124700001, 35.790245992 ], [ 140.230647796, 35.790092954 ], [ 140.230182584, 35.790354845 ], [ 140.230325498000013, 35.790515595 ], [ 140.23078124700001, 35.790245992 ] ] ] } },
{ "type": "Feature", "properties": { "fid": 4042, "daicho_shubetsu_cd": "FUD25", "layer": "筆ポリゴン（2025年公開）_20260708233456", "fid_2": 6061, "事業年度": 2026, "物件番号": 6239, "GIS物件番号": null, "大字コード": 2040, "大字名": "吉高", "小字コード": 41, "小字名": "中", "__EMPTY": "吉高3268", "本番": 3268, "枝番": "0", "子番": 0, "孫番": false, "付番": false, "所在地番号": "2.04004103268e+28", "農地管理番号": 1, "耕地番号": 1, "所在地名": "吉高中3268", "マッチングさせるデータ": "吉高中3268", "空散対象区分1": 2, "空散対象区分2": null, "空散外面積1": 0, "空散外面積2": false, "集計転作面積": 0, "散布面積1": null, "散布面積2": null, "支払者集落": 0, "支払者集落名": null, "支払者コード": 0, "支払者名": null, "支払者住所": null, "支払者電話番号": null, "農地異動適用法": false, "農地異動適用法名": null, "利用集積計画番号": null, "適用法開始年月日": null, "適用法終了年月日": null, "備考": "宮崎　元吉", "所有者世帯番号": 1847, "所有者個人番号": 3536, "借受者世帯番号": 1847, "借受者個人番号": 3536, "農地予備数字１": null, "農地予備数字２": null, "農地予備数字３": null, "農地予備数字４": null, "農地予備数字５": null, "農地予備文字１": null, "農地予備文字２": null, "農地予備文字３": null, "農地予備文字４": null, "農地予備文字５": null, "手動一致フラグ": null, "計算面積（アール）": 6, "散布班": "18-⑨", "地区名": "2026印西市" }, "geometry": { "type": "Polygon", "coordinates": [ [ [ 140.244627886513797, 35.793945192521996 ], [ 140.2450503013701, 35.793700055835671 ], [ 140.244839203, 35.793657826 ], [ 140.244530198, 35.793832732 ], [ 140.244627886513797, 35.793945192521996 ] ] ] } },
{ "type": "Feature", "properties": { "fid": 4043, "daicho_shubetsu_cd": "FUD25", "layer": "筆ポリゴン（2025年公開）_20260708233407", "fid_2": 6062, "事業年度": 2026, "物件番号": 6312, "GIS物件番号": null, "大字コード": 2040, "大字名": "吉高", "小字コード": 41, "小字名": "中", "__EMPTY": "吉高3357", "本番": 3357, "枝番": "0", "子番": 0, "孫番": false, "付番": false, "所在地番号": "2.04004103357e+28", "農地管理番号": 1, "耕地番号": 2, "所在地名": "吉高中3357", "マッチングさせるデータ": "吉高中3357", "空散対象区分1": 2, "空散対象区分2": null, "空散外面積1": 0, "空散外面積2": false, "集計転作面積": 0, "散布面積1": null, "散布面積2": null, "支払者集落": 0, "支払者集落名": null, "支払者コード": 0, "支払者名": null, "支払者住所": null, "支払者電話番号": null, "農地異動適用法": false, "農地異動適用法名": null, "利用集積計画番号": null, "適用法開始年月日": null, "適用法終了年月日": null, "備考": "宮崎　元吉", "所有者世帯番号": 1847, "所有者個人番号": 3536, "借受者世帯番号": 1847, "借受者個人番号": 3536, "農地予備数字１": null, "農地予備数字２": null, "農地予備数字３": null, "農地予備数字４": null, "農地予備数字５": null, "農地予備文字１": null, "農地予備文字２": null, "農地予備文字３": null, "農地予備文字４": null, "農地予備文字５": null, "手動一致フラグ": null, "計算面積（アール）": 24, "散布班": "18-⑨", "地区名": "2026印西市" }, "geometry": { "type": "Polygon", "coordinates": [ [ [ 140.236229559695516, 35.797061242922041 ], [ 140.237286709481623, 35.796737099433614 ], [ 140.237188624999987, 35.796529097 ], [ 140.236147827999986, 35.79686419 ], [ 140.236229559695516, 35.797061242922041 ] ] ] } },
{ "type": "Feature", "properties": { "fid": 4044, "daicho_shubetsu_cd": "FUD25", "layer": "筆ポリゴン（2025年公開）_20260708233407", "fid_2": 6063, "事業年度": 2026, "物件番号": 6313, "GIS物件番号": null, "大字コード": 2040, "大字名": "吉高", "小字コード": 41, "小字名": "中", "__EMPTY": "吉高3358", "本番": 3358, "枝番": "0", "子番": 0, "孫番": false, "付番": false, "所在地番号": "2.04004103358e+28", "農地管理番号": 1, "耕地番号": 3, "所在地名": "吉高中3358", "マッチングさせるデータ": "吉高中3358", "空散対象区分1": 2, "空散対象区分2": null, "空散外面積1": 0, "空散外面積2": false, "集計転作面積": 0, "散布面積1": null, "散布面積2": null, "支払者集落": 0, "支払者集落名": null, "支払者コード": 0, "支払者名": null, "支払者住所": null, "支払者電話番号": null, "農地異動適用法": false, "農地異動適用法名": null, "利用集積計画番号": null, "適用法開始年月日": null, "適用法終了年月日": null, "備考": "宮崎　元吉", "所有者世帯番号": 1847, "所有者個人番号": 3536, "借受者世帯番号": 1847, "借受者個人番号": 3536, "農地予備数字１": null, "農地予備数字２": null, "農地予備数字３": null, "農地予備数字４": null, "農地予備数字５": null, "農地予備文字１": null, "農地予備文字２": null, "農地予備文字３": null, "農地予備文字４": null, "農地予備文字５": null, "手動一致フラグ": null, "計算面積（アール）": 33, "散布班": "18-⑨", "地区名": "2026印西市" }, "geometry": { "type": "Polygon", "coordinates": [ [ [ 140.237188624999987, 35.796529097 ], [ 140.237070034999988, 35.796257581 ], [ 140.236017446, 35.79659389 ], [ 140.236147827999986, 35.79686419 ], [ 140.237188624999987, 35.796529097 ] ] ] } },
{ "type": "Feature", "properties": { "fid": 4045, "daicho_shubetsu_cd": null, "layer": null, "fid_2": 6064, "事業年度": 2026, "物件番号": 6590, "GIS物件番号": null, "大字コード": 2041, "大字名": "吉高干拓", "小字コード": 0, "小字名": null, "__EMPTY": "吉高干拓80", "本番": 80, "枝番": "1", "子番": 0, "孫番": false, "付番": false, "所在地番号": "2.0410000008e+28", "農地管理番号": 1, "耕地番号": 4, "所在地名": "吉高干拓80-1", "マッチングさせるデータ": "吉高干拓80-1", "空散対象区分1": 2, "空散対象区分2": null, "空散外面積1": 0, "空散外面積2": false, "集計転作面積": 0, "散布面積1": null, "散布面積2": null, "支払者集落": 0, "支払者集落名": null, "支払者コード": 0, "支払者名": null, "支払者住所": null, "支払者電話番号": null, "農地異動適用法": false, "農地異動適用法名": null, "利用集積計画番号": null, "適用法開始年月日": null, "適用法終了年月日": null, "備考": "宮崎　元吉", "所有者世帯番号": 1846, "所有者個人番号": 3367, "借受者世帯番号": 1847, "借受者個人番号": 3536, "農地予備数字１": null, "農地予備数字２": null, "農地予備数字３": null, "農地予備数字４": null, "農地予備数字５": null, "農地予備文字１": null, "農地予備文字２": null, "農地予備文字３": null, "農地予備文字４": null, "農地予備文字５": null, "手動一致フラグ": null, "計算面積（アール）": 4, "散布班": "18-⑨", "地区名": "2026印西市" }, "geometry": { "type": "Polygon", "coordinates": [ [ [ 140.236254689, 35.797121829 ], [ 140.236288349, 35.797150381 ], [ 140.237327312, 35.796840654 ], [ 140.237277062, 35.796808839 ], [ 140.236254689, 35.797121829 ] ] ] } },
{ "type": "Feature", "properties": { "fid": 4046, "daicho_shubetsu_cd": "FUD25", "layer": "筆ポリゴン（2025年公開）_20260708233407", "fid_2": 6065, "事業年度": 2026, "物件番号": 6591, "GIS物件番号": null, "大字コード": 2041, "大字名": "吉高干拓", "小字コード": 0, "小字名": null, "__EMPTY": "吉高干拓80", "本番": 80, "枝番": "2", "子番": 0, "孫番": false, "付番": false, "所在地番号": "2.0410000008e+28", "農地管理番号": 1, "耕地番号": 5, "所在地名": "吉高干拓80-2", "マッチングさせるデータ": "吉高干拓80-2", "空散対象区分1": 2, "空散対象区分2": null, "空散外面積1": 0, "空散外面積2": false, "集計転作面積": 0, "散布面積1": null, "散布面積2": null, "支払者集落": 0, "支払者集落名": null, "支払者コード": 0, "支払者名": null, "支払者住所": null, "支払者電話番号": null, "農地異動適用法": false, "農地異動適用法名": null, "利用集積計画番号": null, "適用法開始年月日": null, "適用法終了年月日": null, "備考": "宮崎　元吉", "所有者世帯番号": 1847, "所有者個人番号": 3536, "借受者世帯番号": 1847, "借受者個人番号": 3536, "農地予備数字１": null, "農地予備数字２": null, "農地予備数字３": null, "農地予備数字４": null, "農地予備数字５": null, "農地予備文字１": null, "農地予備文字２": null, "農地予備文字３": null, "農地予備文字４": null, "農地予備文字５": null, "手動一致フラグ": null, "計算面積（アール）": 7, "散布班": "18-⑨", "地区名": "2026印西市" }, "geometry": { "type": "Polygon", "coordinates": [ [ [ 140.237286709481623, 35.796737099433614 ], [ 140.236229559695516, 35.797061242922041 ], [ 140.236254689, 35.797121829 ], [ 140.237277062, 35.796808839 ], [ 140.237263288, 35.796775412 ], [ 140.237300009, 35.796765303 ], [ 140.237286709481623, 35.796737099433614 ] ] ] } },
{ "type": "Feature", "properties": { "fid": 4047, "daicho_shubetsu_cd": "FUD25", "layer": "筆ポリゴン（2025年公開）_20260708233456", "fid_2": 6066, "事業年度": 2026, "物件番号": 6686, "GIS物件番号": null, "大字コード": 2041, "大字名": "吉高干拓", "小字コード": 0, "小字名": null, "__EMPTY": "吉高干拓202", "本番": 202, "枝番": "0", "子番": 0, "孫番": false, "付番": false, "所在地番号": "2.04100000202e+28", "農地管理番号": 1, "耕地番号": 6, "所在地名": "吉高干拓202", "マッチングさせるデータ": "吉高干拓202", "空散対象区分1": 2, "空散対象区分2": null, "空散外面積1": 0, "空散外面積2": false, "集計転作面積": 0, "散布面積1": null, "散布面積2": null, "支払者集落": 0, "支払者集落名": null, "支払者コード": 0, "支払者名": null, "支払者住所": null, "支払者電話番号": null, "農地異動適用法": false, "農地異動適用法名": null, "利用集積計画番号": null, "適用法開始年月日": null, "適用法終了年月日": null, "備考": "宮崎　元吉", "所有者世帯番号": 1847, "所有者個人番号": 3536, "借受者世帯番号": 1847, "借受者個人番号": 3536, "農地予備数字１": null, "農地予備数字２": null, "農地予備数字３": null, "農地予備数字４": null, "農地予備数字５": null, "農地予備文字１": null, "農地予備文字２": null, "農地予備文字３": null, "農地予備文字４": null, "農地予備文字５": null, "手動一致フラグ": null, "計算面積（アール）": 7, "散布班": "18-⑨", "地区名": "2026印西市" }, "geometry": { "type": "Polygon", "coordinates": [ [ [ 140.2450503013701, 35.793700055835671 ], [ 140.244627886513797, 35.793945192521996 ], [ 140.244714292999987, 35.794044665 ], [ 140.245224775, 35.79374364 ], [ 140.245218822, 35.793724583 ], [ 140.245071872000011, 35.793704371 ], [ 140.2450503013701, 35.793700055835671 ] ] ] } },
{ "type": "Feature", "properties": { "fid": 4048, "daicho_shubetsu_cd": "FUD25", "layer": "筆ポリゴン（2025年公開）_20260708233456", "fid_2": 6067, "事業年度": 2026, "物件番号": 5359, "GIS物件番号": null, "大字コード": 2040, "大字名": "吉高", "小字コード": 16, "小字名": "古木戸", "__EMPTY": "吉高2868", "本番": 2868, "枝番": "0", "子番": 0, "孫番": false, "付番": false, "所在地番号": "2.04001602868e+28", "農地管理番号": 1, "耕地番号": 1, "所在地名": "吉高古木戸2868", "マッチングさせるデータ": "吉高古木戸2868", "空散対象区分1": 2, "空散対象区分2": null, "空散外面積1": 0, "空散外面積2": false, "集計転作面積": 0, "散布面積1": null, "散布面積2": null, "支払者集落": 0, "支払者集落名": null, "支払者コード": 0, "支払者名": null, "支払者住所": null, "支払者電話番号": null, "農地異動適用法": false, "農地異動適用法名": null, "利用集積計画番号": null, "適用法開始年月日": null, "適用法終了年月日": null, "備考": "須藤　良士", "所有者世帯番号": 1850, "所有者個人番号": 3145, "借受者世帯番号": 1850, "借受者個人番号": 3145, "農地予備数字１": null, "農地予備数字２": null, "農地予備数字３": null, "農地予備数字４": null, "農地予備数字５": null, "農地予備文字１": null, "農地予備文字２": null, "農地予備文字３": null, "農地予備文字４": null, "農地予備文字５": null, "手動一致フラグ": null, "計算面積（アール）": 20, "散布班": "18-⑧", "地区名": "2026印西市" }, "geometry": { "type": "Polygon", "coordinates": [ [ [ 140.234262076, 35.788786227 ], [ 140.234271453, 35.788766519 ], [ 140.234307982, 35.788766397 ], [ 140.234339, 35.788708186 ], [ 140.234398492, 35.788604684 ], [ 140.234489518, 35.788481379 ], [ 140.233963294, 35.788217623 ], [ 140.233928523, 35.788287693 ], [ 140.233891848000013, 35.788367309 ], [ 140.233853189, 35.788440573 ], [ 140.233809871, 35.788504611 ], [ 140.234262076, 35.788786227 ] ] ] } },
{ "type": "Feature", "properties": { "fid": 4049, "daicho_shubetsu_cd": "FUD25", "layer": "筆ポリゴン（2025年公開）_20260708233456", "fid_2": 6068, "事業年度": 2026, "物件番号": 5380, "GIS物件番号": null, "大字コード": 2040, "大字名": "吉高", "小字コード": 16, "小字名": "古木戸", "__EMPTY": "吉高2884", "本番": 2884, "枝番": "0", "子番": 0, "孫番": false, "付番": false, "所在地番号": "2.04001602884e+28", "農地管理番号": 1, "耕地番号": 2, "所在地名": "吉高古木戸2884", "マッチングさせるデータ": "吉高古木戸2884", "空散対象区分1": 2, "空散対象区分2": null, "空散外面積1": 0, "空散外面積2": false, "集計転作面積": 0, "散布面積1": null, "散布面積2": null, "支払者集落": 0, "支払者集落名": null, "支払者コード": 0, "支払者名": null, "支払者住所": null, "支払者電話番号": null, "農地異動適用法": false, "農地異動適用法名": null, "利用集積計画番号": null, "適用法開始年月日": null, "適用法終了年月日": null, "備考": "須藤　良士", "所有者世帯番号": 1850, "所有者個人番号": 3145, "借受者世帯番号": 1850, "借受者個人番号": 3145, "農地予備数字１": null, "農地予備数字２": null, "農地予備数字３": null, "農地予備数字４": null, "農地予備数字５": null, "農地予備文字１": null, "農地予備文字２": null, "農地予備文字３": null, "農地予備文字４": null, "農地予備文字５": null, "手動一致フラグ": null, "計算面積（アール）": 13, "散布班": "18-⑧", "地区名": "2026印西市" }, "geometry": { "type": "Polygon", "coordinates": [ [ [ 140.23189154100001, 35.787112585 ], [ 140.23127597300001, 35.787343544 ], [ 140.231276092, 35.787375459 ], [ 140.231276149, 35.787406478 ], [ 140.231257738000011, 35.787438696 ], [ 140.231241648, 35.787470904 ], [ 140.231225586, 35.787508788 ], [ 140.231214613, 35.787560442 ], [ 140.231890975999988, 35.787320043 ], [ 140.231895831, 35.787274295 ], [ 140.231895434, 35.787194852 ], [ 140.23189154100001, 35.787112585 ] ] ] } },
{ "type": "Feature", "properties": { "fid": 4050, "daicho_shubetsu_cd": "FUD25", "layer": "筆ポリゴン（2025年公開）_20260708233456", "fid_2": 6069, "事業年度": 2026, "物件番号": 5381, "GIS物件番号": null, "大字コード": 2040, "大字名": "吉高", "小字コード": 16, "小字名": "古木戸", "__EMPTY": "吉高2885", "本番": 2885, "枝番": "0", "子番": 0, "孫番": false, "付番": false, "所在地番号": "2.04001602885e+28", "農地管理番号": 1, "耕地番号": 3, "所在地名": "吉高古木戸2885", "マッチングさせるデータ": "吉高古木戸2885", "空散対象区分1": 2, "空散対象区分2": null, "空散外面積1": 0, "空散外面積2": false, "集計転作面積": 0, "散布面積1": null, "散布面積2": null, "支払者集落": 0, "支払者集落名": null, "支払者コード": 0, "支払者名": null, "支払者住所": null, "支払者電話番号": null, "農地異動適用法": false, "農地異動適用法名": null, "利用集積計画番号": null, "適用法開始年月日": null, "適用法終了年月日": null, "備考": "須藤　良士", "所有者世帯番号": 1850, "所有者個人番号": 3145, "借受者世帯番号": 1850, "借受者個人番号": 3145, "農地予備数字１": null, "農地予備数字２": null, "農地予備数字３": null, "農地予備数字４": null, "農地予備数字５": null, "農地予備文字１": null, "農地予備文字２": null, "農地予備文字３": null, "農地予備文字４": null, "農地予備文字５": null, "手動一致フラグ": null, "計算面積（アール）": 10, "散布班": "18-⑧", "地区名": "2026印西市" }, "geometry": { "type": "Polygon", "coordinates": [ [ [ 140.231368375167648, 35.787679545308954 ], [ 140.231903259739141, 35.787467204197661 ], [ 140.231890975999988, 35.787320043 ], [ 140.231214613, 35.787560442 ], [ 140.231368375167648, 35.787679545308954 ] ] ] } },
{ "type": "Feature", "properties": { "fid": 4051, "daicho_shubetsu_cd": "FUD25", "layer": "筆ポリゴン（2025年公開）_20260708233456", "fid_2": 6070, "事業年度": 2026, "物件番号": 5382, "GIS物件番号": null, "大字コード": 2040, "大字名": "吉高", "小字コード": 16, "小字名": "古木戸", "__EMPTY": "吉高2886", "本番": 2886, "枝番": "0", "子番": 0, "孫番": false, "付番": false, "所在地番号": "2.04001602886e+28", "農地管理番号": 1, "耕地番号": 4, "所在地名": "吉高古木戸2886", "マッチングさせるデータ": "吉高古木戸2886", "空散対象区分1": 2, "空散対象区分2": null, "空散外面積1": 0, "空散外面積2": false, "集計転作面積": 0, "散布面積1": null, "散布面積2": null, "支払者集落": 0, "支払者集落名": null, "支払者コード": 0, "支払者名": null, "支払者住所": null, "支払者電話番号": null, "農地異動適用法": false, "農地異動適用法名": null, "利用集積計画番号": null, "適用法開始年月日": null, "適用法終了年月日": null, "備考": "須藤　良士", "所有者世帯番号": 1850, "所有者個人番号": 3145, "借受者世帯番号": 1850, "借受者個人番号": 3145, "農地予備数字１": null, "農地予備数字２": null, "農地予備数字３": null, "農地予備数字４": null, "農地予備数字５": null, "農地予備文字１": null, "農地予備文字２": null, "農地予備文字３": null, "農地予備文字４": null, "農地予備文字５": null, "手動一致フラグ": null, "計算面積（アール）": 6, "散布班": "18-⑧", "地区名": "2026印西市" }, "geometry": { "type": "Polygon", "coordinates": [ [ [ 140.231903259739141, 35.787467204197661 ], [ 140.231368375167648, 35.787679545308954 ], [ 140.231485671, 35.787770402 ], [ 140.231913056, 35.787584565 ], [ 140.231903259739141, 35.787467204197661 ] ] ] } },
{ "type": "Feature", "properties": { "fid": 4052, "daicho_shubetsu_cd": "FUD25", "layer": "筆ポリゴン（2025年公開）_20260708233456", "fid_2": 6071, "事業年度": 2026, "物件番号": 5720, "GIS物件番号": null, "大字コード": 2040, "大字名": "吉高", "小字コード": 25, "小字名": "矢渡", "__EMPTY": "吉高3081", "本番": 3081, "枝番": "0", "子番": 0, "孫番": false, "付番": false, "所在地番号": "2.04002503081e+28", "農地管理番号": 1, "耕地番号": 5, "所在地名": "吉高矢渡3081", "マッチングさせるデータ": "吉高矢渡3081", "空散対象区分1": 2, "空散対象区分2": null, "空散外面積1": 0, "空散外面積2": false, "集計転作面積": 0, "散布面積1": null, "散布面積2": null, "支払者集落": 0, "支払者集落名": null, "支払者コード": 0, "支払者名": null, "支払者住所": null, "支払者電話番号": null, "農地異動適用法": false, "農地異動適用法名": null, "利用集積計画番号": null, "適用法開始年月日": null, "適用法終了年月日": null, "備考": "須藤　良士", "所有者世帯番号": 1850, "所有者個人番号": 3145, "借受者世帯番号": 1850, "借受者個人番号": 3145, "農地予備数字１": null, "農地予備数字２": null, "農地予備数字３": null, "農地予備数字４": null, "農地予備数字５": null, "農地予備文字１": null, "農地予備文字２": null, "農地予備文字３": null, "農地予備文字４": null, "農地予備文字５": null, "手動一致フラグ": null, "計算面積（アール）": 13, "散布班": "18-⑧", "地区名": "2026印西市" }, "geometry": { "type": "Polygon", "coordinates": [ [ [ 140.229171179716189, 35.791450331424393 ], [ 140.228611480301026, 35.791495591458634 ], [ 140.228636126999987, 35.791735374 ], [ 140.229199392999988, 35.791680637 ], [ 140.229171179716189, 35.791450331424393 ] ] ] } },
{ "type": "Feature", "properties": { "fid": 4053, "daicho_shubetsu_cd": "FUD25", "layer": "筆ポリゴン（2025年公開）_20260708233456", "fid_2": 6072, "事業年度": 2026, "物件番号": 5721, "GIS物件番号": null, "大字コード": 2040, "大字名": "吉高", "小字コード": 25, "小字名": "矢渡", "__EMPTY": "吉高3082", "本番": 3082, "枝番": "0", "子番": 0, "孫番": false, "付番": false, "所在地番号": "2.04002503082e+28", "農地管理番号": 1, "耕地番号": 6, "所在地名": "吉高矢渡3082", "マッチングさせるデータ": "吉高矢渡3082", "空散対象区分1": 2, "空散対象区分2": null, "空散外面積1": 0, "空散外面積2": false, "集計転作面積": 0, "散布面積1": null, "散布面積2": null, "支払者集落": 0, "支払者集落名": null, "支払者コード": 0, "支払者名": null, "支払者住所": null, "支払者電話番号": null, "農地異動適用法": false, "農地異動適用法名": null, "利用集積計画番号": null, "適用法開始年月日": null, "適用法終了年月日": null, "備考": "須藤　良士", "所有者世帯番号": 1850, "所有者個人番号": 3145, "借受者世帯番号": 1850, "借受者個人番号": 3145, "農地予備数字１": null, "農地予備数字２": null, "農地予備数字３": null, "農地予備数字４": null, "農地予備数字５": null, "農地予備文字１": null, "農地予備文字２": null, "農地予備文字３": null, "農地予備文字４": null, "農地予備文字５": null, "手動一致フラグ": null, "計算面積（アール）": 10, "散布班": "18-⑧", "地区名": "2026印西市" }, "geometry": { "type": "Polygon", "coordinates": [ [ [ 140.228611480301026, 35.791495591458634 ], [ 140.229171179716189, 35.791450331424393 ], [ 140.229149815999989, 35.791275939 ], [ 140.229116613, 35.791271754 ], [ 140.228592787999986, 35.791313738 ], [ 140.228611480301026, 35.791495591458634 ] ] ] } },
{ "type": "Feature", "properties": { "fid": 4057, "daicho_shubetsu_cd": "FUD25", "layer": "筆ポリゴン（2025年公開）_20260708233456", "fid_2": 6076, "事業年度": 2026, "物件番号": 6261, "GIS物件番号": null, "大字コード": 2040, "大字名": "吉高", "小字コード": 41, "小字名": "中", "__EMPTY": "吉高3298", "本番": 3298, "枝番": "0", "子番": 0, "孫番": false, "付番": false, "所在地番号": "2.04004103298e+28", "農地管理番号": 1, "耕地番号": 2, "所在地名": "吉高中3298", "マッチングさせるデータ": "吉高中3298", "空散対象区分1": 2, "空散対象区分2": null, "空散外面積1": 0, "空散外面積2": false, "集計転作面積": 0, "散布面積1": null, "散布面積2": null, "支払者集落": 0, "支払者集落名": null, "支払者コード": 0, "支払者名": null, "支払者住所": null, "支払者電話番号": null, "農地異動適用法": false, "農地異動適用法名": null, "利用集積計画番号": null, "適用法開始年月日": null, "適用法終了年月日": null, "備考": "小川　とよ", "所有者世帯番号": 1803, "所有者個人番号": 2969, "借受者世帯番号": 1803, "借受者個人番号": 2969, "農地予備数字１": null, "農地予備数字２": null, "農地予備数字３": null, "農地予備数字４": null, "農地予備数字５": null, "農地予備文字１": null, "農地予備文字２": null, "農地予備文字３": null, "農地予備文字４": null, "農地予備文字５": null, "手動一致フラグ": null, "計算面積（アール）": 17, "散布班": "18-⑨", "地区名": "2026印西市" }, "geometry": { "type": "Polygon", "coordinates": [ [ [ 140.241279, 35.795270452 ], [ 140.241154859, 35.795075211 ], [ 140.240452608999988, 35.795299855 ], [ 140.240553762, 35.795510599 ], [ 140.241279, 35.795270452 ] ] ] } },
{ "type": "Feature", "properties": { "fid": 4058, "daicho_shubetsu_cd": "FUD25", "layer": "筆ポリゴン（2025年公開）_20260708233456", "fid_2": 6077, "事業年度": 2026, "物件番号": 6639, "GIS物件番号": null, "大字コード": 2041, "大字名": "吉高干拓", "小字コード": 0, "小字名": null, "__EMPTY": "吉高干拓144", "本番": 144, "枝番": "0", "子番": 0, "孫番": false, "付番": false, "所在地番号": "2.04100000144e+28", "農地管理番号": 1, "耕地番号": 3, "所在地名": "吉高干拓144", "マッチングさせるデータ": "吉高干拓144", "空散対象区分1": 2, "空散対象区分2": null, "空散外面積1": 0, "空散外面積2": false, "集計転作面積": 0, "散布面積1": null, "散布面積2": null, "支払者集落": 0, "支払者集落名": null, "支払者コード": 0, "支払者名": null, "支払者住所": null, "支払者電話番号": null, "農地異動適用法": false, "農地異動適用法名": null, "利用集積計画番号": null, "適用法開始年月日": null, "適用法終了年月日": null, "備考": "小川　とよ", "所有者世帯番号": 1803, "所有者個人番号": 2969, "借受者世帯番号": 1803, "借受者個人番号": 2969, "農地予備数字１": null, "農地予備数字２": null, "農地予備数字３": null, "農地予備数字４": null, "農地予備数字５": null, "農地予備文字１": null, "農地予備文字２": null, "農地予備文字３": null, "農地予備文字４": null, "農地予備文字５": null, "手動一致フラグ": null, "計算面積（アール）": 3, "散布班": "18-⑨", "地区名": "2026印西市" }, "geometry": { "type": "Polygon", "coordinates": [ [ [ 140.240567430313575, 35.795542107570547 ], [ 140.241304690065618, 35.795305898135425 ], [ 140.241279, 35.795270452 ], [ 140.240553762, 35.795510599 ], [ 140.240567430313575, 35.795542107570547 ] ] ] } },
{ "type": "Feature", "properties": { "fid": 4059, "daicho_shubetsu_cd": "FUD25", "layer": "筆ポリゴン（2025年公開）_20260708233456", "fid_2": 6078, "事業年度": 2026, "物件番号": 5538, "GIS物件番号": null, "大字コード": 2040, "大字名": "吉高", "小字コード": 21, "小字名": "山王", "__EMPTY": "吉高1436", "本番": 1436, "枝番": "1", "子番": 0, "孫番": false, "付番": false, "所在地番号": "2.04002101436e+28", "農地管理番号": 1, "耕地番号": 1, "所在地名": "吉高山王1436-1", "マッチングさせるデータ": "吉高山王1436-1", "空散対象区分1": 2, "空散対象区分2": null, "空散外面積1": 0, "空散外面積2": false, "集計転作面積": 0, "散布面積1": null, "散布面積2": null, "支払者集落": 0, "支払者集落名": null, "支払者コード": 0, "支払者名": null, "支払者住所": null, "支払者電話番号": null, "農地異動適用法": false, "農地異動適用法名": null, "利用集積計画番号": null, "適用法開始年月日": null, "適用法終了年月日": null, "備考": "石山　和男", "所有者世帯番号": 1903, "所有者個人番号": 2900, "借受者世帯番号": 1903, "借受者個人番号": 2900, "農地予備数字１": null, "農地予備数字２": null, "農地予備数字３": null, "農地予備数字４": null, "農地予備数字５": null, "農地予備文字１": null, "農地予備文字２": null, "農地予備文字３": null, "農地予備文字４": null, "農地予備文字５": null, "手動一致フラグ": null, "計算面積（アール）": 3, "散布班": "18-⑧", "地区名": "2026印西市" }, "geometry": { "type": "Polygon", "coordinates": [ [ [ 140.231438997, 35.792425658 ], [ 140.231420930000013, 35.792732737 ], [ 140.231419958, 35.792756219 ], [ 140.231430959, 35.792778757 ], [ 140.231453867999988, 35.792787712 ], [ 140.231485457, 35.792790316 ], [ 140.231524662, 35.792791992 ], [ 140.23157040000001, 35.792793647 ], [ 140.231461199, 35.792417431 ], [ 140.231438997, 35.792425658 ] ] ] } },
{ "type": "Feature", "properties": { "fid": 4060, "daicho_shubetsu_cd": "FUD25", "layer": "筆ポリゴン（2025年公開）_20260708233456", "fid_2": 6079, "事業年度": 2026, "物件番号": 5539, "GIS物件番号": null, "大字コード": 2040, "大字名": "吉高", "小字コード": 22, "小字名": "舟戸", "__EMPTY": "吉高1524", "本番": 1524, "枝番": "0", "子番": 0, "孫番": false, "付番": false, "所在地番号": "2.04002201524e+28", "農地管理番号": 1, "耕地番号": 2, "所在地名": "吉高舟戸1524", "マッチングさせるデータ": "吉高舟戸1524", "空散対象区分1": 2, "空散対象区分2": null, "空散外面積1": 0, "空散外面積2": false, "集計転作面積": 0, "散布面積1": null, "散布面積2": null, "支払者集落": 0, "支払者集落名": null, "支払者コード": 0, "支払者名": null, "支払者住所": null, "支払者電話番号": null, "農地異動適用法": false, "農地異動適用法名": null, "利用集積計画番号": null, "適用法開始年月日": null, "適用法終了年月日": null, "備考": "石山　和男", "所有者世帯番号": 1903, "所有者個人番号": 2900, "借受者世帯番号": 1903, "借受者個人番号": 2900, "農地予備数字１": null, "農地予備数字２": null, "農地予備数字３": null, "農地予備数字４": null, "農地予備数字５": null, "農地予備文字１": null, "農地予備文字２": null, "農地予備文字３": null, "農地予備文字４": null, "農地予備文字５": null, "手動一致フラグ": null, "計算面積（アール）": 14, "散布班": "18-⑧", "地区名": "2026印西市" }, "geometry": { "type": "Polygon", "coordinates": [ [ [ 140.23081997, 35.792316081 ], [ 140.230793686, 35.792328092 ], [ 140.230786755, 35.792405622 ], [ 140.230797065, 35.792418704 ], [ 140.230848423999987, 35.79244596 ], [ 140.231081737000011, 35.792568006 ], [ 140.231090577, 35.792579901 ], [ 140.23107471, 35.792626457 ], [ 140.231199508, 35.792705936 ], [ 140.23126849, 35.792745057 ], [ 140.231316965, 35.792780668 ], [ 140.231372472, 35.792759022 ], [ 140.231387132, 35.79247041 ], [ 140.231348902, 35.792434765 ], [ 140.231315265, 35.792439646 ], [ 140.231280075, 35.792426646 ], [ 140.231178926000013, 35.792393593 ], [ 140.231076294, 35.792356968 ], [ 140.231007414, 35.792338118 ], [ 140.230959070000011, 35.792328738 ], [ 140.230890243, 35.792320619 ], [ 140.23081997, 35.792316081 ] ] ] } },
{ "type": "Feature", "properties": { "fid": 4062, "daicho_shubetsu_cd": "FUD25", "layer": "筆ポリゴン（2025年公開）_20260708233456", "fid_2": 6081, "事業年度": 2026, "物件番号": 5704, "GIS物件番号": null, "大字コード": 2040, "大字名": "吉高", "小字コード": 25, "小字名": "矢渡", "__EMPTY": "吉高1840", "本番": 1840, "枝番": "1", "子番": 0, "孫番": false, "付番": false, "所在地番号": "2.0400250184e+28", "農地管理番号": 1, "耕地番号": 5, "所在地名": "吉高矢渡1840-1", "マッチングさせるデータ": "吉高矢渡1840-1", "空散対象区分1": 2, "空散対象区分2": null, "空散外面積1": 0, "空散外面積2": false, "集計転作面積": 0, "散布面積1": null, "散布面積2": null, "支払者集落": 0, "支払者集落名": null, "支払者コード": 0, "支払者名": null, "支払者住所": null, "支払者電話番号": null, "農地異動適用法": false, "農地異動適用法名": null, "利用集積計画番号": null, "適用法開始年月日": null, "適用法終了年月日": null, "備考": "石山　和男", "所有者世帯番号": 1903, "所有者個人番号": 2900, "借受者世帯番号": 1903, "借受者個人番号": 2900, "農地予備数字１": null, "農地予備数字２": null, "農地予備数字３": null, "農地予備数字４": null, "農地予備数字５": null, "農地予備文字１": null, "農地予備文字２": null, "農地予備文字３": null, "農地予備文字４": null, "農地予備文字５": null, "手動一致フラグ": null, "計算面積（アール）": 1, "散布班": "18-⑧", "地区名": "2026印西市" }, "geometry": { "type": "Polygon", "coordinates": [ [ [ 140.228231971000014, 35.792997652 ], [ 140.227947617660703, 35.792935476221714 ], [ 140.227937407000013, 35.792990145 ], [ 140.228008849, 35.793008883 ], [ 140.228043795, 35.793020473 ], [ 140.228120585999989, 35.793018202 ], [ 140.228231971000014, 35.792997652 ] ] ] } },
{ "type": "Feature", "properties": { "fid": 4063, "daicho_shubetsu_cd": "FUD25", "layer": "筆ポリゴン（2025年公開）_20260708233456", "fid_2": 6082, "事業年度": 2026, "物件番号": null, "GIS物件番号": null, "大字コード": 2040, "大字名": "吉高", "小字コード": 25, "小字名": "矢渡", "__EMPTY": "吉高1840", "本番": 1840, "枝番": "2", "子番": 0, "孫番": false, "付番": false, "所在地番号": "2.0400250184e+28", "農地管理番号": 1, "耕地番号": 0, "所在地名": "吉高矢渡1840-2", "マッチングさせるデータ": "吉高矢渡1840-2", "空散対象区分1": 2, "空散対象区分2": null, "空散外面積1": 0, "空散外面積2": false, "集計転作面積": 0, "散布面積1": 0, "散布面積2": false, "支払者集落": 0, "支払者集落名": null, "支払者コード": 0, "支払者名": null, "支払者住所": null, "支払者電話番号": null, "農地異動適用法": false, "農地異動適用法名": null, "利用集積計画番号": null, "適用法開始年月日": null, "適用法終了年月日": null, "備考": null, "所有者世帯番号": 1903, "所有者個人番号": 2900, "借受者世帯番号": 1903, "借受者個人番号": 2900, "農地予備数字１": null, "農地予備数字２": null, "農地予備数字３": null, "農地予備数字４": null, "農地予備数字５": null, "農地予備文字１": null, "農地予備文字２": null, "農地予備文字３": null, "農地予備文字４": null, "農地予備文字５": null, "手動一致フラグ": null, "計算面積（アール）": 3, "散布班": "18-⑧", "地区名": "2026印西市" }, "geometry": { "type": "Polygon", "coordinates": [ [ [ 140.228155686423463, 35.792980971862072 ], [ 140.228192855359538, 35.792825658807665 ], [ 140.227977040339624, 35.792777944602584 ], [ 140.227947617660703, 35.792935476221714 ], [ 140.228155686423463, 35.792980971862072 ] ] ] } },
{ "type": "Feature", "properties": { "fid": 4064, "daicho_shubetsu_cd": "FUD25", "layer": "筆ポリゴン（2025年公開）_20260708233456", "fid_2": 6083, "事業年度": 2026, "物件番号": null, "GIS物件番号": null, "大字コード": 2040, "大字名": "吉高", "小字コード": 25, "小字名": "矢渡", "__EMPTY": "吉高1841", "本番": 1841, "枝番": "1", "子番": 0, "孫番": false, "付番": false, "所在地番号": "2.04002501841e+28", "農地管理番号": 1, "耕地番号": 0, "所在地名": "吉高矢渡1841-1", "マッチングさせるデータ": "吉高矢渡1841-1", "空散対象区分1": 2, "空散対象区分2": null, "空散外面積1": 0, "空散外面積2": false, "集計転作面積": 0, "散布面積1": 0, "散布面積2": false, "支払者集落": 0, "支払者集落名": null, "支払者コード": 0, "支払者名": null, "支払者住所": null, "支払者電話番号": null, "農地異動適用法": false, "農地異動適用法名": null, "利用集積計画番号": null, "適用法開始年月日": null, "適用法終了年月日": null, "備考": null, "所有者世帯番号": 1903, "所有者個人番号": 2900, "借受者世帯番号": 1903, "借受者個人番号": 2900, "農地予備数字１": null, "農地予備数字２": null, "農地予備数字３": null, "農地予備数字４": null, "農地予備数字５": null, "農地予備文字１": null, "農地予備文字２": null, "農地予備文字３": null, "農地予備文字４": null, "農地予備文字５": null, "手動一致フラグ": null, "計算面積（アール）": 3, "散布班": "18-⑧", "地区名": "2026印西市" }, "geometry": { "type": "Polygon", "coordinates": [ [ [ 140.227977040339624, 35.792777944602584 ], [ 140.228412488012424, 35.792874217047249 ], [ 140.228355462, 35.792827685 ], [ 140.228230731999986, 35.792747366 ], [ 140.228104164, 35.792703374 ], [ 140.227995048, 35.79268153 ], [ 140.227977040339624, 35.792777944602584 ] ] ] } },
{ "type": "Feature", "properties": { "fid": 4065, "daicho_shubetsu_cd": "FUD25", "layer": "筆ポリゴン（2025年公開）_20260708233456", "fid_2": 6084, "事業年度": 2026, "物件番号": 5705, "GIS物件番号": null, "大字コード": 2040, "大字名": "吉高", "小字コード": 25, "小字名": "矢渡", "__EMPTY": "吉高1842", "本番": 1842, "枝番": "1", "子番": 0, "孫番": false, "付番": false, "所在地番号": "2.04002501842e+28", "農地管理番号": 1, "耕地番号": 6, "所在地名": "吉高矢渡1842-1", "マッチングさせるデータ": "吉高矢渡1842-1", "空散対象区分1": 2, "空散対象区分2": null, "空散外面積1": 0, "空散外面積2": false, "集計転作面積": 0, "散布面積1": null, "散布面積2": null, "支払者集落": 0, "支払者集落名": null, "支払者コード": 0, "支払者名": null, "支払者住所": null, "支払者電話番号": null, "農地異動適用法": false, "農地異動適用法名": null, "利用集積計画番号": null, "適用法開始年月日": null, "適用法終了年月日": null, "備考": "石山　和男", "所有者世帯番号": 1903, "所有者個人番号": 2900, "借受者世帯番号": 1903, "借受者個人番号": 2900, "農地予備数字１": null, "農地予備数字２": null, "農地予備数字３": null, "農地予備数字４": null, "農地予備数字５": null, "農地予備文字１": null, "農地予備文字２": null, "農地予備文字３": null, "農地予備文字４": null, "農地予備文字５": null, "手動一致フラグ": null, "計算面積（アール）": 1, "散布班": "18-⑧", "地区名": "2026印西市" }, "geometry": { "type": "Polygon", "coordinates": [ [ [ 140.228231971000014, 35.792997652 ], [ 140.228276524720712, 35.792844157135818 ], [ 140.228192855359538, 35.792825658807665 ], [ 140.228155686423463, 35.792980971862072 ], [ 140.228231971000014, 35.792997652 ] ] ] } },
{ "type": "Feature", "properties": { "fid": 4066, "daicho_shubetsu_cd": "FUD25", "layer": "筆ポリゴン（2025年公開）_20260708233456", "fid_2": 6085, "事業年度": 2026, "物件番号": null, "GIS物件番号": null, "大字コード": 2040, "大字名": "吉高", "小字コード": 25, "小字名": "矢渡", "__EMPTY": "吉高1842", "本番": 1842, "枝番": "2", "子番": 0, "孫番": false, "付番": false, "所在地番号": "2.04002501842e+28", "農地管理番号": 1, "耕地番号": 0, "所在地名": "吉高矢渡1842-2", "マッチングさせるデータ": "吉高矢渡1842-2", "空散対象区分1": 2, "空散対象区分2": null, "空散外面積1": 0, "空散外面積2": false, "集計転作面積": 0, "散布面積1": 0, "散布面積2": false, "支払者集落": 0, "支払者集落名": null, "支払者コード": 0, "支払者名": null, "支払者住所": null, "支払者電話番号": null, "農地異動適用法": false, "農地異動適用法名": null, "利用集積計画番号": null, "適用法開始年月日": null, "適用法終了年月日": null, "備考": null, "所有者世帯番号": 1903, "所有者個人番号": 2900, "借受者世帯番号": 1903, "借受者個人番号": 2900, "農地予備数字１": null, "農地予備数字２": null, "農地予備数字３": null, "農地予備数字４": null, "農地予備数字５": null, "農地予備文字１": null, "農地予備文字２": null, "農地予備文字３": null, "農地予備文字４": null, "農地予備文字５": null, "手動一致フラグ": null, "計算面積（アール）": 2, "散布班": "18-⑧", "地区名": "2026印西市" }, "geometry": { "type": "Polygon", "coordinates": [ [ [ 140.228393348, 35.793008014 ], [ 140.228412488012424, 35.792874217047249 ], [ 140.228276524720712, 35.792844157135818 ], [ 140.228231971000014, 35.792997652 ], [ 140.228298841, 35.792993395 ], [ 140.228393348, 35.793008014 ] ] ] } },
{ "type": "Feature", "properties": { "fid": 4067, "daicho_shubetsu_cd": "FUD25", "layer": "筆ポリゴン（2025年公開）_20260708233456", "fid_2": 6086, "事業年度": 2026, "物件番号": null, "GIS物件番号": null, "大字コード": 2040, "大字名": "吉高", "小字コード": 25, "小字名": "矢渡", "__EMPTY": "吉高1844", "本番": 1844, "枝番": "1", "子番": 0, "孫番": false, "付番": false, "所在地番号": "2.04002501844e+28", "農地管理番号": 1, "耕地番号": 0, "所在地名": "吉高矢渡1844-1", "マッチングさせるデータ": "吉高矢渡1844-1", "空散対象区分1": 2, "空散対象区分2": null, "空散外面積1": 0, "空散外面積2": false, "集計転作面積": 0, "散布面積1": 0, "散布面積2": false, "支払者集落": 0, "支払者集落名": null, "支払者コード": 0, "支払者名": null, "支払者住所": null, "支払者電話番号": null, "農地異動適用法": false, "農地異動適用法名": null, "利用集積計画番号": null, "適用法開始年月日": null, "適用法終了年月日": null, "備考": null, "所有者世帯番号": 1903, "所有者個人番号": 2900, "借受者世帯番号": 1903, "借受者個人番号": 2900, "農地予備数字１": null, "農地予備数字２": null, "農地予備数字３": null, "農地予備数字４": null, "農地予備数字５": null, "農地予備文字１": null, "農地予備文字２": null, "農地予備文字３": null, "農地予備文字４": null, "農地予備文字５": null, "手動一致フラグ": null, "計算面積（アール）": 1, "散布班": "18-⑧", "地区名": "2026印西市" }, "geometry": { "type": "Polygon", "coordinates": [ [ [ 140.228412488012424, 35.792874217047249 ], [ 140.228393348, 35.793008014 ], [ 140.228464957999989, 35.79301909 ], [ 140.228509672, 35.793043164 ], [ 140.228554369, 35.792989989 ], [ 140.228412488012424, 35.792874217047249 ] ] ] } },
{ "type": "Feature", "properties": { "fid": 4080, "daicho_shubetsu_cd": "FUD25", "layer": "筆ポリゴン（2025年公開）_20260708233456", "fid_2": 6105, "事業年度": 2026, "物件番号": 6466, "GIS物件番号": null, "大字コード": 2040, "大字名": "吉高", "小字コード": 42, "小字名": "西", "__EMPTY": "吉高3499", "本番": 3499, "枝番": "0", "子番": 0, "孫番": false, "付番": false, "所在地番号": "2.04004203499e+28", "農地管理番号": 1, "耕地番号": 16, "所在地名": "吉高西3499", "マッチングさせるデータ": "吉高西3499", "空散対象区分1": 2, "空散対象区分2": null, "空散外面積1": 0, "空散外面積2": false, "集計転作面積": 0, "散布面積1": null, "散布面積2": null, "支払者集落": 0, "支払者集落名": null, "支払者コード": 0, "支払者名": null, "支払者住所": null, "支払者電話番号": null, "農地異動適用法": false, "農地異動適用法名": null, "利用集積計画番号": null, "適用法開始年月日": null, "適用法終了年月日": null, "備考": "石山　光男", "所有者世帯番号": 1903, "所有者個人番号": 2900, "借受者世帯番号": 1903, "借受者個人番号": 2900, "農地予備数字１": null, "農地予備数字２": null, "農地予備数字３": null, "農地予備数字４": null, "農地予備数字５": null, "農地予備文字１": null, "農地予備文字２": null, "農地予備文字３": null, "農地予備文字４": null, "農地予備文字５": null, "手動一致フラグ": null, "計算面積（アール）": 6, "散布班": "18-⑦", "地区名": "2026印西市" }, "geometry": { "type": "Polygon", "coordinates": [ [ [ 140.228110782730738, 35.796199180450252 ], [ 140.227074743057358, 35.796512283349088 ], [ 140.227101749000013, 35.796567089 ], [ 140.228135025, 35.79625099 ], [ 140.228110782730738, 35.796199180450252 ] ] ] } },
{ "type": "Feature", "properties": { "fid": 4081, "daicho_shubetsu_cd": "FUD25", "layer": "筆ポリゴン（2025年公開）_20260708233456", "fid_2": 6106, "事業年度": 2026, "物件番号": 6467, "GIS物件番号": null, "大字コード": 2040, "大字名": "吉高", "小字コード": 42, "小字名": "西", "__EMPTY": "吉高3500", "本番": 3500, "枝番": "0", "子番": 0, "孫番": false, "付番": false, "所在地番号": "2.040042035e+28", "農地管理番号": 1, "耕地番号": 13, "所在地名": "吉高西3500", "マッチングさせるデータ": "吉高西3500", "空散対象区分1": 2, "空散対象区分2": null, "空散外面積1": 0, "空散外面積2": false, "集計転作面積": 0, "散布面積1": null, "散布面積2": null, "支払者集落": 0, "支払者集落名": null, "支払者コード": 0, "支払者名": null, "支払者住所": null, "支払者電話番号": null, "農地異動適用法": false, "農地異動適用法名": null, "利用集積計画番号": null, "適用法開始年月日": null, "適用法終了年月日": null, "備考": "石山　和男", "所有者世帯番号": 1903, "所有者個人番号": 2900, "借受者世帯番号": 1903, "借受者個人番号": 2900, "農地予備数字１": null, "農地予備数字２": null, "農地予備数字３": null, "農地予備数字４": null, "農地予備数字５": null, "農地予備文字１": null, "農地予備文字２": null, "農地予備文字３": null, "農地予備文字４": null, "農地予備文字５": null, "手動一致フラグ": null, "計算面積（アール）": 6, "散布班": "18-⑦", "地区名": "2026印西市" }, "geometry": { "type": "Polygon", "coordinates": [ [ [ 140.228088900108389, 35.796152413837852 ], [ 140.227050649233632, 35.796463387529812 ], [ 140.227074743057358, 35.796512283349088 ], [ 140.228110782730738, 35.796199180450252 ], [ 140.228088900108389, 35.796152413837852 ] ] ] } },
{ "type": "Feature", "properties": { "fid": 4082, "daicho_shubetsu_cd": "FUD25", "layer": "筆ポリゴン（2025年公開）_20260708233456", "fid_2": 6107, "事業年度": 2026, "物件番号": 6468, "GIS物件番号": null, "大字コード": 2040, "大字名": "吉高", "小字コード": 42, "小字名": "西", "__EMPTY": "吉高3501", "本番": 3501, "枝番": "0", "子番": 0, "孫番": false, "付番": false, "所在地番号": "2.04004203501e+28", "農地管理番号": 1, "耕地番号": 14, "所在地名": "吉高西3501", "マッチングさせるデータ": "吉高西3501", "空散対象区分1": 2, "空散対象区分2": null, "空散外面積1": 0, "空散外面積2": false, "集計転作面積": 0, "散布面積1": null, "散布面積2": null, "支払者集落": 0, "支払者集落名": null, "支払者コード": 0, "支払者名": null, "支払者住所": null, "支払者電話番号": null, "農地異動適用法": false, "農地異動適用法名": null, "利用集積計画番号": null, "適用法開始年月日": null, "適用法終了年月日": null, "備考": "石山　和男", "所有者世帯番号": 1903, "所有者個人番号": 2900, "借受者世帯番号": 1903, "借受者個人番号": 2900, "農地予備数字１": null, "農地予備数字２": null, "農地予備数字３": null, "農地予備数字４": null, "農地予備数字５": null, "農地予備文字１": null, "農地予備文字２": null, "農地予備文字３": null, "農地予備文字４": null, "農地予備文字５": null, "手動一致フラグ": null, "計算面積（アール）": 29, "散布班": "18-⑦", "地区名": "2026印西市" }, "geometry": { "type": "Polygon", "coordinates": [ [ [ 140.227050649233632, 35.796463387529812 ], [ 140.228088900108389, 35.796152413837852 ], [ 140.228010905, 35.795985726 ], [ 140.226895198, 35.796147916 ], [ 140.227050649233632, 35.796463387529812 ] ] ] } },
{ "type": "Feature", "properties": { "fid": 4083, "daicho_shubetsu_cd": "FUD25", "layer": "筆ポリゴン（2025年公開）_20260708233407", "fid_2": 6108, "事業年度": 2026, "物件番号": 6603, "GIS物件番号": null, "大字コード": 2041, "大字名": "吉高干拓", "小字コード": 0, "小字名": null, "__EMPTY": "吉高干拓98", "本番": 98, "枝番": "0", "子番": 0, "孫番": false, "付番": false, "所在地番号": "2.04100000098e+28", "農地管理番号": 1, "耕地番号": 29, "所在地名": "吉高干拓98", "マッチングさせるデータ": "吉高干拓98", "空散対象区分1": 2, "空散対象区分2": null, "空散外面積1": 0, "空散外面積2": false, "集計転作面積": 0, "散布面積1": null, "散布面積2": null, "支払者集落": 0, "支払者集落名": null, "支払者コード": 0, "支払者名": null, "支払者住所": null, "支払者電話番号": null, "農地異動適用法": false, "農地異動適用法名": null, "利用集積計画番号": null, "適用法開始年月日": null, "適用法終了年月日": null, "備考": "柴海　博", "所有者世帯番号": 2725, "所有者個人番号": 4402, "借受者世帯番号": 1903, "借受者個人番号": 2900, "農地予備数字１": null, "農地予備数字２": null, "農地予備数字３": null, "農地予備数字４": null, "農地予備数字５": null, "農地予備文字１": null, "農地予備文字２": null, "農地予備文字３": null, "農地予備文字４": null, "農地予備文字５": null, "手動一致フラグ": null, "計算面積（アール）": 3, "散布班": "18-⑨", "地区名": "2026印西市" }, "geometry": { "type": "Polygon", "coordinates": [ [ [ 140.240088054248133, 35.79736343211097 ], [ 140.23903128131829, 35.797669531856165 ], [ 140.239045753037857, 35.797700547239643 ], [ 140.240096937400949, 35.797381567157046 ], [ 140.240088054248133, 35.79736343211097 ] ] ] } },
{ "type": "Feature", "properties": { "fid": 4084, "daicho_shubetsu_cd": "FUD25", "layer": "筆ポリゴン（2025年公開）_20260708233407", "fid_2": 6109, "事業年度": 2026, "物件番号": 6604, "GIS物件番号": null, "大字コード": 2041, "大字名": "吉高干拓", "小字コード": 0, "小字名": null, "__EMPTY": "吉高干拓99", "本番": 99, "枝番": "0", "子番": 0, "孫番": false, "付番": false, "所在地番号": "2.04100000099e+28", "農地管理番号": 1, "耕地番号": 30, "所在地名": "吉高干拓99", "マッチングさせるデータ": "吉高干拓99", "空散対象区分1": 2, "空散対象区分2": null, "空散外面積1": 0, "空散外面積2": false, "集計転作面積": 0, "散布面積1": null, "散布面積2": null, "支払者集落": 0, "支払者集落名": null, "支払者コード": 0, "支払者名": null, "支払者住所": null, "支払者電話番号": null, "農地異動適用法": false, "農地異動適用法名": null, "利用集積計画番号": null, "適用法開始年月日": null, "適用法終了年月日": null, "備考": "柴海　博", "所有者世帯番号": 2725, "所有者個人番号": 4402, "借受者世帯番号": 1903, "借受者個人番号": 2900, "農地予備数字１": null, "農地予備数字２": null, "農地予備数字３": null, "農地予備数字４": null, "農地予備数字５": null, "農地予備文字１": null, "農地予備文字２": null, "農地予備文字３": null, "農地予備文字４": null, "農地予備文字５": null, "手動一致フラグ": null, "計算面積（アール）": 5, "散布班": "18-⑨", "地区名": "2026印西市" }, "geometry": { "type": "Polygon", "coordinates": [ [ [ 140.23903128131829, 35.797669531856165 ], [ 140.240088054248133, 35.79736343211097 ], [ 140.240063973, 35.79731427 ], [ 140.24004201, 35.797320262 ], [ 140.239016661, 35.797638198 ], [ 140.23903128131829, 35.797669531856165 ] ] ] } },
{ "type": "Feature", "properties": { "fid": 4085, "daicho_shubetsu_cd": "FUD25", "layer": "筆ポリゴン（2025年公開）_20260708233407", "fid_2": 6110, "事業年度": 2026, "物件番号": 6608, "GIS物件番号": null, "大字コード": 2041, "大字名": "吉高干拓", "小字コード": 0, "小字名": null, "__EMPTY": "吉高干拓103", "本番": 103, "枝番": "0", "子番": 0, "孫番": false, "付番": false, "所在地番号": "2.04100000103e+28", "農地管理番号": 1, "耕地番号": 15, "所在地名": "吉高干拓103", "マッチングさせるデータ": "吉高干拓103", "空散対象区分1": 2, "空散対象区分2": null, "空散外面積1": 0, "空散外面積2": false, "集計転作面積": 0, "散布面積1": null, "散布面積2": null, "支払者集落": 0, "支払者集落名": null, "支払者コード": 0, "支払者名": null, "支払者住所": null, "支払者電話番号": null, "農地異動適用法": false, "農地異動適用法名": null, "利用集積計画番号": null, "適用法開始年月日": null, "適用法終了年月日": null, "備考": "石山　和男", "所有者世帯番号": 1903, "所有者個人番号": 2900, "借受者世帯番号": 1903, "借受者個人番号": 2900, "農地予備数字１": null, "農地予備数字２": null, "農地予備数字３": null, "農地予備数字４": null, "農地予備数字５": null, "農地予備文字１": null, "農地予備文字２": null, "農地予備文字３": null, "農地予備文字４": null, "農地予備文字５": null, "手動一致フラグ": null, "計算面積（アール）": 10, "散布班": "18-⑨", "地区名": "2026印西市" }, "geometry": { "type": "Polygon", "coordinates": [ [ [ 140.239907370999987, 35.797013071 ], [ 140.239882462, 35.796942069 ], [ 140.239865466, 35.796928462 ], [ 140.23883254, 35.797243594 ], [ 140.23887340600001, 35.797331177 ], [ 140.239907370999987, 35.797013071 ] ] ] } },
{ "type": "Feature", "properties": { "fid": 4086, "daicho_shubetsu_cd": "FUD25", "layer": "筆ポリゴン（2025年公開）_20260708233407", "fid_2": 6111, "事業年度": 2026, "物件番号": 8412, "GIS物件番号": null, "大字コード": 2060, "大字名": "松虫", "小字コード": 33, "小字名": "新田", "__EMPTY": "松虫838", "本番": 838, "枝番": "0", "子番": 0, "孫番": false, "付番": false, "所在地番号": "2.06003300838e+28", "農地管理番号": 1, "耕地番号": 34, "所在地名": "松虫新田838", "マッチングさせるデータ": "松虫新田838", "空散対象区分1": 2, "空散対象区分2": null, "空散外面積1": 0, "空散外面積2": false, "集計転作面積": 0, "散布面積1": null, "散布面積2": null, "支払者集落": 0, "支払者集落名": null, "支払者コード": 0, "支払者名": null, "支払者住所": null, "支払者電話番号": null, "農地異動適用法": false, "農地異動適用法名": null, "利用集積計画番号": null, "適用法開始年月日": null, "適用法終了年月日": null, "備考": "柴海　博", "所有者世帯番号": 2725, "所有者個人番号": 4402, "借受者世帯番号": 1903, "借受者個人番号": 2900, "農地予備数字１": null, "農地予備数字２": null, "農地予備数字３": null, "農地予備数字４": null, "農地予備数字５": null, "農地予備文字１": null, "農地予備文字２": null, "農地予備文字３": null, "農地予備文字４": null, "農地予備文字５": null, "手動一致フラグ": null, "計算面積（アール）": 19, "散布班": "18-⑤", "地区名": "2026印西市" }, "geometry": { "type": "Polygon", "coordinates": [ [ [ 140.223733533, 35.799392227 ], [ 140.224403319, 35.798676991 ], [ 140.224230072000012, 35.798567853 ], [ 140.223566151999989, 35.799285453 ], [ 140.223733533, 35.799392227 ] ] ] } },
{ "type": "Feature", "properties": { "fid": 4087, "daicho_shubetsu_cd": "FUD25", "layer": "筆ポリゴン（2025年公開）_20260708233407", "fid_2": 6112, "事業年度": 2026, "物件番号": 8413, "GIS物件番号": null, "大字コード": 2060, "大字名": "松虫", "小字コード": 33, "小字名": "新田", "__EMPTY": "松虫839", "本番": 839, "枝番": "0", "子番": 0, "孫番": false, "付番": false, "所在地番号": "2.06003300839e+28", "農地管理番号": 1, "耕地番号": 35, "所在地名": "松虫新田839", "マッチングさせるデータ": "松虫新田839", "空散対象区分1": 2, "空散対象区分2": null, "空散外面積1": 0, "空散外面積2": false, "集計転作面積": 0, "散布面積1": null, "散布面積2": null, "支払者集落": 0, "支払者集落名": null, "支払者コード": 0, "支払者名": null, "支払者住所": null, "支払者電話番号": null, "農地異動適用法": false, "農地異動適用法名": null, "利用集積計画番号": null, "適用法開始年月日": null, "適用法終了年月日": null, "備考": "柴海　博", "所有者世帯番号": 2725, "所有者個人番号": 4402, "借受者世帯番号": 1903, "借受者個人番号": 2900, "農地予備数字１": null, "農地予備数字２": null, "農地予備数字３": null, "農地予備数字４": null, "農地予備数字５": null, "農地予備文字１": null, "農地予備文字２": null, "農地予備文字３": null, "農地予備文字４": null, "農地予備文字５": null, "手動一致フラグ": null, "計算面積（アール）": 30, "散布班": "18-⑤", "地区名": "2026印西市" }, "geometry": { "type": "Polygon", "coordinates": [ [ [ 140.223991347, 35.799557727 ], [ 140.224664654, 35.798840693 ], [ 140.224403319, 35.798676991 ], [ 140.223733533, 35.799392227 ], [ 140.223991347, 35.799557727 ] ] ] } },
{ "type": "Feature", "properties": { "fid": 4088, "daicho_shubetsu_cd": "FUD25", "layer": "筆ポリゴン（2025年公開）_20260708233456", "fid_2": 6113, "事業年度": 2026, "物件番号": 5474, "GIS物件番号": null, "大字コード": 2040, "大字名": "吉高", "小字コード": 18, "小字名": "仲田", "__EMPTY": "吉高2969", "本番": 2969, "枝番": "0", "子番": 0, "孫番": false, "付番": false, "所在地番号": "2.04001802969e+28", "農地管理番号": 1, "耕地番号": 2, "所在地名": "吉高仲田2969", "マッチングさせるデータ": "吉高仲田2969", "空散対象区分1": 2, "空散対象区分2": null, "空散外面積1": 0, "空散外面積2": false, "集計転作面積": 0, "散布面積1": null, "散布面積2": null, "支払者集落": 0, "支払者集落名": null, "支払者コード": 0, "支払者名": null, "支払者住所": null, "支払者電話番号": null, "農地異動適用法": false, "農地異動適用法名": null, "利用集積計画番号": null, "適用法開始年月日": null, "適用法終了年月日": null, "備考": "須藤　敏夫", "所有者世帯番号": 1910, "所有者個人番号": 3149, "借受者世帯番号": 1910, "借受者個人番号": 3149, "農地予備数字１": null, "農地予備数字２": null, "農地予備数字３": null, "農地予備数字４": null, "農地予備数字５": null, "農地予備文字１": null, "農地予備文字２": null, "農地予備文字３": null, "農地予備文字４": null, "農地予備文字５": null, "手動一致フラグ": null, "計算面積（アール）": 11, "散布班": "18-⑧", "地区名": "2026印西市" }, "geometry": { "type": "Polygon", "coordinates": [ [ [ 140.231945749749258, 35.791587920016212 ], [ 140.231505325294023, 35.791862373887888 ], [ 140.231665289, 35.792040354 ], [ 140.231865284, 35.791927775 ], [ 140.231906626000011, 35.791842191 ], [ 140.232067239, 35.791720838 ], [ 140.231945749749258, 35.791587920016212 ] ] ] } },
{ "type": "Feature", "properties": { "fid": 4089, "daicho_shubetsu_cd": "FUD25", "layer": "筆ポリゴン（2025年公開）_20260708233456", "fid_2": 6114, "事業年度": 2026, "物件番号": 5475, "GIS物件番号": null, "大字コード": 2040, "大字名": "吉高", "小字コード": 18, "小字名": "仲田", "__EMPTY": "吉高2970", "本番": 2970, "枝番": "0", "子番": 0, "孫番": false, "付番": false, "所在地番号": "2.0400180297e+28", "農地管理番号": 1, "耕地番号": 3, "所在地名": "吉高仲田2970", "マッチングさせるデータ": "吉高仲田2970", "空散対象区分1": 2, "空散対象区分2": null, "空散外面積1": 0, "空散外面積2": false, "集計転作面積": 0, "散布面積1": null, "散布面積2": null, "支払者集落": 0, "支払者集落名": null, "支払者コード": 0, "支払者名": null, "支払者住所": null, "支払者電話番号": null, "農地異動適用法": false, "農地異動適用法名": null, "利用集積計画番号": null, "適用法開始年月日": null, "適用法終了年月日": null, "備考": "須藤　敏夫", "所有者世帯番号": 1910, "所有者個人番号": 3149, "借受者世帯番号": 1910, "借受者個人番号": 3149, "農地予備数字１": null, "農地予備数字２": null, "農地予備数字３": null, "農地予備数字４": null, "農地予備数字５": null, "農地予備文字１": null, "農地予備文字２": null, "農地予備文字３": null, "農地予備文字４": null, "農地予備文字５": null, "手動一致フラグ": null, "計算面積（アール）": 14, "散布班": "18-⑧", "地区名": "2026印西市" }, "geometry": { "type": "Polygon", "coordinates": [ [ [ 140.231505325294023, 35.791862373887888 ], [ 140.231945749749258, 35.791587920016212 ], [ 140.231771306000013, 35.791397066 ], [ 140.231324699, 35.791661404 ], [ 140.231505325294023, 35.791862373887888 ] ] ] } },
{ "type": "Feature", "properties": { "fid": 4090, "daicho_shubetsu_cd": "FUD25", "layer": "筆ポリゴン（2025年公開）_20260708233456", "fid_2": 6115, "事業年度": 2026, "物件番号": 5503, "GIS物件番号": null, "大字コード": 2040, "大字名": "吉高", "小字コード": 18, "小字名": "仲田", "__EMPTY": "吉高2995", "本番": 2995, "枝番": "0", "子番": 0, "孫番": false, "付番": false, "所在地番号": "2.04001802995e+28", "農地管理番号": 1, "耕地番号": 4, "所在地名": "吉高仲田2995", "マッチングさせるデータ": "吉高仲田2995", "空散対象区分1": 2, "空散対象区分2": null, "空散外面積1": 0, "空散外面積2": false, "集計転作面積": 0, "散布面積1": null, "散布面積2": null, "支払者集落": 0, "支払者集落名": null, "支払者コード": 0, "支払者名": null, "支払者住所": null, "支払者電話番号": null, "農地異動適用法": false, "農地異動適用法名": null, "利用集積計画番号": null, "適用法開始年月日": null, "適用法終了年月日": null, "備考": "須藤　敏夫", "所有者世帯番号": 1910, "所有者個人番号": 3149, "借受者世帯番号": 1910, "借受者個人番号": 3149, "農地予備数字１": null, "農地予備数字２": null, "農地予備数字３": null, "農地予備数字４": null, "農地予備数字５": null, "農地予備文字１": null, "農地予備文字２": null, "農地予備文字３": null, "農地予備文字４": null, "農地予備文字５": null, "手動一致フラグ": null, "計算面積（アール）": 9, "散布班": "18-⑧", "地区名": "2026印西市" }, "geometry": { "type": "Polygon", "coordinates": [ [ [ 140.230523866349131, 35.792014979957081 ], [ 140.230703940768478, 35.792244921138725 ], [ 140.23082492, 35.7922393 ], [ 140.231006605, 35.792251567 ], [ 140.231016311, 35.792224932 ], [ 140.230730843, 35.79189531 ], [ 140.230523866349131, 35.792014979957081 ] ] ] } },
{ "type": "Feature", "properties": { "fid": 4091, "daicho_shubetsu_cd": "FUD25", "layer": "筆ポリゴン（2025年公開）_20260708233456", "fid_2": 6116, "事業年度": 2026, "物件番号": 5504, "GIS物件番号": null, "大字コード": 2040, "大字名": "吉高", "小字コード": 18, "小字名": "仲田", "__EMPTY": "吉高2996", "本番": 2996, "枝番": "0", "子番": 0, "孫番": false, "付番": false, "所在地番号": "2.04001802996e+28", "農地管理番号": 1, "耕地番号": 5, "所在地名": "吉高仲田2996", "マッチングさせるデータ": "吉高仲田2996", "空散対象区分1": 2, "空散対象区分2": null, "空散外面積1": 0, "空散外面積2": false, "集計転作面積": 0, "散布面積1": null, "散布面積2": null, "支払者集落": 0, "支払者集落名": null, "支払者コード": 0, "支払者名": null, "支払者住所": null, "支払者電話番号": null, "農地異動適用法": false, "農地異動適用法名": null, "利用集積計画番号": null, "適用法開始年月日": null, "適用法終了年月日": null, "備考": "須藤　敏夫", "所有者世帯番号": 1910, "所有者個人番号": 3149, "借受者世帯番号": 1910, "借受者個人番号": 3149, "農地予備数字１": null, "農地予備数字２": null, "農地予備数字３": null, "農地予備数字４": null, "農地予備数字５": null, "農地予備文字１": null, "農地予備文字２": null, "農地予備文字３": null, "農地予備文字４": null, "農地予備文字５": null, "手動一致フラグ": null, "計算面積（アール）": 6, "散布班": "18-⑧", "地区名": "2026印西市" }, "geometry": { "type": "Polygon", "coordinates": [ [ [ 140.230703940768478, 35.792244921138725 ], [ 140.230523866349131, 35.792014979957081 ], [ 140.230273141999987, 35.792159944 ], [ 140.230377616, 35.792274018 ], [ 140.230514414999988, 35.792258554 ], [ 140.230678483, 35.792246104 ], [ 140.230703940768478, 35.792244921138725 ] ] ] } },
{ "type": "Feature", "properties": { "fid": 4092, "daicho_shubetsu_cd": "FUD25", "layer": "筆ポリゴン（2025年公開）_20260708233456", "fid_2": 6117, "事業年度": 2026, "物件番号": 5525, "GIS物件番号": null, "大字コード": 2040, "大字名": "吉高", "小字コード": 18, "小字名": "仲田", "__EMPTY": "吉高3013", "本番": 3013, "枝番": "0", "子番": 0, "孫番": false, "付番": false, "所在地番号": "2.04001803013e+28", "農地管理番号": 1, "耕地番号": 6, "所在地名": "吉高仲田3013", "マッチングさせるデータ": "吉高仲田3013", "空散対象区分1": 2, "空散対象区分2": null, "空散外面積1": 0, "空散外面積2": false, "集計転作面積": 0, "散布面積1": null, "散布面積2": null, "支払者集落": 0, "支払者集落名": null, "支払者コード": 0, "支払者名": null, "支払者住所": null, "支払者電話番号": null, "農地異動適用法": false, "農地異動適用法名": null, "利用集積計画番号": null, "適用法開始年月日": null, "適用法終了年月日": null, "備考": "須藤　敏夫", "所有者世帯番号": 1910, "所有者個人番号": 3149, "借受者世帯番号": 1910, "借受者個人番号": 3149, "農地予備数字１": null, "農地予備数字２": null, "農地予備数字３": null, "農地予備数字４": null, "農地予備数字５": null, "農地予備文字１": null, "農地予備文字２": null, "農地予備文字３": null, "農地予備文字４": null, "農地予備文字５": null, "手動一致フラグ": null, "計算面積（アール）": 8, "散布班": "18-⑧", "地区名": "2026印西市" }, "geometry": { "type": "Polygon", "coordinates": [ [ [ 140.230097766, 35.792019185 ], [ 140.229948549, 35.792066208 ], [ 140.229995637, 35.79227929 ], [ 140.230048532000012, 35.792374784 ], [ 140.230132241, 35.792342048 ], [ 140.230239015, 35.792309238 ], [ 140.230341629, 35.792283274 ], [ 140.230097766, 35.792019185 ] ] ] } },
{ "type": "Feature", "properties": { "fid": 4093, "daicho_shubetsu_cd": "FUD25", "layer": "筆ポリゴン（2025年公開）_20260708233407", "fid_2": 6118, "事業年度": 2026, "物件番号": 6409, "GIS物件番号": null, "大字コード": 2040, "大字名": "吉高", "小字コード": 42, "小字名": "西", "__EMPTY": "吉高3432", "本番": 3432, "枝番": "0", "子番": 0, "孫番": false, "付番": false, "所在地番号": "2.04004203432e+28", "農地管理番号": 1, "耕地番号": 9, "所在地名": "吉高西3432", "マッチングさせるデータ": "吉高西3432", "空散対象区分1": 2, "空散対象区分2": null, "空散外面積1": 0, "空散外面積2": false, "集計転作面積": 0, "散布面積1": null, "散布面積2": null, "支払者集落": 0, "支払者集落名": null, "支払者コード": 0, "支払者名": null, "支払者住所": null, "支払者電話番号": null, "農地異動適用法": false, "農地異動適用法名": null, "利用集積計画番号": null, "適用法開始年月日": null, "適用法終了年月日": null, "備考": "須藤　敏夫", "所有者世帯番号": 1910, "所有者個人番号": 3149, "借受者世帯番号": 1910, "借受者個人番号": 3149, "農地予備数字１": null, "農地予備数字２": null, "農地予備数字３": null, "農地予備数字４": null, "農地予備数字５": null, "農地予備文字１": null, "農地予備文字２": null, "農地予備文字３": null, "農地予備文字４": null, "農地予備文字５": null, "手動一致フラグ": null, "計算面積（アール）": 12, "散布班": "18-⑦", "地区名": "2026印西市" }, "geometry": { "type": "Polygon", "coordinates": [ [ [ 140.231558208, 35.798305765 ], [ 140.23058750300001, 35.798605318 ], [ 140.23064122400001, 35.798718188 ], [ 140.231598341, 35.798417075 ], [ 140.231558208, 35.798305765 ] ] ] } },
{ "type": "Feature", "properties": { "fid": 4094, "daicho_shubetsu_cd": "FUD25", "layer": "筆ポリゴン（2025年公開）_20260708233456", "fid_2": 6119, "事業年度": 2026, "物件番号": 5505, "GIS物件番号": null, "大字コード": 2040, "大字名": "吉高", "小字コード": 18, "小字名": "仲田", "__EMPTY": "吉高2997", "本番": 2997, "枝番": "0", "子番": 0, "孫番": false, "付番": false, "所在地番号": "2.04001802997e+28", "農地管理番号": 1, "耕地番号": 1, "所在地名": "吉高仲田2997", "マッチングさせるデータ": "吉高仲田2997", "空散対象区分1": 2, "空散対象区分2": null, "空散外面積1": 0, "空散外面積2": false, "集計転作面積": 0, "散布面積1": null, "散布面積2": null, "支払者集落": 0, "支払者集落名": null, "支払者コード": 0, "支払者名": null, "支払者住所": null, "支払者電話番号": null, "農地異動適用法": false, "農地異動適用法名": null, "利用集積計画番号": null, "適用法開始年月日": null, "適用法終了年月日": null, "備考": "富井　正雄", "所有者世帯番号": 1924, "所有者個人番号": 3380, "借受者世帯番号": 1924, "借受者個人番号": 3380, "農地予備数字１": null, "農地予備数字２": null, "農地予備数字３": null, "農地予備数字４": null, "農地予備数字５": null, "農地予備文字１": null, "農地予備文字２": null, "農地予備文字３": null, "農地予備文字４": null, "農地予備文字５": null, "手動一致フラグ": null, "計算面積（アール）": 11, "散布班": "18-⑧", "地区名": "2026印西市" }, "geometry": { "type": "Polygon", "coordinates": [ [ [ 140.230730843, 35.79189531 ], [ 140.230595238, 35.791738729 ], [ 140.230138393, 35.792005103 ], [ 140.230273141999987, 35.792159944 ], [ 140.230730843, 35.79189531 ] ] ] } },
{ "type": "Feature", "properties": { "fid": 4095, "daicho_shubetsu_cd": "FUD25", "layer": "筆ポリゴン（2025年公開）_20260708233456", "fid_2": 6120, "事業年度": 2026, "物件番号": 5506, "GIS物件番号": null, "大字コード": 2040, "大字名": "吉高", "小字コード": 18, "小字名": "仲田", "__EMPTY": "吉高2998", "本番": 2998, "枝番": "0", "子番": 0, "孫番": false, "付番": false, "所在地番号": "2.04001802998e+28", "農地管理番号": 1, "耕地番号": 2, "所在地名": "吉高仲田2998", "マッチングさせるデータ": "吉高仲田2998", "空散対象区分1": 2, "空散対象区分2": null, "空散外面積1": 0, "空散外面積2": false, "集計転作面積": 0, "散布面積1": null, "散布面積2": null, "支払者集落": 0, "支払者集落名": null, "支払者コード": 0, "支払者名": null, "支払者住所": null, "支払者電話番号": null, "農地異動適用法": false, "農地異動適用法名": null, "利用集積計画番号": null, "適用法開始年月日": null, "適用法終了年月日": null, "備考": "富井　正雄", "所有者世帯番号": 1924, "所有者個人番号": 3380, "借受者世帯番号": 1924, "借受者個人番号": 3380, "農地予備数字１": null, "農地予備数字２": null, "農地予備数字３": null, "農地予備数字４": null, "農地予備数字５": null, "農地予備文字１": null, "農地予備文字２": null, "農地予備文字３": null, "農地予備文字４": null, "農地予備文字５": null, "手動一致フラグ": null, "計算面積（アール）": 10, "散布班": "18-⑧", "地区名": "2026印西市" }, "geometry": { "type": "Polygon", "coordinates": [ [ [ 140.230595238, 35.791738729 ], [ 140.230456493, 35.791592973 ], [ 140.230012228, 35.791860125 ], [ 140.230138393, 35.792005103 ], [ 140.230595238, 35.791738729 ] ] ] } },
{ "type": "Feature", "properties": { "fid": 4096, "daicho_shubetsu_cd": "FUD25", "layer": "筆ポリゴン（2025年公開）_20260708233456", "fid_2": 6121, "事業年度": 2026, "物件番号": 5713, "GIS物件番号": null, "大字コード": 2040, "大字名": "吉高", "小字コード": 25, "小字名": "矢渡", "__EMPTY": "吉高1852", "本番": 1852, "枝番": "1", "子番": 0, "孫番": false, "付番": false, "所在地番号": "2.04002501852e+28", "農地管理番号": 1, "耕地番号": 3, "所在地名": "吉高矢渡1852-1", "マッチングさせるデータ": "吉高矢渡1852-1", "空散対象区分1": 2, "空散対象区分2": null, "空散外面積1": 0, "空散外面積2": false, "集計転作面積": 0, "散布面積1": null, "散布面積2": null, "支払者集落": 0, "支払者集落名": null, "支払者コード": 0, "支払者名": null, "支払者住所": null, "支払者電話番号": null, "農地異動適用法": false, "農地異動適用法名": null, "利用集積計画番号": null, "適用法開始年月日": null, "適用法終了年月日": null, "備考": "富井　正雄", "所有者世帯番号": 1924, "所有者個人番号": 3380, "借受者世帯番号": 1924, "借受者個人番号": 3380, "農地予備数字１": null, "農地予備数字２": null, "農地予備数字３": null, "農地予備数字４": null, "農地予備数字５": null, "農地予備文字１": null, "農地予備文字２": null, "農地予備文字３": null, "農地予備文字４": null, "農地予備文字５": null, "手動一致フラグ": null, "計算面積（アール）": 14, "散布班": "18-⑧", "地区名": "2026印西市" }, "geometry": { "type": "Polygon", "coordinates": [ [ [ 140.229112710405133, 35.792616062274114 ], [ 140.22910488178033, 35.792549407125826 ], [ 140.229095711105572, 35.792481857277565 ], [ 140.228999083508057, 35.7924961724772 ], [ 140.229002662307977, 35.792567748475363 ], [ 140.229009819907787, 35.792617851674073 ], [ 140.229112710405133, 35.792616062274114 ] ] ] } },
{ "type": "Feature", "properties": { "fid": 4097, "daicho_shubetsu_cd": "FUD25", "layer": "筆ポリゴン（2025年公開）_20260708233456", "fid_2": 6122, "事業年度": 2026, "物件番号": 5743, "GIS物件番号": null, "大字コード": 2040, "大字名": "吉高", "小字コード": 25, "小字名": "矢渡", "__EMPTY": "吉高3104", "本番": 3104, "枝番": "0", "子番": 0, "孫番": false, "付番": false, "所在地番号": "2.04002503104e+28", "農地管理番号": 1, "耕地番号": 4, "所在地名": "吉高矢渡3104", "マッチングさせるデータ": "吉高矢渡3104", "空散対象区分1": 2, "空散対象区分2": null, "空散外面積1": 0, "空散外面積2": false, "集計転作面積": 0, "散布面積1": null, "散布面積2": null, "支払者集落": 0, "支払者集落名": null, "支払者コード": 0, "支払者名": null, "支払者住所": null, "支払者電話番号": null, "農地異動適用法": false, "農地異動適用法名": null, "利用集積計画番号": null, "適用法開始年月日": null, "適用法終了年月日": null, "備考": "富井　正雄", "所有者世帯番号": 1924, "所有者個人番号": 3380, "借受者世帯番号": 1924, "借受者個人番号": 3380, "農地予備数字１": null, "農地予備数字２": null, "農地予備数字３": null, "農地予備数字４": null, "農地予備数字５": null, "農地予備文字１": null, "農地予備文字２": null, "農地予備文字３": null, "農地予備文字４": null, "農地予備文字５": null, "手動一致フラグ": null, "計算面積（アール）": 4, "散布班": "18-⑧", "地区名": "2026印西市" }, "geometry": { "type": "Polygon", "coordinates": [ [ [ 140.226931317500487, 35.792681153446331 ], [ 140.22723086100001, 35.792696062 ], [ 140.227264923, 35.792632908 ], [ 140.227312902, 35.79256836 ], [ 140.226917068, 35.792560422 ], [ 140.226931317500487, 35.792681153446331 ] ] ] } },
{ "type": "Feature", "properties": { "fid": 4098, "daicho_shubetsu_cd": "FUD25", "layer": "筆ポリゴン（2025年公開）_20260708233456", "fid_2": 6123, "事業年度": 2026, "物件番号": 5744, "GIS物件番号": null, "大字コード": 2040, "大字名": "吉高", "小字コード": 25, "小字名": "矢渡", "__EMPTY": "吉高3105", "本番": 3105, "枝番": "0", "子番": 0, "孫番": false, "付番": false, "所在地番号": "2.04002503105e+28", "農地管理番号": 1, "耕地番号": 5, "所在地名": "吉高矢渡3105", "マッチングさせるデータ": "吉高矢渡3105", "空散対象区分1": 2, "空散対象区分2": null, "空散外面積1": 0, "空散外面積2": false, "集計転作面積": 0, "散布面積1": null, "散布面積2": null, "支払者集落": 0, "支払者集落名": null, "支払者コード": 0, "支払者名": null, "支払者住所": null, "支払者電話番号": null, "農地異動適用法": false, "農地異動適用法名": null, "利用集積計画番号": null, "適用法開始年月日": null, "適用法終了年月日": null, "備考": "富井　正雄", "所有者世帯番号": 1924, "所有者個人番号": 3380, "借受者世帯番号": 1924, "借受者個人番号": 3380, "農地予備数字１": null, "農地予備数字２": null, "農地予備数字３": null, "農地予備数字４": null, "農地予備数字５": null, "農地予備文字１": null, "農地予備文字２": null, "農地予備文字３": null, "農地予備文字４": null, "農地予備文字５": null, "手動一致フラグ": null, "計算面積（アール）": 4, "散布班": "18-⑧", "地区名": "2026印西市" }, "geometry": { "type": "Polygon", "coordinates": [ [ [ 140.22723086100001, 35.792696062 ], [ 140.226931317500487, 35.792681153446331 ], [ 140.226937492, 35.792733468 ], [ 140.226927550999989, 35.792825385 ], [ 140.226924131, 35.79285879 ], [ 140.227192283, 35.792810078 ], [ 140.227205992, 35.792755366 ], [ 140.22723086100001, 35.792696062 ] ] ] } },
{ "type": "Feature", "properties": { "fid": 4099, "daicho_shubetsu_cd": "FUD25", "layer": "筆ポリゴン（2025年公開）_20260708233456", "fid_2": 6124, "事業年度": 2026, "物件番号": 6338, "GIS物件番号": null, "大字コード": 2040, "大字名": "吉高", "小字コード": 41, "小字名": "中", "__EMPTY": "吉高3389", "本番": 3389, "枝番": "0", "子番": 0, "孫番": false, "付番": false, "所在地番号": "2.04004103389e+28", "農地管理番号": 1, "耕地番号": 6, "所在地名": "吉高中3389", "マッチングさせるデータ": "吉高中3389", "空散対象区分1": 2, "空散対象区分2": null, "空散外面積1": 0, "空散外面積2": false, "集計転作面積": 0, "散布面積1": null, "散布面積2": null, "支払者集落": 0, "支払者集落名": null, "支払者コード": 0, "支払者名": null, "支払者住所": null, "支払者電話番号": null, "農地異動適用法": false, "農地異動適用法名": null, "利用集積計画番号": null, "適用法開始年月日": null, "適用法終了年月日": null, "備考": "富井　正雄", "所有者世帯番号": 1924, "所有者個人番号": 3380, "借受者世帯番号": 1924, "借受者個人番号": 3380, "農地予備数字１": null, "農地予備数字２": null, "農地予備数字３": null, "農地予備数字４": null, "農地予備数字５": null, "農地予備文字１": null, "農地予備文字２": null, "農地予備文字３": null, "農地予備文字４": null, "農地予備文字５": null, "手動一致フラグ": null, "計算面積（アール）": 6, "散布班": "18-⑨", "地区名": "2026印西市" }, "geometry": { "type": "Polygon", "coordinates": [ [ [ 140.234470093, 35.796080967 ], [ 140.23341613, 35.796408103 ], [ 140.233439135999987, 35.796460314 ], [ 140.234487892, 35.796123883 ], [ 140.234470093, 35.796080967 ] ] ] } },
{ "type": "Feature", "properties": { "fid": 4100, "daicho_shubetsu_cd": "FUD25", "layer": "筆ポリゴン（2025年公開）_20260708233456", "fid_2": 6125, "事業年度": 2026, "物件番号": 5489, "GIS物件番号": null, "大字コード": 2040, "大字名": "吉高", "小字コード": 18, "小字名": "仲田", "__EMPTY": "吉高2984", "本番": 2984, "枝番": "0", "子番": 0, "孫番": false, "付番": false, "所在地番号": "2.04001802984e+28", "農地管理番号": 1, "耕地番号": 21, "所在地名": "吉高仲田2984", "マッチングさせるデータ": "吉高仲田2984", "空散対象区分1": 2, "空散対象区分2": null, "空散外面積1": 0, "空散外面積2": false, "集計転作面積": 0, "散布面積1": null, "散布面積2": null, "支払者集落": 0, "支払者集落名": null, "支払者コード": 0, "支払者名": null, "支払者住所": null, "支払者電話番号": null, "農地異動適用法": false, "農地異動適用法名": null, "利用集積計画番号": null, "適用法開始年月日": null, "適用法終了年月日": null, "備考": "土井　重春", "所有者世帯番号": 1916, "所有者個人番号": 3176, "借受者世帯番号": 1916, "借受者個人番号": 3176, "農地予備数字１": null, "農地予備数字２": null, "農地予備数字３": null, "農地予備数字４": null, "農地予備数字５": null, "農地予備文字１": null, "農地予備文字２": null, "農地予備文字３": null, "農地予備文字４": null, "農地予備文字５": null, "手動一致フラグ": null, "計算面積（アール）": 8, "散布班": "18-⑧", "地区名": "2026印西市" }, "geometry": { "type": "Polygon", "coordinates": [ [ [ 140.229726819220474, 35.790683125260415 ], [ 140.230191986107798, 35.790410757806654 ], [ 140.230099054, 35.79030581 ], [ 140.229662102, 35.790552457 ], [ 140.229630399, 35.790571651 ], [ 140.229726819220474, 35.790683125260415 ] ] ] } },
{ "type": "Feature", "properties": { "fid": 4101, "daicho_shubetsu_cd": "FUD25", "layer": "筆ポリゴン（2025年公開）_20260708233456", "fid_2": 6126, "事業年度": 2026, "物件番号": 5490, "GIS物件番号": null, "大字コード": 2040, "大字名": "吉高", "小字コード": 18, "小字名": "仲田", "__EMPTY": "吉高2985", "本番": 2985, "枝番": "0", "子番": 0, "孫番": false, "付番": false, "所在地番号": "2.04001802985e+28", "農地管理番号": 1, "耕地番号": 22, "所在地名": "吉高仲田2985", "マッチングさせるデータ": "吉高仲田2985", "空散対象区分1": 2, "空散対象区分2": null, "空散外面積1": 0, "空散外面積2": false, "集計転作面積": 0, "散布面積1": null, "散布面積2": null, "支払者集落": 0, "支払者集落名": null, "支払者コード": 0, "支払者名": null, "支払者住所": null, "支払者電話番号": null, "農地異動適用法": false, "農地異動適用法名": null, "利用集積計画番号": null, "適用法開始年月日": null, "適用法終了年月日": null, "備考": "土井　重春", "所有者世帯番号": 1916, "所有者個人番号": 3176, "借受者世帯番号": 1916, "借受者個人番号": 3176, "農地予備数字１": null, "農地予備数字２": null, "農地予備数字３": null, "農地予備数字４": null, "農地予備数字５": null, "農地予備文字１": null, "農地予備文字２": null, "農地予備文字３": null, "農地予備文字４": null, "農地予備文字５": null, "手動一致フラグ": null, "計算面積（アール）": 9, "散布班": "18-⑧", "地区名": "2026印西市" }, "geometry": { "type": "Polygon", "coordinates": [ [ [ 140.230191986107798, 35.790410757806654 ], [ 140.229726819220474, 35.790683125260415 ], [ 140.229818922, 35.790789608 ], [ 140.229879149999988, 35.790785319 ], [ 140.230305697, 35.790539171 ], [ 140.230191986107798, 35.790410757806654 ] ] ] } },
{ "type": "Feature", "properties": { "fid": 4102, "daicho_shubetsu_cd": "FUD25", "layer": "筆ポリゴン（2025年公開）_20260708233456", "fid_2": 6127, "事業年度": 2026, "物件番号": 5510, "GIS物件番号": null, "大字コード": 2040, "大字名": "吉高", "小字コード": 18, "小字名": "仲田", "__EMPTY": "吉高3002", "本番": 3002, "枝番": "0", "子番": 0, "孫番": false, "付番": false, "所在地番号": "2.04001803002e+28", "農地管理番号": 1, "耕地番号": 23, "所在地名": "吉高仲田3002", "マッチングさせるデータ": "吉高仲田3002", "空散対象区分1": 2, "空散対象区分2": null, "空散外面積1": 0, "空散外面積2": false, "集計転作面積": 0, "散布面積1": null, "散布面積2": null, "支払者集落": 0, "支払者集落名": null, "支払者コード": 0, "支払者名": null, "支払者住所": null, "支払者電話番号": null, "農地異動適用法": false, "農地異動適用法名": null, "利用集積計画番号": null, "適用法開始年月日": null, "適用法終了年月日": null, "備考": "土井　重春", "所有者世帯番号": 1916, "所有者個人番号": 3176, "借受者世帯番号": 1916, "借受者個人番号": 3176, "農地予備数字１": null, "農地予備数字２": null, "農地予備数字３": null, "農地予備数字４": null, "農地予備数字５": null, "農地予備文字１": null, "農地予備文字２": null, "農地予備文字３": null, "農地予備文字４": null, "農地予備文字５": null, "手動一致フラグ": null, "計算面積（アール）": 8, "散布班": "18-⑧", "地区名": "2026印西市" }, "geometry": { "type": "Polygon", "coordinates": [ [ [ 140.230035046197315, 35.791102503686872 ], [ 140.229592687251142, 35.79137802136961 ], [ 140.229695580999987, 35.79149626 ], [ 140.230124692, 35.791247745 ], [ 140.230124786, 35.791233424 ], [ 140.230131733, 35.791215171 ], [ 140.230035046197315, 35.791102503686872 ] ] ] } },
{ "type": "Feature", "properties": { "fid": 4103, "daicho_shubetsu_cd": "FUD25", "layer": "筆ポリゴン（2025年公開）_20260708233456", "fid_2": 6128, "事業年度": 2026, "物件番号": 5511, "GIS物件番号": null, "大字コード": 2040, "大字名": "吉高", "小字コード": 18, "小字名": "仲田", "__EMPTY": "吉高3003", "本番": 3003, "枝番": "0", "子番": 0, "孫番": false, "付番": false, "所在地番号": "2.04001803003e+28", "農地管理番号": 1, "耕地番号": 24, "所在地名": "吉高仲田3003", "マッチングさせるデータ": "吉高仲田3003", "空散対象区分1": 2, "空散対象区分2": null, "空散外面積1": 0, "空散外面積2": false, "集計転作面積": 0, "散布面積1": null, "散布面積2": null, "支払者集落": 0, "支払者集落名": null, "支払者コード": 0, "支払者名": null, "支払者住所": null, "支払者電話番号": null, "農地異動適用法": false, "農地異動適用法名": null, "利用集積計画番号": null, "適用法開始年月日": null, "適用法終了年月日": null, "備考": "土井　重春", "所有者世帯番号": 1916, "所有者個人番号": 3176, "借受者世帯番号": 1916, "借受者個人番号": 3176, "農地予備数字１": null, "農地予備数字２": null, "農地予備数字３": null, "農地予備数字４": null, "農地予備数字５": null, "農地予備文字１": null, "農地予備文字２": null, "農地予備文字３": null, "農地予備文字４": null, "農地予備文字５": null, "手動一致フラグ": null, "計算面積（アール）": 10, "散布班": "18-⑧", "地区名": "2026印西市" }, "geometry": { "type": "Polygon", "coordinates": [ [ [ 140.229592687251142, 35.79137802136961 ], [ 140.230035046197315, 35.791102503686872 ], [ 140.229916403, 35.790964251 ], [ 140.229890464, 35.790976009 ], [ 140.229460905, 35.791226586 ], [ 140.229592687251142, 35.79137802136961 ] ] ] } },
{ "type": "Feature", "properties": { "fid": 4104, "daicho_shubetsu_cd": "FUD25", "layer": "筆ポリゴン（2025年公開）_20260708233456", "fid_2": 6129, "事業年度": 2026, "物件番号": 6635, "GIS物件番号": null, "大字コード": 2041, "大字名": "吉高干拓", "小字コード": 0, "小字名": null, "__EMPTY": "吉高干拓138", "本番": 138, "枝番": "0", "子番": 0, "孫番": false, "付番": false, "所在地番号": "2.04100000138e+28", "農地管理番号": 1, "耕地番号": 18, "所在地名": "吉高干拓138", "マッチングさせるデータ": "吉高干拓138", "空散対象区分1": 2, "空散対象区分2": null, "空散外面積1": 0, "空散外面積2": false, "集計転作面積": 0, "散布面積1": null, "散布面積2": null, "支払者集落": 0, "支払者集落名": null, "支払者コード": 0, "支払者名": null, "支払者住所": null, "支払者電話番号": null, "農地異動適用法": false, "農地異動適用法名": null, "利用集積計画番号": null, "適用法開始年月日": null, "適用法終了年月日": null, "備考": "松本　弘", "所有者世帯番号": 1916, "所有者個人番号": 3176, "借受者世帯番号": 1916, "借受者個人番号": 3176, "農地予備数字１": null, "農地予備数字２": null, "農地予備数字３": null, "農地予備数字４": null, "農地予備数字５": null, "農地予備文字１": null, "農地予備文字２": null, "農地予備文字３": null, "農地予備文字４": null, "農地予備文字５": null, "手動一致フラグ": null, "計算面積（アール）": 4, "散布班": "18-⑨", "地区名": "2026印西市" }, "geometry": { "type": "Polygon", "coordinates": [ [ [ 140.240956363884152, 35.796388770485031 ], [ 140.241848051623975, 35.796105464400689 ], [ 140.241819629, 35.796062933 ], [ 140.24093864, 35.796344872 ], [ 140.240956363884152, 35.796388770485031 ] ] ] } },
{ "type": "Feature", "properties": { "fid": 4105, "daicho_shubetsu_cd": "FUD25", "layer": "筆ポリゴン（2025年公開）_20260708233456", "fid_2": 6130, "事業年度": 2026, "物件番号": 6636, "GIS物件番号": null, "大字コード": 2041, "大字名": "吉高干拓", "小字コード": 0, "小字名": null, "__EMPTY": "吉高干拓139", "本番": 139, "枝番": "0", "子番": 0, "孫番": false, "付番": false, "所在地番号": "2.04100000139e+28", "農地管理番号": 1, "耕地番号": 19, "所在地名": "吉高干拓139", "マッチングさせるデータ": "吉高干拓139", "空散対象区分1": 2, "空散対象区分2": null, "空散外面積1": 0, "空散外面積2": false, "集計転作面積": 0, "散布面積1": null, "散布面積2": null, "支払者集落": 0, "支払者集落名": null, "支払者コード": 0, "支払者名": null, "支払者住所": null, "支払者電話番号": null, "農地異動適用法": false, "農地異動適用法名": null, "利用集積計画番号": null, "適用法開始年月日": null, "適用法終了年月日": null, "備考": "松本　弘", "所有者世帯番号": 1916, "所有者個人番号": 3176, "借受者世帯番号": 1916, "借受者個人番号": 3176, "農地予備数字１": null, "農地予備数字２": null, "農地予備数字３": null, "農地予備数字４": null, "農地予備数字５": null, "農地予備文字１": null, "農地予備文字２": null, "農地予備文字３": null, "農地予備文字４": null, "農地予備文字５": null, "手動一致フラグ": null, "計算面積（アール）": 28, "散布班": "18-⑨", "地区名": "2026印西市" }, "geometry": { "type": "Polygon", "coordinates": [ [ [ 140.241642136, 35.795797332 ], [ 140.240798805, 35.796064894 ], [ 140.24093864, 35.796344872 ], [ 140.241819629, 35.796062933 ], [ 140.241642136, 35.795797332 ] ] ] } },
{ "type": "Feature", "properties": { "fid": 4106, "daicho_shubetsu_cd": "FUD25", "layer": "筆ポリゴン（2025年公開）_20260708233456", "fid_2": 6131, "事業年度": 2026, "物件番号": 6649, "GIS物件番号": null, "大字コード": 2041, "大字名": "吉高干拓", "小字コード": 0, "小字名": null, "__EMPTY": "吉高干拓160", "本番": 160, "枝番": "0", "子番": 0, "孫番": false, "付番": false, "所在地番号": "2.0410000016e+28", "農地管理番号": 1, "耕地番号": 20, "所在地名": "吉高干拓160", "マッチングさせるデータ": "吉高干拓160", "空散対象区分1": 2, "空散対象区分2": null, "空散外面積1": 0, "空散外面積2": false, "集計転作面積": 0, "散布面積1": null, "散布面積2": null, "支払者集落": 0, "支払者集落名": null, "支払者コード": 0, "支払者名": null, "支払者住所": null, "支払者電話番号": null, "農地異動適用法": false, "農地異動適用法名": null, "利用集積計画番号": null, "適用法開始年月日": null, "適用法終了年月日": null, "備考": "松本　弘", "所有者世帯番号": 1916, "所有者個人番号": 3176, "借受者世帯番号": 1916, "借受者個人番号": 3176, "農地予備数字１": null, "農地予備数字２": null, "農地予備数字３": null, "農地予備数字４": null, "農地予備数字５": null, "農地予備文字１": null, "農地予備文字２": null, "農地予備文字３": null, "農地予備文字４": null, "農地予備文字５": null, "手動一致フラグ": null, "計算面積（アール）": 5, "散布班": "18-⑨", "地区名": "2026印西市" }, "geometry": { "type": "Polygon", "coordinates": [ [ [ 140.242346580578527, 35.79669857946859 ], [ 140.243517388571121, 35.79603351606773 ], [ 140.243486951, 35.796003639 ], [ 140.242326467999987, 35.796666262 ], [ 140.242346580578527, 35.79669857946859 ] ] ] } },
{ "type": "Feature", "properties": { "fid": 4107, "daicho_shubetsu_cd": "FUD25", "layer": "筆ポリゴン（2025年公開）_20260708233456", "fid_2": 6132, "事業年度": 2026, "物件番号": 6667, "GIS物件番号": null, "大字コード": 2041, "大字名": "吉高干拓", "小字コード": 0, "小字名": null, "__EMPTY": "吉高干拓182", "本番": 182, "枝番": "0", "子番": 0, "孫番": false, "付番": false, "所在地番号": "2.04100000182e+28", "農地管理番号": 1, "耕地番号": 6, "所在地名": "吉高干拓182", "マッチングさせるデータ": "吉高干拓182", "空散対象区分1": 2, "空散対象区分2": null, "空散外面積1": 0, "空散外面積2": false, "集計転作面積": 0, "散布面積1": null, "散布面積2": null, "支払者集落": 0, "支払者集落名": null, "支払者コード": 0, "支払者名": null, "支払者住所": null, "支払者電話番号": null, "農地異動適用法": false, "農地異動適用法名": null, "利用集積計画番号": null, "適用法開始年月日": null, "適用法終了年月日": null, "備考": "須藤　文雄", "所有者世帯番号": 1916, "所有者個人番号": 3176, "借受者世帯番号": 1916, "借受者個人番号": 3176, "農地予備数字１": null, "農地予備数字２": null, "農地予備数字３": null, "農地予備数字４": null, "農地予備数字５": null, "農地予備文字１": null, "農地予備文字２": null, "農地予備文字３": null, "農地予備文字４": null, "農地予備文字５": null, "手動一致フラグ": null, "計算面積（アール）": 15, "散布班": "18-⑨", "地区名": "2026印西市" }, "geometry": { "type": "Polygon", "coordinates": [ [ [ 140.244369505108381, 35.795264035372526 ], [ 140.245281212216696, 35.794745119073724 ], [ 140.24519038, 35.794639606 ], [ 140.244275139, 35.795152591 ], [ 140.244369505108381, 35.795264035372526 ] ] ] } },
{ "type": "Feature", "properties": { "fid": 4108, "daicho_shubetsu_cd": "FUD25", "layer": "筆ポリゴン（2025年公開）_20260708233456", "fid_2": 6133, "事業年度": 2026, "物件番号": 6668, "GIS物件番号": null, "大字コード": 2041, "大字名": "吉高干拓", "小字コード": 0, "小字名": null, "__EMPTY": "吉高干拓183", "本番": 183, "枝番": "0", "子番": 0, "孫番": false, "付番": false, "所在地番号": "2.04100000183e+28", "農地管理番号": 1, "耕地番号": 7, "所在地名": "吉高干拓183", "マッチングさせるデータ": "吉高干拓183", "空散対象区分1": 2, "空散対象区分2": null, "空散外面積1": 0, "空散外面積2": false, "集計転作面積": 0, "散布面積1": null, "散布面積2": null, "支払者集落": 0, "支払者集落名": null, "支払者コード": 0, "支払者名": null, "支払者住所": null, "支払者電話番号": null, "農地異動適用法": false, "農地異動適用法名": null, "利用集積計画番号": null, "適用法開始年月日": null, "適用法終了年月日": null, "備考": "須藤　文雄", "所有者世帯番号": 1916, "所有者個人番号": 3176, "借受者世帯番号": 1916, "借受者個人番号": 3176, "農地予備数字１": null, "農地予備数字２": null, "農地予備数字３": null, "農地予備数字４": null, "農地予備数字５": null, "農地予備文字１": null, "農地予備文字２": null, "農地予備文字３": null, "農地予備文字４": null, "農地予備文字５": null, "手動一致フラグ": null, "計算面積（アール）": 28, "散布班": "18-⑨", "地区名": "2026印西市" }, "geometry": { "type": "Polygon", "coordinates": [ [ [ 140.245281212216696, 35.794745119073724 ], [ 140.244369505108381, 35.795264035372526 ], [ 140.244543082, 35.795469026 ], [ 140.245455628, 35.794947725 ], [ 140.245281212216696, 35.794745119073724 ] ] ] } },
{ "type": "Feature", "properties": { "fid": 4109, "daicho_shubetsu_cd": "FUD25", "layer": "筆ポリゴン（2025年公開）_20260708233456", "fid_2": 6134, "事業年度": 2026, "物件番号": 6669, "GIS物件番号": null, "大字コード": 2041, "大字名": "吉高干拓", "小字コード": 0, "小字名": null, "__EMPTY": "吉高干拓184", "本番": 184, "枝番": "0", "子番": 0, "孫番": false, "付番": false, "所在地番号": "2.04100000184e+28", "農地管理番号": 1, "耕地番号": 8, "所在地名": "吉高干拓184", "マッチングさせるデータ": "吉高干拓184", "空散対象区分1": 2, "空散対象区分2": null, "空散外面積1": 0, "空散外面積2": false, "集計転作面積": 0, "散布面積1": null, "散布面積2": null, "支払者集落": 0, "支払者集落名": null, "支払者コード": 0, "支払者名": null, "支払者住所": null, "支払者電話番号": null, "農地異動適用法": false, "農地異動適用法名": null, "利用集積計画番号": null, "適用法開始年月日": null, "適用法終了年月日": null, "備考": "須藤　文雄", "所有者世帯番号": 1916, "所有者個人番号": 3176, "借受者世帯番号": 1916, "借受者個人番号": 3176, "農地予備数字１": null, "農地予備数字２": null, "農地予備数字３": null, "農地予備数字４": null, "農地予備数字５": null, "農地予備文字１": null, "農地予備文字２": null, "農地予備文字３": null, "農地予備文字４": null, "農地予備文字５": null, "手動一致フラグ": null, "計算面積（アール）": 12, "散布班": "18-⑨", "地区名": "2026印西市" }, "geometry": { "type": "Polygon", "coordinates": [ [ [ 140.244615041, 35.795554007 ], [ 140.245532451, 35.795041945 ], [ 140.245455628, 35.794947725 ], [ 140.244543082, 35.795469026 ], [ 140.244615041, 35.795554007 ] ] ] } },
{ "type": "Feature", "properties": { "fid": 4110, "daicho_shubetsu_cd": "FUD25", "layer": "筆ポリゴン（2025年公開）_20260708233456", "fid_2": 6135, "事業年度": 2026, "物件番号": 6672, "GIS物件番号": null, "大字コード": 2041, "大字名": "吉高干拓", "小字コード": 0, "小字名": null, "__EMPTY": "吉高干拓188", "本番": 188, "枝番": "0", "子番": 0, "孫番": false, "付番": false, "所在地番号": "2.04100000188e+28", "農地管理番号": 1, "耕地番号": 9, "所在地名": "吉高干拓188", "マッチングさせるデータ": "吉高干拓188", "空散対象区分1": 2, "空散対象区分2": null, "空散外面積1": 0, "空散外面積2": false, "集計転作面積": 0, "散布面積1": null, "散布面積2": null, "支払者集落": 0, "支払者集落名": null, "支払者コード": 0, "支払者名": null, "支払者住所": null, "支払者電話番号": null, "農地異動適用法": false, "農地異動適用法名": null, "利用集積計画番号": null, "適用法開始年月日": null, "適用法終了年月日": null, "備考": "須藤　文雄", "所有者世帯番号": 1916, "所有者個人番号": 3176, "借受者世帯番号": 1916, "借受者個人番号": 3176, "農地予備数字１": null, "農地予備数字２": null, "農地予備数字３": null, "農地予備数字４": null, "農地予備数字５": null, "農地予備文字１": null, "農地予備文字２": null, "農地予備文字３": null, "農地予備文字４": null, "農地予備文字５": null, "手動一致フラグ": null, "計算面積（アール）": 16, "散布班": "18-⑨", "地区名": "2026印西市" }, "geometry": { "type": "Polygon", "coordinates": [ [ [ 140.245572679, 35.795039002 ], [ 140.24560176, 35.795044162 ], [ 140.246467177, 35.794559158 ], [ 140.246467091, 35.794542465 ], [ 140.246488949, 35.794523907 ], [ 140.246402042999989, 35.79441689 ], [ 140.245488525000013, 35.794936932 ], [ 140.245572679, 35.795039002 ] ] ] } },
{ "type": "Feature", "properties": { "fid": 4111, "daicho_shubetsu_cd": "FUD25", "layer": "筆ポリゴン（2025年公開）_20260708233456", "fid_2": 6136, "事業年度": 2026, "物件番号": 6673, "GIS物件番号": null, "大字コード": 2041, "大字名": "吉高干拓", "小字コード": 0, "小字名": null, "__EMPTY": "吉高干拓189", "本番": 189, "枝番": "0", "子番": 0, "孫番": false, "付番": false, "所在地番号": "2.04100000189e+28", "農地管理番号": 1, "耕地番号": 10, "所在地名": "吉高干拓189", "マッチングさせるデータ": "吉高干拓189", "空散対象区分1": 2, "空散対象区分2": null, "空散外面積1": 0, "空散外面積2": false, "集計転作面積": 0, "散布面積1": null, "散布面積2": null, "支払者集落": 0, "支払者集落名": null, "支払者コード": 0, "支払者名": null, "支払者住所": null, "支払者電話番号": null, "農地異動適用法": false, "農地異動適用法名": null, "利用集積計画番号": null, "適用法開始年月日": null, "適用法終了年月日": null, "備考": "須藤　文雄", "所有者世帯番号": 1916, "所有者個人番号": 3176, "借受者世帯番号": 1916, "借受者個人番号": 3176, "農地予備数字１": null, "農地予備数字２": null, "農地予備数字３": null, "農地予備数字４": null, "農地予備数字５": null, "農地予備文字１": null, "農地予備文字２": null, "農地予備文字３": null, "農地予備文字４": null, "農地予備文字５": null, "手動一致フラグ": null, "計算面積（アール）": 27, "散布班": "18-⑨", "地区名": "2026印西市" }, "geometry": { "type": "Polygon", "coordinates": [ [ [ 140.246234423519809, 35.794222585058549 ], [ 140.245310135305857, 35.794729263934514 ], [ 140.245488525000013, 35.794936932 ], [ 140.246402042999989, 35.79441689 ], [ 140.246234423519809, 35.794222585058549 ] ] ] } },
{ "type": "Feature", "properties": { "fid": 4112, "daicho_shubetsu_cd": "FUD25", "layer": "筆ポリゴン（2025年公開）_20260708233456", "fid_2": 6137, "事業年度": 2026, "物件番号": 6674, "GIS物件番号": null, "大字コード": 2041, "大字名": "吉高干拓", "小字コード": 0, "小字名": null, "__EMPTY": "吉高干拓190", "本番": 190, "枝番": "0", "子番": 0, "孫番": false, "付番": false, "所在地番号": "2.0410000019e+28", "農地管理番号": 1, "耕地番号": 11, "所在地名": "吉高干拓190", "マッチングさせるデータ": "吉高干拓190", "空散対象区分1": 2, "空散対象区分2": null, "空散外面積1": 0, "空散外面積2": false, "集計転作面積": 0, "散布面積1": null, "散布面積2": null, "支払者集落": 0, "支払者集落名": null, "支払者コード": 0, "支払者名": null, "支払者住所": null, "支払者電話番号": null, "農地異動適用法": false, "農地異動適用法名": null, "利用集積計画番号": null, "適用法開始年月日": null, "適用法終了年月日": null, "備考": "須藤　文雄", "所有者世帯番号": 1916, "所有者個人番号": 3176, "借受者世帯番号": 1916, "借受者個人番号": 3176, "農地予備数字１": null, "農地予備数字２": null, "農地予備数字３": null, "農地予備数字４": null, "農地予備数字５": null, "農地予備文字１": null, "農地予備文字２": null, "農地予備文字３": null, "農地予備文字４": null, "農地予備文字５": null, "手動一致フラグ": null, "計算面積（アール）": 8, "散布班": "18-⑨", "地区名": "2026印西市" }, "geometry": { "type": "Polygon", "coordinates": [ [ [ 140.245310135305857, 35.794729263934514 ], [ 140.246234423519809, 35.794222585058549 ], [ 140.246188633102264, 35.794169504686309 ], [ 140.24525952428354, 35.794670346331984 ], [ 140.245310135305857, 35.794729263934514 ] ] ] } },
{ "type": "Feature", "properties": { "fid": 4113, "daicho_shubetsu_cd": "FUD25", "layer": "筆ポリゴン（2025年公開）_20260708233456", "fid_2": 6138, "事業年度": 2026, "物件番号": 6675, "GIS物件番号": null, "大字コード": 2041, "大字名": "吉高干拓", "小字コード": 0, "小字名": null, "__EMPTY": "吉高干拓191", "本番": 191, "枝番": "0", "子番": 0, "孫番": false, "付番": false, "所在地番号": "2.04100000191e+28", "農地管理番号": 1, "耕地番号": 12, "所在地名": "吉高干拓191", "マッチングさせるデータ": "吉高干拓191", "空散対象区分1": 2, "空散対象区分2": null, "空散外面積1": 0, "空散外面積2": false, "集計転作面積": 0, "散布面積1": null, "散布面積2": null, "支払者集落": 0, "支払者集落名": null, "支払者コード": 0, "支払者名": null, "支払者住所": null, "支払者電話番号": null, "農地異動適用法": false, "農地異動適用法名": null, "利用集積計画番号": null, "適用法開始年月日": null, "適用法終了年月日": null, "備考": "須藤　文雄", "所有者世帯番号": 1916, "所有者個人番号": 3176, "借受者世帯番号": 1916, "借受者個人番号": 3176, "農地予備数字１": null, "農地予備数字２": null, "農地予備数字３": null, "農地予備数字４": null, "農地予備数字５": null, "農地予備文字１": null, "農地予備文字２": null, "農地予備文字３": null, "農地予備文字４": null, "農地予備文字５": null, "手動一致フラグ": null, "計算面積（アール）": 7, "散布班": "18-⑨", "地区名": "2026印西市" }, "geometry": { "type": "Polygon", "coordinates": [ [ [ 140.24525952428354, 35.794670346331984 ], [ 140.246188633102264, 35.794169504686309 ], [ 140.246145104097479, 35.794119045749703 ], [ 140.245219485601183, 35.794623736264363 ], [ 140.24525952428354, 35.794670346331984 ] ] ] } },
{ "type": "Feature", "properties": { "fid": 4114, "daicho_shubetsu_cd": "FUD25", "layer": "筆ポリゴン（2025年公開）_20260708233456", "fid_2": 6139, "事業年度": 2026, "物件番号": 6676, "GIS物件番号": null, "大字コード": 2041, "大字名": "吉高干拓", "小字コード": 0, "小字名": null, "__EMPTY": "吉高干拓192", "本番": 192, "枝番": "0", "子番": 0, "孫番": false, "付番": false, "所在地番号": "2.04100000192e+28", "農地管理番号": 1, "耕地番号": 15, "所在地名": "吉高干拓192", "マッチングさせるデータ": "吉高干拓192", "空散対象区分1": 2, "空散対象区分2": null, "空散外面積1": 0, "空散外面積2": false, "集計転作面積": 0, "散布面積1": null, "散布面積2": null, "支払者集落": 0, "支払者集落名": null, "支払者コード": 0, "支払者名": null, "支払者住所": null, "支払者電話番号": null, "農地異動適用法": false, "農地異動適用法名": null, "利用集積計画番号": null, "適用法開始年月日": null, "適用法終了年月日": null, "備考": "須藤　文雄", "所有者世帯番号": 1916, "所有者個人番号": 3176, "借受者世帯番号": 1916, "借受者個人番号": 3176, "農地予備数字１": null, "農地予備数字２": null, "農地予備数字３": null, "農地予備数字４": null, "農地予備数字５": null, "農地予備文字１": null, "農地予備文字２": null, "農地予備文字３": null, "農地予備文字４": null, "農地予備文字５": null, "手動一致フラグ": null, "計算面積（アール）": 6, "散布班": "18-⑨", "地区名": "2026印西市" }, "geometry": { "type": "Polygon", "coordinates": [ [ [ 140.245219485601183, 35.794623736264363 ], [ 140.246145104097479, 35.794119045749703 ], [ 140.246104616999986, 35.794072113 ], [ 140.245185203, 35.794583827 ], [ 140.245219485601183, 35.794623736264363 ] ] ] } },
{ "type": "Feature", "properties": { "fid": 4115, "daicho_shubetsu_cd": "FUD25", "layer": "筆ポリゴン（2025年公開）_20260708233456", "fid_2": 6140, "事業年度": 2026, "物件番号": 6683, "GIS物件番号": null, "大字コード": 2041, "大字名": "吉高干拓", "小字コード": 0, "小字名": null, "__EMPTY": "吉高干拓199", "本番": 199, "枝番": "0", "子番": 0, "孫番": false, "付番": false, "所在地番号": "2.04100000199e+28", "農地管理番号": 1, "耕地番号": 14, "所在地名": "吉高干拓199", "マッチングさせるデータ": "吉高干拓199", "空散対象区分1": 2, "空散対象区分2": null, "空散外面積1": 0, "空散外面積2": false, "集計転作面積": 0, "散布面積1": null, "散布面積2": null, "支払者集落": 0, "支払者集落名": null, "支払者コード": 0, "支払者名": null, "支払者住所": null, "支払者電話番号": null, "農地異動適用法": false, "農地異動適用法名": null, "利用集積計画番号": null, "適用法開始年月日": null, "適用法終了年月日": null, "備考": "須藤　文雄", "所有者世帯番号": 1916, "所有者個人番号": 3176, "借受者世帯番号": 1916, "借受者個人番号": 3176, "農地予備数字１": null, "農地予備数字２": null, "農地予備数字３": null, "農地予備数字４": null, "農地予備数字５": null, "農地予備文字１": null, "農地予備文字２": null, "農地予備文字３": null, "農地予備文字４": null, "農地予備文字５": null, "手動一致フラグ": null, "計算面積（アール）": 9, "散布班": "18-⑨", "地区名": "2026印西市" }, "geometry": { "type": "Polygon", "coordinates": [ [ [ 140.244917795, 35.794278939 ], [ 140.245719853, 35.79381945 ], [ 140.245708065, 35.793803989 ], [ 140.245596731, 35.7937841 ], [ 140.245570443, 35.793794922 ], [ 140.244850991, 35.79420042 ], [ 140.244917795, 35.794278939 ] ] ] } },
{ "type": "Feature", "properties": { "fid": 4117, "daicho_shubetsu_cd": "FUD25", "layer": "筆ポリゴン（2025年公開）_20260708233456", "fid_2": 6142, "事業年度": 2026, "物件番号": 6323, "GIS物件番号": null, "大字コード": 2040, "大字名": "吉高", "小字コード": 41, "小字名": "中", "__EMPTY": "吉高3370", "本番": 3370, "枝番": "0", "子番": 0, "孫番": false, "付番": false, "所在地番号": "2.0400410337e+28", "農地管理番号": 1, "耕地番号": 12, "所在地名": "吉高中3370", "マッチングさせるデータ": "吉高中3370", "空散対象区分1": 2, "空散対象区分2": null, "空散外面積1": 0, "空散外面積2": false, "集計転作面積": 0, "散布面積1": null, "散布面積2": null, "支払者集落": 0, "支払者集落名": null, "支払者コード": 0, "支払者名": null, "支払者住所": null, "支払者電話番号": null, "農地異動適用法": false, "農地異動適用法名": null, "利用集積計画番号": null, "適用法開始年月日": null, "適用法終了年月日": null, "備考": "須藤　貞雄", "所有者世帯番号": 1917, "所有者個人番号": 3185, "借受者世帯番号": 1917, "借受者個人番号": 3185, "農地予備数字１": null, "農地予備数字２": null, "農地予備数字３": null, "農地予備数字４": null, "農地予備数字５": null, "農地予備文字１": null, "農地予備文字２": null, "農地予備文字３": null, "農地予備文字４": null, "農地予備文字５": null, "手動一致フラグ": null, "計算面積（アール）": 15, "散布班": "18-⑨", "地区名": "2026印西市" }, "geometry": { "type": "Polygon", "coordinates": [ [ [ 140.235341385999988, 35.795237241 ], [ 140.235280236, 35.795104523 ], [ 140.234229223, 35.795431131 ], [ 140.234275552000014, 35.795549975 ], [ 140.235341385999988, 35.795237241 ] ] ] } },
{ "type": "Feature", "properties": { "fid": 4118, "daicho_shubetsu_cd": "FUD25", "layer": "筆ポリゴン（2025年公開）_20260708233456", "fid_2": 6143, "事業年度": 2026, "物件番号": 5415, "GIS物件番号": null, "大字コード": 2040, "大字名": "吉高", "小字コード": 17, "小字名": "向田", "__EMPTY": "吉高2916", "本番": 2916, "枝番": "0", "子番": 0, "孫番": false, "付番": false, "所在地番号": "2.04001702916e+28", "農地管理番号": 1, "耕地番号": 1, "所在地名": "吉高向田2916", "マッチングさせるデータ": "吉高向田2916", "空散対象区分1": 2, "空散対象区分2": null, "空散外面積1": 0, "空散外面積2": false, "集計転作面積": 329, "散布面積1": 0, "散布面積2": false, "支払者集落": 0, "支払者集落名": null, "支払者コード": 0, "支払者名": null, "支払者住所": null, "支払者電話番号": null, "農地異動適用法": false, "農地異動適用法名": null, "利用集積計画番号": null, "適用法開始年月日": null, "適用法終了年月日": null, "備考": "富井　忠男", "所有者世帯番号": 1925, "所有者個人番号": 3384, "借受者世帯番号": 1925, "借受者個人番号": 3384, "農地予備数字１": null, "農地予備数字２": null, "農地予備数字３": null, "農地予備数字４": null, "農地予備数字５": null, "農地予備文字１": null, "農地予備文字２": null, "農地予備文字３": null, "農地予備文字４": null, "農地予備文字５": null, "手動一致フラグ": null, "計算面積（アール）": 9, "散布班": "18-⑧", "地区名": "2026印西市" }, "geometry": { "type": "Polygon", "coordinates": [ [ [ 140.227659147999987, 35.787779239 ], [ 140.227631537, 35.787739286 ], [ 140.227587408, 35.787683599 ], [ 140.227537121000012, 35.787628896 ], [ 140.227526173, 35.787620702 ], [ 140.227358701000014, 35.787715614 ], [ 140.227269854000014, 35.787762803 ], [ 140.227160694, 35.787852476 ], [ 140.227184824, 35.78788799 ], [ 140.227220093, 35.787953197 ], [ 140.22722914, 35.787970208 ], [ 140.227279861, 35.788001272 ], [ 140.227381662999989, 35.787925464 ], [ 140.227499201, 35.787860315 ], [ 140.227659147999987, 35.787779239 ] ] ] } },
{ "type": "Feature", "properties": { "fid": 4119, "daicho_shubetsu_cd": "FUD25", "layer": "筆ポリゴン（2025年公開）_20260708233456", "fid_2": 6144, "事業年度": 2026, "物件番号": 5477, "GIS物件番号": null, "大字コード": 2040, "大字名": "吉高", "小字コード": 18, "小字名": "仲田", "__EMPTY": "吉高2972", "本番": 2972, "枝番": "0", "子番": 0, "孫番": false, "付番": false, "所在地番号": "2.04001802972e+28", "農地管理番号": 1, "耕地番号": 2, "所在地名": "吉高仲田2972", "マッチングさせるデータ": "吉高仲田2972", "空散対象区分1": 2, "空散対象区分2": null, "空散外面積1": 0, "空散外面積2": false, "集計転作面積": 0, "散布面積1": null, "散布面積2": null, "支払者集落": 0, "支払者集落名": null, "支払者コード": 0, "支払者名": null, "支払者住所": null, "支払者電話番号": null, "農地異動適用法": false, "農地異動適用法名": null, "利用集積計画番号": null, "適用法開始年月日": null, "適用法終了年月日": null, "備考": "富井　忠男", "所有者世帯番号": 1925, "所有者個人番号": 3384, "借受者世帯番号": 1925, "借受者個人番号": 3384, "農地予備数字１": null, "農地予備数字２": null, "農地予備数字３": null, "農地予備数字４": null, "農地予備数字５": null, "農地予備文字１": null, "農地予備文字２": null, "農地予備文字３": null, "農地予備文字４": null, "農地予備文字５": null, "手動一致フラグ": null, "計算面積（アール）": 6, "散布班": "18-⑧", "地区名": "2026印西市" }, "geometry": { "type": "Polygon", "coordinates": [ [ [ 140.231480652997845, 35.791069289782058 ], [ 140.231036156740004, 35.791332659429344 ], [ 140.231113986999986, 35.791423178 ], [ 140.231559092, 35.791158318 ], [ 140.231480652997845, 35.791069289782058 ] ] ] } },
{ "type": "Feature", "properties": { "fid": 4120, "daicho_shubetsu_cd": "FUD25", "layer": "筆ポリゴン（2025年公開）_20260708233456", "fid_2": 6145, "事業年度": 2026, "物件番号": 5478, "GIS物件番号": null, "大字コード": 2040, "大字名": "吉高", "小字コード": 18, "小字名": "仲田", "__EMPTY": "吉高2973", "本番": 2973, "枝番": "0", "子番": 0, "孫番": false, "付番": false, "所在地番号": "2.04001802973e+28", "農地管理番号": 1, "耕地番号": 3, "所在地名": "吉高仲田2973", "マッチングさせるデータ": "吉高仲田2973", "空散対象区分1": 2, "空散対象区分2": null, "空散外面積1": 0, "空散外面積2": false, "集計転作面積": 0, "散布面積1": null, "散布面積2": null, "支払者集落": 0, "支払者集落名": null, "支払者コード": 0, "支払者名": null, "支払者住所": null, "支払者電話番号": null, "農地異動適用法": false, "農地異動適用法名": null, "利用集積計画番号": null, "適用法開始年月日": null, "適用法終了年月日": null, "備考": "富井　忠男", "所有者世帯番号": 1925, "所有者個人番号": 3384, "借受者世帯番号": 1925, "借受者個人番号": 3384, "農地予備数字１": null, "農地予備数字２": null, "農地予備数字３": null, "農地予備数字４": null, "農地予備数字５": null, "農地予備文字１": null, "農地予備文字２": null, "農地予備文字３": null, "農地予備文字４": null, "農地予備文字５": null, "手動一致フラグ": null, "計算面積（アール）": 5, "散布班": "18-⑧", "地区名": "2026印西市" }, "geometry": { "type": "Polygon", "coordinates": [ [ [ 140.231036156740004, 35.791332659429344 ], [ 140.231480652997845, 35.791069289782058 ], [ 140.231409082421465, 35.790988057223025 ], [ 140.230973386035743, 35.79125965550476 ], [ 140.231036156740004, 35.791332659429344 ] ] ] } },
{ "type": "Feature", "properties": { "fid": 4121, "daicho_shubetsu_cd": "FUD25", "layer": "筆ポリゴン（2025年公開）_20260708233456", "fid_2": 6146, "事業年度": 2026, "物件番号": 5479, "GIS物件番号": null, "大字コード": 2040, "大字名": "吉高", "小字コード": 18, "小字名": "仲田", "__EMPTY": "吉高2974", "本番": 2974, "枝番": "0", "子番": 0, "孫番": false, "付番": false, "所在地番号": "2.04001802974e+28", "農地管理番号": 1, "耕地番号": 4, "所在地名": "吉高仲田2974", "マッチングさせるデータ": "吉高仲田2974", "空散対象区分1": 2, "空散対象区分2": null, "空散外面積1": 0, "空散外面積2": false, "集計転作面積": 0, "散布面積1": null, "散布面積2": null, "支払者集落": 0, "支払者集落名": null, "支払者コード": 0, "支払者名": null, "支払者住所": null, "支払者電話番号": null, "農地異動適用法": false, "農地異動適用法名": null, "利用集積計画番号": null, "適用法開始年月日": null, "適用法終了年月日": null, "備考": "富井　忠男", "所有者世帯番号": 1925, "所有者個人番号": 3384, "借受者世帯番号": 1925, "借受者個人番号": 3384, "農地予備数字１": null, "農地予備数字２": null, "農地予備数字３": null, "農地予備数字４": null, "農地予備数字５": null, "農地予備文字１": null, "農地予備文字２": null, "農地予備文字３": null, "農地予備文字４": null, "農地予備文字５": null, "手動一致フラグ": null, "計算面積（アール）": 8, "散布班": "18-⑧", "地区名": "2026印西市" }, "geometry": { "type": "Polygon", "coordinates": [ [ [ 140.230973386035743, 35.79125965550476 ], [ 140.231409082421465, 35.790988057223025 ], [ 140.231305475999989, 35.790870464 ], [ 140.230863615, 35.791131989 ], [ 140.230973386035743, 35.79125965550476 ] ] ] } },
{ "type": "Feature", "properties": { "fid": 4122, "daicho_shubetsu_cd": "FUD25", "layer": "筆ポリゴン（2025年公開）_20260708233456", "fid_2": 6147, "事業年度": 2026, "物件番号": 5480, "GIS物件番号": null, "大字コード": 2040, "大字名": "吉高", "小字コード": 18, "小字名": "仲田", "__EMPTY": "吉高2975", "本番": 2975, "枝番": "0", "子番": 0, "孫番": false, "付番": false, "所在地番号": "2.04001802975e+28", "農地管理番号": 1, "耕地番号": 5, "所在地名": "吉高仲田2975", "マッチングさせるデータ": "吉高仲田2975", "空散対象区分1": 2, "空散対象区分2": null, "空散外面積1": 0, "空散外面積2": false, "集計転作面積": 0, "散布面積1": null, "散布面積2": null, "支払者集落": 0, "支払者集落名": null, "支払者コード": 0, "支払者名": null, "支払者住所": null, "支払者電話番号": null, "農地異動適用法": false, "農地異動適用法名": null, "利用集積計画番号": null, "適用法開始年月日": null, "適用法終了年月日": null, "備考": "富井　忠男", "所有者世帯番号": 1925, "所有者個人番号": 3384, "借受者世帯番号": 1925, "借受者個人番号": 3384, "農地予備数字１": null, "農地予備数字２": null, "農地予備数字３": null, "農地予備数字４": null, "農地予備数字５": null, "農地予備文字１": null, "農地予備文字２": null, "農地予備文字３": null, "農地予備文字４": null, "農地予備文字５": null, "手動一致フラグ": null, "計算面積（アール）": 20, "散布班": "18-⑧", "地区名": "2026印西市" }, "geometry": { "type": "Polygon", "coordinates": [ [ [ 140.231305475999989, 35.790870464 ], [ 140.231045642999987, 35.790575552 ], [ 140.230601466, 35.790827098 ], [ 140.230863615, 35.791131989 ], [ 140.231305475999989, 35.790870464 ] ] ] } },
{ "type": "Feature", "properties": { "fid": 4123, "daicho_shubetsu_cd": "FUD25", "layer": "筆ポリゴン（2025年公開）_20260708233456", "fid_2": 6149, "事業年度": 2026, "物件番号": 5482, "GIS物件番号": null, "大字コード": 2040, "大字名": "吉高", "小字コード": 18, "小字名": "仲田", "__EMPTY": "吉高2977", "本番": 2977, "枝番": "0", "子番": 0, "孫番": false, "付番": false, "所在地番号": "2.04001802977e+28", "農地管理番号": 1, "耕地番号": 7, "所在地名": "吉高仲田2977", "マッチングさせるデータ": "吉高仲田2977", "空散対象区分1": 2, "空散対象区分2": null, "空散外面積1": 0, "空散外面積2": false, "集計転作面積": 0, "散布面積1": null, "散布面積2": null, "支払者集落": 0, "支払者集落名": null, "支払者コード": 0, "支払者名": null, "支払者住所": null, "支払者電話番号": null, "農地異動適用法": false, "農地異動適用法名": null, "利用集積計画番号": null, "適用法開始年月日": null, "適用法終了年月日": null, "備考": "富井　忠男", "所有者世帯番号": 1925, "所有者個人番号": 3384, "借受者世帯番号": 1925, "借受者個人番号": 3384, "農地予備数字１": null, "農地予備数字２": null, "農地予備数字３": null, "農地予備数字４": null, "農地予備数字５": null, "農地予備文字１": null, "農地予備文字２": null, "農地予備文字３": null, "農地予備文字４": null, "農地予備文字５": null, "手動一致フラグ": null, "計算面積（アール）": 21, "散布班": "18-⑧", "地区名": "2026印西市" }, "geometry": { "type": "Polygon", "coordinates": [ [ [ 140.23058336, 35.790805632 ], [ 140.231047491, 35.790551308 ], [ 140.23078124700001, 35.790245992 ], [ 140.230325498000013, 35.790515595 ], [ 140.23058336, 35.790805632 ] ] ] } },
{ "type": "Feature", "properties": { "fid": 4124, "daicho_shubetsu_cd": "FUD25", "layer": "筆ポリゴン（2025年公開）_20260708233456", "fid_2": 6150, "事業年度": 2026, "物件番号": 5537, "GIS物件番号": null, "大字コード": 2040, "大字名": "吉高", "小字コード": 21, "小字名": "山王", "__EMPTY": "吉高1435", "本番": 1435, "枝番": "0", "子番": 0, "孫番": false, "付番": false, "所在地番号": "2.04002101435e+28", "農地管理番号": 1, "耕地番号": 9, "所在地名": "吉高山王1435", "マッチングさせるデータ": "吉高山王1435", "空散対象区分1": 2, "空散対象区分2": null, "空散外面積1": 0, "空散外面積2": false, "集計転作面積": 0, "散布面積1": 0, "散布面積2": false, "支払者集落": 0, "支払者集落名": null, "支払者コード": 0, "支払者名": null, "支払者住所": null, "支払者電話番号": null, "農地異動適用法": false, "農地異動適用法名": null, "利用集積計画番号": null, "適用法開始年月日": null, "適用法終了年月日": null, "備考": "富井　忠男", "所有者世帯番号": 1925, "所有者個人番号": 3384, "借受者世帯番号": 1925, "借受者個人番号": 3384, "農地予備数字１": null, "農地予備数字２": null, "農地予備数字３": null, "農地予備数字４": null, "農地予備数字５": null, "農地予備文字１": null, "農地予備文字２": null, "農地予備文字３": null, "農地予備文字４": null, "農地予備文字５": null, "手動一致フラグ": null, "計算面積（アール）": 8, "散布班": "18-⑧", "地区名": "2026印西市" }, "geometry": { "type": "Polygon", "coordinates": [ [ [ 140.231461199, 35.792417431 ], [ 140.23157040000001, 35.792793647 ], [ 140.231607445, 35.792798942 ], [ 140.231629231, 35.792800676 ], [ 140.231674995, 35.792807748 ], [ 140.231693496, 35.792805881 ], [ 140.231715177000012, 35.792786846 ], [ 140.23172256, 35.792738962 ], [ 140.231721263999987, 35.792697429 ], [ 140.231713498, 35.792668559 ], [ 140.231701404, 35.792645121 ], [ 140.231690385, 35.79261897 ], [ 140.23169245, 35.792596388 ], [ 140.23169883, 35.792565665 ], [ 140.231703, 35.792528628 ], [ 140.231705038, 35.792500629 ], [ 140.231682438, 35.792335455 ], [ 140.231461199, 35.792417431 ] ] ] } },
{ "type": "Feature", "properties": { "fid": 4125, "daicho_shubetsu_cd": "FUD25", "layer": "筆ポリゴン（2025年公開）_20260708233407", "fid_2": 6151, "事業年度": 2026, "物件番号": 6404, "GIS物件番号": null, "大字コード": 2040, "大字名": "吉高", "小字コード": 42, "小字名": "西", "__EMPTY": "吉高3427", "本番": 3427, "枝番": "1", "子番": 0, "孫番": false, "付番": false, "所在地番号": "2.04004203427e+28", "農地管理番号": 1, "耕地番号": 18, "所在地名": "吉高西3427-1", "マッチングさせるデータ": "吉高西3427-1", "空散対象区分1": 2, "空散対象区分2": null, "空散外面積1": 0, "空散外面積2": false, "集計転作面積": 0, "散布面積1": null, "散布面積2": null, "支払者集落": 0, "支払者集落名": null, "支払者コード": 0, "支払者名": null, "支払者住所": null, "支払者電話番号": null, "農地異動適用法": false, "農地異動適用法名": null, "利用集積計画番号": null, "適用法開始年月日": null, "適用法終了年月日": null, "備考": "富井　忠男", "所有者世帯番号": 1925, "所有者個人番号": 3384, "借受者世帯番号": 1925, "借受者個人番号": 3384, "農地予備数字１": null, "農地予備数字２": null, "農地予備数字３": null, "農地予備数字４": null, "農地予備数字５": null, "農地予備文字１": null, "農地予備文字２": null, "農地予備文字３": null, "農地予備文字４": null, "農地予備文字５": null, "手動一致フラグ": null, "計算面積（アール）": 13, "散布班": "18-⑦", "地区名": "2026印西市" }, "geometry": { "type": "Polygon", "coordinates": [ [ [ 140.231915782333289, 35.799297501088226 ], [ 140.231055007770493, 35.799587544690901 ], [ 140.231151316, 35.799789885 ], [ 140.231525954, 35.799602405 ], [ 140.231517624, 35.799569175 ], [ 140.231578692, 35.799535716 ], [ 140.231570853, 35.79948465 ], [ 140.231627364, 35.799472366 ], [ 140.231647974, 35.799512206 ], [ 140.2319329, 35.799344977 ], [ 140.231915782333289, 35.799297501088226 ] ] ] } },
{ "type": "Feature", "properties": { "fid": 4126, "daicho_shubetsu_cd": "FUD25", "layer": "筆ポリゴン（2025年公開）_20260708233407", "fid_2": 6152, "事業年度": 2026, "物件番号": 6405, "GIS物件番号": null, "大字コード": 2040, "大字名": "吉高", "小字コード": 42, "小字名": "西", "__EMPTY": "吉高3428", "本番": 3428, "枝番": "0", "子番": 0, "孫番": false, "付番": false, "所在地番号": "2.04004203428e+28", "農地管理番号": 1, "耕地番号": 19, "所在地名": "吉高西3428", "マッチングさせるデータ": "吉高西3428", "空散対象区分1": 2, "空散対象区分2": null, "空散外面積1": 0, "空散外面積2": false, "集計転作面積": 0, "散布面積1": null, "散布面積2": null, "支払者集落": 0, "支払者集落名": null, "支払者コード": 0, "支払者名": null, "支払者住所": null, "支払者電話番号": null, "農地異動適用法": false, "農地異動適用法名": null, "利用集積計画番号": null, "適用法開始年月日": null, "適用法終了年月日": null, "備考": "富井　忠男", "所有者世帯番号": 1925, "所有者個人番号": 3384, "借受者世帯番号": 1925, "借受者個人番号": 3384, "農地予備数字１": null, "農地予備数字２": null, "農地予備数字３": null, "農地予備数字４": null, "農地予備数字５": null, "農地予備文字１": null, "農地予備文字２": null, "農地予備文字３": null, "農地予備文字４": null, "農地予備文字５": null, "手動一致フラグ": null, "計算面積（アール）": 12, "散布班": "18-⑦", "地区名": "2026印西市" }, "geometry": { "type": "Polygon", "coordinates": [ [ [ 140.231055007770493, 35.799587544690901 ], [ 140.231915782333289, 35.799297501088226 ], [ 140.23187459, 35.799183254 ], [ 140.230998096, 35.799467975 ], [ 140.231055007770493, 35.799587544690901 ] ] ] } },
{ "type": "Feature", "properties": { "fid": 4127, "daicho_shubetsu_cd": "FUD25", "layer": "筆ポリゴン（2025年公開）_20260708233407", "fid_2": 6153, "事業年度": 2026, "物件番号": 6442, "GIS物件番号": null, "大字コード": 2040, "大字名": "吉高", "小字コード": 42, "小字名": "西", "__EMPTY": "吉高3470", "本番": 3470, "枝番": "0", "子番": 0, "孫番": false, "付番": false, "所在地番号": "2.0400420347e+28", "農地管理番号": 1, "耕地番号": 20, "所在地名": "吉高西3470", "マッチングさせるデータ": "吉高西3470", "空散対象区分1": 2, "空散対象区分2": null, "空散外面積1": 0, "空散外面積2": false, "集計転作面積": 0, "散布面積1": null, "散布面積2": null, "支払者集落": 0, "支払者集落名": null, "支払者コード": 0, "支払者名": null, "支払者住所": null, "支払者電話番号": null, "農地異動適用法": false, "農地異動適用法名": null, "利用集積計画番号": null, "適用法開始年月日": null, "適用法終了年月日": null, "備考": "富井　忠男", "所有者世帯番号": 1925, "所有者個人番号": 3384, "借受者世帯番号": 1925, "借受者個人番号": 3384, "農地予備数字１": null, "農地予備数字２": null, "農地予備数字３": null, "農地予備数字４": null, "農地予備数字５": null, "農地予備文字１": null, "農地予備文字２": null, "農地予備文字３": null, "農地予備文字４": null, "農地予備文字５": null, "手動一致フラグ": null, "計算面積（アール）": 20, "散布班": "18-⑦", "地区名": "2026印西市" }, "geometry": { "type": "Polygon", "coordinates": [ [ [ 140.229665936382531, 35.799347965230133 ], [ 140.230698039722512, 35.799028860815838 ], [ 140.23061516300001, 35.798851701 ], [ 140.229587118000012, 35.799183599 ], [ 140.229665936382531, 35.799347965230133 ] ] ] } },
{ "type": "Feature", "properties": { "fid": 4128, "daicho_shubetsu_cd": "FUD25", "layer": "筆ポリゴン（2025年公開）_20260708233407", "fid_2": 6154, "事業年度": 2026, "物件番号": 6443, "GIS物件番号": null, "大字コード": 2040, "大字名": "吉高", "小字コード": 42, "小字名": "西", "__EMPTY": "吉高3471", "本番": 3471, "枝番": "0", "子番": 0, "孫番": false, "付番": false, "所在地番号": "2.04004203471e+28", "農地管理番号": 1, "耕地番号": 21, "所在地名": "吉高西3471", "マッチングさせるデータ": "吉高西3471", "空散対象区分1": 2, "空散対象区分2": null, "空散外面積1": 0, "空散外面積2": false, "集計転作面積": 0, "散布面積1": null, "散布面積2": null, "支払者集落": 0, "支払者集落名": null, "支払者コード": 0, "支払者名": null, "支払者住所": null, "支払者電話番号": null, "農地異動適用法": false, "農地異動適用法名": null, "利用集積計画番号": null, "適用法開始年月日": null, "適用法終了年月日": null, "備考": "富井　忠男", "所有者世帯番号": 1925, "所有者個人番号": 3384, "借受者世帯番号": 1925, "借受者個人番号": 3384, "農地予備数字１": null, "農地予備数字２": null, "農地予備数字３": null, "農地予備数字４": null, "農地予備数字５": null, "農地予備文字１": null, "農地予備文字２": null, "農地予備文字３": null, "農地予備文字４": null, "農地予備文字５": null, "手動一致フラグ": null, "計算面積（アール）": 24, "散布班": "18-⑦", "地区名": "2026印西市" }, "geometry": { "type": "Polygon", "coordinates": [ [ [ 140.230698039722512, 35.799028860815838 ], [ 140.229665936382531, 35.799347965230133 ], [ 140.229764655, 35.799553831 ], [ 140.230791214, 35.799228033 ], [ 140.230698039722512, 35.799028860815838 ] ] ] } },
{ "type": "Feature", "properties": { "fid": 4129, "daicho_shubetsu_cd": "FUD25", "layer": "筆ポリゴン（2025年公開）_20260708233407", "fid_2": 6155, "事業年度": 2026, "物件番号": 6444, "GIS物件番号": null, "大字コード": 2040, "大字名": "吉高", "小字コード": 42, "小字名": "西", "__EMPTY": "吉高3472", "本番": 3472, "枝番": "0", "子番": 0, "孫番": false, "付番": false, "所在地番号": "2.04004203472e+28", "農地管理番号": 1, "耕地番号": 22, "所在地名": "吉高西3472", "マッチングさせるデータ": "吉高西3472", "空散対象区分1": 2, "空散対象区分2": null, "空散外面積1": 0, "空散外面積2": false, "集計転作面積": 0, "散布面積1": null, "散布面積2": null, "支払者集落": 0, "支払者集落名": null, "支払者コード": 0, "支払者名": null, "支払者住所": null, "支払者電話番号": null, "農地異動適用法": false, "農地異動適用法名": null, "利用集積計画番号": null, "適用法開始年月日": null, "適用法終了年月日": null, "備考": "富井　忠男", "所有者世帯番号": 1925, "所有者個人番号": 3384, "借受者世帯番号": 1925, "借受者個人番号": 3384, "農地予備数字１": null, "農地予備数字２": null, "農地予備数字３": null, "農地予備数字４": null, "農地予備数字５": null, "農地予備文字１": null, "農地予備文字２": null, "農地予備文字３": null, "農地予備文字４": null, "農地予備文字５": null, "手動一致フラグ": null, "計算面積（アール）": 30, "散布班": "18-⑦", "地区名": "2026印西市" }, "geometry": { "type": "Polygon", "coordinates": [ [ [ 140.230791214, 35.799228033 ], [ 140.229764655, 35.799553831 ], [ 140.2298803, 35.799803102 ], [ 140.230928514999988, 35.799473681 ], [ 140.230791214, 35.799228033 ] ] ] } },
{ "type": "Feature", "properties": { "fid": 4130, "daicho_shubetsu_cd": "FUD25", "layer": "筆ポリゴン（2025年公開）_20260708233407", "fid_2": 6156, "事業年度": 2026, "物件番号": 6445, "GIS物件番号": null, "大字コード": 2040, "大字名": "吉高", "小字コード": 42, "小字名": "西", "__EMPTY": "吉高3473", "本番": 3473, "枝番": "0", "子番": 0, "孫番": false, "付番": false, "所在地番号": "2.04004203473e+28", "農地管理番号": 1, "耕地番号": 23, "所在地名": "吉高西3473", "マッチングさせるデータ": "吉高西3473", "空散対象区分1": 2, "空散対象区分2": null, "空散外面積1": 0, "空散外面積2": false, "集計転作面積": 0, "散布面積1": null, "散布面積2": null, "支払者集落": 0, "支払者集落名": null, "支払者コード": 0, "支払者名": null, "支払者住所": null, "支払者電話番号": null, "農地異動適用法": false, "農地異動適用法名": null, "利用集積計画番号": null, "適用法開始年月日": null, "適用法終了年月日": null, "備考": "富井　忠男", "所有者世帯番号": 1925, "所有者個人番号": 3384, "借受者世帯番号": 1925, "借受者個人番号": 3384, "農地予備数字１": null, "農地予備数字２": null, "農地予備数字３": null, "農地予備数字４": null, "農地予備数字５": null, "農地予備文字１": null, "農地予備文字２": null, "農地予備文字３": null, "農地予備文字４": null, "農地予備文字５": null, "手動一致フラグ": null, "計算面積（アール）": 22, "散布班": "18-⑦", "地区名": "2026印西市" }, "geometry": { "type": "Polygon", "coordinates": [ [ [ 140.230928514999988, 35.799473681 ], [ 140.2298803, 35.799803102 ], [ 140.229976095000012, 35.799969831 ], [ 140.231016055, 35.799670044 ], [ 140.230928514999988, 35.799473681 ] ] ] } },
{ "type": "Feature", "properties": { "fid": 4131, "daicho_shubetsu_cd": "FUD25", "layer": "筆ポリゴン（2025年公開）_20260708233407", "fid_2": 6157, "事業年度": 2026, "物件番号": 6499, "GIS物件番号": null, "大字コード": 2040, "大字名": "吉高", "小字コード": 42, "小字名": "西", "__EMPTY": "吉高3533", "本番": 3533, "枝番": "1", "子番": 0, "孫番": false, "付番": false, "所在地番号": "2.04004203533e+28", "農地管理番号": 1, "耕地番号": 24, "所在地名": "吉高西3533-1", "マッチングさせるデータ": "吉高西3533-1", "空散対象区分1": 2, "空散対象区分2": null, "空散外面積1": 0, "空散外面積2": false, "集計転作面積": 0, "散布面積1": null, "散布面積2": null, "支払者集落": 0, "支払者集落名": null, "支払者コード": 0, "支払者名": null, "支払者住所": null, "支払者電話番号": null, "農地異動適用法": false, "農地異動適用法名": null, "利用集積計画番号": null, "適用法開始年月日": null, "適用法終了年月日": null, "備考": "富井　忠男", "所有者世帯番号": 1925, "所有者個人番号": 3384, "借受者世帯番号": 1925, "借受者個人番号": 3384, "農地予備数字１": null, "農地予備数字２": null, "農地予備数字３": null, "農地予備数字４": null, "農地予備数字５": null, "農地予備文字１": null, "農地予備文字２": null, "農地予備文字３": null, "農地予備文字４": null, "農地予備文字５": null, "手動一致フラグ": null, "計算面積（アール）": 28, "散布班": "18-⑦", "地区名": "2026印西市" }, "geometry": { "type": "Polygon", "coordinates": [ [ [ 140.226649159, 35.799956117 ], [ 140.226629613, 35.799985976 ], [ 140.227195954, 35.800331283 ], [ 140.227525465000014, 35.800227533 ], [ 140.227292294, 35.799744758 ], [ 140.226649159, 35.799956117 ] ] ] } },
{ "type": "Feature", "properties": { "fid": 4132, "daicho_shubetsu_cd": "FUD25", "layer": "筆ポリゴン（2025年公開）_20260708233407", "fid_2": 6159, "事業年度": 2026, "物件番号": 6617, "GIS物件番号": null, "大字コード": 2041, "大字名": "吉高干拓", "小字コード": 0, "小字名": null, "__EMPTY": "吉高干拓112", "本番": 112, "枝番": "0", "子番": 0, "孫番": false, "付番": false, "所在地番号": "2.04100000112e+28", "農地管理番号": 1, "耕地番号": 26, "所在地名": "吉高干拓112", "マッチングさせるデータ": "吉高干拓112", "空散対象区分1": 2, "空散対象区分2": null, "空散外面積1": 0, "空散外面積2": false, "集計転作面積": 0, "散布面積1": null, "散布面積2": null, "支払者集落": 0, "支払者集落名": null, "支払者コード": 0, "支払者名": null, "支払者住所": null, "支払者電話番号": null, "農地異動適用法": false, "農地異動適用法名": null, "利用集積計画番号": null, "適用法開始年月日": null, "適用法終了年月日": null, "備考": "富井　忠男", "所有者世帯番号": 1925, "所有者個人番号": 3384, "借受者世帯番号": 1925, "借受者個人番号": 3384, "農地予備数字１": null, "農地予備数字２": null, "農地予備数字３": null, "農地予備数字４": null, "農地予備数字５": null, "農地予備文字１": null, "農地予備文字２": null, "農地予備文字３": null, "農地予備文字４": null, "農地予備文字５": null, "手動一致フラグ": null, "計算面積（アール）": 13, "散布班": "18-⑨", "地区名": "2026印西市" }, "geometry": { "type": "Polygon", "coordinates": [ [ [ 140.238530023694125, 35.796595232334504 ], [ 140.239567645095519, 35.796270062247451 ], [ 140.239554046, 35.79623529 ], [ 140.239522867, 35.796160905 ], [ 140.23851274, 35.796469272 ], [ 140.238512811, 35.796483079 ], [ 140.238486021, 35.796500923 ], [ 140.238517693, 35.796568805 ], [ 140.238530023694125, 35.796595232334504 ] ] ] } },
{ "type": "Feature", "properties": { "fid": 4133, "daicho_shubetsu_cd": null, "layer": null, "fid_2": 6160, "事業年度": 2026, "物件番号": 5569, "GIS物件番号": null, "大字コード": 2040, "大字名": "吉高", "小字コード": 23, "小字名": "竹ノ越", "__EMPTY": "吉高1619", "本番": 1619, "枝番": "1", "子番": 0, "孫番": false, "付番": false, "所在地番号": "2.04002301619e+28", "農地管理番号": 1, "耕地番号": 1, "所在地名": "吉高竹ノ越1619-1", "マッチングさせるデータ": "吉高竹ﾉ越1619-1", "空散対象区分1": 2, "空散対象区分2": null, "空散外面積1": 0, "空散外面積2": false, "集計転作面積": 0, "散布面積1": null, "散布面積2": null, "支払者集落": 0, "支払者集落名": null, "支払者コード": 0, "支払者名": null, "支払者住所": null, "支払者電話番号": null, "農地異動適用法": false, "農地異動適用法名": null, "利用集積計画番号": null, "適用法開始年月日": null, "適用法終了年月日": null, "備考": "松本　栄治", "所有者世帯番号": 1930, "所有者個人番号": 18185, "借受者世帯番号": 1930, "借受者個人番号": 18185, "農地予備数字１": null, "農地予備数字２": null, "農地予備数字３": null, "農地予備数字４": null, "農地予備数字５": null, "農地予備文字１": null, "農地予備文字２": null, "農地予備文字３": null, "農地予備文字４": null, "農地予備文字５": null, "手動一致フラグ": null, "計算面積（アール）": 0, "散布班": "18-⑧", "地区名": "2026印西市" }, "geometry": { "type": "Polygon", "coordinates": [ [ [ 140.228765317000011, 35.794071099 ], [ 140.22881962400001, 35.794104005 ], [ 140.228755460582477, 35.794143090713618 ], [ 140.228714787036978, 35.794107297993577 ], [ 140.228722108275178, 35.794074352421731 ], [ 140.228765317000011, 35.794071099 ] ] ] } },
{ "type": "Feature", "properties": { "fid": 4138, "daicho_shubetsu_cd": "FUD25", "layer": "筆ポリゴン（2025年公開）_20260708233407", "fid_2": 6167, "事業年度": 2026, "物件番号": 6350, "GIS物件番号": null, "大字コード": 2040, "大字名": "吉高", "小字コード": 41, "小字名": "中", "__EMPTY": "吉高3403", "本番": 3403, "枝番": "0", "子番": 0, "孫番": false, "付番": false, "所在地番号": "2.04004103403e+28", "農地管理番号": 1, "耕地番号": 8, "所在地名": "吉高中3403", "マッチングさせるデータ": "吉高中3403", "空散対象区分1": 2, "空散対象区分2": null, "空散外面積1": 0, "空散外面積2": false, "集計転作面積": 0, "散布面積1": null, "散布面積2": null, "支払者集落": 0, "支払者集落名": null, "支払者コード": 0, "支払者名": null, "支払者住所": null, "支払者電話番号": null, "農地異動適用法": false, "農地異動適用法名": null, "利用集積計画番号": null, "適用法開始年月日": null, "適用法終了年月日": null, "備考": "松本　栄治", "所有者世帯番号": 1930, "所有者個人番号": 18185, "借受者世帯番号": 1930, "借受者個人番号": 18185, "農地予備数字１": null, "農地予備数字２": null, "農地予備数字３": null, "農地予備数字４": null, "農地予備数字５": null, "農地予備文字１": null, "農地予備文字２": null, "農地予備文字３": null, "農地予備文字４": null, "農地予備文字５": null, "手動一致フラグ": null, "計算面積（アール）": 24, "散布班": "18-⑨", "地区名": "2026印西市" }, "geometry": { "type": "Polygon", "coordinates": [ [ [ 140.232391737354163, 35.796688715181062 ], [ 140.233353546354408, 35.796368004829674 ], [ 140.233261644, 35.796171434 ], [ 140.232250416, 35.796483584 ], [ 140.232218517, 35.796491822 ], [ 140.232279281, 35.796630179 ], [ 140.2323556, 35.796611428 ], [ 140.232391737354163, 35.796688715181062 ] ] ] } },
{ "type": "Feature", "properties": { "fid": 4139, "daicho_shubetsu_cd": "FUD25", "layer": "筆ポリゴン（2025年公開）_20260708233407", "fid_2": 6168, "事業年度": 2026, "物件番号": 6351, "GIS物件番号": null, "大字コード": 2040, "大字名": "吉高", "小字コード": 41, "小字名": "中", "__EMPTY": "吉高3404", "本番": 3404, "枝番": "0", "子番": 0, "孫番": false, "付番": false, "所在地番号": "2.04004103404e+28", "農地管理番号": 1, "耕地番号": 9, "所在地名": "吉高中3404", "マッチングさせるデータ": "吉高中3404", "空散対象区分1": 2, "空散対象区分2": null, "空散外面積1": 204, "空散外面積2": false, "集計転作面積": 0, "散布面積1": null, "散布面積2": null, "支払者集落": 0, "支払者集落名": null, "支払者コード": 0, "支払者名": null, "支払者住所": null, "支払者電話番号": null, "農地異動適用法": false, "農地異動適用法名": null, "利用集積計画番号": null, "適用法開始年月日": null, "適用法終了年月日": null, "備考": "松本　栄治", "所有者世帯番号": 1930, "所有者個人番号": 18185, "借受者世帯番号": 1930, "借受者個人番号": 18185, "農地予備数字１": null, "農地予備数字２": null, "農地予備数字３": null, "農地予備数字４": null, "農地予備数字５": null, "農地予備文字１": null, "農地予備文字２": null, "農地予備文字３": null, "農地予備文字４": null, "農地予備文字５": null, "手動一致フラグ": null, "計算面積（アール）": 20, "散布班": "18-⑨", "地区名": "2026印西市" }, "geometry": { "type": "Polygon", "coordinates": [ [ [ 140.233353546354408, 35.796368004829674 ], [ 140.232391737354163, 35.796688715181062 ], [ 140.232469445, 35.796854909 ], [ 140.233439874999988, 35.796552654 ], [ 140.233353546354408, 35.796368004829674 ] ] ] } },
{ "type": "Feature", "properties": { "fid": 4140, "daicho_shubetsu_cd": "FUD25", "layer": "筆ポリゴン（2025年公開）_20260708233407", "fid_2": 6169, "事業年度": 2026, "物件番号": 6352, "GIS物件番号": null, "大字コード": 2040, "大字名": "吉高", "小字コード": 41, "小字名": "中", "__EMPTY": "吉高3405", "本番": 3405, "枝番": "0", "子番": 0, "孫番": false, "付番": false, "所在地番号": "2.04004103405e+28", "農地管理番号": 1, "耕地番号": 10, "所在地名": "吉高中3405", "マッチングさせるデータ": "吉高中3405", "空散対象区分1": 2, "空散対象区分2": null, "空散外面積1": 0, "空散外面積2": false, "集計転作面積": 0, "散布面積1": null, "散布面積2": null, "支払者集落": 0, "支払者集落名": null, "支払者コード": 0, "支払者名": null, "支払者住所": null, "支払者電話番号": null, "農地異動適用法": false, "農地異動適用法名": null, "利用集積計画番号": null, "適用法開始年月日": null, "適用法終了年月日": null, "備考": "松本　栄治", "所有者世帯番号": 1930, "所有者個人番号": 18185, "借受者世帯番号": 1930, "借受者個人番号": 18185, "農地予備数字１": null, "農地予備数字２": null, "農地予備数字３": null, "農地予備数字４": null, "農地予備数字５": null, "農地予備文字１": null, "農地予備文字２": null, "農地予備文字３": null, "農地予備文字４": null, "農地予備文字５": null, "手動一致フラグ": null, "計算面積（アール）": 30, "散布班": "18-⑨", "地区名": "2026印西市" }, "geometry": { "type": "Polygon", "coordinates": [ [ [ 140.233556419, 35.796808597 ], [ 140.233439874999988, 35.796552654 ], [ 140.232469445, 35.796854909 ], [ 140.232426011, 35.796868437 ], [ 140.23239167, 35.796880102 ], [ 140.232511055, 35.797129671 ], [ 140.233556419, 35.796808597 ] ] ] } },
{ "type": "Feature", "properties": { "fid": 4141, "daicho_shubetsu_cd": "FUD25", "layer": "筆ポリゴン（2025年公開）_20260708233407", "fid_2": 6170, "事業年度": 2026, "物件番号": 6353, "GIS物件番号": null, "大字コード": 2040, "大字名": "吉高", "小字コード": 41, "小字名": "中", "__EMPTY": "吉高3406", "本番": 3406, "枝番": "0", "子番": 0, "孫番": false, "付番": false, "所在地番号": "2.04004103406e+28", "農地管理番号": 1, "耕地番号": 11, "所在地名": "吉高中3406", "マッチングさせるデータ": "吉高中3406", "空散対象区分1": 2, "空散対象区分2": null, "空散外面積1": 0, "空散外面積2": false, "集計転作面積": 0, "散布面積1": null, "散布面積2": null, "支払者集落": 0, "支払者集落名": null, "支払者コード": 0, "支払者名": null, "支払者住所": null, "支払者電話番号": null, "農地異動適用法": false, "農地異動適用法名": null, "利用集積計画番号": null, "適用法開始年月日": null, "適用法終了年月日": null, "備考": "松本　栄治", "所有者世帯番号": 1930, "所有者個人番号": 18185, "借受者世帯番号": 1930, "借受者個人番号": 18185, "農地予備数字１": null, "農地予備数字２": null, "農地予備数字３": null, "農地予備数字４": null, "農地予備数字５": null, "農地予備文字１": null, "農地予備文字２": null, "農地予備文字３": null, "農地予備文字４": null, "農地予備文字５": null, "手動一致フラグ": null, "計算面積（アール）": 3, "散布班": "18-⑨", "地区名": "2026印西市" }, "geometry": { "type": "Polygon", "coordinates": [ [ [ 140.233044773062318, 35.796965744374305 ], [ 140.233599170525736, 35.796899216678696 ], [ 140.233556419, 35.796808597 ], [ 140.233044773062318, 35.796965744374305 ] ] ] } },
{ "type": "Feature", "properties": { "fid": 4142, "daicho_shubetsu_cd": "FUD25", "layer": "筆ポリゴン（2025年公開）_20260708233407", "fid_2": 6171, "事業年度": 2026, "物件番号": 6356, "GIS物件番号": null, "大字コード": 2040, "大字名": "吉高", "小字コード": 41, "小字名": "中", "__EMPTY": "吉高3412", "本番": 3412, "枝番": "0", "子番": 0, "孫番": false, "付番": false, "所在地番号": "2.04004103412e+28", "農地管理番号": 1, "耕地番号": 12, "所在地名": "吉高中3412", "マッチングさせるデータ": "吉高中3412", "空散対象区分1": 2, "空散対象区分2": null, "空散外面積1": 0, "空散外面積2": false, "集計転作面積": 0, "散布面積1": null, "散布面積2": null, "支払者集落": 0, "支払者集落名": null, "支払者コード": 0, "支払者名": null, "支払者住所": null, "支払者電話番号": null, "農地異動適用法": false, "農地異動適用法名": null, "利用集積計画番号": null, "適用法開始年月日": null, "適用法終了年月日": null, "備考": "松本　栄治", "所有者世帯番号": 1930, "所有者個人番号": 18185, "借受者世帯番号": 1930, "借受者個人番号": 18185, "農地予備数字１": null, "農地予備数字２": null, "農地予備数字３": null, "農地予備数字４": null, "農地予備数字５": null, "農地予備文字１": null, "農地予備文字２": null, "農地予備文字３": null, "農地予備文字４": null, "農地予備文字５": null, "手動一致フラグ": null, "計算面積（アール）": 6, "散布班": "18-⑨", "地区名": "2026印西市" }, "geometry": { "type": "Polygon", "coordinates": [ [ [ 140.232134156891192, 35.79734546596373 ], [ 140.231710587440688, 35.797488803154202 ], [ 140.231762769999989, 35.797632058 ], [ 140.232105560481443, 35.797527257425713 ], [ 140.232134156891192, 35.79734546596373 ] ] ] } },
{ "type": "Feature", "properties": { "fid": 4143, "daicho_shubetsu_cd": "FUD25", "layer": "筆ポリゴン（2025年公開）_20260708233407", "fid_2": 6172, "事業年度": 2026, "物件番号": 6357, "GIS物件番号": null, "大字コード": 2040, "大字名": "吉高", "小字コード": 41, "小字名": "中", "__EMPTY": "吉高3413", "本番": 3413, "枝番": "0", "子番": 0, "孫番": false, "付番": false, "所在地番号": "2.04004103413e+28", "農地管理番号": 1, "耕地番号": 13, "所在地名": "吉高中3413", "マッチングさせるデータ": "吉高中3413", "空散対象区分1": 2, "空散対象区分2": null, "空散外面積1": 0, "空散外面積2": false, "集計転作面積": 0, "散布面積1": null, "散布面積2": null, "支払者集落": 0, "支払者集落名": null, "支払者コード": 0, "支払者名": null, "支払者住所": null, "支払者電話番号": null, "農地異動適用法": false, "農地異動適用法名": null, "利用集積計画番号": null, "適用法開始年月日": null, "適用法終了年月日": null, "備考": "松本　栄治", "所有者世帯番号": 1930, "所有者個人番号": 18185, "借受者世帯番号": 1930, "借受者個人番号": 18185, "農地予備数字１": null, "農地予備数字２": null, "農地予備数字３": null, "農地予備数字４": null, "農地予備数字５": null, "農地予備文字１": null, "農地予備文字２": null, "農地予備文字３": null, "農地予備文字４": null, "農地予備文字５": null, "手動一致フラグ": null, "計算面積（アール）": 10, "散布班": "18-⑨", "地区名": "2026印西市" }, "geometry": { "type": "Polygon", "coordinates": [ [ [ 140.231710587440688, 35.797488803154202 ], [ 140.232134156891192, 35.79734546596373 ], [ 140.232167034646068, 35.797136457379146 ], [ 140.23164159800001, 35.797299409 ], [ 140.231710587440688, 35.797488803154202 ] ] ] } },
{ "type": "Feature", "properties": { "fid": 4144, "daicho_shubetsu_cd": "FUD25", "layer": "筆ポリゴン（2025年公開）_20260708233407", "fid_2": 6173, "事業年度": 2026, "物件番号": 6544, "GIS物件番号": null, "大字コード": 2041, "大字名": "吉高干拓", "小字コード": 0, "小字名": null, "__EMPTY": "吉高干拓15", "本番": 15, "枝番": "0", "子番": 0, "孫番": false, "付番": false, "所在地番号": "2.04100000015e+28", "農地管理番号": 1, "耕地番号": 14, "所在地名": "吉高干拓15", "マッチングさせるデータ": "吉高干拓15", "空散対象区分1": 2, "空散対象区分2": null, "空散外面積1": 0, "空散外面積2": false, "集計転作面積": 0, "散布面積1": null, "散布面積2": null, "支払者集落": 0, "支払者集落名": null, "支払者コード": 0, "支払者名": null, "支払者住所": null, "支払者電話番号": null, "農地異動適用法": false, "農地異動適用法名": null, "利用集積計画番号": null, "適用法開始年月日": null, "適用法終了年月日": null, "備考": "松本　栄治", "所有者世帯番号": 1930, "所有者個人番号": 18185, "借受者世帯番号": 1930, "借受者個人番号": 18185, "農地予備数字１": null, "農地予備数字２": null, "農地予備数字３": null, "農地予備数字４": null, "農地予備数字５": null, "農地予備文字１": null, "農地予備文字２": null, "農地予備文字３": null, "農地予備文字４": null, "農地予備文字５": null, "手動一致フラグ": null, "計算面積（アール）": 7, "散布班": "18-⑨", "地区名": "2026印西市" }, "geometry": { "type": "Polygon", "coordinates": [ [ [ 140.232485702425407, 35.797226501885618 ], [ 140.232134156891192, 35.79734546596373 ], [ 140.232105560481443, 35.797527257425713 ], [ 140.232533870999987, 35.797396311 ], [ 140.232541950000012, 35.797353012 ], [ 140.232485702425407, 35.797226501885618 ] ] ] } },
{ "type": "Feature", "properties": { "fid": 4145, "daicho_shubetsu_cd": "FUD25", "layer": "筆ポリゴン（2025年公開）_20260708233407", "fid_2": 6174, "事業年度": 2026, "物件番号": 6545, "GIS物件番号": null, "大字コード": 2041, "大字名": "吉高干拓", "小字コード": 0, "小字名": null, "__EMPTY": "吉高干拓16", "本番": 16, "枝番": "0", "子番": 0, "孫番": false, "付番": false, "所在地番号": "2.04100000016e+28", "農地管理番号": 1, "耕地番号": 15, "所在地名": "吉高干拓16", "マッチングさせるデータ": "吉高干拓16", "空散対象区分1": 2, "空散対象区分2": null, "空散外面積1": 0, "空散外面積2": false, "集計転作面積": 0, "散布面積1": null, "散布面積2": null, "支払者集落": 0, "支払者集落名": null, "支払者コード": 0, "支払者名": null, "支払者住所": null, "支払者電話番号": null, "農地異動適用法": false, "農地異動適用法名": null, "利用集積計画番号": null, "適用法開始年月日": null, "適用法終了年月日": null, "備考": "松本　栄治", "所有者世帯番号": 1930, "所有者個人番号": 18185, "借受者世帯番号": 1930, "借受者個人番号": 18185, "農地予備数字１": null, "農地予備数字２": null, "農地予備数字３": null, "農地予備数字４": null, "農地予備数字５": null, "農地予備文字１": null, "農地予備文字２": null, "農地予備文字３": null, "農地予備文字４": null, "農地予備文字５": null, "手動一致フラグ": null, "計算面積（アール）": 6, "散布班": "18-⑨", "地区名": "2026印西市" }, "geometry": { "type": "Polygon", "coordinates": [ [ [ 140.232134156891192, 35.79734546596373 ], [ 140.232485702425407, 35.797226501885618 ], [ 140.232411904, 35.797060517 ], [ 140.232167034646068, 35.797136457379146 ], [ 140.232134156891192, 35.79734546596373 ] ] ] } },
{ "type": "Feature", "properties": { "fid": 4146, "daicho_shubetsu_cd": "FUD25", "layer": "筆ポリゴン（2025年公開）_20260708233407", "fid_2": 6175, "事業年度": 2026, "物件番号": 6546, "GIS物件番号": null, "大字コード": 2041, "大字名": "吉高干拓", "小字コード": 0, "小字名": null, "__EMPTY": "吉高干拓22", "本番": 22, "枝番": "0", "子番": 0, "孫番": false, "付番": false, "所在地番号": "2.04100000022e+28", "農地管理番号": 1, "耕地番号": 16, "所在地名": "吉高干拓22", "マッチングさせるデータ": "吉高干拓22", "空散対象区分1": 2, "空散対象区分2": null, "空散外面積1": 0, "空散外面積2": false, "集計転作面積": 0, "散布面積1": null, "散布面積2": null, "支払者集落": 0, "支払者集落名": null, "支払者コード": 0, "支払者名": null, "支払者住所": null, "支払者電話番号": null, "農地異動適用法": false, "農地異動適用法名": null, "利用集積計画番号": null, "適用法開始年月日": null, "適用法終了年月日": null, "備考": "松本　栄治", "所有者世帯番号": 1930, "所有者個人番号": 18185, "借受者世帯番号": 1930, "借受者個人番号": 18185, "農地予備数字１": null, "農地予備数字２": null, "農地予備数字３": null, "農地予備数字４": null, "農地予備数字５": null, "農地予備文字１": null, "農地予備文字２": null, "農地予備文字３": null, "農地予備文字４": null, "農地予備文字５": null, "手動一致フラグ": null, "計算面積（アール）": 8, "散布班": "18-⑨", "地区名": "2026印西市" }, "geometry": { "type": "Polygon", "coordinates": [ [ [ 140.232554507204497, 35.797220506327612 ], [ 140.233599170525736, 35.796899216678696 ], [ 140.233044773062318, 35.796965744374305 ], [ 140.232511055, 35.797129671 ], [ 140.232554507204497, 35.797220506327612 ] ] ] } },
{ "type": "Feature", "properties": { "fid": 4147, "daicho_shubetsu_cd": "FUD25", "layer": "筆ポリゴン（2025年公開）_20260708233407", "fid_2": 6176, "事業年度": 2026, "物件番号": 6547, "GIS物件番号": null, "大字コード": 2041, "大字名": "吉高干拓", "小字コード": 0, "小字名": null, "__EMPTY": "吉高干拓23", "本番": 23, "枝番": "0", "子番": 0, "孫番": false, "付番": false, "所在地番号": "2.04100000023e+28", "農地管理番号": 1, "耕地番号": 17, "所在地名": "吉高干拓23", "マッチングさせるデータ": "吉高干拓23", "空散対象区分1": 2, "空散対象区分2": null, "空散外面積1": 0, "空散外面積2": false, "集計転作面積": 0, "散布面積1": null, "散布面積2": null, "支払者集落": 0, "支払者集落名": null, "支払者コード": 0, "支払者名": null, "支払者住所": null, "支払者電話番号": null, "農地異動適用法": false, "農地異動適用法名": null, "利用集積計画番号": null, "適用法開始年月日": null, "適用法終了年月日": null, "備考": "松本　栄治", "所有者世帯番号": 1930, "所有者個人番号": 18185, "借受者世帯番号": 1930, "借受者個人番号": 18185, "農地予備数字１": null, "農地予備数字２": null, "農地予備数字３": null, "農地予備数字４": null, "農地予備数字５": null, "農地予備文字１": null, "農地予備文字２": null, "農地予備文字３": null, "農地予備文字４": null, "農地予備文字５": null, "手動一致フラグ": null, "計算面積（アール）": 20, "散布班": "18-⑨", "地区名": "2026印西市" }, "geometry": { "type": "Polygon", "coordinates": [ [ [ 140.233599170525736, 35.796899216678696 ], [ 140.232554507204497, 35.797220506327612 ], [ 140.232633975, 35.797386631 ], [ 140.233674998999987, 35.797059949 ], [ 140.233599170525736, 35.796899216678696 ] ] ] } },
{ "type": "Feature", "properties": { "fid": 4148, "daicho_shubetsu_cd": "FUD25", "layer": "筆ポリゴン（2025年公開）_20260708233456", "fid_2": 6177, "事業年度": 2026, "物件番号": 6646, "GIS物件番号": null, "大字コード": 2041, "大字名": "吉高干拓", "小字コード": 0, "小字名": null, "__EMPTY": "吉高干拓157", "本番": 157, "枝番": "0", "子番": 0, "孫番": false, "付番": false, "所在地番号": "2.04100000157e+28", "農地管理番号": 1, "耕地番号": 18, "所在地名": "吉高干拓157", "マッチングさせるデータ": "吉高干拓157", "空散対象区分1": 2, "空散対象区分2": null, "空散外面積1": 0, "空散外面積2": false, "集計転作面積": 0, "散布面積1": null, "散布面積2": null, "支払者集落": 0, "支払者集落名": null, "支払者コード": 0, "支払者名": null, "支払者住所": null, "支払者電話番号": null, "農地異動適用法": false, "農地異動適用法名": null, "利用集積計画番号": null, "適用法開始年月日": null, "適用法終了年月日": null, "備考": "松本　栄治", "所有者世帯番号": 1930, "所有者個人番号": 18185, "借受者世帯番号": 1930, "借受者個人番号": 18185, "農地予備数字１": null, "農地予備数字２": null, "農地予備数字３": null, "農地予備数字４": null, "農地予備数字５": null, "農地予備文字１": null, "農地予備文字２": null, "農地予備文字３": null, "農地予備文字４": null, "農地予備文字５": null, "手動一致フラグ": null, "計算面積（アール）": 28, "散布班": "18-⑨", "地区名": "2026印西市" }, "geometry": { "type": "Polygon", "coordinates": [ [ [ 140.242991751, 35.795428248 ], [ 140.241913652, 35.796044375 ], [ 140.242035531999989, 35.796228139 ], [ 140.243148029999986, 35.795603702 ], [ 140.242991751, 35.795428248 ] ] ] } },
{ "type": "Feature", "properties": { "fid": 4153, "daicho_shubetsu_cd": "FUD25", "layer": "筆ポリゴン（2025年公開）_20260708233456", "fid_2": 6185, "事業年度": 2026, "物件番号": 6324, "GIS物件番号": null, "大字コード": 2040, "大字名": "吉高", "小字コード": 41, "小字名": "中", "__EMPTY": "吉高3371", "本番": 3371, "枝番": "0", "子番": 0, "孫番": false, "付番": false, "所在地番号": "2.04004103371e+28", "農地管理番号": 1, "耕地番号": 11, "所在地名": "吉高中3371", "マッチングさせるデータ": "吉高中3371", "空散対象区分1": 2, "空散対象区分2": null, "空散外面積1": 0, "空散外面積2": false, "集計転作面積": 0, "散布面積1": null, "散布面積2": null, "支払者集落": 0, "支払者集落名": null, "支払者コード": 0, "支払者名": null, "支払者住所": null, "支払者電話番号": null, "農地異動適用法": false, "農地異動適用法名": null, "利用集積計画番号": null, "適用法開始年月日": null, "適用法終了年月日": null, "備考": "松本　徹弘", "所有者世帯番号": 1931, "所有者個人番号": 3486, "借受者世帯番号": 1931, "借受者個人番号": 3486, "農地予備数字１": null, "農地予備数字２": null, "農地予備数字３": null, "農地予備数字４": null, "農地予備数字５": null, "農地予備文字１": null, "農地予備文字２": null, "農地予備文字３": null, "農地予備文字４": null, "農地予備文字５": null, "手動一致フラグ": null, "計算面積（アール）": 16, "散布班": "18-⑨", "地区名": "2026印西市" }, "geometry": { "type": "Polygon", "coordinates": [ [ [ 140.235341385999988, 35.795237241 ], [ 140.234275552000014, 35.795549975 ], [ 140.234351292000014, 35.795679375 ], [ 140.235401262000011, 35.795363199 ], [ 140.235341385999988, 35.795237241 ] ] ] } },
{ "type": "Feature", "properties": { "fid": 4154, "daicho_shubetsu_cd": "FUD25", "layer": "筆ポリゴン（2025年公開）_20260708233456", "fid_2": 6186, "事業年度": 2026, "物件番号": 6325, "GIS物件番号": null, "大字コード": 2040, "大字名": "吉高", "小字コード": 41, "小字名": "中", "__EMPTY": "吉高3372", "本番": 3372, "枝番": "0", "子番": 0, "孫番": false, "付番": false, "所在地番号": "2.04004103372e+28", "農地管理番号": 1, "耕地番号": 12, "所在地名": "吉高中3372", "マッチングさせるデータ": "吉高中3372", "空散対象区分1": 2, "空散対象区分2": null, "空散外面積1": 0, "空散外面積2": false, "集計転作面積": 0, "散布面積1": null, "散布面積2": null, "支払者集落": 0, "支払者集落名": null, "支払者コード": 0, "支払者名": null, "支払者住所": null, "支払者電話番号": null, "農地異動適用法": false, "農地異動適用法名": null, "利用集積計画番号": null, "適用法開始年月日": null, "適用法終了年月日": null, "備考": "松本　徹弘", "所有者世帯番号": 1931, "所有者個人番号": 3486, "借受者世帯番号": 1931, "借受者個人番号": 3486, "農地予備数字１": null, "農地予備数字２": null, "農地予備数字３": null, "農地予備数字４": null, "農地予備数字５": null, "農地予備文字１": null, "農地予備文字２": null, "農地予備文字３": null, "農地予備文字４": null, "農地予備文字５": null, "手動一致フラグ": null, "計算面積（アール）": 30, "散布班": "18-⑨", "地区名": "2026印西市" }, "geometry": { "type": "Polygon", "coordinates": [ [ [ 140.235401262000011, 35.795363199 ], [ 140.234351292000014, 35.795679375 ], [ 140.234470657, 35.795935367 ], [ 140.23551499300001, 35.795604879 ], [ 140.235401262000011, 35.795363199 ] ] ] } },
{ "type": "Feature", "properties": { "fid": 4155, "daicho_shubetsu_cd": "FUD25", "layer": "筆ポリゴン（2025年公開）_20260708233456", "fid_2": 6187, "事業年度": 2026, "物件番号": 6326, "GIS物件番号": null, "大字コード": 2040, "大字名": "吉高", "小字コード": 41, "小字名": "中", "__EMPTY": "吉高3373", "本番": 3373, "枝番": "0", "子番": 0, "孫番": false, "付番": false, "所在地番号": "2.04004103373e+28", "農地管理番号": 1, "耕地番号": 13, "所在地名": "吉高中3373", "マッチングさせるデータ": "吉高中3373", "空散対象区分1": 2, "空散対象区分2": null, "空散外面積1": 0, "空散外面積2": false, "集計転作面積": 0, "散布面積1": null, "散布面積2": null, "支払者集落": 0, "支払者集落名": null, "支払者コード": 0, "支払者名": null, "支払者住所": null, "支払者電話番号": null, "農地異動適用法": false, "農地異動適用法名": null, "利用集積計画番号": null, "適用法開始年月日": null, "適用法終了年月日": null, "備考": "松本　徹弘", "所有者世帯番号": 1931, "所有者個人番号": 3486, "借受者世帯番号": 1931, "借受者個人番号": 3486, "農地予備数字１": null, "農地予備数字２": null, "農地予備数字３": null, "農地予備数字４": null, "農地予備数字５": null, "農地予備文字１": null, "農地予備文字２": null, "農地予備文字３": null, "農地予備文字４": null, "農地予備文字５": null, "手動一致フラグ": null, "計算面積（アール）": 30, "散布班": "18-⑨", "地区名": "2026印西市" }, "geometry": { "type": "Polygon", "coordinates": [ [ [ 140.23551499300001, 35.795604879 ], [ 140.234470657, 35.795935367 ], [ 140.234584889, 35.79618035 ], [ 140.235636102, 35.79585786 ], [ 140.23551499300001, 35.795604879 ] ] ] } },
{ "type": "Feature", "properties": { "fid": 4156, "daicho_shubetsu_cd": "FUD25", "layer": "筆ポリゴン（2025年公開）_20260708233456", "fid_2": 6188, "事業年度": 2026, "物件番号": 6327, "GIS物件番号": null, "大字コード": 2040, "大字名": "吉高", "小字コード": 41, "小字名": "中", "__EMPTY": "吉高3374", "本番": 3374, "枝番": "0", "子番": 0, "孫番": false, "付番": false, "所在地番号": "2.04004103374e+28", "農地管理番号": 1, "耕地番号": 14, "所在地名": "吉高中3374", "マッチングさせるデータ": "吉高中3374", "空散対象区分1": 2, "空散対象区分2": null, "空散外面積1": 0, "空散外面積2": false, "集計転作面積": 0, "散布面積1": null, "散布面積2": null, "支払者集落": 0, "支払者集落名": null, "支払者コード": 0, "支払者名": null, "支払者住所": null, "支払者電話番号": null, "農地異動適用法": false, "農地異動適用法名": null, "利用集積計画番号": null, "適用法開始年月日": null, "適用法終了年月日": null, "備考": "松本　徹弘", "所有者世帯番号": 1931, "所有者個人番号": 3486, "借受者世帯番号": 1931, "借受者個人番号": 3486, "農地予備数字１": null, "農地予備数字２": null, "農地予備数字３": null, "農地予備数字４": null, "農地予備数字５": null, "農地予備文字１": null, "農地予備文字２": null, "農地予備文字３": null, "農地予備文字４": null, "農地予備文字５": null, "手動一致フラグ": null, "計算面積（アール）": 31, "散布班": "18-⑨", "地区名": "2026印西市" }, "geometry": { "type": "Polygon", "coordinates": [ [ [ 140.235636102, 35.79585786 ], [ 140.234584889, 35.79618035 ], [ 140.234705805, 35.796439665 ], [ 140.235758998, 35.796120673 ], [ 140.235636102, 35.79585786 ] ] ] } },
{ "type": "Feature", "properties": { "fid": 4157, "daicho_shubetsu_cd": "FUD25", "layer": "筆ポリゴン（2025年公開）_20260708233456", "fid_2": 6189, "事業年度": 2026, "物件番号": 6328, "GIS物件番号": null, "大字コード": 2040, "大字名": "吉高", "小字コード": 41, "小字名": "中", "__EMPTY": "吉高3375", "本番": 3375, "枝番": "0", "子番": 0, "孫番": false, "付番": false, "所在地番号": "2.04004103375e+28", "農地管理番号": 1, "耕地番号": 15, "所在地名": "吉高中3375", "マッチングさせるデータ": "吉高中3375", "空散対象区分1": 2, "空散対象区分2": null, "空散外面積1": 0, "空散外面積2": false, "集計転作面積": 0, "散布面積1": null, "散布面積2": null, "支払者集落": 0, "支払者集落名": null, "支払者コード": 0, "支払者名": null, "支払者住所": null, "支払者電話番号": null, "農地異動適用法": false, "農地異動適用法名": null, "利用集積計画番号": null, "適用法開始年月日": null, "適用法終了年月日": null, "備考": "松本　徹弘", "所有者世帯番号": 1931, "所有者個人番号": 3486, "借受者世帯番号": 1931, "借受者個人番号": 3486, "農地予備数字１": null, "農地予備数字２": null, "農地予備数字３": null, "農地予備数字４": null, "農地予備数字５": null, "農地予備文字１": null, "農地予備文字２": null, "農地予備文字３": null, "農地予備文字４": null, "農地予備文字５": null, "手動一致フラグ": null, "計算面積（アール）": 41, "散布班": "18-⑨", "地区名": "2026印西市" }, "geometry": { "type": "Polygon", "coordinates": [ [ [ 140.235758998, 35.796120673 ], [ 140.234705805, 35.796439665 ], [ 140.234869976, 35.796791743 ], [ 140.235912541, 35.796456195 ], [ 140.235758998, 35.796120673 ] ] ] } },
{ "type": "Feature", "properties": { "fid": 4158, "daicho_shubetsu_cd": "FUD25", "layer": "筆ポリゴン（2025年公開）_20260708233407", "fid_2": 6190, "事業年度": 2026, "物件番号": 6329, "GIS物件番号": null, "大字コード": 2040, "大字名": "吉高", "小字コード": 41, "小字名": "中", "__EMPTY": "吉高3376", "本番": 3376, "枝番": "0", "子番": 0, "孫番": false, "付番": false, "所在地番号": "2.04004103376e+28", "農地管理番号": 1, "耕地番号": 16, "所在地名": "吉高中3376", "マッチングさせるデータ": "吉高中3376", "空散対象区分1": 2, "空散対象区分2": null, "空散外面積1": 0, "空散外面積2": false, "集計転作面積": 0, "散布面積1": null, "散布面積2": null, "支払者集落": 0, "支払者集落名": null, "支払者コード": 0, "支払者名": null, "支払者住所": null, "支払者電話番号": null, "農地異動適用法": false, "農地異動適用法名": null, "利用集積計画番号": null, "適用法開始年月日": null, "適用法終了年月日": null, "備考": "松本　徹弘", "所有者世帯番号": 1931, "所有者個人番号": 3486, "借受者世帯番号": 1931, "借受者個人番号": 3486, "農地予備数字１": null, "農地予備数字２": null, "農地予備数字３": null, "農地予備数字４": null, "農地予備数字５": null, "農地予備文字１": null, "農地予備文字２": null, "農地予備文字３": null, "農地予備文字４": null, "農地予備文字５": null, "手動一致フラグ": null, "計算面積（アール）": 5, "散布班": "18-⑨", "地区名": "2026印西市" }, "geometry": { "type": "Polygon", "coordinates": [ [ [ 140.2348872550171, 35.79682963094448 ], [ 140.235931944504074, 35.796497313199069 ], [ 140.235912541, 35.796456195 ], [ 140.234869976, 35.796791743 ], [ 140.2348872550171, 35.79682963094448 ] ] ] } },
{ "type": "Feature", "properties": { "fid": 4159, "daicho_shubetsu_cd": "FUD25", "layer": "筆ポリゴン（2025年公開）_20260708233456", "fid_2": 6191, "事業年度": 2026, "物件番号": 6424, "GIS物件番号": null, "大字コード": 2040, "大字名": "吉高", "小字コード": 42, "小字名": "西", "__EMPTY": "吉高3451", "本番": 3451, "枝番": "0", "子番": 0, "孫番": false, "付番": false, "所在地番号": "2.04004203451e+28", "農地管理番号": 1, "耕地番号": 17, "所在地名": "吉高西3451", "マッチングさせるデータ": "吉高西3451", "空散対象区分1": 2, "空散対象区分2": null, "空散外面積1": 0, "空散外面積2": false, "集計転作面積": 0, "散布面積1": null, "散布面積2": null, "支払者集落": 0, "支払者集落名": null, "支払者コード": 0, "支払者名": null, "支払者住所": null, "支払者電話番号": null, "農地異動適用法": false, "農地異動適用法名": null, "利用集積計画番号": null, "適用法開始年月日": null, "適用法終了年月日": null, "備考": "松本　徹弘", "所有者世帯番号": 1931, "所有者個人番号": 3486, "借受者世帯番号": 1931, "借受者個人番号": 3486, "農地予備数字１": null, "農地予備数字２": null, "農地予備数字３": null, "農地予備数字４": null, "農地予備数字５": null, "農地予備文字１": null, "農地予備文字２": null, "農地予備文字３": null, "農地予備文字４": null, "農地予備文字５": null, "手動一致フラグ": null, "計算面積（アール）": 41, "散布班": "18-⑦", "地区名": "2026印西市" }, "geometry": { "type": "Polygon", "coordinates": [ [ [ 140.228263451459867, 35.796411012975184 ], [ 140.229315703792082, 35.796086653639769 ], [ 140.229200077, 35.795844074 ], [ 140.229164987, 35.79584419 ], [ 140.228061918, 35.795980361 ], [ 140.228062021, 35.796001152 ], [ 140.228263451459867, 35.796411012975184 ] ] ] } },
{ "type": "Feature", "properties": { "fid": 4160, "daicho_shubetsu_cd": "FUD25", "layer": "筆ポリゴン（2025年公開）_20260708233456", "fid_2": 6192, "事業年度": 2026, "物件番号": 6425, "GIS物件番号": null, "大字コード": 2040, "大字名": "吉高", "小字コード": 42, "小字名": "西", "__EMPTY": "吉高3452", "本番": 3452, "枝番": "0", "子番": 0, "孫番": false, "付番": false, "所在地番号": "2.04004203452e+28", "農地管理番号": 1, "耕地番号": 18, "所在地名": "吉高西3452", "マッチングさせるデータ": "吉高西3452", "空散対象区分1": 2, "空散対象区分2": null, "空散外面積1": 0, "空散外面積2": false, "集計転作面積": 0, "散布面積1": null, "散布面積2": null, "支払者集落": 0, "支払者集落名": null, "支払者コード": 0, "支払者名": null, "支払者住所": null, "支払者電話番号": null, "農地異動適用法": false, "農地異動適用法名": null, "利用集積計画番号": null, "適用法開始年月日": null, "適用法終了年月日": null, "備考": "松本　徹弘", "所有者世帯番号": 1931, "所有者個人番号": 3486, "借受者世帯番号": 1931, "借受者個人番号": 3486, "農地予備数字１": null, "農地予備数字２": null, "農地予備数字３": null, "農地予備数字４": null, "農地予備数字５": null, "農地予備文字１": null, "農地予備文字２": null, "農地予備文字３": null, "農地予備文字４": null, "農地予備文字５": null, "手動一致フラグ": null, "計算面積（アール）": 8, "散布班": "18-⑦", "地区名": "2026印西市" }, "geometry": { "type": "Polygon", "coordinates": [ [ [ 140.229315703792082, 35.796086653639769 ], [ 140.228263451459867, 35.796411012975184 ], [ 140.228300483999988, 35.796486365 ], [ 140.229345891, 35.796149985 ], [ 140.229315703792082, 35.796086653639769 ] ] ] } },
{ "type": "Feature", "properties": { "fid": 4161, "daicho_shubetsu_cd": "FUD25", "layer": "筆ポリゴン（2025年公開）_20260708233456", "fid_2": 6193, "事業年度": 2026, "物件番号": 6659, "GIS物件番号": null, "大字コード": 2041, "大字名": "吉高干拓", "小字コード": 0, "小字名": null, "__EMPTY": "吉高干拓171", "本番": 171, "枝番": "0", "子番": 0, "孫番": false, "付番": false, "所在地番号": "2.04100000171e+28", "農地管理番号": 1, "耕地番号": 19, "所在地名": "吉高干拓171", "マッチングさせるデータ": "吉高干拓171", "空散対象区分1": 2, "空散対象区分2": null, "空散外面積1": 0, "空散外面積2": false, "集計転作面積": 0, "散布面積1": null, "散布面積2": null, "支払者集落": 0, "支払者集落名": null, "支払者コード": 0, "支払者名": null, "支払者住所": null, "支払者電話番号": null, "農地異動適用法": false, "農地異動適用法名": null, "利用集積計画番号": null, "適用法開始年月日": null, "適用法終了年月日": null, "備考": "松本　徹弘", "所有者世帯番号": 1931, "所有者個人番号": 3486, "借受者世帯番号": 1931, "借受者個人番号": 3486, "農地予備数字１": null, "農地予備数字２": null, "農地予備数字３": null, "農地予備数字４": null, "農地予備数字５": null, "農地予備文字１": null, "農地予備文字２": null, "農地予備文字３": null, "農地予備文字４": null, "農地予備文字５": null, "手動一致フラグ": null, "計算面積（アール）": 29, "散布班": "18-⑨", "地区名": "2026印西市" }, "geometry": { "type": "Polygon", "coordinates": [ [ [ 140.243915036, 35.794850969 ], [ 140.24301198, 35.795362656 ], [ 140.243197984, 35.795582264 ], [ 140.244101906, 35.795068648 ], [ 140.243915036, 35.794850969 ] ] ] } },
{ "type": "Feature", "properties": { "fid": 4163, "daicho_shubetsu_cd": "FUD25", "layer": "筆ポリゴン（2025年公開）_20260708233407", "fid_2": 6195, "事業年度": 2026, "物件番号": 6528, "GIS物件番号": null, "大字コード": 2040, "大字名": "吉高", "小字コード": 42, "小字名": "西", "__EMPTY": "吉高3559", "本番": 3559, "枝番": "0", "子番": 0, "孫番": false, "付番": false, "所在地番号": "2.04004203559e+28", "農地管理番号": 1, "耕地番号": 2, "所在地名": "吉高西3559", "マッチングさせるデータ": "吉高西3559", "空散対象区分1": 2, "空散対象区分2": null, "空散外面積1": 0, "空散外面積2": false, "集計転作面積": 0, "散布面積1": null, "散布面積2": null, "支払者集落": 0, "支払者集落名": null, "支払者コード": 0, "支払者名": null, "支払者住所": null, "支払者電話番号": null, "農地異動適用法": false, "農地異動適用法名": null, "利用集積計画番号": null, "適用法開始年月日": null, "適用法終了年月日": null, "備考": "赤荻　隆生", "所有者世帯番号": 1936, "所有者個人番号": 2848, "借受者世帯番号": 1936, "借受者個人番号": 2848, "農地予備数字１": null, "農地予備数字２": null, "農地予備数字３": null, "農地予備数字４": null, "農地予備数字５": null, "農地予備文字１": null, "農地予備文字２": null, "農地予備文字３": null, "農地予備文字４": null, "農地予備文字５": null, "手動一致フラグ": null, "計算面積（アール）": 20, "散布班": "18-⑦", "地区名": "2026印西市" }, "geometry": { "type": "Polygon", "coordinates": [ [ [ 140.223891259, 35.797824393 ], [ 140.224917874, 35.797495917 ], [ 140.224836661000012, 35.797324581 ], [ 140.223810036, 35.797650799 ], [ 140.223891259, 35.797824393 ] ] ] } },
{ "type": "Feature", "properties": { "fid": 4164, "daicho_shubetsu_cd": "FUD25", "layer": "筆ポリゴン（2025年公開）_20260708233407", "fid_2": 6196, "事業年度": 2026, "物件番号": 6354, "GIS物件番号": null, "大字コード": 2040, "大字名": "吉高", "小字コード": 41, "小字名": "中", "__EMPTY": "吉高3410", "本番": 3410, "枝番": "0", "子番": 0, "孫番": false, "付番": false, "所在地番号": "2.0400410341e+28", "農地管理番号": 1, "耕地番号": 47, "所在地名": "吉高中3410", "マッチングさせるデータ": "吉高中3410", "空散対象区分1": 2, "空散対象区分2": null, "空散外面積1": 0, "空散外面積2": false, "集計転作面積": 0, "散布面積1": null, "散布面積2": null, "支払者集落": 0, "支払者集落名": null, "支払者コード": 0, "支払者名": null, "支払者住所": null, "支払者電話番号": null, "農地異動適用法": false, "農地異動適用法名": null, "利用集積計画番号": null, "適用法開始年月日": null, "適用法終了年月日": null, "備考": "松本　康雄", "所有者世帯番号": 1978, "所有者個人番号": 3512, "借受者世帯番号": 1978, "借受者個人番号": 3512, "農地予備数字１": null, "農地予備数字２": null, "農地予備数字３": null, "農地予備数字４": null, "農地予備数字５": null, "農地予備文字１": null, "農地予備文字２": null, "農地予備文字３": null, "農地予備文字４": null, "農地予備文字５": null, "手動一致フラグ": null, "計算面積（アール）": 6, "散布班": "18-⑨", "地区名": "2026印西市" }, "geometry": { "type": "Polygon", "coordinates": [ [ [ 140.23276837654052, 35.7978309939691 ], [ 140.231924768799416, 35.798091966148 ], [ 140.23194671600001, 35.798157068 ], [ 140.232799162, 35.797893295 ], [ 140.23276837654052, 35.7978309939691 ] ] ] } },
{ "type": "Feature", "properties": { "fid": 4165, "daicho_shubetsu_cd": "FUD25", "layer": "筆ポリゴン（2025年公開）_20260708233407", "fid_2": 6197, "事業年度": 2026, "物件番号": 6519, "GIS物件番号": null, "大字コード": 2040, "大字名": "吉高", "小字コード": 42, "小字名": "西", "__EMPTY": "吉高3549", "本番": 3549, "枝番": "0", "子番": 0, "孫番": false, "付番": false, "所在地番号": "2.04004203549e+28", "農地管理番号": 1, "耕地番号": 27, "所在地名": "吉高西3549", "マッチングさせるデータ": "吉高西3549", "空散対象区分1": 2, "空散対象区分2": null, "空散外面積1": 0, "空散外面積2": false, "集計転作面積": 0, "散布面積1": null, "散布面積2": null, "支払者集落": 0, "支払者集落名": null, "支払者コード": 0, "支払者名": null, "支払者住所": null, "支払者電話番号": null, "農地異動適用法": false, "農地異動適用法名": null, "利用集積計画番号": null, "適用法開始年月日": null, "適用法終了年月日": null, "備考": "松本　康雄", "所有者世帯番号": 1978, "所有者個人番号": 3512, "借受者世帯番号": 1978, "借受者個人番号": 3512, "農地予備数字１": null, "農地予備数字２": null, "農地予備数字３": null, "農地予備数字４": null, "農地予備数字５": null, "農地予備文字１": null, "農地予備文字２": null, "農地予備文字３": null, "農地予備文字４": null, "農地予備文字５": null, "手動一致フラグ": null, "計算面積（アール）": 25, "散布班": "18-⑦", "地区名": "2026印西市" }, "geometry": { "type": "Polygon", "coordinates": [ [ [ 140.225946261, 35.796942485 ], [ 140.224902705, 35.797268148 ], [ 140.224991262, 35.797469448 ], [ 140.225030323, 35.797463706 ], [ 140.226043527, 35.797150267 ], [ 140.225946261, 35.796942485 ] ] ] } },
{ "type": "Feature", "properties": { "fid": 4166, "daicho_shubetsu_cd": "FUD25", "layer": "筆ポリゴン（2025年公開）_20260708233407", "fid_2": 6198, "事業年度": 2026, "物件番号": 6520, "GIS物件番号": null, "大字コード": 2040, "大字名": "吉高", "小字コード": 42, "小字名": "西", "__EMPTY": "吉高3550", "本番": 3550, "枝番": "0", "子番": 0, "孫番": false, "付番": false, "所在地番号": "2.0400420355e+28", "農地管理番号": 1, "耕地番号": 28, "所在地名": "吉高西3550", "マッチングさせるデータ": "吉高西3550", "空散対象区分1": 2, "空散対象区分2": null, "空散外面積1": 0, "空散外面積2": false, "集計転作面積": 0, "散布面積1": null, "散布面積2": null, "支払者集落": 0, "支払者集落名": null, "支払者コード": 0, "支払者名": null, "支払者住所": null, "支払者電話番号": null, "農地異動適用法": false, "農地異動適用法名": null, "利用集積計画番号": null, "適用法開始年月日": null, "適用法終了年月日": null, "備考": "松本　康雄", "所有者世帯番号": 1978, "所有者個人番号": 3512, "借受者世帯番号": 1978, "借受者個人番号": 3512, "農地予備数字１": null, "農地予備数字２": null, "農地予備数字３": null, "農地予備数字４": null, "農地予備数字５": null, "農地予備文字１": null, "農地予備文字２": null, "農地予備文字３": null, "農地予備文字４": null, "農地予備文字５": null, "手動一致フラグ": null, "計算面積（アール）": 36, "散布班": "18-⑦", "地区名": "2026印西市" }, "geometry": { "type": "Polygon", "coordinates": [ [ [ 140.22475271, 35.796962571 ], [ 140.224902705, 35.797268148 ], [ 140.225946261, 35.796942485 ], [ 140.225808781000012, 35.796648795 ], [ 140.22475271, 35.796962571 ] ] ] } },
{ "type": "Feature", "properties": { "fid": 4167, "daicho_shubetsu_cd": "FUD25", "layer": "筆ポリゴン（2025年公開）_20260708233407", "fid_2": 6199, "事業年度": 2026, "物件番号": 6541, "GIS物件番号": null, "大字コード": 2041, "大字名": "吉高干拓", "小字コード": 0, "小字名": null, "__EMPTY": "吉高干拓12", "本番": 12, "枝番": "0", "子番": 0, "孫番": false, "付番": false, "所在地番号": "2.04100000012e+28", "農地管理番号": 1, "耕地番号": 51, "所在地名": "吉高干拓12", "マッチングさせるデータ": "吉高干拓12", "空散対象区分1": 2, "空散対象区分2": null, "空散外面積1": 0, "空散外面積2": false, "集計転作面積": 0, "散布面積1": null, "散布面積2": null, "支払者集落": 0, "支払者集落名": null, "支払者コード": 0, "支払者名": null, "支払者住所": null, "支払者電話番号": null, "農地異動適用法": false, "農地異動適用法名": null, "利用集積計画番号": null, "適用法開始年月日": null, "適用法終了年月日": null, "備考": "松本　康雄", "所有者世帯番号": 1978, "所有者個人番号": 3512, "借受者世帯番号": 1978, "借受者個人番号": 3512, "農地予備数字１": null, "農地予備数字２": null, "農地予備数字３": null, "農地予備数字４": null, "農地予備数字５": null, "農地予備文字１": null, "農地予備文字２": null, "農地予備文字３": null, "農地予備文字４": null, "農地予備文字５": null, "手動一致フラグ": null, "計算面積（アール）": 25, "散布班": "18-⑨", "地区名": "2026印西市" }, "geometry": { "type": "Polygon", "coordinates": [ [ [ 140.2320287, 35.798400259 ], [ 140.232434672000011, 35.798295723 ], [ 140.232865381000011, 35.798161144 ], [ 140.232877708, 35.798137802 ], [ 140.232914989, 35.798127692 ], [ 140.232799162, 35.797893295 ], [ 140.23194671600001, 35.798157068 ], [ 140.2320287, 35.798400259 ] ] ] } },
{ "type": "Feature", "properties": { "fid": 4168, "daicho_shubetsu_cd": "FUD25", "layer": "筆ポリゴン（2025年公開）_20260708233407", "fid_2": 6200, "事業年度": 2026, "物件番号": 6542, "GIS物件番号": null, "大字コード": 2041, "大字名": "吉高干拓", "小字コード": 0, "小字名": null, "__EMPTY": "吉高干拓13", "本番": 13, "枝番": "0", "子番": 0, "孫番": false, "付番": false, "所在地番号": "2.04100000013e+28", "農地管理番号": 1, "耕地番号": 52, "所在地名": "吉高干拓13", "マッチングさせるデータ": "吉高干拓13", "空散対象区分1": 2, "空散対象区分2": null, "空散外面積1": 0, "空散外面積2": false, "集計転作面積": 0, "散布面積1": null, "散布面積2": null, "支払者集落": 0, "支払者集落名": null, "支払者コード": 0, "支払者名": null, "支払者住所": null, "支払者電話番号": null, "農地異動適用法": false, "農地異動適用法名": null, "利用集積計画番号": null, "適用法開始年月日": null, "適用法終了年月日": null, "備考": "松本　康雄", "所有者世帯番号": 1978, "所有者個人番号": 3512, "借受者世帯番号": 1978, "借受者個人番号": 3512, "農地予備数字１": null, "農地予備数字２": null, "農地予備数字３": null, "農地予備数字４": null, "農地予備数字５": null, "農地予備文字１": null, "農地予備文字２": null, "農地予備文字３": null, "農地予備文字４": null, "農地予備文字５": null, "手動一致フラグ": null, "計算面積（アール）": 19, "散布班": "18-⑨", "地区名": "2026印西市" }, "geometry": { "type": "Polygon", "coordinates": [ [ [ 140.231924768799416, 35.798091966148 ], [ 140.23276837654052, 35.7978309939691 ], [ 140.232671949, 35.797635852 ], [ 140.232639017999986, 35.797646039 ], [ 140.231856079000011, 35.797888212 ], [ 140.231924768799416, 35.798091966148 ] ] ] } },
{ "type": "Feature", "properties": { "fid": 4169, "daicho_shubetsu_cd": "FUD25", "layer": "筆ポリゴン（2025年公開）_20260708233407", "fid_2": 6201, "事業年度": 2026, "物件番号": 6632, "GIS物件番号": null, "大字コード": 2041, "大字名": "吉高干拓", "小字コード": 0, "小字名": null, "__EMPTY": "吉高干拓135", "本番": 135, "枝番": "0", "子番": 0, "孫番": false, "付番": false, "所在地番号": "2.04100000135e+28", "農地管理番号": 1, "耕地番号": 53, "所在地名": "吉高干拓135", "マッチングさせるデータ": "吉高干拓135", "空散対象区分1": 2, "空散対象区分2": null, "空散外面積1": 0, "空散外面積2": false, "集計転作面積": 0, "散布面積1": null, "散布面積2": null, "支払者集落": 0, "支払者集落名": null, "支払者コード": 0, "支払者名": null, "支払者住所": null, "支払者電話番号": null, "農地異動適用法": false, "農地異動適用法名": null, "利用集積計画番号": null, "適用法開始年月日": null, "適用法終了年月日": null, "備考": "松本　康雄", "所有者世帯番号": 1978, "所有者個人番号": 3512, "借受者世帯番号": 1978, "借受者個人番号": 3512, "農地予備数字１": null, "農地予備数字２": null, "農地予備数字３": null, "農地予備数字４": null, "農地予備数字５": null, "農地予備文字１": null, "農地予備文字２": null, "農地予備文字３": null, "農地予備文字４": null, "農地予備文字５": null, "手動一致フラグ": null, "計算面積（アール）": 2, "散布班": "18-⑨", "地区名": "2026印西市" }, "geometry": { "type": "Polygon", "coordinates": [ [ [ 140.242050844077028, 35.796408921980415 ], [ 140.241094858498485, 35.796697350266925 ], [ 140.24110489, 35.796717257 ], [ 140.242061356, 35.796424652 ], [ 140.242050844077028, 35.796408921980415 ] ] ] } },
{ "type": "Feature", "properties": { "fid": 4170, "daicho_shubetsu_cd": "FUD25", "layer": "筆ポリゴン（2025年公開）_20260708233407", "fid_2": 6202, "事業年度": 2026, "物件番号": 6633, "GIS物件番号": null, "大字コード": 2041, "大字名": "吉高干拓", "小字コード": 0, "小字名": null, "__EMPTY": "吉高干拓136", "本番": 136, "枝番": "0", "子番": 0, "孫番": false, "付番": false, "所在地番号": "2.04100000136e+28", "農地管理番号": 1, "耕地番号": 54, "所在地名": "吉高干拓136", "マッチングさせるデータ": "吉高干拓136", "空散対象区分1": 2, "空散対象区分2": null, "空散外面積1": 0, "空散外面積2": false, "集計転作面積": 0, "散布面積1": null, "散布面積2": null, "支払者集落": 0, "支払者集落名": null, "支払者コード": 0, "支払者名": null, "支払者住所": null, "支払者電話番号": null, "農地異動適用法": false, "農地異動適用法名": null, "利用集積計画番号": null, "適用法開始年月日": null, "適用法終了年月日": null, "備考": "冨井　眞一", "所有者世帯番号": 1978, "所有者個人番号": 3512, "借受者世帯番号": 1978, "借受者個人番号": 3512, "農地予備数字１": null, "農地予備数字２": null, "農地予備数字３": null, "農地予備数字４": null, "農地予備数字５": null, "農地予備文字１": null, "農地予備文字２": null, "農地予備文字３": null, "農地予備文字４": null, "農地予備文字５": null, "手動一致フラグ": null, "計算面積（アール）": 15, "散布班": "18-⑨", "地区名": "2026印西市" }, "geometry": { "type": "Polygon", "coordinates": [ [ [ 140.241094858498485, 35.796697350266925 ], [ 140.242050844077028, 35.796408921980415 ], [ 140.241962801999989, 35.796277176 ], [ 140.241024904999989, 35.796558533 ], [ 140.241094858498485, 35.796697350266925 ] ] ] } },
{ "type": "Feature", "properties": { "fid": 4171, "daicho_shubetsu_cd": "FUD25", "layer": "筆ポリゴン（2025年公開）_20260708233456", "fid_2": 6203, "事業年度": 2026, "物件番号": 6650, "GIS物件番号": null, "大字コード": 2041, "大字名": "吉高干拓", "小字コード": 0, "小字名": null, "__EMPTY": "吉高干拓161", "本番": 161, "枝番": "0", "子番": 0, "孫番": false, "付番": false, "所在地番号": "2.04100000161e+28", "農地管理番号": 1, "耕地番号": 55, "所在地名": "吉高干拓161", "マッチングさせるデータ": "吉高干拓161", "空散対象区分1": 2, "空散対象区分2": null, "空散外面積1": 0, "空散外面積2": false, "集計転作面積": 0, "散布面積1": null, "散布面積2": null, "支払者集落": 0, "支払者集落名": null, "支払者コード": 0, "支払者名": null, "支払者住所": null, "支払者電話番号": null, "農地異動適用法": false, "農地異動適用法名": null, "利用集積計画番号": null, "適用法開始年月日": null, "適用法終了年月日": null, "備考": "冨井　眞一", "所有者世帯番号": 1978, "所有者個人番号": 3512, "借受者世帯番号": 1978, "借受者個人番号": 3512, "農地予備数字１": null, "農地予備数字２": null, "農地予備数字３": null, "農地予備数字４": null, "農地予備数字５": null, "農地予備文字１": null, "農地予備文字２": null, "農地予備文字３": null, "農地予備文字４": null, "農地予備文字５": null, "手動一致フラグ": null, "計算面積（アール）": 8, "散布班": "18-⑨", "地区名": "2026印西市" }, "geometry": { "type": "Polygon", "coordinates": [ [ [ 140.242375634684748, 35.796745264440503 ], [ 140.243563521424761, 35.796078799391637 ], [ 140.243517388571121, 35.79603351606773 ], [ 140.242346580578527, 35.79669857946859 ], [ 140.242375634684748, 35.796745264440503 ] ] ] } },
{ "type": "Feature", "properties": { "fid": 4172, "daicho_shubetsu_cd": "FUD25", "layer": "筆ポリゴン（2025年公開）_20260708233456", "fid_2": 6204, "事業年度": 2026, "物件番号": 6651, "GIS物件番号": null, "大字コード": 2041, "大字名": "吉高干拓", "小字コード": 0, "小字名": null, "__EMPTY": "吉高干拓162", "本番": 162, "枝番": "0", "子番": 0, "孫番": false, "付番": false, "所在地番号": "2.04100000162e+28", "農地管理番号": 1, "耕地番号": 56, "所在地名": "吉高干拓162", "マッチングさせるデータ": "吉高干拓162", "空散対象区分1": 2, "空散対象区分2": null, "空散外面積1": 0, "空散外面積2": false, "集計転作面積": 0, "散布面積1": null, "散布面積2": null, "支払者集落": 0, "支払者集落名": null, "支払者コード": 0, "支払者名": null, "支払者住所": null, "支払者電話番号": null, "農地異動適用法": false, "農地異動適用法名": null, "利用集積計画番号": null, "適用法開始年月日": null, "適用法終了年月日": null, "備考": "冨井　眞一", "所有者世帯番号": 1978, "所有者個人番号": 3512, "借受者世帯番号": 1978, "借受者個人番号": 3512, "農地予備数字１": null, "農地予備数字２": null, "農地予備数字３": null, "農地予備数字４": null, "農地予備数字５": null, "農地予備文字１": null, "農地予備文字２": null, "農地予備文字３": null, "農地予備文字４": null, "農地予備文字５": null, "手動一致フラグ": null, "計算面積（アール）": 12, "散布班": "18-⑨", "地区名": "2026印西市" }, "geometry": { "type": "Polygon", "coordinates": [ [ [ 140.243563521424761, 35.796078799391637 ], [ 140.242375634684748, 35.796745264440503 ], [ 140.242390814, 35.796769655 ], [ 140.24241824, 35.796784363 ], [ 140.242448666, 35.79679166 ], [ 140.24247599, 35.796786633 ], [ 140.243603199, 35.796153725 ], [ 140.243612176, 35.796126558 ], [ 140.243563521424761, 35.796078799391637 ] ] ] } },
{ "type": "Feature", "properties": { "fid": 4173, "daicho_shubetsu_cd": "FUD25", "layer": "筆ポリゴン（2025年公開）_20260708233456", "fid_2": 6205, "事業年度": 2026, "物件番号": 5568, "GIS物件番号": null, "大字コード": 2040, "大字名": "吉高", "小字コード": 23, "小字名": "竹ノ越", "__EMPTY": "吉高1614", "本番": 1614, "枝番": "1", "子番": 0, "孫番": false, "付番": false, "所在地番号": "2.04002301614e+28", "農地管理番号": 1, "耕地番号": 1, "所在地名": "吉高竹ノ越1614-1", "マッチングさせるデータ": "吉高竹ﾉ越1614-1", "空散対象区分1": 2, "空散対象区分2": null, "空散外面積1": 0, "空散外面積2": false, "集計転作面積": 0, "散布面積1": null, "散布面積2": null, "支払者集落": 0, "支払者集落名": null, "支払者コード": 0, "支払者名": null, "支払者住所": null, "支払者電話番号": null, "農地異動適用法": false, "農地異動適用法名": null, "利用集積計画番号": null, "適用法開始年月日": null, "適用法終了年月日": null, "備考": "平山　孝", "所有者世帯番号": 1975, "所有者個人番号": 3445, "借受者世帯番号": 1975, "借受者個人番号": 3445, "農地予備数字１": null, "農地予備数字２": null, "農地予備数字３": null, "農地予備数字４": null, "農地予備数字５": null, "農地予備文字１": null, "農地予備文字２": null, "農地予備文字３": null, "農地予備文字４": null, "農地予備文字５": null, "手動一致フラグ": null, "計算面積（アール）": 7, "散布班": "18-⑧", "地区名": "2026印西市" }, "geometry": { "type": "Polygon", "coordinates": [ [ [ 140.22802675, 35.794156266 ], [ 140.228048736, 35.794171665 ], [ 140.228056157999987, 35.794195442 ], [ 140.228268172000014, 35.79423759 ], [ 140.22826712, 35.794214528 ], [ 140.228239584, 35.794024048 ], [ 140.228212453, 35.79385455 ], [ 140.228085136, 35.793856036 ], [ 140.228062379, 35.793936605 ], [ 140.22802675, 35.794156266 ] ] ] } },
{ "type": "Feature", "properties": { "fid": 4174, "daicho_shubetsu_cd": "FUD25", "layer": "筆ポリゴン（2025年公開）_20260708233456", "fid_2": 6206, "事業年度": 2026, "物件番号": 5590, "GIS物件番号": null, "大字コード": 2040, "大字名": "吉高", "小字コード": 23, "小字名": "竹ノ越", "__EMPTY": "吉高1660", "本番": 1660, "枝番": "1", "子番": 0, "孫番": false, "付番": false, "所在地番号": "2.0400230166e+28", "農地管理番号": 1, "耕地番号": 2, "所在地名": "吉高竹ノ越1660-1", "マッチングさせるデータ": "吉高竹ﾉ越1660-1", "空散対象区分1": 2, "空散対象区分2": null, "空散外面積1": 0, "空散外面積2": false, "集計転作面積": 0, "散布面積1": null, "散布面積2": null, "支払者集落": 0, "支払者集落名": null, "支払者コード": 0, "支払者名": null, "支払者住所": null, "支払者電話番号": null, "農地異動適用法": false, "農地異動適用法名": null, "利用集積計画番号": null, "適用法開始年月日": null, "適用法終了年月日": null, "備考": "平山　孝", "所有者世帯番号": 1975, "所有者個人番号": 3445, "借受者世帯番号": 1975, "借受者個人番号": 3445, "農地予備数字１": null, "農地予備数字２": null, "農地予備数字３": null, "農地予備数字４": null, "農地予備数字５": null, "農地予備文字１": null, "農地予備文字２": null, "農地予備文字３": null, "農地予備文字４": null, "農地予備文字５": null, "手動一致フラグ": null, "計算面積（アール）": 1, "散布班": "18-⑧", "地区名": "2026印西市" }, "geometry": { "type": "Polygon", "coordinates": [ [ [ 140.227678044572713, 35.794127186117635 ], [ 140.227785673009038, 35.793737228014955 ], [ 140.227751689, 35.793725748 ], [ 140.227645913, 35.794118888 ], [ 140.227678044572713, 35.794127186117635 ] ] ] } },
{ "type": "Feature", "properties": { "fid": 4175, "daicho_shubetsu_cd": "FUD25", "layer": "筆ポリゴン（2025年公開）_20260708233456", "fid_2": 6207, "事業年度": 2026, "物件番号": null, "GIS物件番号": null, "大字コード": 2040, "大字名": "吉高", "小字コード": 23, "小字名": "竹ノ越", "__EMPTY": "吉高1660", "本番": 1660, "枝番": "2", "子番": 0, "孫番": false, "付番": false, "所在地番号": "2.0400230166e+28", "農地管理番号": 1, "耕地番号": 0, "所在地名": "吉高竹ノ越1660-2", "マッチングさせるデータ": "吉高竹ﾉ越1660-2", "空散対象区分1": 2, "空散対象区分2": null, "空散外面積1": 0, "空散外面積2": false, "集計転作面積": 0, "散布面積1": 0, "散布面積2": false, "支払者集落": 0, "支払者集落名": null, "支払者コード": 0, "支払者名": null, "支払者住所": null, "支払者電話番号": null, "農地異動適用法": false, "農地異動適用法名": null, "利用集積計画番号": null, "適用法開始年月日": null, "適用法終了年月日": null, "備考": null, "所有者世帯番号": 1975, "所有者個人番号": 3445, "借受者世帯番号": 1975, "借受者個人番号": 3445, "農地予備数字１": null, "農地予備数字２": null, "農地予備数字３": null, "農地予備数字４": null, "農地予備数字５": null, "農地予備文字１": null, "農地予備文字２": null, "農地予備文字３": null, "農地予備文字４": null, "農地予備文字５": null, "手動一致フラグ": null, "計算面積（アール）": 10, "散布班": "18-⑧", "地区名": "2026印西市" }, "geometry": { "type": "Polygon", "coordinates": [ [ [ 140.227625341, 35.79347774 ], [ 140.227496292444556, 35.794077704217983 ], [ 140.227645913, 35.794118888 ], [ 140.227751689, 35.793725748 ], [ 140.227774741, 35.793513243 ], [ 140.227683336000013, 35.793474399 ], [ 140.227625341, 35.79347774 ] ] ] } },
{ "type": "Feature", "properties": { "fid": 4176, "daicho_shubetsu_cd": "FUD25", "layer": "筆ポリゴン（2025年公開）_20260708233456", "fid_2": 6208, "事業年度": 2026, "物件番号": 5595, "GIS物件番号": null, "大字コード": 2040, "大字名": "吉高", "小字コード": 23, "小字名": "竹ノ越", "__EMPTY": "吉高1667", "本番": 1667, "枝番": "1", "子番": 0, "孫番": false, "付番": false, "所在地番号": "2.04002301667e+28", "農地管理番号": 1, "耕地番号": 3, "所在地名": "吉高竹ノ越1667-1", "マッチングさせるデータ": "吉高竹ﾉ越1667-1", "空散対象区分1": 2, "空散対象区分2": null, "空散外面積1": 0, "空散外面積2": false, "集計転作面積": 0, "散布面積1": null, "散布面積2": null, "支払者集落": 0, "支払者集落名": null, "支払者コード": 0, "支払者名": null, "支払者住所": null, "支払者電話番号": null, "農地異動適用法": false, "農地異動適用法名": null, "利用集積計画番号": null, "適用法開始年月日": null, "適用法終了年月日": null, "備考": "平山　孝", "所有者世帯番号": 1975, "所有者個人番号": 3445, "借受者世帯番号": 1975, "借受者個人番号": 3445, "農地予備数字１": null, "農地予備数字２": null, "農地予備数字３": null, "農地予備数字４": null, "農地予備数字５": null, "農地予備文字１": null, "農地予備文字２": null, "農地予備文字３": null, "農地予備文字４": null, "農地予備文字５": null, "手動一致フラグ": null, "計算面積（アール）": 5, "散布班": "18-⑧", "地区名": "2026印西市" }, "geometry": { "type": "Polygon", "coordinates": [ [ [ 140.227403829, 35.793653344 ], [ 140.227579807768763, 35.793689430160903 ], [ 140.227625341, 35.79347774 ], [ 140.227404759, 35.793450105 ], [ 140.22739711, 35.79346746 ], [ 140.227397328, 35.793511573 ], [ 140.227382146, 35.793569914 ], [ 140.227363104, 35.793629844 ], [ 140.227374769, 35.793642411 ], [ 140.227403829, 35.793653344 ] ] ] } },
{ "type": "Feature", "properties": { "fid": 4177, "daicho_shubetsu_cd": "FUD25", "layer": "筆ポリゴン（2025年公開）_20260708233456", "fid_2": 6209, "事業年度": 2026, "物件番号": 5602, "GIS物件番号": null, "大字コード": 2040, "大字名": "吉高", "小字コード": 23, "小字名": "竹ノ越", "__EMPTY": "吉高1676", "本番": 1676, "枝番": "1", "子番": 0, "孫番": false, "付番": false, "所在地番号": "2.04002301676e+28", "農地管理番号": 1, "耕地番号": 9, "所在地名": "吉高竹ノ越1676-1", "マッチングさせるデータ": "吉高竹ﾉ越1676-1", "空散対象区分1": 2, "空散対象区分2": null, "空散外面積1": 0, "空散外面積2": false, "集計転作面積": 31, "散布面積1": 0, "散布面積2": false, "支払者集落": 0, "支払者集落名": null, "支払者コード": 0, "支払者名": null, "支払者住所": null, "支払者電話番号": null, "農地異動適用法": false, "農地異動適用法名": null, "利用集積計画番号": null, "適用法開始年月日": null, "適用法終了年月日": null, "備考": "平山　孝", "所有者世帯番号": 1975, "所有者個人番号": 3445, "借受者世帯番号": 1975, "借受者個人番号": 3445, "農地予備数字１": null, "農地予備数字２": null, "農地予備数字３": null, "農地予備数字４": null, "農地予備数字５": null, "農地予備文字１": null, "農地予備文字２": null, "農地予備文字３": null, "農地予備文字４": null, "農地予備文字５": null, "手動一致フラグ": null, "計算面積（アール）": 3, "散布班": "18-⑧", "地区名": "2026印西市" }, "geometry": { "type": "Polygon", "coordinates": [ [ [ 140.227579807768763, 35.793689430160903 ], [ 140.227403829, 35.793653344 ], [ 140.227394503, 35.793722694 ], [ 140.22739458, 35.793738449 ], [ 140.227406307, 35.793763618 ], [ 140.227403941244063, 35.793810929981689 ], [ 140.227546657379349, 35.793843550812603 ], [ 140.227579807768763, 35.793689430160903 ] ] ] } },
{ "type": "Feature", "properties": { "fid": 4178, "daicho_shubetsu_cd": "FUD25", "layer": "筆ポリゴン（2025年公開）_20260708233456", "fid_2": 6210, "事業年度": 2026, "物件番号": null, "GIS物件番号": null, "大字コード": 2040, "大字名": "吉高", "小字コード": 23, "小字名": "竹ノ越", "__EMPTY": "吉高1676", "本番": 1676, "枝番": "2", "子番": 0, "孫番": false, "付番": false, "所在地番号": "2.04002301676e+28", "農地管理番号": 1, "耕地番号": 0, "所在地名": "吉高竹ノ越1676-2", "マッチングさせるデータ": "吉高竹ﾉ越1676-2", "空散対象区分1": 2, "空散対象区分2": null, "空散外面積1": 0, "空散外面積2": false, "集計転作面積": 0, "散布面積1": 0, "散布面積2": false, "支払者集落": 0, "支払者集落名": null, "支払者コード": 0, "支払者名": null, "支払者住所": null, "支払者電話番号": null, "農地異動適用法": false, "農地異動適用法名": null, "利用集積計画番号": null, "適用法開始年月日": null, "適用法終了年月日": null, "備考": null, "所有者世帯番号": 1975, "所有者個人番号": 3445, "借受者世帯番号": 1975, "借受者個人番号": 3445, "農地予備数字１": null, "農地予備数字２": null, "農地予備数字３": null, "農地予備数字４": null, "農地予備数字５": null, "農地予備文字１": null, "農地予備文字２": null, "農地予備文字３": null, "農地予備文字４": null, "農地予備文字５": null, "手動一致フラグ": null, "計算面積（アール）": 3, "散布班": "18-⑧", "地区名": "2026印西市" }, "geometry": { "type": "Polygon", "coordinates": [ [ [ 140.227546657379349, 35.793843550812603 ], [ 140.227403941244063, 35.793810929981689 ], [ 140.227401028, 35.793869191 ], [ 140.227389845, 35.793954303 ], [ 140.227384363, 35.794018915 ], [ 140.227386421, 35.794044116 ], [ 140.227430973999986, 35.794059725 ], [ 140.227496292444556, 35.794077704217983 ], [ 140.227546657379349, 35.793843550812603 ] ] ] } },
{ "type": "Feature", "properties": { "fid": 4179, "daicho_shubetsu_cd": "FUD25", "layer": "筆ポリゴン（2025年公開）_20260708233456", "fid_2": 6211, "事業年度": 2026, "物件番号": 5745, "GIS物件番号": null, "大字コード": 2040, "大字名": "吉高", "小字コード": 25, "小字名": "矢渡", "__EMPTY": "吉高3106", "本番": 3106, "枝番": "1", "子番": 0, "孫番": false, "付番": false, "所在地番号": "2.04002503106e+28", "農地管理番号": 1, "耕地番号": 10, "所在地名": "吉高矢渡3106-1", "マッチングさせるデータ": "吉高矢渡3106-1", "空散対象区分1": 2, "空散対象区分2": null, "空散外面積1": 0, "空散外面積2": false, "集計転作面積": 0, "散布面積1": null, "散布面積2": null, "支払者集落": 0, "支払者集落名": null, "支払者コード": 0, "支払者名": null, "支払者住所": null, "支払者電話番号": null, "農地異動適用法": false, "農地異動適用法名": null, "利用集積計画番号": null, "適用法開始年月日": null, "適用法終了年月日": null, "備考": "平山　孝", "所有者世帯番号": 1975, "所有者個人番号": 3445, "借受者世帯番号": 1975, "借受者個人番号": 3445, "農地予備数字１": null, "農地予備数字２": null, "農地予備数字３": null, "農地予備数字４": null, "農地予備数字５": null, "農地予備文字１": null, "農地予備文字２": null, "農地予備文字３": null, "農地予備文字４": null, "農地予備文字５": null, "手動一致フラグ": null, "計算面積（アール）": 12, "散布班": "18-⑧", "地区名": "2026印西市" }, "geometry": { "type": "Polygon", "coordinates": [ [ [ 140.226885358, 35.792678866 ], [ 140.226314698457912, 35.792730030250596 ], [ 140.22632866, 35.792864914 ], [ 140.226355206, 35.792905966 ], [ 140.226458650000012, 35.792959286 ], [ 140.226570707, 35.792978594 ], [ 140.226660547, 35.792944316 ], [ 140.226745969, 35.792904688 ], [ 140.226853346000013, 35.792864986 ], [ 140.226877388, 35.792843445 ], [ 140.226879169, 35.792759373 ], [ 140.226885358, 35.792678866 ] ] ] } },
{ "type": "Feature", "properties": { "fid": 4180, "daicho_shubetsu_cd": "FUD25", "layer": "筆ポリゴン（2025年公開）_20260708233456", "fid_2": 6212, "事業年度": 2026, "物件番号": 5747, "GIS物件番号": null, "大字コード": 2040, "大字名": "吉高", "小字コード": 25, "小字名": "矢渡", "__EMPTY": "吉高3108", "本番": 3108, "枝番": "0", "子番": 0, "孫番": false, "付番": false, "所在地番号": "2.04002503108e+28", "農地管理番号": 1, "耕地番号": 11, "所在地名": "吉高矢渡3108", "マッチングさせるデータ": "吉高矢渡3108", "空散対象区分1": 2, "空散対象区分2": null, "空散外面積1": 0, "空散外面積2": false, "集計転作面積": 0, "散布面積1": null, "散布面積2": null, "支払者集落": 0, "支払者集落名": null, "支払者コード": 0, "支払者名": null, "支払者住所": null, "支払者電話番号": null, "農地異動適用法": false, "農地異動適用法名": null, "利用集積計画番号": null, "適用法開始年月日": null, "適用法終了年月日": null, "備考": "平山　孝", "所有者世帯番号": 1975, "所有者個人番号": 3445, "借受者世帯番号": 1975, "借受者個人番号": 3445, "農地予備数字１": null, "農地予備数字２": null, "農地予備数字３": null, "農地予備数字４": null, "農地予備数字５": null, "農地予備文字１": null, "農地予備文字２": null, "農地予備文字３": null, "農地予備文字４": null, "農地予備文字５": null, "手動一致フラグ": null, "計算面積（アール）": 6, "散布班": "18-⑧", "地区名": "2026印西市" }, "geometry": { "type": "Polygon", "coordinates": [ [ [ 140.226314698457912, 35.792730030250596 ], [ 140.226885358, 35.792678866 ], [ 140.226876065, 35.792575157 ], [ 140.226303304999988, 35.792619957 ], [ 140.226314698457912, 35.792730030250596 ] ] ] } },
{ "type": "Feature", "properties": { "fid": 4183, "daicho_shubetsu_cd": "FUD25", "layer": "筆ポリゴン（2025年公開）_20260708233407", "fid_2": 6217, "事業年度": 2026, "物件番号": 6330, "GIS物件番号": null, "大字コード": 2040, "大字名": "吉高", "小字コード": 41, "小字名": "中", "__EMPTY": "吉高3377", "本番": 3377, "枝番": "0", "子番": 0, "孫番": false, "付番": false, "所在地番号": "2.04004103377e+28", "農地管理番号": 1, "耕地番号": 13, "所在地名": "吉高中3377", "マッチングさせるデータ": "吉高中3377", "空散対象区分1": 2, "空散対象区分2": null, "空散外面積1": 0, "空散外面積2": false, "集計転作面積": 0, "散布面積1": null, "散布面積2": null, "支払者集落": 0, "支払者集落名": null, "支払者コード": 0, "支払者名": null, "支払者住所": null, "支払者電話番号": null, "農地異動適用法": false, "農地異動適用法名": null, "利用集積計画番号": null, "適用法開始年月日": null, "適用法終了年月日": null, "備考": "平山　孝", "所有者世帯番号": 1975, "所有者個人番号": 3445, "借受者世帯番号": 1975, "借受者個人番号": 3445, "農地予備数字１": null, "農地予備数字２": null, "農地予備数字３": null, "農地予備数字４": null, "農地予備数字５": null, "農地予備文字１": null, "農地予備文字２": null, "農地予備文字３": null, "農地予備文字４": null, "農地予備文字５": null, "手動一致フラグ": null, "計算面積（アール）": 10, "散布班": "18-⑨", "地区名": "2026印西市" }, "geometry": { "type": "Polygon", "coordinates": [ [ [ 140.234923416890553, 35.796908923594373 ], [ 140.235969164162753, 35.796576185825934 ], [ 140.235931944504074, 35.796497313199069 ], [ 140.2348872550171, 35.79682963094448 ], [ 140.234923416890553, 35.796908923594373 ] ] ] } },
{ "type": "Feature", "properties": { "fid": 4184, "daicho_shubetsu_cd": "FUD25", "layer": "筆ポリゴン（2025年公開）_20260708233407", "fid_2": 6218, "事業年度": 2026, "物件番号": 6331, "GIS物件番号": null, "大字コード": 2040, "大字名": "吉高", "小字コード": 41, "小字名": "中", "__EMPTY": "吉高3378", "本番": 3378, "枝番": "0", "子番": 0, "孫番": false, "付番": false, "所在地番号": "2.04004103378e+28", "農地管理番号": 1, "耕地番号": 14, "所在地名": "吉高中3378", "マッチングさせるデータ": "吉高中3378", "空散対象区分1": 2, "空散対象区分2": null, "空散外面積1": 0, "空散外面積2": false, "集計転作面積": 0, "散布面積1": null, "散布面積2": null, "支払者集落": 0, "支払者集落名": null, "支払者コード": 0, "支払者名": null, "支払者住所": null, "支払者電話番号": null, "農地異動適用法": false, "農地異動適用法名": null, "利用集積計画番号": null, "適用法開始年月日": null, "適用法終了年月日": null, "備考": "平山　孝", "所有者世帯番号": 1975, "所有者個人番号": 3445, "借受者世帯番号": 1975, "借受者個人番号": 3445, "農地予備数字１": null, "農地予備数字２": null, "農地予備数字３": null, "農地予備数字４": null, "農地予備数字５": null, "農地予備文字１": null, "農地予備文字２": null, "農地予備文字３": null, "農地予備文字４": null, "農地予備文字５": null, "手動一致フラグ": null, "計算面積（アール）": 5, "散布班": "18-⑨", "地区名": "2026印西市" }, "geometry": { "type": "Polygon", "coordinates": [ [ [ 140.235969164162753, 35.796576185825934 ], [ 140.234923416890553, 35.796908923594373 ], [ 140.234940386, 35.796946132 ], [ 140.235992004, 35.796624586 ], [ 140.235969164162753, 35.796576185825934 ] ] ] } },
{ "type": "Feature", "properties": { "fid": 4185, "daicho_shubetsu_cd": "FUD25", "layer": "筆ポリゴン（2025年公開）_20260708233407", "fid_2": 6219, "事業年度": 2026, "物件番号": 6332, "GIS物件番号": null, "大字コード": 2040, "大字名": "吉高", "小字コード": 41, "小字名": "中", "__EMPTY": "吉高3379", "本番": 3379, "枝番": "0", "子番": 0, "孫番": false, "付番": false, "所在地番号": "2.04004103379e+28", "農地管理番号": 1, "耕地番号": 15, "所在地名": "吉高中3379", "マッチングさせるデータ": "吉高中3379", "空散対象区分1": 2, "空散対象区分2": null, "空散外面積1": 0, "空散外面積2": false, "集計転作面積": 0, "散布面積1": null, "散布面積2": null, "支払者集落": 0, "支払者集落名": null, "支払者コード": 0, "支払者名": null, "支払者住所": null, "支払者電話番号": null, "農地異動適用法": false, "農地異動適用法名": null, "利用集積計画番号": null, "適用法開始年月日": null, "適用法終了年月日": null, "備考": "平山　孝", "所有者世帯番号": 1975, "所有者個人番号": 3445, "借受者世帯番号": 1975, "借受者個人番号": 3445, "農地予備数字１": null, "農地予備数字２": null, "農地予備数字３": null, "農地予備数字４": null, "農地予備数字５": null, "農地予備文字１": null, "農地予備文字２": null, "農地予備文字３": null, "農地予備文字４": null, "農地予備文字５": null, "手動一致フラグ": null, "計算面積（アール）": 30, "散布班": "18-⑨", "地区名": "2026印西市" }, "geometry": { "type": "Polygon", "coordinates": [ [ [ 140.235992004, 35.796624586 ], [ 140.234940386, 35.796946132 ], [ 140.235057676999986, 35.79720332 ], [ 140.236107049, 35.796874052 ], [ 140.235992004, 35.796624586 ] ] ] } },
{ "type": "Feature", "properties": { "fid": 4186, "daicho_shubetsu_cd": "FUD25", "layer": "筆ポリゴン（2025年公開）_20260708233407", "fid_2": 6220, "事業年度": 2026, "物件番号": 6333, "GIS物件番号": null, "大字コード": 2040, "大字名": "吉高", "小字コード": 41, "小字名": "中", "__EMPTY": "吉高3380", "本番": 3380, "枝番": "0", "子番": 0, "孫番": false, "付番": false, "所在地番号": "2.0400410338e+28", "農地管理番号": 1, "耕地番号": 16, "所在地名": "吉高中3380", "マッチングさせるデータ": "吉高中3380", "空散対象区分1": 2, "空散対象区分2": null, "空散外面積1": 0, "空散外面積2": false, "集計転作面積": 0, "散布面積1": null, "散布面積2": null, "支払者集落": 0, "支払者集落名": null, "支払者コード": 0, "支払者名": null, "支払者住所": null, "支払者電話番号": null, "農地異動適用法": false, "農地異動適用法名": null, "利用集積計画番号": null, "適用法開始年月日": null, "適用法終了年月日": null, "備考": "平山　孝", "所有者世帯番号": 1975, "所有者個人番号": 3445, "借受者世帯番号": 1975, "借受者個人番号": 3445, "農地予備数字１": null, "農地予備数字２": null, "農地予備数字３": null, "農地予備数字４": null, "農地予備数字５": null, "農地予備文字１": null, "農地予備文字２": null, "農地予備文字３": null, "農地予備文字４": null, "農地予備文字５": null, "手動一致フラグ": null, "計算面積（アール）": 17, "散布班": "18-⑨", "地区名": "2026印西市" }, "geometry": { "type": "Polygon", "coordinates": [ [ [ 140.235138067444893, 35.797379592460373 ], [ 140.23619180344113, 35.79705295275577 ], [ 140.236122687289424, 35.796907061500853 ], [ 140.235072955080398, 35.797236820309969 ], [ 140.235138067444893, 35.797379592460373 ] ] ] } },
{ "type": "Feature", "properties": { "fid": 4187, "daicho_shubetsu_cd": "FUD25", "layer": "筆ポリゴン（2025年公開）_20260708233407", "fid_2": 6221, "事業年度": 2026, "物件番号": 6572, "GIS物件番号": null, "大字コード": 2041, "大字名": "吉高干拓", "小字コード": 0, "小字名": null, "__EMPTY": "吉高干拓56", "本番": 56, "枝番": "0", "子番": 0, "孫番": false, "付番": false, "所在地番号": "2.04100000056e+28", "農地管理番号": 1, "耕地番号": 17, "所在地名": "吉高干拓56", "マッチングさせるデータ": "吉高干拓56", "空散対象区分1": 2, "空散対象区分2": null, "空散外面積1": 0, "空散外面積2": false, "集計転作面積": 0, "散布面積1": null, "散布面積2": null, "支払者集落": 0, "支払者集落名": null, "支払者コード": 0, "支払者名": null, "支払者住所": null, "支払者電話番号": null, "農地異動適用法": false, "農地異動適用法名": null, "利用集積計画番号": null, "適用法開始年月日": null, "適用法終了年月日": null, "備考": "平山　孝", "所有者世帯番号": 1975, "所有者個人番号": 3445, "借受者世帯番号": 1975, "借受者個人番号": 3445, "農地予備数字１": null, "農地予備数字２": null, "農地予備数字３": null, "農地予備数字４": null, "農地予備数字５": null, "農地予備文字１": null, "農地予備文字２": null, "農地予備文字３": null, "農地予備文字４": null, "農地予備文字５": null, "手動一致フラグ": null, "計算面積（アール）": 4, "散布班": "18-⑨", "地区名": "2026印西市" }, "geometry": { "type": "Polygon", "coordinates": [ [ [ 140.235072955080398, 35.797236820309969 ], [ 140.236122687289424, 35.796907061500853 ], [ 140.236107049, 35.796874052 ], [ 140.235057676999986, 35.79720332 ], [ 140.235072955080398, 35.797236820309969 ] ] ] } },
{ "type": "Feature", "properties": { "fid": 4188, "daicho_shubetsu_cd": "FUD25", "layer": "筆ポリゴン（2025年公開）_20260708233407", "fid_2": 6222, "事業年度": 2026, "物件番号": 6573, "GIS物件番号": null, "大字コード": 2041, "大字名": "吉高干拓", "小字コード": 0, "小字名": null, "__EMPTY": "吉高干拓57", "本番": 57, "枝番": "0", "子番": 0, "孫番": false, "付番": false, "所在地番号": "2.04100000057e+28", "農地管理番号": 1, "耕地番号": 18, "所在地名": "吉高干拓57", "マッチングさせるデータ": "吉高干拓57", "空散対象区分1": 2, "空散対象区分2": null, "空散外面積1": 0, "空散外面積2": false, "集計転作面積": 0, "散布面積1": null, "散布面積2": null, "支払者集落": 0, "支払者集落名": null, "支払者コード": 0, "支払者名": null, "支払者住所": null, "支払者電話番号": null, "農地異動適用法": false, "農地異動適用法名": null, "利用集積計画番号": null, "適用法開始年月日": null, "適用法終了年月日": null, "備考": "平山　孝", "所有者世帯番号": 1975, "所有者個人番号": 3445, "借受者世帯番号": 1975, "借受者個人番号": 3445, "農地予備数字１": null, "農地予備数字２": null, "農地予備数字３": null, "農地予備数字４": null, "農地予備数字５": null, "農地予備文字１": null, "農地予備文字２": null, "農地予備文字３": null, "農地予備文字４": null, "農地予備文字５": null, "手動一致フラグ": null, "計算面積（アール）": 9, "散布班": "18-⑨", "地区名": "2026印西市" }, "geometry": { "type": "Polygon", "coordinates": [ [ [ 140.23619180344113, 35.79705295275577 ], [ 140.235138067444893, 35.797379592460373 ], [ 140.235174099, 35.797458599 ], [ 140.236227711999987, 35.797128749 ], [ 140.23619180344113, 35.79705295275577 ] ] ] } },
{ "type": "Feature", "properties": { "fid": 4189, "daicho_shubetsu_cd": "FUD25", "layer": "筆ポリゴン（2025年公開）_20260708233407", "fid_2": 6223, "事業年度": 2026, "物件番号": 6616, "GIS物件番号": null, "大字コード": 2041, "大字名": "吉高干拓", "小字コード": 0, "小字名": null, "__EMPTY": "吉高干拓111", "本番": 111, "枝番": "0", "子番": 0, "孫番": false, "付番": false, "所在地番号": "2.04100000111e+28", "農地管理番号": 1, "耕地番号": 26, "所在地名": "吉高干拓111", "マッチングさせるデータ": "吉高干拓111", "空散対象区分1": 2, "空散対象区分2": null, "空散外面積1": 0, "空散外面積2": false, "集計転作面積": 0, "散布面積1": null, "散布面積2": null, "支払者集落": 0, "支払者集落名": null, "支払者コード": 0, "支払者名": null, "支払者住所": null, "支払者電話番号": null, "農地異動適用法": false, "農地異動適用法名": null, "利用集積計画番号": null, "適用法開始年月日": null, "適用法終了年月日": null, "備考": "松本　光男", "所有者世帯番号": 1980, "所有者個人番号": 3524, "借受者世帯番号": 1975, "借受者個人番号": 3445, "農地予備数字１": null, "農地予備数字２": null, "農地予備数字３": null, "農地予備数字４": null, "農地予備数字５": null, "農地予備文字１": null, "農地予備文字２": null, "農地予備文字３": null, "農地予備文字４": null, "農地予備文字５": null, "手動一致フラグ": null, "計算面積（アール）": 9, "散布班": "18-⑨", "地区名": "2026印西市" }, "geometry": { "type": "Polygon", "coordinates": [ [ [ 140.239567645095519, 35.796270062247451 ], [ 140.238530023694125, 35.796595232334504 ], [ 140.238555168, 35.796649122 ], [ 140.23856582401524, 35.796671961092969 ], [ 140.23960691100001, 35.796349198 ], [ 140.239582485, 35.796351254 ], [ 140.239577522, 35.796336476 ], [ 140.239584738, 35.796313768 ], [ 140.239567645095519, 35.796270062247451 ] ] ] } },
{ "type": "Feature", "properties": { "fid": 4190, "daicho_shubetsu_cd": "FUD25", "layer": "筆ポリゴン（2025年公開）_20260708233407", "fid_2": 6224, "事業年度": 2026, "物件番号": 6627, "GIS物件番号": null, "大字コード": 2041, "大字名": "吉高干拓", "小字コード": 0, "小字名": null, "__EMPTY": "吉高干拓129", "本番": 129, "枝番": "0", "子番": 0, "孫番": false, "付番": false, "所在地番号": "2.04100000129e+28", "農地管理番号": 1, "耕地番号": 19, "所在地名": "吉高干拓129", "マッチングさせるデータ": "吉高干拓129", "空散対象区分1": 2, "空散対象区分2": null, "空散外面積1": 0, "空散外面積2": false, "集計転作面積": 0, "散布面積1": null, "散布面積2": null, "支払者集落": 0, "支払者集落名": null, "支払者コード": 0, "支払者名": null, "支払者住所": null, "支払者電話番号": null, "農地異動適用法": false, "農地異動適用法名": null, "利用集積計画番号": null, "適用法開始年月日": null, "適用法終了年月日": null, "備考": "平山　孝", "所有者世帯番号": 1975, "所有者個人番号": 3445, "借受者世帯番号": 1975, "借受者個人番号": 3445, "農地予備数字１": null, "農地予備数字２": null, "農地予備数字３": null, "農地予備数字４": null, "農地予備数字５": null, "農地予備文字１": null, "農地予備文字２": null, "農地予備文字３": null, "農地予備文字４": null, "農地予備文字５": null, "手動一致フラグ": null, "計算面積（アール）": 22, "散布班": "18-⑨", "地区名": "2026印西市" }, "geometry": { "type": "Polygon", "coordinates": [ [ [ 140.241096922999986, 35.796814778 ], [ 140.240059007000013, 35.797138958 ], [ 140.240145256, 35.79732386 ], [ 140.241186234, 35.797005836 ], [ 140.241096922999986, 35.796814778 ] ] ] } },
{ "type": "Feature", "properties": { "fid": 4191, "daicho_shubetsu_cd": "FUD25", "layer": "筆ポリゴン（2025年公開）_20260708233407", "fid_2": 6225, "事業年度": 2026, "物件番号": 6628, "GIS物件番号": null, "大字コード": 2041, "大字名": "吉高干拓", "小字コード": 0, "小字名": null, "__EMPTY": "吉高干拓130", "本番": 130, "枝番": "0", "子番": 0, "孫番": false, "付番": false, "所在地番号": "2.0410000013e+28", "農地管理番号": 1, "耕地番号": 20, "所在地名": "吉高干拓130", "マッチングさせるデータ": "吉高干拓130", "空散対象区分1": 2, "空散対象区分2": null, "空散外面積1": 0, "空散外面積2": false, "集計転作面積": 0, "散布面積1": null, "散布面積2": null, "支払者集落": 0, "支払者集落名": null, "支払者コード": 0, "支払者名": null, "支払者住所": null, "支払者電話番号": null, "農地異動適用法": false, "農地異動適用法名": null, "利用集積計画番号": null, "適用法開始年月日": null, "適用法終了年月日": null, "備考": "平山　孝", "所有者世帯番号": 1975, "所有者個人番号": 3445, "借受者世帯番号": 1975, "借受者個人番号": 3445, "農地予備数字１": null, "農地予備数字２": null, "農地予備数字３": null, "農地予備数字４": null, "農地予備数字５": null, "農地予備文字１": null, "農地予備文字２": null, "農地予備文字３": null, "農地予備文字４": null, "農地予備文字５": null, "手動一致フラグ": null, "計算面積（アール）": 20, "散布班": "18-⑨", "地区名": "2026印西市" }, "geometry": { "type": "Polygon", "coordinates": [ [ [ 140.241186234, 35.797005836 ], [ 140.240145256, 35.79732386 ], [ 140.240204842, 35.797451599 ], [ 140.240227526000012, 35.797472217 ], [ 140.24025862, 35.797481309 ], [ 140.241260985, 35.797180942 ], [ 140.241186234, 35.797005836 ] ] ] } },
{ "type": "Feature", "properties": { "fid": 4192, "daicho_shubetsu_cd": "FUD25", "layer": "筆ポリゴン（2025年公開）_20260708233407", "fid_2": 6226, "事業年度": 2026, "物件番号": 6358, "GIS物件番号": null, "大字コード": 2040, "大字名": "吉高", "小字コード": 41, "小字名": "中", "__EMPTY": "吉高3414", "本番": 3414, "枝番": "0", "子番": 0, "孫番": false, "付番": false, "所在地番号": "2.04004103414e+28", "農地管理番号": 1, "耕地番号": 1, "所在地名": "吉高中3414", "マッチングさせるデータ": "吉高中3414", "空散対象区分1": 2, "空散対象区分2": null, "空散外面積1": 0, "空散外面積2": false, "集計転作面積": 0, "散布面積1": null, "散布面積2": null, "支払者集落": 0, "支払者集落名": null, "支払者コード": 0, "支払者名": null, "支払者住所": null, "支払者電話番号": null, "農地異動適用法": false, "農地異動適用法名": null, "利用集積計画番号": null, "適用法開始年月日": null, "適用法終了年月日": null, "備考": "松本　茂", "所有者世帯番号": 1981, "所有者個人番号": 8445, "借受者世帯番号": 1981, "借受者個人番号": 8445, "農地予備数字１": null, "農地予備数字２": null, "農地予備数字３": null, "農地予備数字４": null, "農地予備数字５": null, "農地予備文字１": null, "農地予備文字２": null, "農地予備文字３": null, "農地予備文字４": null, "農地予備文字５": null, "手動一致フラグ": null, "計算面積（アール）": 16, "散布班": "18-⑨", "地区名": "2026印西市" }, "geometry": { "type": "Polygon", "coordinates": [ [ [ 140.23164159800001, 35.797299409 ], [ 140.232411904, 35.797060517 ], [ 140.232336475000011, 35.796906981 ], [ 140.232290767, 35.796890489 ], [ 140.231565647999986, 35.797107259 ], [ 140.23164159800001, 35.797299409 ] ] ] } },
{ "type": "Feature", "properties": { "fid": 4193, "daicho_shubetsu_cd": "FUD25", "layer": "筆ポリゴン（2025年公開）_20260708233407", "fid_2": 6227, "事業年度": 2026, "物件番号": null, "GIS物件番号": null, "大字コード": 2050, "大字名": "萩原", "小字コード": 4, "小字名": "株木下", "__EMPTY": "萩原3147", "本番": 3147, "枝番": "1", "子番": 0, "孫番": false, "付番": false, "所在地番号": "2.05000403147e+28", "農地管理番号": 1, "耕地番号": 7, "所在地名": "萩原株木下3147-1", "マッチングさせるデータ": "萩原株木下3147-1", "空散対象区分1": 2, "空散対象区分2": null, "空散外面積1": 0, "空散外面積2": false, "集計転作面積": 0, "散布面積1": null, "散布面積2": null, "支払者集落": 0, "支払者集落名": null, "支払者コード": 0, "支払者名": null, "支払者住所": null, "支払者電話番号": null, "農地異動適用法": false, "農地異動適用法名": null, "利用集積計画番号": null, "適用法開始年月日": null, "適用法終了年月日": null, "備考": "石井　五兵衛", "所有者世帯番号": 2104, "所有者個人番号": 3688, "借受者世帯番号": 2104, "借受者個人番号": 3688, "農地予備数字１": null, "農地予備数字２": null, "農地予備数字３": null, "農地予備数字４": null, "農地予備数字５": null, "農地予備文字１": null, "農地予備文字２": null, "農地予備文字３": null, "農地予備文字４": null, "農地予備文字５": null, "手動一致フラグ": null, "計算面積（アール）": 18, "散布班": "18-④", "地区名": "2026印西市" }, "geometry": { "type": "Polygon", "coordinates": [ [ [ 140.220401818, 35.797591042 ], [ 140.220402291999989, 35.79768877 ], [ 140.22041988, 35.797781788 ], [ 140.220437401, 35.797860846 ], [ 140.220469213, 35.797942185 ], [ 140.220961022000012, 35.797465915 ], [ 140.220725847000011, 35.797266562 ], [ 140.220401818, 35.797591042 ] ] ] } },
{ "type": "Feature", "properties": { "fid": 4194, "daicho_shubetsu_cd": "FUD25", "layer": "筆ポリゴン（2025年公開）_20260708233407", "fid_2": 6228, "事業年度": 2026, "物件番号": 7782, "GIS物件番号": null, "大字コード": 2050, "大字名": "萩原", "小字コード": 28, "小字名": "東埜", "__EMPTY": "萩原3533", "本番": 3533, "枝番": "0", "子番": 0, "孫番": false, "付番": false, "所在地番号": "2.05002803533e+28", "農地管理番号": 1, "耕地番号": 8, "所在地名": "萩原東埜3533", "マッチングさせるデータ": "萩原東埜3533", "空散対象区分1": 2, "空散対象区分2": null, "空散外面積1": 0, "空散外面積2": false, "集計転作面積": 0, "散布面積1": null, "散布面積2": null, "支払者集落": 0, "支払者集落名": null, "支払者コード": 0, "支払者名": null, "支払者住所": null, "支払者電話番号": null, "農地異動適用法": false, "農地異動適用法名": null, "利用集積計画番号": null, "適用法開始年月日": null, "適用法終了年月日": null, "備考": "石井　五兵衛", "所有者世帯番号": 2104, "所有者個人番号": 3688, "借受者世帯番号": 2104, "借受者個人番号": 3688, "農地予備数字１": null, "農地予備数字２": null, "農地予備数字３": null, "農地予備数字４": null, "農地予備数字５": null, "農地予備文字１": null, "農地予備文字２": null, "農地予備文字３": null, "農地予備文字４": null, "農地予備文字５": null, "手動一致フラグ": null, "計算面積（アール）": 23, "散布班": "18-⑤", "地区名": "2026印西市" }, "geometry": { "type": "Polygon", "coordinates": [ [ [ 140.225351759, 35.800424334 ], [ 140.225538598000014, 35.800544216 ], [ 140.226222524, 35.799821266 ], [ 140.226051541, 35.799710488 ], [ 140.226034246000012, 35.799730381 ], [ 140.225997394, 35.799712667 ], [ 140.225351759, 35.800424334 ] ] ] } },
{ "type": "Feature", "properties": { "fid": 4195, "daicho_shubetsu_cd": "FUD25", "layer": "筆ポリゴン（2025年公開）_20260708233407", "fid_2": 6229, "事業年度": 2026, "物件番号": 7783, "GIS物件番号": null, "大字コード": 2050, "大字名": "萩原", "小字コード": 28, "小字名": "東埜", "__EMPTY": "萩原3534", "本番": 3534, "枝番": "0", "子番": 0, "孫番": false, "付番": false, "所在地番号": "2.05002803534e+28", "農地管理番号": 1, "耕地番号": 9, "所在地名": "萩原東埜3534", "マッチングさせるデータ": "萩原東埜3534", "空散対象区分1": 2, "空散対象区分2": null, "空散外面積1": 0, "空散外面積2": false, "集計転作面積": 0, "散布面積1": null, "散布面積2": null, "支払者集落": 0, "支払者集落名": null, "支払者コード": 0, "支払者名": null, "支払者住所": null, "支払者電話番号": null, "農地異動適用法": false, "農地異動適用法名": null, "利用集積計画番号": null, "適用法開始年月日": null, "適用法終了年月日": null, "備考": "石井　五兵衛", "所有者世帯番号": 2104, "所有者個人番号": 3688, "借受者世帯番号": 2104, "借受者個人番号": 3688, "農地予備数字１": null, "農地予備数字２": null, "農地予備数字３": null, "農地予備数字４": null, "農地予備数字５": null, "農地予備文字１": null, "農地予備文字２": null, "農地予備文字３": null, "農地予備文字４": null, "農地予備文字５": null, "手動一致フラグ": null, "計算面積（アール）": 31, "散布班": "18-⑤", "地区名": "2026印西市" }, "geometry": { "type": "Polygon", "coordinates": [ [ [ 140.22507701, 35.800251187 ], [ 140.225351759, 35.800424334 ], [ 140.225997394, 35.799712667 ], [ 140.226021913000011, 35.799685811 ], [ 140.225757459, 35.799520563 ], [ 140.22507701, 35.800251187 ] ] ] } },
{ "type": "Feature", "properties": { "fid": 4196, "daicho_shubetsu_cd": "FUD25", "layer": "筆ポリゴン（2025年公開）_20260708233407", "fid_2": 6230, "事業年度": 2026, "物件番号": null, "GIS物件番号": null, "大字コード": 2051, "大字名": "萩原干拓", "小字コード": 0, "小字名": null, "__EMPTY": "萩原干拓131", "本番": 131, "枝番": "0", "子番": 0, "孫番": false, "付番": false, "所在地番号": "2.05100000131e+28", "農地管理番号": 1, "耕地番号": 10, "所在地名": "萩原干拓131-1", "マッチングさせるデータ": "萩原干拓131-1", "空散対象区分1": 2, "空散対象区分2": null, "空散外面積1": 0, "空散外面積2": false, "集計転作面積": 0, "散布面積1": null, "散布面積2": null, "支払者集落": 0, "支払者集落名": null, "支払者コード": 0, "支払者名": null, "支払者住所": null, "支払者電話番号": null, "農地異動適用法": false, "農地異動適用法名": null, "利用集積計画番号": null, "適用法開始年月日": null, "適用法終了年月日": null, "備考": "石井　五兵衛", "所有者世帯番号": 2104, "所有者個人番号": 3688, "借受者世帯番号": 2104, "借受者個人番号": 3688, "農地予備数字１": null, "農地予備数字２": null, "農地予備数字３": null, "農地予備数字４": null, "農地予備数字５": null, "農地予備文字１": null, "農地予備文字２": null, "農地予備文字３": null, "農地予備文字４": null, "農地予備文字５": null, "手動一致フラグ": null, "計算面積（アール）": 3, "散布班": "18-⑤", "地区名": "2026印西市" }, "geometry": { "type": "Polygon", "coordinates": [ [ [ 140.225762344790866, 35.803091739005488 ], [ 140.226393800837315, 35.802420393956638 ], [ 140.226362113, 35.802399125 ], [ 140.225739958, 35.803077722 ], [ 140.225762344790866, 35.803091739005488 ] ] ] } },
{ "type": "Feature", "properties": { "fid": 4197, "daicho_shubetsu_cd": "FUD25", "layer": "筆ポリゴン（2025年公開）_20260708233407", "fid_2": 6231, "事業年度": 2026, "物件番号": null, "GIS物件番号": null, "大字コード": 2051, "大字名": "萩原干拓", "小字コード": 0, "小字名": null, "__EMPTY": "萩原干拓132", "本番": 132, "枝番": "0", "子番": 0, "孫番": false, "付番": false, "所在地番号": "2.05100000132e+28", "農地管理番号": 1, "耕地番号": 11, "所在地名": "萩原干拓132-1", "マッチングさせるデータ": "萩原干拓132-1", "空散対象区分1": 2, "空散対象区分2": null, "空散外面積1": 0, "空散外面積2": false, "集計転作面積": 0, "散布面積1": null, "散布面積2": null, "支払者集落": 0, "支払者集落名": null, "支払者コード": 0, "支払者名": null, "支払者住所": null, "支払者電話番号": null, "農地異動適用法": false, "農地異動適用法名": null, "利用集積計画番号": null, "適用法開始年月日": null, "適用法終了年月日": null, "備考": "石井　五兵衛", "所有者世帯番号": 2104, "所有者個人番号": 3688, "借受者世帯番号": 2104, "借受者個人番号": 3688, "農地予備数字１": null, "農地予備数字２": null, "農地予備数字３": null, "農地予備数字４": null, "農地予備数字５": null, "農地予備文字１": null, "農地予備文字２": null, "農地予備文字３": null, "農地予備文字４": null, "農地予備文字５": null, "手動一致フラグ": null, "計算面積（アール）": 6, "散布班": "18-⑤", "地区名": "2026印西市" }, "geometry": { "type": "Polygon", "coordinates": [ [ [ 140.226393800837315, 35.802420393956638 ], [ 140.225762344790866, 35.803091739005488 ], [ 140.225823262, 35.803129881 ], [ 140.226447433, 35.802456392 ], [ 140.226393800837315, 35.802420393956638 ] ] ] } },
{ "type": "Feature", "properties": { "fid": 4199, "daicho_shubetsu_cd": "FUD25", "layer": "筆ポリゴン（2025年公開）_20260708233407", "fid_2": 6233, "事業年度": 2026, "物件番号": 6561, "GIS物件番号": null, "大字コード": 2041, "大字名": "吉高干拓", "小字コード": 0, "小字名": null, "__EMPTY": "吉高干拓41", "本番": 41, "枝番": "0", "子番": 0, "孫番": false, "付番": false, "所在地番号": "2.04100000041e+28", "農地管理番号": 1, "耕地番号": 27, "所在地名": "吉高干拓41", "マッチングさせるデータ": "吉高干拓41", "空散対象区分1": 2, "空散対象区分2": null, "空散外面積1": 0, "空散外面積2": false, "集計転作面積": 0, "散布面積1": null, "散布面積2": null, "支払者集落": 0, "支払者集落名": null, "支払者コード": 0, "支払者名": null, "支払者住所": null, "支払者電話番号": null, "農地異動適用法": false, "農地異動適用法名": null, "利用集積計画番号": null, "適用法開始年月日": null, "適用法終了年月日": null, "備考": "平山　正博", "所有者世帯番号": 2107, "所有者個人番号": 4204, "借受者世帯番号": 2106, "借受者個人番号": 8638, "農地予備数字１": null, "農地予備数字２": null, "農地予備数字３": null, "農地予備数字４": null, "農地予備数字５": null, "農地予備文字１": null, "農地予備文字２": null, "農地予備文字３": null, "農地予備文字４": null, "農地予備文字５": null, "手動一致フラグ": null, "計算面積（アール）": 21, "散布班": "18-⑨", "地区名": "2026印西市" }, "geometry": { "type": "Polygon", "coordinates": [ [ [ 140.235564765, 35.79845803 ], [ 140.234513897, 35.798791593 ], [ 140.23458745, 35.798956124 ], [ 140.235643027, 35.798635399 ], [ 140.235564765, 35.79845803 ] ] ] } },
{ "type": "Feature", "properties": { "fid": 4200, "daicho_shubetsu_cd": "FUD25", "layer": "筆ポリゴン（2025年公開）_20260708233407", "fid_2": 6234, "事業年度": 2026, "物件番号": 6562, "GIS物件番号": null, "大字コード": 2041, "大字名": "吉高干拓", "小字コード": 0, "小字名": null, "__EMPTY": "吉高干拓42", "本番": 42, "枝番": "0", "子番": 0, "孫番": false, "付番": false, "所在地番号": "2.04100000042e+28", "農地管理番号": 1, "耕地番号": 28, "所在地名": "吉高干拓42", "マッチングさせるデータ": "吉高干拓42", "空散対象区分1": 2, "空散対象区分2": null, "空散外面積1": 0, "空散外面積2": false, "集計転作面積": 0, "散布面積1": null, "散布面積2": null, "支払者集落": 0, "支払者集落名": null, "支払者コード": 0, "支払者名": null, "支払者住所": null, "支払者電話番号": null, "農地異動適用法": false, "農地異動適用法名": null, "利用集積計画番号": null, "適用法開始年月日": null, "適用法終了年月日": null, "備考": "平山　正博", "所有者世帯番号": 2107, "所有者個人番号": 4204, "借受者世帯番号": 2106, "借受者個人番号": 8638, "農地予備数字１": null, "農地予備数字２": null, "農地予備数字３": null, "農地予備数字４": null, "農地予備数字５": null, "農地予備文字１": null, "農地予備文字２": null, "農地予備文字３": null, "農地予備文字４": null, "農地予備文字５": null, "手動一致フラグ": null, "計算面積（アール）": 9, "散布班": "18-⑨", "地区名": "2026印西市" }, "geometry": { "type": "Polygon", "coordinates": [ [ [ 140.2355277067727, 35.798380330765184 ], [ 140.234478731647243, 35.79871424889194 ], [ 140.234513897, 35.798791593 ], [ 140.235564765, 35.79845803 ], [ 140.2355277067727, 35.798380330765184 ] ] ] } },
{ "type": "Feature", "properties": { "fid": 4201, "daicho_shubetsu_cd": "FUD25", "layer": "筆ポリゴン（2025年公開）_20260708233407", "fid_2": 6235, "事業年度": 2026, "物件番号": 6563, "GIS物件番号": null, "大字コード": 2041, "大字名": "吉高干拓", "小字コード": 0, "小字名": null, "__EMPTY": "吉高干拓43", "本番": 43, "枝番": "0", "子番": 0, "孫番": false, "付番": false, "所在地番号": "2.04100000043e+28", "農地管理番号": 1, "耕地番号": 29, "所在地名": "吉高干拓43", "マッチングさせるデータ": "吉高干拓43", "空散対象区分1": 2, "空散対象区分2": null, "空散外面積1": 0, "空散外面積2": false, "集計転作面積": 0, "散布面積1": null, "散布面積2": null, "支払者集落": 0, "支払者集落名": null, "支払者コード": 0, "支払者名": null, "支払者住所": null, "支払者電話番号": null, "農地異動適用法": false, "農地異動適用法名": null, "利用集積計画番号": null, "適用法開始年月日": null, "適用法終了年月日": null, "備考": "平山　正博", "所有者世帯番号": 2107, "所有者個人番号": 4204, "借受者世帯番号": 2106, "借受者個人番号": 8638, "農地予備数字１": null, "農地予備数字２": null, "農地予備数字３": null, "農地予備数字４": null, "農地予備数字５": null, "農地予備文字１": null, "農地予備文字２": null, "農地予備文字３": null, "農地予備文字４": null, "農地予備文字５": null, "手動一致フラグ": null, "計算面積（アール）": 21, "散布班": "18-⑨", "地区名": "2026印西市" }, "geometry": { "type": "Polygon", "coordinates": [ [ [ 140.234478731647243, 35.79871424889194 ], [ 140.2355277067727, 35.798380330765184 ], [ 140.235443509, 35.798203795 ], [ 140.234398038, 35.798536768 ], [ 140.234478731647243, 35.79871424889194 ] ] ] } },
{ "type": "Feature", "properties": { "fid": 4202, "daicho_shubetsu_cd": "FUD25", "layer": "筆ポリゴン（2025年公開）_20260708233407", "fid_2": 6236, "事業年度": 2026, "物件番号": 6564, "GIS物件番号": null, "大字コード": 2041, "大字名": "吉高干拓", "小字コード": 0, "小字名": null, "__EMPTY": "吉高干拓44", "本番": 44, "枝番": "0", "子番": 0, "孫番": false, "付番": false, "所在地番号": "2.04100000044e+28", "農地管理番号": 1, "耕地番号": 18, "所在地名": "吉高干拓44", "マッチングさせるデータ": "吉高干拓44", "空散対象区分1": 2, "空散対象区分2": null, "空散外面積1": 0, "空散外面積2": false, "集計転作面積": 0, "散布面積1": null, "散布面積2": null, "支払者集落": 0, "支払者集落名": null, "支払者コード": 0, "支払者名": null, "支払者住所": null, "支払者電話番号": null, "農地異動適用法": false, "農地異動適用法名": null, "利用集積計画番号": null, "適用法開始年月日": null, "適用法終了年月日": null, "備考": "平山　稔", "所有者世帯番号": 2166, "所有者個人番号": 4217, "借受者世帯番号": 2106, "借受者個人番号": 8638, "農地予備数字１": null, "農地予備数字２": null, "農地予備数字３": null, "農地予備数字４": null, "農地予備数字５": null, "農地予備文字１": null, "農地予備文字２": null, "農地予備文字３": null, "農地予備文字４": null, "農地予備文字５": null, "手動一致フラグ": null, "計算面積（アール）": 24, "散布班": "18-⑨", "地区名": "2026印西市" }, "geometry": { "type": "Polygon", "coordinates": [ [ [ 140.235350189, 35.797995936 ], [ 140.234302367, 35.79833978 ], [ 140.234398038, 35.798536768 ], [ 140.235443509, 35.798203795 ], [ 140.235350189, 35.797995936 ] ] ] } },
{ "type": "Feature", "properties": { "fid": 4203, "daicho_shubetsu_cd": "FUD25", "layer": "筆ポリゴン（2025年公開）_20260708233407", "fid_2": 6237, "事業年度": 2026, "物件番号": 6565, "GIS物件番号": null, "大字コード": 2041, "大字名": "吉高干拓", "小字コード": 0, "小字名": null, "__EMPTY": "吉高干拓45", "本番": 45, "枝番": "0", "子番": 0, "孫番": false, "付番": false, "所在地番号": "2.04100000045e+28", "農地管理番号": 1, "耕地番号": 19, "所在地名": "吉高干拓45", "マッチングさせるデータ": "吉高干拓45", "空散対象区分1": 2, "空散対象区分2": null, "空散外面積1": 0, "空散外面積2": false, "集計転作面積": 0, "散布面積1": null, "散布面積2": null, "支払者集落": 0, "支払者集落名": null, "支払者コード": 0, "支払者名": null, "支払者住所": null, "支払者電話番号": null, "農地異動適用法": false, "農地異動適用法名": null, "利用集積計画番号": null, "適用法開始年月日": null, "適用法終了年月日": null, "備考": "平山　稔", "所有者世帯番号": 2166, "所有者個人番号": 4217, "借受者世帯番号": 2106, "借受者個人番号": 8638, "農地予備数字１": null, "農地予備数字２": null, "農地予備数字３": null, "農地予備数字４": null, "農地予備数字５": null, "農地予備文字１": null, "農地予備文字２": null, "農地予備文字３": null, "農地予備文字４": null, "農地予備文字５": null, "手動一致フラグ": null, "計算面積（アール）": 19, "散布班": "18-⑨", "地区名": "2026印西市" }, "geometry": { "type": "Polygon", "coordinates": [ [ [ 140.235279753176314, 35.797843365148388 ], [ 140.234230360492404, 35.798180163475998 ], [ 140.234302367, 35.79833978 ], [ 140.235350189, 35.797995936 ], [ 140.235279753176314, 35.797843365148388 ] ] ] } },
{ "type": "Feature", "properties": { "fid": 4204, "daicho_shubetsu_cd": "FUD25", "layer": "筆ポリゴン（2025年公開）_20260708233407", "fid_2": 6238, "事業年度": 2026, "物件番号": 6566, "GIS物件番号": null, "大字コード": 2041, "大字名": "吉高干拓", "小字コード": 0, "小字名": null, "__EMPTY": "吉高干拓46", "本番": 46, "枝番": "0", "子番": 0, "孫番": false, "付番": false, "所在地番号": "2.04100000046e+28", "農地管理番号": 1, "耕地番号": 20, "所在地名": "吉高干拓46", "マッチングさせるデータ": "吉高干拓46", "空散対象区分1": 2, "空散対象区分2": null, "空散外面積1": 0, "空散外面積2": false, "集計転作面積": 0, "散布面積1": null, "散布面積2": null, "支払者集落": 0, "支払者集落名": null, "支払者コード": 0, "支払者名": null, "支払者住所": null, "支払者電話番号": null, "農地異動適用法": false, "農地異動適用法名": null, "利用集積計画番号": null, "適用法開始年月日": null, "適用法終了年月日": null, "備考": "平山　稔", "所有者世帯番号": 2166, "所有者個人番号": 4217, "借受者世帯番号": 2106, "借受者個人番号": 8638, "農地予備数字１": null, "農地予備数字２": null, "農地予備数字３": null, "農地予備数字４": null, "農地予備数字５": null, "農地予備文字１": null, "農地予備文字２": null, "農地予備文字３": null, "農地予備文字４": null, "農地予備文字５": null, "手動一致フラグ": null, "計算面積（アール）": 19, "散布班": "18-⑨", "地区名": "2026印西市" }, "geometry": { "type": "Polygon", "coordinates": [ [ [ 140.234230360492404, 35.798180163475998 ], [ 140.235279753176314, 35.797843365148388 ], [ 140.235210253, 35.797692821 ], [ 140.23415427, 35.798011494 ], [ 140.234230360492404, 35.798180163475998 ] ] ] } },
{ "type": "Feature", "properties": { "fid": 4205, "daicho_shubetsu_cd": "FUD25", "layer": "筆ポリゴン（2025年公開）_20260708233407", "fid_2": 6239, "事業年度": 2026, "物件番号": 6901, "GIS物件番号": null, "大字コード": 2050, "大字名": "萩原", "小字コード": 4, "小字名": "株木下", "__EMPTY": "萩原3203", "本番": 3203, "枝番": "0", "子番": 0, "孫番": false, "付番": false, "所在地番号": "2.05000403203e+28", "農地管理番号": 1, "耕地番号": 9, "所在地名": "萩原株木下3203", "マッチングさせるデータ": "萩原株木下3203", "空散対象区分1": 2, "空散対象区分2": null, "空散外面積1": 0, "空散外面積2": false, "集計転作面積": 0, "散布面積1": null, "散布面積2": null, "支払者集落": 0, "支払者集落名": null, "支払者コード": 0, "支払者名": null, "支払者住所": null, "支払者電話番号": null, "農地異動適用法": false, "農地異動適用法名": null, "利用集積計画番号": null, "適用法開始年月日": null, "適用法終了年月日": null, "備考": "石橋　せつ", "所有者世帯番号": 2106, "所有者個人番号": 8638, "借受者世帯番号": 2106, "借受者個人番号": 8638, "農地予備数字１": null, "農地予備数字２": null, "農地予備数字３": null, "農地予備数字４": null, "農地予備数字５": null, "農地予備文字１": null, "農地予備文字２": null, "農地予備文字３": null, "農地予備文字４": null, "農地予備文字５": null, "手動一致フラグ": null, "計算面積（アール）": 26, "散布班": "18-④", "地区名": "2026印西市" }, "geometry": { "type": "Polygon", "coordinates": [ [ [ 140.217548611000012, 35.798986352 ], [ 140.21732809, 35.798842161 ], [ 140.21730629000001, 35.798865437 ], [ 140.216627087, 35.799539428 ], [ 140.216843445, 35.799688064 ], [ 140.217548611000012, 35.798986352 ] ] ] } },
{ "type": "Feature", "properties": { "fid": 4206, "daicho_shubetsu_cd": "FUD25", "layer": "筆ポリゴン（2025年公開）_20260708233407", "fid_2": 6240, "事業年度": 2026, "物件番号": 7015, "GIS物件番号": null, "大字コード": 2050, "大字名": "萩原", "小字コード": 6, "小字名": "城内下", "__EMPTY": "萩原3331", "本番": 3331, "枝番": "0", "子番": 0, "孫番": false, "付番": false, "所在地番号": "2.05000603331e+28", "農地管理番号": 1, "耕地番号": 1, "所在地名": "萩原城内下3331", "マッチングさせるデータ": "萩原城内下3331", "空散対象区分1": 2, "空散対象区分2": null, "空散外面積1": 0, "空散外面積2": false, "集計転作面積": 0, "散布面積1": null, "散布面積2": null, "支払者集落": 0, "支払者集落名": null, "支払者コード": 0, "支払者名": null, "支払者住所": null, "支払者電話番号": null, "農地異動適用法": false, "農地異動適用法名": null, "利用集積計画番号": null, "適用法開始年月日": null, "適用法終了年月日": null, "備考": "石田　勝徳", "所有者世帯番号": 2106, "所有者個人番号": 8638, "借受者世帯番号": 2106, "借受者個人番号": 8638, "農地予備数字１": null, "農地予備数字２": null, "農地予備数字３": null, "農地予備数字４": null, "農地予備数字５": null, "農地予備文字１": null, "農地予備文字２": null, "農地予備文字３": null, "農地予備文字４": null, "農地予備文字５": null, "手動一致フラグ": null, "計算面積（アール）": 14, "散布班": "18-①", "地区名": "2026印西市" }, "geometry": { "type": "Polygon", "coordinates": [ [ [ 140.212945366000014, 35.801921845 ], [ 140.212977883, 35.802044444 ], [ 140.214018001, 35.801828741 ], [ 140.214002215, 35.801785948 ], [ 140.214041148, 35.801781065 ], [ 140.214021261, 35.801695442 ], [ 140.21397844, 35.801701924 ], [ 140.212945366000014, 35.801921845 ] ] ] } },
{ "type": "Feature", "properties": { "fid": 4207, "daicho_shubetsu_cd": "FUD25", "layer": "筆ポリゴン（2025年公開）_20260708233407", "fid_2": 6241, "事業年度": 2026, "物件番号": 7148, "GIS物件番号": null, "大字コード": 2050, "大字名": "萩原", "小字コード": 8, "小字名": "和田下", "__EMPTY": "萩原3445", "本番": 3445, "枝番": "0", "子番": 0, "孫番": false, "付番": false, "所在地番号": "2.05000803445e+28", "農地管理番号": 1, "耕地番号": 2, "所在地名": "萩原和田下3445", "マッチングさせるデータ": "萩原和田下3445", "空散対象区分1": 2, "空散対象区分2": null, "空散外面積1": 0, "空散外面積2": false, "集計転作面積": 0, "散布面積1": null, "散布面積2": null, "支払者集落": 0, "支払者集落名": null, "支払者コード": 0, "支払者名": null, "支払者住所": null, "支払者電話番号": null, "農地異動適用法": false, "農地異動適用法名": null, "利用集積計画番号": null, "適用法開始年月日": null, "適用法終了年月日": null, "備考": "石田　勝徳", "所有者世帯番号": 2106, "所有者個人番号": 8638, "借受者世帯番号": 2106, "借受者個人番号": 8638, "農地予備数字１": null, "農地予備数字２": null, "農地予備数字３": null, "農地予備数字４": null, "農地予備数字５": null, "農地予備文字１": null, "農地予備文字２": null, "農地予備文字３": null, "農地予備文字４": null, "農地予備文字５": null, "手動一致フラグ": null, "計算面積（アール）": 14, "散布班": "18-①", "地区名": "2026印西市" }, "geometry": { "type": "Polygon", "coordinates": [ [ [ 140.209239845000013, 35.801955339 ], [ 140.209206220999988, 35.801834274 ], [ 140.209140853, 35.801850634 ], [ 140.208123363, 35.802060619 ], [ 140.20816459400001, 35.802183617 ], [ 140.209239845000013, 35.801955339 ] ] ] } },
{ "type": "Feature", "properties": { "fid": 4210, "daicho_shubetsu_cd": "FUD25", "layer": "筆ポリゴン（2025年公開）_20260708233407", "fid_2": 6245, "事業年度": 2026, "物件番号": 7773, "GIS物件番号": null, "大字コード": 2050, "大字名": "萩原", "小字コード": 28, "小字名": "東埜", "__EMPTY": "萩原3527", "本番": 3527, "枝番": "1", "子番": 0, "孫番": false, "付番": false, "所在地番号": "2.05002803527e+28", "農地管理番号": 1, "耕地番号": 23, "所在地名": "萩原東埜3527-1", "マッチングさせるデータ": "萩原東埜3527-1", "空散対象区分1": 2, "空散対象区分2": null, "空散外面積1": 0, "空散外面積2": false, "集計転作面積": 0, "散布面積1": null, "散布面積2": null, "支払者集落": 0, "支払者集落名": null, "支払者コード": 0, "支払者名": null, "支払者住所": null, "支払者電話番号": null, "農地異動適用法": false, "農地異動適用法名": null, "利用集積計画番号": null, "適用法開始年月日": null, "適用法終了年月日": null, "備考": "平山　稔", "所有者世帯番号": 2166, "所有者個人番号": 4217, "借受者世帯番号": 2106, "借受者個人番号": 8638, "農地予備数字１": null, "農地予備数字２": null, "農地予備数字３": null, "農地予備数字４": null, "農地予備数字５": null, "農地予備文字１": null, "農地予備文字２": null, "農地予備文字３": null, "農地予備文字４": null, "農地予備文字５": null, "手動一致フラグ": null, "計算面積（アール）": 14, "散布班": "18-⑤", "地区名": "2026印西市" }, "geometry": { "type": "Polygon", "coordinates": [ [ [ 140.227173107878997, 35.800407356981403 ], [ 140.226502039623767, 35.801143020041977 ], [ 140.226619827, 35.801216957 ], [ 140.22727648, 35.800514974 ], [ 140.227244759, 35.800498475 ], [ 140.22726925500001, 35.800467156 ], [ 140.227173107878997, 35.800407356981403 ] ] ] } },
{ "type": "Feature", "properties": { "fid": 4211, "daicho_shubetsu_cd": "FUD25", "layer": "筆ポリゴン（2025年公開）_20260708233407", "fid_2": 6246, "事業年度": 2026, "物件番号": 7774, "GIS物件番号": null, "大字コード": 2050, "大字名": "萩原", "小字コード": 28, "小字名": "東埜", "__EMPTY": "萩原3527", "本番": 3527, "枝番": "2", "子番": 0, "孫番": false, "付番": false, "所在地番号": "2.05002803527e+28", "農地管理番号": 1, "耕地番号": 24, "所在地名": "萩原東埜3527-2", "マッチングさせるデータ": "萩原東埜3527-2", "空散対象区分1": 2, "空散対象区分2": null, "空散外面積1": 0, "空散外面積2": false, "集計転作面積": 0, "散布面積1": null, "散布面積2": null, "支払者集落": 0, "支払者集落名": null, "支払者コード": 0, "支払者名": null, "支払者住所": null, "支払者電話番号": null, "農地異動適用法": false, "農地異動適用法名": null, "利用集積計画番号": null, "適用法開始年月日": null, "適用法終了年月日": null, "備考": "平山　稔", "所有者世帯番号": 2166, "所有者個人番号": 4217, "借受者世帯番号": 2106, "借受者個人番号": 8638, "農地予備数字１": null, "農地予備数字２": null, "農地予備数字３": null, "農地予備数字４": null, "農地予備数字５": null, "農地予備文字１": null, "農地予備文字２": null, "農地予備文字３": null, "農地予備文字４": null, "農地予備文字５": null, "手動一致フラグ": null, "計算面積（アール）": 14, "散布班": "18-⑤", "地区名": "2026印西市" }, "geometry": { "type": "Polygon", "coordinates": [ [ [ 140.226502039623767, 35.801143020041977 ], [ 140.227173107878997, 35.800407356981403 ], [ 140.227054466971339, 35.800333567878084 ], [ 140.226374975100953, 35.801063259675558 ], [ 140.226502039623767, 35.801143020041977 ] ] ] } },
{ "type": "Feature", "properties": { "fid": 4212, "daicho_shubetsu_cd": "FUD25", "layer": "筆ポリゴン（2025年公開）_20260708233407", "fid_2": 6247, "事業年度": 2026, "物件番号": 7775, "GIS物件番号": null, "大字コード": 2050, "大字名": "萩原", "小字コード": 28, "小字名": "東埜", "__EMPTY": "萩原3528", "本番": 3528, "枝番": "0", "子番": 0, "孫番": false, "付番": false, "所在地番号": "2.05002803528e+28", "農地管理番号": 1, "耕地番号": 25, "所在地名": "萩原東埜3528", "マッチングさせるデータ": "萩原東埜3528", "空散対象区分1": 2, "空散対象区分2": null, "空散外面積1": 0, "空散外面積2": false, "集計転作面積": 0, "散布面積1": null, "散布面積2": null, "支払者集落": 0, "支払者集落名": null, "支払者コード": 0, "支払者名": null, "支払者住所": null, "支払者電話番号": null, "農地異動適用法": false, "農地異動適用法名": null, "利用集積計画番号": null, "適用法開始年月日": null, "適用法終了年月日": null, "備考": "平山　稔", "所有者世帯番号": 2166, "所有者個人番号": 4217, "借受者世帯番号": 2106, "借受者個人番号": 8638, "農地予備数字１": null, "農地予備数字２": null, "農地予備数字３": null, "農地予備数字４": null, "農地予備数字５": null, "農地予備文字１": null, "農地予備文字２": null, "農地予備文字３": null, "農地予備文字４": null, "農地予備文字５": null, "手動一致フラグ": null, "計算面積（アール）": 18, "散布班": "18-⑤", "地区名": "2026印西市" }, "geometry": { "type": "Polygon", "coordinates": [ [ [ 140.226374975100953, 35.801063259675558 ], [ 140.227054466971339, 35.800333567878084 ], [ 140.226904763, 35.800240459 ], [ 140.226219942, 35.800965943 ], [ 140.226374975100953, 35.801063259675558 ] ] ] } },
{ "type": "Feature", "properties": { "fid": 4213, "daicho_shubetsu_cd": "FUD25", "layer": "筆ポリゴン（2025年公開）_20260708233407", "fid_2": 6248, "事業年度": 2026, "物件番号": 7784, "GIS物件番号": null, "大字コード": 2050, "大字名": "萩原", "小字コード": 28, "小字名": "東埜", "__EMPTY": "萩原3535", "本番": 3535, "枝番": "1", "子番": 0, "孫番": false, "付番": false, "所在地番号": "2.05002803535e+28", "農地管理番号": 1, "耕地番号": 11, "所在地名": "萩原東埜3535-1", "マッチングさせるデータ": "萩原東埜3535-1", "空散対象区分1": 2, "空散対象区分2": null, "空散外面積1": 0, "空散外面積2": false, "集計転作面積": 0, "散布面積1": null, "散布面積2": null, "支払者集落": 0, "支払者集落名": null, "支払者コード": 0, "支払者名": null, "支払者住所": null, "支払者電話番号": null, "農地異動適用法": false, "農地異動適用法名": null, "利用集積計画番号": null, "適用法開始年月日": null, "適用法終了年月日": null, "備考": "天野　正司", "所有者世帯番号": 2102, "所有者個人番号": 3660, "借受者世帯番号": 2106, "借受者個人番号": 8638, "農地予備数字１": null, "農地予備数字２": null, "農地予備数字３": null, "農地予備数字４": null, "農地予備数字５": null, "農地予備文字１": null, "農地予備文字２": null, "農地予備文字３": null, "農地予備文字４": null, "農地予備文字５": null, "手動一致フラグ": null, "計算面積（アール）": 13, "散布班": "18-⑤", "地区名": "2026印西市" }, "geometry": { "type": "Polygon", "coordinates": [ [ [ 140.224955488911917, 35.800173058046042 ], [ 140.225639722616847, 35.799447770318785 ], [ 140.225532885, 35.799381716 ], [ 140.225519549474996, 35.799382967042682 ], [ 140.224843292118237, 35.800100923914712 ], [ 140.224955488911917, 35.800173058046042 ] ] ] } },
{ "type": "Feature", "properties": { "fid": 4214, "daicho_shubetsu_cd": "FUD25", "layer": "筆ポリゴン（2025年公開）_20260708233407", "fid_2": 6249, "事業年度": 2026, "物件番号": 7785, "GIS物件番号": null, "大字コード": 2050, "大字名": "萩原", "小字コード": 28, "小字名": "東埜", "__EMPTY": "萩原3535", "本番": 3535, "枝番": "2", "子番": 0, "孫番": false, "付番": false, "所在地番号": "2.05002803535e+28", "農地管理番号": 1, "耕地番号": 12, "所在地名": "萩原東埜3535-2", "マッチングさせるデータ": "萩原東埜3535-2", "空散対象区分1": 2, "空散対象区分2": null, "空散外面積1": 0, "空散外面積2": false, "集計転作面積": 0, "散布面積1": null, "散布面積2": null, "支払者集落": 0, "支払者集落名": null, "支払者コード": 0, "支払者名": null, "支払者住所": null, "支払者電話番号": null, "農地異動適用法": false, "農地異動適用法名": null, "利用集積計画番号": null, "適用法開始年月日": null, "適用法終了年月日": null, "備考": "天野　正司", "所有者世帯番号": 2102, "所有者個人番号": 3660, "借受者世帯番号": 2106, "借受者個人番号": 8638, "農地予備数字１": null, "農地予備数字２": null, "農地予備数字３": null, "農地予備数字４": null, "農地予備数字５": null, "農地予備文字１": null, "農地予備文字２": null, "農地予備文字３": null, "農地予備文字４": null, "農地予備文字５": null, "手動一致フラグ": null, "計算面積（アール）": 14, "散布班": "18-⑤", "地区名": "2026印西市" }, "geometry": { "type": "Polygon", "coordinates": [ [ [ 140.225639722616847, 35.799447770318785 ], [ 140.224955488911917, 35.800173058046042 ], [ 140.22507701, 35.800251187 ], [ 140.225757459, 35.799520563 ], [ 140.225639722616847, 35.799447770318785 ] ] ] } },
{ "type": "Feature", "properties": { "fid": 4215, "daicho_shubetsu_cd": "FUD25", "layer": "筆ポリゴン（2025年公開）_20260708233407", "fid_2": 6250, "事業年度": 2026, "物件番号": 7786, "GIS物件番号": null, "大字コード": 2050, "大字名": "萩原", "小字コード": 28, "小字名": "東埜", "__EMPTY": "萩原3535", "本番": 3535, "枝番": "3", "子番": 0, "孫番": false, "付番": false, "所在地番号": "2.05002803535e+28", "農地管理番号": 1, "耕地番号": 13, "所在地名": "萩原東埜3535-3", "マッチングさせるデータ": "萩原東埜3535-3", "空散対象区分1": 2, "空散対象区分2": null, "空散外面積1": 0, "空散外面積2": false, "集計転作面積": 0, "散布面積1": null, "散布面積2": null, "支払者集落": 0, "支払者集落名": null, "支払者コード": 0, "支払者名": null, "支払者住所": null, "支払者電話番号": null, "農地異動適用法": false, "農地異動適用法名": null, "利用集積計画番号": null, "適用法開始年月日": null, "適用法終了年月日": null, "備考": "天野　正司", "所有者世帯番号": 2102, "所有者個人番号": 3660, "借受者世帯番号": 2106, "借受者個人番号": 8638, "農地予備数字１": null, "農地予備数字２": null, "農地予備数字３": null, "農地予備数字４": null, "農地予備数字５": null, "農地予備文字１": null, "農地予備文字２": null, "農地予備文字３": null, "農地予備文字４": null, "農地予備文字５": null, "手動一致フラグ": null, "計算面積（アール）": 2, "散布班": "18-⑤", "地区名": "2026印西市" }, "geometry": { "type": "Polygon", "coordinates": [ [ [ 140.224843292118237, 35.800100923914712 ], [ 140.225519549474996, 35.799382967042682 ], [ 140.225483606000012, 35.799386339 ], [ 140.224821481, 35.800086901 ], [ 140.224843292118237, 35.800100923914712 ] ] ] } },
{ "type": "Feature", "properties": { "fid": 4216, "daicho_shubetsu_cd": "FUD25", "layer": "筆ポリゴン（2025年公開）_20260708233407", "fid_2": 6251, "事業年度": 2026, "物件番号": null, "GIS物件番号": null, "大字コード": 2050, "大字名": "萩原", "小字コード": 28, "小字名": "東埜", "__EMPTY": "萩原3539", "本番": 3539, "枝番": "1", "子番": 0, "孫番": false, "付番": false, "所在地番号": "2.05002803539e+28", "農地管理番号": 1, "耕地番号": 14, "所在地名": "萩原東埜3539-1", "マッチングさせるデータ": "萩原東埜3539-1", "空散対象区分1": 2, "空散対象区分2": null, "空散外面積1": 0, "空散外面積2": false, "集計転作面積": 0, "散布面積1": null, "散布面積2": null, "支払者集落": 0, "支払者集落名": null, "支払者コード": 0, "支払者名": null, "支払者住所": null, "支払者電話番号": null, "農地異動適用法": false, "農地異動適用法名": null, "利用集積計画番号": null, "適用法開始年月日": null, "適用法終了年月日": null, "備考": "平山　秀子", "所有者世帯番号": 2107, "所有者個人番号": 4204, "借受者世帯番号": 2106, "借受者個人番号": 8638, "農地予備数字１": null, "農地予備数字２": null, "農地予備数字３": null, "農地予備数字４": null, "農地予備数字５": null, "農地予備文字１": null, "農地予備文字２": null, "農地予備文字３": null, "農地予備文字４": null, "農地予備文字５": null, "手動一致フラグ": null, "計算面積（アール）": 9, "散布班": "18-⑤", "地区名": "2026印西市" }, "geometry": { "type": "Polygon", "coordinates": [ [ [ 140.224764794035508, 35.801144880758315 ], [ 140.22539934849803, 35.800498683094659 ], [ 140.225312995, 35.800443139 ], [ 140.224688047, 35.801098009 ], [ 140.224764794035508, 35.801144880758315 ] ] ] } },
{ "type": "Feature", "properties": { "fid": 4217, "daicho_shubetsu_cd": "FUD25", "layer": "筆ポリゴン（2025年公開）_20260708233407", "fid_2": 6252, "事業年度": 2026, "物件番号": 7791, "GIS物件番号": null, "大字コード": 2050, "大字名": "萩原", "小字コード": 28, "小字名": "東埜", "__EMPTY": "萩原3540", "本番": 3540, "枝番": "1", "子番": 0, "孫番": false, "付番": false, "所在地番号": "2.0500280354e+28", "農地管理番号": 1, "耕地番号": 15, "所在地名": "萩原東埜3540-1", "マッチングさせるデータ": "萩原東埜3540-1", "空散対象区分1": 2, "空散対象区分2": null, "空散外面積1": 0, "空散外面積2": false, "集計転作面積": 0, "散布面積1": null, "散布面積2": null, "支払者集落": 0, "支払者集落名": null, "支払者コード": 0, "支払者名": null, "支払者住所": null, "支払者電話番号": null, "農地異動適用法": false, "農地異動適用法名": null, "利用集積計画番号": null, "適用法開始年月日": null, "適用法終了年月日": null, "備考": "平山　正博", "所有者世帯番号": 2107, "所有者個人番号": 4204, "借受者世帯番号": 2106, "借受者個人番号": 8638, "農地予備数字１": null, "農地予備数字２": null, "農地予備数字３": null, "農地予備数字４": null, "農地予備数字５": null, "農地予備文字１": null, "農地予備文字２": null, "農地予備文字３": null, "農地予備文字４": null, "農地予備文字５": null, "手動一致フラグ": null, "計算面積（アール）": 18, "散布班": "18-⑤", "地区名": "2026印西市" }, "geometry": { "type": "Polygon", "coordinates": [ [ [ 140.224948368509217, 35.801256995295482 ], [ 140.225565914072632, 35.800605821013264 ], [ 140.22539934849803, 35.800498683094659 ], [ 140.224764794035508, 35.801144880758315 ], [ 140.224948368509217, 35.801256995295482 ] ] ] } },
{ "type": "Feature", "properties": { "fid": 4218, "daicho_shubetsu_cd": "FUD25", "layer": "筆ポリゴン（2025年公開）_20260708233407", "fid_2": 6253, "事業年度": 2026, "物件番号": 7792, "GIS物件番号": null, "大字コード": 2050, "大字名": "萩原", "小字コード": 28, "小字名": "東埜", "__EMPTY": "萩原3541", "本番": 3541, "枝番": "1", "子番": 0, "孫番": false, "付番": false, "所在地番号": "2.05002803541e+28", "農地管理番号": 1, "耕地番号": 16, "所在地名": "萩原東埜3541-1", "マッチングさせるデータ": "萩原東埜3541-1", "空散対象区分1": 2, "空散対象区分2": null, "空散外面積1": 0, "空散外面積2": false, "集計転作面積": 0, "散布面積1": null, "散布面積2": null, "支払者集落": 0, "支払者集落名": null, "支払者コード": 0, "支払者名": null, "支払者住所": null, "支払者電話番号": null, "農地異動適用法": false, "農地異動適用法名": null, "利用集積計画番号": null, "適用法開始年月日": null, "適用法終了年月日": null, "備考": "平山　正博", "所有者世帯番号": 2107, "所有者個人番号": 4204, "借受者世帯番号": 2106, "借受者個人番号": 8638, "農地予備数字１": null, "農地予備数字２": null, "農地予備数字３": null, "農地予備数字４": null, "農地予備数字５": null, "農地予備文字１": null, "農地予備文字２": null, "農地予備文字３": null, "農地予備文字４": null, "農地予備文字５": null, "手動一致フラグ": null, "計算面積（アール）": 11, "散布班": "18-⑤", "地区名": "2026印西市" }, "geometry": { "type": "Polygon", "coordinates": [ [ [ 140.225565914072632, 35.800605821013264 ], [ 140.224948368509217, 35.801256995295482 ], [ 140.225060293000013, 35.801325351 ], [ 140.225673195000013, 35.800674826 ], [ 140.225565914072632, 35.800605821013264 ] ] ] } },
{ "type": "Feature", "properties": { "fid": 4219, "daicho_shubetsu_cd": "FUD25", "layer": "筆ポリゴン（2025年公開）_20260708233407", "fid_2": 6254, "事業年度": 2026, "物件番号": null, "GIS物件番号": null, "大字コード": 2050, "大字名": "萩原", "小字コード": 28, "小字名": "東埜", "__EMPTY": "萩原3542", "本番": 3542, "枝番": "0", "子番": 0, "孫番": false, "付番": false, "所在地番号": "2.05002803542e+28", "農地管理番号": 1, "耕地番号": 7, "所在地名": "萩原東埜3542-1", "マッチングさせるデータ": "萩原東埜3542-1", "空散対象区分1": 2, "空散対象区分2": null, "空散外面積1": 0, "空散外面積2": false, "集計転作面積": 0, "散布面積1": null, "散布面積2": null, "支払者集落": 0, "支払者集落名": null, "支払者コード": 0, "支払者名": null, "支払者住所": null, "支払者電話番号": null, "農地異動適用法": false, "農地異動適用法名": null, "利用集積計画番号": null, "適用法開始年月日": null, "適用法終了年月日": null, "備考": "石田　勝徳", "所有者世帯番号": 2106, "所有者個人番号": 8638, "借受者世帯番号": 2106, "借受者個人番号": 8638, "農地予備数字１": null, "農地予備数字２": null, "農地予備数字３": null, "農地予備数字４": null, "農地予備数字５": null, "農地予備文字１": null, "農地予備文字２": null, "農地予備文字３": null, "農地予備文字４": null, "農地予備文字５": null, "手動一致フラグ": null, "計算面積（アール）": 14, "散布班": "18-⑤", "地区名": "2026印西市" }, "geometry": { "type": "Polygon", "coordinates": [ [ [ 140.225060293000013, 35.801325351 ], [ 140.225189776, 35.801409197 ], [ 140.225807614, 35.80075627 ], [ 140.225673195000013, 35.800674826 ], [ 140.225060293000013, 35.801325351 ] ] ] } },
{ "type": "Feature", "properties": { "fid": 4220, "daicho_shubetsu_cd": "FUD25", "layer": "筆ポリゴン（2025年公開）_20260708233407", "fid_2": 6255, "事業年度": 2026, "物件番号": 6823, "GIS物件番号": null, "大字コード": 2050, "大字名": "萩原", "小字コード": 2, "小字名": "境田", "__EMPTY": "萩原3060", "本番": 3060, "枝番": "1", "子番": 0, "孫番": false, "付番": false, "所在地番号": "2.0500020306e+28", "農地管理番号": 1, "耕地番号": 6, "所在地名": "萩原境田3060-1", "マッチングさせるデータ": "萩原境田3060-1", "空散対象区分1": 2, "空散対象区分2": null, "空散外面積1": 0, "空散外面積2": false, "集計転作面積": 0, "散布面積1": null, "散布面積2": null, "支払者集落": 0, "支払者集落名": null, "支払者コード": 0, "支払者名": null, "支払者住所": null, "支払者電話番号": null, "農地異動適用法": false, "農地異動適用法名": null, "利用集積計画番号": null, "適用法開始年月日": null, "適用法終了年月日": null, "備考": "飯田　芳近", "所有者世帯番号": 2152, "所有者個人番号": 3703, "借受者世帯番号": 2152, "借受者個人番号": 3703, "農地予備数字１": null, "農地予備数字２": null, "農地予備数字３": null, "農地予備数字４": null, "農地予備数字５": null, "農地予備文字１": null, "農地予備文字２": null, "農地予備文字３": null, "農地予備文字４": null, "農地予備文字５": null, "手動一致フラグ": null, "計算面積（アール）": 28, "散布班": "18-④", "地区名": "2026印西市" }, "geometry": { "type": "Polygon", "coordinates": [ [ [ 140.221651193525162, 35.797089110564329 ], [ 140.221598164, 35.797025158 ], [ 140.221384618, 35.796767626 ], [ 140.220771966, 35.797091659 ], [ 140.220742866, 35.797110804 ], [ 140.220798931, 35.797162732 ], [ 140.220957395999989, 35.797306816 ], [ 140.221000206000014, 35.797303466 ], [ 140.221020083000013, 35.797335534 ], [ 140.22101525, 35.797355633 ], [ 140.221060018325318, 35.797397983000209 ], [ 140.221651193525162, 35.797089110564329 ] ] ] } },
{ "type": "Feature", "properties": { "fid": 4221, "daicho_shubetsu_cd": "FUD25", "layer": "筆ポリゴン（2025年公開）_20260708233407", "fid_2": 6256, "事業年度": 2026, "物件番号": 6824, "GIS物件番号": null, "大字コード": 2050, "大字名": "萩原", "小字コード": 2, "小字名": "境田", "__EMPTY": "萩原3060", "本番": 3060, "枝番": "2", "子番": 0, "孫番": false, "付番": false, "所在地番号": "2.0500020306e+28", "農地管理番号": 1, "耕地番号": 7, "所在地名": "萩原境田3060-2", "マッチングさせるデータ": "萩原境田3060-2", "空散対象区分1": 2, "空散対象区分2": null, "空散外面積1": 0, "空散外面積2": false, "集計転作面積": 0, "散布面積1": null, "散布面積2": null, "支払者集落": 0, "支払者集落名": null, "支払者コード": 0, "支払者名": null, "支払者住所": null, "支払者電話番号": null, "農地異動適用法": false, "農地異動適用法名": null, "利用集積計画番号": null, "適用法開始年月日": null, "適用法終了年月日": null, "備考": "飯田　芳近", "所有者世帯番号": 2152, "所有者個人番号": 3703, "借受者世帯番号": 2152, "借受者個人番号": 3703, "農地予備数字１": null, "農地予備数字２": null, "農地予備数字３": null, "農地予備数字４": null, "農地予備数字５": null, "農地予備文字１": null, "農地予備文字２": null, "農地予備文字３": null, "農地予備文字４": null, "農地予備文字５": null, "手動一致フラグ": null, "計算面積（アール）": 5, "散布班": "18-④", "地区名": "2026印西市" }, "geometry": { "type": "Polygon", "coordinates": [ [ [ 140.221651193525162, 35.797089110564329 ], [ 140.221060018325318, 35.797397983000209 ], [ 140.221129803, 35.797463998 ], [ 140.221698425999989, 35.797146072 ], [ 140.221651193525162, 35.797089110564329 ] ] ] } },
{ "type": "Feature", "properties": { "fid": 4222, "daicho_shubetsu_cd": "FUD25", "layer": "筆ポリゴン（2025年公開）_20260708233407", "fid_2": 6257, "事業年度": 2026, "物件番号": 6837, "GIS物件番号": null, "大字コード": 2050, "大字名": "萩原", "小字コード": 4, "小字名": "株木下", "__EMPTY": "萩原3138", "本番": 3138, "枝番": "0", "子番": 0, "孫番": false, "付番": false, "所在地番号": "2.05000403138e+28", "農地管理番号": 1, "耕地番号": 1, "所在地名": "萩原株木下3138", "マッチングさせるデータ": "萩原株木下3138", "空散対象区分1": 2, "空散対象区分2": null, "空散外面積1": 902, "空散外面積2": false, "集計転作面積": 998, "散布面積1": 0, "散布面積2": false, "支払者集落": 0, "支払者集落名": null, "支払者コード": 0, "支払者名": null, "支払者住所": null, "支払者電話番号": null, "農地異動適用法": false, "農地異動適用法名": null, "利用集積計画番号": null, "適用法開始年月日": null, "適用法終了年月日": null, "備考": "飯田　進公", "所有者世帯番号": 2153, "所有者個人番号": 3707, "借受者世帯番号": 2153, "借受者個人番号": 3707, "農地予備数字１": null, "農地予備数字２": null, "農地予備数字３": null, "農地予備数字４": null, "農地予備数字５": null, "農地予備文字１": null, "農地予備文字２": null, "農地予備文字３": null, "農地予備文字４": null, "農地予備文字５": null, "手動一致フラグ": null, "計算面積（アール）": 25, "散布班": "18-④", "地区名": "2026印西市" }, "geometry": { "type": "Polygon", "coordinates": [ [ [ 140.218610751999989, 35.796822752 ], [ 140.218747506999989, 35.796906316 ], [ 140.21887159100001, 35.796982137 ], [ 140.219467318, 35.796391623 ], [ 140.219346043, 35.796333187 ], [ 140.219259962, 35.796288946 ], [ 140.219183702, 35.796257394 ], [ 140.219046125, 35.796390565 ], [ 140.218834299, 35.796600842 ], [ 140.218697975, 35.796736168 ], [ 140.218610751999989, 35.796822752 ] ] ] } },
{ "type": "Feature", "properties": { "fid": 4223, "daicho_shubetsu_cd": "FUD25", "layer": "筆ポリゴン（2025年公開）_20260708233407", "fid_2": 6258, "事業年度": 2026, "物件番号": 6851, "GIS物件番号": null, "大字コード": 2050, "大字名": "萩原", "小字コード": 4, "小字名": "株木下", "__EMPTY": "萩原3151", "本番": 3151, "枝番": "1", "子番": 0, "孫番": false, "付番": false, "所在地番号": "2.05000403151e+28", "農地管理番号": 1, "耕地番号": 2, "所在地名": "萩原株木下3151-1", "マッチングさせるデータ": "萩原株木下3151-1", "空散対象区分1": 2, "空散対象区分2": null, "空散外面積1": 0, "空散外面積2": false, "集計転作面積": 0, "散布面積1": null, "散布面積2": null, "支払者集落": 0, "支払者集落名": null, "支払者コード": 0, "支払者名": null, "支払者住所": null, "支払者電話番号": null, "農地異動適用法": false, "農地異動適用法名": null, "利用集積計画番号": null, "適用法開始年月日": null, "適用法終了年月日": null, "備考": "飯田　進公", "所有者世帯番号": 2153, "所有者個人番号": 3707, "借受者世帯番号": 2153, "借受者個人番号": 3707, "農地予備数字１": null, "農地予備数字２": null, "農地予備数字３": null, "農地予備数字４": null, "農地予備数字５": null, "農地予備文字１": null, "農地予備文字２": null, "農地予備文字３": null, "農地予備文字４": null, "農地予備文字５": null, "手動一致フラグ": null, "計算面積（アール）": 6, "散布班": "18-④", "地区名": "2026印西市" }, "geometry": { "type": "Polygon", "coordinates": [ [ [ 140.220980699, 35.798673196 ], [ 140.221636252738222, 35.798076639429389 ], [ 140.221608126, 35.79804426 ], [ 140.221592529, 35.79804749 ], [ 140.221566186, 35.798027014 ], [ 140.220972748, 35.798615486 ], [ 140.220980699, 35.798673196 ] ] ] } },
{ "type": "Feature", "properties": { "fid": 4224, "daicho_shubetsu_cd": "FUD25", "layer": "筆ポリゴン（2025年公開）_20260708233407", "fid_2": 6259, "事業年度": 2026, "物件番号": 6852, "GIS物件番号": null, "大字コード": 2050, "大字名": "萩原", "小字コード": 4, "小字名": "株木下", "__EMPTY": "萩原3151", "本番": 3151, "枝番": "2", "子番": 0, "孫番": false, "付番": false, "所在地番号": "2.05000403151e+28", "農地管理番号": 1, "耕地番号": 3, "所在地名": "萩原株木下3151-2", "マッチングさせるデータ": "萩原株木下3151-2", "空散対象区分1": 2, "空散対象区分2": null, "空散外面積1": 0, "空散外面積2": false, "集計転作面積": 0, "散布面積1": null, "散布面積2": null, "支払者集落": 0, "支払者集落名": null, "支払者コード": 0, "支払者名": null, "支払者住所": null, "支払者電話番号": null, "農地異動適用法": false, "農地異動適用法名": null, "利用集積計画番号": null, "適用法開始年月日": null, "適用法終了年月日": null, "備考": "飯田　進公", "所有者世帯番号": 2153, "所有者個人番号": 3707, "借受者世帯番号": 2153, "借受者個人番号": 3707, "農地予備数字１": null, "農地予備数字２": null, "農地予備数字３": null, "農地予備数字４": null, "農地予備数字５": null, "農地予備文字１": null, "農地予備文字２": null, "農地予備文字３": null, "農地予備文字４": null, "農地予備文字５": null, "手動一致フラグ": null, "計算面積（アール）": 7, "散布班": "18-④", "地区名": "2026印西市" }, "geometry": { "type": "Polygon", "coordinates": [ [ [ 140.221046380232963, 35.798723401846651 ], [ 140.221686626, 35.798134629 ], [ 140.221636252738222, 35.798076639429389 ], [ 140.220980699, 35.798673196 ], [ 140.221046380232963, 35.798723401846651 ] ] ] } },
{ "type": "Feature", "properties": { "fid": 4225, "daicho_shubetsu_cd": "FUD25", "layer": "筆ポリゴン（2025年公開）_20260708233407", "fid_2": 6260, "事業年度": 2026, "物件番号": 6853, "GIS物件番号": null, "大字コード": 2050, "大字名": "萩原", "小字コード": 4, "小字名": "株木下", "__EMPTY": "萩原3152", "本番": 3152, "枝番": "1", "子番": 0, "孫番": false, "付番": false, "所在地番号": "2.05000403152e+28", "農地管理番号": 1, "耕地番号": 4, "所在地名": "萩原株木下3152-1", "マッチングさせるデータ": "萩原株木下3152-1", "空散対象区分1": 2, "空散対象区分2": null, "空散外面積1": 0, "空散外面積2": false, "集計転作面積": 0, "散布面積1": null, "散布面積2": null, "支払者集落": 0, "支払者集落名": null, "支払者コード": 0, "支払者名": null, "支払者住所": null, "支払者電話番号": null, "農地異動適用法": false, "農地異動適用法名": null, "利用集積計画番号": null, "適用法開始年月日": null, "適用法終了年月日": null, "備考": "飯田　進公", "所有者世帯番号": 2153, "所有者個人番号": 3707, "借受者世帯番号": 2153, "借受者個人番号": 3707, "農地予備数字１": null, "農地予備数字２": null, "農地予備数字３": null, "農地予備数字４": null, "農地予備数字５": null, "農地予備文字１": null, "農地予備文字２": null, "農地予備文字３": null, "農地予備文字４": null, "農地予備文字５": null, "手動一致フラグ": null, "計算面積（アール）": 10, "散布班": "18-④", "地区名": "2026印西市" }, "geometry": { "type": "Polygon", "coordinates": [ [ [ 140.221144411677528, 35.798798335757766 ], [ 140.221749670289739, 35.798236790267573 ], [ 140.221733742, 35.798191713 ], [ 140.221686626, 35.798134629 ], [ 140.221046380232963, 35.798723401846651 ], [ 140.221144411677528, 35.798798335757766 ] ] ] } },
{ "type": "Feature", "properties": { "fid": 4226, "daicho_shubetsu_cd": "FUD25", "layer": "筆ポリゴン（2025年公開）_20260708233407", "fid_2": 6261, "事業年度": 2026, "物件番号": 6854, "GIS物件番号": null, "大字コード": 2050, "大字名": "萩原", "小字コード": 4, "小字名": "株木下", "__EMPTY": "萩原3153", "本番": 3153, "枝番": "1", "子番": 0, "孫番": false, "付番": false, "所在地番号": "2.05000403153e+28", "農地管理番号": 1, "耕地番号": 6, "所在地名": "萩原株木下3153-1", "マッチングさせるデータ": "萩原株木下3153-1", "空散対象区分1": 2, "空散対象区分2": null, "空散外面積1": 0, "空散外面積2": false, "集計転作面積": 0, "散布面積1": null, "散布面積2": null, "支払者集落": 0, "支払者集落名": null, "支払者コード": 0, "支払者名": null, "支払者住所": null, "支払者電話番号": null, "農地異動適用法": false, "農地異動適用法名": null, "利用集積計画番号": null, "適用法開始年月日": null, "適用法終了年月日": null, "備考": "飯田　農夫也", "所有者世帯番号": 2153, "所有者個人番号": 3707, "借受者世帯番号": 2153, "借受者個人番号": 3707, "農地予備数字１": null, "農地予備数字２": null, "農地予備数字３": null, "農地予備数字４": null, "農地予備数字５": null, "農地予備文字１": null, "農地予備文字２": null, "農地予備文字３": null, "農地予備文字４": null, "農地予備文字５": null, "手動一致フラグ": null, "計算面積（アール）": 16, "散布班": "18-④", "地区名": "2026印西市" }, "geometry": { "type": "Polygon", "coordinates": [ [ [ 140.221749670289739, 35.798236790267573 ], [ 140.221144411677528, 35.798798335757766 ], [ 140.221263951, 35.79888971 ], [ 140.221399195, 35.798886319 ], [ 140.221650063999988, 35.798641918 ], [ 140.221692735, 35.798587725 ], [ 140.22172945, 35.798512882 ], [ 140.221762192999989, 35.798423743 ], [ 140.221771338999986, 35.798298113 ], [ 140.221749670289739, 35.798236790267573 ] ] ] } },
{ "type": "Feature", "properties": { "fid": 4227, "daicho_shubetsu_cd": "FUD25", "layer": "筆ポリゴン（2025年公開）_20260708233456", "fid_2": 6262, "事業年度": 2026, "物件番号": 7337, "GIS物件番号": null, "大字コード": 2050, "大字名": "萩原", "小字コード": 14, "小字名": "花輪", "__EMPTY": "萩原3112", "本番": 3112, "枝番": "0", "子番": 0, "孫番": false, "付番": false, "所在地番号": "2.05001403112e+28", "農地管理番号": 1, "耕地番号": 5, "所在地名": "萩原花輪3112", "マッチングさせるデータ": "萩原花輪3112", "空散対象区分1": 2, "空散対象区分2": null, "空散外面積1": 0, "空散外面積2": false, "集計転作面積": 0, "散布面積1": null, "散布面積2": null, "支払者集落": 0, "支払者集落名": null, "支払者コード": 0, "支払者名": null, "支払者住所": null, "支払者電話番号": null, "農地異動適用法": false, "農地異動適用法名": null, "利用集積計画番号": null, "適用法開始年月日": null, "適用法終了年月日": null, "備考": "飯田　進公", "所有者世帯番号": 2153, "所有者個人番号": 3707, "借受者世帯番号": 2153, "借受者個人番号": 3707, "農地予備数字１": null, "農地予備数字２": null, "農地予備数字３": null, "農地予備数字４": null, "農地予備数字５": null, "農地予備文字１": null, "農地予備文字２": null, "農地予備文字３": null, "農地予備文字４": null, "農地予備文字５": null, "手動一致フラグ": null, "計算面積（アール）": 9, "散布班": "18-④", "地区名": "2026印西市" }, "geometry": { "type": "Polygon", "coordinates": [ [ [ 140.214540787, 35.795704332 ], [ 140.214432222, 35.795667889 ], [ 140.214680222, 35.796440487 ], [ 140.214732503, 35.7964545 ], [ 140.214787785, 35.796489772 ], [ 140.214840722, 35.796514637 ], [ 140.2148171, 35.796450643 ], [ 140.214540787, 35.795704332 ] ] ] } },
{ "type": "Feature", "properties": { "fid": 4228, "daicho_shubetsu_cd": "FUD25", "layer": "筆ポリゴン（2025年公開）_20260708233407", "fid_2": 6263, "事業年度": 2026, "物件番号": 6841, "GIS物件番号": null, "大字コード": 2050, "大字名": "萩原", "小字コード": 4, "小字名": "株木下", "__EMPTY": "萩原3142", "本番": 3142, "枝番": "0", "子番": 0, "孫番": false, "付番": false, "所在地番号": "2.05000403142e+28", "農地管理番号": 1, "耕地番号": 1, "所在地名": "萩原株木下3142", "マッチングさせるデータ": "萩原株木下3142", "空散対象区分1": 2, "空散対象区分2": null, "空散外面積1": 0, "空散外面積2": false, "集計転作面積": 0, "散布面積1": null, "散布面積2": null, "支払者集落": 0, "支払者集落名": null, "支払者コード": 0, "支払者名": null, "支払者住所": null, "支払者電話番号": null, "農地異動適用法": false, "農地異動適用法名": null, "利用集積計画番号": null, "適用法開始年月日": null, "適用法終了年月日": null, "備考": "飯田　雄久", "所有者世帯番号": 2155, "所有者個人番号": 3716, "借受者世帯番号": 2155, "借受者個人番号": 3716, "農地予備数字１": null, "農地予備数字２": null, "農地予備数字３": null, "農地予備数字４": null, "農地予備数字５": null, "農地予備文字１": null, "農地予備文字２": null, "農地予備文字３": null, "農地予備文字４": null, "農地予備文字５": null, "手動一致フラグ": null, "計算面積（アール）": 19, "散布班": "18-④", "地区名": "2026印西市" }, "geometry": { "type": "Polygon", "coordinates": [ [ [ 140.219285339928547, 35.797621998532115 ], [ 140.220176911056882, 35.796734066469611 ], [ 140.220108808, 35.796680508 ], [ 140.220055925999986, 35.796640932 ], [ 140.219193257, 35.797509712 ], [ 140.219162433, 35.797540527 ], [ 140.219285339928547, 35.797621998532115 ] ] ] } },
{ "type": "Feature", "properties": { "fid": 4229, "daicho_shubetsu_cd": "FUD25", "layer": "筆ポリゴン（2025年公開）_20260708233407", "fid_2": 6264, "事業年度": 2026, "物件番号": 6842, "GIS物件番号": null, "大字コード": 2050, "大字名": "萩原", "小字コード": 4, "小字名": "株木下", "__EMPTY": "萩原3143", "本番": 3143, "枝番": "1", "子番": 0, "孫番": false, "付番": false, "所在地番号": "2.05000403143e+28", "農地管理番号": 1, "耕地番号": 2, "所在地名": "萩原株木下3143-1", "マッチングさせるデータ": "萩原株木下3143-1", "空散対象区分1": 2, "空散対象区分2": null, "空散外面積1": 0, "空散外面積2": false, "集計転作面積": 0, "散布面積1": null, "散布面積2": null, "支払者集落": 0, "支払者集落名": null, "支払者コード": 0, "支払者名": null, "支払者住所": null, "支払者電話番号": null, "農地異動適用法": false, "農地異動適用法名": null, "利用集積計画番号": null, "適用法開始年月日": null, "適用法終了年月日": null, "備考": "飯田　雄久", "所有者世帯番号": 2155, "所有者個人番号": 3716, "借受者世帯番号": 2155, "借受者個人番号": 3716, "農地予備数字１": null, "農地予備数字２": null, "農地予備数字３": null, "農地予備数字４": null, "農地予備数字５": null, "農地予備文字１": null, "農地予備文字２": null, "農地予備文字３": null, "農地予備文字４": null, "農地予備文字５": null, "手動一致フラグ": null, "計算面積（アール）": 18, "散布班": "18-④", "地区名": "2026印西市" }, "geometry": { "type": "Polygon", "coordinates": [ [ [ 140.220176911056882, 35.796734066469611 ], [ 140.219285339928547, 35.797621998532115 ], [ 140.219387208, 35.797689524 ], [ 140.21942063, 35.797663709 ], [ 140.219452709, 35.79768447 ], [ 140.220110799999986, 35.797017247 ], [ 140.220169398, 35.79696261 ], [ 140.220181290999989, 35.796737511 ], [ 140.220176911056882, 35.796734066469611 ] ] ] } },
{ "type": "Feature", "properties": { "fid": 4230, "daicho_shubetsu_cd": "FUD25", "layer": "筆ポリゴン（2025年公開）_20260708233407", "fid_2": 6265, "事業年度": 2026, "物件番号": 6843, "GIS物件番号": null, "大字コード": 2050, "大字名": "萩原", "小字コード": 4, "小字名": "株木下", "__EMPTY": "萩原3144", "本番": 3144, "枝番": "1", "子番": 0, "孫番": false, "付番": false, "所在地番号": "2.05000403144e+28", "農地管理番号": 1, "耕地番号": 3, "所在地名": "萩原株木下3144-1", "マッチングさせるデータ": "萩原株木下3144-1", "空散対象区分1": 2, "空散対象区分2": null, "空散外面積1": 0, "空散外面積2": false, "集計転作面積": 0, "散布面積1": null, "散布面積2": null, "支払者集落": 0, "支払者集落名": null, "支払者コード": 0, "支払者名": null, "支払者住所": null, "支払者電話番号": null, "農地異動適用法": false, "農地異動適用法名": null, "利用集積計画番号": null, "適用法開始年月日": null, "適用法終了年月日": null, "備考": "飯田　雄久", "所有者世帯番号": 2155, "所有者個人番号": 3716, "借受者世帯番号": 2155, "借受者個人番号": 3716, "農地予備数字１": null, "農地予備数字２": null, "農地予備数字３": null, "農地予備数字４": null, "農地予備数字５": null, "農地予備文字１": null, "農地予備文字２": null, "農地予備文字３": null, "農地予備文字４": null, "農地予備文字５": null, "手動一致フラグ": null, "計算面積（アール）": 16, "散布班": "18-④", "地区名": "2026印西市" }, "geometry": { "type": "Polygon", "coordinates": [ [ [ 140.220110799999986, 35.797017247 ], [ 140.219452709, 35.79768447 ], [ 140.219485214, 35.797701659 ], [ 140.219451878, 35.797731705 ], [ 140.219575177, 35.797810416 ], [ 140.220137317, 35.797247101 ], [ 140.220161311, 35.797040815 ], [ 140.220110799999986, 35.797017247 ] ] ] } },
{ "type": "Feature", "properties": { "fid": 4231, "daicho_shubetsu_cd": "FUD25", "layer": "筆ポリゴン（2025年公開）_20260708233407", "fid_2": 6266, "事業年度": 2026, "物件番号": 7796, "GIS物件番号": null, "大字コード": 2050, "大字名": "萩原", "小字コード": 28, "小字名": "東埜", "__EMPTY": "萩原3547", "本番": 3547, "枝番": "1", "子番": 0, "孫番": false, "付番": false, "所在地番号": "2.05002803547e+28", "農地管理番号": 1, "耕地番号": 18, "所在地名": "萩原東埜3547-1", "マッチングさせるデータ": "萩原東埜3547-1", "空散対象区分1": 2, "空散対象区分2": null, "空散外面積1": 0, "空散外面積2": false, "集計転作面積": 0, "散布面積1": 0, "散布面積2": false, "支払者集落": 0, "支払者集落名": null, "支払者コード": 0, "支払者名": null, "支払者住所": null, "支払者電話番号": null, "農地異動適用法": false, "農地異動適用法名": null, "利用集積計画番号": null, "適用法開始年月日": null, "適用法終了年月日": null, "備考": "折懸　健彦", "所有者世帯番号": 2155, "所有者個人番号": 3716, "借受者世帯番号": 2155, "借受者個人番号": 3716, "農地予備数字１": null, "農地予備数字２": null, "農地予備数字３": null, "農地予備数字４": null, "農地予備数字５": null, "農地予備文字１": null, "農地予備文字２": null, "農地予備文字３": null, "農地予備文字４": null, "農地予備文字５": null, "手動一致フラグ": null, "計算面積（アール）": 7, "散布班": "18-⑤", "地区名": "2026印西市" }, "geometry": { "type": "Polygon", "coordinates": [ [ [ 140.225615264554705, 35.801682540180039 ], [ 140.22624359676999, 35.801021482328565 ], [ 140.226173100000011, 35.800977719 ], [ 140.22554988600001, 35.801642379 ], [ 140.225615264554705, 35.801682540180039 ] ] ] } },
{ "type": "Feature", "properties": { "fid": 4232, "daicho_shubetsu_cd": "FUD25", "layer": "筆ポリゴン（2025年公開）_20260708233407", "fid_2": 6267, "事業年度": 2026, "物件番号": 7865, "GIS物件番号": null, "大字コード": 2050, "大字名": "萩原", "小字コード": 28, "小字名": "東埜", "__EMPTY": "萩原3608", "本番": 3608, "枝番": "0", "子番": 0, "孫番": false, "付番": false, "所在地番号": "2.05002803608e+28", "農地管理番号": 1, "耕地番号": 7, "所在地名": "萩原東埜3608", "マッチングさせるデータ": "萩原東埜3608", "空散対象区分1": 2, "空散対象区分2": null, "空散外面積1": 0, "空散外面積2": false, "集計転作面積": 0, "散布面積1": null, "散布面積2": null, "支払者集落": 0, "支払者集落名": null, "支払者コード": 0, "支払者名": null, "支払者住所": null, "支払者電話番号": null, "農地異動適用法": false, "農地異動適用法名": null, "利用集積計画番号": null, "適用法開始年月日": null, "適用法終了年月日": null, "備考": "飯田　雄久", "所有者世帯番号": 2155, "所有者個人番号": 3716, "借受者世帯番号": 2155, "借受者個人番号": 3716, "農地予備数字１": null, "農地予備数字２": null, "農地予備数字３": null, "農地予備数字４": null, "農地予備数字５": null, "農地予備文字１": null, "農地予備文字２": null, "農地予備文字３": null, "農地予備文字４": null, "農地予備文字５": null, "手動一致フラグ": null, "計算面積（アール）": 29, "散布班": "18-⑤", "地区名": "2026印西市" }, "geometry": { "type": "Polygon", "coordinates": [ [ [ 140.22049553, 35.801053776 ], [ 140.219811242, 35.801768626 ], [ 140.220074068, 35.801932689 ], [ 140.220747929, 35.801209469 ], [ 140.22049553, 35.801053776 ] ] ] } },
{ "type": "Feature", "properties": { "fid": 4233, "daicho_shubetsu_cd": "FUD25", "layer": "筆ポリゴン（2025年公開）_20260708233407", "fid_2": 6268, "事業年度": 2026, "物件番号": 7866, "GIS物件番号": null, "大字コード": 2050, "大字名": "萩原", "小字コード": 28, "小字名": "東埜", "__EMPTY": "萩原3609", "本番": 3609, "枝番": "0", "子番": 0, "孫番": false, "付番": false, "所在地番号": "2.05002803609e+28", "農地管理番号": 1, "耕地番号": 8, "所在地名": "萩原東埜3609", "マッチングさせるデータ": "萩原東埜3609", "空散対象区分1": 2, "空散対象区分2": null, "空散外面積1": 0, "空散外面積2": false, "集計転作面積": 0, "散布面積1": null, "散布面積2": null, "支払者集落": 0, "支払者集落名": null, "支払者コード": 0, "支払者名": null, "支払者住所": null, "支払者電話番号": null, "農地異動適用法": false, "農地異動適用法名": null, "利用集積計画番号": null, "適用法開始年月日": null, "適用法終了年月日": null, "備考": "飯田　雄久", "所有者世帯番号": 2155, "所有者個人番号": 3716, "借受者世帯番号": 2155, "借受者個人番号": 3716, "農地予備数字１": null, "農地予備数字２": null, "農地予備数字３": null, "農地予備数字４": null, "農地予備数字５": null, "農地予備文字１": null, "農地予備文字２": null, "農地予備文字３": null, "農地予備文字４": null, "農地予備文字５": null, "手動一致フラグ": null, "計算面積（アール）": 15, "散布班": "18-⑤", "地区名": "2026印西市" }, "geometry": { "type": "Polygon", "coordinates": [ [ [ 140.219696555000013, 35.80169316 ], [ 140.219811242, 35.801768626 ], [ 140.22049553, 35.801053776 ], [ 140.220370562999989, 35.800966971 ], [ 140.220330851, 35.80099632 ], [ 140.219696555000013, 35.80169316 ] ] ] } },
{ "type": "Feature", "properties": { "fid": 4234, "daicho_shubetsu_cd": "FUD25", "layer": "筆ポリゴン（2025年公開）_20260708233407", "fid_2": 6269, "事業年度": 2026, "物件番号": 8028, "GIS物件番号": null, "大字コード": 2051, "大字名": "萩原干拓", "小字コード": 0, "小字名": null, "__EMPTY": "萩原干拓92", "本番": 92, "枝番": "0", "子番": 0, "孫番": false, "付番": false, "所在地番号": "2.05100000092e+28", "農地管理番号": 1, "耕地番号": 9, "所在地名": "萩原干拓92", "マッチングさせるデータ": "萩原干拓92", "空散対象区分1": 2, "空散対象区分2": null, "空散外面積1": 0, "空散外面積2": false, "集計転作面積": 0, "散布面積1": null, "散布面積2": null, "支払者集落": 0, "支払者集落名": null, "支払者コード": 0, "支払者名": null, "支払者住所": null, "支払者電話番号": null, "農地異動適用法": false, "農地異動適用法名": null, "利用集積計画番号": null, "適用法開始年月日": null, "適用法終了年月日": null, "備考": "飯田　雄久", "所有者世帯番号": 2155, "所有者個人番号": 3716, "借受者世帯番号": 2155, "借受者個人番号": 3716, "農地予備数字１": null, "農地予備数字２": null, "農地予備数字３": null, "農地予備数字４": null, "農地予備数字５": null, "農地予備文字１": null, "農地予備文字２": null, "農地予備文字３": null, "農地予備文字４": null, "農地予備文字５": null, "手動一致フラグ": null, "計算面積（アール）": 3, "散布班": "18-⑤", "地区名": "2026印西市" }, "geometry": { "type": "Polygon", "coordinates": [ [ [ 140.224770278863929, 35.804916294061925 ], [ 140.224553005939015, 35.805323049188772 ], [ 140.224872106, 35.80497958 ], [ 140.224770278863929, 35.804916294061925 ] ] ] } },
{ "type": "Feature", "properties": { "fid": 4235, "daicho_shubetsu_cd": "FUD25", "layer": "筆ポリゴン（2025年公開）_20260708233407", "fid_2": 6270, "事業年度": 2026, "物件番号": 8029, "GIS物件番号": null, "大字コード": 2051, "大字名": "萩原干拓", "小字コード": 0, "小字名": null, "__EMPTY": "萩原干拓93", "本番": 93, "枝番": "0", "子番": 0, "孫番": false, "付番": false, "所在地番号": "2.05100000093e+28", "農地管理番号": 1, "耕地番号": 10, "所在地名": "萩原干拓93", "マッチングさせるデータ": "萩原干拓93", "空散対象区分1": 2, "空散対象区分2": null, "空散外面積1": 0, "空散外面積2": false, "集計転作面積": 0, "散布面積1": null, "散布面積2": null, "支払者集落": 0, "支払者集落名": null, "支払者コード": 0, "支払者名": null, "支払者住所": null, "支払者電話番号": null, "農地異動適用法": false, "農地異動適用法名": null, "利用集積計画番号": null, "適用法開始年月日": null, "適用法終了年月日": null, "備考": "飯田　雄久", "所有者世帯番号": 2155, "所有者個人番号": 3716, "借受者世帯番号": 2155, "借受者個人番号": 3716, "農地予備数字１": null, "農地予備数字２": null, "農地予備数字３": null, "農地予備数字４": null, "農地予備数字５": null, "農地予備文字１": null, "農地予備文字２": null, "農地予備文字３": null, "農地予備文字４": null, "農地予備文字５": null, "手動一致フラグ": null, "計算面積（アール）": 2, "散布班": "18-⑤", "地区名": "2026印西市" }, "geometry": { "type": "Polygon", "coordinates": [ [ [ 140.224696019092903, 35.804870141342214 ], [ 140.224523516960545, 35.805354790190279 ], [ 140.224553005939015, 35.805323049188772 ], [ 140.224770278863929, 35.804916294061925 ], [ 140.224696019092903, 35.804870141342214 ] ] ] } },
{ "type": "Feature", "properties": { "fid": 4236, "daicho_shubetsu_cd": "FUD25", "layer": "筆ポリゴン（2025年公開）_20260708233407", "fid_2": 6271, "事業年度": 2026, "物件番号": 8032, "GIS物件番号": null, "大字コード": 2051, "大字名": "萩原干拓", "小字コード": 0, "小字名": null, "__EMPTY": "萩原干拓97", "本番": 97, "枝番": "0", "子番": 0, "孫番": false, "付番": false, "所在地番号": "2.05100000097e+28", "農地管理番号": 1, "耕地番号": 11, "所在地名": "萩原干拓97", "マッチングさせるデータ": "萩原干拓97", "空散対象区分1": 2, "空散対象区分2": null, "空散外面積1": 0, "空散外面積2": false, "集計転作面積": 0, "散布面積1": null, "散布面積2": null, "支払者集落": 0, "支払者集落名": null, "支払者コード": 0, "支払者名": null, "支払者住所": null, "支払者電話番号": null, "農地異動適用法": false, "農地異動適用法名": null, "利用集積計画番号": null, "適用法開始年月日": null, "適用法終了年月日": null, "備考": "飯田　雄久", "所有者世帯番号": 2155, "所有者個人番号": 3716, "借受者世帯番号": 2155, "借受者個人番号": 3716, "農地予備数字１": null, "農地予備数字２": null, "農地予備数字３": null, "農地予備数字４": null, "農地予備数字５": null, "農地予備文字１": null, "農地予備文字２": null, "農地予備文字３": null, "農地予備文字４": null, "農地予備文字５": null, "手動一致フラグ": null, "計算面積（アール）": 28, "散布班": "18-⑤", "地区名": "2026印西市" }, "geometry": { "type": "Polygon", "coordinates": [ [ [ 140.22516739615196, 35.805113152197833 ], [ 140.225826526877597, 35.804392860418112 ], [ 140.22557788200001, 35.804237872 ], [ 140.224912531, 35.804959022 ], [ 140.22516739615196, 35.805113152197833 ] ] ] } },
{ "type": "Feature", "properties": { "fid": 4237, "daicho_shubetsu_cd": "FUD25", "layer": "筆ポリゴン（2025年公開）_20260708233407", "fid_2": 6272, "事業年度": 2026, "物件番号": 8033, "GIS物件番号": null, "大字コード": 2051, "大字名": "萩原干拓", "小字コード": 0, "小字名": null, "__EMPTY": "萩原干拓98", "本番": 98, "枝番": "0", "子番": 0, "孫番": false, "付番": false, "所在地番号": "2.05100000098e+28", "農地管理番号": 1, "耕地番号": 12, "所在地名": "萩原干拓98", "マッチングさせるデータ": "萩原干拓98", "空散対象区分1": 2, "空散対象区分2": null, "空散外面積1": 0, "空散外面積2": false, "集計転作面積": 0, "散布面積1": null, "散布面積2": null, "支払者集落": 0, "支払者集落名": null, "支払者コード": 0, "支払者名": null, "支払者住所": null, "支払者電話番号": null, "農地異動適用法": false, "農地異動適用法名": null, "利用集積計画番号": null, "適用法開始年月日": null, "適用法終了年月日": null, "備考": "飯田　雄久", "所有者世帯番号": 2155, "所有者個人番号": 3716, "借受者世帯番号": 2155, "借受者個人番号": 3716, "農地予備数字１": null, "農地予備数字２": null, "農地予備数字３": null, "農地予備数字４": null, "農地予備数字５": null, "農地予備文字１": null, "農地予備文字２": null, "農地予備文字３": null, "農地予備文字４": null, "農地予備文字５": null, "手動一致フラグ": null, "計算面積（アール）": 5, "散布班": "18-⑤", "地区名": "2026印西市" }, "geometry": { "type": "Polygon", "coordinates": [ [ [ 140.225826526877597, 35.804392860418112 ], [ 140.22516739615196, 35.805113152197833 ], [ 140.225206263, 35.805136657 ], [ 140.225876222000011, 35.804423837 ], [ 140.225826526877597, 35.804392860418112 ] ] ] } },
{ "type": "Feature", "properties": { "fid": 4238, "daicho_shubetsu_cd": "FUD25", "layer": "筆ポリゴン（2025年公開）_20260708233407", "fid_2": 6273, "事業年度": 2026, "物件番号": null, "GIS物件番号": null, "大字コード": 2051, "大字名": "萩原干拓", "小字コード": 0, "小字名": null, "__EMPTY": "萩原干拓174", "本番": 174, "枝番": "0", "子番": 0, "孫番": false, "付番": false, "所在地番号": "2.05100000174e+28", "農地管理番号": 1, "耕地番号": 16, "所在地名": "萩原干拓174-1", "マッチングさせるデータ": "萩原干拓174-1", "空散対象区分1": 2, "空散対象区分2": null, "空散外面積1": 0, "空散外面積2": false, "集計転作面積": 0, "散布面積1": null, "散布面積2": null, "支払者集落": 0, "支払者集落名": null, "支払者コード": 0, "支払者名": null, "支払者住所": null, "支払者電話番号": null, "農地異動適用法": false, "農地異動適用法名": null, "利用集積計画番号": null, "適用法開始年月日": null, "適用法終了年月日": null, "備考": "石井　哲男", "所有者世帯番号": 2155, "所有者個人番号": 3716, "借受者世帯番号": 2155, "借受者個人番号": 3716, "農地予備数字１": null, "農地予備数字２": null, "農地予備数字３": null, "農地予備数字４": null, "農地予備数字５": null, "農地予備文字１": null, "農地予備文字２": null, "農地予備文字３": null, "農地予備文字４": null, "農地予備文字５": null, "手動一致フラグ": null, "計算面積（アール）": 32, "散布班": "18-⑤", "地区名": "2026印西市" }, "geometry": { "type": "Polygon", "coordinates": [ [ [ 140.22624359676999, 35.801021482328565 ], [ 140.225615264554705, 35.801682540180039 ], [ 140.22593525, 35.801879103 ], [ 140.226541031000011, 35.801206125 ], [ 140.22624359676999, 35.801021482328565 ] ] ] } },
{ "type": "Feature", "properties": { "fid": 4239, "daicho_shubetsu_cd": "FUD25", "layer": "筆ポリゴン（2025年公開）_20260708233407", "fid_2": 6274, "事業年度": 2026, "物件番号": 6531, "GIS物件番号": null, "大字コード": 2041, "大字名": "吉高干拓", "小字コード": 0, "小字名": null, "__EMPTY": "吉高干拓1", "本番": 1, "枝番": "0", "子番": 0, "孫番": false, "付番": false, "所在地番号": "2.04100000001e+28", "農地管理番号": 1, "耕地番号": 1, "所在地名": "吉高干拓1", "マッチングさせるデータ": "吉高干拓1", "空散対象区分1": 2, "空散対象区分2": null, "空散外面積1": 0, "空散外面積2": false, "集計転作面積": 0, "散布面積1": null, "散布面積2": null, "支払者集落": 0, "支払者集落名": null, "支払者コード": 0, "支払者名": null, "支払者住所": null, "支払者電話番号": null, "農地異動適用法": false, "農地異動適用法名": null, "利用集積計画番号": null, "適用法開始年月日": null, "適用法終了年月日": null, "備考": "岩井　秀夫", "所有者世帯番号": 2156, "所有者個人番号": 3719, "借受者世帯番号": 2156, "借受者個人番号": 3719, "農地予備数字１": null, "農地予備数字２": null, "農地予備数字３": null, "農地予備数字４": null, "農地予備数字５": null, "農地予備文字１": null, "農地予備文字２": null, "農地予備文字３": null, "農地予備文字４": null, "農地予備文字５": null, "手動一致フラグ": null, "計算面積（アール）": 2, "散布班": "18-⑨", "地区名": "2026印西市" }, "geometry": { "type": "Polygon", "coordinates": [ [ [ 140.233597066673525, 35.799596631001961 ], [ 140.233274463413977, 35.799707111570306 ], [ 140.233363706, 35.799740266 ], [ 140.233597285, 35.7996596 ], [ 140.233587285, 35.799635611 ], [ 140.233611864000011, 35.799625543 ], [ 140.233597066673525, 35.799596631001961 ] ] ] } },
{ "type": "Feature", "properties": { "fid": 4240, "daicho_shubetsu_cd": "FUD25", "layer": "筆ポリゴン（2025年公開）_20260708233407", "fid_2": 6275, "事業年度": 2026, "物件番号": 7771, "GIS物件番号": null, "大字コード": 2050, "大字名": "萩原", "小字コード": 28, "小字名": "東埜", "__EMPTY": "萩原3525", "本番": 3525, "枝番": "2", "子番": 0, "孫番": false, "付番": false, "所在地番号": "2.05002803525e+28", "農地管理番号": 1, "耕地番号": 3, "所在地名": "萩原東埜3525-2", "マッチングさせるデータ": "萩原東埜3525-2", "空散対象区分1": 2, "空散対象区分2": null, "空散外面積1": 0, "空散外面積2": false, "集計転作面積": 0, "散布面積1": null, "散布面積2": null, "支払者集落": 0, "支払者集落名": null, "支払者コード": 0, "支払者名": null, "支払者住所": null, "支払者電話番号": null, "農地異動適用法": false, "農地異動適用法名": null, "利用集積計画番号": null, "適用法開始年月日": null, "適用法終了年月日": null, "備考": "岩井　秀夫", "所有者世帯番号": 2156, "所有者個人番号": 3719, "借受者世帯番号": 2156, "借受者個人番号": 3719, "農地予備数字１": null, "農地予備数字２": null, "農地予備数字３": null, "農地予備数字４": null, "農地予備数字５": null, "農地予備文字１": null, "農地予備文字２": null, "農地予備文字３": null, "農地予備文字４": null, "農地予備文字５": null, "手動一致フラグ": null, "計算面積（アール）": 8, "散布班": "18-⑤", "地区名": "2026印西市" }, "geometry": { "type": "Polygon", "coordinates": [ [ [ 140.227347182750179, 35.800526000725945 ], [ 140.226669096051239, 35.801248816098962 ], [ 140.22673839, 35.801293624 ], [ 140.227411861, 35.800568339 ], [ 140.227347182750179, 35.800526000725945 ] ] ] } },
{ "type": "Feature", "properties": { "fid": 4241, "daicho_shubetsu_cd": "FUD25", "layer": "筆ポリゴン（2025年公開）_20260708233407", "fid_2": 6276, "事業年度": 2026, "物件番号": 7772, "GIS物件番号": null, "大字コード": 2050, "大字名": "萩原", "小字コード": 28, "小字名": "東埜", "__EMPTY": "萩原3526", "本番": 3526, "枝番": "0", "子番": 0, "孫番": false, "付番": false, "所在地番号": "2.05002803526e+28", "農地管理番号": 1, "耕地番号": 4, "所在地名": "萩原東埜3526", "マッチングさせるデータ": "萩原東埜3526", "空散対象区分1": 2, "空散対象区分2": null, "空散外面積1": 0, "空散外面積2": false, "集計転作面積": 0, "散布面積1": null, "散布面積2": null, "支払者集落": 0, "支払者集落名": null, "支払者コード": 0, "支払者名": null, "支払者住所": null, "支払者電話番号": null, "農地異動適用法": false, "農地異動適用法名": null, "利用集積計画番号": null, "適用法開始年月日": null, "適用法終了年月日": null, "備考": "岩井　秀夫", "所有者世帯番号": 2156, "所有者個人番号": 3719, "借受者世帯番号": 2156, "借受者個人番号": 3719, "農地予備数字１": null, "農地予備数字２": null, "農地予備数字３": null, "農地予備数字４": null, "農地予備数字５": null, "農地予備文字１": null, "農地予備文字２": null, "農地予備文字３": null, "農地予備文字４": null, "農地予備文字５": null, "手動一致フラグ": null, "計算面積（アール）": 6, "散布班": "18-⑤", "地区名": "2026印西市" }, "geometry": { "type": "Polygon", "coordinates": [ [ [ 140.226669096051239, 35.801248816098962 ], [ 140.227347182750179, 35.800526000725945 ], [ 140.227304224, 35.80049788 ], [ 140.22727648, 35.800514974 ], [ 140.226619827, 35.801216957 ], [ 140.226669096051239, 35.801248816098962 ] ] ] } },
{ "type": "Feature", "properties": { "fid": 4242, "daicho_shubetsu_cd": "FUD25", "layer": "筆ポリゴン（2025年公開）_20260708233407", "fid_2": 6277, "事業年度": 2026, "物件番号": 7833, "GIS物件番号": null, "大字コード": 2050, "大字名": "萩原", "小字コード": 28, "小字名": "東埜", "__EMPTY": "萩原3575", "本番": 3575, "枝番": "0", "子番": 0, "孫番": false, "付番": false, "所在地番号": "2.05002803575e+28", "農地管理番号": 1, "耕地番号": 5, "所在地名": "萩原東埜3575", "マッチングさせるデータ": "萩原東埜3575", "空散対象区分1": 2, "空散対象区分2": null, "空散外面積1": 0, "空散外面積2": false, "集計転作面積": 0, "散布面積1": null, "散布面積2": null, "支払者集落": 0, "支払者集落名": null, "支払者コード": 0, "支払者名": null, "支払者住所": null, "支払者電話番号": null, "農地異動適用法": false, "農地異動適用法名": null, "利用集積計画番号": null, "適用法開始年月日": null, "適用法終了年月日": null, "備考": "岩井　秀夫", "所有者世帯番号": 2156, "所有者個人番号": 3719, "借受者世帯番号": 2156, "借受者個人番号": 3719, "農地予備数字１": null, "農地予備数字２": null, "農地予備数字３": null, "農地予備数字４": null, "農地予備数字５": null, "農地予備文字１": null, "農地予備文字２": null, "農地予備文字３": null, "農地予備文字４": null, "農地予備文字５": null, "手動一致フラグ": null, "計算面積（アール）": 25, "散布班": "18-⑤", "地区名": "2026印西市" }, "geometry": { "type": "Polygon", "coordinates": [ [ [ 140.225595860595547, 35.803270635025839 ], [ 140.225650173413328, 35.803068659234697 ], [ 140.225513525, 35.802983536 ], [ 140.224839799, 35.803703699 ], [ 140.225057119000013, 35.803850768 ], [ 140.225595860595547, 35.803270635025839 ] ] ] } },
{ "type": "Feature", "properties": { "fid": 4243, "daicho_shubetsu_cd": "FUD25", "layer": "筆ポリゴン（2025年公開）_20260708233407", "fid_2": 6278, "事業年度": 2026, "物件番号": 7858, "GIS物件番号": null, "大字コード": 2050, "大字名": "萩原", "小字コード": 28, "小字名": "東埜", "__EMPTY": "萩原3601", "本番": 3601, "枝番": "0", "子番": 0, "孫番": false, "付番": false, "所在地番号": "2.05002803601e+28", "農地管理番号": 1, "耕地番号": 6, "所在地名": "萩原東埜3601", "マッチングさせるデータ": "萩原東埜3601", "空散対象区分1": 2, "空散対象区分2": null, "空散外面積1": 0, "空散外面積2": false, "集計転作面積": 0, "散布面積1": null, "散布面積2": null, "支払者集落": 0, "支払者集落名": null, "支払者コード": 0, "支払者名": null, "支払者住所": null, "支払者電話番号": null, "農地異動適用法": false, "農地異動適用法名": null, "利用集積計画番号": null, "適用法開始年月日": null, "適用法終了年月日": null, "備考": "岩井　秀夫", "所有者世帯番号": 2156, "所有者個人番号": 3719, "借受者世帯番号": 2156, "借受者個人番号": 3719, "農地予備数字１": null, "農地予備数字２": null, "農地予備数字３": null, "農地予備数字４": null, "農地予備数字５": null, "農地予備文字１": null, "農地予備文字２": null, "農地予備文字３": null, "農地予備文字４": null, "農地予備文字５": null, "手動一致フラグ": null, "計算面積（アール）": 14, "散布班": "18-⑤", "地区名": "2026印西市" }, "geometry": { "type": "Polygon", "coordinates": [ [ [ 140.221683259582562, 35.80179497076017 ], [ 140.22101413591011, 35.802519854738641 ], [ 140.221136198000011, 35.802596933 ], [ 140.22180913, 35.801869543 ], [ 140.221683259582562, 35.80179497076017 ] ] ] } },
{ "type": "Feature", "properties": { "fid": 4244, "daicho_shubetsu_cd": "FUD25", "layer": "筆ポリゴン（2025年公開）_20260708233407", "fid_2": 6279, "事業年度": 2026, "物件番号": 7859, "GIS物件番号": null, "大字コード": 2050, "大字名": "萩原", "小字コード": 28, "小字名": "東埜", "__EMPTY": "萩原3602", "本番": 3602, "枝番": "0", "子番": 0, "孫番": false, "付番": false, "所在地番号": "2.05002803602e+28", "農地管理番号": 1, "耕地番号": 7, "所在地名": "萩原東埜3602", "マッチングさせるデータ": "萩原東埜3602", "空散対象区分1": 2, "空散対象区分2": null, "空散外面積1": 0, "空散外面積2": false, "集計転作面積": 0, "散布面積1": null, "散布面積2": null, "支払者集落": 0, "支払者集落名": null, "支払者コード": 0, "支払者名": null, "支払者住所": null, "支払者電話番号": null, "農地異動適用法": false, "農地異動適用法名": null, "利用集積計画番号": null, "適用法開始年月日": null, "適用法終了年月日": null, "備考": "岩井　秀夫", "所有者世帯番号": 2156, "所有者個人番号": 3719, "借受者世帯番号": 2156, "借受者個人番号": 3719, "農地予備数字１": null, "農地予備数字２": null, "農地予備数字３": null, "農地予備数字４": null, "農地予備数字５": null, "農地予備文字１": null, "農地予備文字２": null, "農地予備文字３": null, "農地予備文字４": null, "農地予備文字５": null, "手動一致フラグ": null, "計算面積（アール）": 23, "散布班": "18-⑤", "地区名": "2026印西市" }, "geometry": { "type": "Polygon", "coordinates": [ [ [ 140.22101413591011, 35.802519854738641 ], [ 140.221683259582562, 35.80179497076017 ], [ 140.221483487, 35.801676615 ], [ 140.220813206, 35.802392974 ], [ 140.22101413591011, 35.802519854738641 ] ] ] } },
{ "type": "Feature", "properties": { "fid": 4245, "daicho_shubetsu_cd": "FUD25", "layer": "筆ポリゴン（2025年公開）_20260708233407", "fid_2": 6280, "事業年度": 2026, "物件番号": 8054, "GIS物件番号": null, "大字コード": 2051, "大字名": "萩原干拓", "小字コード": 0, "小字名": null, "__EMPTY": "萩原干拓122", "本番": 122, "枝番": "0", "子番": 0, "孫番": false, "付番": false, "所在地番号": "2.05100000122e+28", "農地管理番号": 1, "耕地番号": 8, "所在地名": "萩原干拓122", "マッチングさせるデータ": "萩原干拓122", "空散対象区分1": 2, "空散対象区分2": null, "空散外面積1": 0, "空散外面積2": false, "集計転作面積": 0, "散布面積1": null, "散布面積2": null, "支払者集落": 0, "支払者集落名": null, "支払者コード": 0, "支払者名": null, "支払者住所": null, "支払者電話番号": null, "農地異動適用法": false, "農地異動適用法名": null, "利用集積計画番号": null, "適用法開始年月日": null, "適用法終了年月日": null, "備考": "岩井　秀夫", "所有者世帯番号": 2156, "所有者個人番号": 3719, "借受者世帯番号": 2156, "借受者個人番号": 3719, "農地予備数字１": null, "農地予備数字２": null, "農地予備数字３": null, "農地予備数字４": null, "農地予備数字５": null, "農地予備文字１": null, "農地予備文字２": null, "農地予備文字３": null, "農地予備文字４": null, "農地予備文字５": null, "手動一致フラグ": null, "計算面積（アール）": 32, "散布班": "18-⑤", "地区名": "2026印西市" }, "geometry": { "type": "Polygon", "coordinates": [ [ [ 140.225057119000013, 35.803850768 ], [ 140.225305247, 35.804018684 ], [ 140.225339893000012, 35.804015719 ], [ 140.226008728000011, 35.803292014 ], [ 140.225734591, 35.803121246 ], [ 140.225057119000013, 35.803850768 ] ] ] } },
{ "type": "Feature", "properties": { "fid": 4246, "daicho_shubetsu_cd": "FUD25", "layer": "筆ポリゴン（2025年公開）_20260708233407", "fid_2": 6281, "事業年度": 2026, "物件番号": 8055, "GIS物件番号": null, "大字コード": 2051, "大字名": "萩原干拓", "小字コード": 0, "小字名": null, "__EMPTY": "萩原干拓123", "本番": 123, "枝番": "0", "子番": 0, "孫番": false, "付番": false, "所在地番号": "2.05100000123e+28", "農地管理番号": 1, "耕地番号": 9, "所在地名": "萩原干拓123", "マッチングさせるデータ": "萩原干拓123", "空散対象区分1": 2, "空散対象区分2": null, "空散外面積1": 0, "空散外面積2": false, "集計転作面積": 0, "散布面積1": null, "散布面積2": null, "支払者集落": 0, "支払者集落名": null, "支払者コード": 0, "支払者名": null, "支払者住所": null, "支払者電話番号": null, "農地異動適用法": false, "農地異動適用法名": null, "利用集積計画番号": null, "適用法開始年月日": null, "適用法終了年月日": null, "備考": "岩井　秀夫", "所有者世帯番号": 2156, "所有者個人番号": 3719, "借受者世帯番号": 2156, "借受者個人番号": 3719, "農地予備数字１": null, "農地予備数字２": null, "農地予備数字３": null, "農地予備数字４": null, "農地予備数字５": null, "農地予備文字１": null, "農地予備文字２": null, "農地予備文字３": null, "農地予備文字４": null, "農地予備文字５": null, "手動一致フラグ": null, "計算面積（アール）": 1, "散布班": "18-⑤", "地区名": "2026印西市" }, "geometry": { "type": "Polygon", "coordinates": [ [ [ 140.225650173413328, 35.803068659234697 ], [ 140.225595860595547, 35.803270635025839 ], [ 140.225734591, 35.803121246 ], [ 140.225650173413328, 35.803068659234697 ] ] ] } },
{ "type": "Feature", "properties": { "fid": 4247, "daicho_shubetsu_cd": "FUD25", "layer": "筆ポリゴン（2025年公開）_20260708233407", "fid_2": 6282, "事業年度": 2026, "物件番号": null, "GIS物件番号": null, "大字コード": 2051, "大字名": "萩原干拓", "小字コード": 0, "小字名": null, "__EMPTY": "萩原干拓133", "本番": 133, "枝番": "0", "子番": 0, "孫番": false, "付番": false, "所在地番号": "2.05100000133e+28", "農地管理番号": 1, "耕地番号": 10, "所在地名": "萩原干拓133-1", "マッチングさせるデータ": "萩原干拓133-1", "空散対象区分1": 2, "空散対象区分2": null, "空散外面積1": 0, "空散外面積2": false, "集計転作面積": 0, "散布面積1": null, "散布面積2": null, "支払者集落": 0, "支払者集落名": null, "支払者コード": 0, "支払者名": null, "支払者住所": null, "支払者電話番号": null, "農地異動適用法": false, "農地異動適用法名": null, "利用集積計画番号": null, "適用法開始年月日": null, "適用法終了年月日": null, "備考": "岩井　秀夫", "所有者世帯番号": 2156, "所有者個人番号": 3719, "借受者世帯番号": 2156, "借受者個人番号": 3719, "農地予備数字１": null, "農地予備数字２": null, "農地予備数字３": null, "農地予備数字４": null, "農地予備数字５": null, "農地予備文字１": null, "農地予備文字２": null, "農地予備文字３": null, "農地予備文字４": null, "農地予備文字５": null, "手動一致フラグ": null, "計算面積（アール）": 23, "散布班": "18-⑤", "地区名": "2026印西市" }, "geometry": { "type": "Polygon", "coordinates": [ [ [ 140.225823262, 35.803129881 ], [ 140.226032759, 35.803261053 ], [ 140.226668924, 35.802605054 ], [ 140.226447433, 35.802456392 ], [ 140.225823262, 35.803129881 ] ] ] } },
{ "type": "Feature", "properties": { "fid": 4252, "daicho_shubetsu_cd": "FUD25", "layer": "筆ポリゴン（2025年公開）_20260708233407", "fid_2": 6289, "事業年度": 2026, "物件番号": 6974, "GIS物件番号": null, "大字コード": 2050, "大字名": "萩原", "小字コード": 6, "小字名": "城内下", "__EMPTY": "萩原3281", "本番": 3281, "枝番": "1", "子番": 0, "孫番": false, "付番": false, "所在地番号": "2.05000603281e+28", "農地管理番号": 1, "耕地番号": 5, "所在地名": "萩原城内下3281-1", "マッチングさせるデータ": "萩原城内下3281-1", "空散対象区分1": 2, "空散対象区分2": null, "空散外面積1": 0, "空散外面積2": false, "集計転作面積": 0, "散布面積1": null, "散布面積2": null, "支払者集落": 0, "支払者集落名": null, "支払者コード": 0, "支払者名": null, "支払者住所": null, "支払者電話番号": null, "農地異動適用法": false, "農地異動適用法名": null, "利用集積計画番号": null, "適用法開始年月日": null, "適用法終了年月日": null, "備考": "中村　雅英", "所有者世帯番号": 2160, "所有者個人番号": 4125, "借受者世帯番号": 2160, "借受者個人番号": 4125, "農地予備数字１": null, "農地予備数字２": null, "農地予備数字３": null, "農地予備数字４": null, "農地予備数字５": null, "農地予備文字１": null, "農地予備文字２": null, "農地予備文字３": null, "農地予備文字４": null, "農地予備文字５": null, "手動一致フラグ": null, "計算面積（アール）": 7, "散布班": "18-①", "地区名": "2026印西市" }, "geometry": { "type": "Polygon", "coordinates": [ [ [ 140.215794038532835, 35.803363297286104 ], [ 140.216871775377513, 35.803145725998213 ], [ 140.216853891, 35.803081357 ], [ 140.215775721999989, 35.803306632 ], [ 140.215794038532835, 35.803363297286104 ] ] ] } },
{ "type": "Feature", "properties": { "fid": 4253, "daicho_shubetsu_cd": "FUD25", "layer": "筆ポリゴン（2025年公開）_20260708233407", "fid_2": 6290, "事業年度": 2026, "物件番号": 6975, "GIS物件番号": null, "大字コード": 2050, "大字名": "萩原", "小字コード": 6, "小字名": "城内下", "__EMPTY": "萩原3281", "本番": 3281, "枝番": "2", "子番": 0, "孫番": false, "付番": false, "所在地番号": "2.05000603281e+28", "農地管理番号": 1, "耕地番号": 6, "所在地名": "萩原城内下3281-2", "マッチングさせるデータ": "萩原城内下3281-2", "空散対象区分1": 2, "空散対象区分2": null, "空散外面積1": 0, "空散外面積2": false, "集計転作面積": 0, "散布面積1": null, "散布面積2": null, "支払者集落": 0, "支払者集落名": null, "支払者コード": 0, "支払者名": null, "支払者住所": null, "支払者電話番号": null, "農地異動適用法": false, "農地異動適用法名": null, "利用集積計画番号": null, "適用法開始年月日": null, "適用法終了年月日": null, "備考": "中村　雅英", "所有者世帯番号": 2160, "所有者個人番号": 4125, "借受者世帯番号": 2160, "借受者個人番号": 4125, "農地予備数字１": null, "農地予備数字２": null, "農地予備数字３": null, "農地予備数字４": null, "農地予備数字５": null, "農地予備文字１": null, "農地予備文字２": null, "農地予備文字３": null, "農地予備文字４": null, "農地予備文字５": null, "手動一致フラグ": null, "計算面積（アール）": 5, "散布班": "18-①", "地区名": "2026印西市" }, "geometry": { "type": "Polygon", "coordinates": [ [ [ 140.216871775377513, 35.803145725998213 ], [ 140.215794038532835, 35.803363297286104 ], [ 140.215808433, 35.803407829 ], [ 140.216883939000013, 35.803189505 ], [ 140.216871775377513, 35.803145725998213 ] ] ] } },
{ "type": "Feature", "properties": { "fid": 4254, "daicho_shubetsu_cd": "FUD25", "layer": "筆ポリゴン（2025年公開）_20260708233407", "fid_2": 6291, "事業年度": 2026, "物件番号": 6976, "GIS物件番号": null, "大字コード": 2050, "大字名": "萩原", "小字コード": 6, "小字名": "城内下", "__EMPTY": "萩原3282", "本番": 3282, "枝番": "0", "子番": 0, "孫番": false, "付番": false, "所在地番号": "2.05000603282e+28", "農地管理番号": 1, "耕地番号": 7, "所在地名": "萩原城内下3282", "マッチングさせるデータ": "萩原城内下3282", "空散対象区分1": 2, "空散対象区分2": null, "空散外面積1": 0, "空散外面積2": false, "集計転作面積": 0, "散布面積1": null, "散布面積2": null, "支払者集落": 0, "支払者集落名": null, "支払者コード": 0, "支払者名": null, "支払者住所": null, "支払者電話番号": null, "農地異動適用法": false, "農地異動適用法名": null, "利用集積計画番号": null, "適用法開始年月日": null, "適用法終了年月日": null, "備考": "中村　雅英", "所有者世帯番号": 2160, "所有者個人番号": 4125, "借受者世帯番号": 2160, "借受者個人番号": 4125, "農地予備数字１": null, "農地予備数字２": null, "農地予備数字３": null, "農地予備数字４": null, "農地予備数字５": null, "農地予備文字１": null, "農地予備文字２": null, "農地予備文字３": null, "農地予備文字４": null, "農地予備文字５": null, "手動一致フラグ": null, "計算面積（アール）": 12, "散布班": "18-①", "地区名": "2026印西市" }, "geometry": { "type": "Polygon", "coordinates": [ [ [ 140.215843196, 35.803515377 ], [ 140.216914129, 35.803290616 ], [ 140.216883939000013, 35.803189505 ], [ 140.215808433, 35.803407829 ], [ 140.215843196, 35.803515377 ] ] ] } },
{ "type": "Feature", "properties": { "fid": 4255, "daicho_shubetsu_cd": "FUD25", "layer": "筆ポリゴン（2025年公開）_20260708233456", "fid_2": 6292, "事業年度": 2026, "物件番号": 7380, "GIS物件番号": null, "大字コード": 2050, "大字名": "萩原", "小字コード": 15, "小字名": "狢谷", "__EMPTY": "萩原3079", "本番": 3079, "枝番": "1", "子番": 0, "孫番": false, "付番": false, "所在地番号": "2.05001503079e+28", "農地管理番号": 1, "耕地番号": 2, "所在地名": "萩原狢谷3079-1", "マッチングさせるデータ": "萩原狢谷3079-1", "空散対象区分1": 2, "空散対象区分2": null, "空散外面積1": 0, "空散外面積2": false, "集計転作面積": 120, "散布面積1": 0, "散布面積2": false, "支払者集落": 0, "支払者集落名": null, "支払者コード": 0, "支払者名": null, "支払者住所": null, "支払者電話番号": null, "農地異動適用法": false, "農地異動適用法名": null, "利用集積計画番号": null, "適用法開始年月日": null, "適用法終了年月日": null, "備考": "飯田　農夫也", "所有者世帯番号": 2154, "所有者個人番号": 3711, "借受者世帯番号": 2154, "借受者個人番号": 3711, "農地予備数字１": null, "農地予備数字２": null, "農地予備数字３": null, "農地予備数字４": null, "農地予備数字５": null, "農地予備文字１": null, "農地予備文字２": null, "農地予備文字３": null, "農地予備文字４": null, "農地予備文字５": null, "手動一致フラグ": null, "計算面積（アール）": 9, "散布班": "18-④", "地区名": "2026印西市" }, "geometry": { "type": "Polygon", "coordinates": [ [ [ 140.218801042, 35.795900609 ], [ 140.218643993, 35.795599504 ], [ 140.218399889000011, 35.795715066 ], [ 140.218593624, 35.79600181 ], [ 140.218801042, 35.795900609 ] ] ] } },
{ "type": "Feature", "properties": { "fid": 4256, "daicho_shubetsu_cd": "FUD25", "layer": "筆ポリゴン（2025年公開）_20260708233456", "fid_2": 6293, "事業年度": 2026, "物件番号": 7381, "GIS物件番号": null, "大字コード": 2050, "大字名": "萩原", "小字コード": 15, "小字名": "狢谷", "__EMPTY": "萩原3080", "本番": 3080, "枝番": "0", "子番": 0, "孫番": false, "付番": false, "所在地番号": "2.0500150308e+28", "農地管理番号": 1, "耕地番号": 3, "所在地名": "萩原狢谷3080", "マッチングさせるデータ": "萩原狢谷3080", "空散対象区分1": 2, "空散対象区分2": null, "空散外面積1": 0, "空散外面積2": false, "集計転作面積": 0, "散布面積1": null, "散布面積2": null, "支払者集落": 0, "支払者集落名": null, "支払者コード": 0, "支払者名": null, "支払者住所": null, "支払者電話番号": null, "農地異動適用法": false, "農地異動適用法名": null, "利用集積計画番号": null, "適用法開始年月日": null, "適用法終了年月日": null, "備考": "天野　金一", "所有者世帯番号": 2154, "所有者個人番号": 3711, "借受者世帯番号": 2154, "借受者個人番号": 3711, "農地予備数字１": null, "農地予備数字２": null, "農地予備数字３": null, "農地予備数字４": null, "農地予備数字５": null, "農地予備文字１": null, "農地予備文字２": null, "農地予備文字３": null, "農地予備文字４": null, "農地予備文字５": null, "手動一致フラグ": null, "計算面積（アール）": 8, "散布班": "18-④", "地区名": "2026印西市" }, "geometry": { "type": "Polygon", "coordinates": [ [ [ 140.218617856, 35.796247022 ], [ 140.218644778, 35.79624347 ], [ 140.218673217, 35.796260705 ], [ 140.218755268, 35.79622348 ], [ 140.218593624, 35.79600181 ], [ 140.218399889000011, 35.795715066 ], [ 140.218280321, 35.795767712 ], [ 140.218617856, 35.796247022 ] ] ] } },
{ "type": "Feature", "properties": { "fid": 4257, "daicho_shubetsu_cd": "FUD25", "layer": "筆ポリゴン（2025年公開）_20260708233407", "fid_2": 6294, "事業年度": 2026, "物件番号": 6891, "GIS物件番号": null, "大字コード": 2050, "大字名": "萩原", "小字コード": 4, "小字名": "株木下", "__EMPTY": "萩原3195", "本番": 3195, "枝番": "0", "子番": 0, "孫番": false, "付番": false, "所在地番号": "2.05000403195e+28", "農地管理番号": 1, "耕地番号": 40, "所在地名": "萩原株木下3195", "マッチングさせるデータ": "萩原株木下3195", "空散対象区分1": 2, "空散対象区分2": null, "空散外面積1": 0, "空散外面積2": false, "集計転作面積": 0, "散布面積1": null, "散布面積2": null, "支払者集落": 0, "支払者集落名": null, "支払者コード": 0, "支払者名": null, "支払者住所": null, "支払者電話番号": null, "農地異動適用法": false, "農地異動適用法名": null, "利用集積計画番号": null, "適用法開始年月日": null, "適用法終了年月日": null, "備考": "久保田　覺", "所有者世帯番号": 2308, "所有者個人番号": 3984, "借受者世帯番号": 2206, "借受者個人番号": 3744, "農地予備数字１": null, "農地予備数字２": null, "農地予備数字３": null, "農地予備数字４": null, "農地予備数字５": null, "農地予備文字１": null, "農地予備文字２": null, "農地予備文字３": null, "農地予備文字４": null, "農地予備文字５": null, "手動一致フラグ": null, "計算面積（アール）": 33, "散布班": "18-④", "地区名": "2026印西市" }, "geometry": { "type": "Polygon", "coordinates": [ [ [ 140.219213503, 35.800121192 ], [ 140.219190372000014, 35.800105374 ], [ 140.219220907, 35.800075821 ], [ 140.218958249, 35.799909755 ], [ 140.21893207, 35.799933938 ], [ 140.218254537, 35.800613011 ], [ 140.218531469999988, 35.800795807 ], [ 140.219213503, 35.800121192 ] ] ] } },
{ "type": "Feature", "properties": { "fid": 4258, "daicho_shubetsu_cd": "FUD25", "layer": "筆ポリゴン（2025年公開）_20260708233407", "fid_2": 6295, "事業年度": 2026, "物件番号": 6892, "GIS物件番号": null, "大字コード": 2050, "大字名": "萩原", "小字コード": 4, "小字名": "株木下", "__EMPTY": "萩原3196", "本番": 3196, "枝番": "0", "子番": 0, "孫番": false, "付番": false, "所在地番号": "2.05000403196e+28", "農地管理番号": 1, "耕地番号": 41, "所在地名": "萩原株木下3196", "マッチングさせるデータ": "萩原株木下3196", "空散対象区分1": 2, "空散対象区分2": null, "空散外面積1": 0, "空散外面積2": false, "集計転作面積": 0, "散布面積1": null, "散布面積2": null, "支払者集落": 0, "支払者集落名": null, "支払者コード": 0, "支払者名": null, "支払者住所": null, "支払者電話番号": null, "農地異動適用法": false, "農地異動適用法名": null, "利用集積計画番号": null, "適用法開始年月日": null, "適用法終了年月日": null, "備考": "久保田　覺", "所有者世帯番号": 2308, "所有者個人番号": 3984, "借受者世帯番号": 2206, "借受者個人番号": 3744, "農地予備数字１": null, "農地予備数字２": null, "農地予備数字３": null, "農地予備数字４": null, "農地予備数字５": null, "農地予備文字１": null, "農地予備文字２": null, "農地予備文字３": null, "農地予備文字４": null, "農地予備文字５": null, "手動一致フラグ": null, "計算面積（アール）": 10, "散布班": "18-④", "地区名": "2026印西市" }, "geometry": { "type": "Polygon", "coordinates": [ [ [ 140.21893207, 35.799933938 ], [ 140.218911177, 35.799917939 ], [ 140.218935168, 35.799894656 ], [ 140.218869233, 35.799853809 ], [ 140.218843072, 35.799881562 ], [ 140.218172462000013, 35.800558836 ], [ 140.218254537, 35.800613011 ], [ 140.21893207, 35.799933938 ] ] ] } },
{ "type": "Feature", "properties": { "fid": 4259, "daicho_shubetsu_cd": "FUD25", "layer": "筆ポリゴン（2025年公開）_20260708233407", "fid_2": 6296, "事業年度": 2026, "物件番号": 6909, "GIS物件番号": null, "大字コード": 2050, "大字名": "萩原", "小字コード": 4, "小字名": "株木下", "__EMPTY": "萩原3213", "本番": 3213, "枝番": "0", "子番": 0, "孫番": false, "付番": false, "所在地番号": "2.05000403213e+28", "農地管理番号": 1, "耕地番号": 1, "所在地名": "萩原株木下3213", "マッチングさせるデータ": "萩原株木下3213", "空散対象区分1": 2, "空散対象区分2": null, "空散外面積1": 0, "空散外面積2": false, "集計転作面積": 0, "散布面積1": null, "散布面積2": null, "支払者集落": 0, "支払者集落名": null, "支払者コード": 0, "支払者名": null, "支払者住所": null, "支払者電話番号": null, "農地異動適用法": false, "農地異動適用法名": null, "利用集積計画番号": null, "適用法開始年月日": null, "適用法終了年月日": null, "備考": "石井　愛子", "所有者世帯番号": 2206, "所有者個人番号": 3744, "借受者世帯番号": 2206, "借受者個人番号": 3744, "農地予備数字１": null, "農地予備数字２": null, "農地予備数字３": null, "農地予備数字４": null, "農地予備数字５": null, "農地予備文字１": null, "農地予備文字２": null, "農地予備文字３": null, "農地予備文字４": null, "農地予備文字５": null, "手動一致フラグ": null, "計算面積（アール）": 30, "散布班": "18-④", "地区名": "2026印西市" }, "geometry": { "type": "Polygon", "coordinates": [ [ [ 140.216223176999989, 35.800491449 ], [ 140.216484565, 35.800660247 ], [ 140.217180393, 35.799948708 ], [ 140.21693057600001, 35.799783572 ], [ 140.216223176999989, 35.800491449 ] ] ] } },
{ "type": "Feature", "properties": { "fid": 4260, "daicho_shubetsu_cd": "FUD25", "layer": "筆ポリゴン（2025年公開）_20260708233407", "fid_2": 6297, "事業年度": 2026, "物件番号": 6923, "GIS物件番号": null, "大字コード": 2050, "大字名": "萩原", "小字コード": 4, "小字名": "株木下", "__EMPTY": "萩原3225", "本番": 3225, "枝番": "0", "子番": 0, "孫番": false, "付番": false, "所在地番号": "2.05000403225e+28", "農地管理番号": 1, "耕地番号": 28, "所在地名": "萩原株木下3225", "マッチングさせるデータ": "萩原株木下3225", "空散対象区分1": 2, "空散対象区分2": null, "空散外面積1": 0, "空散外面積2": false, "集計転作面積": 0, "散布面積1": null, "散布面積2": null, "支払者集落": 0, "支払者集落名": null, "支払者コード": 0, "支払者名": null, "支払者住所": null, "支払者電話番号": null, "農地異動適用法": false, "農地異動適用法名": null, "利用集積計画番号": null, "適用法開始年月日": null, "適用法終了年月日": null, "備考": "平山　正博", "所有者世帯番号": 2107, "所有者個人番号": 4204, "借受者世帯番号": 2206, "借受者個人番号": 3744, "農地予備数字１": null, "農地予備数字２": null, "農地予備数字３": null, "農地予備数字４": null, "農地予備数字５": null, "農地予備文字１": null, "農地予備文字２": null, "農地予備文字３": null, "農地予備文字４": null, "農地予備文字５": null, "手動一致フラグ": null, "計算面積（アール）": 27, "散布班": "18-④", "地区名": "2026印西市" }, "geometry": { "type": "Polygon", "coordinates": [ [ [ 140.218259000133202, 35.801810766060711 ], [ 140.218925484414683, 35.801102222091565 ], [ 140.218698558999989, 35.800952227 ], [ 140.218013488999986, 35.801652475 ], [ 140.218259000133202, 35.801810766060711 ] ] ] } },
{ "type": "Feature", "properties": { "fid": 4261, "daicho_shubetsu_cd": "FUD25", "layer": "筆ポリゴン（2025年公開）_20260708233407", "fid_2": 6298, "事業年度": 2026, "物件番号": 6924, "GIS物件番号": null, "大字コード": 2050, "大字名": "萩原", "小字コード": 4, "小字名": "株木下", "__EMPTY": "萩原3226", "本番": 3226, "枝番": "1", "子番": 0, "孫番": false, "付番": false, "所在地番号": "2.05000403226e+28", "農地管理番号": 1, "耕地番号": 29, "所在地名": "萩原株木下3226-1", "マッチングさせるデータ": "萩原株木下3226-1", "空散対象区分1": 2, "空散対象区分2": null, "空散外面積1": 0, "空散外面積2": false, "集計転作面積": 0, "散布面積1": null, "散布面積2": null, "支払者集落": 0, "支払者集落名": null, "支払者コード": 0, "支払者名": null, "支払者住所": null, "支払者電話番号": null, "農地異動適用法": false, "農地異動適用法名": null, "利用集積計画番号": null, "適用法開始年月日": null, "適用法終了年月日": null, "備考": "平山　正博", "所有者世帯番号": 2107, "所有者個人番号": 4204, "借受者世帯番号": 2206, "借受者個人番号": 3744, "農地予備数字１": null, "農地予備数字２": null, "農地予備数字３": null, "農地予備数字４": null, "農地予備数字５": null, "農地予備文字１": null, "農地予備文字２": null, "農地予備文字３": null, "農地予備文字４": null, "農地予備文字５": null, "手動一致フラグ": null, "計算面積（アール）": 10, "散布班": "18-④", "地区名": "2026印西市" }, "geometry": { "type": "Polygon", "coordinates": [ [ [ 140.218334098715843, 35.80185918518594 ], [ 140.218611736000014, 35.801589983 ], [ 140.21900846, 35.801157068 ], [ 140.218925484414683, 35.801102222091565 ], [ 140.218259000133202, 35.801810766060711 ], [ 140.218334098715843, 35.80185918518594 ] ] ] } },
{ "type": "Feature", "properties": { "fid": 4262, "daicho_shubetsu_cd": "FUD25", "layer": "筆ポリゴン（2025年公開）_20260708233407", "fid_2": 6299, "事業年度": 2026, "物件番号": 6925, "GIS物件番号": null, "大字コード": 2050, "大字名": "萩原", "小字コード": 4, "小字名": "株木下", "__EMPTY": "萩原3226", "本番": 3226, "枝番": "2", "子番": 0, "孫番": false, "付番": false, "所在地番号": "2.05000403226e+28", "農地管理番号": 1, "耕地番号": 30, "所在地名": "萩原株木下3226-2", "マッチングさせるデータ": "萩原株木下3226-2", "空散対象区分1": 2, "空散対象区分2": null, "空散外面積1": 0, "空散外面積2": false, "集計転作面積": 0, "散布面積1": null, "散布面積2": null, "支払者集落": 0, "支払者集落名": null, "支払者コード": 0, "支払者名": null, "支払者住所": null, "支払者電話番号": null, "農地異動適用法": false, "農地異動適用法名": null, "利用集積計画番号": null, "適用法開始年月日": null, "適用法終了年月日": null, "備考": "平山　正博", "所有者世帯番号": 2107, "所有者個人番号": 4204, "借受者世帯番号": 2206, "借受者個人番号": 3744, "農地予備数字１": null, "農地予備数字２": null, "農地予備数字３": null, "農地予備数字４": null, "農地予備数字５": null, "農地予備文字１": null, "農地予備文字２": null, "農地予備文字３": null, "農地予備文字４": null, "農地予備文字５": null, "手動一致フラグ": null, "計算面積（アール）": 1, "散布班": "18-④", "地区名": "2026印西市" }, "geometry": { "type": "Polygon", "coordinates": [ [ [ 140.218611736000014, 35.801589983 ], [ 140.218334098715843, 35.80185918518594 ], [ 140.218386231000011, 35.801892797 ], [ 140.218611736000014, 35.801589983 ] ] ] } },
{ "type": "Feature", "properties": { "fid": 4263, "daicho_shubetsu_cd": "FUD25", "layer": "筆ポリゴン（2025年公開）_20260708233407", "fid_2": 6300, "事業年度": 2026, "物件番号": 6926, "GIS物件番号": null, "大字コード": 2050, "大字名": "萩原", "小字コード": 4, "小字名": "株木下", "__EMPTY": "萩原3232", "本番": 3232, "枝番": "1", "子番": 0, "孫番": false, "付番": false, "所在地番号": "2.05000403232e+28", "農地管理番号": 1, "耕地番号": 2, "所在地名": "萩原株木下3232-1", "マッチングさせるデータ": "萩原株木下3232-1", "空散対象区分1": 2, "空散対象区分2": null, "空散外面積1": 0, "空散外面積2": false, "集計転作面積": 0, "散布面積1": null, "散布面積2": null, "支払者集落": 0, "支払者集落名": null, "支払者コード": 0, "支払者名": null, "支払者住所": null, "支払者電話番号": null, "農地異動適用法": false, "農地異動適用法名": null, "利用集積計画番号": null, "適用法開始年月日": null, "適用法終了年月日": null, "備考": "石井　愛子", "所有者世帯番号": 2206, "所有者個人番号": 3744, "借受者世帯番号": 2206, "借受者個人番号": 3744, "農地予備数字１": null, "農地予備数字２": null, "農地予備数字３": null, "農地予備数字４": null, "農地予備数字５": null, "農地予備文字１": null, "農地予備文字２": null, "農地予備文字３": null, "農地予備文字４": null, "農地予備文字５": null, "手動一致フラグ": null, "計算面積（アール）": 9, "散布班": "18-④", "地区名": "2026印西市" }, "geometry": { "type": "Polygon", "coordinates": [ [ [ 140.218292607249538, 35.801972879046978 ], [ 140.217640037685726, 35.802670023034558 ], [ 140.217755495, 35.802743878 ], [ 140.218336905, 35.802005752 ], [ 140.218292607249538, 35.801972879046978 ] ] ] } },
{ "type": "Feature", "properties": { "fid": 4264, "daicho_shubetsu_cd": "FUD25", "layer": "筆ポリゴン（2025年公開）_20260708233407", "fid_2": 6301, "事業年度": 2026, "物件番号": 6927, "GIS物件番号": null, "大字コード": 2050, "大字名": "萩原", "小字コード": 4, "小字名": "株木下", "__EMPTY": "萩原3232", "本番": 3232, "枝番": "2", "子番": 0, "孫番": false, "付番": false, "所在地番号": "2.05000403232e+28", "農地管理番号": 1, "耕地番号": 3, "所在地名": "萩原株木下3232-2", "マッチングさせるデータ": "萩原株木下3232-2", "空散対象区分1": 2, "空散対象区分2": null, "空散外面積1": 0, "空散外面積2": false, "集計転作面積": 0, "散布面積1": null, "散布面積2": null, "支払者集落": 0, "支払者集落名": null, "支払者コード": 0, "支払者名": null, "支払者住所": null, "支払者電話番号": null, "農地異動適用法": false, "農地異動適用法名": null, "利用集積計画番号": null, "適用法開始年月日": null, "適用法終了年月日": null, "備考": "石井　愛子", "所有者世帯番号": 2206, "所有者個人番号": 3744, "借受者世帯番号": 2206, "借受者個人番号": 3744, "農地予備数字１": null, "農地予備数字２": null, "農地予備数字３": null, "農地予備数字４": null, "農地予備数字５": null, "農地予備文字１": null, "農地予備文字２": null, "農地予備文字３": null, "農地予備文字４": null, "農地予備文字５": null, "手動一致フラグ": null, "計算面積（アール）": 15, "散布班": "18-④", "地区名": "2026印西市" }, "geometry": { "type": "Polygon", "coordinates": [ [ [ 140.217640037685726, 35.802670023034558 ], [ 140.218292607249538, 35.801972879046978 ], [ 140.21817584696791, 35.801886232316321 ], [ 140.217493125359226, 35.802576047136498 ], [ 140.217640037685726, 35.802670023034558 ] ] ] } },
{ "type": "Feature", "properties": { "fid": 4265, "daicho_shubetsu_cd": "FUD25", "layer": "筆ポリゴン（2025年公開）_20260708233407", "fid_2": 6302, "事業年度": 2026, "物件番号": 6928, "GIS物件番号": null, "大字コード": 2050, "大字名": "萩原", "小字コード": 4, "小字名": "株木下", "__EMPTY": "萩原3233", "本番": 3233, "枝番": "0", "子番": 0, "孫番": false, "付番": false, "所在地番号": "2.05000403233e+28", "農地管理番号": 1, "耕地番号": 4, "所在地名": "萩原株木下3233", "マッチングさせるデータ": "萩原株木下3233", "空散対象区分1": 2, "空散対象区分2": null, "空散外面積1": 0, "空散外面積2": false, "集計転作面積": 0, "散布面積1": null, "散布面積2": null, "支払者集落": 0, "支払者集落名": null, "支払者コード": 0, "支払者名": null, "支払者住所": null, "支払者電話番号": null, "農地異動適用法": false, "農地異動適用法名": null, "利用集積計画番号": null, "適用法開始年月日": null, "適用法終了年月日": null, "備考": "石井　愛子", "所有者世帯番号": 2206, "所有者個人番号": 3744, "借受者世帯番号": 2206, "借受者個人番号": 3744, "農地予備数字１": null, "農地予備数字２": null, "農地予備数字３": null, "農地予備数字４": null, "農地予備数字５": null, "農地予備文字１": null, "農地予備文字２": null, "農地予備文字３": null, "農地予備文字４": null, "農地予備文字５": null, "手動一致フラグ": null, "計算面積（アール）": 21, "散布班": "18-④", "地区名": "2026印西市" }, "geometry": { "type": "Polygon", "coordinates": [ [ [ 140.217493125359226, 35.802576047136498 ], [ 140.21817584696791, 35.801886232316321 ], [ 140.218055271, 35.801796754 ], [ 140.218035603, 35.801816192 ], [ 140.21797799, 35.801785077 ], [ 140.217302061999987, 35.802453829 ], [ 140.217493125359226, 35.802576047136498 ] ] ] } },
{ "type": "Feature", "properties": { "fid": 4266, "daicho_shubetsu_cd": "FUD25", "layer": "筆ポリゴン（2025年公開）_20260708233407", "fid_2": 6303, "事業年度": 2026, "物件番号": 6936, "GIS物件番号": null, "大字コード": 2050, "大字名": "萩原", "小字コード": 4, "小字名": "株木下", "__EMPTY": "萩原3240", "本番": 3240, "枝番": "0", "子番": 0, "孫番": false, "付番": false, "所在地番号": "2.0500040324e+28", "農地管理番号": 1, "耕地番号": 50, "所在地名": "萩原株木下3240", "マッチングさせるデータ": "萩原株木下3240", "空散対象区分1": 2, "空散対象区分2": null, "空散外面積1": 0, "空散外面積2": false, "集計転作面積": 0, "散布面積1": null, "散布面積2": null, "支払者集落": 0, "支払者集落名": null, "支払者コード": 0, "支払者名": null, "支払者住所": null, "支払者電話番号": null, "農地異動適用法": false, "農地異動適用法名": null, "利用集積計画番号": null, "適用法開始年月日": null, "適用法終了年月日": null, "備考": "五十嵐　正実", "所有者世帯番号": 2202, "所有者個人番号": 3727, "借受者世帯番号": 2206, "借受者個人番号": 3744, "農地予備数字１": null, "農地予備数字２": null, "農地予備数字３": null, "農地予備数字４": null, "農地予備数字５": null, "農地予備文字１": null, "農地予備文字２": null, "農地予備文字３": null, "農地予備文字４": null, "農地予備文字５": null, "手動一致フラグ": null, "計算面積（アール）": 25, "散布班": "18-④", "地区名": "2026印西市" }, "geometry": { "type": "Polygon", "coordinates": [ [ [ 140.216958569000013, 35.80106251 ], [ 140.216468774, 35.801549824 ], [ 140.216572958, 35.801883416 ], [ 140.217217762, 35.801234153 ], [ 140.216958569000013, 35.80106251 ] ] ] } },
{ "type": "Feature", "properties": { "fid": 4272, "daicho_shubetsu_cd": "FUD25", "layer": "筆ポリゴン（2025年公開）_20260708233407", "fid_2": 6310, "事業年度": 2026, "物件番号": 6574, "GIS物件番号": null, "大字コード": 2041, "大字名": "吉高干拓", "小字コード": 0, "小字名": null, "__EMPTY": "吉高干拓62", "本番": 62, "枝番": "0", "子番": 0, "孫番": false, "付番": false, "所在地番号": "2.04100000062e+28", "農地管理番号": 1, "耕地番号": 1, "所在地名": "吉高干拓62", "マッチングさせるデータ": "吉高干拓62", "空散対象区分1": 2, "空散対象区分2": null, "空散外面積1": 0, "空散外面積2": false, "集計転作面積": 0, "散布面積1": null, "散布面積2": null, "支払者集落": 0, "支払者集落名": null, "支払者コード": 0, "支払者名": null, "支払者住所": null, "支払者電話番号": null, "農地異動適用法": false, "農地異動適用法名": null, "利用集積計画番号": null, "適用法開始年月日": null, "適用法終了年月日": null, "備考": "石橋　博明", "所有者世帯番号": 2207, "所有者個人番号": 3753, "借受者世帯番号": 2207, "借受者個人番号": 3753, "農地予備数字１": null, "農地予備数字２": null, "農地予備数字３": null, "農地予備数字４": null, "農地予備数字５": null, "農地予備文字１": null, "農地予備文字２": null, "農地予備文字３": null, "農地予備文字４": null, "農地予備文字５": null, "手動一致フラグ": null, "計算面積（アール）": 39, "散布班": "18-⑨", "地区名": "2026印西市" }, "geometry": { "type": "Polygon", "coordinates": [ [ [ 140.236391298, 35.797505477 ], [ 140.236240057, 35.79717347 ], [ 140.23518798500001, 35.797499181 ], [ 140.235338639, 35.797816716 ], [ 140.236391298, 35.797505477 ] ] ] } },
{ "type": "Feature", "properties": { "fid": 4273, "daicho_shubetsu_cd": "FUD25", "layer": "筆ポリゴン（2025年公開）_20260708233407", "fid_2": 6311, "事業年度": 2026, "物件番号": 6575, "GIS物件番号": null, "大字コード": 2041, "大字名": "吉高干拓", "小字コード": 0, "小字名": null, "__EMPTY": "吉高干拓63", "本番": 63, "枝番": "0", "子番": 0, "孫番": false, "付番": false, "所在地番号": "2.04100000063e+28", "農地管理番号": 1, "耕地番号": 2, "所在地名": "吉高干拓63", "マッチングさせるデータ": "吉高干拓63", "空散対象区分1": 2, "空散対象区分2": null, "空散外面積1": 0, "空散外面積2": false, "集計転作面積": 0, "散布面積1": null, "散布面積2": null, "支払者集落": 0, "支払者集落名": null, "支払者コード": 0, "支払者名": null, "支払者住所": null, "支払者電話番号": null, "農地異動適用法": false, "農地異動適用法名": null, "利用集積計画番号": null, "適用法開始年月日": null, "適用法終了年月日": null, "備考": "石橋　博明", "所有者世帯番号": 2207, "所有者個人番号": 3753, "借受者世帯番号": 2207, "借受者個人番号": 3753, "農地予備数字１": null, "農地予備数字２": null, "農地予備数字３": null, "農地予備数字４": null, "農地予備数字５": null, "農地予備文字１": null, "農地予備文字２": null, "農地予備文字３": null, "農地予備文字４": null, "農地予備文字５": null, "手動一致フラグ": null, "計算面積（アール）": 5, "散布班": "18-⑨", "地区名": "2026印西市" }, "geometry": { "type": "Polygon", "coordinates": [ [ [ 140.235357397513042, 35.797858392371047 ], [ 140.236409275814367, 35.797544289822739 ], [ 140.236391298, 35.797505477 ], [ 140.235338639, 35.797816716 ], [ 140.235357397513042, 35.797858392371047 ] ] ] } },
{ "type": "Feature", "properties": { "fid": 4274, "daicho_shubetsu_cd": "FUD25", "layer": "筆ポリゴン（2025年公開）_20260708233407", "fid_2": 6312, "事業年度": 2026, "物件番号": 6893, "GIS物件番号": null, "大字コード": 2050, "大字名": "萩原", "小字コード": 4, "小字名": "株木下", "__EMPTY": "萩原3197", "本番": 3197, "枝番": "0", "子番": 0, "孫番": false, "付番": false, "所在地番号": "2.05000403197e+28", "農地管理番号": 1, "耕地番号": 3, "所在地名": "萩原株木下3197", "マッチングさせるデータ": "萩原株木下3197", "空散対象区分1": 2, "空散対象区分2": null, "空散外面積1": 0, "空散外面積2": false, "集計転作面積": 0, "散布面積1": null, "散布面積2": null, "支払者集落": 0, "支払者集落名": null, "支払者コード": 0, "支払者名": null, "支払者住所": null, "支払者電話番号": null, "農地異動適用法": false, "農地異動適用法名": null, "利用集積計画番号": null, "適用法開始年月日": null, "適用法終了年月日": null, "備考": "石橋　博明", "所有者世帯番号": 2207, "所有者個人番号": 3753, "借受者世帯番号": 2207, "借受者個人番号": 3753, "農地予備数字１": null, "農地予備数字２": null, "農地予備数字３": null, "農地予備数字４": null, "農地予備数字５": null, "農地予備文字１": null, "農地予備文字２": null, "農地予備文字３": null, "農地予備文字４": null, "農地予備文字５": null, "手動一致フラグ": null, "計算面積（アール）": 21, "散布班": "18-④", "地区名": "2026印西市" }, "geometry": { "type": "Polygon", "coordinates": [ [ [ 140.218843072, 35.799881562 ], [ 140.218815591, 35.799862907 ], [ 140.218842848, 35.799835149 ], [ 140.218695588, 35.799742795 ], [ 140.218671605, 35.799767864 ], [ 140.217987834000013, 35.800441577 ], [ 140.218172462000013, 35.800558836 ], [ 140.218843072, 35.799881562 ] ] ] } },
{ "type": "Feature", "properties": { "fid": 4275, "daicho_shubetsu_cd": "FUD25", "layer": "筆ポリゴン（2025年公開）_20260708233407", "fid_2": 6313, "事業年度": 2026, "物件番号": 6894, "GIS物件番号": null, "大字コード": 2050, "大字名": "萩原", "小字コード": 4, "小字名": "株木下", "__EMPTY": "萩原3198", "本番": 3198, "枝番": "0", "子番": 0, "孫番": false, "付番": false, "所在地番号": "2.05000403198e+28", "農地管理番号": 1, "耕地番号": 4, "所在地名": "萩原株木下3198", "マッチングさせるデータ": "萩原株木下3198", "空散対象区分1": 2, "空散対象区分2": null, "空散外面積1": 0, "空散外面積2": false, "集計転作面積": 0, "散布面積1": null, "散布面積2": null, "支払者集落": 0, "支払者集落名": null, "支払者コード": 0, "支払者名": null, "支払者住所": null, "支払者電話番号": null, "農地異動適用法": false, "農地異動適用法名": null, "利用集積計画番号": null, "適用法開始年月日": null, "適用法終了年月日": null, "備考": "石橋　博明", "所有者世帯番号": 2207, "所有者個人番号": 3753, "借受者世帯番号": 2207, "借受者個人番号": 3753, "農地予備数字１": null, "農地予備数字２": null, "農地予備数字３": null, "農地予備数字４": null, "農地予備数字５": null, "農地予備文字１": null, "農地予備文字２": null, "農地予備文字３": null, "農地予備文字４": null, "農地予備文字５": null, "手動一致フラグ": null, "計算面積（アール）": 31, "散布班": "18-④", "地区名": "2026印西市" }, "geometry": { "type": "Polygon", "coordinates": [ [ [ 140.218671605, 35.799767864 ], [ 140.218647424000011, 35.799751876 ], [ 140.218673595000013, 35.799725907 ], [ 140.218435249, 35.799567928 ], [ 140.217723946, 35.800275528 ], [ 140.217987834000013, 35.800441577 ], [ 140.218671605, 35.799767864 ] ] ] } },
{ "type": "Feature", "properties": { "fid": 4276, "daicho_shubetsu_cd": "FUD25", "layer": "筆ポリゴン（2025年公開）_20260708233407", "fid_2": 6314, "事業年度": 2026, "物件番号": 6905, "GIS物件番号": null, "大字コード": 2050, "大字名": "萩原", "小字コード": 4, "小字名": "株木下", "__EMPTY": "萩原3210", "本番": 3210, "枝番": "0", "子番": 0, "孫番": false, "付番": false, "所在地番号": "2.0500040321e+28", "農地管理番号": 1, "耕地番号": 6, "所在地名": "萩原株木下3210", "マッチングさせるデータ": "萩原株木下3210", "空散対象区分1": 2, "空散対象区分2": null, "空散外面積1": 0, "空散外面積2": false, "集計転作面積": 0, "散布面積1": null, "散布面積2": null, "支払者集落": 0, "支払者集落名": null, "支払者コード": 0, "支払者名": null, "支払者住所": null, "支払者電話番号": null, "農地異動適用法": false, "農地異動適用法名": null, "利用集積計画番号": null, "適用法開始年月日": null, "適用法終了年月日": null, "備考": "石橋　博明", "所有者世帯番号": 2207, "所有者個人番号": 3753, "借受者世帯番号": 2207, "借受者個人番号": 3753, "農地予備数字１": null, "農地予備数字２": null, "農地予備数字３": null, "農地予備数字４": null, "農地予備数字５": null, "農地予備文字１": null, "農地予備文字２": null, "農地予備文字３": null, "農地予備文字４": null, "農地予備文字５": null, "手動一致フラグ": null, "計算面積（アール）": 12, "散布班": "18-④", "地区名": "2026印西市" }, "geometry": { "type": "Polygon", "coordinates": [ [ [ 140.215992994982344, 35.800071705155091 ], [ 140.216552832711102, 35.799524886908387 ], [ 140.216509144000014, 35.79947195 ], [ 140.216438716999988, 35.799407909 ], [ 140.21594291, 35.799909112 ], [ 140.215992994982344, 35.800071705155091 ] ] ] } },
{ "type": "Feature", "properties": { "fid": 4277, "daicho_shubetsu_cd": "FUD25", "layer": "筆ポリゴン（2025年公開）_20260708233407", "fid_2": 6315, "事業年度": 2026, "物件番号": 6942, "GIS物件番号": null, "大字コード": 2050, "大字名": "萩原", "小字コード": 4, "小字名": "株木下", "__EMPTY": "萩原3247", "本番": 3247, "枝番": "1", "子番": 0, "孫番": false, "付番": false, "所在地番号": "2.05000403247e+28", "農地管理番号": 1, "耕地番号": 7, "所在地名": "萩原株木下3247-1", "マッチングさせるデータ": "萩原株木下3247-1", "空散対象区分1": 2, "空散対象区分2": null, "空散外面積1": 0, "空散外面積2": false, "集計転作面積": 0, "散布面積1": null, "散布面積2": null, "支払者集落": 0, "支払者集落名": null, "支払者コード": 0, "支払者名": null, "支払者住所": null, "支払者電話番号": null, "農地異動適用法": false, "農地異動適用法名": null, "利用集積計画番号": null, "適用法開始年月日": null, "適用法終了年月日": null, "備考": "石橋　博明", "所有者世帯番号": 2207, "所有者個人番号": 3753, "借受者世帯番号": 2207, "借受者個人番号": 3753, "農地予備数字１": null, "農地予備数字２": null, "農地予備数字３": null, "農地予備数字４": null, "農地予備数字５": null, "農地予備文字１": null, "農地予備文字２": null, "農地予備文字３": null, "農地予備文字４": null, "農地予備文字５": null, "手動一致フラグ": null, "計算面積（アール）": 25, "散布班": "18-④", "地区名": "2026印西市" }, "geometry": { "type": "Polygon", "coordinates": [ [ [ 140.217514729162048, 35.802627460280924 ], [ 140.216951305, 35.80320324 ], [ 140.217040263, 35.803439053 ], [ 140.217075427, 35.803446095 ], [ 140.217147777, 35.803405154 ], [ 140.217238943000012, 35.803327889 ], [ 140.21733298, 35.803233776 ], [ 140.217471839000012, 35.803087107 ], [ 140.217602782, 35.802922136 ], [ 140.217716169999989, 35.802759606 ], [ 140.217514729162048, 35.802627460280924 ] ] ] } },
{ "type": "Feature", "properties": { "fid": 4278, "daicho_shubetsu_cd": "FUD25", "layer": "筆ポリゴン（2025年公開）_20260708233407", "fid_2": 6316, "事業年度": 2026, "物件番号": 6943, "GIS物件番号": null, "大字コード": 2050, "大字名": "萩原", "小字コード": 4, "小字名": "株木下", "__EMPTY": "萩原3247", "本番": 3247, "枝番": "2", "子番": 0, "孫番": false, "付番": false, "所在地番号": "2.05000403247e+28", "農地管理番号": 1, "耕地番号": 8, "所在地名": "萩原株木下3247-2", "マッチングさせるデータ": "萩原株木下3247-2", "空散対象区分1": 2, "空散対象区分2": null, "空散外面積1": 0, "空散外面積2": false, "集計転作面積": 0, "散布面積1": null, "散布面積2": null, "支払者集落": 0, "支払者集落名": null, "支払者コード": 0, "支払者名": null, "支払者住所": null, "支払者電話番号": null, "農地異動適用法": false, "農地異動適用法名": null, "利用集積計画番号": null, "適用法開始年月日": null, "適用法終了年月日": null, "備考": "石橋　博明", "所有者世帯番号": 2207, "所有者個人番号": 3753, "借受者世帯番号": 2207, "借受者個人番号": 3753, "農地予備数字１": null, "農地予備数字２": null, "農地予備数字３": null, "農地予備数字４": null, "農地予備数字５": null, "農地予備文字１": null, "農地予備文字２": null, "農地予備文字３": null, "農地予備文字４": null, "農地予備文字５": null, "手動一致フラグ": null, "計算面積（アール）": 4, "散布班": "18-④", "地区名": "2026印西市" }, "geometry": { "type": "Polygon", "coordinates": [ [ [ 140.216951305, 35.80320324 ], [ 140.217514729162048, 35.802627460280924 ], [ 140.217466546, 35.802595852 ], [ 140.21695964, 35.803110206 ], [ 140.2169802, 35.803124449 ], [ 140.216942384, 35.80317465 ], [ 140.216951305, 35.80320324 ] ] ] } },
{ "type": "Feature", "properties": { "fid": 4279, "daicho_shubetsu_cd": "FUD25", "layer": "筆ポリゴン（2025年公開）_20260708233456", "fid_2": 6317, "事業年度": 2026, "物件番号": 7335, "GIS物件番号": null, "大字コード": 2050, "大字名": "萩原", "小字コード": 14, "小字名": "花輪", "__EMPTY": "萩原3110", "本番": 3110, "枝番": "0", "子番": 0, "孫番": false, "付番": false, "所在地番号": "2.0500140311e+28", "農地管理番号": 1, "耕地番号": 9, "所在地名": "萩原花輪3110", "マッチングさせるデータ": "萩原花輪3110", "空散対象区分1": 2, "空散対象区分2": null, "空散外面積1": 0, "空散外面積2": false, "集計転作面積": 0, "散布面積1": null, "散布面積2": null, "支払者集落": 0, "支払者集落名": null, "支払者コード": 0, "支払者名": null, "支払者住所": null, "支払者電話番号": null, "農地異動適用法": false, "農地異動適用法名": null, "利用集積計画番号": null, "適用法開始年月日": null, "適用法終了年月日": null, "備考": "石橋　博明", "所有者世帯番号": 2207, "所有者個人番号": 3753, "借受者世帯番号": 2207, "借受者個人番号": 3753, "農地予備数字１": null, "農地予備数字２": null, "農地予備数字３": null, "農地予備数字４": null, "農地予備数字５": null, "農地予備文字１": null, "農地予備文字２": null, "農地予備文字３": null, "農地予備文字４": null, "農地予備文字５": null, "手動一致フラグ": null, "計算面積（アール）": 12, "散布班": "18-④", "地区名": "2026印西市" }, "geometry": { "type": "Polygon", "coordinates": [ [ [ 140.214326281000012, 35.796350303 ], [ 140.214484183, 35.796397129 ], [ 140.214189586, 35.795584226 ], [ 140.214116211, 35.795565527 ], [ 140.214024056, 35.795532913 ], [ 140.214326281000012, 35.796350303 ] ] ] } },
{ "type": "Feature", "properties": { "fid": 4282, "daicho_shubetsu_cd": "FUD25", "layer": "筆ポリゴン（2025年公開）_20260708233407", "fid_2": 6323, "事業年度": 2026, "物件番号": 7011, "GIS物件番号": null, "大字コード": 2050, "大字名": "萩原", "小字コード": 6, "小字名": "城内下", "__EMPTY": "萩原3328", "本番": 3328, "枝番": "1", "子番": 0, "孫番": false, "付番": false, "所在地番号": "2.05000603328e+28", "農地管理番号": 1, "耕地番号": 18, "所在地名": "萩原城内下3328-1", "マッチングさせるデータ": "萩原城内下3328-1", "空散対象区分1": 2, "空散対象区分2": null, "空散外面積1": 0, "空散外面積2": false, "集計転作面積": 0, "散布面積1": null, "散布面積2": null, "支払者集落": 0, "支払者集落名": null, "支払者コード": 0, "支払者名": null, "支払者住所": null, "支払者電話番号": null, "農地異動適用法": false, "農地異動適用法名": null, "利用集積計画番号": null, "適用法開始年月日": null, "適用法終了年月日": null, "備考": "五十嵐　忠政", "所有者世帯番号": 2208, "所有者個人番号": 3983, "借受者世帯番号": 2208, "借受者個人番号": 3983, "農地予備数字１": null, "農地予備数字２": null, "農地予備数字３": null, "農地予備数字４": null, "農地予備数字５": null, "農地予備文字１": null, "農地予備文字２": null, "農地予備文字３": null, "農地予備文字４": null, "農地予備文字５": null, "手動一致フラグ": null, "計算面積（アール）": 10, "散布班": "18-①", "地区名": "2026印西市" }, "geometry": { "type": "Polygon", "coordinates": [ [ [ 140.212805819010583, 35.801483969337667 ], [ 140.213885534463287, 35.801263409886531 ], [ 140.213868973, 35.801211957 ], [ 140.213802824, 35.801228034 ], [ 140.213790956, 35.801189989 ], [ 140.213623724, 35.801224283 ], [ 140.212779259, 35.801397454 ], [ 140.212805819010583, 35.801483969337667 ] ] ] } },
{ "type": "Feature", "properties": { "fid": 4283, "daicho_shubetsu_cd": "FUD25", "layer": "筆ポリゴン（2025年公開）_20260708233407", "fid_2": 6324, "事業年度": 2026, "物件番号": 7012, "GIS物件番号": null, "大字コード": 2050, "大字名": "萩原", "小字コード": 6, "小字名": "城内下", "__EMPTY": "萩原3328", "本番": 3328, "枝番": "2", "子番": 0, "孫番": false, "付番": false, "所在地番号": "2.05000603328e+28", "農地管理番号": 1, "耕地番号": 19, "所在地名": "萩原城内下3328-2", "マッチングさせるデータ": "萩原城内下3328-2", "空散対象区分1": 2, "空散対象区分2": null, "空散外面積1": 0, "空散外面積2": false, "集計転作面積": 0, "散布面積1": null, "散布面積2": null, "支払者集落": 0, "支払者集落名": null, "支払者コード": 0, "支払者名": null, "支払者住所": null, "支払者電話番号": null, "農地異動適用法": false, "農地異動適用法名": null, "利用集積計画番号": null, "適用法開始年月日": null, "適用法終了年月日": null, "備考": "五味　茂", "所有者世帯番号": 2208, "所有者個人番号": 3983, "借受者世帯番号": 2208, "借受者個人番号": 3983, "農地予備数字１": null, "農地予備数字２": null, "農地予備数字３": null, "農地予備数字４": null, "農地予備数字５": null, "農地予備文字１": null, "農地予備文字２": null, "農地予備文字３": null, "農地予備文字４": null, "農地予備文字５": null, "手動一致フラグ": null, "計算面積（アール）": 14, "散布班": "18-①", "地区名": "2026印西市" }, "geometry": { "type": "Polygon", "coordinates": [ [ [ 140.213885534463287, 35.801263409886531 ], [ 140.212805819010583, 35.801483969337667 ], [ 140.212843889999988, 35.80160798 ], [ 140.213879596999988, 35.801397576 ], [ 140.213871663, 35.801367452 ], [ 140.213916424, 35.801359377 ], [ 140.213885534463287, 35.801263409886531 ] ] ] } },
{ "type": "Feature", "properties": { "fid": 4284, "daicho_shubetsu_cd": "FUD25", "layer": "筆ポリゴン（2025年公開）_20260708233407", "fid_2": 6325, "事業年度": 2026, "物件番号": 6916, "GIS物件番号": null, "大字コード": 2050, "大字名": "萩原", "小字コード": 4, "小字名": "株木下", "__EMPTY": "萩原3219", "本番": 3219, "枝番": "0", "子番": 0, "孫番": false, "付番": false, "所在地番号": "2.05000403219e+28", "農地管理番号": 1, "耕地番号": 1, "所在地名": "萩原株木下3219", "マッチングさせるデータ": "萩原株木下3219", "空散対象区分1": 2, "空散対象区分2": null, "空散外面積1": 0, "空散外面積2": false, "集計転作面積": 0, "散布面積1": null, "散布面積2": null, "支払者集落": 0, "支払者集落名": null, "支払者コード": 0, "支払者名": null, "支払者住所": null, "支払者電話番号": null, "農地異動適用法": false, "農地異動適用法名": null, "利用集積計画番号": null, "適用法開始年月日": null, "適用法終了年月日": null, "備考": "亀田　昭", "所有者世帯番号": 2209, "所有者個人番号": 4014, "借受者世帯番号": 2209, "借受者個人番号": 4014, "農地予備数字１": null, "農地予備数字２": null, "農地予備数字３": null, "農地予備数字４": null, "農地予備数字５": null, "農地予備文字１": null, "農地予備文字２": null, "農地予備文字３": null, "農地予備文字４": null, "農地予備文字５": null, "手動一致フラグ": null, "計算面積（アール）": 26, "散布班": "18-④", "地区名": "2026印西市" }, "geometry": { "type": "Polygon", "coordinates": [ [ [ 140.217482463713992, 35.801310098179123 ], [ 140.218179838772954, 35.800609354158524 ], [ 140.217955072, 35.800460783 ], [ 140.217260326, 35.801166874 ], [ 140.217482463713992, 35.801310098179123 ] ] ] } },
{ "type": "Feature", "properties": { "fid": 4285, "daicho_shubetsu_cd": "FUD25", "layer": "筆ポリゴン（2025年公開）_20260708233407", "fid_2": 6326, "事業年度": 2026, "物件番号": 6917, "GIS物件番号": null, "大字コード": 2050, "大字名": "萩原", "小字コード": 4, "小字名": "株木下", "__EMPTY": "萩原3220", "本番": 3220, "枝番": "1", "子番": 0, "孫番": false, "付番": false, "所在地番号": "2.0500040322e+28", "農地管理番号": 1, "耕地番号": 2, "所在地名": "萩原株木下3220-1", "マッチングさせるデータ": "萩原株木下3220-1", "空散対象区分1": 2, "空散対象区分2": null, "空散外面積1": 0, "空散外面積2": false, "集計転作面積": 0, "散布面積1": null, "散布面積2": null, "支払者集落": 0, "支払者集落名": null, "支払者コード": 0, "支払者名": null, "支払者住所": null, "支払者電話番号": null, "農地異動適用法": false, "農地異動適用法名": null, "利用集積計画番号": null, "適用法開始年月日": null, "適用法終了年月日": null, "備考": "亀田　昭", "所有者世帯番号": 2209, "所有者個人番号": 4014, "借受者世帯番号": 2209, "借受者個人番号": 4014, "農地予備数字１": null, "農地予備数字２": null, "農地予備数字３": null, "農地予備数字４": null, "農地予備数字５": null, "農地予備文字１": null, "農地予備文字２": null, "農地予備文字３": null, "農地予備文字４": null, "農地予備文字５": null, "手動一致フラグ": null, "計算面積（アール）": 5, "散布班": "18-④", "地区名": "2026印西市" }, "geometry": { "type": "Polygon", "coordinates": [ [ [ 140.218179838772954, 35.800609354158524 ], [ 140.217482463713992, 35.801310098179123 ], [ 140.217527233999988, 35.801338964 ], [ 140.218224846, 35.800639104 ], [ 140.218179838772954, 35.800609354158524 ] ] ] } },
{ "type": "Feature", "properties": { "fid": 4286, "daicho_shubetsu_cd": "FUD25", "layer": "筆ポリゴン（2025年公開）_20260708233407", "fid_2": 6327, "事業年度": 2026, "物件番号": 6929, "GIS物件番号": null, "大字コード": 2050, "大字名": "萩原", "小字コード": 4, "小字名": "株木下", "__EMPTY": "萩原3234", "本番": 3234, "枝番": "1", "子番": 0, "孫番": false, "付番": false, "所在地番号": "2.05000403234e+28", "農地管理番号": 1, "耕地番号": 3, "所在地名": "萩原株木下3234-1", "マッチングさせるデータ": "萩原株木下3234-1", "空散対象区分1": 2, "空散対象区分2": null, "空散外面積1": 0, "空散外面積2": false, "集計転作面積": 0, "散布面積1": null, "散布面積2": null, "支払者集落": 0, "支払者集落名": null, "支払者コード": 0, "支払者名": null, "支払者住所": null, "支払者電話番号": null, "農地異動適用法": false, "農地異動適用法名": null, "利用集積計画番号": null, "適用法開始年月日": null, "適用法終了年月日": null, "備考": "亀田　昭", "所有者世帯番号": 2209, "所有者個人番号": 4014, "借受者世帯番号": 2209, "借受者個人番号": 4014, "農地予備数字１": null, "農地予備数字２": null, "農地予備数字３": null, "農地予備数字４": null, "農地予備数字５": null, "農地予備文字１": null, "農地予備文字２": null, "農地予備文字３": null, "農地予備文字４": null, "農地予備文字５": null, "手動一致フラグ": null, "計算面積（アール）": 3, "散布班": "18-④", "地区名": "2026印西市" }, "geometry": { "type": "Polygon", "coordinates": [ [ [ 140.217974676411728, 35.80174237896474 ], [ 140.217276209218113, 35.802437291617963 ], [ 140.217302061999987, 35.802453829 ], [ 140.21797799, 35.801785077 ], [ 140.217952384, 35.801771249 ], [ 140.217974676411728, 35.80174237896474 ] ] ] } },
{ "type": "Feature", "properties": { "fid": 4287, "daicho_shubetsu_cd": "FUD25", "layer": "筆ポリゴン（2025年公開）_20260708233407", "fid_2": 6328, "事業年度": 2026, "物件番号": 6930, "GIS物件番号": null, "大字コード": 2050, "大字名": "萩原", "小字コード": 4, "小字名": "株木下", "__EMPTY": "萩原3234", "本番": 3234, "枝番": "2", "子番": 0, "孫番": false, "付番": false, "所在地番号": "2.05000403234e+28", "農地管理番号": 1, "耕地番号": 4, "所在地名": "萩原株木下3234-2", "マッチングさせるデータ": "萩原株木下3234-2", "空散対象区分1": 2, "空散対象区分2": null, "空散外面積1": 0, "空散外面積2": false, "集計転作面積": 0, "散布面積1": null, "散布面積2": null, "支払者集落": 0, "支払者集落名": null, "支払者コード": 0, "支払者名": null, "支払者住所": null, "支払者電話番号": null, "農地異動適用法": false, "農地異動適用法名": null, "利用集積計画番号": null, "適用法開始年月日": null, "適用法終了年月日": null, "備考": "亀田　昭", "所有者世帯番号": 2209, "所有者個人番号": 4014, "借受者世帯番号": 2209, "借受者個人番号": 4014, "農地予備数字１": null, "農地予備数字２": null, "農地予備数字３": null, "農地予備数字４": null, "農地予備数字５": null, "農地予備文字１": null, "農地予備文字２": null, "農地予備文字３": null, "農地予備文字４": null, "農地予備文字５": null, "手動一致フラグ": null, "計算面積（アール）": 2, "散布班": "18-④", "地区名": "2026印西市" }, "geometry": { "type": "Polygon", "coordinates": [ [ [ 140.217965833810467, 35.801726302192314 ], [ 140.217256541225595, 35.802424710491977 ], [ 140.217276209218113, 35.802437291617963 ], [ 140.217974676411728, 35.80174237896474 ], [ 140.21797988, 35.80173564 ], [ 140.217965833810467, 35.801726302192314 ] ] ] } },
{ "type": "Feature", "properties": { "fid": 4288, "daicho_shubetsu_cd": "FUD25", "layer": "筆ポリゴン（2025年公開）_20260708233407", "fid_2": 6329, "事業年度": 2026, "物件番号": 6931, "GIS物件番号": null, "大字コード": 2050, "大字名": "萩原", "小字コード": 4, "小字名": "株木下", "__EMPTY": "萩原3235", "本番": 3235, "枝番": "0", "子番": 0, "孫番": false, "付番": false, "所在地番号": "2.05000403235e+28", "農地管理番号": 1, "耕地番号": 5, "所在地名": "萩原株木下3235", "マッチングさせるデータ": "萩原株木下3235", "空散対象区分1": 2, "空散対象区分2": null, "空散外面積1": 0, "空散外面積2": false, "集計転作面積": 0, "散布面積1": null, "散布面積2": null, "支払者集落": 0, "支払者集落名": null, "支払者コード": 0, "支払者名": null, "支払者住所": null, "支払者電話番号": null, "農地異動適用法": false, "農地異動適用法名": null, "利用集積計画番号": null, "適用法開始年月日": null, "適用法終了年月日": null, "備考": "亀田　昭", "所有者世帯番号": 2209, "所有者個人番号": 4014, "借受者世帯番号": 2209, "借受者個人番号": 4014, "農地予備数字１": null, "農地予備数字２": null, "農地予備数字３": null, "農地予備数字４": null, "農地予備数字５": null, "農地予備文字１": null, "農地予備文字２": null, "農地予備文字３": null, "農地予備文字４": null, "農地予備文字５": null, "手動一致フラグ": null, "計算面積（アール）": 26, "散布班": "18-④", "地区名": "2026印西市" }, "geometry": { "type": "Polygon", "coordinates": [ [ [ 140.217256541225595, 35.802424710491977 ], [ 140.217965833810467, 35.801726302192314 ], [ 140.217742385, 35.801577755 ], [ 140.217042499, 35.802287793 ], [ 140.217256541225595, 35.802424710491977 ] ] ] } },
{ "type": "Feature", "properties": { "fid": 4289, "daicho_shubetsu_cd": "FUD25", "layer": "筆ポリゴン（2025年公開）_20260708233407", "fid_2": 6330, "事業年度": 2026, "物件番号": 6948, "GIS物件番号": null, "大字コード": 2050, "大字名": "萩原", "小字コード": 5, "小字名": "猿内下", "__EMPTY": "萩原366", "本番": 366, "枝番": "1", "子番": 0, "孫番": false, "付番": false, "所在地番号": "2.05000500366e+28", "農地管理番号": 1, "耕地番号": 6, "所在地名": "萩原猿内下366-1", "マッチングさせるデータ": "萩原猿内下366-1", "空散対象区分1": 2, "空散対象区分2": null, "空散外面積1": 0, "空散外面積2": false, "集計転作面積": 0, "散布面積1": null, "散布面積2": null, "支払者集落": 0, "支払者集落名": null, "支払者コード": 0, "支払者名": null, "支払者住所": null, "支払者電話番号": null, "農地異動適用法": false, "農地異動適用法名": null, "利用集積計画番号": null, "適用法開始年月日": null, "適用法終了年月日": null, "備考": "亀田　昭", "所有者世帯番号": 2209, "所有者個人番号": 4014, "借受者世帯番号": 2209, "借受者個人番号": 4014, "農地予備数字１": null, "農地予備数字２": null, "農地予備数字３": null, "農地予備数字４": null, "農地予備数字５": null, "農地予備文字１": null, "農地予備文字２": null, "農地予備文字３": null, "農地予備文字４": null, "農地予備文字５": null, "手動一致フラグ": null, "計算面積（アール）": 3, "散布班": "18-①", "地区名": "2026印西市" }, "geometry": { "type": "Polygon", "coordinates": [ [ [ 140.215539919906689, 35.799563058109491 ], [ 140.21542070083558, 35.799422340517367 ], [ 140.215277365, 35.799520655 ], [ 140.215394245, 35.799642289 ], [ 140.215490503000012, 35.799592924 ], [ 140.215539919906689, 35.799563058109491 ] ] ] } },
{ "type": "Feature", "properties": { "fid": 4290, "daicho_shubetsu_cd": "FUD25", "layer": "筆ポリゴン（2025年公開）_20260708233407", "fid_2": 6331, "事業年度": 2026, "物件番号": 6953, "GIS物件番号": null, "大字コード": 2050, "大字名": "萩原", "小字コード": 6, "小字名": "城内下", "__EMPTY": "萩原3263", "本番": 3263, "枝番": "0", "子番": 0, "孫番": false, "付番": false, "所在地番号": "2.05000603263e+28", "農地管理番号": 1, "耕地番号": 7, "所在地名": "萩原城内下3263", "マッチングさせるデータ": "萩原城内下3263", "空散対象区分1": 2, "空散対象区分2": null, "空散外面積1": 0, "空散外面積2": false, "集計転作面積": 0, "散布面積1": null, "散布面積2": null, "支払者集落": 0, "支払者集落名": null, "支払者コード": 0, "支払者名": null, "支払者住所": null, "支払者電話番号": null, "農地異動適用法": false, "農地異動適用法名": null, "利用集積計画番号": null, "適用法開始年月日": null, "適用法終了年月日": null, "備考": "亀田　昭", "所有者世帯番号": 2209, "所有者個人番号": 4014, "借受者世帯番号": 2209, "借受者個人番号": 4014, "農地予備数字１": null, "農地予備数字２": null, "農地予備数字３": null, "農地予備数字４": null, "農地予備数字５": null, "農地予備文字１": null, "農地予備文字２": null, "農地予備文字３": null, "農地予備文字４": null, "農地予備文字５": null, "手動一致フラグ": null, "計算面積（アール）": 16, "散布班": "18-①", "地区名": "2026印西市" }, "geometry": { "type": "Polygon", "coordinates": [ [ [ 140.21583475, 35.799779322 ], [ 140.215040093999988, 35.799945915 ], [ 140.214939693, 35.799966963 ], [ 140.214766669, 35.800073125 ], [ 140.214787122, 35.800148171 ], [ 140.215876643, 35.799919571 ], [ 140.21583475, 35.799779322 ] ] ] } },
{ "type": "Feature", "properties": { "fid": 4291, "daicho_shubetsu_cd": "FUD25", "layer": "筆ポリゴン（2025年公開）_20260708233407", "fid_2": 6333, "事業年度": 2026, "物件番号": 7827, "GIS物件番号": null, "大字コード": 2050, "大字名": "萩原", "小字コード": 28, "小字名": "東埜", "__EMPTY": "萩原3571", "本番": 3571, "枝番": "1", "子番": 0, "孫番": false, "付番": false, "所在地番号": "2.05002803571e+28", "農地管理番号": 1, "耕地番号": 9, "所在地名": "萩原東埜3571-1", "マッチングさせるデータ": "萩原東埜3571-1", "空散対象区分1": 2, "空散対象区分2": null, "空散外面積1": 0, "空散外面積2": false, "集計転作面積": 0, "散布面積1": null, "散布面積2": null, "支払者集落": 0, "支払者集落名": null, "支払者コード": 0, "支払者名": null, "支払者住所": null, "支払者電話番号": null, "農地異動適用法": false, "農地異動適用法名": null, "利用集積計画番号": null, "適用法開始年月日": null, "適用法終了年月日": null, "備考": "亀田　昭", "所有者世帯番号": 2209, "所有者個人番号": 4014, "借受者世帯番号": 2209, "借受者個人番号": 4014, "農地予備数字１": null, "農地予備数字２": null, "農地予備数字３": null, "農地予備数字４": null, "農地予備数字５": null, "農地予備文字１": null, "農地予備文字２": null, "農地予備文字３": null, "農地予備文字４": null, "農地予備文字５": null, "手動一致フラグ": null, "計算面積（アール）": 16, "散布班": "18-⑤", "地区名": "2026印西市" }, "geometry": { "type": "Polygon", "coordinates": [ [ [ 140.224157922582378, 35.803272348921404 ], [ 140.224824522389497, 35.802542808359966 ], [ 140.224691041999989, 35.802456721 ], [ 140.224025598999987, 35.803166148 ], [ 140.224018755, 35.803184137 ], [ 140.224157922582378, 35.803272348921404 ] ] ] } },
{ "type": "Feature", "properties": { "fid": 4292, "daicho_shubetsu_cd": "FUD25", "layer": "筆ポリゴン（2025年公開）_20260708233407", "fid_2": 6334, "事業年度": 2026, "物件番号": 7828, "GIS物件番号": null, "大字コード": 2050, "大字名": "萩原", "小字コード": 28, "小字名": "東埜", "__EMPTY": "萩原3571", "本番": 3571, "枝番": "2", "子番": 0, "孫番": false, "付番": false, "所在地番号": "2.05002803571e+28", "農地管理番号": 1, "耕地番号": 10, "所在地名": "萩原東埜3571-2", "マッチングさせるデータ": "萩原東埜3571-2", "空散対象区分1": 2, "空散対象区分2": null, "空散外面積1": 0, "空散外面積2": false, "集計転作面積": 0, "散布面積1": null, "散布面積2": null, "支払者集落": 0, "支払者集落名": null, "支払者コード": 0, "支払者名": null, "支払者住所": null, "支払者電話番号": null, "農地異動適用法": false, "農地異動適用法名": null, "利用集積計画番号": null, "適用法開始年月日": null, "適用法終了年月日": null, "備考": "亀田　昭", "所有者世帯番号": 2209, "所有者個人番号": 4014, "借受者世帯番号": 2209, "借受者個人番号": 4014, "農地予備数字１": null, "農地予備数字２": null, "農地予備数字３": null, "農地予備数字４": null, "農地予備数字５": null, "農地予備文字１": null, "農地予備文字２": null, "農地予備文字３": null, "農地予備文字４": null, "農地予備文字５": null, "手動一致フラグ": null, "計算面積（アール）": 15, "散布班": "18-⑤", "地区名": "2026印西市" }, "geometry": { "type": "Polygon", "coordinates": [ [ [ 140.224286787387086, 35.803354030386501 ], [ 140.224960331121196, 35.802630397369981 ], [ 140.224824522389497, 35.802542808359966 ], [ 140.224157922582378, 35.803272348921404 ], [ 140.224286787387086, 35.803354030386501 ] ] ] } },
{ "type": "Feature", "properties": { "fid": 4293, "daicho_shubetsu_cd": "FUD25", "layer": "筆ポリゴン（2025年公開）_20260708233407", "fid_2": 6335, "事業年度": 2026, "物件番号": 7829, "GIS物件番号": null, "大字コード": 2050, "大字名": "萩原", "小字コード": 28, "小字名": "東埜", "__EMPTY": "萩原3572", "本番": 3572, "枝番": "1", "子番": 0, "孫番": false, "付番": false, "所在地番号": "2.05002803572e+28", "農地管理番号": 1, "耕地番号": 11, "所在地名": "萩原東埜3572-1", "マッチングさせるデータ": "萩原東埜3572-1", "空散対象区分1": 2, "空散対象区分2": null, "空散外面積1": 0, "空散外面積2": false, "集計転作面積": 0, "散布面積1": null, "散布面積2": null, "支払者集落": 0, "支払者集落名": null, "支払者コード": 0, "支払者名": null, "支払者住所": null, "支払者電話番号": null, "農地異動適用法": false, "農地異動適用法名": null, "利用集積計画番号": null, "適用法開始年月日": null, "適用法終了年月日": null, "備考": "亀田　昭", "所有者世帯番号": 2209, "所有者個人番号": 4014, "借受者世帯番号": 2209, "借受者個人番号": 4014, "農地予備数字１": null, "農地予備数字２": null, "農地予備数字３": null, "農地予備数字４": null, "農地予備数字５": null, "農地予備文字１": null, "農地予備文字２": null, "農地予備文字３": null, "農地予備文字４": null, "農地予備文字５": null, "手動一致フラグ": null, "計算面積（アール）": 11, "散布班": "18-⑤", "地区名": "2026印西市" }, "geometry": { "type": "Polygon", "coordinates": [ [ [ 140.224376858, 35.803411122 ], [ 140.225053710467989, 35.802690621807983 ], [ 140.224960331121196, 35.802630397369981 ], [ 140.224286787387086, 35.803354030386501 ], [ 140.224376858, 35.803411122 ] ] ] } },
{ "type": "Feature", "properties": { "fid": 4294, "daicho_shubetsu_cd": "FUD25", "layer": "筆ポリゴン（2025年公開）_20260708233407", "fid_2": 6336, "事業年度": 2026, "物件番号": 7830, "GIS物件番号": null, "大字コード": 2050, "大字名": "萩原", "小字コード": 28, "小字名": "東埜", "__EMPTY": "萩原3572", "本番": 3572, "枝番": "2", "子番": 0, "孫番": false, "付番": false, "所在地番号": "2.05002803572e+28", "農地管理番号": 1, "耕地番号": 12, "所在地名": "萩原東埜3572-2", "マッチングさせるデータ": "萩原東埜3572-2", "空散対象区分1": 2, "空散対象区分2": null, "空散外面積1": 0, "空散外面積2": false, "集計転作面積": 0, "散布面積1": null, "散布面積2": null, "支払者集落": 0, "支払者集落名": null, "支払者コード": 0, "支払者名": null, "支払者住所": null, "支払者電話番号": null, "農地異動適用法": false, "農地異動適用法名": null, "利用集積計画番号": null, "適用法開始年月日": null, "適用法終了年月日": null, "備考": "亀田　昭", "所有者世帯番号": 2209, "所有者個人番号": 4014, "借受者世帯番号": 2209, "借受者個人番号": 4014, "農地予備数字１": null, "農地予備数字２": null, "農地予備数字３": null, "農地予備数字４": null, "農地予備数字５": null, "農地予備文字１": null, "農地予備文字２": null, "農地予備文字３": null, "農地予備文字４": null, "農地予備文字５": null, "手動一致フラグ": null, "計算面積（アール）": 3, "散布班": "18-⑤", "地区名": "2026印西市" }, "geometry": { "type": "Polygon", "coordinates": [ [ [ 140.225053710467989, 35.802690621807983 ], [ 140.224376858, 35.803411122 ], [ 140.224394103, 35.803393955 ], [ 140.224421942, 35.80341668 ], [ 140.225083932, 35.802710113 ], [ 140.225053710467989, 35.802690621807983 ] ] ] } },
{ "type": "Feature", "properties": { "fid": 4296, "daicho_shubetsu_cd": "FUD25", "layer": "筆ポリゴン（2025年公開）_20260708233407", "fid_2": 6339, "事業年度": 2026, "物件番号": 7018, "GIS物件番号": null, "大字コード": 2050, "大字名": "萩原", "小字コード": 6, "小字名": "城内下", "__EMPTY": "萩原3334", "本番": 3334, "枝番": "0", "子番": 0, "孫番": false, "付番": false, "所在地番号": "2.05000603334e+28", "農地管理番号": 1, "耕地番号": 4, "所在地名": "萩原城内下3334", "マッチングさせるデータ": "萩原城内下3334", "空散対象区分1": 2, "空散対象区分2": null, "空散外面積1": 0, "空散外面積2": false, "集計転作面積": 998, "散布面積1": 0, "散布面積2": false, "支払者集落": 0, "支払者集落名": null, "支払者コード": 0, "支払者名": null, "支払者住所": null, "支払者電話番号": null, "農地異動適用法": false, "農地異動適用法名": null, "利用集積計画番号": null, "適用法開始年月日": null, "適用法終了年月日": null, "備考": "五十嵐　正実", "所有者世帯番号": 2202, "所有者個人番号": 3727, "借受者世帯番号": 2202, "借受者個人番号": 3727, "農地予備数字１": null, "農地予備数字２": null, "農地予備数字３": null, "農地予備数字４": null, "農地予備数字５": null, "農地予備文字１": null, "農地予備文字２": null, "農地予備文字３": null, "農地予備文字４": null, "農地予備文字５": null, "手動一致フラグ": null, "計算面積（アール）": 25, "散布班": "18-①", "地区名": "2026印西市" }, "geometry": { "type": "Polygon", "coordinates": [ [ [ 140.21310451, 35.802454232 ], [ 140.213183972, 35.80271306 ], [ 140.213693985, 35.802608279 ], [ 140.213649089, 35.802470667 ], [ 140.213992721000011, 35.802396326 ], [ 140.214029555, 35.802538127 ], [ 140.214136903, 35.802522768 ], [ 140.214215755999987, 35.802515377 ], [ 140.214278556000011, 35.802511608 ], [ 140.214186864, 35.802231162 ], [ 140.214136714, 35.802240943 ], [ 140.213959452000012, 35.802280365 ], [ 140.21310451, 35.802454232 ] ] ] } },
{ "type": "Feature", "properties": { "fid": 4297, "daicho_shubetsu_cd": "FUD25", "layer": "筆ポリゴン（2025年公開）_20260708233407", "fid_2": 6340, "事業年度": 2026, "物件番号": 7019, "GIS物件番号": null, "大字コード": 2050, "大字名": "萩原", "小字コード": 6, "小字名": "城内下", "__EMPTY": "萩原3337", "本番": 3337, "枝番": "0", "子番": 0, "孫番": false, "付番": false, "所在地番号": "2.05000603337e+28", "農地管理番号": 1, "耕地番号": 5, "所在地名": "萩原城内下3337", "マッチングさせるデータ": "萩原城内下3337", "空散対象区分1": 2, "空散対象区分2": null, "空散外面積1": 0, "空散外面積2": false, "集計転作面積": 1247, "散布面積1": 0, "散布面積2": false, "支払者集落": 0, "支払者集落名": null, "支払者コード": 0, "支払者名": null, "支払者住所": null, "支払者電話番号": null, "農地異動適用法": false, "農地異動適用法名": null, "利用集積計画番号": null, "適用法開始年月日": null, "適用法終了年月日": null, "備考": "五十嵐　正実", "所有者世帯番号": 2202, "所有者個人番号": 3727, "借受者世帯番号": 2202, "借受者個人番号": 3727, "農地予備数字１": null, "農地予備数字２": null, "農地予備数字３": null, "農地予備数字４": null, "農地予備数字５": null, "農地予備文字１": null, "農地予備文字２": null, "農地予備文字３": null, "農地予備文字４": null, "農地予備文字５": null, "手動一致フラグ": null, "計算面積（アール）": 24, "散布班": "18-①", "地区名": "2026印西市" }, "geometry": { "type": "Polygon", "coordinates": [ [ [ 140.214232474, 35.802540789 ], [ 140.214162378, 35.802546367 ], [ 140.214070387, 35.802555584 ], [ 140.214020055, 35.802570025 ], [ 140.214085319, 35.802769519 ], [ 140.213710322, 35.802830721 ], [ 140.213678498, 35.802755685 ], [ 140.213738041, 35.802743312 ], [ 140.213693985, 35.802608279 ], [ 140.213183972, 35.80271306 ], [ 140.213226249, 35.802849661 ], [ 140.213271395, 35.802994381 ], [ 140.214356212000013, 35.802775039 ], [ 140.214342394, 35.802727562 ], [ 140.214286019000014, 35.802544907 ], [ 140.214232474, 35.802540789 ] ] ] } },
{ "type": "Feature", "properties": { "fid": 4298, "daicho_shubetsu_cd": "FUD25", "layer": "筆ポリゴン（2025年公開）_20260708233407", "fid_2": 6341, "事業年度": 2026, "物件番号": 7855, "GIS物件番号": null, "大字コード": 2050, "大字名": "萩原", "小字コード": 28, "小字名": "東埜", "__EMPTY": "萩原3599", "本番": 3599, "枝番": "0", "子番": 0, "孫番": false, "付番": false, "所在地番号": "2.05002803599e+28", "農地管理番号": 1, "耕地番号": 3, "所在地名": "萩原東埜3599", "マッチングさせるデータ": "萩原東埜3599", "空散対象区分1": 2, "空散対象区分2": null, "空散外面積1": 0, "空散外面積2": false, "集計転作面積": 0, "散布面積1": null, "散布面積2": null, "支払者集落": 0, "支払者集落名": null, "支払者コード": 0, "支払者名": null, "支払者住所": null, "支払者電話番号": null, "農地異動適用法": false, "農地異動適用法名": null, "利用集積計画番号": null, "適用法開始年月日": null, "適用法終了年月日": null, "備考": "平山　一雄", "所有者世帯番号": 2211, "所有者個人番号": 4225, "借受者世帯番号": 2211, "借受者個人番号": 4225, "農地予備数字１": null, "農地予備数字２": null, "農地予備数字３": null, "農地予備数字４": null, "農地予備数字５": null, "農地予備文字１": null, "農地予備文字２": null, "農地予備文字３": null, "農地予備文字４": null, "農地予備文字５": null, "手動一致フラグ": null, "計算面積（アール）": 14, "散布班": "18-⑤", "地区名": "2026印西市" }, "geometry": { "type": "Polygon", "coordinates": [ [ [ 140.221943248, 35.801959098 ], [ 140.221277308999987, 35.802680242 ], [ 140.221399448, 35.802756999 ], [ 140.222072277, 35.802036147 ], [ 140.221943248, 35.801959098 ] ] ] } },
{ "type": "Feature", "properties": { "fid": 4299, "daicho_shubetsu_cd": "FUD25", "layer": "筆ポリゴン（2025年公開）_20260708233407", "fid_2": 6343, "事業年度": 2026, "物件番号": 6889, "GIS物件番号": null, "大字コード": 2050, "大字名": "萩原", "小字コード": 4, "小字名": "株木下", "__EMPTY": "萩原3193", "本番": 3193, "枝番": "0", "子番": 0, "孫番": false, "付番": false, "所在地番号": "2.05000403193e+28", "農地管理番号": 1, "耕地番号": 1, "所在地名": "萩原株木下3193", "マッチングさせるデータ": "萩原株木下3193", "空散対象区分1": 2, "空散対象区分2": null, "空散外面積1": 0, "空散外面積2": false, "集計転作面積": 0, "散布面積1": null, "散布面積2": null, "支払者集落": 0, "支払者集落名": null, "支払者コード": 0, "支払者名": null, "支払者住所": null, "支払者電話番号": null, "農地異動適用法": false, "農地異動適用法名": null, "利用集積計画番号": null, "適用法開始年月日": null, "適用法終了年月日": null, "備考": "飯田　靜夫", "所有者世帯番号": 2252, "所有者個人番号": 3764, "借受者世帯番号": 2252, "借受者個人番号": 3764, "農地予備数字１": null, "農地予備数字２": null, "農地予備数字３": null, "農地予備数字４": null, "農地予備数字５": null, "農地予備文字１": null, "農地予備文字２": null, "農地予備文字３": null, "農地予備文字４": null, "農地予備文字５": null, "手動一致フラグ": null, "計算面積（アール）": 13, "散布班": "18-④", "地区名": "2026印西市" }, "geometry": { "type": "Polygon", "coordinates": [ [ [ 140.218851277, 35.8010069 ], [ 140.219521397, 35.80033612 ], [ 140.21954611000001, 35.800311049 ], [ 140.219442133, 35.800236199 ], [ 140.218733820000011, 35.800929372 ], [ 140.218851277, 35.8010069 ] ] ] } },
{ "type": "Feature", "properties": { "fid": 4300, "daicho_shubetsu_cd": "FUD25", "layer": "筆ポリゴン（2025年公開）_20260708233407", "fid_2": 6344, "事業年度": 2026, "物件番号": 6954, "GIS物件番号": null, "大字コード": 2050, "大字名": "萩原", "小字コード": 6, "小字名": "城内下", "__EMPTY": "萩原3264", "本番": 3264, "枝番": "0", "子番": 0, "孫番": false, "付番": false, "所在地番号": "2.05000603264e+28", "農地管理番号": 1, "耕地番号": 2, "所在地名": "萩原城内下3264", "マッチングさせるデータ": "萩原城内下3264", "空散対象区分1": 2, "空散対象区分2": null, "空散外面積1": 0, "空散外面積2": false, "集計転作面積": 0, "散布面積1": null, "散布面積2": null, "支払者集落": 0, "支払者集落名": null, "支払者コード": 0, "支払者名": null, "支払者住所": null, "支払者電話番号": null, "農地異動適用法": false, "農地異動適用法名": null, "利用集積計画番号": null, "適用法開始年月日": null, "適用法終了年月日": null, "備考": "飯田　靜夫", "所有者世帯番号": 2252, "所有者個人番号": 3764, "借受者世帯番号": 2252, "借受者個人番号": 3764, "農地予備数字１": null, "農地予備数字２": null, "農地予備数字３": null, "農地予備数字４": null, "農地予備数字５": null, "農地予備文字１": null, "農地予備文字２": null, "農地予備文字３": null, "農地予備文字４": null, "農地予備文字５": null, "手動一致フラグ": null, "計算面積（アール）": 31, "散布班": "18-①", "地区名": "2026印西市" }, "geometry": { "type": "Polygon", "coordinates": [ [ [ 140.214870757999989, 35.800409161 ], [ 140.215957559, 35.800190467 ], [ 140.215876643, 35.799919571 ], [ 140.214787122, 35.800148171 ], [ 140.214870757999989, 35.800409161 ] ] ] } },
{ "type": "Feature", "properties": { "fid": 4301, "daicho_shubetsu_cd": "FUD25", "layer": "筆ポリゴン（2025年公開）_20260708233407", "fid_2": 6345, "事業年度": 2026, "物件番号": 6955, "GIS物件番号": null, "大字コード": 2050, "大字名": "萩原", "小字コード": 6, "小字名": "城内下", "__EMPTY": "萩原3265", "本番": 3265, "枝番": "0", "子番": 0, "孫番": false, "付番": false, "所在地番号": "2.05000603265e+28", "農地管理番号": 1, "耕地番号": 3, "所在地名": "萩原城内下3265", "マッチングさせるデータ": "萩原城内下3265", "空散対象区分1": 2, "空散対象区分2": null, "空散外面積1": 0, "空散外面積2": false, "集計転作面積": 0, "散布面積1": null, "散布面積2": null, "支払者集落": 0, "支払者集落名": null, "支払者コード": 0, "支払者名": null, "支払者住所": null, "支払者電話番号": null, "農地異動適用法": false, "農地異動適用法名": null, "利用集積計画番号": null, "適用法開始年月日": null, "適用法終了年月日": null, "備考": "飯田　靜夫", "所有者世帯番号": 2252, "所有者個人番号": 3764, "借受者世帯番号": 2252, "借受者個人番号": 3764, "農地予備数字１": null, "農地予備数字２": null, "農地予備数字３": null, "農地予備数字４": null, "農地予備数字５": null, "農地予備文字１": null, "農地予備文字２": null, "農地予備文字３": null, "農地予備文字４": null, "農地予備文字５": null, "手動一致フラグ": null, "計算面積（アール）": 30, "散布班": "18-①", "地区名": "2026印西市" }, "geometry": { "type": "Polygon", "coordinates": [ [ [ 140.214951926999987, 35.800667365 ], [ 140.216036473, 35.800454654 ], [ 140.215957559, 35.800190467 ], [ 140.214870757999989, 35.800409161 ], [ 140.214951926999987, 35.800667365 ] ] ] } },
{ "type": "Feature", "properties": { "fid": 4302, "daicho_shubetsu_cd": "FUD25", "layer": "筆ポリゴン（2025年公開）_20260708233456", "fid_2": 6346, "事業年度": 2026, "物件番号": 7323, "GIS物件番号": null, "大字コード": 2050, "大字名": "萩原", "小字コード": 14, "小字名": "花輪", "__EMPTY": "萩原3093", "本番": 3093, "枝番": "2", "子番": 0, "孫番": false, "付番": false, "所在地番号": "2.05001403093e+28", "農地管理番号": 1, "耕地番号": 7, "所在地名": "萩原花輪3093-2", "マッチングさせるデータ": "萩原花輪3093-2", "空散対象区分1": 2, "空散対象区分2": null, "空散外面積1": 0, "空散外面積2": false, "集計転作面積": 0, "散布面積1": 0, "散布面積2": false, "支払者集落": 0, "支払者集落名": null, "支払者コード": 0, "支払者名": null, "支払者住所": null, "支払者電話番号": null, "農地異動適用法": false, "農地異動適用法名": null, "利用集積計画番号": null, "適用法開始年月日": null, "適用法終了年月日": null, "備考": "飯田　靜夫", "所有者世帯番号": 2252, "所有者個人番号": 3764, "借受者世帯番号": 2252, "借受者個人番号": 3764, "農地予備数字１": null, "農地予備数字２": null, "農地予備数字３": null, "農地予備数字４": null, "農地予備数字５": null, "農地予備文字１": null, "農地予備文字２": null, "農地予備文字３": null, "農地予備文字４": null, "農地予備文字５": null, "手動一致フラグ": null, "計算面積（アール）": 14, "散布班": "18-④", "地区名": "2026印西市" }, "geometry": { "type": "Polygon", "coordinates": [ [ [ 140.212421417, 35.794500943 ], [ 140.212476412, 35.794711666 ], [ 140.21247779, 35.794716988 ], [ 140.213110592, 35.794683082 ], [ 140.213034928000013, 35.794468077 ], [ 140.212421417, 35.794500943 ] ] ] } },
{ "type": "Feature", "properties": { "fid": 4303, "daicho_shubetsu_cd": "FUD25", "layer": "筆ポリゴン（2025年公開）_20260708233407", "fid_2": 6347, "事業年度": 2026, "物件番号": 6935, "GIS物件番号": null, "大字コード": 2050, "大字名": "萩原", "小字コード": 4, "小字名": "株木下", "__EMPTY": "萩原3239", "本番": 3239, "枝番": "0", "子番": 0, "孫番": false, "付番": false, "所在地番号": "2.05000403239e+28", "農地管理番号": 1, "耕地番号": 1, "所在地名": "萩原株木下3239", "マッチングさせるデータ": "萩原株木下3239", "空散対象区分1": 2, "空散対象区分2": null, "空散外面積1": 0, "空散外面積2": false, "集計転作面積": 0, "散布面積1": null, "散布面積2": null, "支払者集落": 0, "支払者集落名": null, "支払者コード": 0, "支払者名": null, "支払者住所": null, "支払者電話番号": null, "農地異動適用法": false, "農地異動適用法名": null, "利用集積計画番号": null, "適用法開始年月日": null, "適用法終了年月日": null, "備考": "石橋　美惠", "所有者世帯番号": 2257, "所有者個人番号": 3776, "借受者世帯番号": 2257, "借受者個人番号": 3776, "農地予備数字１": null, "農地予備数字２": null, "農地予備数字３": null, "農地予備数字４": null, "農地予備数字５": null, "農地予備文字１": null, "農地予備文字２": null, "農地予備文字３": null, "農地予備文字４": null, "農地予備文字５": null, "手動一致フラグ": null, "計算面積（アール）": 9, "散布班": "18-④", "地区名": "2026印西市" }, "geometry": { "type": "Polygon", "coordinates": [ [ [ 140.217217762, 35.801234153 ], [ 140.216572958, 35.801883416 ], [ 140.216577738000012, 35.80194033 ], [ 140.216609559, 35.801982208 ], [ 140.217291768, 35.801278184 ], [ 140.217274083, 35.801266428 ], [ 140.217217762, 35.801234153 ] ] ] } },
{ "type": "Feature", "properties": { "fid": 4304, "daicho_shubetsu_cd": "FUD25", "layer": "筆ポリゴン（2025年公開）_20260708233407", "fid_2": 6348, "事業年度": 2026, "物件番号": 6938, "GIS物件番号": null, "大字コード": 2050, "大字名": "萩原", "小字コード": 4, "小字名": "株木下", "__EMPTY": "萩原3242", "本番": 3242, "枝番": "0", "子番": 0, "孫番": false, "付番": false, "所在地番号": "2.05000403242e+28", "農地管理番号": 1, "耕地番号": 2, "所在地名": "萩原株木下3242", "マッチングさせるデータ": "萩原株木下3242", "空散対象区分1": 2, "空散対象区分2": null, "空散外面積1": 0, "空散外面積2": false, "集計転作面積": 0, "散布面積1": null, "散布面積2": null, "支払者集落": 0, "支払者集落名": null, "支払者コード": 0, "支払者名": null, "支払者住所": null, "支払者電話番号": null, "農地異動適用法": false, "農地異動適用法名": null, "利用集積計画番号": null, "適用法開始年月日": null, "適用法終了年月日": null, "備考": "石橋　美惠", "所有者世帯番号": 2257, "所有者個人番号": 3776, "借受者世帯番号": 2257, "借受者個人番号": 3776, "農地予備数字１": null, "農地予備数字２": null, "農地予備数字３": null, "農地予備数字４": null, "農地予備数字５": null, "農地予備文字１": null, "農地予備文字２": null, "農地予備文字３": null, "農地予備文字４": null, "農地予備文字５": null, "手動一致フラグ": null, "計算面積（アール）": 6, "散布班": "18-④", "地区名": "2026印西市" }, "geometry": { "type": "Polygon", "coordinates": [ [ [ 140.21678756, 35.800949264 ], [ 140.21668531200001, 35.800881553 ], [ 140.216451753, 35.801119147 ], [ 140.216362597, 35.801209843 ], [ 140.21640144700001, 35.801334245 ], [ 140.21655149, 35.801184642 ], [ 140.21678756, 35.800949264 ] ] ] } },
{ "type": "Feature", "properties": { "fid": 4305, "daicho_shubetsu_cd": "FUD25", "layer": "筆ポリゴン（2025年公開）_20260708233407", "fid_2": 6349, "事業年度": 2026, "物件番号": 7000, "GIS物件番号": null, "大字コード": 2050, "大字名": "萩原", "小字コード": 6, "小字名": "城内下", "__EMPTY": "萩原3304", "本番": 3304, "枝番": "1", "子番": 0, "孫番": false, "付番": false, "所在地番号": "2.05000603304e+28", "農地管理番号": 1, "耕地番号": 3, "所在地名": "萩原城内下3304-1", "マッチングさせるデータ": "萩原城内下3304-1", "空散対象区分1": 2, "空散対象区分2": null, "空散外面積1": 112, "空散外面積2": false, "集計転作面積": 0, "散布面積1": null, "散布面積2": null, "支払者集落": 0, "支払者集落名": null, "支払者コード": 0, "支払者名": null, "支払者住所": null, "支払者電話番号": null, "農地異動適用法": false, "農地異動適用法名": null, "利用集積計画番号": null, "適用法開始年月日": null, "適用法終了年月日": null, "備考": "石橋　美惠", "所有者世帯番号": 2257, "所有者個人番号": 3776, "借受者世帯番号": 2257, "借受者個人番号": 3776, "農地予備数字１": null, "農地予備数字２": null, "農地予備数字３": null, "農地予備数字４": null, "農地予備数字５": null, "農地予備文字１": null, "農地予備文字２": null, "農地予備文字３": null, "農地予備文字４": null, "農地予備文字５": null, "手動一致フラグ": null, "計算面積（アール）": 8, "散布班": "18-①", "地区名": "2026印西市" }, "geometry": { "type": "Polygon", "coordinates": [ [ [ 140.21480183309825, 35.800320476156031 ], [ 140.214100585647998, 35.800465646680827 ], [ 140.214130307, 35.800573701 ], [ 140.21483213, 35.800418603 ], [ 140.21480183309825, 35.800320476156031 ] ] ] } },
{ "type": "Feature", "properties": { "fid": 4306, "daicho_shubetsu_cd": "FUD25", "layer": "筆ポリゴン（2025年公開）_20260708233407", "fid_2": 6350, "事業年度": 2026, "物件番号": 7001, "GIS物件番号": null, "大字コード": 2050, "大字名": "萩原", "小字コード": 6, "小字名": "城内下", "__EMPTY": "萩原3304", "本番": 3304, "枝番": "2", "子番": 0, "孫番": false, "付番": false, "所在地番号": "2.05000603304e+28", "農地管理番号": 1, "耕地番号": 4, "所在地名": "萩原城内下3304-2", "マッチングさせるデータ": "萩原城内下3304-2", "空散対象区分1": 2, "空散対象区分2": null, "空散外面積1": 150, "空散外面積2": false, "集計転作面積": 0, "散布面積1": null, "散布面積2": null, "支払者集落": 0, "支払者集落名": null, "支払者コード": 0, "支払者名": null, "支払者住所": null, "支払者電話番号": null, "農地異動適用法": false, "農地異動適用法名": null, "利用集積計画番号": null, "適用法開始年月日": null, "適用法終了年月日": null, "備考": "石橋　美惠", "所有者世帯番号": 2257, "所有者個人番号": 3776, "借受者世帯番号": 2257, "借受者個人番号": 3776, "農地予備数字１": null, "農地予備数字２": null, "農地予備数字３": null, "農地予備数字４": null, "農地予備数字５": null, "農地予備文字１": null, "農地予備文字２": null, "農地予備文字３": null, "農地予備文字４": null, "農地予備文字５": null, "手動一致フラグ": null, "計算面積（アール）": 4, "散布班": "18-①", "地区名": "2026印西市" }, "geometry": { "type": "Polygon", "coordinates": [ [ [ 140.214783109718212, 35.800259834107301 ], [ 140.214085206832294, 35.800409735783504 ], [ 140.214100585647998, 35.800465646680827 ], [ 140.21480183309825, 35.800320476156031 ], [ 140.214783109718212, 35.800259834107301 ] ] ] } },
{ "type": "Feature", "properties": { "fid": 4307, "daicho_shubetsu_cd": "FUD25", "layer": "筆ポリゴン（2025年公開）_20260708233407", "fid_2": 6351, "事業年度": 2026, "物件番号": 7002, "GIS物件番号": null, "大字コード": 2050, "大字名": "萩原", "小字コード": 6, "小字名": "城内下", "__EMPTY": "萩原3304", "本番": 3304, "枝番": "3", "子番": 0, "孫番": false, "付番": false, "所在地番号": "2.05000603304e+28", "農地管理番号": 1, "耕地番号": 5, "所在地名": "萩原城内下3304-3", "マッチングさせるデータ": "萩原城内下3304-3", "空散対象区分1": 2, "空散対象区分2": null, "空散外面積1": 94, "空散外面積2": false, "集計転作面積": 0, "散布面積1": null, "散布面積2": null, "支払者集落": 0, "支払者集落名": null, "支払者コード": 0, "支払者名": null, "支払者住所": null, "支払者電話番号": null, "農地異動適用法": false, "農地異動適用法名": null, "利用集積計画番号": null, "適用法開始年月日": null, "適用法終了年月日": null, "備考": "石橋　美惠", "所有者世帯番号": 2257, "所有者個人番号": 3776, "借受者世帯番号": 2257, "借受者個人番号": 3776, "農地予備数字１": null, "農地予備数字２": null, "農地予備数字３": null, "農地予備数字４": null, "農地予備数字５": null, "農地予備文字１": null, "農地予備文字２": null, "農地予備文字３": null, "農地予備文字４": null, "農地予備文字５": null, "手動一致フラグ": null, "計算面積（アール）": 6, "散布班": "18-①", "地区名": "2026印西市" }, "geometry": { "type": "Polygon", "coordinates": [ [ [ 140.214756018187302, 35.800172088949395 ], [ 140.21406210108745, 35.800325733025943 ], [ 140.214085206832294, 35.800409735783504 ], [ 140.214783109718212, 35.800259834107301 ], [ 140.214756018187302, 35.800172088949395 ] ] ] } },
{ "type": "Feature", "properties": { "fid": 4308, "daicho_shubetsu_cd": "FUD25", "layer": "筆ポリゴン（2025年公開）_20260708233407", "fid_2": 6352, "事業年度": 2026, "物件番号": 7003, "GIS物件番号": null, "大字コード": 2050, "大字名": "萩原", "小字コード": 6, "小字名": "城内下", "__EMPTY": "萩原3304", "本番": 3304, "枝番": "4", "子番": 0, "孫番": false, "付番": false, "所在地番号": "2.05000603304e+28", "農地管理番号": 1, "耕地番号": 6, "所在地名": "萩原城内下3304-4", "マッチングさせるデータ": "萩原城内下3304-4", "空散対象区分1": 2, "空散対象区分2": null, "空散外面積1": 37, "空散外面積2": false, "集計転作面積": 0, "散布面積1": null, "散布面積2": null, "支払者集落": 0, "支払者集落名": null, "支払者コード": 0, "支払者名": null, "支払者住所": null, "支払者電話番号": null, "農地異動適用法": false, "農地異動適用法名": null, "利用集積計画番号": null, "適用法開始年月日": null, "適用法終了年月日": null, "備考": "石橋　美惠", "所有者世帯番号": 2257, "所有者個人番号": 3776, "借受者世帯番号": 2257, "借受者個人番号": 3776, "農地予備数字１": null, "農地予備数字２": null, "農地予備数字３": null, "農地予備数字４": null, "農地予備数字５": null, "農地予備文字１": null, "農地予備文字２": null, "農地予備文字３": null, "農地予備文字４": null, "農地予備文字５": null, "手動一致フラグ": null, "計算面積（アール）": 2, "散布班": "18-①", "地区名": "2026印西市" }, "geometry": { "type": "Polygon", "coordinates": [ [ [ 140.21406210108745, 35.800325733025943 ], [ 140.214756018187302, 35.800172088949395 ], [ 140.214749619, 35.800151363 ], [ 140.214055937000012, 35.800303323 ], [ 140.21406210108745, 35.800325733025943 ] ] ] } },
{ "type": "Feature", "properties": { "fid": 4311, "daicho_shubetsu_cd": "FUD25", "layer": "筆ポリゴン（2025年公開）_20260708233407", "fid_2": 6355, "事業年度": 2026, "物件番号": 7821, "GIS物件番号": null, "大字コード": 2050, "大字名": "萩原", "小字コード": 28, "小字名": "東埜", "__EMPTY": "萩原3566", "本番": 3566, "枝番": "0", "子番": 0, "孫番": false, "付番": false, "所在地番号": "2.05002803566e+28", "農地管理番号": 1, "耕地番号": 9, "所在地名": "萩原東埜3566", "マッチングさせるデータ": "萩原東埜3566", "空散対象区分1": 2, "空散対象区分2": null, "空散外面積1": 0, "空散外面積2": false, "集計転作面積": 0, "散布面積1": null, "散布面積2": null, "支払者集落": 0, "支払者集落名": null, "支払者コード": 0, "支払者名": null, "支払者住所": null, "支払者電話番号": null, "農地異動適用法": false, "農地異動適用法名": null, "利用集積計画番号": null, "適用法開始年月日": null, "適用法終了年月日": null, "備考": "石橋　美惠", "所有者世帯番号": 2257, "所有者個人番号": 3776, "借受者世帯番号": 2257, "借受者個人番号": 3776, "農地予備数字１": null, "農地予備数字２": null, "農地予備数字３": null, "農地予備数字４": null, "農地予備数字５": null, "農地予備文字１": null, "農地予備文字２": null, "農地予備文字３": null, "農地予備文字４": null, "農地予備文字５": null, "手動一致フラグ": null, "計算面積（アール）": 11, "散布班": "18-⑤", "地区名": "2026印西市" }, "geometry": { "type": "Polygon", "coordinates": [ [ [ 140.223437430923923, 35.802825545359987 ], [ 140.224144451190199, 35.802106358067768 ], [ 140.224048313999987, 35.802044465 ], [ 140.223365058000013, 35.802754201 ], [ 140.223361706, 35.802777598 ], [ 140.223437430923923, 35.802825545359987 ] ] ] } },
{ "type": "Feature", "properties": { "fid": 4312, "daicho_shubetsu_cd": "FUD25", "layer": "筆ポリゴン（2025年公開）_20260708233407", "fid_2": 6356, "事業年度": 2026, "物件番号": 7822, "GIS物件番号": null, "大字コード": 2050, "大字名": "萩原", "小字コード": 28, "小字名": "東埜", "__EMPTY": "萩原3567", "本番": 3567, "枝番": "1", "子番": 0, "孫番": false, "付番": false, "所在地番号": "2.05002803567e+28", "農地管理番号": 1, "耕地番号": 10, "所在地名": "萩原東埜3567-1", "マッチングさせるデータ": "萩原東埜3567-1", "空散対象区分1": 2, "空散対象区分2": null, "空散外面積1": 0, "空散外面積2": false, "集計転作面積": 0, "散布面積1": null, "散布面積2": null, "支払者集落": 0, "支払者集落名": null, "支払者コード": 0, "支払者名": null, "支払者住所": null, "支払者電話番号": null, "農地異動適用法": false, "農地異動適用法名": null, "利用集積計画番号": null, "適用法開始年月日": null, "適用法終了年月日": null, "備考": "石橋　美惠", "所有者世帯番号": 2257, "所有者個人番号": 3776, "借受者世帯番号": 2257, "借受者個人番号": 3776, "農地予備数字１": null, "農地予備数字２": null, "農地予備数字３": null, "農地予備数字４": null, "農地予備数字５": null, "農地予備文字１": null, "農地予備文字２": null, "農地予備文字３": null, "農地予備文字４": null, "農地予備文字５": null, "手動一致フラグ": null, "計算面積（アール）": 14, "散布班": "18-⑤", "地区名": "2026印西市" }, "geometry": { "type": "Polygon", "coordinates": [ [ [ 140.223577160776756, 35.802914019236326 ], [ 140.224250566410063, 35.802174674985274 ], [ 140.224144451190199, 35.802106358067768 ], [ 140.223437430923923, 35.802825545359987 ], [ 140.223577160776756, 35.802914019236326 ] ] ] } },
{ "type": "Feature", "properties": { "fid": 4313, "daicho_shubetsu_cd": "FUD25", "layer": "筆ポリゴン（2025年公開）_20260708233407", "fid_2": 6357, "事業年度": 2026, "物件番号": 7823, "GIS物件番号": null, "大字コード": 2050, "大字名": "萩原", "小字コード": 28, "小字名": "東埜", "__EMPTY": "萩原3567", "本番": 3567, "枝番": "2", "子番": 0, "孫番": false, "付番": false, "所在地番号": "2.05002803567e+28", "農地管理番号": 1, "耕地番号": 11, "所在地名": "萩原東埜3567-2", "マッチングさせるデータ": "萩原東埜3567-2", "空散対象区分1": 2, "空散対象区分2": null, "空散外面積1": 0, "空散外面積2": false, "集計転作面積": 0, "散布面積1": null, "散布面積2": null, "支払者集落": 0, "支払者集落名": null, "支払者コード": 0, "支払者名": null, "支払者住所": null, "支払者電話番号": null, "農地異動適用法": false, "農地異動適用法名": null, "利用集積計画番号": null, "適用法開始年月日": null, "適用法終了年月日": null, "備考": "石橋　美惠", "所有者世帯番号": 2257, "所有者個人番号": 3776, "借受者世帯番号": 2257, "借受者個人番号": 3776, "農地予備数字１": null, "農地予備数字２": null, "農地予備数字３": null, "農地予備数字４": null, "農地予備数字５": null, "農地予備文字１": null, "農地予備文字２": null, "農地予備文字３": null, "農地予備文字４": null, "農地予備文字５": null, "手動一致フラグ": null, "計算面積（アール）": 15, "散布班": "18-⑤", "地区名": "2026印西市" }, "geometry": { "type": "Polygon", "coordinates": [ [ [ 140.224250566410063, 35.802174674985274 ], [ 140.223577160776756, 35.802914019236326 ], [ 140.223694655, 35.802988414 ], [ 140.224381775000012, 35.802259147 ], [ 140.224250566410063, 35.802174674985274 ] ] ] } },
{ "type": "Feature", "properties": { "fid": 4314, "daicho_shubetsu_cd": "FUD25", "layer": "筆ポリゴン（2025年公開）_20260708233407", "fid_2": 6358, "事業年度": 2026, "物件番号": 6961, "GIS物件番号": null, "大字コード": 2050, "大字名": "萩原", "小字コード": 6, "小字名": "城内下", "__EMPTY": "萩原3271", "本番": 3271, "枝番": "0", "子番": 0, "孫番": false, "付番": false, "所在地番号": "2.05000603271e+28", "農地管理番号": 1, "耕地番号": 1, "所在地名": "萩原城内下3271", "マッチングさせるデータ": "萩原城内下3271", "空散対象区分1": 2, "空散対象区分2": null, "空散外面積1": 0, "空散外面積2": false, "集計転作面積": 0, "散布面積1": null, "散布面積2": null, "支払者集落": 0, "支払者集落名": null, "支払者コード": 0, "支払者名": null, "支払者住所": null, "支払者電話番号": null, "農地異動適用法": false, "農地異動適用法名": null, "利用集積計画番号": null, "適用法開始年月日": null, "適用法終了年月日": null, "備考": "石橋　敏美", "所有者世帯番号": 2258, "所有者個人番号": 3783, "借受者世帯番号": 2258, "借受者個人番号": 3783, "農地予備数字１": null, "農地予備数字２": null, "農地予備数字３": null, "農地予備数字４": null, "農地予備数字５": null, "農地予備文字１": null, "農地予備文字２": null, "農地予備文字３": null, "農地予備文字４": null, "農地予備文字５": null, "手動一致フラグ": null, "計算面積（アール）": 13, "散布班": "18-①", "地区名": "2026印西市" }, "geometry": { "type": "Polygon", "coordinates": [ [ [ 140.215396279, 35.80210099 ], [ 140.216475847, 35.801870803 ], [ 140.216447711, 35.801767497 ], [ 140.215355821, 35.801976638 ], [ 140.215396279, 35.80210099 ] ] ] } },
{ "type": "Feature", "properties": { "fid": 4315, "daicho_shubetsu_cd": "FUD25", "layer": "筆ポリゴン（2025年公開）_20260708233407", "fid_2": 6359, "事業年度": 2026, "物件番号": 6910, "GIS物件番号": null, "大字コード": 2050, "大字名": "萩原", "小字コード": 4, "小字名": "株木下", "__EMPTY": "萩原3214", "本番": 3214, "枝番": "0", "子番": 0, "孫番": false, "付番": false, "所在地番号": "2.05000403214e+28", "農地管理番号": 1, "耕地番号": 23, "所在地名": "萩原株木下3214", "マッチングさせるデータ": "萩原株木下3214", "空散対象区分1": 2, "空散対象区分2": null, "空散外面積1": 0, "空散外面積2": false, "集計転作面積": 0, "散布面積1": null, "散布面積2": null, "支払者集落": 0, "支払者集落名": null, "支払者コード": 0, "支払者名": null, "支払者住所": null, "支払者電話番号": null, "農地異動適用法": false, "農地異動適用法名": null, "利用集積計画番号": null, "適用法開始年月日": null, "適用法終了年月日": null, "備考": "石橋　秀夫", "所有者世帯番号": 2208, "所有者個人番号": 3983, "借受者世帯番号": 2304, "借受者個人番号": 3800, "農地予備数字１": null, "農地予備数字２": null, "農地予備数字３": null, "農地予備数字４": null, "農地予備数字５": null, "農地予備文字１": null, "農地予備文字２": null, "農地予備文字３": null, "農地予備文字４": null, "農地予備文字５": null, "手動一致フラグ": null, "計算面積（アール）": 25, "散布班": "18-④", "地区名": "2026印西市" }, "geometry": { "type": "Polygon", "coordinates": [ [ [ 140.216695002568855, 35.800796141436429 ], [ 140.217394596999299, 35.800090300627133 ], [ 140.217180393, 35.799948708 ], [ 140.216484565, 35.800660247 ], [ 140.216695002568855, 35.800796141436429 ] ] ] } },
{ "type": "Feature", "properties": { "fid": 4316, "daicho_shubetsu_cd": "FUD25", "layer": "筆ポリゴン（2025年公開）_20260708233407", "fid_2": 6360, "事業年度": 2026, "物件番号": 6911, "GIS物件番号": null, "大字コード": 2050, "大字名": "萩原", "小字コード": 4, "小字名": "株木下", "__EMPTY": "萩原3215", "本番": 3215, "枝番": "0", "子番": 0, "孫番": false, "付番": false, "所在地番号": "2.05000403215e+28", "農地管理番号": 1, "耕地番号": 24, "所在地名": "萩原株木下3215", "マッチングさせるデータ": "萩原株木下3215", "空散対象区分1": 2, "空散対象区分2": null, "空散外面積1": 0, "空散外面積2": false, "集計転作面積": 0, "散布面積1": null, "散布面積2": null, "支払者集落": 0, "支払者集落名": null, "支払者コード": 0, "支払者名": null, "支払者住所": null, "支払者電話番号": null, "農地異動適用法": false, "農地異動適用法名": null, "利用集積計画番号": null, "適用法開始年月日": null, "適用法終了年月日": null, "備考": "石橋　秀夫", "所有者世帯番号": 2208, "所有者個人番号": 3983, "借受者世帯番号": 2304, "借受者個人番号": 3800, "農地予備数字１": null, "農地予備数字２": null, "農地予備数字３": null, "農地予備数字４": null, "農地予備数字５": null, "農地予備文字１": null, "農地予備文字２": null, "農地予備文字３": null, "農地予備文字４": null, "農地予備文字５": null, "手動一致フラグ": null, "計算面積（アール）": 6, "散布班": "18-④", "地区名": "2026印西市" }, "geometry": { "type": "Polygon", "coordinates": [ [ [ 140.217394596999299, 35.800090300627133 ], [ 140.216695002568855, 35.800796141436429 ], [ 140.216739080999986, 35.800824606 ], [ 140.21676259, 35.800810398 ], [ 140.217085144, 35.800487899 ], [ 140.217441383, 35.800121227 ], [ 140.217394596999299, 35.800090300627133 ] ] ] } },
{ "type": "Feature", "properties": { "fid": 4317, "daicho_shubetsu_cd": "FUD25", "layer": "筆ポリゴン（2025年公開）_20260708233407", "fid_2": 6361, "事業年度": 2026, "物件番号": 6912, "GIS物件番号": null, "大字コード": 2050, "大字名": "萩原", "小字コード": 4, "小字名": "株木下", "__EMPTY": "萩原3216", "本番": 3216, "枝番": "0", "子番": 0, "孫番": false, "付番": false, "所在地番号": "2.05000403216e+28", "農地管理番号": 1, "耕地番号": 3, "所在地名": "萩原株木下3216", "マッチングさせるデータ": "萩原株木下3216", "空散対象区分1": 2, "空散対象区分2": null, "空散外面積1": 0, "空散外面積2": false, "集計転作面積": 0, "散布面積1": 0, "散布面積2": false, "支払者集落": 0, "支払者集落名": null, "支払者コード": 0, "支払者名": null, "支払者住所": null, "支払者電話番号": null, "農地異動適用法": false, "農地異動適用法名": null, "利用集積計画番号": null, "適用法開始年月日": null, "適用法終了年月日": null, "備考": "石橋　秀夫", "所有者世帯番号": 2304, "所有者個人番号": 3800, "借受者世帯番号": 2304, "借受者個人番号": 3800, "農地予備数字１": null, "農地予備数字２": null, "農地予備数字３": null, "農地予備数字４": null, "農地予備数字５": null, "農地予備文字１": null, "農地予備文字２": null, "農地予備文字３": null, "農地予備文字４": null, "農地予備文字５": null, "手動一致フラグ": null, "計算面積（アール）": 29, "散布班": "18-④", "地区名": "2026印西市" }, "geometry": { "type": "Polygon", "coordinates": [ [ [ 140.217699024000012, 35.800291532 ], [ 140.217441383, 35.800121227 ], [ 140.217085144, 35.800487899 ], [ 140.21676259, 35.800810398 ], [ 140.217004451, 35.800980998 ], [ 140.217031899, 35.800959342 ], [ 140.217345972, 35.800653677 ], [ 140.217699024000012, 35.800291532 ] ] ] } },
{ "type": "Feature", "properties": { "fid": 4318, "daicho_shubetsu_cd": "FUD25", "layer": "筆ポリゴン（2025年公開）_20260708233407", "fid_2": 6362, "事業年度": 2026, "物件番号": 6933, "GIS物件番号": null, "大字コード": 2050, "大字名": "萩原", "小字コード": 4, "小字名": "株木下", "__EMPTY": "萩原3237", "本番": 3237, "枝番": "0", "子番": 0, "孫番": false, "付番": false, "所在地番号": "2.05000403237e+28", "農地管理番号": 1, "耕地番号": 4, "所在地名": "萩原株木下3237", "マッチングさせるデータ": "萩原株木下3237", "空散対象区分1": 2, "空散対象区分2": null, "空散外面積1": 0, "空散外面積2": false, "集計転作面積": 0, "散布面積1": null, "散布面積2": null, "支払者集落": 0, "支払者集落名": null, "支払者コード": 0, "支払者名": null, "支払者住所": null, "支払者電話番号": null, "農地異動適用法": false, "農地異動適用法名": null, "利用集積計画番号": null, "適用法開始年月日": null, "適用法終了年月日": null, "備考": "石橋　秀夫", "所有者世帯番号": 2304, "所有者個人番号": 3800, "借受者世帯番号": 2304, "借受者個人番号": 3800, "農地予備数字１": null, "農地予備数字２": null, "農地予備数字３": null, "農地予備数字４": null, "農地予備数字５": null, "農地予備文字１": null, "農地予備文字２": null, "農地予備文字３": null, "農地予備文字４": null, "農地予備文字５": null, "手動一致フラグ": null, "計算面積（アール）": 18, "散布班": "18-④", "地区名": "2026印西市" }, "geometry": { "type": "Polygon", "coordinates": [ [ [ 140.216931681, 35.802216905 ], [ 140.217619869, 35.801496307 ], [ 140.217478577, 35.801402375 ], [ 140.216774195999989, 35.802116164 ], [ 140.216931681, 35.802216905 ] ] ] } },
{ "type": "Feature", "properties": { "fid": 4319, "daicho_shubetsu_cd": "FUD25", "layer": "筆ポリゴン（2025年公開）_20260708233407", "fid_2": 6363, "事業年度": 2026, "物件番号": 6934, "GIS物件番号": null, "大字コード": 2050, "大字名": "萩原", "小字コード": 4, "小字名": "株木下", "__EMPTY": "萩原3238", "本番": 3238, "枝番": "0", "子番": 0, "孫番": false, "付番": false, "所在地番号": "2.05000403238e+28", "農地管理番号": 1, "耕地番号": 25, "所在地名": "萩原株木下3238", "マッチングさせるデータ": "萩原株木下3238", "空散対象区分1": 2, "空散対象区分2": null, "空散外面積1": 0, "空散外面積2": false, "集計転作面積": 0, "散布面積1": null, "散布面積2": null, "支払者集落": 0, "支払者集落名": null, "支払者コード": 0, "支払者名": null, "支払者住所": null, "支払者電話番号": null, "農地異動適用法": false, "農地異動適用法名": null, "利用集積計画番号": null, "適用法開始年月日": null, "適用法終了年月日": null, "備考": "石橋　秀夫", "所有者世帯番号": 2208, "所有者個人番号": 3983, "借受者世帯番号": 2304, "借受者個人番号": 3800, "農地予備数字１": null, "農地予備数字２": null, "農地予備数字３": null, "農地予備数字４": null, "農地予備数字５": null, "農地予備文字１": null, "農地予備文字２": null, "農地予備文字３": null, "農地予備文字４": null, "農地予備文字５": null, "手動一致フラグ": null, "計算面積（アール）": 22, "散布班": "18-④", "地区名": "2026印西市" }, "geometry": { "type": "Polygon", "coordinates": [ [ [ 140.217291768, 35.801278184 ], [ 140.216609559, 35.801982208 ], [ 140.216645379, 35.802033762 ], [ 140.216774195999989, 35.802116164 ], [ 140.217478577, 35.801402375 ], [ 140.217291768, 35.801278184 ] ] ] } },
{ "type": "Feature", "properties": { "fid": 4320, "daicho_shubetsu_cd": "FUD25", "layer": "筆ポリゴン（2025年公開）_20260708233407", "fid_2": 6364, "事業年度": 2026, "物件番号": 7156, "GIS物件番号": null, "大字コード": 2050, "大字名": "萩原", "小字コード": 8, "小字名": "和田下", "__EMPTY": "萩原3452", "本番": 3452, "枝番": "0", "子番": 0, "孫番": false, "付番": false, "所在地番号": "2.05000803452e+28", "農地管理番号": 1, "耕地番号": 6, "所在地名": "萩原和田下3452", "マッチングさせるデータ": "萩原和田下3452", "空散対象区分1": 2, "空散対象区分2": null, "空散外面積1": 0, "空散外面積2": false, "集計転作面積": 0, "散布面積1": null, "散布面積2": null, "支払者集落": 0, "支払者集落名": null, "支払者コード": 0, "支払者名": null, "支払者住所": null, "支払者電話番号": null, "農地異動適用法": false, "農地異動適用法名": null, "利用集積計画番号": null, "適用法開始年月日": null, "適用法終了年月日": null, "備考": "石橋　秀夫", "所有者世帯番号": 2304, "所有者個人番号": 3800, "借受者世帯番号": 2304, "借受者個人番号": 3800, "農地予備数字１": null, "農地予備数字２": null, "農地予備数字３": null, "農地予備数字４": null, "農地予備数字５": null, "農地予備文字１": null, "農地予備文字２": null, "農地予備文字３": null, "農地予備文字４": null, "農地予備文字５": null, "手動一致フラグ": null, "計算面積（アール）": 28, "散布班": "18-①", "地区名": "2026印西市" }, "geometry": { "type": "Polygon", "coordinates": [ [ [ 140.20859977500001, 35.803595924 ], [ 140.209780281, 35.803358549 ], [ 140.209629451000012, 35.803143543 ], [ 140.208527997, 35.803368511 ], [ 140.20859977500001, 35.803595924 ] ] ] } },
{ "type": "Feature", "properties": { "fid": 4321, "daicho_shubetsu_cd": "FUD25", "layer": "筆ポリゴン（2025年公開）_20260708233456", "fid_2": 6365, "事業年度": 2026, "物件番号": 7325, "GIS物件番号": null, "大字コード": 2050, "大字名": "萩原", "小字コード": 14, "小字名": "花輪", "__EMPTY": "萩原3095", "本番": 3095, "枝番": "0", "子番": 0, "孫番": false, "付番": false, "所在地番号": "2.05001403095e+28", "農地管理番号": 1, "耕地番号": 7, "所在地名": "萩原花輪3095", "マッチングさせるデータ": "萩原花輪3095", "空散対象区分1": 2, "空散対象区分2": null, "空散外面積1": 0, "空散外面積2": false, "集計転作面積": 0, "散布面積1": null, "散布面積2": null, "支払者集落": 0, "支払者集落名": null, "支払者コード": 0, "支払者名": null, "支払者住所": null, "支払者電話番号": null, "農地異動適用法": false, "農地異動適用法名": null, "利用集積計画番号": null, "適用法開始年月日": null, "適用法終了年月日": null, "備考": "石橋　秀夫", "所有者世帯番号": 2304, "所有者個人番号": 3800, "借受者世帯番号": 2304, "借受者個人番号": 3800, "農地予備数字１": null, "農地予備数字２": null, "農地予備数字３": null, "農地予備数字４": null, "農地予備数字５": null, "農地予備文字１": null, "農地予備文字２": null, "農地予備文字３": null, "農地予備文字４": null, "農地予備文字５": null, "手動一致フラグ": null, "計算面積（アール）": 11, "散布班": "18-④", "地区名": "2026印西市" }, "geometry": { "type": "Polygon", "coordinates": [ [ [ 140.212600412, 35.794976489 ], [ 140.212603066000014, 35.794990403 ], [ 140.212673695, 35.795098081 ], [ 140.21269971800001, 35.795109524 ], [ 140.212696789, 35.795121423 ], [ 140.213461572999989, 35.795079829 ], [ 140.213433004, 35.795039617 ], [ 140.213315262, 35.794937684 ], [ 140.212763048999989, 35.794973665 ], [ 140.212600412, 35.794976489 ] ] ] } },
{ "type": "Feature", "properties": { "fid": 4325, "daicho_shubetsu_cd": "FUD25", "layer": "筆ポリゴン（2025年公開）_20260708233407", "fid_2": 6371, "事業年度": 2026, "物件番号": null, "GIS物件番号": null, "大字コード": 2050, "大字名": "萩原", "小字コード": 28, "小字名": "東埜", "__EMPTY": "萩原3543", "本番": 3543, "枝番": "1", "子番": 0, "孫番": false, "付番": false, "所在地番号": "2.05002803543e+28", "農地管理番号": 1, "耕地番号": 28, "所在地名": "萩原東埜3543-1", "マッチングさせるデータ": "萩原東埜3543-1", "空散対象区分1": 2, "空散対象区分2": null, "空散外面積1": 0, "空散外面積2": false, "集計転作面積": 0, "散布面積1": null, "散布面積2": null, "支払者集落": 0, "支払者集落名": null, "支払者コード": 0, "支払者名": null, "支払者住所": null, "支払者電話番号": null, "農地異動適用法": false, "農地異動適用法名": null, "利用集積計画番号": null, "適用法開始年月日": null, "適用法終了年月日": null, "備考": "石橋　秀夫", "所有者世帯番号": 2208, "所有者個人番号": 3983, "借受者世帯番号": 2304, "借受者個人番号": 3800, "農地予備数字１": null, "農地予備数字２": null, "農地予備数字３": null, "農地予備数字４": null, "農地予備数字５": null, "農地予備文字１": null, "農地予備文字２": null, "農地予備文字３": null, "農地予備文字４": null, "農地予備文字５": null, "手動一致フラグ": null, "計算面積（アール）": 26, "散布班": "18-⑤", "地区名": "2026印西市" }, "geometry": { "type": "Polygon", "coordinates": [ [ [ 140.225189776, 35.801409197 ], [ 140.225434783, 35.801567846 ], [ 140.226055345, 35.800906371 ], [ 140.225807614, 35.80075627 ], [ 140.225189776, 35.801409197 ] ] ] } },
{ "type": "Feature", "properties": { "fid": 4326, "daicho_shubetsu_cd": "FUD25", "layer": "筆ポリゴン（2025年公開）_20260708233407", "fid_2": 6372, "事業年度": 2026, "物件番号": 7872, "GIS物件番号": null, "大字コード": 2050, "大字名": "萩原", "小字コード": 28, "小字名": "東埜", "__EMPTY": "萩原3616", "本番": 3616, "枝番": "0", "子番": 0, "孫番": false, "付番": false, "所在地番号": "2.05002803616e+28", "農地管理番号": 1, "耕地番号": 22, "所在地名": "萩原東埜3616", "マッチングさせるデータ": "萩原東埜3616", "空散対象区分1": 2, "空散対象区分2": null, "空散外面積1": 0, "空散外面積2": false, "集計転作面積": 0, "散布面積1": null, "散布面積2": null, "支払者集落": 0, "支払者集落名": null, "支払者コード": 0, "支払者名": null, "支払者住所": null, "支払者電話番号": null, "農地異動適用法": false, "農地異動適用法名": null, "利用集積計画番号": null, "適用法開始年月日": null, "適用法終了年月日": null, "備考": "岡田　雅裕", "所有者世帯番号": 2208, "所有者個人番号": 3983, "借受者世帯番号": 2304, "借受者個人番号": 3800, "農地予備数字１": null, "農地予備数字２": null, "農地予備数字３": null, "農地予備数字４": null, "農地予備数字５": null, "農地予備文字１": null, "農地予備文字２": null, "農地予備文字３": null, "農地予備文字４": null, "農地予備文字５": null, "手動一致フラグ": null, "計算面積（アール）": 10, "散布班": "18-⑤", "地区名": "2026印西市" }, "geometry": { "type": "Polygon", "coordinates": [ [ [ 140.219465761, 35.801587775 ], [ 140.21879371, 35.802289508 ], [ 140.218770872, 35.802314539 ], [ 140.218854104, 35.802364743 ], [ 140.218872448000013, 35.802344495 ], [ 140.219558739, 35.801647882 ], [ 140.219465761, 35.801587775 ] ] ] } },
{ "type": "Feature", "properties": { "fid": 4327, "daicho_shubetsu_cd": "FUD25", "layer": "筆ポリゴン（2025年公開）_20260708233407", "fid_2": 6373, "事業年度": 2026, "物件番号": 8100, "GIS物件番号": null, "大字コード": 2051, "大字名": "萩原干拓", "小字コード": 0, "小字名": null, "__EMPTY": "萩原干拓179", "本番": 179, "枝番": "0", "子番": 0, "孫番": false, "付番": false, "所在地番号": "2.05100000179e+28", "農地管理番号": 1, "耕地番号": 15, "所在地名": "萩原干拓179", "マッチングさせるデータ": "萩原干拓179", "空散対象区分1": 2, "空散対象区分2": null, "空散外面積1": 0, "空散外面積2": false, "集計転作面積": 0, "散布面積1": null, "散布面積2": null, "支払者集落": 0, "支払者集落名": null, "支払者コード": 0, "支払者名": null, "支払者住所": null, "支払者電話番号": null, "農地異動適用法": false, "農地異動適用法名": null, "利用集積計画番号": null, "適用法開始年月日": null, "適用法終了年月日": null, "備考": "石橋　秀夫", "所有者世帯番号": 2304, "所有者個人番号": 3800, "借受者世帯番号": 2304, "借受者個人番号": 3800, "農地予備数字１": null, "農地予備数字２": null, "農地予備数字３": null, "農地予備数字４": null, "農地予備数字５": null, "農地予備文字１": null, "農地予備文字２": null, "農地予備文字３": null, "農地予備文字４": null, "農地予備文字５": null, "手動一致フラグ": null, "計算面積（アール）": 12, "散布班": "18-⑤", "地区名": "2026印西市" }, "geometry": { "type": "Polygon", "coordinates": [ [ [ 140.227854782783879, 35.800842205937592 ], [ 140.227160289689778, 35.801562420998138 ], [ 140.227264588999986, 35.801628871 ], [ 140.227957644000014, 35.800905807 ], [ 140.227854782783879, 35.800842205937592 ] ] ] } },
{ "type": "Feature", "properties": { "fid": 4328, "daicho_shubetsu_cd": "FUD25", "layer": "筆ポリゴン（2025年公開）_20260708233407", "fid_2": 6374, "事業年度": 2026, "物件番号": 8101, "GIS物件番号": null, "大字コード": 2051, "大字名": "萩原干拓", "小字コード": 0, "小字名": null, "__EMPTY": "萩原干拓180", "本番": 180, "枝番": "0", "子番": 0, "孫番": false, "付番": false, "所在地番号": "2.0510000018e+28", "農地管理番号": 1, "耕地番号": 16, "所在地名": "萩原干拓180", "マッチングさせるデータ": "萩原干拓180", "空散対象区分1": 2, "空散対象区分2": null, "空散外面積1": 0, "空散外面積2": false, "集計転作面積": 0, "散布面積1": null, "散布面積2": null, "支払者集落": 0, "支払者集落名": null, "支払者コード": 0, "支払者名": null, "支払者住所": null, "支払者電話番号": null, "農地異動適用法": false, "農地異動適用法名": null, "利用集積計画番号": null, "適用法開始年月日": null, "適用法終了年月日": null, "備考": "石橋　秀夫", "所有者世帯番号": 2304, "所有者個人番号": 3800, "借受者世帯番号": 2304, "借受者個人番号": 3800, "農地予備数字１": null, "農地予備数字２": null, "農地予備数字３": null, "農地予備数字４": null, "農地予備数字５": null, "農地予備文字１": null, "農地予備文字２": null, "農地予備文字３": null, "農地予備文字４": null, "農地予備文字５": null, "手動一致フラグ": null, "計算面積（アール）": 23, "散布班": "18-⑤", "地区名": "2026印西市" }, "geometry": { "type": "Polygon", "coordinates": [ [ [ 140.227957644000014, 35.800905807 ], [ 140.227264588999986, 35.801628871 ], [ 140.227463137, 35.801755367 ], [ 140.228153157, 35.801015462 ], [ 140.227957644000014, 35.800905807 ] ] ] } },
{ "type": "Feature", "properties": { "fid": 4329, "daicho_shubetsu_cd": "FUD25", "layer": "筆ポリゴン（2025年公開）_20260708233407", "fid_2": 6376, "事業年度": 2026, "物件番号": 6555, "GIS物件番号": null, "大字コード": 2041, "大字名": "吉高干拓", "小字コード": 0, "小字名": null, "__EMPTY": "吉高干拓34", "本番": 34, "枝番": "0", "子番": 0, "孫番": false, "付番": false, "所在地番号": "2.04100000034e+28", "農地管理番号": 1, "耕地番号": 1, "所在地名": "吉高干拓34", "マッチングさせるデータ": "吉高干拓34", "空散対象区分1": 2, "空散対象区分2": null, "空散外面積1": 0, "空散外面積2": false, "集計転作面積": 0, "散布面積1": null, "散布面積2": null, "支払者集落": 0, "支払者集落名": null, "支払者コード": 0, "支払者名": null, "支払者住所": null, "支払者電話番号": null, "農地異動適用法": false, "農地異動適用法名": null, "利用集積計画番号": null, "適用法開始年月日": null, "適用法終了年月日": null, "備考": "岩井　誠一", "所有者世帯番号": 2306, "所有者個人番号": 3810, "借受者世帯番号": 2306, "借受者個人番号": 3810, "農地予備数字１": null, "農地予備数字２": null, "農地予備数字３": null, "農地予備数字４": null, "農地予備数字５": null, "農地予備文字１": null, "農地予備文字２": null, "農地予備文字３": null, "農地予備文字４": null, "農地予備文字５": null, "手動一致フラグ": null, "計算面積（アール）": 30, "散布班": "18-⑨", "地区名": "2026印西市" }, "geometry": { "type": "Polygon", "coordinates": [ [ [ 140.233380333000014, 35.798907948 ], [ 140.234381305, 35.798602813 ], [ 140.23426853, 35.798343303 ], [ 140.233228693, 35.798668605 ], [ 140.233340412, 35.798907024 ], [ 140.233376295999989, 35.798897147 ], [ 140.233380333000014, 35.798907948 ] ] ] } },
{ "type": "Feature", "properties": { "fid": 4330, "daicho_shubetsu_cd": "FUD25", "layer": "筆ポリゴン（2025年公開）_20260708233407", "fid_2": 6377, "事業年度": 2026, "物件番号": 7043, "GIS物件番号": null, "大字コード": 2050, "大字名": "萩原", "小字コード": 6, "小字名": "城内下", "__EMPTY": "萩原3365", "本番": 3365, "枝番": "0", "子番": 0, "孫番": false, "付番": false, "所在地番号": "2.05000603365e+28", "農地管理番号": 1, "耕地番号": 2, "所在地名": "萩原城内下3365", "マッチングさせるデータ": "萩原城内下3365", "空散対象区分1": 2, "空散対象区分2": null, "空散外面積1": 0, "空散外面積2": false, "集計転作面積": 0, "散布面積1": null, "散布面積2": null, "支払者集落": 0, "支払者集落名": null, "支払者コード": 0, "支払者名": null, "支払者住所": null, "支払者電話番号": null, "農地異動適用法": false, "農地異動適用法名": null, "利用集積計画番号": null, "適用法開始年月日": null, "適用法終了年月日": null, "備考": "岩井　誠一", "所有者世帯番号": 2306, "所有者個人番号": 3810, "借受者世帯番号": 2306, "借受者個人番号": 3810, "農地予備数字１": null, "農地予備数字２": null, "農地予備数字３": null, "農地予備数字４": null, "農地予備数字５": null, "農地予備文字１": null, "農地予備文字２": null, "農地予備文字３": null, "農地予備文字４": null, "農地予備文字５": null, "手動一致フラグ": null, "計算面積（アール）": 9, "散布班": "18-①", "地区名": "2026印西市" }, "geometry": { "type": "Polygon", "coordinates": [ [ [ 140.212520023, 35.800693252 ], [ 140.212495493, 35.800616787 ], [ 140.211451856, 35.800830205 ], [ 140.211465944999986, 35.800852146 ], [ 140.211410376, 35.800869322 ], [ 140.211424499, 35.800915068 ], [ 140.212520023, 35.800693252 ] ] ] } },
{ "type": "Feature", "properties": { "fid": 4331, "daicho_shubetsu_cd": "FUD25", "layer": "筆ポリゴン（2025年公開）_20260708233407", "fid_2": 6378, "事業年度": 2026, "物件番号": 7044, "GIS物件番号": null, "大字コード": 2050, "大字名": "萩原", "小字コード": 6, "小字名": "城内下", "__EMPTY": "萩原3366", "本番": 3366, "枝番": "0", "子番": 0, "孫番": false, "付番": false, "所在地番号": "2.05000603366e+28", "農地管理番号": 1, "耕地番号": 3, "所在地名": "萩原城内下3366", "マッチングさせるデータ": "萩原城内下3366", "空散対象区分1": 2, "空散対象区分2": null, "空散外面積1": 824, "空散外面積2": false, "集計転作面積": 0, "散布面積1": null, "散布面積2": null, "支払者集落": 0, "支払者集落名": null, "支払者コード": 0, "支払者名": null, "支払者住所": null, "支払者電話番号": null, "農地異動適用法": false, "農地異動適用法名": null, "利用集積計画番号": null, "適用法開始年月日": null, "適用法終了年月日": null, "備考": "岩井　誠一", "所有者世帯番号": 2306, "所有者個人番号": 3810, "借受者世帯番号": 2306, "借受者個人番号": 3810, "農地予備数字１": null, "農地予備数字２": null, "農地予備数字３": null, "農地予備数字４": null, "農地予備数字５": null, "農地予備文字１": null, "農地予備文字２": null, "農地予備文字３": null, "農地予備文字４": null, "農地予備文字５": null, "手動一致フラグ": null, "計算面積（アール）": 36, "散布班": "18-①", "地区名": "2026印西市" }, "geometry": { "type": "Polygon", "coordinates": [ [ [ 140.2116369, 35.800411457 ], [ 140.211294194, 35.80044767 ], [ 140.211352635999987, 35.800663283 ], [ 140.211384183, 35.800664498 ], [ 140.211388172999989, 35.800683548 ], [ 140.211360117999988, 35.80068872 ], [ 140.211395698, 35.800818355 ], [ 140.211445859, 35.80081098 ], [ 140.211451856, 35.800830205 ], [ 140.212495493, 35.800616787 ], [ 140.212449219, 35.800472543 ], [ 140.212416677, 35.800371105 ], [ 140.212208362000013, 35.800411413 ], [ 140.212001402999988, 35.800424363 ], [ 140.211887087, 35.800419452 ], [ 140.211750452, 35.800407291 ], [ 140.2116369, 35.800411457 ] ] ] } },
{ "type": "Feature", "properties": { "fid": 4332, "daicho_shubetsu_cd": "FUD25", "layer": "筆ポリゴン（2025年公開）_20260708233456", "fid_2": 6379, "事業年度": 2026, "物件番号": 7326, "GIS物件番号": null, "大字コード": 2050, "大字名": "萩原", "小字コード": 14, "小字名": "花輪", "__EMPTY": "萩原3096", "本番": 3096, "枝番": "0", "子番": 0, "孫番": false, "付番": false, "所在地番号": "2.05001403096e+28", "農地管理番号": 1, "耕地番号": 4, "所在地名": "萩原花輪3096", "マッチングさせるデータ": "萩原花輪3096", "空散対象区分1": 2, "空散対象区分2": null, "空散外面積1": 0, "空散外面積2": false, "集計転作面積": 0, "散布面積1": null, "散布面積2": null, "支払者集落": 0, "支払者集落名": null, "支払者コード": 0, "支払者名": null, "支払者住所": null, "支払者電話番号": null, "農地異動適用法": false, "農地異動適用法名": null, "利用集積計画番号": null, "適用法開始年月日": null, "適用法終了年月日": null, "備考": "岩井　誠一", "所有者世帯番号": 2306, "所有者個人番号": 3810, "借受者世帯番号": 2306, "借受者個人番号": 3810, "農地予備数字１": null, "農地予備数字２": null, "農地予備数字３": null, "農地予備数字４": null, "農地予備数字５": null, "農地予備文字１": null, "農地予備文字２": null, "農地予備文字３": null, "農地予備文字４": null, "農地予備文字５": null, "手動一致フラグ": null, "計算面積（アール）": 10, "散布班": "18-④", "地区名": "2026印西市" }, "geometry": { "type": "Polygon", "coordinates": [ [ [ 140.212696789, 35.795121423 ], [ 140.212689526, 35.795150923 ], [ 140.212738056, 35.795253382 ], [ 140.213102838, 35.795236363 ], [ 140.213328657, 35.795213434 ], [ 140.213529736999988, 35.795175774 ], [ 140.213461572999989, 35.795079829 ], [ 140.212696789, 35.795121423 ] ] ] } },
{ "type": "Feature", "properties": { "fid": 4333, "daicho_shubetsu_cd": "FUD25", "layer": "筆ポリゴン（2025年公開）_20260708233456", "fid_2": 6380, "事業年度": 2026, "物件番号": 7331, "GIS物件番号": null, "大字コード": 2050, "大字名": "萩原", "小字コード": 14, "小字名": "花輪", "__EMPTY": "萩原3106", "本番": 3106, "枝番": "0", "子番": 0, "孫番": false, "付番": false, "所在地番号": "2.05001403106e+28", "農地管理番号": 1, "耕地番号": 5, "所在地名": "萩原花輪3106", "マッチングさせるデータ": "萩原花輪3106", "空散対象区分1": 2, "空散対象区分2": null, "空散外面積1": 0, "空散外面積2": false, "集計転作面積": 0, "散布面積1": null, "散布面積2": null, "支払者集落": 0, "支払者集落名": null, "支払者コード": 0, "支払者名": null, "支払者住所": null, "支払者電話番号": null, "農地異動適用法": false, "農地異動適用法名": null, "利用集積計画番号": null, "適用法開始年月日": null, "適用法終了年月日": null, "備考": "岩井　誠一", "所有者世帯番号": 2306, "所有者個人番号": 3810, "借受者世帯番号": 2306, "借受者個人番号": 3810, "農地予備数字１": null, "農地予備数字２": null, "農地予備数字３": null, "農地予備数字４": null, "農地予備数字５": null, "農地予備文字１": null, "農地予備文字２": null, "農地予備文字３": null, "農地予備文字４": null, "農地予備文字５": null, "手動一致フラグ": null, "計算面積（アール）": 22, "散布班": "18-④", "地区名": "2026印西市" }, "geometry": { "type": "Polygon", "coordinates": [ [ [ 140.213328789, 35.795284435 ], [ 140.213623323, 35.79605696 ], [ 140.213768039, 35.796155066 ], [ 140.213823354999988, 35.796197429 ], [ 140.21393088100001, 35.796239626 ], [ 140.213639933, 35.795446512 ], [ 140.213641424, 35.795384882 ], [ 140.213604618, 35.795340279 ], [ 140.213546201000014, 35.795255389 ], [ 140.213328789, 35.795284435 ] ] ] } },
{ "type": "Feature", "properties": { "fid": 4334, "daicho_shubetsu_cd": "FUD25", "layer": "筆ポリゴン（2025年公開）_20260708233407", "fid_2": 6381, "事業年度": 2026, "物件番号": 6878, "GIS物件番号": null, "大字コード": 2050, "大字名": "萩原", "小字コード": 4, "小字名": "株木下", "__EMPTY": "萩原3179", "本番": 3179, "枝番": "0", "子番": 0, "孫番": false, "付番": false, "所在地番号": "2.05000403179e+28", "農地管理番号": 1, "耕地番号": 1, "所在地名": "萩原株木下3179", "マッチングさせるデータ": "萩原株木下3179", "空散対象区分1": 2, "空散対象区分2": null, "空散外面積1": 0, "空散外面積2": false, "集計転作面積": 0, "散布面積1": null, "散布面積2": null, "支払者集落": 0, "支払者集落名": null, "支払者コード": 0, "支払者名": null, "支払者住所": null, "支払者電話番号": null, "農地異動適用法": false, "農地異動適用法名": null, "利用集積計画番号": null, "適用法開始年月日": null, "適用法終了年月日": null, "備考": "久保田　耕一", "所有者世帯番号": 2310, "所有者個人番号": 4041, "借受者世帯番号": 2310, "借受者個人番号": 4041, "農地予備数字１": null, "農地予備数字２": null, "農地予備数字３": null, "農地予備数字４": null, "農地予備数字５": null, "農地予備文字１": null, "農地予備文字２": null, "農地予備文字３": null, "農地予備文字４": null, "農地予備文字５": null, "手動一致フラグ": null, "計算面積（アール）": 30, "散布班": "18-④", "地区名": "2026印西市" }, "geometry": { "type": "Polygon", "coordinates": [ [ [ 140.217977306, 35.79915708 ], [ 140.217955247, 35.799183258 ], [ 140.218180337, 35.799330108 ], [ 140.218207318, 35.799301906 ], [ 140.218246855, 35.799321862 ], [ 140.218921914, 35.798652624 ], [ 140.218660557, 35.798481754 ], [ 140.217977306, 35.79915708 ] ] ] } },
{ "type": "Feature", "properties": { "fid": 4335, "daicho_shubetsu_cd": "FUD25", "layer": "筆ポリゴン（2025年公開）_20260708233407", "fid_2": 6382, "事業年度": 2026, "物件番号": 6906, "GIS物件番号": null, "大字コード": 2050, "大字名": "萩原", "小字コード": 4, "小字名": "株木下", "__EMPTY": "萩原3211", "本番": 3211, "枝番": "1", "子番": 0, "孫番": false, "付番": false, "所在地番号": "2.05000403211e+28", "農地管理番号": 1, "耕地番号": 2, "所在地名": "萩原株木下3211-1", "マッチングさせるデータ": "萩原株木下3211-1", "空散対象区分1": 2, "空散対象区分2": null, "空散外面積1": 0, "空散外面積2": false, "集計転作面積": 0, "散布面積1": null, "散布面積2": null, "支払者集落": 0, "支払者集落名": null, "支払者コード": 0, "支払者名": null, "支払者住所": null, "支払者電話番号": null, "農地異動適用法": false, "農地異動適用法名": null, "利用集積計画番号": null, "適用法開始年月日": null, "適用法終了年月日": null, "備考": "久保田　耕一", "所有者世帯番号": 2310, "所有者個人番号": 4041, "借受者世帯番号": 2310, "借受者個人番号": 4041, "農地予備数字１": null, "農地予備数字２": null, "農地予備数字３": null, "農地予備数字４": null, "農地予備数字５": null, "農地予備文字１": null, "農地予備文字２": null, "農地予備文字３": null, "農地予備文字４": null, "農地予備文字５": null, "手動一致フラグ": null, "計算面積（アール）": 12, "散布班": "18-④", "地区名": "2026印西市" }, "geometry": { "type": "Polygon", "coordinates": [ [ [ 140.216552832711102, 35.799524886908387 ], [ 140.215992994982344, 35.800071705155091 ], [ 140.216032593, 35.800200254 ], [ 140.216099115, 35.800191855 ], [ 140.216665477, 35.799609259 ], [ 140.216573797, 35.799550289 ], [ 140.216552832711102, 35.799524886908387 ] ] ] } },
{ "type": "Feature", "properties": { "fid": 4336, "daicho_shubetsu_cd": "FUD25", "layer": "筆ポリゴン（2025年公開）_20260708233407", "fid_2": 6383, "事業年度": 2026, "物件番号": 7200, "GIS物件番号": null, "大字コード": 2050, "大字名": "萩原", "小字コード": 8, "小字名": "和田下", "__EMPTY": "萩原3504", "本番": 3504, "枝番": "0", "子番": 0, "孫番": false, "付番": false, "所在地番号": "2.05000803504e+28", "農地管理番号": 1, "耕地番号": 3, "所在地名": "萩原和田下3504", "マッチングさせるデータ": "萩原和田下3504", "空散対象区分1": 2, "空散対象区分2": null, "空散外面積1": 0, "空散外面積2": false, "集計転作面積": 0, "散布面積1": null, "散布面積2": null, "支払者集落": 0, "支払者集落名": null, "支払者コード": 0, "支払者名": null, "支払者住所": null, "支払者電話番号": null, "農地異動適用法": false, "農地異動適用法名": null, "利用集積計画番号": null, "適用法開始年月日": null, "適用法終了年月日": null, "備考": "久保田　耕一", "所有者世帯番号": 2310, "所有者個人番号": 4041, "借受者世帯番号": 2310, "借受者個人番号": 4041, "農地予備数字１": null, "農地予備数字２": null, "農地予備数字３": null, "農地予備数字４": null, "農地予備数字５": null, "農地予備文字１": null, "農地予備文字２": null, "農地予備文字３": null, "農地予備文字４": null, "農地予備文字５": null, "手動一致フラグ": null, "計算面積（アール）": 6, "散布班": "18-①", "地区名": "2026印西市" }, "geometry": { "type": "Polygon", "coordinates": [ [ [ 140.204820403110688, 35.802247057069629 ], [ 140.205634756842642, 35.802083055276377 ], [ 140.205614196, 35.802011088 ], [ 140.205565181, 35.802021086 ], [ 140.204732893, 35.802190857 ], [ 140.204820403110688, 35.802247057069629 ] ] ] } },
{ "type": "Feature", "properties": { "fid": 4337, "daicho_shubetsu_cd": null, "layer": null, "fid_2": 6384, "事業年度": 2026, "物件番号": 7315, "GIS物件番号": null, "大字コード": 2050, "大字名": "萩原", "小字コード": 14, "小字名": "花輪", "__EMPTY": "萩原1762", "本番": 1762, "枝番": "0", "子番": 0, "孫番": false, "付番": false, "所在地番号": "2.05001401762e+28", "農地管理番号": 1, "耕地番号": 4, "所在地名": "萩原花輪1762", "マッチングさせるデータ": "萩原花輪1762", "空散対象区分1": 2, "空散対象区分2": null, "空散外面積1": 0, "空散外面積2": false, "集計転作面積": 732, "散布面積1": 0, "散布面積2": false, "支払者集落": 0, "支払者集落名": null, "支払者コード": 0, "支払者名": null, "支払者住所": null, "支払者電話番号": null, "農地異動適用法": false, "農地異動適用法名": null, "利用集積計画番号": null, "適用法開始年月日": null, "適用法終了年月日": null, "備考": "久保田　耕一", "所有者世帯番号": 2310, "所有者個人番号": 4041, "借受者世帯番号": 2310, "借受者個人番号": 4041, "農地予備数字１": null, "農地予備数字２": null, "農地予備数字３": null, "農地予備数字４": null, "農地予備数字５": null, "農地予備文字１": null, "農地予備文字２": null, "農地予備文字３": null, "農地予備文字４": null, "農地予備文字５": null, "手動一致フラグ": null, "計算面積（アール）": 4, "散布班": "18-④", "地区名": "2026印西市" }, "geometry": { "type": "Polygon", "coordinates": [ [ [ 140.212946007, 35.795916618 ], [ 140.212820554243336, 35.795959842436801 ], [ 140.212691185713936, 35.795644031026839 ], [ 140.212770204, 35.79554615 ], [ 140.212852376, 35.795746763 ], [ 140.212919744, 35.795883616 ], [ 140.212946007, 35.795916618 ] ] ] } },
{ "type": "Feature", "properties": { "fid": 4338, "daicho_shubetsu_cd": "FUD25", "layer": "筆ポリゴン（2025年公開）_20260708233407", "fid_2": 6386, "事業年度": 2026, "物件番号": 7890, "GIS物件番号": null, "大字コード": 2050, "大字名": "萩原", "小字コード": 28, "小字名": "東埜", "__EMPTY": "萩原3627", "本番": 3627, "枝番": "0", "子番": 0, "孫番": false, "付番": false, "所在地番号": "2.05002803627e+28", "農地管理番号": 1, "耕地番号": 3, "所在地名": "萩原東埜3627", "マッチングさせるデータ": "萩原東埜3627", "空散対象区分1": 2, "空散対象区分2": null, "空散外面積1": 0, "空散外面積2": false, "集計転作面積": 0, "散布面積1": null, "散布面積2": null, "支払者集落": 0, "支払者集落名": null, "支払者コード": 0, "支払者名": null, "支払者住所": null, "支払者電話番号": null, "農地異動適用法": false, "農地異動適用法名": null, "利用集積計画番号": null, "適用法開始年月日": null, "適用法終了年月日": null, "備考": "石井　敬子", "所有者世帯番号": 2551, "所有者個人番号": 3954, "借受者世帯番号": 2551, "借受者個人番号": 3954, "農地予備数字１": null, "農地予備数字２": null, "農地予備数字３": null, "農地予備数字４": null, "農地予備数字５": null, "農地予備文字１": null, "農地予備文字２": null, "農地予備文字３": null, "農地予備文字４": null, "農地予備文字５": null, "手動一致フラグ": null, "計算面積（アール）": 13, "散布班": "18-⑤", "地区名": "2026印西市" }, "geometry": { "type": "Polygon", "coordinates": [ [ [ 140.220891175, 35.803601721 ], [ 140.221562311000014, 35.802917869 ], [ 140.22145474300001, 35.802853495 ], [ 140.22075030100001, 35.803562211 ], [ 140.220861389, 35.803633181 ], [ 140.220891175, 35.803601721 ] ] ] } },
{ "type": "Feature", "properties": { "fid": 4339, "daicho_shubetsu_cd": "FUD25", "layer": "筆ポリゴン（2025年公開）_20260708233407", "fid_2": 6387, "事業年度": 2026, "物件番号": 7906, "GIS物件番号": null, "大字コード": 2050, "大字名": "萩原", "小字コード": 28, "小字名": "東埜", "__EMPTY": "萩原3652", "本番": 3652, "枝番": "0", "子番": 0, "孫番": false, "付番": false, "所在地番号": "2.05002803652e+28", "農地管理番号": 1, "耕地番号": 4, "所在地名": "萩原東埜3652", "マッチングさせるデータ": "萩原東埜3652", "空散対象区分1": 2, "空散対象区分2": null, "空散外面積1": 0, "空散外面積2": false, "集計転作面積": 0, "散布面積1": null, "散布面積2": null, "支払者集落": 0, "支払者集落名": null, "支払者コード": 0, "支払者名": null, "支払者住所": null, "支払者電話番号": null, "農地異動適用法": false, "農地異動適用法名": null, "利用集積計画番号": null, "適用法開始年月日": null, "適用法終了年月日": null, "備考": "石井　敬子", "所有者世帯番号": 2551, "所有者個人番号": 3954, "借受者世帯番号": 2551, "借受者個人番号": 3954, "農地予備数字１": null, "農地予備数字２": null, "農地予備数字３": null, "農地予備数字４": null, "農地予備数字５": null, "農地予備文字１": null, "農地予備文字２": null, "農地予備文字３": null, "農地予備文字４": null, "農地予備文字５": null, "手動一致フラグ": null, "計算面積（アール）": 16, "散布班": "18-⑤", "地区名": "2026印西市" }, "geometry": { "type": "Polygon", "coordinates": [ [ [ 140.224152259149463, 35.80575812382736 ], [ 140.223784806554278, 35.806182690980975 ], [ 140.22412417000001, 35.806323834 ], [ 140.224358153999987, 35.80589008 ], [ 140.224152259149463, 35.80575812382736 ] ] ] } },
{ "type": "Feature", "properties": { "fid": 4340, "daicho_shubetsu_cd": "FUD25", "layer": "筆ポリゴン（2025年公開）_20260708233407", "fid_2": 6388, "事業年度": 2026, "物件番号": 7907, "GIS物件番号": null, "大字コード": 2050, "大字名": "萩原", "小字コード": 28, "小字名": "東埜", "__EMPTY": "萩原3653", "本番": 3653, "枝番": "0", "子番": 0, "孫番": false, "付番": false, "所在地番号": "2.05002803653e+28", "農地管理番号": 1, "耕地番号": 5, "所在地名": "萩原東埜3653", "マッチングさせるデータ": "萩原東埜3653", "空散対象区分1": 2, "空散対象区分2": null, "空散外面積1": 0, "空散外面積2": false, "集計転作面積": 0, "散布面積1": null, "散布面積2": null, "支払者集落": 0, "支払者集落名": null, "支払者コード": 0, "支払者名": null, "支払者住所": null, "支払者電話番号": null, "農地異動適用法": false, "農地異動適用法名": null, "利用集積計画番号": null, "適用法開始年月日": null, "適用法終了年月日": null, "備考": "石井　敬子", "所有者世帯番号": 2551, "所有者個人番号": 3954, "借受者世帯番号": 2551, "借受者個人番号": 3954, "農地予備数字１": null, "農地予備数字２": null, "農地予備数字３": null, "農地予備数字４": null, "農地予備数字５": null, "農地予備文字１": null, "農地予備文字２": null, "農地予備文字３": null, "農地予備文字４": null, "農地予備文字５": null, "手動一致フラグ": null, "計算面積（アール）": 19, "散布班": "18-⑤", "地区名": "2026印西市" }, "geometry": { "type": "Polygon", "coordinates": [ [ [ 140.223784806554278, 35.806182690980975 ], [ 140.224152259149463, 35.80575812382736 ], [ 140.223885019, 35.805586852 ], [ 140.223452665999986, 35.806044552 ], [ 140.223784806554278, 35.806182690980975 ] ] ] } },
{ "type": "Feature", "properties": { "fid": 4341, "daicho_shubetsu_cd": "FUD25", "layer": "筆ポリゴン（2025年公開）_20260708233407", "fid_2": 6389, "事業年度": 2026, "物件番号": 7908, "GIS物件番号": null, "大字コード": 2050, "大字名": "萩原", "小字コード": 28, "小字名": "東埜", "__EMPTY": "萩原3656", "本番": 3656, "枝番": "0", "子番": 0, "孫番": false, "付番": false, "所在地番号": "2.05002803656e+28", "農地管理番号": 1, "耕地番号": 6, "所在地名": "萩原東埜3656", "マッチングさせるデータ": "萩原東埜3656", "空散対象区分1": 2, "空散対象区分2": null, "空散外面積1": 0, "空散外面積2": false, "集計転作面積": 0, "散布面積1": null, "散布面積2": null, "支払者集落": 0, "支払者集落名": null, "支払者コード": 0, "支払者名": null, "支払者住所": null, "支払者電話番号": null, "農地異動適用法": false, "農地異動適用法名": null, "利用集積計画番号": null, "適用法開始年月日": null, "適用法終了年月日": null, "備考": "石井　敬子", "所有者世帯番号": 2551, "所有者個人番号": 3954, "借受者世帯番号": 2551, "借受者個人番号": 3954, "農地予備数字１": null, "農地予備数字２": null, "農地予備数字３": null, "農地予備数字４": null, "農地予備数字５": null, "農地予備文字１": null, "農地予備文字２": null, "農地予備文字３": null, "農地予備文字４": null, "農地予備文字５": null, "手動一致フラグ": null, "計算面積（アール）": 21, "散布班": "18-⑤", "地区名": "2026印西市" }, "geometry": { "type": "Polygon", "coordinates": [ [ [ 140.22309771, 35.80591997 ], [ 140.22339877600001, 35.806037498 ], [ 140.22383628, 35.805569363 ], [ 140.223590078, 35.805413071 ], [ 140.223566512, 35.805435077 ], [ 140.223546234, 35.805422143 ], [ 140.22309771, 35.80591997 ] ] ] } },
{ "type": "Feature", "properties": { "fid": 4342, "daicho_shubetsu_cd": "FUD25", "layer": "筆ポリゴン（2025年公開）_20260708233407", "fid_2": 6390, "事業年度": 2026, "物件番号": 7909, "GIS物件番号": null, "大字コード": 2050, "大字名": "萩原", "小字コード": 28, "小字名": "東埜", "__EMPTY": "萩原3657", "本番": 3657, "枝番": "0", "子番": 0, "孫番": false, "付番": false, "所在地番号": "2.05002803657e+28", "農地管理番号": 1, "耕地番号": 7, "所在地名": "萩原東埜3657", "マッチングさせるデータ": "萩原東埜3657", "空散対象区分1": 2, "空散対象区分2": null, "空散外面積1": 0, "空散外面積2": false, "集計転作面積": 0, "散布面積1": null, "散布面積2": null, "支払者集落": 0, "支払者集落名": null, "支払者コード": 0, "支払者名": null, "支払者住所": null, "支払者電話番号": null, "農地異動適用法": false, "農地異動適用法名": null, "利用集積計画番号": null, "適用法開始年月日": null, "適用法終了年月日": null, "備考": "石井　敬子", "所有者世帯番号": 2551, "所有者個人番号": 3954, "借受者世帯番号": 2551, "借受者個人番号": 3954, "農地予備数字１": null, "農地予備数字２": null, "農地予備数字３": null, "農地予備数字４": null, "農地予備数字５": null, "農地予備文字１": null, "農地予備文字２": null, "農地予備文字３": null, "農地予備文字４": null, "農地予備文字５": null, "手動一致フラグ": null, "計算面積（アール）": 23, "散布班": "18-⑤", "地区名": "2026印西市" }, "geometry": { "type": "Polygon", "coordinates": [ [ [ 140.22309771, 35.80591997 ], [ 140.223546234, 35.805422143 ], [ 140.223524744, 35.805408435 ], [ 140.223544673, 35.805389417 ], [ 140.223307296, 35.805236335 ], [ 140.22277879, 35.805804233 ], [ 140.22309771, 35.80591997 ] ] ] } },
{ "type": "Feature", "properties": { "fid": 4343, "daicho_shubetsu_cd": "FUD25", "layer": "筆ポリゴン（2025年公開）_20260708233407", "fid_2": 6391, "事業年度": 2026, "物件番号": 7910, "GIS物件番号": null, "大字コード": 2050, "大字名": "萩原", "小字コード": 28, "小字名": "東埜", "__EMPTY": "萩原3658", "本番": 3658, "枝番": "0", "子番": 0, "孫番": false, "付番": false, "所在地番号": "2.05002803658e+28", "農地管理番号": 1, "耕地番号": 8, "所在地名": "萩原東埜3658", "マッチングさせるデータ": "萩原東埜3658", "空散対象区分1": 2, "空散対象区分2": null, "空散外面積1": 0, "空散外面積2": false, "集計転作面積": 0, "散布面積1": null, "散布面積2": null, "支払者集落": 0, "支払者集落名": null, "支払者コード": 0, "支払者名": null, "支払者住所": null, "支払者電話番号": null, "農地異動適用法": false, "農地異動適用法名": null, "利用集積計画番号": null, "適用法開始年月日": null, "適用法終了年月日": null, "備考": "石井　敬子", "所有者世帯番号": 2551, "所有者個人番号": 3954, "借受者世帯番号": 2551, "借受者個人番号": 3954, "農地予備数字１": null, "農地予備数字２": null, "農地予備数字３": null, "農地予備数字４": null, "農地予備数字５": null, "農地予備文字１": null, "農地予備文字２": null, "農地予備文字３": null, "農地予備文字４": null, "農地予備文字５": null, "手動一致フラグ": null, "計算面積（アール）": 25, "散布班": "18-⑤", "地区名": "2026印西市" }, "geometry": { "type": "Polygon", "coordinates": [ [ [ 140.22277879, 35.805804233 ], [ 140.223307296, 35.805236335 ], [ 140.223069563, 35.805088589 ], [ 140.223045570000011, 35.805111874 ], [ 140.223022787, 35.805097468 ], [ 140.222459828000012, 35.805688912 ], [ 140.22277879, 35.805804233 ] ] ] } },
{ "type": "Feature", "properties": { "fid": 4344, "daicho_shubetsu_cd": "FUD25", "layer": "筆ポリゴン（2025年公開）_20260708233407", "fid_2": 6392, "事業年度": 2026, "物件番号": 7911, "GIS物件番号": null, "大字コード": 2050, "大字名": "萩原", "小字コード": 28, "小字名": "東埜", "__EMPTY": "萩原3659", "本番": 3659, "枝番": "0", "子番": 0, "孫番": false, "付番": false, "所在地番号": "2.05002803659e+28", "農地管理番号": 1, "耕地番号": 9, "所在地名": "萩原東埜3659", "マッチングさせるデータ": "萩原東埜3659", "空散対象区分1": 2, "空散対象区分2": null, "空散外面積1": 0, "空散外面積2": false, "集計転作面積": 0, "散布面積1": null, "散布面積2": null, "支払者集落": 0, "支払者集落名": null, "支払者コード": 0, "支払者名": null, "支払者住所": null, "支払者電話番号": null, "農地異動適用法": false, "農地異動適用法名": null, "利用集積計画番号": null, "適用法開始年月日": null, "適用法終了年月日": null, "備考": "石井　敬子", "所有者世帯番号": 2551, "所有者個人番号": 3954, "借受者世帯番号": 2551, "借受者個人番号": 3954, "農地予備数字１": null, "農地予備数字２": null, "農地予備数字３": null, "農地予備数字４": null, "農地予備数字５": null, "農地予備文字１": null, "農地予備文字２": null, "農地予備文字３": null, "農地予備文字４": null, "農地予備文字５": null, "手動一致フラグ": null, "計算面積（アール）": 27, "散布班": "18-⑤", "地区名": "2026印西市" }, "geometry": { "type": "Polygon", "coordinates": [ [ [ 140.222459828000012, 35.805688912 ], [ 140.223022787, 35.805097468 ], [ 140.222995012000013, 35.805079906 ], [ 140.223021186000011, 35.805054829 ], [ 140.22278204700001, 35.804905161 ], [ 140.222146564000013, 35.805578676 ], [ 140.222459828000012, 35.805688912 ] ] ] } },
{ "type": "Feature", "properties": { "fid": 4345, "daicho_shubetsu_cd": "FUD25", "layer": "筆ポリゴン（2025年公開）_20260708233407", "fid_2": 6393, "事業年度": 2026, "物件番号": 7912, "GIS物件番号": null, "大字コード": 2050, "大字名": "萩原", "小字コード": 28, "小字名": "東埜", "__EMPTY": "萩原3660", "本番": 3660, "枝番": "0", "子番": 0, "孫番": false, "付番": false, "所在地番号": "2.0500280366e+28", "農地管理番号": 1, "耕地番号": 10, "所在地名": "萩原東埜3660", "マッチングさせるデータ": "萩原東埜3660", "空散対象区分1": 2, "空散対象区分2": null, "空散外面積1": 0, "空散外面積2": false, "集計転作面積": 0, "散布面積1": null, "散布面積2": null, "支払者集落": 0, "支払者集落名": null, "支払者コード": 0, "支払者名": null, "支払者住所": null, "支払者電話番号": null, "農地異動適用法": false, "農地異動適用法名": null, "利用集積計画番号": null, "適用法開始年月日": null, "適用法終了年月日": null, "備考": "石井　敬子", "所有者世帯番号": 2551, "所有者個人番号": 3954, "借受者世帯番号": 2551, "借受者個人番号": 3954, "農地予備数字１": null, "農地予備数字２": null, "農地予備数字３": null, "農地予備数字４": null, "農地予備数字５": null, "農地予備文字１": null, "農地予備文字２": null, "農地予備文字３": null, "農地予備文字４": null, "農地予備文字５": null, "手動一致フラグ": null, "計算面積（アール）": 29, "散布班": "18-⑤", "地区名": "2026印西市" }, "geometry": { "type": "Polygon", "coordinates": [ [ [ 140.222146564000013, 35.805578676 ], [ 140.22278204700001, 35.804905161 ], [ 140.222552990999986, 35.804761801 ], [ 140.22252899, 35.8047833 ], [ 140.222495888999987, 35.804767296 ], [ 140.221830433, 35.80546188 ], [ 140.222146564000013, 35.805578676 ] ] ] } },
{ "type": "Feature", "properties": { "fid": 4346, "daicho_shubetsu_cd": "FUD25", "layer": "筆ポリゴン（2025年公開）_20260708233407", "fid_2": 6394, "事業年度": 2026, "物件番号": 7913, "GIS物件番号": null, "大字コード": 2050, "大字名": "萩原", "小字コード": 28, "小字名": "東埜", "__EMPTY": "萩原3661", "本番": 3661, "枝番": "0", "子番": 0, "孫番": false, "付番": false, "所在地番号": "2.05002803661e+28", "農地管理番号": 1, "耕地番号": 11, "所在地名": "萩原東埜3661", "マッチングさせるデータ": "萩原東埜3661", "空散対象区分1": 2, "空散対象区分2": null, "空散外面積1": 0, "空散外面積2": false, "集計転作面積": 0, "散布面積1": null, "散布面積2": null, "支払者集落": 0, "支払者集落名": null, "支払者コード": 0, "支払者名": null, "支払者住所": null, "支払者電話番号": null, "農地異動適用法": false, "農地異動適用法名": null, "利用集積計画番号": null, "適用法開始年月日": null, "適用法終了年月日": null, "備考": "石井　敬子", "所有者世帯番号": 2551, "所有者個人番号": 3954, "借受者世帯番号": 2551, "借受者個人番号": 3954, "農地予備数字１": null, "農地予備数字２": null, "農地予備数字３": null, "農地予備数字４": null, "農地予備数字５": null, "農地予備文字１": null, "農地予備文字２": null, "農地予備文字３": null, "農地予備文字４": null, "農地予備文字５": null, "手動一致フラグ": null, "計算面積（アール）": 31, "散布班": "18-⑤", "地区名": "2026印西市" }, "geometry": { "type": "Polygon", "coordinates": [ [ [ 140.221830433, 35.80546188 ], [ 140.222495888999987, 35.804767296 ], [ 140.222465124, 35.804749544 ], [ 140.222493498, 35.804726245 ], [ 140.222257015, 35.804575165 ], [ 140.221527450999986, 35.80534504 ], [ 140.221830433, 35.80546188 ] ] ] } },
{ "type": "Feature", "properties": { "fid": 4347, "daicho_shubetsu_cd": "FUD25", "layer": "筆ポリゴン（2025年公開）_20260708233407", "fid_2": 6395, "事業年度": 2026, "物件番号": 7914, "GIS物件番号": null, "大字コード": 2050, "大字名": "萩原", "小字コード": 28, "小字名": "東埜", "__EMPTY": "萩原3662", "本番": 3662, "枝番": "0", "子番": 0, "孫番": false, "付番": false, "所在地番号": "2.05002803662e+28", "農地管理番号": 1, "耕地番号": 12, "所在地名": "萩原東埜3662", "マッチングさせるデータ": "萩原東埜3662", "空散対象区分1": 2, "空散対象区分2": null, "空散外面積1": 0, "空散外面積2": false, "集計転作面積": 0, "散布面積1": null, "散布面積2": null, "支払者集落": 0, "支払者集落名": null, "支払者コード": 0, "支払者名": null, "支払者住所": null, "支払者電話番号": null, "農地異動適用法": false, "農地異動適用法名": null, "利用集積計画番号": null, "適用法開始年月日": null, "適用法終了年月日": null, "備考": "石井　敬子", "所有者世帯番号": 2551, "所有者個人番号": 3954, "借受者世帯番号": 2551, "借受者個人番号": 3954, "農地予備数字１": null, "農地予備数字２": null, "農地予備数字３": null, "農地予備数字４": null, "農地予備数字５": null, "農地予備文字１": null, "農地予備文字２": null, "農地予備文字３": null, "農地予備文字４": null, "農地予備文字５": null, "手動一致フラグ": null, "計算面積（アール）": 33, "散布班": "18-⑤", "地区名": "2026印西市" }, "geometry": { "type": "Polygon", "coordinates": [ [ [ 140.221527450999986, 35.80534504 ], [ 140.222257015, 35.804575165 ], [ 140.222020879000013, 35.804424303 ], [ 140.221994696, 35.804447595 ], [ 140.221973192, 35.80443571 ], [ 140.221211347, 35.805233598 ], [ 140.221527450999986, 35.80534504 ] ] ] } },
{ "type": "Feature", "properties": { "fid": 4348, "daicho_shubetsu_cd": "FUD25", "layer": "筆ポリゴン（2025年公開）_20260708233407", "fid_2": 6396, "事業年度": 2026, "物件番号": 7915, "GIS物件番号": null, "大字コード": 2050, "大字名": "萩原", "小字コード": 28, "小字名": "東埜", "__EMPTY": "萩原3663", "本番": 3663, "枝番": "0", "子番": 0, "孫番": false, "付番": false, "所在地番号": "2.05002803663e+28", "農地管理番号": 1, "耕地番号": 13, "所在地名": "萩原東埜3663", "マッチングさせるデータ": "萩原東埜3663", "空散対象区分1": 2, "空散対象区分2": null, "空散外面積1": 0, "空散外面積2": false, "集計転作面積": 0, "散布面積1": null, "散布面積2": null, "支払者集落": 0, "支払者集落名": null, "支払者コード": 0, "支払者名": null, "支払者住所": null, "支払者電話番号": null, "農地異動適用法": false, "農地異動適用法名": null, "利用集積計画番号": null, "適用法開始年月日": null, "適用法終了年月日": null, "備考": "石井　敬子", "所有者世帯番号": 2551, "所有者個人番号": 3954, "借受者世帯番号": 2551, "借受者個人番号": 3954, "農地予備数字１": null, "農地予備数字２": null, "農地予備数字３": null, "農地予備数字４": null, "農地予備数字５": null, "農地予備文字１": null, "農地予備文字２": null, "農地予備文字３": null, "農地予備文字４": null, "農地予備文字５": null, "手動一致フラグ": null, "計算面積（アール）": 32, "散布班": "18-⑤", "地区名": "2026印西市" }, "geometry": { "type": "Polygon", "coordinates": [ [ [ 140.221211347, 35.805233598 ], [ 140.221973192, 35.80443571 ], [ 140.221952948, 35.804424523 ], [ 140.221976939, 35.804401239 ], [ 140.221730199, 35.8042465 ], [ 140.221156515, 35.804840749 ], [ 140.221144253, 35.804859135 ], [ 140.221211103, 35.804900326 ], [ 140.22105327, 35.805172521 ], [ 140.221211347, 35.805233598 ] ] ] } },
{ "type": "Feature", "properties": { "fid": 4349, "daicho_shubetsu_cd": "FUD25", "layer": "筆ポリゴン（2025年公開）_20260708233407", "fid_2": 6397, "事業年度": 2026, "物件番号": 7916, "GIS物件番号": null, "大字コード": 2050, "大字名": "萩原", "小字コード": 28, "小字名": "東埜", "__EMPTY": "萩原3664", "本番": 3664, "枝番": "0", "子番": 0, "孫番": false, "付番": false, "所在地番号": "2.05002803664e+28", "農地管理番号": 1, "耕地番号": 14, "所在地名": "萩原東埜3664", "マッチングさせるデータ": "萩原東埜3664", "空散対象区分1": 2, "空散対象区分2": null, "空散外面積1": 0, "空散外面積2": false, "集計転作面積": 0, "散布面積1": null, "散布面積2": null, "支払者集落": 0, "支払者集落名": null, "支払者コード": 0, "支払者名": null, "支払者住所": null, "支払者電話番号": null, "農地異動適用法": false, "農地異動適用法名": null, "利用集積計画番号": null, "適用法開始年月日": null, "適用法終了年月日": null, "備考": "石井　敬子", "所有者世帯番号": 2551, "所有者個人番号": 3954, "借受者世帯番号": 2551, "借受者個人番号": 3954, "農地予備数字１": null, "農地予備数字２": null, "農地予備数字３": null, "農地予備数字４": null, "農地予備数字５": null, "農地予備文字１": null, "農地予備文字２": null, "農地予備文字３": null, "農地予備文字４": null, "農地予備文字５": null, "手動一致フラグ": null, "計算面積（アール）": 25, "散布班": "18-⑤", "地区名": "2026印西市" }, "geometry": { "type": "Polygon", "coordinates": [ [ [ 140.221156515, 35.804840749 ], [ 140.221730199, 35.8042465 ], [ 140.221470017, 35.80408288 ], [ 140.220901253, 35.804689242 ], [ 140.220872828000012, 35.804718953 ], [ 140.221156515, 35.804840749 ] ] ] } },
{ "type": "Feature", "properties": { "fid": 4350, "daicho_shubetsu_cd": "FUD25", "layer": "筆ポリゴン（2025年公開）_20260708233407", "fid_2": 6398, "事業年度": 2026, "物件番号": 7917, "GIS物件番号": null, "大字コード": 2050, "大字名": "萩原", "小字コード": 28, "小字名": "東埜", "__EMPTY": "萩原3665", "本番": 3665, "枝番": "0", "子番": 0, "孫番": false, "付番": false, "所在地番号": "2.05002803665e+28", "農地管理番号": 1, "耕地番号": 15, "所在地名": "萩原東埜3665", "マッチングさせるデータ": "萩原東埜3665", "空散対象区分1": 2, "空散対象区分2": null, "空散外面積1": 0, "空散外面積2": false, "集計転作面積": 0, "散布面積1": null, "散布面積2": null, "支払者集落": 0, "支払者集落名": null, "支払者コード": 0, "支払者名": null, "支払者住所": null, "支払者電話番号": null, "農地異動適用法": false, "農地異動適用法名": null, "利用集積計画番号": null, "適用法開始年月日": null, "適用法終了年月日": null, "備考": "石井　敬子", "所有者世帯番号": 2551, "所有者個人番号": 3954, "借受者世帯番号": 2551, "借受者個人番号": 3954, "農地予備数字１": null, "農地予備数字２": null, "農地予備数字３": null, "農地予備数字４": null, "農地予備数字５": null, "農地予備文字１": null, "農地予備文字２": null, "農地予備文字３": null, "農地予備文字４": null, "農地予備文字５": null, "手動一致フラグ": null, "計算面積（アール）": 27, "散布班": "18-⑤", "地区名": "2026印西市" }, "geometry": { "type": "Polygon", "coordinates": [ [ [ 140.220901253, 35.804689242 ], [ 140.221470017, 35.80408288 ], [ 140.221201356, 35.803913926 ], [ 140.22058901, 35.804569653 ], [ 140.220901253, 35.804689242 ] ] ] } },
{ "type": "Feature", "properties": { "fid": 4351, "daicho_shubetsu_cd": "FUD25", "layer": "筆ポリゴン（2025年公開）_20260708233407", "fid_2": 6399, "事業年度": 2026, "物件番号": 7918, "GIS物件番号": null, "大字コード": 2050, "大字名": "萩原", "小字コード": 28, "小字名": "東埜", "__EMPTY": "萩原3670", "本番": 3670, "枝番": "0", "子番": 0, "孫番": false, "付番": false, "所在地番号": "2.0500280367e+28", "農地管理番号": 1, "耕地番号": 16, "所在地名": "萩原東埜3670", "マッチングさせるデータ": "萩原東埜3670", "空散対象区分1": 2, "空散対象区分2": null, "空散外面積1": 0, "空散外面積2": false, "集計転作面積": 0, "散布面積1": null, "散布面積2": null, "支払者集落": 0, "支払者集落名": null, "支払者コード": 0, "支払者名": null, "支払者住所": null, "支払者電話番号": null, "農地異動適用法": false, "農地異動適用法名": null, "利用集積計画番号": null, "適用法開始年月日": null, "適用法終了年月日": null, "備考": "石井　敬子", "所有者世帯番号": 2551, "所有者個人番号": 3954, "借受者世帯番号": 2551, "借受者個人番号": 3954, "農地予備数字１": null, "農地予備数字２": null, "農地予備数字３": null, "農地予備数字４": null, "農地予備数字５": null, "農地予備文字１": null, "農地予備文字２": null, "農地予備文字３": null, "農地予備文字４": null, "農地予備文字５": null, "手動一致フラグ": null, "計算面積（アール）": 30, "散布班": "18-⑤", "地区名": "2026印西市" }, "geometry": { "type": "Polygon", "coordinates": [ [ [ 140.220208671, 35.80445266 ], [ 140.220337468999986, 35.804536541 ], [ 140.220382954, 35.804499606 ], [ 140.220498119000013, 35.804538248 ], [ 140.220560029000012, 35.804519921 ], [ 140.22114701000001, 35.803926691 ], [ 140.221116228999989, 35.803901814 ], [ 140.221144843, 35.803875184 ], [ 140.220919471, 35.803735 ], [ 140.220891331, 35.803758924 ], [ 140.220879761, 35.803748021 ], [ 140.220208671, 35.80445266 ] ] ] } },
{ "type": "Feature", "properties": { "fid": 4352, "daicho_shubetsu_cd": "FUD25", "layer": "筆ポリゴン（2025年公開）_20260708233407", "fid_2": 6400, "事業年度": 2026, "物件番号": 7919, "GIS物件番号": null, "大字コード": 2050, "大字名": "萩原", "小字コード": 28, "小字名": "東埜", "__EMPTY": "萩原3671", "本番": 3671, "枝番": "0", "子番": 0, "孫番": false, "付番": false, "所在地番号": "2.05002803671e+28", "農地管理番号": 1, "耕地番号": 17, "所在地名": "萩原東埜3671", "マッチングさせるデータ": "萩原東埜3671", "空散対象区分1": 2, "空散対象区分2": null, "空散外面積1": 0, "空散外面積2": false, "集計転作面積": 0, "散布面積1": null, "散布面積2": null, "支払者集落": 0, "支払者集落名": null, "支払者コード": 0, "支払者名": null, "支払者住所": null, "支払者電話番号": null, "農地異動適用法": false, "農地異動適用法名": null, "利用集積計画番号": null, "適用法開始年月日": null, "適用法終了年月日": null, "備考": "石井　敬子", "所有者世帯番号": 2551, "所有者個人番号": 3954, "借受者世帯番号": 2551, "借受者個人番号": 3954, "農地予備数字１": null, "農地予備数字２": null, "農地予備数字３": null, "農地予備数字４": null, "農地予備数字５": null, "農地予備文字１": null, "農地予備文字２": null, "農地予備文字３": null, "農地予備文字４": null, "農地予備文字５": null, "手動一致フラグ": null, "計算面積（アール）": 34, "散布班": "18-⑤", "地区名": "2026印西市" }, "geometry": { "type": "Polygon", "coordinates": [ [ [ 140.220628212503811, 35.803557008617453 ], [ 140.219899491942584, 35.804253076279927 ], [ 140.220208671, 35.80445266 ], [ 140.220879761, 35.803748021 ], [ 140.220847113, 35.803729406 ], [ 140.220878735000014, 35.803709939 ], [ 140.220628212503811, 35.803557008617453 ] ] ] } },
{ "type": "Feature", "properties": { "fid": 4353, "daicho_shubetsu_cd": "FUD25", "layer": "筆ポリゴン（2025年公開）_20260708233407", "fid_2": 6401, "事業年度": 2026, "物件番号": 7920, "GIS物件番号": null, "大字コード": 2050, "大字名": "萩原", "小字コード": 28, "小字名": "東埜", "__EMPTY": "萩原3672", "本番": 3672, "枝番": "0", "子番": 0, "孫番": false, "付番": false, "所在地番号": "2.05002803672e+28", "農地管理番号": 1, "耕地番号": 18, "所在地名": "萩原東埜3672", "マッチングさせるデータ": "萩原東埜3672", "空散対象区分1": 2, "空散対象区分2": null, "空散外面積1": 0, "空散外面積2": false, "集計転作面積": 0, "散布面積1": null, "散布面積2": null, "支払者集落": 0, "支払者集落名": null, "支払者コード": 0, "支払者名": null, "支払者住所": null, "支払者電話番号": null, "農地異動適用法": false, "農地異動適用法名": null, "利用集積計画番号": null, "適用法開始年月日": null, "適用法終了年月日": null, "備考": "石井　敬子", "所有者世帯番号": 2551, "所有者個人番号": 3954, "借受者世帯番号": 2551, "借受者個人番号": 3954, "農地予備数字１": null, "農地予備数字２": null, "農地予備数字３": null, "農地予備数字４": null, "農地予備数字５": null, "農地予備文字１": null, "農地予備文字２": null, "農地予備文字３": null, "農地予備文字４": null, "農地予備文字５": null, "手動一致フラグ": null, "計算面積（アール）": 6, "散布班": "18-⑤", "地区名": "2026印西市" }, "geometry": { "type": "Polygon", "coordinates": [ [ [ 140.219899491942584, 35.804253076279927 ], [ 140.220628212503811, 35.803557008617453 ], [ 140.220556708, 35.803513359 ], [ 140.220533131, 35.80353879 ], [ 140.219864578999989, 35.804230539 ], [ 140.219899491942584, 35.804253076279927 ] ] ] } },
{ "type": "Feature", "properties": { "fid": 4354, "daicho_shubetsu_cd": "FUD25", "layer": "筆ポリゴン（2025年公開）_20260708233407", "fid_2": 6402, "事業年度": 2026, "物件番号": 7943, "GIS物件番号": null, "大字コード": 2050, "大字名": "萩原", "小字コード": 28, "小字名": "東埜", "__EMPTY": "萩原3699", "本番": 3699, "枝番": "0", "子番": 0, "孫番": false, "付番": false, "所在地番号": "2.05002803699e+28", "農地管理番号": 1, "耕地番号": 19, "所在地名": "萩原東埜3699", "マッチングさせるデータ": "萩原東埜3699", "空散対象区分1": 2, "空散対象区分2": null, "空散外面積1": 0, "空散外面積2": false, "集計転作面積": 0, "散布面積1": null, "散布面積2": null, "支払者集落": 0, "支払者集落名": null, "支払者コード": 0, "支払者名": null, "支払者住所": null, "支払者電話番号": null, "農地異動適用法": false, "農地異動適用法名": null, "利用集積計画番号": null, "適用法開始年月日": null, "適用法終了年月日": null, "備考": "石井　敬子", "所有者世帯番号": 2551, "所有者個人番号": 3954, "借受者世帯番号": 2551, "借受者個人番号": 3954, "農地予備数字１": null, "農地予備数字２": null, "農地予備数字３": null, "農地予備数字４": null, "農地予備数字５": null, "農地予備文字１": null, "農地予備文字２": null, "農地予備文字３": null, "農地予備文字４": null, "農地予備文字５": null, "手動一致フラグ": null, "計算面積（アール）": 2, "散布班": "18-⑤", "地区名": "2026印西市" }, "geometry": { "type": "Polygon", "coordinates": [ [ [ 140.219337270086328, 35.804469250895266 ], [ 140.219666604797993, 35.804143402872526 ], [ 140.219617569, 35.80411201 ], [ 140.219294666, 35.804451204 ], [ 140.219337270086328, 35.804469250895266 ] ] ] } },
{ "type": "Feature", "properties": { "fid": 4355, "daicho_shubetsu_cd": "FUD25", "layer": "筆ポリゴン（2025年公開）_20260708233407", "fid_2": 6403, "事業年度": 2026, "物件番号": 7944, "GIS物件番号": null, "大字コード": 2050, "大字名": "萩原", "小字コード": 28, "小字名": "東埜", "__EMPTY": "萩原3700", "本番": 3700, "枝番": "0", "子番": 0, "孫番": false, "付番": false, "所在地番号": "2.050028037e+28", "農地管理番号": 1, "耕地番号": 20, "所在地名": "萩原東埜3700", "マッチングさせるデータ": "萩原東埜3700", "空散対象区分1": 2, "空散対象区分2": null, "空散外面積1": 0, "空散外面積2": false, "集計転作面積": 0, "散布面積1": null, "散布面積2": null, "支払者集落": 0, "支払者集落名": null, "支払者コード": 0, "支払者名": null, "支払者住所": null, "支払者電話番号": null, "農地異動適用法": false, "農地異動適用法名": null, "利用集積計画番号": null, "適用法開始年月日": null, "適用法終了年月日": null, "備考": "石井　敬子", "所有者世帯番号": 2551, "所有者個人番号": 3954, "借受者世帯番号": 2551, "借受者個人番号": 3954, "農地予備数字１": null, "農地予備数字２": null, "農地予備数字３": null, "農地予備数字４": null, "農地予備数字５": null, "農地予備文字１": null, "農地予備文字２": null, "農地予備文字３": null, "農地予備文字４": null, "農地予備文字５": null, "手動一致フラグ": null, "計算面積（アール）": 11, "散布班": "18-⑤", "地区名": "2026印西市" }, "geometry": { "type": "Polygon", "coordinates": [ [ [ 140.219577757807684, 35.804571120389291 ], [ 140.219874782271063, 35.804276678747343 ], [ 140.219666604797993, 35.804143402872526 ], [ 140.219337270086328, 35.804469250895266 ], [ 140.219577757807684, 35.804571120389291 ] ] ] } },
{ "type": "Feature", "properties": { "fid": 4356, "daicho_shubetsu_cd": "FUD25", "layer": "筆ポリゴン（2025年公開）_20260708233407", "fid_2": 6404, "事業年度": 2026, "物件番号": 7945, "GIS物件番号": null, "大字コード": 2050, "大字名": "萩原", "小字コード": 28, "小字名": "東埜", "__EMPTY": "萩原3701", "本番": 3701, "枝番": "0", "子番": 0, "孫番": false, "付番": false, "所在地番号": "2.05002803701e+28", "農地管理番号": 1, "耕地番号": 21, "所在地名": "萩原東埜3701", "マッチングさせるデータ": "萩原東埜3701", "空散対象区分1": 2, "空散対象区分2": null, "空散外面積1": 0, "空散外面積2": false, "集計転作面積": 0, "散布面積1": null, "散布面積2": null, "支払者集落": 0, "支払者集落名": null, "支払者コード": 0, "支払者名": null, "支払者住所": null, "支払者電話番号": null, "農地異動適用法": false, "農地異動適用法名": null, "利用集積計画番号": null, "適用法開始年月日": null, "適用法終了年月日": null, "備考": "石井　敬子", "所有者世帯番号": 2551, "所有者個人番号": 3954, "借受者世帯番号": 2551, "借受者個人番号": 3954, "農地予備数字１": null, "農地予備数字２": null, "農地予備数字３": null, "農地予備数字４": null, "農地予備数字５": null, "農地予備文字１": null, "農地予備文字２": null, "農地予備文字３": null, "農地予備文字４": null, "農地予備文字５": null, "手動一致フラグ": null, "計算面積（アール）": 21, "散布班": "18-⑤", "地区名": "2026印西市" }, "geometry": { "type": "Polygon", "coordinates": [ [ [ 140.219874782271063, 35.804276678747343 ], [ 140.219577757807684, 35.804571120389291 ], [ 140.220165326999989, 35.804820012 ], [ 140.220358879, 35.804586599 ], [ 140.219874782271063, 35.804276678747343 ] ] ] } },
{ "type": "Feature", "properties": { "fid": 4360, "daicho_shubetsu_cd": "FUD25", "layer": "筆ポリゴン（2025年公開）_20260708233407", "fid_2": 6412, "事業年度": 2026, "物件番号": 7036, "GIS物件番号": null, "大字コード": 2050, "大字名": "萩原", "小字コード": 6, "小字名": "城内下", "__EMPTY": "萩原3358", "本番": 3358, "枝番": "0", "子番": 0, "孫番": false, "付番": false, "所在地番号": "2.05000603358e+28", "農地管理番号": 1, "耕地番号": 1, "所在地名": "萩原城内下3358", "マッチングさせるデータ": "萩原城内下3358", "空散対象区分1": 2, "空散対象区分2": null, "空散外面積1": 0, "空散外面積2": false, "集計転作面積": 0, "散布面積1": null, "散布面積2": null, "支払者集落": 0, "支払者集落名": null, "支払者コード": 0, "支払者名": null, "支払者住所": null, "支払者電話番号": null, "農地異動適用法": false, "農地異動適用法名": null, "利用集積計画番号": null, "適用法開始年月日": null, "適用法終了年月日": null, "備考": "岩井　茂", "所有者世帯番号": 2356, "所有者個人番号": 3850, "借受者世帯番号": 2356, "借受者個人番号": 3850, "農地予備数字１": null, "農地予備数字２": null, "農地予備数字３": null, "農地予備数字４": null, "農地予備数字５": null, "農地予備文字１": null, "農地予備文字２": null, "農地予備文字３": null, "農地予備文字４": null, "農地予備文字５": null, "手動一致フラグ": null, "計算面積（アール）": 30, "散布班": "18-①", "地区名": "2026印西市" }, "geometry": { "type": "Polygon", "coordinates": [ [ [ 140.213073832, 35.802453141 ], [ 140.212992533, 35.802191471 ], [ 140.211934168999989, 35.802402772 ], [ 140.211938473, 35.802416096 ], [ 140.211901789, 35.802429041 ], [ 140.211964223, 35.802652485 ], [ 140.21199961, 35.802642752 ], [ 140.212014442, 35.802661746 ], [ 140.213073832, 35.802453141 ] ] ] } },
{ "type": "Feature", "properties": { "fid": 4361, "daicho_shubetsu_cd": "FUD25", "layer": "筆ポリゴン（2025年公開）_20260708233407", "fid_2": 6413, "事業年度": 2026, "物件番号": 7113, "GIS物件番号": null, "大字コード": 2050, "大字名": "萩原", "小字コード": 8, "小字名": "和田下", "__EMPTY": "萩原3407", "本番": 3407, "枝番": "0", "子番": 0, "孫番": false, "付番": false, "所在地番号": "2.05000803407e+28", "農地管理番号": 1, "耕地番号": 2, "所在地名": "萩原和田下3407", "マッチングさせるデータ": "萩原和田下3407", "空散対象区分1": 2, "空散対象区分2": null, "空散外面積1": 0, "空散外面積2": false, "集計転作面積": 0, "散布面積1": null, "散布面積2": null, "支払者集落": 0, "支払者集落名": null, "支払者コード": 0, "支払者名": null, "支払者住所": null, "支払者電話番号": null, "農地異動適用法": false, "農地異動適用法名": null, "利用集積計画番号": null, "適用法開始年月日": null, "適用法終了年月日": null, "備考": "岩井　茂", "所有者世帯番号": 2356, "所有者個人番号": 3850, "借受者世帯番号": 2356, "借受者個人番号": 3850, "農地予備数字１": null, "農地予備数字２": null, "農地予備数字３": null, "農地予備数字４": null, "農地予備数字５": null, "農地予備文字１": null, "農地予備文字２": null, "農地予備文字３": null, "農地予備文字４": null, "農地予備文字５": null, "手動一致フラグ": null, "計算面積（アール）": 30, "散布班": "18-①", "地区名": "2026印西市" }, "geometry": { "type": "Polygon", "coordinates": [ [ [ 140.210669817, 35.802386533 ], [ 140.210750438, 35.802650403 ], [ 140.211780522, 35.802435219 ], [ 140.211784125, 35.802415124 ], [ 140.211823468, 35.802393914 ], [ 140.211750172, 35.80216768 ], [ 140.210669817, 35.802386533 ] ] ] } },
{ "type": "Feature", "properties": { "fid": 4362, "daicho_shubetsu_cd": "FUD25", "layer": "筆ポリゴン（2025年公開）_20260708233407", "fid_2": 6414, "事業年度": 2026, "物件番号": 7114, "GIS物件番号": null, "大字コード": 2050, "大字名": "萩原", "小字コード": 8, "小字名": "和田下", "__EMPTY": "萩原3408", "本番": 3408, "枝番": "0", "子番": 0, "孫番": false, "付番": false, "所在地番号": "2.05000803408e+28", "農地管理番号": 1, "耕地番号": 3, "所在地名": "萩原和田下3408", "マッチングさせるデータ": "萩原和田下3408", "空散対象区分1": 2, "空散対象区分2": null, "空散外面積1": 0, "空散外面積2": false, "集計転作面積": 0, "散布面積1": null, "散布面積2": null, "支払者集落": 0, "支払者集落名": null, "支払者コード": 0, "支払者名": null, "支払者住所": null, "支払者電話番号": null, "農地異動適用法": false, "農地異動適用法名": null, "利用集積計画番号": null, "適用法開始年月日": null, "適用法終了年月日": null, "備考": "岩井　茂", "所有者世帯番号": 2356, "所有者個人番号": 3850, "借受者世帯番号": 2356, "借受者個人番号": 3850, "農地予備数字１": null, "農地予備数字２": null, "農地予備数字３": null, "農地予備数字４": null, "農地予備数字５": null, "農地予備文字１": null, "農地予備文字２": null, "農地予備文字３": null, "農地予備文字４": null, "農地予備文字５": null, "手動一致フラグ": null, "計算面積（アール）": 12, "散布班": "18-①", "地区名": "2026印西市" }, "geometry": { "type": "Polygon", "coordinates": [ [ [ 140.210750438, 35.802650403 ], [ 140.210781606000012, 35.802752722 ], [ 140.211817986, 35.802537522 ], [ 140.211811694, 35.802510431 ], [ 140.211844926999987, 35.802500285 ], [ 140.211827362, 35.802435071 ], [ 140.211780522, 35.802435219 ], [ 140.210750438, 35.802650403 ] ] ] } },
{ "type": "Feature", "properties": { "fid": 4364, "daicho_shubetsu_cd": "FUD25", "layer": "筆ポリゴン（2025年公開）_20260708233407", "fid_2": 6416, "事業年度": 2026, "物件番号": null, "GIS物件番号": null, "大字コード": 2050, "大字名": "萩原", "小字コード": 28, "小字名": "東埜", "__EMPTY": "萩原3557", "本番": 3557, "枝番": "0", "子番": 0, "孫番": false, "付番": false, "所在地番号": "2.05002803557e+28", "農地管理番号": 1, "耕地番号": 17, "所在地名": "萩原東埜3557-1", "マッチングさせるデータ": "萩原東埜3557-1", "空散対象区分1": 2, "空散対象区分2": null, "空散外面積1": 0, "空散外面積2": false, "集計転作面積": 0, "散布面積1": null, "散布面積2": null, "支払者集落": 0, "支払者集落名": null, "支払者コード": 0, "支払者名": null, "支払者住所": null, "支払者電話番号": null, "農地異動適用法": false, "農地異動適用法名": null, "利用集積計画番号": null, "適用法開始年月日": null, "適用法終了年月日": null, "備考": "岩井　茂", "所有者世帯番号": 2356, "所有者個人番号": 3850, "借受者世帯番号": 2356, "借受者個人番号": 3850, "農地予備数字１": null, "農地予備数字２": null, "農地予備数字３": null, "農地予備数字４": null, "農地予備数字５": null, "農地予備文字１": null, "農地予備文字２": null, "農地予備文字３": null, "農地予備文字４": null, "農地予備文字５": null, "手動一致フラグ": null, "計算面積（アール）": 26, "散布班": "18-⑤", "地区名": "2026印西市" }, "geometry": { "type": "Polygon", "coordinates": [ [ [ 140.22450726400001, 35.802301671 ], [ 140.224742146000011, 35.802449544 ], [ 140.225376292, 35.801792825 ], [ 140.225125649, 35.801638672 ], [ 140.22450726400001, 35.802301671 ] ] ] } },
{ "type": "Feature", "properties": { "fid": 4365, "daicho_shubetsu_cd": "FUD25", "layer": "筆ポリゴン（2025年公開）_20260708233407", "fid_2": 6417, "事業年度": 2026, "物件番号": 7924, "GIS物件番号": null, "大字コード": 2050, "大字名": "萩原", "小字コード": 28, "小字名": "東埜", "__EMPTY": "萩原3675", "本番": 3675, "枝番": "0", "子番": 0, "孫番": false, "付番": false, "所在地番号": "2.05002803675e+28", "農地管理番号": 1, "耕地番号": 10, "所在地名": "萩原東埜3675", "マッチングさせるデータ": "萩原東埜3675", "空散対象区分1": 2, "空散対象区分2": null, "空散外面積1": 0, "空散外面積2": false, "集計転作面積": 0, "散布面積1": null, "散布面積2": null, "支払者集落": 0, "支払者集落名": null, "支払者コード": 0, "支払者名": null, "支払者住所": null, "支払者電話番号": null, "農地異動適用法": false, "農地異動適用法名": null, "利用集積計画番号": null, "適用法開始年月日": null, "適用法終了年月日": null, "備考": "岩井　茂", "所有者世帯番号": 2356, "所有者個人番号": 3850, "借受者世帯番号": 2356, "借受者個人番号": 3850, "農地予備数字１": null, "農地予備数字２": null, "農地予備数字３": null, "農地予備数字４": null, "農地予備数字５": null, "農地予備文字１": null, "農地予備文字２": null, "農地予備文字３": null, "農地予備文字４": null, "農地予備文字５": null, "手動一致フラグ": null, "計算面積（アール）": 14, "散布班": "18-⑤", "地区名": "2026印西市" }, "geometry": { "type": "Polygon", "coordinates": [ [ [ 140.219973238774543, 35.803138020163544 ], [ 140.219270647882183, 35.803853385435758 ], [ 140.219399411000012, 35.803935437 ], [ 140.219845171, 35.803464193 ], [ 140.220085367, 35.80320585 ], [ 140.219973238774543, 35.803138020163544 ] ] ] } },
{ "type": "Feature", "properties": { "fid": 4366, "daicho_shubetsu_cd": "FUD25", "layer": "筆ポリゴン（2025年公開）_20260708233407", "fid_2": 6418, "事業年度": 2026, "物件番号": 7925, "GIS物件番号": null, "大字コード": 2050, "大字名": "萩原", "小字コード": 28, "小字名": "東埜", "__EMPTY": "萩原3676", "本番": 3676, "枝番": "0", "子番": 0, "孫番": false, "付番": false, "所在地番号": "2.05002803676e+28", "農地管理番号": 1, "耕地番号": 11, "所在地名": "萩原東埜3676", "マッチングさせるデータ": "萩原東埜3676", "空散対象区分1": 2, "空散対象区分2": null, "空散外面積1": 0, "空散外面積2": false, "集計転作面積": 0, "散布面積1": null, "散布面積2": null, "支払者集落": 0, "支払者集落名": null, "支払者コード": 0, "支払者名": null, "支払者住所": null, "支払者電話番号": null, "農地異動適用法": false, "農地異動適用法名": null, "利用集積計画番号": null, "適用法開始年月日": null, "適用法終了年月日": null, "備考": "岩井　茂", "所有者世帯番号": 2356, "所有者個人番号": 3850, "借受者世帯番号": 2356, "借受者個人番号": 3850, "農地予備数字１": null, "農地予備数字２": null, "農地予備数字３": null, "農地予備数字４": null, "農地予備数字５": null, "農地予備文字１": null, "農地予備文字２": null, "農地予備文字３": null, "農地予備文字４": null, "農地予備文字５": null, "手動一致フラグ": null, "計算面積（アール）": 13, "散布班": "18-⑤", "地区名": "2026印西市" }, "geometry": { "type": "Polygon", "coordinates": [ [ [ 140.219270647882183, 35.803853385435758 ], [ 140.219973238774543, 35.803138020163544 ], [ 140.219853648, 35.803065676 ], [ 140.219162981000011, 35.803784777 ], [ 140.219270647882183, 35.803853385435758 ] ] ] } },
{ "type": "Feature", "properties": { "fid": 4367, "daicho_shubetsu_cd": "FUD25", "layer": "筆ポリゴン（2025年公開）_20260708233407", "fid_2": 6419, "事業年度": 2026, "物件番号": 7926, "GIS物件番号": null, "大字コード": 2050, "大字名": "萩原", "小字コード": 28, "小字名": "東埜", "__EMPTY": "萩原3677", "本番": 3677, "枝番": "0", "子番": 0, "孫番": false, "付番": false, "所在地番号": "2.05002803677e+28", "農地管理番号": 1, "耕地番号": 12, "所在地名": "萩原東埜3677", "マッチングさせるデータ": "萩原東埜3677", "空散対象区分1": 2, "空散対象区分2": null, "空散外面積1": 0, "空散外面積2": false, "集計転作面積": 0, "散布面積1": null, "散布面積2": null, "支払者集落": 0, "支払者集落名": null, "支払者コード": 0, "支払者名": null, "支払者住所": null, "支払者電話番号": null, "農地異動適用法": false, "農地異動適用法名": null, "利用集積計画番号": null, "適用法開始年月日": null, "適用法終了年月日": null, "備考": "岩井　茂", "所有者世帯番号": 2356, "所有者個人番号": 3850, "借受者世帯番号": 2356, "借受者個人番号": 3850, "農地予備数字１": null, "農地予備数字２": null, "農地予備数字３": null, "農地予備数字４": null, "農地予備数字５": null, "農地予備文字１": null, "農地予備文字２": null, "農地予備文字３": null, "農地予備文字４": null, "農地予備文字５": null, "手動一致フラグ": null, "計算面積（アール）": 14, "散布班": "18-⑤", "地区名": "2026印西市" }, "geometry": { "type": "Polygon", "coordinates": [ [ [ 140.21923437800001, 35.803491073 ], [ 140.219161961999987, 35.80357404 ], [ 140.21920043, 35.803603576 ], [ 140.219116848, 35.803755264 ], [ 140.219162981000011, 35.803784777 ], [ 140.219853648, 35.803065676 ], [ 140.219721551, 35.802983135 ], [ 140.219373934, 35.803357011 ], [ 140.21923437800001, 35.803491073 ] ] ] } },
{ "type": "Feature", "properties": { "fid": 4368, "daicho_shubetsu_cd": "FUD25", "layer": "筆ポリゴン（2025年公開）_20260708233407", "fid_2": 6420, "事業年度": 2026, "物件番号": null, "GIS物件番号": null, "大字コード": 2051, "大字名": "萩原干拓", "小字コード": 0, "小字名": null, "__EMPTY": "萩原干拓135", "本番": 135, "枝番": "0", "子番": 0, "孫番": false, "付番": false, "所在地番号": "2.05100000135e+28", "農地管理番号": 1, "耕地番号": 15, "所在地名": "萩原干拓135-1", "マッチングさせるデータ": "萩原干拓135-1", "空散対象区分1": 2, "空散対象区分2": null, "空散外面積1": 0, "空散外面積2": false, "集計転作面積": 0, "散布面積1": null, "散布面積2": null, "支払者集落": 0, "支払者集落名": null, "支払者コード": 0, "支払者名": null, "支払者住所": null, "支払者電話番号": null, "農地異動適用法": false, "農地異動適用法名": null, "利用集積計画番号": null, "適用法開始年月日": null, "適用法終了年月日": null, "備考": "岩井　茂", "所有者世帯番号": 2356, "所有者個人番号": 3850, "借受者世帯番号": 2356, "借受者個人番号": 3850, "農地予備数字１": null, "農地予備数字２": null, "農地予備数字３": null, "農地予備数字４": null, "農地予備数字５": null, "農地予備文字１": null, "農地予備文字２": null, "農地予備文字３": null, "農地予備文字４": null, "農地予備文字５": null, "手動一致フラグ": null, "計算面積（アール）": 28, "散布班": "18-⑤", "地区名": "2026印西市" }, "geometry": { "type": "Polygon", "coordinates": [ [ [ 140.226323823646283, 35.803448314852972 ], [ 140.226969344317467, 35.802770059424766 ], [ 140.226714668, 35.802599246 ], [ 140.226065831, 35.803288135 ], [ 140.226323823646283, 35.803448314852972 ] ] ] } },
{ "type": "Feature", "properties": { "fid": 4369, "daicho_shubetsu_cd": "FUD25", "layer": "筆ポリゴン（2025年公開）_20260708233407", "fid_2": 6421, "事業年度": 2026, "物件番号": null, "GIS物件番号": null, "大字コード": 2051, "大字名": "萩原干拓", "小字コード": 0, "小字名": null, "__EMPTY": "萩原干拓136", "本番": 136, "枝番": "0", "子番": 0, "孫番": false, "付番": false, "所在地番号": "2.05100000136e+28", "農地管理番号": 1, "耕地番号": 16, "所在地名": "萩原干拓136-1", "マッチングさせるデータ": "萩原干拓136-1", "空散対象区分1": 2, "空散対象区分2": null, "空散外面積1": 0, "空散外面積2": false, "集計転作面積": 0, "散布面積1": null, "散布面積2": null, "支払者集落": 0, "支払者集落名": null, "支払者コード": 0, "支払者名": null, "支払者住所": null, "支払者電話番号": null, "農地異動適用法": false, "農地異動適用法名": null, "利用集積計画番号": null, "適用法開始年月日": null, "適用法終了年月日": null, "備考": "岩井　茂", "所有者世帯番号": 2356, "所有者個人番号": 3850, "借受者世帯番号": 2356, "借受者個人番号": 3850, "農地予備数字１": null, "農地予備数字２": null, "農地予備数字３": null, "農地予備数字４": null, "農地予備数字５": null, "農地予備文字１": null, "農地予備文字２": null, "農地予備文字３": null, "農地予備文字４": null, "農地予備文字５": null, "手動一致フラグ": null, "計算面積（アール）": 10, "散布班": "18-⑤", "地区名": "2026印西市" }, "geometry": { "type": "Polygon", "coordinates": [ [ [ 140.226969344317467, 35.802770059424766 ], [ 140.226323823646283, 35.803448314852972 ], [ 140.226420448, 35.803508306 ], [ 140.227054661000011, 35.802827282 ], [ 140.226969344317467, 35.802770059424766 ] ] ] } },
{ "type": "Feature", "properties": { "fid": 4370, "daicho_shubetsu_cd": "FUD25", "layer": "筆ポリゴン（2025年公開）_20260708233407", "fid_2": 6422, "事業年度": 2026, "物件番号": 6913, "GIS物件番号": null, "大字コード": 2050, "大字名": "萩原", "小字コード": 4, "小字名": "株木下", "__EMPTY": "萩原3217", "本番": 3217, "枝番": "0", "子番": 0, "孫番": false, "付番": false, "所在地番号": "2.05000403217e+28", "農地管理番号": 1, "耕地番号": 4, "所在地名": "萩原株木下3217", "マッチングさせるデータ": "萩原株木下3217", "空散対象区分1": 2, "空散対象区分2": null, "空散外面積1": 0, "空散外面積2": false, "集計転作面積": 0, "散布面積1": null, "散布面積2": null, "支払者集落": 0, "支払者集落名": null, "支払者コード": 0, "支払者名": null, "支払者住所": null, "支払者電話番号": null, "農地異動適用法": false, "農地異動適用法名": null, "利用集積計画番号": null, "適用法開始年月日": null, "適用法終了年月日": null, "備考": "吉岡　仁", "所有者世帯番号": 2361, "所有者個人番号": 4261, "借受者世帯番号": 2361, "借受者個人番号": 4261, "農地予備数字１": null, "農地予備数字２": null, "農地予備数字３": null, "農地予備数字４": null, "農地予備数字５": null, "農地予備文字１": null, "農地予備文字２": null, "農地予備文字３": null, "農地予備文字４": null, "農地予備文字５": null, "手動一致フラグ": null, "計算面積（アール）": 20, "散布班": "18-④", "地区名": "2026印西市" }, "geometry": { "type": "Polygon", "coordinates": [ [ [ 140.217345972, 35.800653677 ], [ 140.217031899, 35.800959342 ], [ 140.217058263000013, 35.800973538 ], [ 140.217023397, 35.801014112 ], [ 140.217171947999987, 35.801109893 ], [ 140.217872067, 35.800405914 ], [ 140.217699024000012, 35.800291532 ], [ 140.217345972, 35.800653677 ] ] ] } },
{ "type": "Feature", "properties": { "fid": 4371, "daicho_shubetsu_cd": "FUD25", "layer": "筆ポリゴン（2025年公開）_20260708233407", "fid_2": 6423, "事業年度": 2026, "物件番号": 7025, "GIS物件番号": null, "大字コード": 2050, "大字名": "萩原", "小字コード": 6, "小字名": "城内下", "__EMPTY": "萩原3342", "本番": 3342, "枝番": "0", "子番": 0, "孫番": false, "付番": false, "所在地番号": "2.05000603342e+28", "農地管理番号": 1, "耕地番号": 5, "所在地名": "萩原城内下3342", "マッチングさせるデータ": "萩原城内下3342", "空散対象区分1": 2, "空散対象区分2": null, "空散外面積1": 0, "空散外面積2": false, "集計転作面積": 0, "散布面積1": null, "散布面積2": null, "支払者集落": 0, "支払者集落名": null, "支払者コード": 0, "支払者名": null, "支払者住所": null, "支払者電話番号": null, "農地異動適用法": false, "農地異動適用法名": null, "利用集積計画番号": null, "適用法開始年月日": null, "適用法終了年月日": null, "備考": "吉岡　仁", "所有者世帯番号": 2361, "所有者個人番号": 4261, "借受者世帯番号": 2361, "借受者個人番号": 4261, "農地予備数字１": null, "農地予備数字２": null, "農地予備数字３": null, "農地予備数字４": null, "農地予備数字５": null, "農地予備文字１": null, "農地予備文字２": null, "農地予備文字３": null, "農地予備文字４": null, "農地予備文字５": null, "手動一致フラグ": null, "計算面積（アール）": 29, "散布班": "18-①", "地区名": "2026印西市" }, "geometry": { "type": "Polygon", "coordinates": [ [ [ 140.214420783, 35.803694263 ], [ 140.213537808000012, 35.803873088 ], [ 140.213585245, 35.804031298 ], [ 140.21471909600001, 35.803993566 ], [ 140.214629425999988, 35.803676867 ], [ 140.214587556, 35.803685033 ], [ 140.214580579999989, 35.803663816 ], [ 140.214420783, 35.803694263 ] ] ] } },
{ "type": "Feature", "properties": { "fid": 4372, "daicho_shubetsu_cd": "FUD25", "layer": "筆ポリゴン（2025年公開）_20260708233407", "fid_2": 6424, "事業年度": 2026, "物件番号": 7172, "GIS物件番号": null, "大字コード": 2050, "大字名": "萩原", "小字コード": 8, "小字名": "和田下", "__EMPTY": "萩原3474", "本番": 3474, "枝番": "0", "子番": 0, "孫番": false, "付番": false, "所在地番号": "2.05000803474e+28", "農地管理番号": 1, "耕地番号": 6, "所在地名": "萩原和田下3474", "マッチングさせるデータ": "萩原和田下3474", "空散対象区分1": 2, "空散対象区分2": null, "空散外面積1": 0, "空散外面積2": false, "集計転作面積": 0, "散布面積1": null, "散布面積2": null, "支払者集落": 0, "支払者集落名": null, "支払者コード": 0, "支払者名": null, "支払者住所": null, "支払者電話番号": null, "農地異動適用法": false, "農地異動適用法名": null, "利用集積計画番号": null, "適用法開始年月日": null, "適用法終了年月日": null, "備考": "吉岡　仁", "所有者世帯番号": 2361, "所有者個人番号": 4261, "借受者世帯番号": 2361, "借受者個人番号": 4261, "農地予備数字１": null, "農地予備数字２": null, "農地予備数字３": null, "農地予備数字４": null, "農地予備数字５": null, "農地予備文字１": null, "農地予備文字２": null, "農地予備文字３": null, "農地予備文字４": null, "農地予備文字５": null, "手動一致フラグ": null, "計算面積（アール）": 24, "散布班": "18-①", "地区名": "2026印西市" }, "geometry": { "type": "Polygon", "coordinates": [ [ [ 140.208441929, 35.803336982 ], [ 140.208390775999987, 35.80315916 ], [ 140.208321786999988, 35.803167408 ], [ 140.20831433, 35.803139092 ], [ 140.207292005, 35.803338949 ], [ 140.207357701, 35.803553879 ], [ 140.208441929, 35.803336982 ] ] ] } },
{ "type": "Feature", "properties": { "fid": 4373, "daicho_shubetsu_cd": "FUD25", "layer": "筆ポリゴン（2025年公開）_20260708233407", "fid_2": 6425, "事業年度": 2026, "物件番号": 7274, "GIS物件番号": null, "大字コード": 2050, "大字名": "萩原", "小字コード": 10, "小字名": "辺田谷", "__EMPTY": "萩原1334", "本番": 1334, "枝番": "1", "子番": 0, "孫番": false, "付番": false, "所在地番号": "2.05001001334e+28", "農地管理番号": 1, "耕地番号": 7, "所在地名": "萩原辺田谷1334-1", "マッチングさせるデータ": "萩原辺田谷1334-1", "空散対象区分1": 2, "空散対象区分2": null, "空散外面積1": 0, "空散外面積2": false, "集計転作面積": 0, "散布面積1": 0, "散布面積2": false, "支払者集落": 0, "支払者集落名": null, "支払者コード": 0, "支払者名": null, "支払者住所": null, "支払者電話番号": null, "農地異動適用法": false, "農地異動適用法名": null, "利用集積計画番号": null, "適用法開始年月日": null, "適用法終了年月日": null, "備考": "吉岡　仁", "所有者世帯番号": 2361, "所有者個人番号": 4261, "借受者世帯番号": 2361, "借受者個人番号": 4261, "農地予備数字１": null, "農地予備数字２": null, "農地予備数字３": null, "農地予備数字４": null, "農地予備数字５": null, "農地予備文字１": null, "農地予備文字２": null, "農地予備文字３": null, "農地予備文字４": null, "農地予備文字５": null, "手動一致フラグ": null, "計算面積（アール）": 2, "散布班": "18-①", "地区名": "2026印西市" }, "geometry": { "type": "Polygon", "coordinates": [ [ [ 140.209595056000012, 35.798729353 ], [ 140.209629446, 35.798705822 ], [ 140.209768007, 35.798650862 ], [ 140.209686018000014, 35.798611738 ], [ 140.209618291, 35.798586914 ], [ 140.209516035, 35.798633998 ], [ 140.209595056000012, 35.798729353 ] ] ] } },
{ "type": "Feature", "properties": { "fid": 4375, "daicho_shubetsu_cd": "FUD25", "layer": "筆ポリゴン（2025年公開）_20260708233407", "fid_2": 6427, "事業年度": 2026, "物件番号": 7941, "GIS物件番号": null, "大字コード": 2050, "大字名": "萩原", "小字コード": 28, "小字名": "東埜", "__EMPTY": "萩原3698", "本番": 3698, "枝番": "1", "子番": 0, "孫番": false, "付番": false, "所在地番号": "2.05002803698e+28", "農地管理番号": 1, "耕地番号": 14, "所在地名": "萩原東埜3698-1", "マッチングさせるデータ": "萩原東埜3698-1", "空散対象区分1": 2, "空散対象区分2": null, "空散外面積1": 0, "空散外面積2": false, "集計転作面積": 0, "散布面積1": null, "散布面積2": null, "支払者集落": 0, "支払者集落名": null, "支払者コード": 0, "支払者名": null, "支払者住所": null, "支払者電話番号": null, "農地異動適用法": false, "農地異動適用法名": null, "利用集積計画番号": null, "適用法開始年月日": null, "適用法終了年月日": null, "備考": "吉岡　仁", "所有者世帯番号": 2361, "所有者個人番号": 4261, "借受者世帯番号": 2361, "借受者個人番号": 4261, "農地予備数字１": null, "農地予備数字２": null, "農地予備数字３": null, "農地予備数字４": null, "農地予備数字５": null, "農地予備文字１": null, "農地予備文字２": null, "農地予備文字３": null, "農地予備文字４": null, "農地予備文字５": null, "手動一致フラグ": null, "計算面積（アール）": 11, "散布班": "18-⑤", "地区名": "2026印西市" }, "geometry": { "type": "Polygon", "coordinates": [ [ [ 140.219426135563481, 35.803988852973461 ], [ 140.219072712453567, 35.804352003324929 ], [ 140.219294666, 35.804451204 ], [ 140.219617569, 35.80411201 ], [ 140.219426135563481, 35.803988852973461 ] ] ] } },
{ "type": "Feature", "properties": { "fid": 4376, "daicho_shubetsu_cd": "FUD25", "layer": "筆ポリゴン（2025年公開）_20260708233407", "fid_2": 6428, "事業年度": 2026, "物件番号": 7942, "GIS物件番号": null, "大字コード": 2050, "大字名": "萩原", "小字コード": 28, "小字名": "東埜", "__EMPTY": "萩原3698", "本番": 3698, "枝番": "2", "子番": 0, "孫番": false, "付番": false, "所在地番号": "2.05002803698e+28", "農地管理番号": 1, "耕地番号": 15, "所在地名": "萩原東埜3698-2", "マッチングさせるデータ": "萩原東埜3698-2", "空散対象区分1": 2, "空散対象区分2": null, "空散外面積1": 0, "空散外面積2": false, "集計転作面積": 0, "散布面積1": null, "散布面積2": null, "支払者集落": 0, "支払者集落名": null, "支払者コード": 0, "支払者名": null, "支払者住所": null, "支払者電話番号": null, "農地異動適用法": false, "農地異動適用法名": null, "利用集積計画番号": null, "適用法開始年月日": null, "適用法終了年月日": null, "備考": "吉岡　仁", "所有者世帯番号": 2361, "所有者個人番号": 4261, "借受者世帯番号": 2361, "借受者個人番号": 4261, "農地予備数字１": null, "農地予備数字２": null, "農地予備数字３": null, "農地予備数字４": null, "農地予備数字５": null, "農地予備文字１": null, "農地予備文字２": null, "農地予備文字３": null, "農地予備文字４": null, "農地予備文字５": null, "手動一致フラグ": null, "計算面積（アール）": 3, "散布班": "18-⑤", "地区名": "2026印西市" }, "geometry": { "type": "Polygon", "coordinates": [ [ [ 140.219072712453567, 35.804352003324929 ], [ 140.219426135563481, 35.803988852973461 ], [ 140.219382231999987, 35.803960608 ], [ 140.219024332, 35.80433038 ], [ 140.219072712453567, 35.804352003324929 ] ] ] } },
{ "type": "Feature", "properties": { "fid": 4377, "daicho_shubetsu_cd": "FUD25", "layer": "筆ポリゴン（2025年公開）_20260708233407", "fid_2": 6429, "事業年度": 2026, "物件番号": 7236, "GIS物件番号": null, "大字コード": 2050, "大字名": "萩原", "小字コード": 10, "小字名": "辺田谷", "__EMPTY": "萩原1289", "本番": 1289, "枝番": "1", "子番": 1, "孫番": false, "付番": false, "所在地番号": "2.05001001289e+28", "農地管理番号": 1, "耕地番号": 39, "所在地名": "萩原辺田谷1289-1-1", "マッチングさせるデータ": "萩原辺田谷1289-1-1", "空散対象区分1": 2, "空散対象区分2": null, "空散外面積1": 600, "空散外面積2": false, "集計転作面積": 0, "散布面積1": null, "散布面積2": null, "支払者集落": 0, "支払者集落名": null, "支払者コード": 0, "支払者名": null, "支払者住所": null, "支払者電話番号": null, "農地異動適用法": false, "農地異動適用法名": null, "利用集積計画番号": null, "適用法開始年月日": null, "適用法終了年月日": null, "備考": "石井　哲男", "所有者世帯番号": 2416, "所有者個人番号": 3840, "借受者世帯番号": 2416, "借受者個人番号": 3840, "農地予備数字１": null, "農地予備数字２": null, "農地予備数字３": null, "農地予備数字４": null, "農地予備数字５": null, "農地予備文字１": null, "農地予備文字２": null, "農地予備文字３": null, "農地予備文字４": null, "農地予備文字５": null, "手動一致フラグ": null, "計算面積（アール）": 4, "散布班": "18-①", "地区名": "2026印西市" }, "geometry": { "type": "Polygon", "coordinates": [ [ [ 140.207899878, 35.796702532 ], [ 140.207820277, 35.796643541 ], [ 140.207758818, 35.796576415 ], [ 140.207678026, 35.796615711 ], [ 140.207539523, 35.796682113 ], [ 140.207608091999987, 35.796804259 ], [ 140.207899878, 35.796702532 ] ] ] } },
{ "type": "Feature", "properties": { "fid": 4378, "daicho_shubetsu_cd": "FUD25", "layer": "筆ポリゴン（2025年公開）_20260708233407", "fid_2": 6430, "事業年度": 2026, "物件番号": 7238, "GIS物件番号": null, "大字コード": 2050, "大字名": "萩原", "小字コード": 10, "小字名": "辺田谷", "__EMPTY": "萩原1290", "本番": 1290, "枝番": "0", "子番": 0, "孫番": false, "付番": false, "所在地番号": "2.0500100129e+28", "農地管理番号": 1, "耕地番号": 40, "所在地名": "萩原辺田谷1290", "マッチングさせるデータ": "萩原辺田谷1290", "空散対象区分1": 2, "空散対象区分2": null, "空散外面積1": 0, "空散外面積2": false, "集計転作面積": 0, "散布面積1": null, "散布面積2": null, "支払者集落": 0, "支払者集落名": null, "支払者コード": 0, "支払者名": null, "支払者住所": null, "支払者電話番号": null, "農地異動適用法": false, "農地異動適用法名": null, "利用集積計画番号": null, "適用法開始年月日": null, "適用法終了年月日": null, "備考": "石井　哲男", "所有者世帯番号": 2416, "所有者個人番号": 3840, "借受者世帯番号": 2416, "借受者個人番号": 3840, "農地予備数字１": null, "農地予備数字２": null, "農地予備数字３": null, "農地予備数字４": null, "農地予備数字５": null, "農地予備文字１": null, "農地予備文字２": null, "農地予備文字３": null, "農地予備文字４": null, "農地予備文字５": null, "手動一致フラグ": null, "計算面積（アール）": 5, "散布班": "18-①", "地区名": "2026印西市" }, "geometry": { "type": "Polygon", "coordinates": [ [ [ 140.207453261000012, 35.796612371 ], [ 140.207621158, 35.796470483 ], [ 140.207516562, 35.796367141 ], [ 140.20730196, 35.796416277 ], [ 140.207402019999989, 35.796609839 ], [ 140.207453261000012, 35.796612371 ] ] ] } },
{ "type": "Feature", "properties": { "fid": 4379, "daicho_shubetsu_cd": "FUD25", "layer": "筆ポリゴン（2025年公開）_20260708233407", "fid_2": 6432, "事業年度": 2026, "物件番号": 7242, "GIS物件番号": null, "大字コード": 2050, "大字名": "萩原", "小字コード": 10, "小字名": "辺田谷", "__EMPTY": "萩原1294", "本番": 1294, "枝番": "1", "子番": 0, "孫番": false, "付番": false, "所在地番号": "2.05001001294e+28", "農地管理番号": 1, "耕地番号": 42, "所在地名": "萩原辺田谷1294-1", "マッチングさせるデータ": "萩原辺田谷1294-1", "空散対象区分1": 2, "空散対象区分2": null, "空散外面積1": 0, "空散外面積2": false, "集計転作面積": 0, "散布面積1": null, "散布面積2": null, "支払者集落": 0, "支払者集落名": null, "支払者コード": 0, "支払者名": null, "支払者住所": null, "支払者電話番号": null, "農地異動適用法": false, "農地異動適用法名": null, "利用集積計画番号": null, "適用法開始年月日": null, "適用法終了年月日": null, "備考": "石井　哲男", "所有者世帯番号": 2416, "所有者個人番号": 3840, "借受者世帯番号": 2416, "借受者個人番号": 3840, "農地予備数字１": null, "農地予備数字２": null, "農地予備数字３": null, "農地予備数字４": null, "農地予備数字５": null, "農地予備文字１": null, "農地予備文字２": null, "農地予備文字３": null, "農地予備文字４": null, "農地予備文字５": null, "手動一致フラグ": null, "計算面積（アール）": 11, "散布班": "18-①", "地区名": "2026印西市" }, "geometry": { "type": "Polygon", "coordinates": [ [ [ 140.207899878, 35.796702532 ], [ 140.207608091999987, 35.796804259 ], [ 140.207602745, 35.796837521 ], [ 140.207587674, 35.796894692 ], [ 140.207616933999986, 35.797002953 ], [ 140.207651823, 35.796994184 ], [ 140.207658093, 35.797018891 ], [ 140.208086044, 35.796932176 ], [ 140.208072527000013, 35.79686894 ], [ 140.208037405, 35.796780191 ], [ 140.207961232, 35.796725804 ], [ 140.207899878, 35.796702532 ] ] ] } },
{ "type": "Feature", "properties": { "fid": 4380, "daicho_shubetsu_cd": "FUD25", "layer": "筆ポリゴン（2025年公開）_20260708233407", "fid_2": 6433, "事業年度": 2026, "物件番号": 7244, "GIS物件番号": null, "大字コード": 2050, "大字名": "萩原", "小字コード": 10, "小字名": "辺田谷", "__EMPTY": "萩原1296", "本番": 1296, "枝番": "0", "子番": 0, "孫番": false, "付番": false, "所在地番号": "2.05001001296e+28", "農地管理番号": 1, "耕地番号": 43, "所在地名": "萩原辺田谷1296", "マッチングさせるデータ": "萩原辺田谷1296", "空散対象区分1": 2, "空散対象区分2": null, "空散外面積1": 0, "空散外面積2": false, "集計転作面積": 0, "散布面積1": null, "散布面積2": null, "支払者集落": 0, "支払者集落名": null, "支払者コード": 0, "支払者名": null, "支払者住所": null, "支払者電話番号": null, "農地異動適用法": false, "農地異動適用法名": null, "利用集積計画番号": null, "適用法開始年月日": null, "適用法終了年月日": null, "備考": "石井　哲男", "所有者世帯番号": 2416, "所有者個人番号": 3840, "借受者世帯番号": 2416, "借受者個人番号": 3840, "農地予備数字１": null, "農地予備数字２": null, "農地予備数字３": null, "農地予備数字４": null, "農地予備数字５": null, "農地予備文字１": null, "農地予備文字２": null, "農地予備文字３": null, "農地予備文字４": null, "農地予備文字５": null, "手動一致フラグ": null, "計算面積（アール）": 4, "散布班": "18-①", "地区名": "2026印西市" }, "geometry": { "type": "Polygon", "coordinates": [ [ [ 140.207848468, 35.797358745 ], [ 140.207854972, 35.797336285 ], [ 140.207948347000013, 35.79727855 ], [ 140.208008764999988, 35.797240665 ], [ 140.208047244, 35.797223491 ], [ 140.208094533, 35.797205393 ], [ 140.208098885, 35.797193711 ], [ 140.20806453, 35.797150735 ], [ 140.208011441999986, 35.79710692 ], [ 140.207981632000013, 35.79709355 ], [ 140.207949717, 35.79710083 ], [ 140.207855231, 35.797156773 ], [ 140.207783869, 35.797209951 ], [ 140.207772928, 35.797226141 ], [ 140.207771924000014, 35.797246788 ], [ 140.207779736, 35.797268305 ], [ 140.20781078600001, 35.797311291 ], [ 140.207848468, 35.797358745 ] ] ] } },
{ "type": "Feature", "properties": { "fid": 4381, "daicho_shubetsu_cd": "FUD25", "layer": "筆ポリゴン（2025年公開）_20260708233407", "fid_2": 6434, "事業年度": 2026, "物件番号": 7247, "GIS物件番号": null, "大字コード": 2050, "大字名": "萩原", "小字コード": 10, "小字名": "辺田谷", "__EMPTY": "萩原1300", "本番": 1300, "枝番": "0", "子番": 0, "孫番": false, "付番": false, "所在地番号": "2.050010013e+28", "農地管理番号": 1, "耕地番号": 44, "所在地名": "萩原辺田谷1300", "マッチングさせるデータ": "萩原辺田谷1300", "空散対象区分1": 2, "空散対象区分2": null, "空散外面積1": 0, "空散外面積2": false, "集計転作面積": 0, "散布面積1": null, "散布面積2": null, "支払者集落": 0, "支払者集落名": null, "支払者コード": 0, "支払者名": null, "支払者住所": null, "支払者電話番号": null, "農地異動適用法": false, "農地異動適用法名": null, "利用集積計画番号": null, "適用法開始年月日": null, "適用法終了年月日": null, "備考": "石井　哲男", "所有者世帯番号": 2416, "所有者個人番号": 3840, "借受者世帯番号": 2416, "借受者個人番号": 3840, "農地予備数字１": null, "農地予備数字２": null, "農地予備数字３": null, "農地予備数字４": null, "農地予備数字５": null, "農地予備文字１": null, "農地予備文字２": null, "農地予備文字３": null, "農地予備文字４": null, "農地予備文字５": null, "手動一致フラグ": null, "計算面積（アール）": 7, "散布班": "18-①", "地区名": "2026印西市" }, "geometry": { "type": "Polygon", "coordinates": [ [ [ 140.208133993, 35.79763161 ], [ 140.20821087600001, 35.797581107 ], [ 140.208337311, 35.797525064 ], [ 140.208402189999987, 35.797498833 ], [ 140.208398821, 35.79748538 ], [ 140.208346796, 35.797433484 ], [ 140.208268242, 35.797362821 ], [ 140.208225291, 35.797314996 ], [ 140.207974686, 35.79749119 ], [ 140.208133993, 35.79763161 ] ] ] } },
{ "type": "Feature", "properties": { "fid": 4382, "daicho_shubetsu_cd": "FUD25", "layer": "筆ポリゴン（2025年公開）_20260708233407", "fid_2": 6435, "事業年度": 2026, "物件番号": 7249, "GIS物件番号": null, "大字コード": 2050, "大字名": "萩原", "小字コード": 10, "小字名": "辺田谷", "__EMPTY": "萩原1302", "本番": 1302, "枝番": "1", "子番": 0, "孫番": false, "付番": false, "所在地番号": "2.05001001302e+28", "農地管理番号": 1, "耕地番号": 45, "所在地名": "萩原辺田谷1302-1", "マッチングさせるデータ": "萩原辺田谷1302-1", "空散対象区分1": 2, "空散対象区分2": null, "空散外面積1": 0, "空散外面積2": false, "集計転作面積": 0, "散布面積1": null, "散布面積2": null, "支払者集落": 0, "支払者集落名": null, "支払者コード": 0, "支払者名": null, "支払者住所": null, "支払者電話番号": null, "農地異動適用法": false, "農地異動適用法名": null, "利用集積計画番号": null, "適用法開始年月日": null, "適用法終了年月日": null, "備考": "石井　哲男", "所有者世帯番号": 2416, "所有者個人番号": 3840, "借受者世帯番号": 2416, "借受者個人番号": 3840, "農地予備数字１": null, "農地予備数字２": null, "農地予備数字３": null, "農地予備数字４": null, "農地予備数字５": null, "農地予備文字１": null, "農地予備文字２": null, "農地予備文字３": null, "農地予備文字４": null, "農地予備文字５": null, "手動一致フラグ": null, "計算面積（アール）": 3, "散布班": "18-①", "地区名": "2026印西市" }, "geometry": { "type": "Polygon", "coordinates": [ [ [ 140.20792855900001, 35.797386456 ], [ 140.207941196, 35.797397948 ], [ 140.207955615, 35.797418547 ], [ 140.207960098, 35.797434689 ], [ 140.207959131, 35.797463414 ], [ 140.207966906, 35.797476854 ], [ 140.207974686, 35.79749119 ], [ 140.208225291, 35.797314996 ], [ 140.208218404, 35.797307329 ], [ 140.208132143, 35.797237588 ], [ 140.208120206, 35.797229096 ], [ 140.20792855900001, 35.797386456 ] ] ] } },
{ "type": "Feature", "properties": { "fid": 4383, "daicho_shubetsu_cd": "FUD25", "layer": "筆ポリゴン（2025年公開）_20260708233407", "fid_2": 6436, "事業年度": 2026, "物件番号": 7250, "GIS物件番号": null, "大字コード": 2050, "大字名": "萩原", "小字コード": 10, "小字名": "辺田谷", "__EMPTY": "萩原1306", "本番": 1306, "枝番": "0", "子番": 0, "孫番": false, "付番": false, "所在地番号": "2.05001001306e+28", "農地管理番号": 1, "耕地番号": 46, "所在地名": "萩原辺田谷1306", "マッチングさせるデータ": "萩原辺田谷1306", "空散対象区分1": 2, "空散対象区分2": null, "空散外面積1": 0, "空散外面積2": false, "集計転作面積": 0, "散布面積1": null, "散布面積2": null, "支払者集落": 0, "支払者集落名": null, "支払者コード": 0, "支払者名": null, "支払者住所": null, "支払者電話番号": null, "農地異動適用法": false, "農地異動適用法名": null, "利用集積計画番号": null, "適用法開始年月日": null, "適用法終了年月日": null, "備考": "石井　哲男", "所有者世帯番号": 2416, "所有者個人番号": 3840, "借受者世帯番号": 2416, "借受者個人番号": 3840, "農地予備数字１": null, "農地予備数字２": null, "農地予備数字３": null, "農地予備数字４": null, "農地予備数字５": null, "農地予備文字１": null, "農地予備文字２": null, "農地予備文字３": null, "農地予備文字４": null, "農地予備文字５": null, "手動一致フラグ": null, "計算面積（アール）": 8, "散布班": "18-①", "地区名": "2026印西市" }, "geometry": { "type": "Polygon", "coordinates": [ [ [ 140.208331672000014, 35.797901065 ], [ 140.208487555, 35.797839994 ], [ 140.208536981, 35.79780527 ], [ 140.208585655, 35.797847303 ], [ 140.208651572, 35.797807605 ], [ 140.20874030600001, 35.79776638 ], [ 140.208689739, 35.797724013 ], [ 140.208547057, 35.797605083 ], [ 140.208227884, 35.797770375 ], [ 140.208236088, 35.797779282 ], [ 140.208331672000014, 35.797901065 ] ] ] } },
{ "type": "Feature", "properties": { "fid": 4384, "daicho_shubetsu_cd": "FUD25", "layer": "筆ポリゴン（2025年公開）_20260708233407", "fid_2": 6439, "事業年度": 2026, "物件番号": 7255, "GIS物件番号": null, "大字コード": 2050, "大字名": "萩原", "小字コード": 10, "小字名": "辺田谷", "__EMPTY": "萩原1311", "本番": 1311, "枝番": "0", "子番": 0, "孫番": false, "付番": false, "所在地番号": "2.05001001311e+28", "農地管理番号": 1, "耕地番号": 49, "所在地名": "萩原辺田谷1311", "マッチングさせるデータ": "萩原辺田谷1311", "空散対象区分1": 2, "空散対象区分2": null, "空散外面積1": 0, "空散外面積2": false, "集計転作面積": 0, "散布面積1": null, "散布面積2": null, "支払者集落": 0, "支払者集落名": null, "支払者コード": 0, "支払者名": null, "支払者住所": null, "支払者電話番号": null, "農地異動適用法": false, "農地異動適用法名": null, "利用集積計画番号": null, "適用法開始年月日": null, "適用法終了年月日": null, "備考": "石井　哲男", "所有者世帯番号": 2416, "所有者個人番号": 3840, "借受者世帯番号": 2416, "借受者個人番号": 3840, "農地予備数字１": null, "農地予備数字２": null, "農地予備数字３": null, "農地予備数字４": null, "農地予備数字５": null, "農地予備文字１": null, "農地予備文字２": null, "農地予備文字３": null, "農地予備文字４": null, "農地予備文字５": null, "手動一致フラグ": null, "計算面積（アール）": 3, "散布班": "18-①", "地区名": "2026印西市" }, "geometry": { "type": "Polygon", "coordinates": [ [ [ 140.20874030600001, 35.79776638 ], [ 140.208651572, 35.797807605 ], [ 140.208585655, 35.797847303 ], [ 140.208565934, 35.797870702 ], [ 140.208690952000012, 35.797981609 ], [ 140.208752482, 35.797946411 ], [ 140.208807467000014, 35.797924699 ], [ 140.208861362, 35.797905682 ], [ 140.208866841, 35.797899381 ], [ 140.208750574, 35.797774984 ], [ 140.20874030600001, 35.79776638 ] ] ] } },
{ "type": "Feature", "properties": { "fid": 4385, "daicho_shubetsu_cd": "FUD25", "layer": "筆ポリゴン（2025年公開）_20260708233407", "fid_2": 6440, "事業年度": 2026, "物件番号": 7264, "GIS物件番号": null, "大字コード": 2050, "大字名": "萩原", "小字コード": 10, "小字名": "辺田谷", "__EMPTY": "萩原1322", "本番": 1322, "枝番": "1", "子番": 0, "孫番": false, "付番": false, "所在地番号": "2.05001001322e+28", "農地管理番号": 1, "耕地番号": 50, "所在地名": "萩原辺田谷1322-1", "マッチングさせるデータ": "萩原辺田谷1322-1", "空散対象区分1": 2, "空散対象区分2": null, "空散外面積1": 0, "空散外面積2": false, "集計転作面積": 0, "散布面積1": null, "散布面積2": null, "支払者集落": 0, "支払者集落名": null, "支払者コード": 0, "支払者名": null, "支払者住所": null, "支払者電話番号": null, "農地異動適用法": false, "農地異動適用法名": null, "利用集積計画番号": null, "適用法開始年月日": null, "適用法終了年月日": null, "備考": "石井　哲男", "所有者世帯番号": 2416, "所有者個人番号": 3840, "借受者世帯番号": 2416, "借受者個人番号": 3840, "農地予備数字１": null, "農地予備数字２": null, "農地予備数字３": null, "農地予備数字４": null, "農地予備数字５": null, "農地予備文字１": null, "農地予備文字２": null, "農地予備文字３": null, "農地予備文字４": null, "農地予備文字５": null, "手動一致フラグ": null, "計算面積（アール）": 7, "散布班": "18-①", "地区名": "2026印西市" }, "geometry": { "type": "Polygon", "coordinates": [ [ [ 140.20928651700001, 35.798604371 ], [ 140.209430508999986, 35.798530792 ], [ 140.209472349, 35.798509412 ], [ 140.209206836, 35.798242008 ], [ 140.209038281, 35.798324586 ], [ 140.209074144, 35.798350942 ], [ 140.209110031, 35.798382591 ], [ 140.20928651700001, 35.798604371 ] ] ] } },
{ "type": "Feature", "properties": { "fid": 4386, "daicho_shubetsu_cd": "FUD25", "layer": "筆ポリゴン（2025年公開）_20260708233407", "fid_2": 6444, "事業年度": 2026, "物件番号": 6855, "GIS物件番号": null, "大字コード": 2050, "大字名": "萩原", "小字コード": 4, "小字名": "株木下", "__EMPTY": "萩原3161", "本番": 3161, "枝番": "1", "子番": 0, "孫番": false, "付番": false, "所在地番号": "2.05000403161e+28", "農地管理番号": 1, "耕地番号": 41, "所在地名": "萩原株木下3161-1", "マッチングさせるデータ": "萩原株木下3161-1", "空散対象区分1": 2, "空散対象区分2": null, "空散外面積1": 0, "空散外面積2": false, "集計転作面積": 0, "散布面積1": null, "散布面積2": null, "支払者集落": 0, "支払者集落名": null, "支払者コード": 0, "支払者名": null, "支払者住所": null, "支払者電話番号": null, "農地異動適用法": false, "農地異動適用法名": null, "利用集積計画番号": null, "適用法開始年月日": null, "適用法終了年月日": null, "備考": "平山　靜一", "所有者世帯番号": 2109, "所有者個人番号": 4211, "借受者世帯番号": 2405, "借受者個人番号": 4022, "農地予備数字１": null, "農地予備数字２": null, "農地予備数字３": null, "農地予備数字４": null, "農地予備数字５": null, "農地予備文字１": null, "農地予備文字２": null, "農地予備文字３": null, "農地予備文字４": null, "農地予備文字５": null, "手動一致フラグ": null, "計算面積（アール）": 8, "散布班": "18-④", "地区名": "2026印西市" }, "geometry": { "type": "Polygon", "coordinates": [ [ [ 140.220995351957356, 35.799050525372088 ], [ 140.220420346044023, 35.79958557619176 ], [ 140.220504556, 35.799644391 ], [ 140.220976719, 35.799218372 ], [ 140.221067153, 35.79915369 ], [ 140.221055281, 35.799120341 ], [ 140.221028725999986, 35.7990775 ], [ 140.220995351957356, 35.799050525372088 ] ] ] } },
{ "type": "Feature", "properties": { "fid": 4387, "daicho_shubetsu_cd": "FUD25", "layer": "筆ポリゴン（2025年公開）_20260708233407", "fid_2": 6445, "事業年度": 2026, "物件番号": 6856, "GIS物件番号": null, "大字コード": 2050, "大字名": "萩原", "小字コード": 4, "小字名": "株木下", "__EMPTY": "萩原3161", "本番": 3161, "枝番": "2", "子番": 0, "孫番": false, "付番": false, "所在地番号": "2.05000403161e+28", "農地管理番号": 1, "耕地番号": 42, "所在地名": "萩原株木下3161-2", "マッチングさせるデータ": "萩原株木下3161-2", "空散対象区分1": 2, "空散対象区分2": null, "空散外面積1": 0, "空散外面積2": false, "集計転作面積": 0, "散布面積1": null, "散布面積2": null, "支払者集落": 0, "支払者集落名": null, "支払者コード": 0, "支払者名": null, "支払者住所": null, "支払者電話番号": null, "農地異動適用法": false, "農地異動適用法名": null, "利用集積計画番号": null, "適用法開始年月日": null, "適用法終了年月日": null, "備考": "平山　靜一", "所有者世帯番号": 2109, "所有者個人番号": 4211, "借受者世帯番号": 2405, "借受者個人番号": 4022, "農地予備数字１": null, "農地予備数字２": null, "農地予備数字３": null, "農地予備数字４": null, "農地予備数字５": null, "農地予備文字１": null, "農地予備文字２": null, "農地予備文字３": null, "農地予備文字４": null, "農地予備文字５": null, "手動一致フラグ": null, "計算面積（アール）": 13, "散布班": "18-④", "地区名": "2026印西市" }, "geometry": { "type": "Polygon", "coordinates": [ [ [ 140.220420346044023, 35.79958557619176 ], [ 140.220995351957356, 35.799050525372088 ], [ 140.220859628398671, 35.798940826570025 ], [ 140.220293117204193, 35.799496715679609 ], [ 140.220420346044023, 35.79958557619176 ] ] ] } },
{ "type": "Feature", "properties": { "fid": 4388, "daicho_shubetsu_cd": "FUD25", "layer": "筆ポリゴン（2025年公開）_20260708233407", "fid_2": 6446, "事業年度": 2026, "物件番号": 6857, "GIS物件番号": null, "大字コード": 2050, "大字名": "萩原", "小字コード": 4, "小字名": "株木下", "__EMPTY": "萩原3161", "本番": 3161, "枝番": "3", "子番": 0, "孫番": false, "付番": false, "所在地番号": "2.05000403161e+28", "農地管理番号": 1, "耕地番号": 43, "所在地名": "萩原株木下3161-3", "マッチングさせるデータ": "萩原株木下3161-3", "空散対象区分1": 2, "空散対象区分2": null, "空散外面積1": 0, "空散外面積2": false, "集計転作面積": 0, "散布面積1": null, "散布面積2": null, "支払者集落": 0, "支払者集落名": null, "支払者コード": 0, "支払者名": null, "支払者住所": null, "支払者電話番号": null, "農地異動適用法": false, "農地異動適用法名": null, "利用集積計画番号": null, "適用法開始年月日": null, "適用法終了年月日": null, "備考": "平山　靜一", "所有者世帯番号": 2109, "所有者個人番号": 4211, "借受者世帯番号": 2405, "借受者個人番号": 4022, "農地予備数字１": null, "農地予備数字２": null, "農地予備数字３": null, "農地予備数字４": null, "農地予備数字５": null, "農地予備文字１": null, "農地予備文字２": null, "農地予備文字３": null, "農地予備文字４": null, "農地予備文字５": null, "手動一致フラグ": null, "計算面積（アール）": 3, "散布班": "18-④", "地区名": "2026印西市" }, "geometry": { "type": "Polygon", "coordinates": [ [ [ 140.220293117204193, 35.799496715679609 ], [ 140.220859628398671, 35.798940826570025 ], [ 140.220831822, 35.798918352 ], [ 140.220266634000012, 35.799478219 ], [ 140.220293117204193, 35.799496715679609 ] ] ] } },
{ "type": "Feature", "properties": { "fid": 4389, "daicho_shubetsu_cd": "FUD25", "layer": "筆ポリゴン（2025年公開）_20260708233407", "fid_2": 6447, "事業年度": 2026, "物件番号": 6986, "GIS物件番号": null, "大字コード": 2050, "大字名": "萩原", "小字コード": 6, "小字名": "城内下", "__EMPTY": "萩原3293", "本番": 3293, "枝番": "0", "子番": 0, "孫番": false, "付番": false, "所在地番号": "2.05000603293e+28", "農地管理番号": 1, "耕地番号": 151, "所在地名": "萩原城内下3293", "マッチングさせるデータ": "萩原城内下3293", "空散対象区分1": 2, "空散対象区分2": null, "空散外面積1": 0, "空散外面積2": false, "集計転作面積": 0, "散布面積1": null, "散布面積2": null, "支払者集落": 0, "支払者集落名": null, "支払者コード": 0, "支払者名": null, "支払者住所": null, "支払者電話番号": null, "農地異動適用法": false, "農地異動適用法名": null, "利用集積計画番号": null, "適用法開始年月日": null, "適用法終了年月日": null, "備考": "岩井　喜代治", "所有者世帯番号": 2307, "所有者個人番号": 3815, "借受者世帯番号": 2405, "借受者個人番号": 4022, "農地予備数字１": null, "農地予備数字２": null, "農地予備数字３": null, "農地予備数字４": null, "農地予備数字５": null, "農地予備文字１": null, "農地予備文字２": null, "農地予備文字３": null, "農地予備文字４": null, "農地予備文字５": null, "手動一致フラグ": null, "計算面積（アール）": 21, "散布班": "18-①", "地区名": "2026印西市" }, "geometry": { "type": "Polygon", "coordinates": [ [ [ 140.214402782, 35.802742789 ], [ 140.214460568, 35.802924968 ], [ 140.215551710999989, 35.802698565 ], [ 140.215494647000014, 35.80252554 ], [ 140.214402782, 35.802742789 ] ] ] } },
{ "type": "Feature", "properties": { "fid": 4390, "daicho_shubetsu_cd": "FUD25", "layer": "筆ポリゴン（2025年公開）_20260708233407", "fid_2": 6448, "事業年度": 2026, "物件番号": 6987, "GIS物件番号": null, "大字コード": 2050, "大字名": "萩原", "小字コード": 6, "小字名": "城内下", "__EMPTY": "萩原3294", "本番": 3294, "枝番": "0", "子番": 0, "孫番": false, "付番": false, "所在地番号": "2.05000603294e+28", "農地管理番号": 1, "耕地番号": 152, "所在地名": "萩原城内下3294", "マッチングさせるデータ": "萩原城内下3294", "空散対象区分1": 2, "空散対象区分2": null, "空散外面積1": 0, "空散外面積2": false, "集計転作面積": 0, "散布面積1": null, "散布面積2": null, "支払者集落": 0, "支払者集落名": null, "支払者コード": 0, "支払者名": null, "支払者住所": null, "支払者電話番号": null, "農地異動適用法": false, "農地異動適用法名": null, "利用集積計画番号": null, "適用法開始年月日": null, "適用法終了年月日": null, "備考": "岩井　喜代治", "所有者世帯番号": 2307, "所有者個人番号": 3815, "借受者世帯番号": 2405, "借受者個人番号": 4022, "農地予備数字１": null, "農地予備数字２": null, "農地予備数字３": null, "農地予備数字４": null, "農地予備数字５": null, "農地予備文字１": null, "農地予備文字２": null, "農地予備文字３": null, "農地予備文字４": null, "農地予備文字５": null, "手動一致フラグ": null, "計算面積（アール）": 15, "散布班": "18-①", "地区名": "2026印西市" }, "geometry": { "type": "Polygon", "coordinates": [ [ [ 140.214352983, 35.80261719 ], [ 140.214402782, 35.802742789 ], [ 140.215494647000014, 35.80252554 ], [ 140.215458020999989, 35.802391444 ], [ 140.214352983, 35.80261719 ] ] ] } },
{ "type": "Feature", "properties": { "fid": 4391, "daicho_shubetsu_cd": "FUD25", "layer": "筆ポリゴン（2025年公開）_20260708233407", "fid_2": 6449, "事業年度": 2026, "物件番号": 6988, "GIS物件番号": null, "大字コード": 2050, "大字名": "萩原", "小字コード": 6, "小字名": "城内下", "__EMPTY": "萩原3295", "本番": 3295, "枝番": "0", "子番": 0, "孫番": false, "付番": false, "所在地番号": "2.05000603295e+28", "農地管理番号": 1, "耕地番号": 60, "所在地名": "萩原城内下3295", "マッチングさせるデータ": "萩原城内下3295", "空散対象区分1": 2, "空散対象区分2": null, "空散外面積1": 0, "空散外面積2": false, "集計転作面積": 0, "散布面積1": null, "散布面積2": null, "支払者集落": 0, "支払者集落名": null, "支払者コード": 0, "支払者名": null, "支払者住所": null, "支払者電話番号": null, "農地異動適用法": false, "農地異動適用法名": null, "利用集積計画番号": null, "適用法開始年月日": null, "適用法終了年月日": null, "備考": "大野　光威", "所有者世帯番号": 2308, "所有者個人番号": 3984, "借受者世帯番号": 2405, "借受者個人番号": 4022, "農地予備数字１": null, "農地予備数字２": null, "農地予備数字３": null, "農地予備数字４": null, "農地予備数字５": null, "農地予備文字１": null, "農地予備文字２": null, "農地予備文字３": null, "農地予備文字４": null, "農地予備文字５": null, "手動一致フラグ": null, "計算面積（アール）": 17, "散布班": "18-①", "地区名": "2026印西市" }, "geometry": { "type": "Polygon", "coordinates": [ [ [ 140.214357376, 35.802463754 ], [ 140.214316018, 35.80250479 ], [ 140.214352983, 35.80261719 ], [ 140.215458020999989, 35.802391444 ], [ 140.215409636, 35.80224534 ], [ 140.214357376, 35.802463754 ] ] ] } },
{ "type": "Feature", "properties": { "fid": 4392, "daicho_shubetsu_cd": "FUD25", "layer": "筆ポリゴン（2025年公開）_20260708233407", "fid_2": 6450, "事業年度": 2026, "物件番号": 6989, "GIS物件番号": null, "大字コード": 2050, "大字名": "萩原", "小字コード": 6, "小字名": "城内下", "__EMPTY": "萩原3296", "本番": 3296, "枝番": "1", "子番": 0, "孫番": false, "付番": false, "所在地番号": "2.05000603296e+28", "農地管理番号": 1, "耕地番号": 61, "所在地名": "萩原城内下3296-1", "マッチングさせるデータ": "萩原城内下3296-1", "空散対象区分1": 2, "空散対象区分2": null, "空散外面積1": 0, "空散外面積2": false, "集計転作面積": 0, "散布面積1": null, "散布面積2": null, "支払者集落": 0, "支払者集落名": null, "支払者コード": 0, "支払者名": null, "支払者住所": null, "支払者電話番号": null, "農地異動適用法": false, "農地異動適用法名": null, "利用集積計画番号": null, "適用法開始年月日": null, "適用法終了年月日": null, "備考": "大野　光威", "所有者世帯番号": 2308, "所有者個人番号": 3984, "借受者世帯番号": 2405, "借受者個人番号": 4022, "農地予備数字１": null, "農地予備数字２": null, "農地予備数字３": null, "農地予備数字４": null, "農地予備数字５": null, "農地予備文字１": null, "農地予備文字２": null, "農地予備文字３": null, "農地予備文字４": null, "農地予備文字５": null, "手動一致フラグ": null, "計算面積（アール）": 25, "散布班": "18-①", "地区名": "2026印西市" }, "geometry": { "type": "Polygon", "coordinates": [ [ [ 140.214311864, 35.802239152 ], [ 140.214314879999989, 35.802266424 ], [ 140.214256053000014, 35.802275073 ], [ 140.214310635, 35.802465314 ], [ 140.214357376, 35.802463754 ], [ 140.215409636, 35.80224534 ], [ 140.215337424000012, 35.802027288 ], [ 140.215238846, 35.802050875 ], [ 140.214311864, 35.802239152 ] ] ] } },
{ "type": "Feature", "properties": { "fid": 4393, "daicho_shubetsu_cd": "FUD25", "layer": "筆ポリゴン（2025年公開）_20260708233407", "fid_2": 6452, "事業年度": 2026, "物件番号": 6994, "GIS物件番号": null, "大字コード": 2050, "大字名": "萩原", "小字コード": 6, "小字名": "城内下", "__EMPTY": "萩原3299", "本番": 3299, "枝番": "0", "子番": 0, "孫番": false, "付番": false, "所在地番号": "2.05000603299e+28", "農地管理番号": 1, "耕地番号": 21, "所在地名": "萩原城内下3299", "マッチングさせるデータ": "萩原城内下3299", "空散対象区分1": 2, "空散対象区分2": null, "空散外面積1": 0, "空散外面積2": false, "集計転作面積": 299, "散布面積1": 0, "散布面積2": false, "支払者集落": 0, "支払者集落名": null, "支払者コード": 0, "支払者名": null, "支払者住所": null, "支払者電話番号": null, "農地異動適用法": false, "農地異動適用法名": null, "利用集積計画番号": null, "適用法開始年月日": null, "適用法終了年月日": null, "備考": "岩井　澄夫", "所有者世帯番号": 2259, "所有者個人番号": 3786, "借受者世帯番号": 2405, "借受者個人番号": 4022, "農地予備数字１": null, "農地予備数字２": null, "農地予備数字３": null, "農地予備数字４": null, "農地予備数字５": null, "農地予備文字１": null, "農地予備文字２": null, "農地予備文字３": null, "農地予備文字４": null, "農地予備文字５": null, "手動一致フラグ": null, "計算面積（アール）": 29, "散布班": "18-①", "地区名": "2026印西市" }, "geometry": { "type": "Polygon", "coordinates": [ [ [ 140.214143127999989, 35.801393156 ], [ 140.214137658999988, 35.801414045 ], [ 140.213999277, 35.801441282 ], [ 140.214077485, 35.801683579 ], [ 140.215030905, 35.801484614 ], [ 140.215153372, 35.801459057 ], [ 140.215074089000012, 35.801202277 ], [ 140.214143127999989, 35.801393156 ] ] ] } },
{ "type": "Feature", "properties": { "fid": 4394, "daicho_shubetsu_cd": "FUD25", "layer": "筆ポリゴン（2025年公開）_20260708233407", "fid_2": 6453, "事業年度": 2026, "物件番号": 6999, "GIS物件番号": null, "大字コード": 2050, "大字名": "萩原", "小字コード": 6, "小字名": "城内下", "__EMPTY": "萩原3303", "本番": 3303, "枝番": "0", "子番": 0, "孫番": false, "付番": false, "所在地番号": "2.05000603303e+28", "農地管理番号": 1, "耕地番号": 105, "所在地名": "萩原城内下3303", "マッチングさせるデータ": "萩原城内下3303", "空散対象区分1": 2, "空散対象区分2": null, "空散外面積1": 0, "空散外面積2": false, "集計転作面積": 0, "散布面積1": null, "散布面積2": null, "支払者集落": 0, "支払者集落名": null, "支払者コード": 0, "支払者名": null, "支払者住所": null, "支払者電話番号": null, "農地異動適用法": false, "農地異動適用法名": null, "利用集積計画番号": null, "適用法開始年月日": null, "適用法終了年月日": null, "備考": "吉岡　正晴", "所有者世帯番号": 2412, "所有者個人番号": 4271, "借受者世帯番号": 2405, "借受者個人番号": 4022, "農地予備数字１": null, "農地予備数字２": null, "農地予備数字３": null, "農地予備数字４": null, "農地予備数字５": null, "農地予備文字１": null, "農地予備文字２": null, "農地予備文字３": null, "農地予備文字４": null, "農地予備文字５": null, "手動一致フラグ": null, "計算面積（アール）": 24, "散布班": "18-①", "地区名": "2026印西市" }, "geometry": { "type": "Polygon", "coordinates": [ [ [ 140.214130307, 35.800573701 ], [ 140.21396658, 35.800604888 ], [ 140.213989133000013, 35.800847349 ], [ 140.214029501999988, 35.800858755 ], [ 140.214583112000014, 35.800742391 ], [ 140.21491103, 35.800674151 ], [ 140.21483213, 35.800418603 ], [ 140.214130307, 35.800573701 ] ] ] } },
{ "type": "Feature", "properties": { "fid": 4395, "daicho_shubetsu_cd": "FUD25", "layer": "筆ポリゴン（2025年公開）_20260708233407", "fid_2": 6454, "事業年度": 2026, "物件番号": 7006, "GIS物件番号": null, "大字コード": 2050, "大字名": "萩原", "小字コード": 6, "小字名": "城内下", "__EMPTY": "萩原3323", "本番": 3323, "枝番": "0", "子番": 0, "孫番": false, "付番": false, "所在地番号": "2.05000603323e+28", "農地管理番号": 1, "耕地番号": 166, "所在地名": "萩原城内下3323", "マッチングさせるデータ": "萩原城内下3323", "空散対象区分1": 2, "空散対象区分2": null, "空散外面積1": 0, "空散外面積2": false, "集計転作面積": 0, "散布面積1": null, "散布面積2": null, "支払者集落": 0, "支払者集落名": null, "支払者コード": 0, "支払者名": null, "支払者住所": null, "支払者電話番号": null, "農地異動適用法": false, "農地異動適用法名": null, "利用集積計画番号": null, "適用法開始年月日": null, "適用法終了年月日": null, "備考": "岩井　喜代治", "所有者世帯番号": 2307, "所有者個人番号": 3815, "借受者世帯番号": 2405, "借受者個人番号": 4022, "農地予備数字１": null, "農地予備数字２": null, "農地予備数字３": null, "農地予備数字４": null, "農地予備数字５": null, "農地予備文字１": null, "農地予備文字２": null, "農地予備文字３": null, "農地予備文字４": null, "農地予備文字５": null, "手動一致フラグ": null, "計算面積（アール）": 17, "散布班": "18-①", "地区名": "2026印西市" }, "geometry": { "type": "Polygon", "coordinates": [ [ [ 140.213007082, 35.800152058 ], [ 140.212987633000012, 35.800143335 ], [ 140.212918678, 35.800154094 ], [ 140.212892876000012, 35.800169987 ], [ 140.212798227, 35.800219475 ], [ 140.21267777700001, 35.800284855 ], [ 140.212580971, 35.80033435 ], [ 140.212496963, 35.80035394 ], [ 140.21245818, 35.800361089 ], [ 140.212539137, 35.800606782 ], [ 140.212952403, 35.800529209 ], [ 140.213062689999987, 35.800508507 ], [ 140.213007082, 35.800152058 ] ] ] } },
{ "type": "Feature", "properties": { "fid": 4396, "daicho_shubetsu_cd": "FUD25", "layer": "筆ポリゴン（2025年公開）_20260708233407", "fid_2": 6455, "事業年度": 2026, "物件番号": 7008, "GIS物件番号": null, "大字コード": 2050, "大字名": "萩原", "小字コード": 6, "小字名": "城内下", "__EMPTY": "萩原3325", "本番": 3325, "枝番": "0", "子番": 0, "孫番": false, "付番": false, "所在地番号": "2.05000603325e+28", "農地管理番号": 1, "耕地番号": 63, "所在地名": "萩原城内下3325", "マッチングさせるデータ": "萩原城内下3325", "空散対象区分1": 2, "空散対象区分2": null, "空散外面積1": 292, "空散外面積2": false, "集計転作面積": 84, "散布面積1": 0, "散布面積2": false, "支払者集落": 0, "支払者集落名": null, "支払者コード": 0, "支払者名": null, "支払者住所": null, "支払者電話番号": null, "農地異動適用法": false, "農地異動適用法名": null, "利用集積計画番号": null, "適用法開始年月日": null, "適用法終了年月日": null, "備考": "大野　光威", "所有者世帯番号": 2308, "所有者個人番号": 3984, "借受者世帯番号": 2405, "借受者個人番号": 4022, "農地予備数字１": null, "農地予備数字２": null, "農地予備数字３": null, "農地予備数字４": null, "農地予備数字５": null, "農地予備文字１": null, "農地予備文字２": null, "農地予備文字３": null, "農地予備文字４": null, "農地予備文字５": null, "手動一致フラグ": null, "計算面積（アール）": 13, "散布班": "18-①", "地区名": "2026印西市" }, "geometry": { "type": "Polygon", "coordinates": [ [ [ 140.212626970188921, 35.800901447651725 ], [ 140.212644463, 35.800958368 ], [ 140.212696732000012, 35.801128631 ], [ 140.213256410000014, 35.801012373 ], [ 140.213250378, 35.800972723 ], [ 140.213224273, 35.800929623 ], [ 140.213161402, 35.80085955 ], [ 140.213133985242337, 35.80080652702528 ], [ 140.212626970188921, 35.800901447651725 ] ] ] } },
{ "type": "Feature", "properties": { "fid": 4397, "daicho_shubetsu_cd": "FUD25", "layer": "筆ポリゴン（2025年公開）_20260708233407", "fid_2": 6456, "事業年度": 2026, "物件番号": 0, "GIS物件番号": false, "大字コード": 2050, "大字名": "萩原", "小字コード": 6, "小字名": "城内下", "__EMPTY": "萩原3326", "本番": 3326, "枝番": "0", "子番": 0, "孫番": false, "付番": false, "所在地番号": "2.05000603326e+28", "農地管理番号": 1, "耕地番号": 123, "所在地名": "萩原城内下3326", "マッチングさせるデータ": "萩原城内下3326", "空散対象区分1": 2, "空散対象区分2": null, "空散外面積1": 0, "空散外面積2": false, "集計転作面積": 1237, "散布面積1": 0, "散布面積2": false, "支払者集落": 0, "支払者集落名": null, "支払者コード": 0, "支払者名": null, "支払者住所": null, "支払者電話番号": null, "農地異動適用法": false, "農地異動適用法名": null, "利用集積計画番号": null, "適用法開始年月日": null, "適用法終了年月日": null, "備考": null, "所有者世帯番号": 0, "所有者個人番号": 0, "借受者世帯番号": 0, "借受者個人番号": 0, "農地予備数字１": null, "農地予備数字２": null, "農地予備数字３": null, "農地予備数字４": null, "農地予備数字５": null, "農地予備文字１": null, "農地予備文字２": null, "農地予備文字３": null, "農地予備文字４": null, "農地予備文字５": null, "手動一致フラグ": null, "計算面積（アール）": 16, "散布班": "18-①", "地区名": "2026印西市" }, "geometry": { "type": "Polygon", "coordinates": [ [ [ 140.213582059, 35.801089096 ], [ 140.213816206131924, 35.801041898469315 ], [ 140.213779025, 35.800924438 ], [ 140.213444426, 35.800952643 ], [ 140.213419752, 35.800954732 ], [ 140.213310729, 35.800966184 ], [ 140.213250378, 35.800972723 ], [ 140.213256410000014, 35.801012373 ], [ 140.212696732000012, 35.801128631 ], [ 140.212739019, 35.801266375 ], [ 140.213481436, 35.801110256 ], [ 140.213582059, 35.801089096 ] ] ] } },
{ "type": "Feature", "properties": { "fid": 4398, "daicho_shubetsu_cd": "FUD25", "layer": "筆ポリゴン（2025年公開）_20260708233407", "fid_2": 6457, "事業年度": 2026, "物件番号": 0, "GIS物件番号": false, "大字コード": 2050, "大字名": "萩原", "小字コード": 6, "小字名": "城内下", "__EMPTY": "萩原3327", "本番": 3327, "枝番": "0", "子番": 0, "孫番": false, "付番": false, "所在地番号": "2.05000603327e+28", "農地管理番号": 1, "耕地番号": 124, "所在地名": "萩原城内下3327", "マッチングさせるデータ": "萩原城内下3327", "空散対象区分1": 2, "空散対象区分2": null, "空散外面積1": 0, "空散外面積2": false, "集計転作面積": 458, "散布面積1": 0, "散布面積2": false, "支払者集落": 0, "支払者集落名": null, "支払者コード": 0, "支払者名": null, "支払者住所": null, "支払者電話番号": null, "農地異動適用法": false, "農地異動適用法名": null, "利用集積計画番号": null, "適用法開始年月日": null, "適用法終了年月日": null, "備考": null, "所有者世帯番号": 0, "所有者個人番号": 0, "借受者世帯番号": 0, "借受者個人番号": 0, "農地予備数字１": null, "農地予備数字２": null, "農地予備数字３": null, "農地予備数字４": null, "農地予備数字５": null, "農地予備文字１": null, "農地予備文字２": null, "農地予備文字３": null, "農地予備文字４": null, "農地予備文字５": null, "手動一致フラグ": null, "計算面積（アール）": 15, "散布班": "18-①", "地区名": "2026印西市" }, "geometry": { "type": "Polygon", "coordinates": [ [ [ 140.213582059, 35.801089096 ], [ 140.213481436, 35.801110256 ], [ 140.212739019, 35.801266375 ], [ 140.212779259, 35.801397454 ], [ 140.213623724, 35.801224283 ], [ 140.213790956, 35.801189989 ], [ 140.213859802, 35.801179624 ], [ 140.213816206131924, 35.801041898469315 ], [ 140.213582059, 35.801089096 ] ] ] } },
{ "type": "Feature", "properties": { "fid": 4399, "daicho_shubetsu_cd": "FUD25", "layer": "筆ポリゴン（2025年公開）_20260708233407", "fid_2": 6458, "事業年度": 2026, "物件番号": 7020, "GIS物件番号": null, "大字コード": 2050, "大字名": "萩原", "小字コード": 6, "小字名": "城内下", "__EMPTY": "萩原3338", "本番": 3338, "枝番": "0", "子番": 0, "孫番": false, "付番": false, "所在地番号": "2.05000603338e+28", "農地管理番号": 1, "耕地番号": 150, "所在地名": "萩原城内下3338", "マッチングさせるデータ": "萩原城内下3338", "空散対象区分1": 2, "空散対象区分2": null, "空散外面積1": 0, "空散外面積2": false, "集計転作面積": 0, "散布面積1": null, "散布面積2": null, "支払者集落": 0, "支払者集落名": null, "支払者コード": 0, "支払者名": null, "支払者住所": null, "支払者電話番号": null, "農地異動適用法": false, "農地異動適用法名": null, "利用集積計画番号": null, "適用法開始年月日": null, "適用法終了年月日": null, "備考": "高嶋　茂", "所有者世帯番号": 2461, "所有者個人番号": 4115, "借受者世帯番号": 2405, "借受者個人番号": 4022, "農地予備数字１": null, "農地予備数字２": null, "農地予備数字３": null, "農地予備数字４": null, "農地予備数字５": null, "農地予備文字１": null, "農地予備文字２": null, "農地予備文字３": null, "農地予備文字４": null, "農地予備文字５": null, "手動一致フラグ": null, "計算面積（アール）": 28, "散布班": "18-①", "地区名": "2026印西市" }, "geometry": { "type": "Polygon", "coordinates": [ [ [ 140.213347236, 35.803237496 ], [ 140.214397666, 35.803026147 ], [ 140.214387885, 35.802996725 ], [ 140.214421515, 35.802989576 ], [ 140.214356212000013, 35.802775039 ], [ 140.213271395, 35.802994381 ], [ 140.213347236, 35.803237496 ] ] ] } },
{ "type": "Feature", "properties": { "fid": 4400, "daicho_shubetsu_cd": "FUD25", "layer": "筆ポリゴン（2025年公開）_20260708233407", "fid_2": 6459, "事業年度": 2026, "物件番号": 7034, "GIS物件番号": null, "大字コード": 2050, "大字名": "萩原", "小字コード": 6, "小字名": "城内下", "__EMPTY": "萩原3356", "本番": 3356, "枝番": "0", "子番": 0, "孫番": false, "付番": false, "所在地番号": "2.05000603356e+28", "農地管理番号": 1, "耕地番号": 1, "所在地名": "萩原城内下3356", "マッチングさせるデータ": "萩原城内下3356", "空散対象区分1": 2, "空散対象区分2": null, "空散外面積1": 0, "空散外面積2": false, "集計転作面積": 0, "散布面積1": null, "散布面積2": null, "支払者集落": 0, "支払者集落名": null, "支払者コード": 0, "支払者名": null, "支払者住所": null, "支払者電話番号": null, "農地異動適用法": false, "農地異動適用法名": null, "利用集積計画番号": null, "適用法開始年月日": null, "適用法終了年月日": null, "備考": "金子　惠一", "所有者世帯番号": 2405, "所有者個人番号": 4022, "借受者世帯番号": 2405, "借受者個人番号": 4022, "農地予備数字１": null, "農地予備数字２": null, "農地予備数字３": null, "農地予備数字４": null, "農地予備数字５": null, "農地予備文字１": null, "農地予備文字２": null, "農地予備文字３": null, "農地予備文字４": null, "農地予備文字５": null, "手動一致フラグ": null, "計算面積（アール）": 14, "散布班": "18-①", "地区名": "2026印西市" }, "geometry": { "type": "Polygon", "coordinates": [ [ [ 140.213137882000012, 35.802675308 ], [ 140.213104514, 35.802557814 ], [ 140.21200726, 35.80278371 ], [ 140.212038654, 35.802881479 ], [ 140.212067951, 35.802875395 ], [ 140.212074386000012, 35.802893971 ], [ 140.213137882000012, 35.802675308 ] ] ] } },
{ "type": "Feature", "properties": { "fid": 4401, "daicho_shubetsu_cd": "FUD25", "layer": "筆ポリゴン（2025年公開）_20260708233407", "fid_2": 6460, "事業年度": 2026, "物件番号": 7035, "GIS物件番号": null, "大字コード": 2050, "大字名": "萩原", "小字コード": 6, "小字名": "城内下", "__EMPTY": "萩原3357", "本番": 3357, "枝番": "0", "子番": 0, "孫番": false, "付番": false, "所在地番号": "2.05000603357e+28", "農地管理番号": 1, "耕地番号": 67, "所在地名": "萩原城内下3357", "マッチングさせるデータ": "萩原城内下3357", "空散対象区分1": 2, "空散対象区分2": null, "空散外面積1": 0, "空散外面積2": false, "集計転作面積": 0, "散布面積1": null, "散布面積2": null, "支払者集落": 0, "支払者集落名": null, "支払者コード": 0, "支払者名": null, "支払者住所": null, "支払者電話番号": null, "農地異動適用法": false, "農地異動適用法名": null, "利用集積計画番号": null, "適用法開始年月日": null, "適用法終了年月日": null, "備考": "石井　ヨシ", "所有者世帯番号": 2313, "所有者個人番号": 3821, "借受者世帯番号": 2405, "借受者個人番号": 4022, "農地予備数字１": null, "農地予備数字２": null, "農地予備数字３": null, "農地予備数字４": null, "農地予備数字５": null, "農地予備文字１": null, "農地予備文字２": null, "農地予備文字３": null, "農地予備文字４": null, "農地予備文字５": null, "手動一致フラグ": null, "計算面積（アール）": 13, "散布班": "18-①", "地区名": "2026印西市" }, "geometry": { "type": "Polygon", "coordinates": [ [ [ 140.213104514, 35.802557814 ], [ 140.213073832, 35.802453141 ], [ 140.212014442, 35.802661746 ], [ 140.212023647, 35.802689739 ], [ 140.211981413, 35.802703211 ], [ 140.21200726, 35.80278371 ], [ 140.213104514, 35.802557814 ] ] ] } },
{ "type": "Feature", "properties": { "fid": 4402, "daicho_shubetsu_cd": "FUD25", "layer": "筆ポリゴン（2025年公開）_20260708233407", "fid_2": 6461, "事業年度": 2026, "物件番号": 7038, "GIS物件番号": null, "大字コード": 2050, "大字名": "萩原", "小字コード": 6, "小字名": "城内下", "__EMPTY": "萩原3360", "本番": 3360, "枝番": "0", "子番": 0, "孫番": false, "付番": false, "所在地番号": "2.0500060336e+28", "農地管理番号": 1, "耕地番号": 27, "所在地名": "萩原城内下3360", "マッチングさせるデータ": "萩原城内下3360", "空散対象区分1": 2, "空散対象区分2": null, "空散外面積1": 0, "空散外面積2": false, "集計転作面積": 0, "散布面積1": null, "散布面積2": null, "支払者集落": 0, "支払者集落名": null, "支払者コード": 0, "支払者名": null, "支払者住所": null, "支払者電話番号": null, "農地異動適用法": false, "農地異動適用法名": null, "利用集積計画番号": null, "適用法開始年月日": null, "適用法終了年月日": null, "備考": "宇田　武雄", "所有者世帯番号": 2354, "所有者個人番号": 3842, "借受者世帯番号": 2405, "借受者個人番号": 4022, "農地予備数字１": null, "農地予備数字２": null, "農地予備数字３": null, "農地予備数字４": null, "農地予備数字５": null, "農地予備文字１": null, "農地予備文字２": null, "農地予備文字３": null, "農地予備文字４": null, "農地予備文字５": null, "手動一致フラグ": null, "計算面積（アール）": 18, "散布班": "18-①", "地区名": "2026印西市" }, "geometry": { "type": "Polygon", "coordinates": [ [ [ 140.212882365000013, 35.801871729 ], [ 140.212835055, 35.801716715 ], [ 140.211777442, 35.801938732 ], [ 140.211783657000012, 35.801958656 ], [ 140.211750284, 35.80197031 ], [ 140.211794520000012, 35.802106418 ], [ 140.212882365000013, 35.801871729 ] ] ] } },
{ "type": "Feature", "properties": { "fid": 4403, "daicho_shubetsu_cd": "FUD25", "layer": "筆ポリゴン（2025年公開）_20260708233407", "fid_2": 6462, "事業年度": 2026, "物件番号": 7039, "GIS物件番号": null, "大字コード": 2050, "大字名": "萩原", "小字コード": 6, "小字名": "城内下", "__EMPTY": "萩原3361", "本番": 3361, "枝番": "0", "子番": 0, "孫番": false, "付番": false, "所在地番号": "2.05000603361e+28", "農地管理番号": 1, "耕地番号": 156, "所在地名": "萩原城内下3361", "マッチングさせるデータ": "萩原城内下3361", "空散対象区分1": 2, "空散対象区分2": null, "空散外面積1": 0, "空散外面積2": false, "集計転作面積": 0, "散布面積1": null, "散布面積2": null, "支払者集落": 0, "支払者集落名": null, "支払者コード": 0, "支払者名": null, "支払者住所": null, "支払者電話番号": null, "農地異動適用法": false, "農地異動適用法名": null, "利用集積計画番号": null, "適用法開始年月日": null, "適用法終了年月日": null, "備考": "高嶋　茂", "所有者世帯番号": 2461, "所有者個人番号": 4115, "借受者世帯番号": 2405, "借受者個人番号": 4022, "農地予備数字１": null, "農地予備数字２": null, "農地予備数字３": null, "農地予備数字４": null, "農地予備数字５": null, "農地予備文字１": null, "農地予備文字２": null, "農地予備文字３": null, "農地予備文字４": null, "農地予備文字５": null, "手動一致フラグ": null, "計算面積（アール）": 36, "散布班": "18-①", "地区名": "2026印西市" }, "geometry": { "type": "Polygon", "coordinates": [ [ [ 140.212835055, 35.801716715 ], [ 140.212740658, 35.801407421 ], [ 140.211671177, 35.801625717 ], [ 140.211647924, 35.801638762 ], [ 140.211738212, 35.801931205 ], [ 140.211774239, 35.801928462 ], [ 140.211777442, 35.801938732 ], [ 140.212835055, 35.801716715 ] ] ] } },
{ "type": "Feature", "properties": { "fid": 4404, "daicho_shubetsu_cd": "FUD25", "layer": "筆ポリゴン（2025年公開）_20260708233407", "fid_2": 6463, "事業年度": 2026, "物件番号": 7040, "GIS物件番号": null, "大字コード": 2050, "大字名": "萩原", "小字コード": 6, "小字名": "城内下", "__EMPTY": "萩原3362", "本番": 3362, "枝番": "0", "子番": 0, "孫番": false, "付番": false, "所在地番号": "2.05000603362e+28", "農地管理番号": 1, "耕地番号": 155, "所在地名": "萩原城内下3362", "マッチングさせるデータ": "萩原城内下3362", "空散対象区分1": 2, "空散対象区分2": null, "空散外面積1": 0, "空散外面積2": false, "集計転作面積": 0, "散布面積1": null, "散布面積2": null, "支払者集落": 0, "支払者集落名": null, "支払者コード": 0, "支払者名": null, "支払者住所": null, "支払者電話番号": null, "農地異動適用法": false, "農地異動適用法名": null, "利用集積計画番号": null, "適用法開始年月日": null, "適用法終了年月日": null, "備考": "岩井　喜代治", "所有者世帯番号": 2307, "所有者個人番号": 3815, "借受者世帯番号": 2405, "借受者個人番号": 4022, "農地予備数字１": null, "農地予備数字２": null, "農地予備数字３": null, "農地予備数字４": null, "農地予備数字５": null, "農地予備文字１": null, "農地予備文字２": null, "農地予備文字３": null, "農地予備文字４": null, "農地予備文字５": null, "手動一致フラグ": null, "計算面積（アール）": 31, "散布班": "18-①", "地区名": "2026印西市" }, "geometry": { "type": "Polygon", "coordinates": [ [ [ 140.212740658, 35.801407421 ], [ 140.212660135, 35.801143578 ], [ 140.211566347, 35.801359024 ], [ 140.211626806, 35.801609019 ], [ 140.211668099, 35.801599267 ], [ 140.211671177, 35.801625717 ], [ 140.212740658, 35.801407421 ] ] ] } },
{ "type": "Feature", "properties": { "fid": 4405, "daicho_shubetsu_cd": "FUD25", "layer": "筆ポリゴン（2025年公開）_20260708233407", "fid_2": 6464, "事業年度": 2026, "物件番号": 7041, "GIS物件番号": null, "大字コード": 2050, "大字名": "萩原", "小字コード": 6, "小字名": "城内下", "__EMPTY": "萩原3363", "本番": 3363, "枝番": "0", "子番": 0, "孫番": false, "付番": false, "所在地番号": "2.05000603363e+28", "農地管理番号": 1, "耕地番号": 154, "所在地名": "萩原城内下3363", "マッチングさせるデータ": "萩原城内下3363", "空散対象区分1": 2, "空散対象区分2": null, "空散外面積1": 0, "空散外面積2": false, "集計転作面積": 0, "散布面積1": null, "散布面積2": null, "支払者集落": 0, "支払者集落名": null, "支払者コード": 0, "支払者名": null, "支払者住所": null, "支払者電話番号": null, "農地異動適用法": false, "農地異動適用法名": null, "利用集積計画番号": null, "適用法開始年月日": null, "適用法終了年月日": null, "備考": "岩井　喜代治", "所有者世帯番号": 2307, "所有者個人番号": 3815, "借受者世帯番号": 2405, "借受者個人番号": 4022, "農地予備数字１": null, "農地予備数字２": null, "農地予備数字３": null, "農地予備数字４": null, "農地予備数字５": null, "農地予備文字１": null, "農地予備文字２": null, "農地予備文字３": null, "農地予備文字４": null, "農地予備文字５": null, "手動一致フラグ": null, "計算面積（アール）": 30, "散布班": "18-①", "地区名": "2026印西市" }, "geometry": { "type": "Polygon", "coordinates": [ [ [ 140.212660135, 35.801143578 ], [ 140.21258187, 35.80088714 ], [ 140.211482731, 35.801103689 ], [ 140.211566347, 35.801359024 ], [ 140.212660135, 35.801143578 ] ] ] } },
{ "type": "Feature", "properties": { "fid": 4406, "daicho_shubetsu_cd": "FUD25", "layer": "筆ポリゴン（2025年公開）_20260708233407", "fid_2": 6465, "事業年度": 2026, "物件番号": 7042, "GIS物件番号": null, "大字コード": 2050, "大字名": "萩原", "小字コード": 6, "小字名": "城内下", "__EMPTY": "萩原3364", "本番": 3364, "枝番": "0", "子番": 0, "孫番": false, "付番": false, "所在地番号": "2.05000603364e+28", "農地管理番号": 1, "耕地番号": 153, "所在地名": "萩原城内下3364", "マッチングさせるデータ": "萩原城内下3364", "空散対象区分1": 2, "空散対象区分2": null, "空散外面積1": 0, "空散外面積2": false, "集計転作面積": 0, "散布面積1": null, "散布面積2": null, "支払者集落": 0, "支払者集落名": null, "支払者コード": 0, "支払者名": null, "支払者住所": null, "支払者電話番号": null, "農地異動適用法": false, "農地異動適用法名": null, "利用集積計画番号": null, "適用法開始年月日": null, "適用法終了年月日": null, "備考": "岩井　喜代治", "所有者世帯番号": 2307, "所有者個人番号": 3815, "借受者世帯番号": 2405, "借受者個人番号": 4022, "農地予備数字１": null, "農地予備数字２": null, "農地予備数字３": null, "農地予備数字４": null, "農地予備数字５": null, "農地予備文字１": null, "農地予備文字２": null, "農地予備文字３": null, "農地予備文字４": null, "農地予備文字５": null, "手動一致フラグ": null, "計算面積（アール）": 22, "散布班": "18-①", "地区名": "2026印西市" }, "geometry": { "type": "Polygon", "coordinates": [ [ [ 140.21258187, 35.80088714 ], [ 140.212574972, 35.800864539 ], [ 140.212520023, 35.800693252 ], [ 140.211424499, 35.800915068 ], [ 140.211482731, 35.801103689 ], [ 140.21258187, 35.80088714 ] ] ] } },
{ "type": "Feature", "properties": { "fid": 4407, "daicho_shubetsu_cd": "FUD25", "layer": "筆ポリゴン（2025年公開）_20260708233407", "fid_2": 6466, "事業年度": 2026, "物件番号": 7103, "GIS物件番号": null, "大字コード": 2050, "大字名": "萩原", "小字コード": 8, "小字名": "和田下", "__EMPTY": "萩原3397", "本番": 3397, "枝番": "0", "子番": 0, "孫番": false, "付番": false, "所在地番号": "2.05000803397e+28", "農地管理番号": 1, "耕地番号": 101, "所在地名": "萩原和田下3397", "マッチングさせるデータ": "萩原和田下3397", "空散対象区分1": 2, "空散対象区分2": null, "空散外面積1": 0, "空散外面積2": false, "集計転作面積": 0, "散布面積1": null, "散布面積2": null, "支払者集落": 0, "支払者集落名": null, "支払者コード": 0, "支払者名": null, "支払者住所": null, "支払者電話番号": null, "農地異動適用法": false, "農地異動適用法名": null, "利用集積計画番号": null, "適用法開始年月日": null, "適用法終了年月日": null, "備考": "高橋　一夫", "所有者世帯番号": 2409, "所有者個人番号": 4108, "借受者世帯番号": 2405, "借受者個人番号": 4022, "農地予備数字１": null, "農地予備数字２": null, "農地予備数字３": null, "農地予備数字４": null, "農地予備数字５": null, "農地予備文字１": null, "農地予備文字２": null, "農地予備文字３": null, "農地予備文字４": null, "農地予備文字５": null, "手動一致フラグ": null, "計算面積（アール）": 17, "散布班": "18-①", "地区名": "2026印西市" }, "geometry": { "type": "Polygon", "coordinates": [ [ [ 140.211207503999987, 35.800600981 ], [ 140.211202375999989, 35.800584085 ], [ 140.211258507999986, 35.800571792 ], [ 140.211220096, 35.800465885 ], [ 140.210851437, 35.800506581 ], [ 140.210240169, 35.800559334 ], [ 140.210275144, 35.800624743 ], [ 140.210402071, 35.800781367 ], [ 140.211207503999987, 35.800600981 ] ] ] } },
{ "type": "Feature", "properties": { "fid": 4408, "daicho_shubetsu_cd": "FUD25", "layer": "筆ポリゴン（2025年公開）_20260708233407", "fid_2": 6467, "事業年度": 2026, "物件番号": 7112, "GIS物件番号": null, "大字コード": 2050, "大字名": "萩原", "小字コード": 8, "小字名": "和田下", "__EMPTY": "萩原3406", "本番": 3406, "枝番": "0", "子番": 0, "孫番": false, "付番": false, "所在地番号": "2.05000803406e+28", "農地管理番号": 1, "耕地番号": 91, "所在地名": "萩原和田下3406", "マッチングさせるデータ": "萩原和田下3406", "空散対象区分1": 2, "空散対象区分2": null, "空散外面積1": 0, "空散外面積2": false, "集計転作面積": 0, "散布面積1": null, "散布面積2": null, "支払者集落": 0, "支払者集落名": null, "支払者コード": 0, "支払者名": null, "支払者住所": null, "支払者電話番号": null, "農地異動適用法": false, "農地異動適用法名": null, "利用集積計画番号": null, "適用法開始年月日": null, "適用法終了年月日": null, "備考": "金子　政昭", "所有者世帯番号": 2407, "所有者個人番号": 4033, "借受者世帯番号": 2405, "借受者個人番号": 4022, "農地予備数字１": null, "農地予備数字２": null, "農地予備数字３": null, "農地予備数字４": null, "農地予備数字５": null, "農地予備文字１": null, "農地予備文字２": null, "農地予備文字３": null, "農地予備文字４": null, "農地予備文字５": null, "手動一致フラグ": null, "計算面積（アール）": 30, "散布班": "18-①", "地区名": "2026印西市" }, "geometry": { "type": "Polygon", "coordinates": [ [ [ 140.210589465999988, 35.802123542 ], [ 140.210669817, 35.802386533 ], [ 140.211750172, 35.80216768 ], [ 140.211665011, 35.801904825 ], [ 140.211616975999988, 35.801912507 ], [ 140.210589465999988, 35.802123542 ] ] ] } },
{ "type": "Feature", "properties": { "fid": 4409, "daicho_shubetsu_cd": "FUD25", "layer": "筆ポリゴン（2025年公開）_20260708233407", "fid_2": 6468, "事業年度": 2026, "物件番号": 7140, "GIS物件番号": null, "大字コード": 2050, "大字名": "萩原", "小字コード": 8, "小字名": "和田下", "__EMPTY": "萩原3430", "本番": 3430, "枝番": "0", "子番": 0, "孫番": false, "付番": false, "所在地番号": "2.0500080343e+28", "農地管理番号": 1, "耕地番号": 108, "所在地名": "萩原和田下3430", "マッチングさせるデータ": "萩原和田下3430", "空散対象区分1": 2, "空散対象区分2": null, "空散外面積1": 0, "空散外面積2": false, "集計転作面積": 0, "散布面積1": null, "散布面積2": null, "支払者集落": 0, "支払者集落名": null, "支払者コード": 0, "支払者名": null, "支払者住所": null, "支払者電話番号": null, "農地異動適用法": false, "農地異動適用法名": null, "利用集積計画番号": null, "適用法開始年月日": null, "適用法終了年月日": null, "備考": "吉岡　利夫", "所有者世帯番号": 2462, "所有者個人番号": 4273, "借受者世帯番号": 2405, "借受者個人番号": 4022, "農地予備数字１": null, "農地予備数字２": null, "農地予備数字３": null, "農地予備数字４": null, "農地予備数字５": null, "農地予備文字１": null, "農地予備文字２": null, "農地予備文字３": null, "農地予備文字４": null, "農地予備文字５": null, "手動一致フラグ": null, "計算面積（アール）": 30, "散布班": "18-①", "地区名": "2026印西市" }, "geometry": { "type": "Polygon", "coordinates": [ [ [ 140.21062706, 35.802390411 ], [ 140.210547, 35.802130628 ], [ 140.210430658, 35.802152968 ], [ 140.20946054800001, 35.802343918 ], [ 140.209544748000013, 35.802611414 ], [ 140.210506079, 35.802415115 ], [ 140.21062706, 35.802390411 ] ] ] } },
{ "type": "Feature", "properties": { "fid": 4410, "daicho_shubetsu_cd": "FUD25", "layer": "筆ポリゴン（2025年公開）_20260708233407", "fid_2": 6469, "事業年度": 2026, "物件番号": 7142, "GIS物件番号": null, "大字コード": 2050, "大字名": "萩原", "小字コード": 8, "小字名": "和田下", "__EMPTY": "萩原3432", "本番": 3432, "枝番": "0", "子番": 0, "孫番": false, "付番": false, "所在地番号": "2.05000803432e+28", "農地管理番号": 1, "耕地番号": 160, "所在地名": "萩原和田下3432", "マッチングさせるデータ": "萩原和田下3432", "空散対象区分1": 2, "空散対象区分2": null, "空散外面積1": 0, "空散外面積2": false, "集計転作面積": 0, "散布面積1": null, "散布面積2": null, "支払者集落": 0, "支払者集落名": null, "支払者コード": 0, "支払者名": null, "支払者住所": null, "支払者電話番号": null, "農地異動適用法": false, "農地異動適用法名": null, "利用集積計画番号": null, "適用法開始年月日": null, "適用法終了年月日": null, "備考": "石井　満", "所有者世帯番号": 2406, "所有者個人番号": 4028, "借受者世帯番号": 2405, "借受者個人番号": 4022, "農地予備数字１": null, "農地予備数字２": null, "農地予備数字３": null, "農地予備数字４": null, "農地予備数字５": null, "農地予備文字１": null, "農地予備文字２": null, "農地予備文字３": null, "農地予備文字４": null, "農地予備文字５": null, "手動一致フラグ": null, "計算面積（アール）": 31, "散布班": "18-①", "地区名": "2026印西市" }, "geometry": { "type": "Polygon", "coordinates": [ [ [ 140.20933603, 35.801810422 ], [ 140.20933833, 35.801831051 ], [ 140.209301514, 35.801838674 ], [ 140.209379582999986, 35.802086696 ], [ 140.210463393999987, 35.801859331 ], [ 140.210381555, 35.801593766 ], [ 140.20933603, 35.801810422 ] ] ] } },
{ "type": "Feature", "properties": { "fid": 4411, "daicho_shubetsu_cd": "FUD25", "layer": "筆ポリゴン（2025年公開）_20260708233407", "fid_2": 6470, "事業年度": 2026, "物件番号": 7143, "GIS物件番号": null, "大字コード": 2050, "大字名": "萩原", "小字コード": 8, "小字名": "和田下", "__EMPTY": "萩原3433", "本番": 3433, "枝番": "0", "子番": 0, "孫番": false, "付番": false, "所在地番号": "2.05000803433e+28", "農地管理番号": 1, "耕地番号": 161, "所在地名": "萩原和田下3433", "マッチングさせるデータ": "萩原和田下3433", "空散対象区分1": 2, "空散対象区分2": null, "空散外面積1": 0, "空散外面積2": false, "集計転作面積": 0, "散布面積1": null, "散布面積2": null, "支払者集落": 0, "支払者集落名": null, "支払者コード": 0, "支払者名": null, "支払者住所": null, "支払者電話番号": null, "農地異動適用法": false, "農地異動適用法名": null, "利用集積計画番号": null, "適用法開始年月日": null, "適用法終了年月日": null, "備考": "石井　満", "所有者世帯番号": 2406, "所有者個人番号": 4028, "借受者世帯番号": 2405, "借受者個人番号": 4022, "農地予備数字１": null, "農地予備数字２": null, "農地予備数字３": null, "農地予備数字４": null, "農地予備数字５": null, "農地予備文字１": null, "農地予備文字２": null, "農地予備文字３": null, "農地予備文字４": null, "農地予備文字５": null, "手動一致フラグ": null, "計算面積（アール）": 20, "散布班": "18-①", "地区名": "2026印西市" }, "geometry": { "type": "Polygon", "coordinates": [ [ [ 140.21032842, 35.801421346 ], [ 140.209280143, 35.801636539 ], [ 140.209240606, 35.801645168 ], [ 140.209294414999988, 35.801816119 ], [ 140.20933603, 35.801810422 ], [ 140.210381555, 35.801593766 ], [ 140.21032842, 35.801421346 ] ] ] } },
{ "type": "Feature", "properties": { "fid": 4412, "daicho_shubetsu_cd": "FUD25", "layer": "筆ポリゴン（2025年公開）_20260708233407", "fid_2": 6471, "事業年度": 2026, "物件番号": 7147, "GIS物件番号": null, "大字コード": 2050, "大字名": "萩原", "小字コード": 8, "小字名": "和田下", "__EMPTY": "萩原3444", "本番": 3444, "枝番": "0", "子番": 0, "孫番": false, "付番": false, "所在地番号": "2.05000803444e+28", "農地管理番号": 1, "耕地番号": 165, "所在地名": "萩原和田下3444", "マッチングさせるデータ": "萩原和田下3444", "空散対象区分1": 2, "空散対象区分2": null, "空散外面積1": 0, "空散外面積2": false, "集計転作面積": 0, "散布面積1": null, "散布面積2": null, "支払者集落": 0, "支払者集落名": null, "支払者コード": 0, "支払者名": null, "支払者住所": null, "支払者電話番号": null, "農地異動適用法": false, "農地異動適用法名": null, "利用集積計画番号": null, "適用法開始年月日": null, "適用法終了年月日": null, "備考": "高嶋　茂", "所有者世帯番号": 2461, "所有者個人番号": 4115, "借受者世帯番号": 2405, "借受者個人番号": 4022, "農地予備数字１": null, "農地予備数字２": null, "農地予備数字３": null, "農地予備数字４": null, "農地予備数字５": null, "農地予備文字１": null, "農地予備文字２": null, "農地予備文字３": null, "農地予備文字４": null, "農地予備文字５": null, "手動一致フラグ": null, "計算面積（アール）": 39, "散布班": "18-①", "地区名": "2026印西市" }, "geometry": { "type": "Polygon", "coordinates": [ [ [ 140.209140853, 35.801850634 ], [ 140.209206220999988, 35.801834274 ], [ 140.209129503000014, 35.801546398 ], [ 140.209046229, 35.801550697 ], [ 140.208917335, 35.801553792 ], [ 140.208636538, 35.801586982 ], [ 140.20862326, 35.801574906 ], [ 140.208019043, 35.801715464 ], [ 140.208123363, 35.802060619 ], [ 140.209140853, 35.801850634 ] ] ] } },
{ "type": "Feature", "properties": { "fid": 4413, "daicho_shubetsu_cd": "FUD25", "layer": "筆ポリゴン（2025年公開）_20260708233407", "fid_2": 6472, "事業年度": 2026, "物件番号": 7176, "GIS物件番号": null, "大字コード": 2050, "大字名": "萩原", "小字コード": 8, "小字名": "和田下", "__EMPTY": "萩原3478", "本番": 3478, "枝番": "0", "子番": 0, "孫番": false, "付番": false, "所在地番号": "2.05000803478e+28", "農地管理番号": 1, "耕地番号": 109, "所在地名": "萩原和田下3478", "マッチングさせるデータ": "萩原和田下3478", "空散対象区分1": 2, "空散対象区分2": null, "空散外面積1": 0, "空散外面積2": false, "集計転作面積": 0, "散布面積1": null, "散布面積2": null, "支払者集落": 0, "支払者集落名": null, "支払者コード": 0, "支払者名": null, "支払者住所": null, "支払者電話番号": null, "農地異動適用法": false, "農地異動適用法名": null, "利用集積計画番号": null, "適用法開始年月日": null, "適用法終了年月日": null, "備考": "吉岡　利夫", "所有者世帯番号": 2462, "所有者個人番号": 4273, "借受者世帯番号": 2405, "借受者個人番号": 4022, "農地予備数字１": null, "農地予備数字２": null, "農地予備数字３": null, "農地予備数字４": null, "農地予備数字５": null, "農地予備文字１": null, "農地予備文字２": null, "農地予備文字３": null, "農地予備文字４": null, "農地予備文字５": null, "手動一致フラグ": null, "計算面積（アール）": 35, "散布班": "18-①", "地区名": "2026印西市" }, "geometry": { "type": "Polygon", "coordinates": [ [ [ 140.207067427, 35.802601117 ], [ 140.20809777, 35.802390088 ], [ 140.20809298, 35.802368882 ], [ 140.208140076, 35.802358546 ], [ 140.208048125, 35.802069784 ], [ 140.208001663, 35.802079499 ], [ 140.20697499900001, 35.802294162 ], [ 140.207067427, 35.802601117 ] ] ] } },
{ "type": "Feature", "properties": { "fid": 4414, "daicho_shubetsu_cd": "FUD25", "layer": "筆ポリゴン（2025年公開）_20260708233407", "fid_2": 6473, "事業年度": 2026, "物件番号": 7199, "GIS物件番号": null, "大字コード": 2050, "大字名": "萩原", "小字コード": 8, "小字名": "和田下", "__EMPTY": "萩原3503", "本番": 3503, "枝番": "0", "子番": 0, "孫番": false, "付番": false, "所在地番号": "2.05000803503e+28", "農地管理番号": 1, "耕地番号": 86, "所在地名": "萩原和田下3503", "マッチングさせるデータ": "萩原和田下3503", "空散対象区分1": 2, "空散対象区分2": null, "空散外面積1": 0, "空散外面積2": false, "集計転作面積": 0, "散布面積1": null, "散布面積2": null, "支払者集落": 0, "支払者集落名": null, "支払者コード": 0, "支払者名": null, "支払者住所": null, "支払者電話番号": null, "農地異動適用法": false, "農地異動適用法名": null, "利用集積計画番号": null, "適用法開始年月日": null, "適用法終了年月日": null, "備考": "大野　孝四郎", "所有者世帯番号": 2362, "所有者個人番号": 3997, "借受者世帯番号": 2405, "借受者個人番号": 4022, "農地予備数字１": null, "農地予備数字２": null, "農地予備数字３": null, "農地予備数字４": null, "農地予備数字５": null, "農地予備文字１": null, "農地予備文字２": null, "農地予備文字３": null, "農地予備文字４": null, "農地予備文字５": null, "手動一致フラグ": null, "計算面積（アール）": 12, "散布班": "18-①", "地区名": "2026印西市" }, "geometry": { "type": "Polygon", "coordinates": [ [ [ 140.205634756842642, 35.802083055276377 ], [ 140.204820403110688, 35.802247057069629 ], [ 140.205014247, 35.802371546 ], [ 140.205678342999988, 35.802235616 ], [ 140.205634756842642, 35.802083055276377 ] ] ] } },
{ "type": "Feature", "properties": { "fid": 4415, "daicho_shubetsu_cd": "FUD25", "layer": "筆ポリゴン（2025年公開）_20260708233407", "fid_2": 6474, "事業年度": 2026, "物件番号": 7201, "GIS物件番号": null, "大字コード": 2050, "大字名": "萩原", "小字コード": 8, "小字名": "和田下", "__EMPTY": "萩原3505", "本番": 3505, "枝番": "0", "子番": 0, "孫番": false, "付番": false, "所在地番号": "2.05000803505e+28", "農地管理番号": 1, "耕地番号": 8, "所在地名": "萩原和田下3505", "マッチングさせるデータ": "萩原和田下3505", "空散対象区分1": 2, "空散対象区分2": null, "空散外面積1": 0, "空散外面積2": false, "集計転作面積": 0, "散布面積1": null, "散布面積2": null, "支払者集落": 0, "支払者集落名": null, "支払者コード": 0, "支払者名": null, "支払者住所": null, "支払者電話番号": null, "農地異動適用法": false, "農地異動適用法名": null, "利用集積計画番号": null, "適用法開始年月日": null, "適用法終了年月日": null, "備考": "川野辺　裕一", "所有者世帯番号": 108812240, "所有者個人番号": 108812240, "借受者世帯番号": 2405, "借受者個人番号": 4022, "農地予備数字１": null, "農地予備数字２": null, "農地予備数字３": null, "農地予備数字４": null, "農地予備数字５": null, "農地予備文字１": null, "農地予備文字２": null, "農地予備文字３": null, "農地予備文字４": null, "農地予備文字５": null, "手動一致フラグ": null, "計算面積（アール）": 28, "散布班": "18-①", "地区名": "2026印西市" }, "geometry": { "type": "Polygon", "coordinates": [ [ [ 140.20553924, 35.80174873 ], [ 140.20550118, 35.801756865 ], [ 140.204368509, 35.801998959 ], [ 140.204617094000014, 35.80212152 ], [ 140.204732893, 35.802190857 ], [ 140.205565181, 35.802021086 ], [ 140.205614196, 35.802011088 ], [ 140.20553924, 35.80174873 ] ] ] } },
{ "type": "Feature", "properties": { "fid": 4416, "daicho_shubetsu_cd": "FUD25", "layer": "筆ポリゴン（2025年公開）_20260708233407", "fid_2": 6475, "事業年度": 2026, "物件番号": 7202, "GIS物件番号": null, "大字コード": 2050, "大字名": "萩原", "小字コード": 8, "小字名": "和田下", "__EMPTY": "萩原3507", "本番": 3507, "枝番": "0", "子番": 0, "孫番": false, "付番": false, "所在地番号": "2.05000803507e+28", "農地管理番号": 1, "耕地番号": 65, "所在地名": "萩原和田下3507", "マッチングさせるデータ": "萩原和田下3507", "空散対象区分1": 2, "空散対象区分2": null, "空散外面積1": 0, "空散外面積2": false, "集計転作面積": 0, "散布面積1": null, "散布面積2": null, "支払者集落": 0, "支払者集落名": null, "支払者コード": 0, "支払者名": null, "支払者住所": null, "支払者電話番号": null, "農地異動適用法": false, "農地異動適用法名": null, "利用集積計画番号": null, "適用法開始年月日": null, "適用法終了年月日": null, "備考": "大野　光威", "所有者世帯番号": 2308, "所有者個人番号": 3984, "借受者世帯番号": 2405, "借受者個人番号": 4022, "農地予備数字１": null, "農地予備数字２": null, "農地予備数字３": null, "農地予備数字４": null, "農地予備数字５": null, "農地予備文字１": null, "農地予備文字２": null, "農地予備文字３": null, "農地予備文字４": null, "農地予備文字５": null, "手動一致フラグ": null, "計算面積（アール）": 12, "散布班": "18-①", "地区名": "2026印西市" }, "geometry": { "type": "Polygon", "coordinates": [ [ [ 140.204368509, 35.801998959 ], [ 140.20550118, 35.801756865 ], [ 140.205499134, 35.801733334 ], [ 140.205533280999987, 35.801727874 ], [ 140.205515423, 35.801665365 ], [ 140.205464307999989, 35.801675607 ], [ 140.204227071, 35.801923496 ], [ 140.204368509, 35.801998959 ] ] ] } },
{ "type": "Feature", "properties": { "fid": 4417, "daicho_shubetsu_cd": "FUD25", "layer": "筆ポリゴン（2025年公開）_20260708233456", "fid_2": 6476, "事業年度": 2026, "物件番号": 7346, "GIS物件番号": null, "大字コード": 2050, "大字名": "萩原", "小字コード": 14, "小字名": "花輪", "__EMPTY": "萩原3121", "本番": 3121, "枝番": "0", "子番": 0, "孫番": false, "付番": false, "所在地番号": "2.05001403121e+28", "農地管理番号": 1, "耕地番号": 13, "所在地名": "萩原花輪3121", "マッチングさせるデータ": "萩原花輪3121", "空散対象区分1": 2, "空散対象区分2": null, "空散外面積1": 0, "空散外面積2": false, "集計転作面積": 0, "散布面積1": null, "散布面積2": null, "支払者集落": 0, "支払者集落名": null, "支払者コード": 0, "支払者名": null, "支払者住所": null, "支払者電話番号": null, "農地異動適用法": false, "農地異動適用法名": null, "利用集積計画番号": null, "適用法開始年月日": null, "適用法終了年月日": null, "備考": "天野　金一", "所有者世帯番号": 2405, "所有者個人番号": 4022, "借受者世帯番号": 2405, "借受者個人番号": 4022, "農地予備数字１": null, "農地予備数字２": null, "農地予備数字３": null, "農地予備数字４": null, "農地予備数字５": null, "農地予備文字１": null, "農地予備文字２": null, "農地予備文字３": null, "農地予備文字４": null, "農地予備文字５": null, "手動一致フラグ": null, "計算面積（アール）": 9, "散布班": "18-④", "地区名": "2026印西市" }, "geometry": { "type": "Polygon", "coordinates": [ [ [ 140.216421579630577, 35.796321574316224 ], [ 140.216096560392401, 35.795517403005292 ], [ 140.21603364500001, 35.795522404 ], [ 140.216022171, 35.795566565 ], [ 140.21599555, 35.795578333 ], [ 140.216265338, 35.796237224 ], [ 140.216289421999988, 35.796270283 ], [ 140.21634455200001, 35.796291548 ], [ 140.216416466, 35.796320557 ], [ 140.216421579630577, 35.796321574316224 ] ] ] } },
{ "type": "Feature", "properties": { "fid": 4418, "daicho_shubetsu_cd": "FUD25", "layer": "筆ポリゴン（2025年公開）_20260708233456", "fid_2": 6477, "事業年度": 2026, "物件番号": 7347, "GIS物件番号": null, "大字コード": 2050, "大字名": "萩原", "小字コード": 14, "小字名": "花輪", "__EMPTY": "萩原3122", "本番": 3122, "枝番": "0", "子番": 0, "孫番": false, "付番": false, "所在地番号": "2.05001403122e+28", "農地管理番号": 1, "耕地番号": 14, "所在地名": "萩原花輪3122", "マッチングさせるデータ": "萩原花輪3122", "空散対象区分1": 2, "空散対象区分2": null, "空散外面積1": 0, "空散外面積2": false, "集計転作面積": 0, "散布面積1": null, "散布面積2": null, "支払者集落": 0, "支払者集落名": null, "支払者コード": 0, "支払者名": null, "支払者住所": null, "支払者電話番号": null, "農地異動適用法": false, "農地異動適用法名": null, "利用集積計画番号": null, "適用法開始年月日": null, "適用法終了年月日": null, "備考": "天野　金一", "所有者世帯番号": 2405, "所有者個人番号": 4022, "借受者世帯番号": 2405, "借受者個人番号": 4022, "農地予備数字１": null, "農地予備数字２": null, "農地予備数字３": null, "農地予備数字４": null, "農地予備数字５": null, "農地予備文字１": null, "農地予備文字２": null, "農地予備文字３": null, "農地予備文字４": null, "農地予備文字５": null, "手動一致フラグ": null, "計算面積（アール）": 28, "散布班": "18-④", "地区名": "2026印西市" }, "geometry": { "type": "Polygon", "coordinates": [ [ [ 140.216096560392401, 35.795517403005292 ], [ 140.216421579630577, 35.796321574316224 ], [ 140.21651231300001, 35.796339625 ], [ 140.216581021, 35.796350437 ], [ 140.216648239, 35.796355125 ], [ 140.216727096, 35.796349971 ], [ 140.21671820200001, 35.796323034 ], [ 140.216739839000013, 35.796318726 ], [ 140.216454418000012, 35.795538224 ], [ 140.216424815000011, 35.795535597 ], [ 140.216365602, 35.795524755 ], [ 140.216262559, 35.795512213 ], [ 140.216097894, 35.795517297 ], [ 140.216096560392401, 35.795517403005292 ] ] ] } },
{ "type": "Feature", "properties": { "fid": 4419, "daicho_shubetsu_cd": "FUD25", "layer": "筆ポリゴン（2025年公開）_20260708233456", "fid_2": 6478, "事業年度": 2026, "物件番号": 7348, "GIS物件番号": null, "大字コード": 2050, "大字名": "萩原", "小字コード": 14, "小字名": "花輪", "__EMPTY": "萩原3123", "本番": 3123, "枝番": "0", "子番": 0, "孫番": false, "付番": false, "所在地番号": "2.05001403123e+28", "農地管理番号": 1, "耕地番号": 15, "所在地名": "萩原花輪3123", "マッチングさせるデータ": "萩原花輪3123", "空散対象区分1": 2, "空散対象区分2": null, "空散外面積1": 0, "空散外面積2": false, "集計転作面積": 0, "散布面積1": null, "散布面積2": null, "支払者集落": 0, "支払者集落名": null, "支払者コード": 0, "支払者名": null, "支払者住所": null, "支払者電話番号": null, "農地異動適用法": false, "農地異動適用法名": null, "利用集積計画番号": null, "適用法開始年月日": null, "適用法終了年月日": null, "備考": "天野　金一", "所有者世帯番号": 2405, "所有者個人番号": 4022, "借受者世帯番号": 2405, "借受者個人番号": 4022, "農地予備数字１": null, "農地予備数字２": null, "農地予備数字３": null, "農地予備数字４": null, "農地予備数字５": null, "農地予備文字１": null, "農地予備文字２": null, "農地予備文字３": null, "農地予備文字４": null, "農地予備文字５": null, "手動一致フラグ": null, "計算面積（アール）": 28, "散布班": "18-④", "地区名": "2026印西市" }, "geometry": { "type": "Polygon", "coordinates": [ [ [ 140.216739839000013, 35.796318726 ], [ 140.216761983, 35.796314315 ], [ 140.216775235999989, 35.796336335 ], [ 140.216868641, 35.796318878 ], [ 140.216960574000012, 35.796298974 ], [ 140.21706816, 35.796270783 ], [ 140.216777263000012, 35.795468287 ], [ 140.216656895, 35.795498087 ], [ 140.216549312000012, 35.79552689 ], [ 140.216514308, 35.795538033 ], [ 140.216454418000012, 35.795538224 ], [ 140.216739839000013, 35.796318726 ] ] ] } },
{ "type": "Feature", "properties": { "fid": 4420, "daicho_shubetsu_cd": "FUD25", "layer": "筆ポリゴン（2025年公開）_20260708233407", "fid_2": 6479, "事業年度": 2026, "物件番号": 7455, "GIS物件番号": null, "大字コード": 2050, "大字名": "萩原", "小字コード": 24, "小字名": "山中下", "__EMPTY": "萩原3012", "本番": 3012, "枝番": "0", "子番": 0, "孫番": false, "付番": false, "所在地番号": "2.05002403012e+28", "農地管理番号": 1, "耕地番号": 110, "所在地名": "萩原山中下3012", "マッチングさせるデータ": "萩原山中下3012", "空散対象区分1": 2, "空散対象区分2": null, "空散外面積1": 0, "空散外面積2": false, "集計転作面積": 0, "散布面積1": null, "散布面積2": null, "支払者集落": 0, "支払者集落名": null, "支払者コード": 0, "支払者名": null, "支払者住所": null, "支払者電話番号": null, "農地異動適用法": false, "農地異動適用法名": null, "利用集積計画番号": null, "適用法開始年月日": null, "適用法終了年月日": null, "備考": "吉岡　利夫", "所有者世帯番号": 2462, "所有者個人番号": 4273, "借受者世帯番号": 2405, "借受者個人番号": 4022, "農地予備数字１": null, "農地予備数字２": null, "農地予備数字３": null, "農地予備数字４": null, "農地予備数字５": null, "農地予備文字１": null, "農地予備文字２": null, "農地予備文字３": null, "農地予備文字４": null, "農地予備文字５": null, "手動一致フラグ": null, "計算面積（アール）": 4, "散布班": "18-①", "地区名": "2026印西市" }, "geometry": { "type": "Polygon", "coordinates": [ [ [ 140.203740836, 35.80160307 ], [ 140.203831665, 35.801518258 ], [ 140.203675553000011, 35.801274417 ], [ 140.203545883, 35.801328496 ], [ 140.203740836, 35.80160307 ] ] ] } },
{ "type": "Feature", "properties": { "fid": 4421, "daicho_shubetsu_cd": "FUD25", "layer": "筆ポリゴン（2025年公開）_20260708233407", "fid_2": 6480, "事業年度": 2026, "物件番号": 7461, "GIS物件番号": null, "大字コード": 2050, "大字名": "萩原", "小字コード": 24, "小字名": "山中下", "__EMPTY": "萩原3018", "本番": 3018, "枝番": "0", "子番": 0, "孫番": false, "付番": false, "所在地番号": "2.05002403018e+28", "農地管理番号": 1, "耕地番号": 111, "所在地名": "萩原山中下3018", "マッチングさせるデータ": "萩原山中下3018", "空散対象区分1": 2, "空散対象区分2": null, "空散外面積1": 0, "空散外面積2": false, "集計転作面積": 0, "散布面積1": null, "散布面積2": null, "支払者集落": 0, "支払者集落名": null, "支払者コード": 0, "支払者名": null, "支払者住所": null, "支払者電話番号": null, "農地異動適用法": false, "農地異動適用法名": null, "利用集積計画番号": null, "適用法開始年月日": null, "適用法終了年月日": null, "備考": "吉岡　利夫", "所有者世帯番号": 2462, "所有者個人番号": 4273, "借受者世帯番号": 2405, "借受者個人番号": 4022, "農地予備数字１": null, "農地予備数字２": null, "農地予備数字３": null, "農地予備数字４": null, "農地予備数字５": null, "農地予備文字１": null, "農地予備文字２": null, "農地予備文字３": null, "農地予備文字４": null, "農地予備文字５": null, "手動一致フラグ": null, "計算面積（アール）": 13, "散布班": "18-①", "地区名": "2026印西市" }, "geometry": { "type": "Polygon", "coordinates": [ [ [ 140.203230052, 35.80090694 ], [ 140.203467694000011, 35.801326146 ], [ 140.203714849, 35.801228369 ], [ 140.203473334, 35.800809385 ], [ 140.203230052, 35.80090694 ] ] ] } },
{ "type": "Feature", "properties": { "fid": 4422, "daicho_shubetsu_cd": "FUD25", "layer": "筆ポリゴン（2025年公開）_20260708233407", "fid_2": 6481, "事業年度": 2026, "物件番号": 7466, "GIS物件番号": null, "大字コード": 2050, "大字名": "萩原", "小字コード": 24, "小字名": "山中下", "__EMPTY": "萩原3022", "本番": 3022, "枝番": "0", "子番": 0, "孫番": false, "付番": false, "所在地番号": "2.05002403022e+28", "農地管理番号": 1, "耕地番号": 33, "所在地名": "萩原山中下3022", "マッチングさせるデータ": "萩原山中下3022", "空散対象区分1": 2, "空散対象区分2": null, "空散外面積1": 0, "空散外面積2": false, "集計転作面積": 0, "散布面積1": null, "散布面積2": null, "支払者集落": 0, "支払者集落名": null, "支払者コード": 0, "支払者名": null, "支払者住所": null, "支払者電話番号": null, "農地異動適用法": false, "農地異動適用法名": null, "利用集積計画番号": null, "適用法開始年月日": null, "適用法終了年月日": null, "備考": "真山　英雄", "所有者世帯番号": 2360, "所有者個人番号": 4245, "借受者世帯番号": 2405, "借受者個人番号": 4022, "農地予備数字１": null, "農地予備数字２": null, "農地予備数字３": null, "農地予備数字４": null, "農地予備数字５": null, "農地予備文字１": null, "農地予備文字２": null, "農地予備文字３": null, "農地予備文字４": null, "農地予備文字５": null, "手動一致フラグ": null, "計算面積（アール）": 17, "散布班": "18-①", "地区名": "2026印西市" }, "geometry": { "type": "Polygon", "coordinates": [ [ [ 140.2039928, 35.80060216 ], [ 140.204248516, 35.801015447 ], [ 140.204425994, 35.800943531 ], [ 140.204466075999989, 35.800908077 ], [ 140.204497938, 35.800858516 ], [ 140.204496006, 35.800816125 ], [ 140.204458227, 35.80071237 ], [ 140.204430050000013, 35.80062201 ], [ 140.204386744, 35.800449024 ], [ 140.2039928, 35.80060216 ] ] ] } },
{ "type": "Feature", "properties": { "fid": 4423, "daicho_shubetsu_cd": "FUD25", "layer": "筆ポリゴン（2025年公開）_20260708233407", "fid_2": 6483, "事業年度": 2026, "物件番号": 7468, "GIS物件番号": null, "大字コード": 2050, "大字名": "萩原", "小字コード": 24, "小字名": "山中下", "__EMPTY": "萩原3024", "本番": 3024, "枝番": "0", "子番": 0, "孫番": false, "付番": false, "所在地番号": "2.05002403024e+28", "農地管理番号": 1, "耕地番号": 133, "所在地名": "萩原山中下3024", "マッチングさせるデータ": "萩原山中下3024", "空散対象区分1": 2, "空散対象区分2": null, "空散外面積1": 0, "空散外面積2": false, "集計転作面積": 0, "散布面積1": null, "散布面積2": null, "支払者集落": 0, "支払者集落名": null, "支払者コード": 0, "支払者名": null, "支払者住所": null, "支払者電話番号": null, "農地異動適用法": false, "農地異動適用法名": null, "利用集積計画番号": null, "適用法開始年月日": null, "適用法終了年月日": null, "備考": "林　悦夫", "所有者世帯番号": 2509, "所有者個人番号": 4190, "借受者世帯番号": 2405, "借受者個人番号": 4022, "農地予備数字１": null, "農地予備数字２": null, "農地予備数字３": null, "農地予備数字４": null, "農地予備数字５": null, "農地予備文字１": null, "農地予備文字２": null, "農地予備文字３": null, "農地予備文字４": null, "農地予備文字５": null, "手動一致フラグ": null, "計算面積（アール）": 13, "散布班": "18-①", "地区名": "2026印西市" }, "geometry": { "type": "Polygon", "coordinates": [ [ [ 140.204422588, 35.800394645 ], [ 140.20444063, 35.800357493 ], [ 140.204507589, 35.800207837 ], [ 140.204556382, 35.800068838 ], [ 140.204584571999987, 35.799975478 ], [ 140.204602547, 35.799924017 ], [ 140.204531833, 35.799825662 ], [ 140.204160647, 35.799974859 ], [ 140.204422588, 35.800394645 ] ] ] } },
{ "type": "Feature", "properties": { "fid": 4424, "daicho_shubetsu_cd": "FUD25", "layer": "筆ポリゴン（2025年公開）_20260708233407", "fid_2": 6485, "事業年度": 2026, "物件番号": 7470, "GIS物件番号": null, "大字コード": 2050, "大字名": "萩原", "小字コード": 24, "小字名": "山中下", "__EMPTY": "萩原3026", "本番": 3026, "枝番": "0", "子番": 0, "孫番": false, "付番": false, "所在地番号": "2.05002403026e+28", "農地管理番号": 1, "耕地番号": 135, "所在地名": "萩原山中下3026", "マッチングさせるデータ": "萩原山中下3026", "空散対象区分1": 2, "空散対象区分2": null, "空散外面積1": 0, "空散外面積2": false, "集計転作面積": 0, "散布面積1": null, "散布面積2": null, "支払者集落": 0, "支払者集落名": null, "支払者コード": 0, "支払者名": null, "支払者住所": null, "支払者電話番号": null, "農地異動適用法": false, "農地異動適用法名": null, "利用集積計画番号": null, "適用法開始年月日": null, "適用法終了年月日": null, "備考": "林　悦夫", "所有者世帯番号": 2509, "所有者個人番号": 4190, "借受者世帯番号": 2405, "借受者個人番号": 4022, "農地予備数字１": null, "農地予備数字２": null, "農地予備数字３": null, "農地予備数字４": null, "農地予備数字５": null, "農地予備文字１": null, "農地予備文字２": null, "農地予備文字３": null, "農地予備文字４": null, "農地予備文字５": null, "手動一致フラグ": null, "計算面積（アール）": 10, "散布班": "18-①", "地区名": "2026印西市" }, "geometry": { "type": "Polygon", "coordinates": [ [ [ 140.204230697000014, 35.800466464 ], [ 140.204422588, 35.800394645 ], [ 140.204160647, 35.799974859 ], [ 140.203968287, 35.800048837 ], [ 140.204230697000014, 35.800466464 ] ] ] } },
{ "type": "Feature", "properties": { "fid": 4425, "daicho_shubetsu_cd": "FUD25", "layer": "筆ポリゴン（2025年公開）_20260708233407", "fid_2": 6486, "事業年度": 2026, "物件番号": 7471, "GIS物件番号": null, "大字コード": 2050, "大字名": "萩原", "小字コード": 24, "小字名": "山中下", "__EMPTY": "萩原3027", "本番": 3027, "枝番": "0", "子番": 0, "孫番": false, "付番": false, "所在地番号": "2.05002403027e+28", "農地管理番号": 1, "耕地番号": 35, "所在地名": "萩原山中下3027", "マッチングさせるデータ": "萩原山中下3027", "空散対象区分1": 2, "空散対象区分2": null, "空散外面積1": 0, "空散外面積2": false, "集計転作面積": 0, "散布面積1": null, "散布面積2": null, "支払者集落": 0, "支払者集落名": null, "支払者コード": 0, "支払者名": null, "支払者住所": null, "支払者電話番号": null, "農地異動適用法": false, "農地異動適用法名": null, "利用集積計画番号": null, "適用法開始年月日": null, "適用法終了年月日": null, "備考": "真山　英雄", "所有者世帯番号": 2360, "所有者個人番号": 4245, "借受者世帯番号": 2405, "借受者個人番号": 4022, "農地予備数字１": null, "農地予備数字２": null, "農地予備数字３": null, "農地予備数字４": null, "農地予備数字５": null, "農地予備文字１": null, "農地予備文字２": null, "農地予備文字３": null, "農地予備文字４": null, "農地予備文字５": null, "手動一致フラグ": null, "計算面積（アール）": 12, "散布班": "18-①", "地区名": "2026印西市" }, "geometry": { "type": "Polygon", "coordinates": [ [ [ 140.204000388999987, 35.800555501 ], [ 140.204230697000014, 35.800466464 ], [ 140.203968287, 35.800048837 ], [ 140.203746362, 35.800140556 ], [ 140.204000388999987, 35.800555501 ] ] ] } },
{ "type": "Feature", "properties": { "fid": 4426, "daicho_shubetsu_cd": "FUD25", "layer": "筆ポリゴン（2025年公開）_20260708233407", "fid_2": 6487, "事業年度": 2026, "物件番号": 7472, "GIS物件番号": null, "大字コード": 2050, "大字名": "萩原", "小字コード": 24, "小字名": "山中下", "__EMPTY": "萩原3028", "本番": 3028, "枝番": "0", "子番": 0, "孫番": false, "付番": false, "所在地番号": "2.05002403028e+28", "農地管理番号": 1, "耕地番号": 36, "所在地名": "萩原山中下3028", "マッチングさせるデータ": "萩原山中下3028", "空散対象区分1": 2, "空散対象区分2": null, "空散外面積1": 0, "空散外面積2": false, "集計転作面積": 0, "散布面積1": null, "散布面積2": null, "支払者集落": 0, "支払者集落名": null, "支払者コード": 0, "支払者名": null, "支払者住所": null, "支払者電話番号": null, "農地異動適用法": false, "農地異動適用法名": null, "利用集積計画番号": null, "適用法開始年月日": null, "適用法終了年月日": null, "備考": "真山　英雄", "所有者世帯番号": 2360, "所有者個人番号": 4245, "借受者世帯番号": 2405, "借受者個人番号": 4022, "農地予備数字１": null, "農地予備数字２": null, "農地予備数字３": null, "農地予備数字４": null, "農地予備数字５": null, "農地予備文字１": null, "農地予備文字２": null, "農地予備文字３": null, "農地予備文字４": null, "農地予備文字５": null, "手動一致フラグ": null, "計算面積（アール）": 10, "散布班": "18-①", "地区名": "2026印西市" }, "geometry": { "type": "Polygon", "coordinates": [ [ [ 140.203810764, 35.800626747 ], [ 140.204000388999987, 35.800555501 ], [ 140.203746362, 35.800140556 ], [ 140.203561987, 35.800215438 ], [ 140.203810764, 35.800626747 ] ] ] } },
{ "type": "Feature", "properties": { "fid": 4427, "daicho_shubetsu_cd": "FUD25", "layer": "筆ポリゴン（2025年公開）_20260708233407", "fid_2": 6488, "事業年度": 2026, "物件番号": 7484, "GIS物件番号": null, "大字コード": 2050, "大字名": "萩原", "小字コード": 24, "小字名": "山中下", "__EMPTY": "萩原3039", "本番": 3039, "枝番": "0", "子番": 0, "孫番": false, "付番": false, "所在地番号": "2.05002403039e+28", "農地管理番号": 1, "耕地番号": 136, "所在地名": "萩原山中下3039", "マッチングさせるデータ": "萩原山中下3039", "空散対象区分1": 2, "空散対象区分2": null, "空散外面積1": 0, "空散外面積2": false, "集計転作面積": 0, "散布面積1": null, "散布面積2": null, "支払者集落": 0, "支払者集落名": null, "支払者コード": 0, "支払者名": null, "支払者住所": null, "支払者電話番号": null, "農地異動適用法": false, "農地異動適用法名": null, "利用集積計画番号": null, "適用法開始年月日": null, "適用法終了年月日": null, "備考": "林　悦夫", "所有者世帯番号": 2509, "所有者個人番号": 4190, "借受者世帯番号": 2405, "借受者個人番号": 4022, "農地予備数字１": null, "農地予備数字２": null, "農地予備数字３": null, "農地予備数字４": null, "農地予備数字５": null, "農地予備文字１": null, "農地予備文字２": null, "農地予備文字３": null, "農地予備文字４": null, "農地予備文字５": null, "手動一致フラグ": null, "計算面積（アール）": 10, "散布班": "18-①", "地区名": "2026印西市" }, "geometry": { "type": "Polygon", "coordinates": [ [ [ 140.203489314, 35.799705858 ], [ 140.20372695, 35.800119384 ], [ 140.203936404, 35.800034699 ], [ 140.20368516, 35.799625775 ], [ 140.203489314, 35.799705858 ] ] ] } },
{ "type": "Feature", "properties": { "fid": 4428, "daicho_shubetsu_cd": "FUD25", "layer": "筆ポリゴン（2025年公開）_20260708233407", "fid_2": 6489, "事業年度": 2026, "物件番号": 7485, "GIS物件番号": null, "大字コード": 2050, "大字名": "萩原", "小字コード": 24, "小字名": "山中下", "__EMPTY": "萩原3040", "本番": 3040, "枝番": "0", "子番": 0, "孫番": false, "付番": false, "所在地番号": "2.0500240304e+28", "農地管理番号": 1, "耕地番号": 137, "所在地名": "萩原山中下3040", "マッチングさせるデータ": "萩原山中下3040", "空散対象区分1": 2, "空散対象区分2": null, "空散外面積1": 0, "空散外面積2": false, "集計転作面積": 0, "散布面積1": null, "散布面積2": null, "支払者集落": 0, "支払者集落名": null, "支払者コード": 0, "支払者名": null, "支払者住所": null, "支払者電話番号": null, "農地異動適用法": false, "農地異動適用法名": null, "利用集積計画番号": null, "適用法開始年月日": null, "適用法終了年月日": null, "備考": "林　悦夫", "所有者世帯番号": 2509, "所有者個人番号": 4190, "借受者世帯番号": 2405, "借受者個人番号": 4022, "農地予備数字１": null, "農地予備数字２": null, "農地予備数字３": null, "農地予備数字４": null, "農地予備数字５": null, "農地予備文字１": null, "農地予備文字２": null, "農地予備文字３": null, "農地予備文字４": null, "農地予備文字５": null, "手動一致フラグ": null, "計算面積（アール）": 10, "散布班": "18-①", "地区名": "2026印西市" }, "geometry": { "type": "Polygon", "coordinates": [ [ [ 140.20368516, 35.799625775 ], [ 140.203936404, 35.800034699 ], [ 140.204138672999989, 35.799952918 ], [ 140.203887094, 35.799543202 ], [ 140.20368516, 35.799625775 ] ] ] } },
{ "type": "Feature", "properties": { "fid": 4429, "daicho_shubetsu_cd": "FUD25", "layer": "筆ポリゴン（2025年公開）_20260708233407", "fid_2": 6490, "事業年度": 2026, "物件番号": 7486, "GIS物件番号": null, "大字コード": 2050, "大字名": "萩原", "小字コード": 24, "小字名": "山中下", "__EMPTY": "萩原3041", "本番": 3041, "枝番": "0", "子番": 0, "孫番": false, "付番": false, "所在地番号": "2.05002403041e+28", "農地管理番号": 1, "耕地番号": 138, "所在地名": "萩原山中下3041", "マッチングさせるデータ": "萩原山中下3041", "空散対象区分1": 2, "空散対象区分2": null, "空散外面積1": 0, "空散外面積2": false, "集計転作面積": 0, "散布面積1": null, "散布面積2": null, "支払者集落": 0, "支払者集落名": null, "支払者コード": 0, "支払者名": null, "支払者住所": null, "支払者電話番号": null, "農地異動適用法": false, "農地異動適用法名": null, "利用集積計画番号": null, "適用法開始年月日": null, "適用法終了年月日": null, "備考": "林　悦夫", "所有者世帯番号": 2509, "所有者個人番号": 4190, "借受者世帯番号": 2405, "借受者個人番号": 4022, "農地予備数字１": null, "農地予備数字２": null, "農地予備数字３": null, "農地予備数字４": null, "農地予備数字５": null, "農地予備文字１": null, "農地予備文字２": null, "農地予備文字３": null, "農地予備文字４": null, "農地予備文字５": null, "手動一致フラグ": null, "計算面積（アール）": 11, "散布班": "18-①", "地区名": "2026印西市" }, "geometry": { "type": "Polygon", "coordinates": [ [ [ 140.203887094, 35.799543202 ], [ 140.204138672999989, 35.799952918 ], [ 140.204348986000014, 35.799867886 ], [ 140.204089925, 35.799460261 ], [ 140.203887094, 35.799543202 ] ] ] } },
{ "type": "Feature", "properties": { "fid": 4430, "daicho_shubetsu_cd": "FUD25", "layer": "筆ポリゴン（2025年公開）_20260708233407", "fid_2": 6491, "事業年度": 2026, "物件番号": 7487, "GIS物件番号": null, "大字コード": 2050, "大字名": "萩原", "小字コード": 24, "小字名": "山中下", "__EMPTY": "萩原3042", "本番": 3042, "枝番": "1", "子番": 0, "孫番": false, "付番": false, "所在地番号": "2.05002403042e+28", "農地管理番号": 1, "耕地番号": 139, "所在地名": "萩原山中下3042-1", "マッチングさせるデータ": "萩原山中下3042-1", "空散対象区分1": 2, "空散対象区分2": null, "空散外面積1": 0, "空散外面積2": false, "集計転作面積": 0, "散布面積1": null, "散布面積2": null, "支払者集落": 0, "支払者集落名": null, "支払者コード": 0, "支払者名": null, "支払者住所": null, "支払者電話番号": null, "農地異動適用法": false, "農地異動適用法名": null, "利用集積計画番号": null, "適用法開始年月日": null, "適用法終了年月日": null, "備考": "林　悦夫", "所有者世帯番号": 2509, "所有者個人番号": 4190, "借受者世帯番号": 2405, "借受者個人番号": 4022, "農地予備数字１": null, "農地予備数字２": null, "農地予備数字３": null, "農地予備数字４": null, "農地予備数字５": null, "農地予備文字１": null, "農地予備文字２": null, "農地予備文字３": null, "農地予備文字４": null, "農地予備文字５": null, "手動一致フラグ": null, "計算面積（アール）": 9, "散布班": "18-①", "地区名": "2026印西市" }, "geometry": { "type": "Polygon", "coordinates": [ [ [ 140.204089925, 35.799460261 ], [ 140.204348986000014, 35.799867886 ], [ 140.204491413, 35.799806948 ], [ 140.204433623, 35.799690118 ], [ 140.204388868, 35.799578613 ], [ 140.204350654, 35.799474603 ], [ 140.20431291, 35.799369078 ], [ 140.204089925, 35.799460261 ] ] ] } },
{ "type": "Feature", "properties": { "fid": 4431, "daicho_shubetsu_cd": "FUD25", "layer": "筆ポリゴン（2025年公開）_20260708233407", "fid_2": 6493, "事業年度": 2026, "物件番号": 7489, "GIS物件番号": null, "大字コード": 2050, "大字名": "萩原", "小字コード": 24, "小字名": "山中下", "__EMPTY": "萩原3043", "本番": 3043, "枝番": "0", "子番": 0, "孫番": false, "付番": false, "所在地番号": "2.05002403043e+28", "農地管理番号": 1, "耕地番号": 141, "所在地名": "萩原山中下3043", "マッチングさせるデータ": "萩原山中下3043", "空散対象区分1": 2, "空散対象区分2": null, "空散外面積1": 0, "空散外面積2": false, "集計転作面積": 0, "散布面積1": null, "散布面積2": null, "支払者集落": 0, "支払者集落名": null, "支払者コード": 0, "支払者名": null, "支払者住所": null, "支払者電話番号": null, "農地異動適用法": false, "農地異動適用法名": null, "利用集積計画番号": null, "適用法開始年月日": null, "適用法終了年月日": null, "備考": "林　悦夫", "所有者世帯番号": 2509, "所有者個人番号": 4190, "借受者世帯番号": 2405, "借受者個人番号": 4022, "農地予備数字１": null, "農地予備数字２": null, "農地予備数字３": null, "農地予備数字４": null, "農地予備数字５": null, "農地予備文字１": null, "農地予備文字２": null, "農地予備文字３": null, "農地予備文字４": null, "農地予備文字５": null, "手動一致フラグ": null, "計算面積（アール）": 13, "散布班": "18-①", "地区名": "2026印西市" }, "geometry": { "type": "Polygon", "coordinates": [ [ [ 140.204058014, 35.798913271 ], [ 140.203819597, 35.799015375 ], [ 140.204072075999989, 35.799419604 ], [ 140.204311679999989, 35.799325062 ], [ 140.204287921, 35.799252001 ], [ 140.204254357, 35.799168636 ], [ 140.204201289, 35.799087716 ], [ 140.204111947, 35.798983763 ], [ 140.204058014, 35.798913271 ] ] ] } },
{ "type": "Feature", "properties": { "fid": 4432, "daicho_shubetsu_cd": "FUD25", "layer": "筆ポリゴン（2025年公開）_20260708233407", "fid_2": 6494, "事業年度": 2026, "物件番号": 7490, "GIS物件番号": null, "大字コード": 2050, "大字名": "萩原", "小字コード": 24, "小字名": "山中下", "__EMPTY": "萩原3044", "本番": 3044, "枝番": "0", "子番": 0, "孫番": false, "付番": false, "所在地番号": "2.05002403044e+28", "農地管理番号": 1, "耕地番号": 142, "所在地名": "萩原山中下3044", "マッチングさせるデータ": "萩原山中下3044", "空散対象区分1": 2, "空散対象区分2": null, "空散外面積1": 0, "空散外面積2": false, "集計転作面積": 0, "散布面積1": null, "散布面積2": null, "支払者集落": 0, "支払者集落名": null, "支払者コード": 0, "支払者名": null, "支払者住所": null, "支払者電話番号": null, "農地異動適用法": false, "農地異動適用法名": null, "利用集積計画番号": null, "適用法開始年月日": null, "適用法終了年月日": null, "備考": "林　悦夫", "所有者世帯番号": 2509, "所有者個人番号": 4190, "借受者世帯番号": 2405, "借受者個人番号": 4022, "農地予備数字１": null, "農地予備数字２": null, "農地予備数字３": null, "農地予備数字４": null, "農地予備数字５": null, "農地予備文字１": null, "農地予備文字２": null, "農地予備文字３": null, "農地予備文字４": null, "農地予備文字５": null, "手動一致フラグ": null, "計算面積（アール）": 10, "散布班": "18-①", "地区名": "2026印西市" }, "geometry": { "type": "Polygon", "coordinates": [ [ [ 140.203819597, 35.799015375 ], [ 140.203614709, 35.799092178 ], [ 140.203863652, 35.79950451 ], [ 140.204072075999989, 35.799419604 ], [ 140.203819597, 35.799015375 ] ] ] } },
{ "type": "Feature", "properties": { "fid": 4433, "daicho_shubetsu_cd": "FUD25", "layer": "筆ポリゴン（2025年公開）_20260708233407", "fid_2": 6495, "事業年度": 2026, "物件番号": 7496, "GIS物件番号": null, "大字コード": 2050, "大字名": "萩原", "小字コード": 24, "小字名": "山中下", "__EMPTY": "萩原3048", "本番": 3048, "枝番": "3", "子番": 0, "孫番": false, "付番": false, "所在地番号": "2.05002403048e+28", "農地管理番号": 1, "耕地番号": 31, "所在地名": "萩原山中下3048-3", "マッチングさせるデータ": "萩原山中下3048-3", "空散対象区分1": 2, "空散対象区分2": null, "空散外面積1": 0, "空散外面積2": false, "集計転作面積": 0, "散布面積1": null, "散布面積2": null, "支払者集落": 0, "支払者集落名": null, "支払者コード": 0, "支払者名": null, "支払者住所": null, "支払者電話番号": null, "農地異動適用法": false, "農地異動適用法名": null, "利用集積計画番号": null, "適用法開始年月日": null, "適用法終了年月日": null, "備考": "宇田　武雄", "所有者世帯番号": 2354, "所有者個人番号": 3842, "借受者世帯番号": 2405, "借受者個人番号": 4022, "農地予備数字１": null, "農地予備数字２": null, "農地予備数字３": null, "農地予備数字４": null, "農地予備数字５": null, "農地予備文字１": null, "農地予備文字２": null, "農地予備文字３": null, "農地予備文字４": null, "農地予備文字５": null, "手動一致フラグ": null, "計算面積（アール）": 11, "散布班": "18-①", "地区名": "2026印西市" }, "geometry": { "type": "Polygon", "coordinates": [ [ [ 140.202599670000012, 35.799503299 ], [ 140.202386446, 35.799587727 ], [ 140.202632593, 35.800009109 ], [ 140.202842942, 35.79991784 ], [ 140.202599670000012, 35.799503299 ] ] ] } },
{ "type": "Feature", "properties": { "fid": 4434, "daicho_shubetsu_cd": "FUD25", "layer": "筆ポリゴン（2025年公開）_20260708233407", "fid_2": 6500, "事業年度": 2026, "物件番号": 7105, "GIS物件番号": null, "大字コード": 2050, "大字名": "萩原", "小字コード": 8, "小字名": "和田下", "__EMPTY": "萩原3399", "本番": 3399, "枝番": "0", "子番": 0, "孫番": false, "付番": false, "所在地番号": "2.05000803399e+28", "農地管理番号": 1, "耕地番号": 17, "所在地名": "萩原和田下3399", "マッチングさせるデータ": "萩原和田下3399", "空散対象区分1": 2, "空散対象区分2": null, "空散外面積1": 0, "空散外面積2": false, "集計転作面積": 0, "散布面積1": null, "散布面積2": null, "支払者集落": 0, "支払者集落名": null, "支払者コード": 0, "支払者名": null, "支払者住所": null, "支払者電話番号": null, "農地異動適用法": false, "農地異動適用法名": null, "利用集積計画番号": null, "適用法開始年月日": null, "適用法終了年月日": null, "備考": "永井　政子", "所有者世帯番号": 108817200, "所有者個人番号": 108817200, "借受者世帯番号": 108817200, "借受者個人番号": 108817200, "農地予備数字１": null, "農地予備数字２": null, "農地予備数字３": null, "農地予備数字４": null, "農地予備数字５": null, "農地予備文字１": null, "農地予備文字２": null, "農地予備文字３": null, "農地予備文字４": null, "農地予備文字５": null, "手動一致フラグ": null, "計算面積（アール）": 8, "散布班": "18-①", "地区名": "2026印西市" }, "geometry": { "type": "Polygon", "coordinates": [ [ [ 140.21046410400001, 35.801039611 ], [ 140.210410755999987, 35.801139114 ], [ 140.211361165999989, 35.800940592 ], [ 140.21133235, 35.800857428 ], [ 140.211297234999989, 35.80086055 ], [ 140.21046410400001, 35.801039611 ] ] ] } },
{ "type": "Feature", "properties": { "fid": 4435, "daicho_shubetsu_cd": "FUD25", "layer": "筆ポリゴン（2025年公開）_20260708233407", "fid_2": 6501, "事業年度": 2026, "物件番号": 7204, "GIS物件番号": null, "大字コード": 2050, "大字名": "萩原", "小字コード": 8, "小字名": "和田下", "__EMPTY": "萩原3509", "本番": 3509, "枝番": "0", "子番": 0, "孫番": false, "付番": false, "所在地番号": "2.05000803509e+28", "農地管理番号": 1, "耕地番号": 18, "所在地名": "萩原和田下3509", "マッチングさせるデータ": "萩原和田下3509", "空散対象区分1": 2, "空散対象区分2": null, "空散外面積1": 0, "空散外面積2": false, "集計転作面積": 0, "散布面積1": null, "散布面積2": null, "支払者集落": 0, "支払者集落名": null, "支払者コード": 0, "支払者名": null, "支払者住所": null, "支払者電話番号": null, "農地異動適用法": false, "農地異動適用法名": null, "利用集積計画番号": null, "適用法開始年月日": null, "適用法終了年月日": null, "備考": "永井　政子", "所有者世帯番号": 108817200, "所有者個人番号": 108817200, "借受者世帯番号": 108817200, "借受者個人番号": 108817200, "農地予備数字１": null, "農地予備数字２": null, "農地予備数字３": null, "農地予備数字４": null, "農地予備数字５": null, "農地予備文字１": null, "農地予備文字２": null, "農地予備文字３": null, "農地予備文字４": null, "農地予備文字５": null, "手動一致フラグ": null, "計算面積（アール）": 20, "散布班": "18-①", "地区名": "2026印西市" }, "geometry": { "type": "Polygon", "coordinates": [ [ [ 140.205427129940631, 35.801374005187107 ], [ 140.20380332707802, 35.80168990865311 ], [ 140.203978439, 35.801790219 ], [ 140.205464724, 35.801487907 ], [ 140.205427129940631, 35.801374005187107 ] ] ] } },
{ "type": "Feature", "properties": { "fid": 4436, "daicho_shubetsu_cd": "FUD25", "layer": "筆ポリゴン（2025年公開）_20260708233407", "fid_2": 6502, "事業年度": 2026, "物件番号": 7205, "GIS物件番号": null, "大字コード": 2050, "大字名": "萩原", "小字コード": 8, "小字名": "和田下", "__EMPTY": "萩原3510", "本番": 3510, "枝番": "0", "子番": 0, "孫番": false, "付番": false, "所在地番号": "2.0500080351e+28", "農地管理番号": 1, "耕地番号": 1, "所在地名": "萩原和田下3510", "マッチングさせるデータ": "萩原和田下3510", "空散対象区分1": 2, "空散対象区分2": null, "空散外面積1": 0, "空散外面積2": false, "集計転作面積": 0, "散布面積1": null, "散布面積2": null, "支払者集落": 0, "支払者集落名": null, "支払者コード": 0, "支払者名": null, "支払者住所": null, "支払者電話番号": null, "農地異動適用法": false, "農地異動適用法名": null, "利用集積計画番号": null, "適用法開始年月日": null, "適用法終了年月日": null, "備考": "成田　肪", "所有者世帯番号": 2410, "所有者個人番号": 4156, "借受者世帯番号": 2410, "借受者個人番号": 4156, "農地予備数字１": null, "農地予備数字２": null, "農地予備数字３": null, "農地予備数字４": null, "農地予備数字５": null, "農地予備文字１": null, "農地予備文字２": null, "農地予備文字３": null, "農地予備文字４": null, "農地予備文字５": null, "手動一致フラグ": null, "計算面積（アール）": 11, "散布班": "18-①", "地区名": "2026印西市" }, "geometry": { "type": "Polygon", "coordinates": [ [ [ 140.20380332707802, 35.80168990865311 ], [ 140.205427129940631, 35.801374005187107 ], [ 140.205404386, 35.801305096 ], [ 140.203867081999988, 35.801609396 ], [ 140.203806856, 35.801668407 ], [ 140.203799138, 35.801687509 ], [ 140.20380332707802, 35.80168990865311 ] ] ] } },
{ "type": "Feature", "properties": { "fid": 4437, "daicho_shubetsu_cd": "FUD25", "layer": "筆ポリゴン（2025年公開）_20260708233407", "fid_2": 6503, "事業年度": 2026, "物件番号": 7462, "GIS物件番号": null, "大字コード": 2050, "大字名": "萩原", "小字コード": 24, "小字名": "山中下", "__EMPTY": "萩原3019", "本番": 3019, "枝番": "0", "子番": 0, "孫番": false, "付番": false, "所在地番号": "2.05002403019e+28", "農地管理番号": 1, "耕地番号": 2, "所在地名": "萩原山中下3019", "マッチングさせるデータ": "萩原山中下3019", "空散対象区分1": 2, "空散対象区分2": null, "空散外面積1": 0, "空散外面積2": false, "集計転作面積": 0, "散布面積1": null, "散布面積2": null, "支払者集落": 0, "支払者集落名": null, "支払者コード": 0, "支払者名": null, "支払者住所": null, "支払者電話番号": null, "農地異動適用法": false, "農地異動適用法名": null, "利用集積計画番号": null, "適用法開始年月日": null, "適用法終了年月日": null, "備考": "成田　肪", "所有者世帯番号": 2410, "所有者個人番号": 4156, "借受者世帯番号": 2410, "借受者個人番号": 4156, "農地予備数字１": null, "農地予備数字２": null, "農地予備数字３": null, "農地予備数字４": null, "農地予備数字５": null, "農地予備文字１": null, "農地予備文字２": null, "農地予備文字３": null, "農地予備文字４": null, "農地予備文字５": null, "手動一致フラグ": null, "計算面積（アール）": 11, "散布班": "18-①", "地区名": "2026印西市" }, "geometry": { "type": "Polygon", "coordinates": [ [ [ 140.203473334, 35.800809385 ], [ 140.203714849, 35.801228369 ], [ 140.203940652999989, 35.801140053 ], [ 140.203681986, 35.800726069 ], [ 140.203473334, 35.800809385 ] ] ] } },
{ "type": "Feature", "properties": { "fid": 4441, "daicho_shubetsu_cd": "FUD25", "layer": "筆ポリゴン（2025年公開）_20260708233407", "fid_2": 6511, "事業年度": 2026, "物件番号": null, "GIS物件番号": null, "大字コード": 2051, "大字名": "萩原干拓", "小字コード": 0, "小字名": null, "__EMPTY": "萩原干拓165", "本番": 165, "枝番": "0", "子番": 0, "孫番": false, "付番": false, "所在地番号": "2.05100000165e+28", "農地管理番号": 1, "耕地番号": 11, "所在地名": "萩原干拓165-1", "マッチングさせるデータ": "萩原干拓165-1", "空散対象区分1": 2, "空散対象区分2": null, "空散外面積1": 0, "空散外面積2": false, "集計転作面積": 0, "散布面積1": null, "散布面積2": null, "支払者集落": 0, "支払者集落名": null, "支払者コード": 0, "支払者名": null, "支払者住所": null, "支払者電話番号": null, "農地異動適用法": false, "農地異動適用法名": null, "利用集積計画番号": null, "適用法開始年月日": null, "適用法終了年月日": null, "備考": "成田　肪", "所有者世帯番号": 2410, "所有者個人番号": 4156, "借受者世帯番号": 2410, "借受者個人番号": 4156, "農地予備数字１": null, "農地予備数字２": null, "農地予備数字３": null, "農地予備数字４": null, "農地予備数字５": null, "農地予備文字１": null, "農地予備文字２": null, "農地予備文字３": null, "農地予備文字４": null, "農地予備文字５": null, "手動一致フラグ": null, "計算面積（アール）": 35, "散布班": "18-⑤", "地区名": "2026印西市" }, "geometry": { "type": "Polygon", "coordinates": [ [ [ 140.226859896, 35.802451957 ], [ 140.227203315999986, 35.802660996 ], [ 140.227811713, 35.80199615 ], [ 140.227516007, 35.80180553 ], [ 140.227459626000012, 35.801818487 ], [ 140.226859896, 35.802451957 ] ] ] } },
{ "type": "Feature", "properties": { "fid": 4442, "daicho_shubetsu_cd": "FUD25", "layer": "筆ポリゴン（2025年公開）_20260708233407", "fid_2": 6512, "事業年度": 2026, "物件番号": 6960, "GIS物件番号": null, "大字コード": 2050, "大字名": "萩原", "小字コード": 6, "小字名": "城内下", "__EMPTY": "萩原3270", "本番": 3270, "枝番": "0", "子番": 0, "孫番": false, "付番": false, "所在地番号": "2.0500060327e+28", "農地管理番号": 1, "耕地番号": 1, "所在地名": "萩原城内下3270", "マッチングさせるデータ": "萩原城内下3270", "空散対象区分1": 2, "空散対象区分2": null, "空散外面積1": 0, "空散外面積2": false, "集計転作面積": 0, "散布面積1": null, "散布面積2": null, "支払者集落": 0, "支払者集落名": null, "支払者コード": 0, "支払者名": null, "支払者住所": null, "支払者電話番号": null, "農地異動適用法": false, "農地異動適用法名": null, "利用集積計画番号": null, "適用法開始年月日": null, "適用法終了年月日": null, "備考": "荒野　美智雄", "所有者世帯番号": 2402, "所有者個人番号": 8475, "借受者世帯番号": 2402, "借受者個人番号": 8475, "農地予備数字１": null, "農地予備数字２": null, "農地予備数字３": null, "農地予備数字４": null, "農地予備数字５": null, "農地予備文字１": null, "農地予備文字２": null, "農地予備文字３": null, "農地予備文字４": null, "農地予備文字５": null, "手動一致フラグ": null, "計算面積（アール）": 35, "散布班": "18-①", "地区名": "2026印西市" }, "geometry": { "type": "Polygon", "coordinates": [ [ [ 140.215355821, 35.801976638 ], [ 140.216447711, 35.801767497 ], [ 140.216349896999986, 35.801459311 ], [ 140.215271562, 35.801676915 ], [ 140.215355821, 35.801976638 ] ] ] } },
{ "type": "Feature", "properties": { "fid": 4443, "daicho_shubetsu_cd": "FUD25", "layer": "筆ポリゴン（2025年公開）_20260708233407", "fid_2": 6513, "事業年度": 2026, "物件番号": 7104, "GIS物件番号": null, "大字コード": 2050, "大字名": "萩原", "小字コード": 8, "小字名": "和田下", "__EMPTY": "萩原3398", "本番": 3398, "枝番": "0", "子番": 0, "孫番": false, "付番": false, "所在地番号": "2.05000803398e+28", "農地管理番号": 1, "耕地番号": 2, "所在地名": "萩原和田下3398", "マッチングさせるデータ": "萩原和田下3398", "空散対象区分1": 2, "空散対象区分2": null, "空散外面積1": 0, "空散外面積2": false, "集計転作面積": 0, "散布面積1": null, "散布面積2": null, "支払者集落": 0, "支払者集落名": null, "支払者コード": 0, "支払者名": null, "支払者住所": null, "支払者電話番号": null, "農地異動適用法": false, "農地異動適用法名": null, "利用集積計画番号": null, "適用法開始年月日": null, "適用法終了年月日": null, "備考": "荒野　美智雄", "所有者世帯番号": 2402, "所有者個人番号": 8475, "借受者世帯番号": 2402, "借受者個人番号": 8475, "農地予備数字１": null, "農地予備数字２": null, "農地予備数字３": null, "農地予備数字４": null, "農地予備数字５": null, "農地予備文字１": null, "農地予備文字２": null, "農地予備文字３": null, "農地予備文字４": null, "農地予備文字５": null, "手動一致フラグ": null, "計算面積（アール）": 23, "散布班": "18-①", "地区名": "2026印西市" }, "geometry": { "type": "Polygon", "coordinates": [ [ [ 140.211207503999987, 35.800600981 ], [ 140.210402071, 35.800781367 ], [ 140.210515158, 35.800943682 ], [ 140.21046410400001, 35.801039611 ], [ 140.211297234999989, 35.80086055 ], [ 140.211293438000013, 35.800839475 ], [ 140.211333382, 35.800828549 ], [ 140.211262927, 35.80059177 ], [ 140.211207503999987, 35.800600981 ] ] ] } },
{ "type": "Feature", "properties": { "fid": 4444, "daicho_shubetsu_cd": "FUD25", "layer": "筆ポリゴン（2025年公開）_20260708233407", "fid_2": 6515, "事業年度": 2026, "物件番号": 7454, "GIS物件番号": null, "大字コード": 2050, "大字名": "萩原", "小字コード": 24, "小字名": "山中下", "__EMPTY": "萩原3011", "本番": 3011, "枝番": "0", "子番": 0, "孫番": false, "付番": false, "所在地番号": "2.05002403011e+28", "農地管理番号": 1, "耕地番号": 10, "所在地名": "萩原山中下3011", "マッチングさせるデータ": "萩原山中下3011", "空散対象区分1": 2, "空散対象区分2": null, "空散外面積1": 0, "空散外面積2": false, "集計転作面積": 0, "散布面積1": null, "散布面積2": null, "支払者集落": 0, "支払者集落名": null, "支払者コード": 0, "支払者名": null, "支払者住所": null, "支払者電話番号": null, "農地異動適用法": false, "農地異動適用法名": null, "利用集積計画番号": null, "適用法開始年月日": null, "適用法終了年月日": null, "備考": "荒野　美智雄", "所有者世帯番号": 2402, "所有者個人番号": 8475, "借受者世帯番号": 2402, "借受者個人番号": 8475, "農地予備数字１": null, "農地予備数字２": null, "農地予備数字３": null, "農地予備数字４": null, "農地予備数字５": null, "農地予備文字１": null, "農地予備文字２": null, "農地予備文字３": null, "農地予備文字４": null, "農地予備文字５": null, "手動一致フラグ": null, "計算面積（アール）": 9, "散布班": "18-①", "地区名": "2026印西市" }, "geometry": { "type": "Polygon", "coordinates": [ [ [ 140.203831665, 35.801518258 ], [ 140.204167725, 35.80120941 ], [ 140.204093062, 35.801101528 ], [ 140.203675553000011, 35.801274417 ], [ 140.203831665, 35.801518258 ] ] ] } },
{ "type": "Feature", "properties": { "fid": 4445, "daicho_shubetsu_cd": "FUD25", "layer": "筆ポリゴン（2025年公開）_20260708233407", "fid_2": 6516, "事業年度": 2026, "物件番号": 7187, "GIS物件番号": null, "大字コード": 2050, "大字名": "萩原", "小字コード": 8, "小字名": "和田下", "__EMPTY": "萩原3492", "本番": 3492, "枝番": "0", "子番": 0, "孫番": false, "付番": false, "所在地番号": "2.05000803492e+28", "農地管理番号": 1, "耕地番号": 2, "所在地名": "萩原和田下3492", "マッチングさせるデータ": "萩原和田下3492", "空散対象区分1": 2, "空散対象区分2": null, "空散外面積1": 0, "空散外面積2": false, "集計転作面積": 0, "散布面積1": null, "散布面積2": null, "支払者集落": 0, "支払者集落名": null, "支払者コード": 0, "支払者名": null, "支払者住所": null, "支払者電話番号": null, "農地異動適用法": false, "農地異動適用法名": null, "利用集積計画番号": null, "適用法開始年月日": null, "適用法終了年月日": null, "備考": "石井　隆雄", "所有者世帯番号": 2504, "所有者個人番号": 3901, "借受者世帯番号": 2504, "借受者個人番号": 3901, "農地予備数字１": null, "農地予備数字２": null, "農地予備数字３": null, "農地予備数字４": null, "農地予備数字５": null, "農地予備文字１": null, "農地予備文字２": null, "農地予備文字３": null, "農地予備文字４": null, "農地予備文字５": null, "手動一致フラグ": null, "計算面積（アール）": 20, "散布班": "18-①", "地区名": "2026印西市" }, "geometry": { "type": "Polygon", "coordinates": [ [ [ 140.205927482, 35.802781161 ], [ 140.207014494, 35.802560204 ], [ 140.206953758, 35.802385616 ], [ 140.205928899000014, 35.802594191 ], [ 140.20593472600001, 35.802617505 ], [ 140.205881383, 35.802627344 ], [ 140.205927482, 35.802781161 ] ] ] } },
{ "type": "Feature", "properties": { "fid": 4446, "daicho_shubetsu_cd": "FUD25", "layer": "筆ポリゴン（2025年公開）_20260708233407", "fid_2": 6517, "事業年度": 2026, "物件番号": 7474, "GIS物件番号": null, "大字コード": 2050, "大字名": "萩原", "小字コード": 24, "小字名": "山中下", "__EMPTY": "萩原3030", "本番": 3030, "枝番": "0", "子番": 0, "孫番": false, "付番": false, "所在地番号": "2.0500240303e+28", "農地管理番号": 1, "耕地番号": 3, "所在地名": "萩原山中下3030", "マッチングさせるデータ": "萩原山中下3030", "空散対象区分1": 2, "空散対象区分2": null, "空散外面積1": 0, "空散外面積2": false, "集計転作面積": 0, "散布面積1": null, "散布面積2": null, "支払者集落": 0, "支払者集落名": null, "支払者コード": 0, "支払者名": null, "支払者住所": null, "支払者電話番号": null, "農地異動適用法": false, "農地異動適用法名": null, "利用集積計画番号": null, "適用法開始年月日": null, "適用法終了年月日": null, "備考": "石井　隆雄", "所有者世帯番号": 2504, "所有者個人番号": 3901, "借受者世帯番号": 2504, "借受者個人番号": 3901, "農地予備数字１": null, "農地予備数字２": null, "農地予備数字３": null, "農地予備数字４": null, "農地予備数字５": null, "農地予備文字１": null, "農地予備文字２": null, "農地予備文字３": null, "農地予備文字４": null, "農地予備文字５": null, "手動一致フラグ": null, "計算面積（アール）": 21, "散布班": "18-①", "地区名": "2026印西市" }, "geometry": { "type": "Polygon", "coordinates": [ [ [ 140.203191081, 35.800852761 ], [ 140.203215143, 35.800843761 ], [ 140.203230582, 35.800865135 ], [ 140.203619218999989, 35.800704804 ], [ 140.203370834, 35.800288923 ], [ 140.202956351000012, 35.800459723 ], [ 140.203191081, 35.800852761 ] ] ] } },
{ "type": "Feature", "properties": { "fid": 4452, "daicho_shubetsu_cd": "FUD25", "layer": "筆ポリゴン（2025年公開）_20260708233407", "fid_2": 6525, "事業年度": 2026, "物件番号": 6838, "GIS物件番号": null, "大字コード": 2050, "大字名": "萩原", "小字コード": 4, "小字名": "株木下", "__EMPTY": "萩原3139", "本番": 3139, "枝番": "0", "子番": 0, "孫番": false, "付番": false, "所在地番号": "2.05000403139e+28", "農地管理番号": 1, "耕地番号": 36, "所在地名": "萩原株木下3139", "マッチングさせるデータ": "萩原株木下3139", "空散対象区分1": 2, "空散対象区分2": null, "空散外面積1": 0, "空散外面積2": false, "集計転作面積": 0, "散布面積1": null, "散布面積2": null, "支払者集落": 0, "支払者集落名": null, "支払者コード": 0, "支払者名": null, "支払者住所": null, "支払者電話番号": null, "農地異動適用法": false, "農地異動適用法名": null, "利用集積計画番号": null, "適用法開始年月日": null, "適用法終了年月日": null, "備考": "大野　操", "所有者世帯番号": 2157, "所有者個人番号": 3976, "借受者世帯番号": 2507, "借受者個人番号": 4183, "農地予備数字１": null, "農地予備数字２": null, "農地予備数字３": null, "農地予備数字４": null, "農地予備数字５": null, "農地予備文字１": null, "農地予備文字２": null, "農地予備文字３": null, "農地予備文字４": null, "農地予備文字５": null, "手動一致フラグ": null, "計算面積（アール）": 38, "散布班": "18-④", "地区名": "2026印西市" }, "geometry": { "type": "Polygon", "coordinates": [ [ [ 140.219467318, 35.796391623 ], [ 140.21887159100001, 35.796982137 ], [ 140.21877293, 35.797084377 ], [ 140.218548925, 35.797332353 ], [ 140.218869086000012, 35.797412689 ], [ 140.218907965999989, 35.797373572 ], [ 140.219745088, 35.79652746 ], [ 140.219660983000011, 35.796487983 ], [ 140.219565128999989, 35.796440594 ], [ 140.219467318, 35.796391623 ] ] ] } },
{ "type": "Feature", "properties": { "fid": 4453, "daicho_shubetsu_cd": "FUD25", "layer": "筆ポリゴン（2025年公開）_20260708233407", "fid_2": 6526, "事業年度": 2026, "物件番号": 6839, "GIS物件番号": null, "大字コード": 2050, "大字名": "萩原", "小字コード": 4, "小字名": "株木下", "__EMPTY": "萩原3140", "本番": 3140, "枝番": "0", "子番": 0, "孫番": false, "付番": false, "所在地番号": "2.0500040314e+28", "農地管理番号": 1, "耕地番号": 37, "所在地名": "萩原株木下3140", "マッチングさせるデータ": "萩原株木下3140", "空散対象区分1": 2, "空散対象区分2": null, "空散外面積1": 0, "空散外面積2": false, "集計転作面積": 0, "散布面積1": null, "散布面積2": null, "支払者集落": 0, "支払者集落名": null, "支払者コード": 0, "支払者名": null, "支払者住所": null, "支払者電話番号": null, "農地異動適用法": false, "農地異動適用法名": null, "利用集積計画番号": null, "適用法開始年月日": null, "適用法終了年月日": null, "備考": "大野　操", "所有者世帯番号": 2157, "所有者個人番号": 3976, "借受者世帯番号": 2507, "借受者個人番号": 4183, "農地予備数字１": null, "農地予備数字２": null, "農地予備数字３": null, "農地予備数字４": null, "農地予備数字５": null, "農地予備文字１": null, "農地予備文字２": null, "農地予備文字３": null, "農地予備文字４": null, "農地予備文字５": null, "手動一致フラグ": null, "計算面積（アール）": 15, "散布班": "18-④", "地区名": "2026印西市" }, "geometry": { "type": "Polygon", "coordinates": [ [ [ 140.219745088, 35.79652746 ], [ 140.218907965999989, 35.797373572 ], [ 140.218936275, 35.797383855 ], [ 140.218926833000012, 35.79742281 ], [ 140.219014534, 35.797438181 ], [ 140.219872164, 35.796574747 ], [ 140.219745088, 35.79652746 ] ] ] } },
{ "type": "Feature", "properties": { "fid": 4454, "daicho_shubetsu_cd": "FUD25", "layer": "筆ポリゴン（2025年公開）_20260708233407", "fid_2": 6527, "事業年度": 2026, "物件番号": 6865, "GIS物件番号": null, "大字コード": 2050, "大字名": "萩原", "小字コード": 4, "小字名": "株木下", "__EMPTY": "萩原3168", "本番": 3168, "枝番": "1", "子番": 0, "孫番": false, "付番": false, "所在地番号": "2.05000403168e+28", "農地管理番号": 1, "耕地番号": 80, "所在地名": "萩原株木下3168-1", "マッチングさせるデータ": "萩原株木下3168-1", "空散対象区分1": 2, "空散対象区分2": null, "空散外面積1": 0, "空散外面積2": false, "集計転作面積": 0, "散布面積1": null, "散布面積2": null, "支払者集落": 0, "支払者集落名": null, "支払者コード": 0, "支払者名": null, "支払者住所": null, "支払者電話番号": null, "農地異動適用法": false, "農地異動適用法名": null, "利用集積計画番号": null, "適用法開始年月日": null, "適用法終了年月日": null, "備考": "天野　正司", "所有者世帯番号": 1713, "所有者個人番号": 3289, "借受者世帯番号": 2507, "借受者個人番号": 4183, "農地予備数字１": null, "農地予備数字２": null, "農地予備数字３": null, "農地予備数字４": null, "農地予備数字５": null, "農地予備文字１": null, "農地予備文字２": null, "農地予備文字３": null, "農地予備文字４": null, "農地予備文字５": null, "手動一致フラグ": null, "計算面積（アール）": 30, "散布班": "18-④", "地区名": "2026印西市" }, "geometry": { "type": "Polygon", "coordinates": [ [ [ 140.218689715000011, 35.798457812 ], [ 140.218954, 35.798628672 ], [ 140.219620091, 35.797968927 ], [ 140.219616097, 35.797911413 ], [ 140.219388665, 35.797760759 ], [ 140.219373873, 35.797775945 ], [ 140.218689715000011, 35.798457812 ] ] ] } },
{ "type": "Feature", "properties": { "fid": 4455, "daicho_shubetsu_cd": "FUD25", "layer": "筆ポリゴン（2025年公開）_20260708233407", "fid_2": 6531, "事業年度": 2026, "物件番号": 6869, "GIS物件番号": null, "大字コード": 2050, "大字名": "萩原", "小字コード": 4, "小字名": "株木下", "__EMPTY": "萩原3169", "本番": 3169, "枝番": "0", "子番": 0, "孫番": false, "付番": false, "所在地番号": "2.05000403169e+28", "農地管理番号": 1, "耕地番号": 50, "所在地名": "萩原株木下3169", "マッチングさせるデータ": "萩原株木下3169", "空散対象区分1": 2, "空散対象区分2": null, "空散外面積1": 0, "空散外面積2": false, "集計転作面積": 0, "散布面積1": null, "散布面積2": null, "支払者集落": 0, "支払者集落名": null, "支払者コード": 0, "支払者名": null, "支払者住所": null, "支払者電話番号": null, "農地異動適用法": false, "農地異動適用法名": null, "利用集積計画番号": null, "適用法開始年月日": null, "適用法終了年月日": null, "備考": "中村　貞雄", "所有者世帯番号": 2161, "所有者個人番号": 4129, "借受者世帯番号": 2507, "借受者個人番号": 4183, "農地予備数字１": null, "農地予備数字２": null, "農地予備数字３": null, "農地予備数字４": null, "農地予備数字５": null, "農地予備文字１": null, "農地予備文字２": null, "農地予備文字３": null, "農地予備文字４": null, "農地予備文字５": null, "手動一致フラグ": null, "計算面積（アール）": 31, "散布班": "18-④", "地区名": "2026印西市" }, "geometry": { "type": "Polygon", "coordinates": [ [ [ 140.218428359, 35.798286943 ], [ 140.218689715000011, 35.798457812 ], [ 140.219373873, 35.797775945 ], [ 140.2193478, 35.797763917 ], [ 140.219366221, 35.797730553 ], [ 140.219129447, 35.79758016 ], [ 140.218428359, 35.798286943 ] ] ] } },
{ "type": "Feature", "properties": { "fid": 4456, "daicho_shubetsu_cd": "FUD25", "layer": "筆ポリゴン（2025年公開）_20260708233407", "fid_2": 6532, "事業年度": 2026, "物件番号": 6870, "GIS物件番号": null, "大字コード": 2050, "大字名": "萩原", "小字コード": 4, "小字名": "株木下", "__EMPTY": "萩原3170", "本番": 3170, "枝番": "0", "子番": 0, "孫番": false, "付番": false, "所在地番号": "2.0500040317e+28", "農地管理番号": 1, "耕地番号": 51, "所在地名": "萩原株木下3170", "マッチングさせるデータ": "萩原株木下3170", "空散対象区分1": 2, "空散対象区分2": null, "空散外面積1": 0, "空散外面積2": false, "集計転作面積": 0, "散布面積1": null, "散布面積2": null, "支払者集落": 0, "支払者集落名": null, "支払者コード": 0, "支払者名": null, "支払者住所": null, "支払者電話番号": null, "農地異動適用法": false, "農地異動適用法名": null, "利用集積計画番号": null, "適用法開始年月日": null, "適用法終了年月日": null, "備考": "中村　貞雄", "所有者世帯番号": 2161, "所有者個人番号": 4129, "借受者世帯番号": 2507, "借受者個人番号": 4183, "農地予備数字１": null, "農地予備数字２": null, "農地予備数字３": null, "農地予備数字４": null, "農地予備数字５": null, "農地予備文字１": null, "農地予備文字２": null, "農地予備文字３": null, "農地予備文字４": null, "農地予備文字５": null, "手動一致フラグ": null, "計算面積（アール）": 31, "散布班": "18-④", "地区名": "2026印西市" }, "geometry": { "type": "Polygon", "coordinates": [ [ [ 140.218158233999986, 35.798118487 ], [ 140.218428359, 35.798286943 ], [ 140.219129447, 35.79758016 ], [ 140.21899142800001, 35.797489979 ], [ 140.218830211000011, 35.797445185 ], [ 140.218419544999989, 35.7978472 ], [ 140.218158233999986, 35.798118487 ] ] ] } },
{ "type": "Feature", "properties": { "fid": 4457, "daicho_shubetsu_cd": "FUD25", "layer": "筆ポリゴン（2025年公開）_20260708233407", "fid_2": 6533, "事業年度": 2026, "物件番号": 6871, "GIS物件番号": null, "大字コード": 2050, "大字名": "萩原", "小字コード": 4, "小字名": "株木下", "__EMPTY": "萩原3171", "本番": 3171, "枝番": "1", "子番": 0, "孫番": false, "付番": false, "所在地番号": "2.05000403171e+28", "農地管理番号": 1, "耕地番号": 52, "所在地名": "萩原株木下3171-1", "マッチングさせるデータ": "萩原株木下3171-1", "空散対象区分1": 2, "空散対象区分2": null, "空散外面積1": 0, "空散外面積2": false, "集計転作面積": 0, "散布面積1": null, "散布面積2": null, "支払者集落": 0, "支払者集落名": null, "支払者コード": 0, "支払者名": null, "支払者住所": null, "支払者電話番号": null, "農地異動適用法": false, "農地異動適用法名": null, "利用集積計画番号": null, "適用法開始年月日": null, "適用法終了年月日": null, "備考": "中村　貞雄", "所有者世帯番号": 2161, "所有者個人番号": 4129, "借受者世帯番号": 2507, "借受者個人番号": 4183, "農地予備数字１": null, "農地予備数字２": null, "農地予備数字３": null, "農地予備数字４": null, "農地予備数字５": null, "農地予備文字１": null, "農地予備文字２": null, "農地予備文字３": null, "農地予備文字４": null, "農地予備文字５": null, "手動一致フラグ": null, "計算面積（アール）": 11, "散布班": "18-④", "地区名": "2026印西市" }, "geometry": { "type": "Polygon", "coordinates": [ [ [ 140.218158233999986, 35.798118487 ], [ 140.218419544999989, 35.7978472 ], [ 140.218100696, 35.797720406 ], [ 140.217861660000011, 35.79792865 ], [ 140.218158233999986, 35.798118487 ] ] ] } },
{ "type": "Feature", "properties": { "fid": 4458, "daicho_shubetsu_cd": "FUD25", "layer": "筆ポリゴン（2025年公開）_20260708233407", "fid_2": 6534, "事業年度": 2026, "物件番号": 6937, "GIS物件番号": null, "大字コード": 2050, "大字名": "萩原", "小字コード": 4, "小字名": "株木下", "__EMPTY": "萩原3241", "本番": 3241, "枝番": "0", "子番": 0, "孫番": false, "付番": false, "所在地番号": "2.05000403241e+28", "農地管理番号": 1, "耕地番号": 40, "所在地名": "萩原株木下3241", "マッチングさせるデータ": "萩原株木下3241", "空散対象区分1": 2, "空散対象区分2": null, "空散外面積1": 0, "空散外面積2": false, "集計転作面積": 0, "散布面積1": null, "散布面積2": null, "支払者集落": 0, "支払者集落名": null, "支払者コード": 0, "支払者名": null, "支払者住所": null, "支払者電話番号": null, "農地異動適用法": false, "農地異動適用法名": null, "利用集積計画番号": null, "適用法開始年月日": null, "適用法終了年月日": null, "備考": "大野　操", "所有者世帯番号": 2157, "所有者個人番号": 3976, "借受者世帯番号": 2507, "借受者個人番号": 4183, "農地予備数字１": null, "農地予備数字２": null, "農地予備数字３": null, "農地予備数字４": null, "農地予備数字５": null, "農地予備文字１": null, "農地予備文字２": null, "農地予備文字３": null, "農地予備文字４": null, "農地予備文字５": null, "手動一致フラグ": null, "計算面積（アール）": 12, "散布班": "18-④", "地区名": "2026印西市" }, "geometry": { "type": "Polygon", "coordinates": [ [ [ 140.21678756, 35.800949264 ], [ 140.21655149, 35.801184642 ], [ 140.21640144700001, 35.801334245 ], [ 140.216468774, 35.801549824 ], [ 140.216958569000013, 35.80106251 ], [ 140.21678756, 35.800949264 ] ] ] } },
{ "type": "Feature", "properties": { "fid": 4459, "daicho_shubetsu_cd": "FUD25", "layer": "筆ポリゴン（2025年公開）_20260708233407", "fid_2": 6535, "事業年度": 2026, "物件番号": 6962, "GIS物件番号": null, "大字コード": 2050, "大字名": "萩原", "小字コード": 6, "小字名": "城内下", "__EMPTY": "萩原3272", "本番": 3272, "枝番": "0", "子番": 0, "孫番": false, "付番": false, "所在地番号": "2.05000603272e+28", "農地管理番号": 1, "耕地番号": 83, "所在地名": "萩原城内下3272", "マッチングさせるデータ": "萩原城内下3272", "空散対象区分1": 2, "空散対象区分2": null, "空散外面積1": 0, "空散外面積2": false, "集計転作面積": 0, "散布面積1": null, "散布面積2": null, "支払者集落": 0, "支払者集落名": null, "支払者コード": 0, "支払者名": null, "支払者住所": null, "支払者電話番号": null, "農地異動適用法": false, "農地異動適用法名": null, "利用集積計画番号": null, "適用法開始年月日": null, "適用法終了年月日": null, "備考": "飯田　靜夫", "所有者世帯番号": 1713, "所有者個人番号": 3289, "借受者世帯番号": 2507, "借受者個人番号": 4183, "農地予備数字１": null, "農地予備数字２": null, "農地予備数字３": null, "農地予備数字４": null, "農地予備数字５": null, "農地予備文字１": null, "農地予備文字２": null, "農地予備文字３": null, "農地予備文字４": null, "農地予備文字５": null, "手動一致フラグ": null, "計算面積（アール）": 16, "散布班": "18-①", "地区名": "2026印西市" }, "geometry": { "type": "Polygon", "coordinates": [ [ [ 140.21544278727481, 35.802241957392596 ], [ 140.216523739870269, 35.802009508127057 ], [ 140.216475847, 35.801870803 ], [ 140.215396279, 35.80210099 ], [ 140.21544278727481, 35.802241957392596 ] ] ] } },
{ "type": "Feature", "properties": { "fid": 4460, "daicho_shubetsu_cd": "FUD25", "layer": "筆ポリゴン（2025年公開）_20260708233407", "fid_2": 6536, "事業年度": 2026, "物件番号": 6963, "GIS物件番号": null, "大字コード": 2050, "大字名": "萩原", "小字コード": 6, "小字名": "城内下", "__EMPTY": "萩原3273", "本番": 3273, "枝番": "0", "子番": 0, "孫番": false, "付番": false, "所在地番号": "2.05000603273e+28", "農地管理番号": 1, "耕地番号": 84, "所在地名": "萩原城内下3273", "マッチングさせるデータ": "萩原城内下3273", "空散対象区分1": 2, "空散対象区分2": null, "空散外面積1": 0, "空散外面積2": false, "集計転作面積": 0, "散布面積1": null, "散布面積2": null, "支払者集落": 0, "支払者集落名": null, "支払者コード": 0, "支払者名": null, "支払者住所": null, "支払者電話番号": null, "農地異動適用法": false, "農地異動適用法名": null, "利用集積計画番号": null, "適用法開始年月日": null, "適用法終了年月日": null, "備考": "飯田　靜夫", "所有者世帯番号": 1713, "所有者個人番号": 3289, "借受者世帯番号": 2507, "借受者個人番号": 4183, "農地予備数字１": null, "農地予備数字２": null, "農地予備数字３": null, "農地予備数字４": null, "農地予備数字５": null, "農地予備文字１": null, "農地予備文字２": null, "農地予備文字３": null, "農地予備文字４": null, "農地予備文字５": null, "手動一致フラグ": null, "計算面積（アール）": 21, "散布班": "18-①", "地区名": "2026印西市" }, "geometry": { "type": "Polygon", "coordinates": [ [ [ 140.216523739870269, 35.802009508127057 ], [ 140.21544278727481, 35.802241957392596 ], [ 140.215502574, 35.802423172 ], [ 140.216586819000014, 35.802192195 ], [ 140.216523739870269, 35.802009508127057 ] ] ] } },
{ "type": "Feature", "properties": { "fid": 4461, "daicho_shubetsu_cd": "FUD25", "layer": "筆ポリゴン（2025年公開）_20260708233407", "fid_2": 6537, "事業年度": 2026, "物件番号": 6997, "GIS物件番号": null, "大字コード": 2050, "大字名": "萩原", "小字コード": 6, "小字名": "城内下", "__EMPTY": "萩原3302", "本番": 3302, "枝番": "1", "子番": 0, "孫番": false, "付番": false, "所在地番号": "2.05000603302e+28", "農地管理番号": 1, "耕地番号": 100, "所在地名": "萩原城内下3302-1", "マッチングさせるデータ": "萩原城内下3302-1", "空散対象区分1": 2, "空散対象区分2": null, "空散外面積1": 0, "空散外面積2": false, "集計転作面積": 0, "散布面積1": null, "散布面積2": null, "支払者集落": 0, "支払者集落名": null, "支払者コード": 0, "支払者名": null, "支払者住所": null, "支払者電話番号": null, "農地異動適用法": false, "農地異動適用法名": null, "利用集積計画番号": null, "適用法開始年月日": null, "適用法終了年月日": null, "備考": "石井　喜夫", "所有者世帯番号": 2254, "所有者個人番号": 3772, "借受者世帯番号": 2507, "借受者個人番号": 4183, "農地予備数字１": null, "農地予備数字２": null, "農地予備数字３": null, "農地予備数字４": null, "農地予備数字５": null, "農地予備文字１": null, "農地予備文字２": null, "農地予備文字３": null, "農地予備文字４": null, "農地予備文字５": null, "手動一致フラグ": null, "計算面積（アール）": 27, "散布班": "18-①", "地区名": "2026印西市" }, "geometry": { "type": "Polygon", "coordinates": [ [ [ 140.214922715414758, 35.800711998657754 ], [ 140.21384345996438, 35.800933252456879 ], [ 140.213915996999987, 35.801162736 ], [ 140.214994147, 35.800943357 ], [ 140.214922715414758, 35.800711998657754 ] ] ] } },
{ "type": "Feature", "properties": { "fid": 4462, "daicho_shubetsu_cd": "FUD25", "layer": "筆ポリゴン（2025年公開）_20260708233407", "fid_2": 6538, "事業年度": 2026, "物件番号": 6998, "GIS物件番号": null, "大字コード": 2050, "大字名": "萩原", "小字コード": 6, "小字名": "城内下", "__EMPTY": "萩原3302", "本番": 3302, "枝番": "2", "子番": 0, "孫番": false, "付番": false, "所在地番号": "2.05000603302e+28", "農地管理番号": 1, "耕地番号": 101, "所在地名": "萩原城内下3302-2", "マッチングさせるデータ": "萩原城内下3302-2", "空散対象区分1": 2, "空散対象区分2": null, "空散外面積1": 0, "空散外面積2": false, "集計転作面積": 0, "散布面積1": null, "散布面積2": null, "支払者集落": 0, "支払者集落名": null, "支払者コード": 0, "支払者名": null, "支払者住所": null, "支払者電話番号": null, "農地異動適用法": false, "農地異動適用法名": null, "利用集積計画番号": null, "適用法開始年月日": null, "適用法終了年月日": null, "備考": "石井　喜夫", "所有者世帯番号": 2254, "所有者個人番号": 3772, "借受者世帯番号": 2507, "借受者個人番号": 4183, "農地予備数字１": null, "農地予備数字２": null, "農地予備数字３": null, "農地予備数字４": null, "農地予備数字５": null, "農地予備文字１": null, "農地予備文字２": null, "農地予備文字３": null, "農地予備文字４": null, "農地予備文字５": null, "手動一致フラグ": null, "計算面積（アール）": 4, "散布班": "18-①", "地区名": "2026印西市" }, "geometry": { "type": "Polygon", "coordinates": [ [ [ 140.21384345996438, 35.800933252456879 ], [ 140.214922715414758, 35.800711998657754 ], [ 140.21491103, 35.800674151 ], [ 140.214583112000014, 35.800742391 ], [ 140.214029501999988, 35.800858755 ], [ 140.213980588999988, 35.800870289 ], [ 140.213973747000011, 35.800888654 ], [ 140.213837524000013, 35.800914473 ], [ 140.21384345996438, 35.800933252456879 ] ] ] } },
{ "type": "Feature", "properties": { "fid": 4463, "daicho_shubetsu_cd": "FUD25", "layer": "筆ポリゴン（2025年公開）_20260708233407", "fid_2": 6539, "事業年度": 2026, "物件番号": 7037, "GIS物件番号": null, "大字コード": 2050, "大字名": "萩原", "小字コード": 6, "小字名": "城内下", "__EMPTY": "萩原3359", "本番": 3359, "枝番": "0", "子番": 0, "孫番": false, "付番": false, "所在地番号": "2.05000603359e+28", "農地管理番号": 1, "耕地番号": 33, "所在地名": "萩原城内下3359", "マッチングさせるデータ": "萩原城内下3359", "空散対象区分1": 2, "空散対象区分2": null, "空散外面積1": 0, "空散外面積2": false, "集計転作面積": 0, "散布面積1": null, "散布面積2": null, "支払者集落": 0, "支払者集落名": null, "支払者コード": 0, "支払者名": null, "支払者住所": null, "支払者電話番号": null, "農地異動適用法": false, "農地異動適用法名": null, "利用集積計画番号": null, "適用法開始年月日": null, "適用法終了年月日": null, "備考": "石川　祐吉", "所有者世帯番号": 0, "所有者個人番号": 0, "借受者世帯番号": 2507, "借受者個人番号": 4183, "農地予備数字１": null, "農地予備数字２": null, "農地予備数字３": null, "農地予備数字４": null, "農地予備数字５": null, "農地予備文字１": null, "農地予備文字２": null, "農地予備文字３": null, "農地予備文字４": null, "農地予備文字５": null, "手動一致フラグ": null, "計算面積（アール）": 37, "散布班": "18-①", "地区名": "2026印西市" }, "geometry": { "type": "Polygon", "coordinates": [ [ [ 140.212992533, 35.802191471 ], [ 140.212882365000013, 35.801871729 ], [ 140.211794520000012, 35.802106418 ], [ 140.211882807, 35.802389015 ], [ 140.211925536, 35.802381593 ], [ 140.211934168999989, 35.802402772 ], [ 140.212992533, 35.802191471 ] ] ] } },
{ "type": "Feature", "properties": { "fid": 4464, "daicho_shubetsu_cd": "FUD25", "layer": "筆ポリゴン（2025年公開）_20260708233407", "fid_2": 6540, "事業年度": 2026, "物件番号": 7134, "GIS物件番号": null, "大字コード": 2050, "大字名": "萩原", "小字コード": 8, "小字名": "和田下", "__EMPTY": "萩原3424", "本番": 3424, "枝番": "0", "子番": 0, "孫番": false, "付番": false, "所在地番号": "2.05000803424e+28", "農地管理番号": 1, "耕地番号": 57, "所在地名": "萩原和田下3424", "マッチングさせるデータ": "萩原和田下3424", "空散対象区分1": 2, "空散対象区分2": null, "空散外面積1": 0, "空散外面積2": false, "集計転作面積": 0, "散布面積1": null, "散布面積2": null, "支払者集落": 0, "支払者集落名": null, "支払者コード": 0, "支払者名": null, "支払者住所": null, "支払者電話番号": null, "農地異動適用法": false, "農地異動適用法名": null, "利用集積計画番号": null, "適用法開始年月日": null, "適用法終了年月日": null, "備考": "石井　悟", "所有者世帯番号": 2506, "所有者個人番号": 3909, "借受者世帯番号": 2507, "借受者個人番号": 4183, "農地予備数字１": null, "農地予備数字２": null, "農地予備数字３": null, "農地予備数字４": null, "農地予備数字５": null, "農地予備文字１": null, "農地予備文字２": null, "農地予備文字３": null, "農地予備文字４": null, "農地予備文字５": null, "手動一致フラグ": null, "計算面積（アール）": 25, "散布班": "18-①", "地区名": "2026印西市" }, "geometry": { "type": "Polygon", "coordinates": [ [ [ 140.210219763, 35.803850185 ], [ 140.210246251, 35.803843541 ], [ 140.210256636999986, 35.803866238 ], [ 140.211036645, 35.803705667 ], [ 140.210953905, 35.803438378 ], [ 140.21005734, 35.803612574 ], [ 140.210219763, 35.803850185 ] ] ] } },
{ "type": "Feature", "properties": { "fid": 4465, "daicho_shubetsu_cd": "FUD25", "layer": "筆ポリゴン（2025年公開）_20260708233407", "fid_2": 6541, "事業年度": 2026, "物件番号": 7136, "GIS物件番号": null, "大字コード": 2050, "大字名": "萩原", "小字コード": 8, "小字名": "和田下", "__EMPTY": "萩原3426", "本番": 3426, "枝番": "0", "子番": 0, "孫番": false, "付番": false, "所在地番号": "2.05000803426e+28", "農地管理番号": 1, "耕地番号": 26, "所在地名": "萩原和田下3426", "マッチングさせるデータ": "萩原和田下3426", "空散対象区分1": 2, "空散対象区分2": null, "空散外面積1": 0, "空散外面積2": false, "集計転作面積": 0, "散布面積1": null, "散布面積2": null, "支払者集落": 0, "支払者集落名": null, "支払者コード": 0, "支払者名": null, "支払者住所": null, "支払者電話番号": null, "農地異動適用法": false, "農地異動適用法名": null, "利用集積計画番号": null, "適用法開始年月日": null, "適用法終了年月日": null, "備考": "石橋　三惠子", "所有者世帯番号": 2305, "所有者個人番号": 3808, "借受者世帯番号": 2507, "借受者個人番号": 4183, "農地予備数字１": null, "農地予備数字２": null, "農地予備数字３": null, "農地予備数字４": null, "農地予備数字５": null, "農地予備文字１": null, "農地予備文字２": null, "農地予備文字３": null, "農地予備文字４": null, "農地予備文字５": null, "手動一致フラグ": null, "計算面積（アール）": 10, "散布班": "18-①", "地区名": "2026印西市" }, "geometry": { "type": "Polygon", "coordinates": [ [ [ 140.20993359900001, 35.803369624 ], [ 140.209944545000013, 35.803392295 ], [ 140.209913895, 35.803402723 ], [ 140.209958042000011, 35.803467308 ], [ 140.210902753, 35.803273137 ], [ 140.210873809, 35.803179632 ], [ 140.20993359900001, 35.803369624 ] ] ] } },
{ "type": "Feature", "properties": { "fid": 4466, "daicho_shubetsu_cd": "FUD25", "layer": "筆ポリゴン（2025年公開）_20260708233407", "fid_2": 6542, "事業年度": 2026, "物件番号": 7137, "GIS物件番号": null, "大字コード": 2050, "大字名": "萩原", "小字コード": 8, "小字名": "和田下", "__EMPTY": "萩原3427", "本番": 3427, "枝番": "0", "子番": 0, "孫番": false, "付番": false, "所在地番号": "2.05000803427e+28", "農地管理番号": 1, "耕地番号": 27, "所在地名": "萩原和田下3427", "マッチングさせるデータ": "萩原和田下3427", "空散対象区分1": 2, "空散対象区分2": null, "空散外面積1": 0, "空散外面積2": false, "集計転作面積": 0, "散布面積1": null, "散布面積2": null, "支払者集落": 0, "支払者集落名": null, "支払者コード": 0, "支払者名": null, "支払者住所": null, "支払者電話番号": null, "農地異動適用法": false, "農地異動適用法名": null, "利用集積計画番号": null, "適用法開始年月日": null, "適用法終了年月日": null, "備考": "石橋　三惠子", "所有者世帯番号": 2305, "所有者個人番号": 3808, "借受者世帯番号": 2507, "借受者個人番号": 4183, "農地予備数字１": null, "農地予備数字２": null, "農地予備数字３": null, "農地予備数字４": null, "農地予備数字５": null, "農地予備文字１": null, "農地予備文字２": null, "農地予備文字３": null, "農地予備文字４": null, "農地予備文字５": null, "手動一致フラグ": null, "計算面積（アール）": 29, "散布班": "18-①", "地区名": "2026印西市" }, "geometry": { "type": "Polygon", "coordinates": [ [ [ 140.209883697, 35.803358547 ], [ 140.209923784000011, 35.803349294 ], [ 140.20993359900001, 35.803369624 ], [ 140.210873809, 35.803179632 ], [ 140.210781290999989, 35.802912459 ], [ 140.209785678, 35.80311988 ], [ 140.209733961000012, 35.803139491 ], [ 140.209883697, 35.803358547 ] ] ] } },
{ "type": "Feature", "properties": { "fid": 4467, "daicho_shubetsu_cd": "FUD25", "layer": "筆ポリゴン（2025年公開）_20260708233407", "fid_2": 6543, "事業年度": 2026, "物件番号": 7157, "GIS物件番号": null, "大字コード": 2050, "大字名": "萩原", "小字コード": 8, "小字名": "和田下", "__EMPTY": "萩原3453", "本番": 3453, "枝番": "0", "子番": 0, "孫番": false, "付番": false, "所在地番号": "2.05000803453e+28", "農地管理番号": 1, "耕地番号": 18, "所在地名": "萩原和田下3453", "マッチングさせるデータ": "萩原和田下3453", "空散対象区分1": 2, "空散対象区分2": null, "空散外面積1": 0, "空散外面積2": false, "集計転作面積": 0, "散布面積1": null, "散布面積2": null, "支払者集落": 0, "支払者集落名": null, "支払者コード": 0, "支払者名": null, "支払者住所": null, "支払者電話番号": null, "農地異動適用法": false, "農地異動適用法名": null, "利用集積計画番号": null, "適用法開始年月日": null, "適用法終了年月日": null, "備考": "石井　清一", "所有者世帯番号": 2452, "所有者個人番号": 3866, "借受者世帯番号": 2507, "借受者個人番号": 4183, "農地予備数字１": null, "農地予備数字２": null, "農地予備数字３": null, "農地予備数字４": null, "農地予備数字５": null, "農地予備文字１": null, "農地予備文字２": null, "農地予備文字３": null, "農地予備文字４": null, "農地予備文字５": null, "手動一致フラグ": null, "計算面積（アール）": 15, "散布班": "18-①", "地区名": "2026印西市" }, "geometry": { "type": "Polygon", "coordinates": [ [ [ 140.209859306, 35.803469428 ], [ 140.209780281, 35.803358549 ], [ 140.20859977500001, 35.803595924 ], [ 140.208631102, 35.803697249 ], [ 140.208667431, 35.803690853 ], [ 140.208679653, 35.803712357 ], [ 140.209432551, 35.803555624 ], [ 140.209859306, 35.803469428 ] ] ] } },
{ "type": "Feature", "properties": { "fid": 4468, "daicho_shubetsu_cd": "FUD25", "layer": "筆ポリゴン（2025年公開）_20260708233407", "fid_2": 6544, "事業年度": 2026, "物件番号": 7174, "GIS物件番号": null, "大字コード": 2050, "大字名": "萩原", "小字コード": 8, "小字名": "和田下", "__EMPTY": "萩原3476", "本番": 3476, "枝番": "0", "子番": 0, "孫番": false, "付番": false, "所在地番号": "2.05000803476e+28", "農地管理番号": 1, "耕地番号": 1, "所在地名": "萩原和田下3476", "マッチングさせるデータ": "萩原和田下3476", "空散対象区分1": 2, "空散対象区分2": null, "空散外面積1": 0, "空散外面積2": false, "集計転作面積": 0, "散布面積1": null, "散布面積2": null, "支払者集落": 0, "支払者集落名": null, "支払者コード": 0, "支払者名": null, "支払者住所": null, "支払者電話番号": null, "農地異動適用法": false, "農地異動適用法名": null, "利用集積計画番号": null, "適用法開始年月日": null, "適用法終了年月日": null, "備考": "林　巌", "所有者世帯番号": 2507, "所有者個人番号": 4183, "借受者世帯番号": 2507, "借受者個人番号": 4183, "農地予備数字１": null, "農地予備数字２": null, "農地予備数字３": null, "農地予備数字４": null, "農地予備数字５": null, "農地予備文字１": null, "農地予備文字２": null, "農地予備文字３": null, "農地予備文字４": null, "農地予備文字５": null, "手動一致フラグ": null, "計算面積（アール）": 40, "散布班": "18-①", "地区名": "2026印西市" }, "geometry": { "type": "Polygon", "coordinates": [ [ [ 140.208268215, 35.802958715 ], [ 140.208261502, 35.802929282 ], [ 140.208310743, 35.80291574 ], [ 140.208213912, 35.802594719 ], [ 140.208154485, 35.802606904 ], [ 140.207126819, 35.802817612 ], [ 140.20723846300001, 35.80316378 ], [ 140.208268215, 35.802958715 ] ] ] } },
{ "type": "Feature", "properties": { "fid": 4469, "daicho_shubetsu_cd": "FUD25", "layer": "筆ポリゴン（2025年公開）_20260708233407", "fid_2": 6545, "事業年度": 2026, "物件番号": 7175, "GIS物件番号": null, "大字コード": 2050, "大字名": "萩原", "小字コード": 8, "小字名": "和田下", "__EMPTY": "萩原3477", "本番": 3477, "枝番": "0", "子番": 0, "孫番": false, "付番": false, "所在地番号": "2.05000803477e+28", "農地管理番号": 1, "耕地番号": 16, "所在地名": "萩原和田下3477", "マッチングさせるデータ": "萩原和田下3477", "空散対象区分1": 2, "空散対象区分2": null, "空散外面積1": 0, "空散外面積2": false, "集計転作面積": 0, "散布面積1": null, "散布面積2": null, "支払者集落": 0, "支払者集落名": null, "支払者コード": 0, "支払者名": null, "支払者住所": null, "支払者電話番号": null, "農地異動適用法": false, "農地異動適用法名": null, "利用集積計画番号": null, "適用法開始年月日": null, "適用法終了年月日": null, "備考": "林　なか", "所有者世帯番号": 2507, "所有者個人番号": 4183, "借受者世帯番号": 2507, "借受者個人番号": 4183, "農地予備数字１": null, "農地予備数字２": null, "農地予備数字３": null, "農地予備数字４": null, "農地予備数字５": null, "農地予備文字１": null, "農地予備文字２": null, "農地予備文字３": null, "農地予備文字４": null, "農地予備文字５": null, "手動一致フラグ": null, "計算面積（アール）": 25, "散布班": "18-①", "地区名": "2026印西市" }, "geometry": { "type": "Polygon", "coordinates": [ [ [ 140.207126819, 35.802817612 ], [ 140.208154485, 35.802606904 ], [ 140.208146843, 35.802580348 ], [ 140.208205381999989, 35.802567711 ], [ 140.208146155, 35.802380178 ], [ 140.20809777, 35.802390088 ], [ 140.207067427, 35.802601117 ], [ 140.207126819, 35.802817612 ] ] ] } },
{ "type": "Feature", "properties": { "fid": 4470, "daicho_shubetsu_cd": "FUD25", "layer": "筆ポリゴン（2025年公開）_20260708233407", "fid_2": 6546, "事業年度": 2026, "物件番号": 7179, "GIS物件番号": null, "大字コード": 2050, "大字名": "萩原", "小字コード": 8, "小字名": "和田下", "__EMPTY": "萩原3480", "本番": 3480, "枝番": "0", "子番": 0, "孫番": false, "付番": false, "所在地番号": "2.0500080348e+28", "農地管理番号": 1, "耕地番号": 19, "所在地名": "萩原和田下3480", "マッチングさせるデータ": "萩原和田下3480", "空散対象区分1": 2, "空散対象区分2": null, "空散外面積1": 0, "空散外面積2": false, "集計転作面積": 0, "散布面積1": null, "散布面積2": null, "支払者集落": 0, "支払者集落名": null, "支払者コード": 0, "支払者名": null, "支払者住所": null, "支払者電話番号": null, "農地異動適用法": false, "農地異動適用法名": null, "利用集積計画番号": null, "適用法開始年月日": null, "適用法終了年月日": null, "備考": "石井　清一", "所有者世帯番号": 2452, "所有者個人番号": 3866, "借受者世帯番号": 2507, "借受者個人番号": 4183, "農地予備数字１": null, "農地予備数字２": null, "農地予備数字３": null, "農地予備数字４": null, "農地予備数字５": null, "農地予備文字１": null, "農地予備文字２": null, "農地予備文字３": null, "農地予備文字４": null, "農地予備文字５": null, "手動一致フラグ": null, "計算面積（アール）": 37, "散布班": "18-①", "地区名": "2026印西市" }, "geometry": { "type": "Polygon", "coordinates": [ [ [ 140.20697499900001, 35.802294162 ], [ 140.208001663, 35.802079499 ], [ 140.207995033, 35.802055178 ], [ 140.208040539, 35.802045761 ], [ 140.207946603000011, 35.801748325 ], [ 140.207908662, 35.801756303 ], [ 140.20687417100001, 35.801965307 ], [ 140.20697499900001, 35.802294162 ] ] ] } },
{ "type": "Feature", "properties": { "fid": 4471, "daicho_shubetsu_cd": "FUD25", "layer": "筆ポリゴン（2025年公開）_20260708233407", "fid_2": 6547, "事業年度": 2026, "物件番号": 7463, "GIS物件番号": null, "大字コード": 2050, "大字名": "萩原", "小字コード": 24, "小字名": "山中下", "__EMPTY": "萩原3020", "本番": 3020, "枝番": "1", "子番": 0, "孫番": false, "付番": false, "所在地番号": "2.0500240302e+28", "農地管理番号": 1, "耕地番号": 58, "所在地名": "萩原山中下3020-1", "マッチングさせるデータ": "萩原山中下3020-1", "空散対象区分1": 2, "空散対象区分2": null, "空散外面積1": 0, "空散外面積2": false, "集計転作面積": 0, "散布面積1": null, "散布面積2": null, "支払者集落": 0, "支払者集落名": null, "支払者コード": 0, "支払者名": null, "支払者住所": null, "支払者電話番号": null, "農地異動適用法": false, "農地異動適用法名": null, "利用集積計画番号": null, "適用法開始年月日": null, "適用法終了年月日": null, "備考": "石井　悟", "所有者世帯番号": 2506, "所有者個人番号": 3909, "借受者世帯番号": 2507, "借受者個人番号": 4183, "農地予備数字１": null, "農地予備数字２": null, "農地予備数字３": null, "農地予備数字４": null, "農地予備数字５": null, "農地予備文字１": null, "農地予備文字２": null, "農地予備文字３": null, "農地予備文字４": null, "農地予備文字５": null, "手動一致フラグ": null, "計算面積（アール）": 16, "散布班": "18-①", "地区名": "2026印西市" }, "geometry": { "type": "Polygon", "coordinates": [ [ [ 140.203681986, 35.800726069 ], [ 140.203940652999989, 35.801140053 ], [ 140.204248516, 35.801015447 ], [ 140.2039928, 35.80060216 ], [ 140.203681986, 35.800726069 ] ] ] } },
{ "type": "Feature", "properties": { "fid": 4472, "daicho_shubetsu_cd": "FUD25", "layer": "筆ポリゴン（2025年公開）_20260708233407", "fid_2": 6550, "事業年度": 2026, "物件番号": 7491, "GIS物件番号": null, "大字コード": 2050, "大字名": "萩原", "小字コード": 24, "小字名": "山中下", "__EMPTY": "萩原3045", "本番": 3045, "枝番": "0", "子番": 0, "孫番": false, "付番": false, "所在地番号": "2.05002403045e+28", "農地管理番号": 1, "耕地番号": 5, "所在地名": "萩原山中下3045", "マッチングさせるデータ": "萩原山中下3045", "空散対象区分1": 2, "空散対象区分2": null, "空散外面積1": 0, "空散外面積2": false, "集計転作面積": 0, "散布面積1": null, "散布面積2": null, "支払者集落": 0, "支払者集落名": null, "支払者コード": 0, "支払者名": null, "支払者住所": null, "支払者電話番号": null, "農地異動適用法": false, "農地異動適用法名": null, "利用集積計画番号": null, "適用法開始年月日": null, "適用法終了年月日": null, "備考": "林　巌", "所有者世帯番号": 2507, "所有者個人番号": 4183, "借受者世帯番号": 2507, "借受者個人番号": 4183, "農地予備数字１": null, "農地予備数字２": null, "農地予備数字３": null, "農地予備数字４": null, "農地予備数字５": null, "農地予備文字１": null, "農地予備文字２": null, "農地予備文字３": null, "農地予備文字４": null, "農地予備文字５": null, "手動一致フラグ": null, "計算面積（アール）": 21, "散布班": "18-①", "地区名": "2026印西市" }, "geometry": { "type": "Polygon", "coordinates": [ [ [ 140.203614709, 35.799092178 ], [ 140.203211816, 35.799255051 ], [ 140.203456458, 35.799652033 ], [ 140.203486055000013, 35.799628337 ], [ 140.203501358000011, 35.799655075 ], [ 140.203863652, 35.79950451 ], [ 140.203614709, 35.799092178 ] ] ] } },
{ "type": "Feature", "properties": { "fid": 4473, "daicho_shubetsu_cd": "FUD25", "layer": "筆ポリゴン（2025年公開）_20260708233407", "fid_2": 6552, "事業年度": 2026, "物件番号": 7493, "GIS物件番号": null, "大字コード": 2050, "大字名": "萩原", "小字コード": 24, "小字名": "山中下", "__EMPTY": "萩原3047", "本番": 3047, "枝番": "0", "子番": 0, "孫番": false, "付番": false, "所在地番号": "2.05002403047e+28", "農地管理番号": 1, "耕地番号": 7, "所在地名": "萩原山中下3047", "マッチングさせるデータ": "萩原山中下3047", "空散対象区分1": 2, "空散対象区分2": null, "空散外面積1": 0, "空散外面積2": false, "集計転作面積": 0, "散布面積1": null, "散布面積2": null, "支払者集落": 0, "支払者集落名": null, "支払者コード": 0, "支払者名": null, "支払者住所": null, "支払者電話番号": null, "農地異動適用法": false, "農地異動適用法名": null, "利用集積計画番号": null, "適用法開始年月日": null, "適用法終了年月日": null, "備考": "林　巌", "所有者世帯番号": 2507, "所有者個人番号": 4183, "借受者世帯番号": 2507, "借受者個人番号": 4183, "農地予備数字１": null, "農地予備数字２": null, "農地予備数字３": null, "農地予備数字４": null, "農地予備数字５": null, "農地予備文字１": null, "農地予備文字２": null, "農地予備文字３": null, "農地予備文字４": null, "農地予備文字５": null, "手動一致フラグ": null, "計算面積（アール）": 14, "散布班": "18-①", "地区名": "2026印西市" }, "geometry": { "type": "Polygon", "coordinates": [ [ [ 140.203211816, 35.799255051 ], [ 140.202929581, 35.799372963 ], [ 140.203162309, 35.799748758 ], [ 140.203195118999986, 35.799736161 ], [ 140.2032111, 35.79976885 ], [ 140.203466289, 35.799667902 ], [ 140.203456458, 35.799652033 ], [ 140.203211816, 35.799255051 ] ] ] } },
{ "type": "Feature", "properties": { "fid": 4482, "daicho_shubetsu_cd": "FUD25", "layer": "筆ポリゴン（2025年公開）_20260708233407", "fid_2": 6565, "事業年度": 2026, "物件番号": 7130, "GIS物件番号": null, "大字コード": 2050, "大字名": "萩原", "小字コード": 8, "小字名": "和田下", "__EMPTY": "萩原3421", "本番": 3421, "枝番": "1", "子番": 0, "孫番": false, "付番": false, "所在地番号": "2.05000803421e+28", "農地管理番号": 1, "耕地番号": 2, "所在地名": "萩原和田下3421-1", "マッチングさせるデータ": "萩原和田下3421-1", "空散対象区分1": 2, "空散対象区分2": null, "空散外面積1": 0, "空散外面積2": false, "集計転作面積": 0, "散布面積1": null, "散布面積2": null, "支払者集落": 0, "支払者集落名": null, "支払者コード": 0, "支払者名": null, "支払者住所": null, "支払者電話番号": null, "農地異動適用法": false, "農地異動適用法名": null, "利用集積計画番号": null, "適用法開始年月日": null, "適用法終了年月日": null, "備考": "廣瀬　保文", "所有者世帯番号": 2510, "所有者個人番号": 4239, "借受者世帯番号": 2510, "借受者個人番号": 4239, "農地予備数字１": null, "農地予備数字２": null, "農地予備数字３": null, "農地予備数字４": null, "農地予備数字５": null, "農地予備文字１": null, "農地予備文字２": null, "農地予備文字３": null, "農地予備文字４": null, "農地予備文字５": null, "手動一致フラグ": null, "計算面積（アール）": 2, "散布班": "18-①", "地区名": "2026印西市" }, "geometry": { "type": "Polygon", "coordinates": [ [ [ 140.211111396279222, 35.803947142349671 ], [ 140.210416356, 35.804094528 ], [ 140.210429405000014, 35.804114277 ], [ 140.211118352, 35.803969612 ], [ 140.211111396279222, 35.803947142349671 ] ] ] } },
{ "type": "Feature", "properties": { "fid": 4483, "daicho_shubetsu_cd": "FUD25", "layer": "筆ポリゴン（2025年公開）_20260708233407", "fid_2": 6566, "事業年度": 2026, "物件番号": 7131, "GIS物件番号": null, "大字コード": 2050, "大字名": "萩原", "小字コード": 8, "小字名": "和田下", "__EMPTY": "萩原3421", "本番": 3421, "枝番": "2", "子番": 0, "孫番": false, "付番": false, "所在地番号": "2.05000803421e+28", "農地管理番号": 1, "耕地番号": 23, "所在地名": "萩原和田下3421-2", "マッチングさせるデータ": "萩原和田下3421-2", "空散対象区分1": 2, "空散対象区分2": null, "空散外面積1": 0, "空散外面積2": false, "集計転作面積": 0, "散布面積1": null, "散布面積2": null, "支払者集落": 0, "支払者集落名": null, "支払者コード": 0, "支払者名": null, "支払者住所": null, "支払者電話番号": null, "農地異動適用法": false, "農地異動適用法名": null, "利用集積計画番号": null, "適用法開始年月日": null, "適用法終了年月日": null, "備考": "中村　七郎", "所有者世帯番号": 2510, "所有者個人番号": 4239, "借受者世帯番号": 2510, "借受者個人番号": 4239, "農地予備数字１": null, "農地予備数字２": null, "農地予備数字３": null, "農地予備数字４": null, "農地予備数字５": null, "農地予備文字１": null, "農地予備文字２": null, "農地予備文字３": null, "農地予備文字４": null, "農地予備文字５": null, "手動一致フラグ": null, "計算面積（アール）": 3, "散布班": "18-①", "地区名": "2026印西市" }, "geometry": { "type": "Polygon", "coordinates": [ [ [ 140.211099044448758, 35.803907241192007 ], [ 140.210366660604052, 35.804065082537846 ], [ 140.210384755, 35.804091553 ], [ 140.210416356, 35.804094528 ], [ 140.211111396279222, 35.803947142349671 ], [ 140.211099044448758, 35.803907241192007 ] ] ] } },
{ "type": "Feature", "properties": { "fid": 4484, "daicho_shubetsu_cd": "FUD25", "layer": "筆ポリゴン（2025年公開）_20260708233407", "fid_2": 6567, "事業年度": 2026, "物件番号": 7132, "GIS物件番号": null, "大字コード": 2050, "大字名": "萩原", "小字コード": 8, "小字名": "和田下", "__EMPTY": "萩原3422", "本番": 3422, "枝番": "0", "子番": 0, "孫番": false, "付番": false, "所在地番号": "2.05000803422e+28", "農地管理番号": 1, "耕地番号": 3, "所在地名": "萩原和田下3422", "マッチングさせるデータ": "萩原和田下3422", "空散対象区分1": 2, "空散対象区分2": null, "空散外面積1": 0, "空散外面積2": false, "集計転作面積": 0, "散布面積1": null, "散布面積2": null, "支払者集落": 0, "支払者集落名": null, "支払者コード": 0, "支払者名": null, "支払者住所": null, "支払者電話番号": null, "農地異動適用法": false, "農地異動適用法名": null, "利用集積計画番号": null, "適用法開始年月日": null, "適用法終了年月日": null, "備考": "廣瀬　保文", "所有者世帯番号": 2510, "所有者個人番号": 4239, "借受者世帯番号": 2510, "借受者個人番号": 4239, "農地予備数字１": null, "農地予備数字２": null, "農地予備数字３": null, "農地予備数字４": null, "農地予備数字５": null, "農地予備文字１": null, "農地予備文字２": null, "農地予備文字３": null, "農地予備文字４": null, "農地予備文字５": null, "手動一致フラグ": null, "計算面積（アール）": 17, "散布班": "18-①", "地区名": "2026印西市" }, "geometry": { "type": "Polygon", "coordinates": [ [ [ 140.210366660604052, 35.804065082537846 ], [ 140.211099044448758, 35.803907241192007 ], [ 140.211036645, 35.803705667 ], [ 140.210256636999986, 35.803866238 ], [ 140.21023225, 35.803868452 ], [ 140.210366660604052, 35.804065082537846 ] ] ] } },
{ "type": "Feature", "properties": { "fid": 4485, "daicho_shubetsu_cd": "FUD25", "layer": "筆ポリゴン（2025年公開）_20260708233407", "fid_2": 6568, "事業年度": 2026, "物件番号": 7141, "GIS物件番号": null, "大字コード": 2050, "大字名": "萩原", "小字コード": 8, "小字名": "和田下", "__EMPTY": "萩原3431", "本番": 3431, "枝番": "0", "子番": 0, "孫番": false, "付番": false, "所在地番号": "2.05000803431e+28", "農地管理番号": 1, "耕地番号": 4, "所在地名": "萩原和田下3431", "マッチングさせるデータ": "萩原和田下3431", "空散対象区分1": 2, "空散対象区分2": null, "空散外面積1": 0, "空散外面積2": false, "集計転作面積": 0, "散布面積1": null, "散布面積2": null, "支払者集落": 0, "支払者集落名": null, "支払者コード": 0, "支払者名": null, "支払者住所": null, "支払者電話番号": null, "農地異動適用法": false, "農地異動適用法名": null, "利用集積計画番号": null, "適用法開始年月日": null, "適用法終了年月日": null, "備考": "廣瀬　保文", "所有者世帯番号": 2510, "所有者個人番号": 4239, "借受者世帯番号": 2510, "借受者個人番号": 4239, "農地予備数字１": null, "農地予備数字２": null, "農地予備数字３": null, "農地予備数字４": null, "農地予備数字５": null, "農地予備文字１": null, "農地予備文字２": null, "農地予備文字３": null, "農地予備文字４": null, "農地予備文字５": null, "手動一致フラグ": null, "計算面積（アール）": 31, "散布班": "18-①", "地区名": "2026印西市" }, "geometry": { "type": "Polygon", "coordinates": [ [ [ 140.20946054800001, 35.802343918 ], [ 140.210430658, 35.802152968 ], [ 140.210547, 35.802130628 ], [ 140.210463393999987, 35.801859331 ], [ 140.209379582999986, 35.802086696 ], [ 140.20946054800001, 35.802343918 ] ] ] } },
{ "type": "Feature", "properties": { "fid": 4486, "daicho_shubetsu_cd": "FUD25", "layer": "筆ポリゴン（2025年公開）_20260708233407", "fid_2": 6569, "事業年度": 2026, "物件番号": 7149, "GIS物件番号": null, "大字コード": 2050, "大字名": "萩原", "小字コード": 8, "小字名": "和田下", "__EMPTY": "萩原3446", "本番": 3446, "枝番": "1", "子番": 0, "孫番": false, "付番": false, "所在地番号": "2.05000803446e+28", "農地管理番号": 1, "耕地番号": 5, "所在地名": "萩原和田下3446-1", "マッチングさせるデータ": "萩原和田下3446-1", "空散対象区分1": 2, "空散対象区分2": null, "空散外面積1": 0, "空散外面積2": false, "集計転作面積": 0, "散布面積1": null, "散布面積2": null, "支払者集落": 0, "支払者集落名": null, "支払者コード": 0, "支払者名": null, "支払者住所": null, "支払者電話番号": null, "農地異動適用法": false, "農地異動適用法名": null, "利用集積計画番号": null, "適用法開始年月日": null, "適用法終了年月日": null, "備考": "廣瀬　保文", "所有者世帯番号": 2510, "所有者個人番号": 4239, "借受者世帯番号": 2510, "借受者個人番号": 4239, "農地予備数字１": null, "農地予備数字２": null, "農地予備数字３": null, "農地予備数字４": null, "農地予備数字５": null, "農地予備文字１": null, "農地予備文字２": null, "農地予備文字３": null, "農地予備文字４": null, "農地予備文字５": null, "手動一致フラグ": null, "計算面積（アール）": 9, "散布班": "18-①", "地区名": "2026印西市" }, "geometry": { "type": "Polygon", "coordinates": [ [ [ 140.208185129069619, 35.802253172525468 ], [ 140.209260962602031, 35.802035701490134 ], [ 140.209239845000013, 35.801955339 ], [ 140.20816459400001, 35.802183617 ], [ 140.208185129069619, 35.802253172525468 ] ] ] } },
{ "type": "Feature", "properties": { "fid": 4487, "daicho_shubetsu_cd": "FUD25", "layer": "筆ポリゴン（2025年公開）_20260708233407", "fid_2": 6570, "事業年度": 2026, "物件番号": 7150, "GIS物件番号": null, "大字コード": 2050, "大字名": "萩原", "小字コード": 8, "小字名": "和田下", "__EMPTY": "萩原3446", "本番": 3446, "枝番": "2", "子番": 0, "孫番": false, "付番": false, "所在地番号": "2.05000803446e+28", "農地管理番号": 1, "耕地番号": 6, "所在地名": "萩原和田下3446-2", "マッチングさせるデータ": "萩原和田下3446-2", "空散対象区分1": 2, "空散対象区分2": null, "空散外面積1": 0, "空散外面積2": false, "集計転作面積": 0, "散布面積1": null, "散布面積2": null, "支払者集落": 0, "支払者集落名": null, "支払者コード": 0, "支払者名": null, "支払者住所": null, "支払者電話番号": null, "農地異動適用法": false, "農地異動適用法名": null, "利用集積計画番号": null, "適用法開始年月日": null, "適用法終了年月日": null, "備考": "廣瀬　保文", "所有者世帯番号": 2510, "所有者個人番号": 4239, "借受者世帯番号": 2510, "借受者個人番号": 4239, "農地予備数字１": null, "農地予備数字２": null, "農地予備数字３": null, "農地予備数字４": null, "農地予備数字５": null, "農地予備文字１": null, "農地予備文字２": null, "農地予備文字３": null, "農地予備文字４": null, "農地予備文字５": null, "手動一致フラグ": null, "計算面積（アール）": 7, "散布班": "18-①", "地区名": "2026印西市" }, "geometry": { "type": "Polygon", "coordinates": [ [ [ 140.209260962602031, 35.802035701490134 ], [ 140.208185129069619, 35.802253172525468 ], [ 140.208204105, 35.802317447 ], [ 140.209278097, 35.802100906 ], [ 140.209260962602031, 35.802035701490134 ] ] ] } },
{ "type": "Feature", "properties": { "fid": 4488, "daicho_shubetsu_cd": "FUD25", "layer": "筆ポリゴン（2025年公開）_20260708233407", "fid_2": 6571, "事業年度": 2026, "物件番号": 7151, "GIS物件番号": null, "大字コード": 2050, "大字名": "萩原", "小字コード": 8, "小字名": "和田下", "__EMPTY": "萩原3447", "本番": 3447, "枝番": "0", "子番": 0, "孫番": false, "付番": false, "所在地番号": "2.05000803447e+28", "農地管理番号": 1, "耕地番号": 7, "所在地名": "萩原和田下3447", "マッチングさせるデータ": "萩原和田下3447", "空散対象区分1": 2, "空散対象区分2": null, "空散外面積1": 0, "空散外面積2": false, "集計転作面積": 0, "散布面積1": null, "散布面積2": null, "支払者集落": 0, "支払者集落名": null, "支払者コード": 0, "支払者名": null, "支払者住所": null, "支払者電話番号": null, "農地異動適用法": false, "農地異動適用法名": null, "利用集積計画番号": null, "適用法開始年月日": null, "適用法終了年月日": null, "備考": "廣瀬　保文", "所有者世帯番号": 2510, "所有者個人番号": 4239, "借受者世帯番号": 2510, "借受者個人番号": 4239, "農地予備数字１": null, "農地予備数字２": null, "農地予備数字３": null, "農地予備数字４": null, "農地予備数字５": null, "農地予備文字１": null, "農地予備文字２": null, "農地予備文字３": null, "農地予備文字４": null, "農地予備文字５": null, "手動一致フラグ": null, "計算面積（アール）": 31, "散布班": "18-①", "地区名": "2026印西市" }, "geometry": { "type": "Polygon", "coordinates": [ [ [ 140.209367397, 35.802368939 ], [ 140.209278097, 35.802100906 ], [ 140.208204105, 35.802317447 ], [ 140.208282360999988, 35.802591003 ], [ 140.209367397, 35.802368939 ] ] ] } },
{ "type": "Feature", "properties": { "fid": 4493, "daicho_shubetsu_cd": "FUD25", "layer": "筆ポリゴン（2025年公開）_20260708233407", "fid_2": 6579, "事業年度": 2026, "物件番号": 7182, "GIS物件番号": null, "大字コード": 2050, "大字名": "萩原", "小字コード": 8, "小字名": "和田下", "__EMPTY": "萩原3487", "本番": 3487, "枝番": "0", "子番": 0, "孫番": false, "付番": false, "所在地番号": "2.05000803487e+28", "農地管理番号": 1, "耕地番号": 1, "所在地名": "萩原和田下3487", "マッチングさせるデータ": "萩原和田下3487", "空散対象区分1": 2, "空散対象区分2": null, "空散外面積1": 0, "空散外面積2": false, "集計転作面積": 0, "散布面積1": null, "散布面積2": null, "支払者集落": 0, "支払者集落名": null, "支払者コード": 0, "支払者名": null, "支払者住所": null, "支払者電話番号": null, "農地異動適用法": false, "農地異動適用法名": null, "利用集積計画番号": null, "適用法開始年月日": null, "適用法終了年月日": null, "備考": "石井　久美子", "所有者世帯番号": 2515, "所有者個人番号": 3932, "借受者世帯番号": 2515, "借受者個人番号": 3932, "農地予備数字１": null, "農地予備数字２": null, "農地予備数字３": null, "農地予備数字４": null, "農地予備数字５": null, "農地予備文字１": null, "農地予備文字２": null, "農地予備文字３": null, "農地予備文字４": null, "農地予備文字５": null, "手動一致フラグ": null, "計算面積（アール）": 52, "散布班": "18-①", "地区名": "2026印西市" }, "geometry": { "type": "Polygon", "coordinates": [ [ [ 140.205679925, 35.801991673 ], [ 140.206776938, 35.801773661 ], [ 140.206695454999988, 35.801480243 ], [ 140.206256651, 35.801462795 ], [ 140.205965446, 35.801423476 ], [ 140.205650112, 35.801375324 ], [ 140.205495824, 35.801343028 ], [ 140.205679925, 35.801991673 ] ] ] } },
{ "type": "Feature", "properties": { "fid": 4494, "daicho_shubetsu_cd": "FUD25", "layer": "筆ポリゴン（2025年公開）_20260708233407", "fid_2": 6580, "事業年度": 2026, "物件番号": 7183, "GIS物件番号": null, "大字コード": 2050, "大字名": "萩原", "小字コード": 8, "小字名": "和田下", "__EMPTY": "萩原3488", "本番": 3488, "枝番": "0", "子番": 0, "孫番": false, "付番": false, "所在地番号": "2.05000803488e+28", "農地管理番号": 1, "耕地番号": 2, "所在地名": "萩原和田下3488", "マッチングさせるデータ": "萩原和田下3488", "空散対象区分1": 2, "空散対象区分2": null, "空散外面積1": 0, "空散外面積2": false, "集計転作面積": 0, "散布面積1": null, "散布面積2": null, "支払者集落": 0, "支払者集落名": null, "支払者コード": 0, "支払者名": null, "支払者住所": null, "支払者電話番号": null, "農地異動適用法": false, "農地異動適用法名": null, "利用集積計画番号": null, "適用法開始年月日": null, "適用法終了年月日": null, "備考": "石井　久美子", "所有者世帯番号": 2515, "所有者個人番号": 3932, "借受者世帯番号": 2515, "借受者個人番号": 3932, "農地予備数字１": null, "農地予備数字２": null, "農地予備数字３": null, "農地予備数字４": null, "農地予備数字５": null, "農地予備文字１": null, "農地予備文字２": null, "農地予備文字３": null, "農地予備文字４": null, "農地予備文字５": null, "手動一致フラグ": null, "計算面積（アール）": 15, "散布班": "18-①", "地区名": "2026印西市" }, "geometry": { "type": "Polygon", "coordinates": [ [ [ 140.205723041139493, 35.802130979375583 ], [ 140.206812596970934, 35.801899411651185 ], [ 140.206776938, 35.801773661 ], [ 140.205679925, 35.801991673 ], [ 140.205723041139493, 35.802130979375583 ] ] ] } },
{ "type": "Feature", "properties": { "fid": 4497, "daicho_shubetsu_cd": "FUD25", "layer": "筆ポリゴン（2025年公開）_20260708233407", "fid_2": 6583, "事業年度": 2026, "物件番号": 7138, "GIS物件番号": null, "大字コード": 2050, "大字名": "萩原", "小字コード": 8, "小字名": "和田下", "__EMPTY": "萩原3428", "本番": 3428, "枝番": "0", "子番": 0, "孫番": false, "付番": false, "所在地番号": "2.05000803428e+28", "農地管理番号": 1, "耕地番号": 1, "所在地名": "萩原和田下3428", "マッチングさせるデータ": "萩原和田下3428", "空散対象区分1": 2, "空散対象区分2": null, "空散外面積1": 0, "空散外面積2": false, "集計転作面積": 0, "散布面積1": null, "散布面積2": null, "支払者集落": 0, "支払者集落名": null, "支払者コード": 0, "支払者名": null, "支払者住所": null, "支払者電話番号": null, "農地異動適用法": false, "農地異動適用法名": null, "利用集積計画番号": null, "適用法開始年月日": null, "適用法終了年月日": null, "備考": "石井　幸三", "所有者世帯番号": 2516, "所有者個人番号": 3933, "借受者世帯番号": 2516, "借受者個人番号": 3933, "農地予備数字１": null, "農地予備数字２": null, "農地予備数字３": null, "農地予備数字４": null, "農地予備数字５": null, "農地予備文字１": null, "農地予備文字２": null, "農地予備文字３": null, "農地予備文字４": null, "農地予備文字５": null, "手動一致フラグ": null, "計算面積（アール）": 27, "散布班": "18-①", "地区名": "2026印西市" }, "geometry": { "type": "Polygon", "coordinates": [ [ [ 140.209715745000011, 35.803112843 ], [ 140.209770149, 35.803096602 ], [ 140.209785678, 35.80311988 ], [ 140.210781290999989, 35.802912459 ], [ 140.210714368999987, 35.80267372 ], [ 140.209663221999989, 35.80288864 ], [ 140.209633652, 35.802893854 ], [ 140.209691351, 35.803077155 ], [ 140.209715745000011, 35.803112843 ] ] ] } },
{ "type": "Feature", "properties": { "fid": 4498, "daicho_shubetsu_cd": "FUD25", "layer": "筆ポリゴン（2025年公開）_20260708233407", "fid_2": 6584, "事業年度": 2026, "物件番号": 7154, "GIS物件番号": null, "大字コード": 2050, "大字名": "萩原", "小字コード": 8, "小字名": "和田下", "__EMPTY": "萩原3450", "本番": 3450, "枝番": "0", "子番": 0, "孫番": false, "付番": false, "所在地番号": "2.0500080345e+28", "農地管理番号": 1, "耕地番号": 2, "所在地名": "萩原和田下3450", "マッチングさせるデータ": "萩原和田下3450", "空散対象区分1": 2, "空散対象区分2": null, "空散外面積1": 0, "空散外面積2": false, "集計転作面積": 0, "散布面積1": null, "散布面積2": null, "支払者集落": 0, "支払者集落名": null, "支払者コード": 0, "支払者名": null, "支払者住所": null, "支払者電話番号": null, "農地異動適用法": false, "農地異動適用法名": null, "利用集積計画番号": null, "適用法開始年月日": null, "適用法終了年月日": null, "備考": "石井　幸三", "所有者世帯番号": 2516, "所有者個人番号": 3933, "借受者世帯番号": 2516, "借受者個人番号": 3933, "農地予備数字１": null, "農地予備数字２": null, "農地予備数字３": null, "農地予備数字４": null, "農地予備数字５": null, "農地予備文字１": null, "農地予備文字２": null, "農地予備文字３": null, "農地予備文字４": null, "農地予備文字５": null, "手動一致フラグ": null, "計算面積（アール）": 16, "散布班": "18-①", "地区名": "2026印西市" }, "geometry": { "type": "Polygon", "coordinates": [ [ [ 140.209533467999989, 35.802889451 ], [ 140.209488205000014, 35.802753613 ], [ 140.208503966, 35.802961515 ], [ 140.208405117000012, 35.802983181 ], [ 140.208447067, 35.803117684 ], [ 140.209533467999989, 35.802889451 ] ] ] } },
{ "type": "Feature", "properties": { "fid": 4499, "daicho_shubetsu_cd": "FUD25", "layer": "筆ポリゴン（2025年公開）_20260708233407", "fid_2": 6585, "事業年度": 2026, "物件番号": 7229, "GIS物件番号": null, "大字コード": 2050, "大字名": "萩原", "小字コード": 9, "小字名": "和田谷", "__EMPTY": "萩原1202", "本番": 1202, "枝番": "1", "子番": 0, "孫番": false, "付番": false, "所在地番号": "2.05000901202e+28", "農地管理番号": 1, "耕地番号": 7, "所在地名": "萩原和田谷1202-1", "マッチングさせるデータ": "萩原和田谷1202-1", "空散対象区分1": 2, "空散対象区分2": null, "空散外面積1": 0, "空散外面積2": false, "集計転作面積": 66, "散布面積1": 0, "散布面積2": false, "支払者集落": 0, "支払者集落名": null, "支払者コード": 0, "支払者名": null, "支払者住所": null, "支払者電話番号": null, "農地異動適用法": false, "農地異動適用法名": null, "利用集積計画番号": null, "適用法開始年月日": null, "適用法終了年月日": null, "備考": "石井　幸三", "所有者世帯番号": 2516, "所有者個人番号": 3933, "借受者世帯番号": 2516, "借受者個人番号": 3933, "農地予備数字１": null, "農地予備数字２": null, "農地予備数字３": null, "農地予備数字４": null, "農地予備数字５": null, "農地予備文字１": null, "農地予備文字２": null, "農地予備文字３": null, "農地予備文字４": null, "農地予備文字５": null, "手動一致フラグ": null, "計算面積（アール）": 13, "散布班": "18-①", "地区名": "2026印西市" }, "geometry": { "type": "Polygon", "coordinates": [ [ [ 140.207466214, 35.800205717 ], [ 140.207256969000014, 35.800342694 ], [ 140.207395397999989, 35.800538038 ], [ 140.207596637, 35.800461277 ], [ 140.207662514, 35.800558959 ], [ 140.207831613, 35.800461633 ], [ 140.207573753, 35.800219432 ], [ 140.207722153, 35.800117888 ], [ 140.207665127000013, 35.800054734 ], [ 140.207466214, 35.800205717 ] ] ] } },
{ "type": "Feature", "properties": { "fid": 4504, "daicho_shubetsu_cd": "FUD25", "layer": "筆ポリゴン（2025年公開）_20260708233407", "fid_2": 6591, "事業年度": 2026, "物件番号": 7935, "GIS物件番号": null, "大字コード": 2050, "大字名": "萩原", "小字コード": 28, "小字名": "東埜", "__EMPTY": "萩原3689", "本番": 3689, "枝番": "0", "子番": 0, "孫番": false, "付番": false, "所在地番号": "2.05002803689e+28", "農地管理番号": 1, "耕地番号": 15, "所在地名": "萩原東埜3689", "マッチングさせるデータ": "萩原東埜3689", "空散対象区分1": 2, "空散対象区分2": null, "空散外面積1": 0, "空散外面積2": false, "集計転作面積": 0, "散布面積1": null, "散布面積2": null, "支払者集落": 0, "支払者集落名": null, "支払者コード": 0, "支払者名": null, "支払者住所": null, "支払者電話番号": null, "農地異動適用法": false, "農地異動適用法名": null, "利用集積計画番号": null, "適用法開始年月日": null, "適用法終了年月日": null, "備考": "石井　幸三", "所有者世帯番号": 2516, "所有者個人番号": 3933, "借受者世帯番号": 2516, "借受者個人番号": 3933, "農地予備数字１": null, "農地予備数字２": null, "農地予備数字３": null, "農地予備数字４": null, "農地予備数字５": null, "農地予備文字１": null, "農地予備文字２": null, "農地予備文字３": null, "農地予備文字４": null, "農地予備文字５": null, "手動一致フラグ": null, "計算面積（アール）": 36, "散布班": "18-⑤", "地区名": "2026印西市" }, "geometry": { "type": "Polygon", "coordinates": [ [ [ 140.217975328, 35.803079873 ], [ 140.217611209000012, 35.803456307 ], [ 140.217631782000012, 35.803472936 ], [ 140.217631886, 35.803494398 ], [ 140.21768241800001, 35.80353507 ], [ 140.21777859, 35.803609692 ], [ 140.217897908999987, 35.803697127 ], [ 140.218009607999988, 35.803803657 ], [ 140.218144499, 35.803915684 ], [ 140.218338878999987, 35.803700369 ], [ 140.218164196, 35.803568024 ], [ 140.218328338, 35.803414147 ], [ 140.218533541, 35.803543838 ], [ 140.218592335000011, 35.803471277 ], [ 140.21829244700001, 35.803273987 ], [ 140.217975328, 35.803079873 ] ] ] } },
{ "type": "Feature", "properties": { "fid": 4516, "daicho_shubetsu_cd": "FUD25", "layer": "筆ポリゴン（2025年公開）_20260708233456", "fid_2": 6611, "事業年度": 2026, "物件番号": 6346, "GIS物件番号": null, "大字コード": 2040, "大字名": "吉高", "小字コード": 41, "小字名": "中", "__EMPTY": "吉高3399", "本番": 3399, "枝番": "0", "子番": 0, "孫番": false, "付番": false, "所在地番号": "2.04004103399e+28", "農地管理番号": 1, "耕地番号": 28, "所在地名": "吉高中3399", "マッチングさせるデータ": "吉高中3399", "空散対象区分1": 2, "空散対象区分2": null, "空散外面積1": 1153, "空散外面積2": false, "集計転作面積": 0, "散布面積1": null, "散布面積2": null, "支払者集落": 0, "支払者集落名": null, "支払者コード": 0, "支払者名": null, "支払者住所": null, "支払者電話番号": null, "農地異動適用法": false, "農地異動適用法名": null, "利用集積計画番号": null, "適用法開始年月日": null, "適用法終了年月日": null, "備考": "石山　良二", "所有者世帯番号": 1907, "所有者個人番号": 2920, "借受者世帯番号": 2522, "借受者個人番号": 4280, "農地予備数字１": null, "農地予備数字２": null, "農地予備数字３": null, "農地予備数字４": null, "農地予備数字５": null, "農地予備文字１": null, "農地予備文字２": null, "農地予備文字３": null, "農地予備文字４": null, "農地予備文字５": null, "手動一致フラグ": null, "計算面積（アール）": 15, "散布班": "18-⑨", "地区名": "2026印西市" }, "geometry": { "type": "Polygon", "coordinates": [ [ [ 140.232503382, 35.795679936 ], [ 140.232471619, 35.795615461 ], [ 140.232415916, 35.795497486 ], [ 140.231810169, 35.795596386 ], [ 140.23190121, 35.795820588 ], [ 140.231943656, 35.795816187 ], [ 140.231959796000012, 35.795850286 ], [ 140.232503382, 35.795679936 ] ] ] } },
{ "type": "Feature", "properties": { "fid": 4517, "daicho_shubetsu_cd": "FUD25", "layer": "筆ポリゴン（2025年公開）_20260708233456", "fid_2": 6612, "事業年度": 2026, "物件番号": 6347, "GIS物件番号": null, "大字コード": 2040, "大字名": "吉高", "小字コード": 41, "小字名": "中", "__EMPTY": "吉高3400", "本番": 3400, "枝番": "0", "子番": 0, "孫番": false, "付番": false, "所在地番号": "2.040041034e+28", "農地管理番号": 1, "耕地番号": 29, "所在地名": "吉高中3400", "マッチングさせるデータ": "吉高中3400", "空散対象区分1": 2, "空散対象区分2": null, "空散外面積1": 0, "空散外面積2": false, "集計転作面積": 0, "散布面積1": null, "散布面積2": null, "支払者集落": 0, "支払者集落名": null, "支払者コード": 0, "支払者名": null, "支払者住所": null, "支払者電話番号": null, "農地異動適用法": false, "農地異動適用法名": null, "利用集積計画番号": null, "適用法開始年月日": null, "適用法終了年月日": null, "備考": "石山　良二", "所有者世帯番号": 1907, "所有者個人番号": 2920, "借受者世帯番号": 2522, "借受者個人番号": 4280, "農地予備数字１": null, "農地予備数字２": null, "農地予備数字３": null, "農地予備数字４": null, "農地予備数字５": null, "農地予備文字１": null, "農地予備文字２": null, "農地予備文字３": null, "農地予備文字４": null, "農地予備文字５": null, "手動一致フラグ": null, "計算面積（アール）": 30, "散布班": "18-⑨", "地区名": "2026印西市" }, "geometry": { "type": "Polygon", "coordinates": [ [ [ 140.232958787, 35.795541886 ], [ 140.232503382, 35.795679936 ], [ 140.231959796000012, 35.795850286 ], [ 140.231923963000014, 35.795869921 ], [ 140.23201857, 35.79608724 ], [ 140.232053342, 35.796080036 ], [ 140.232064922, 35.796115026 ], [ 140.233075767, 35.795776514 ], [ 140.232958787, 35.795541886 ] ] ] } },
{ "type": "Feature", "properties": { "fid": 4518, "daicho_shubetsu_cd": "FUD25", "layer": "筆ポリゴン（2025年公開）_20260708233456", "fid_2": 6613, "事業年度": 2026, "物件番号": 6348, "GIS物件番号": null, "大字コード": 2040, "大字名": "吉高", "小字コード": 41, "小字名": "中", "__EMPTY": "吉高3401", "本番": 3401, "枝番": "0", "子番": 0, "孫番": false, "付番": false, "所在地番号": "2.04004103401e+28", "農地管理番号": 1, "耕地番号": 30, "所在地名": "吉高中3401", "マッチングさせるデータ": "吉高中3401", "空散対象区分1": 2, "空散対象区分2": null, "空散外面積1": 0, "空散外面積2": false, "集計転作面積": 0, "散布面積1": null, "散布面積2": null, "支払者集落": 0, "支払者集落名": null, "支払者コード": 0, "支払者名": null, "支払者住所": null, "支払者電話番号": null, "農地異動適用法": false, "農地異動適用法名": null, "利用集積計画番号": null, "適用法開始年月日": null, "適用法終了年月日": null, "備考": "石山　良二", "所有者世帯番号": 1907, "所有者個人番号": 2920, "借受者世帯番号": 2522, "借受者個人番号": 4280, "農地予備数字１": null, "農地予備数字２": null, "農地予備数字３": null, "農地予備数字４": null, "農地予備数字５": null, "農地予備文字１": null, "農地予備文字２": null, "農地予備文字３": null, "農地予備文字４": null, "農地予備文字５": null, "手動一致フラグ": null, "計算面積（アール）": 26, "散布班": "18-⑨", "地区名": "2026印西市" }, "geometry": { "type": "Polygon", "coordinates": [ [ [ 140.232136755877036, 35.79633220065282 ], [ 140.233182544233216, 35.796003376198854 ], [ 140.233075767, 35.795776514 ], [ 140.232064922, 35.796115026 ], [ 140.23204100800001, 35.796123237 ], [ 140.232136755877036, 35.79633220065282 ] ] ] } },
{ "type": "Feature", "properties": { "fid": 4519, "daicho_shubetsu_cd": "FUD25", "layer": "筆ポリゴン（2025年公開）_20260708233407", "fid_2": 6614, "事業年度": 2026, "物件番号": 6527, "GIS物件番号": null, "大字コード": 2040, "大字名": "吉高", "小字コード": 42, "小字名": "西", "__EMPTY": "吉高3558", "本番": 3558, "枝番": "0", "子番": 0, "孫番": false, "付番": false, "所在地番号": "2.04004203558e+28", "農地管理番号": 1, "耕地番号": 31, "所在地名": "吉高西3558", "マッチングさせるデータ": "吉高西3558", "空散対象区分1": 2, "空散対象区分2": null, "空散外面積1": 0, "空散外面積2": false, "集計転作面積": 0, "散布面積1": null, "散布面積2": null, "支払者集落": 0, "支払者集落名": null, "支払者コード": 0, "支払者名": null, "支払者住所": null, "支払者電話番号": null, "農地異動適用法": false, "農地異動適用法名": null, "利用集積計画番号": null, "適用法開始年月日": null, "適用法終了年月日": null, "備考": "石山　良二", "所有者世帯番号": 1907, "所有者個人番号": 2920, "借受者世帯番号": 2522, "借受者個人番号": 4280, "農地予備数字１": null, "農地予備数字２": null, "農地予備数字３": null, "農地予備数字４": null, "農地予備数字５": null, "農地予備文字１": null, "農地予備文字２": null, "農地予備文字３": null, "農地予備文字４": null, "農地予備文字５": null, "手動一致フラグ": null, "計算面積（アール）": 11, "散布班": "18-⑦", "地区名": "2026印西市" }, "geometry": { "type": "Polygon", "coordinates": [ [ [ 140.223810036, 35.797650799 ], [ 140.224836661000012, 35.797324581 ], [ 140.224793954, 35.797226887 ], [ 140.223765229, 35.797556113 ], [ 140.223810036, 35.797650799 ] ] ] } },
{ "type": "Feature", "properties": { "fid": 4520, "daicho_shubetsu_cd": "FUD25", "layer": "筆ポリゴン（2025年公開）_20260708233407", "fid_2": 6615, "事業年度": 2026, "物件番号": 6605, "GIS物件番号": null, "大字コード": 2041, "大字名": "吉高干拓", "小字コード": 0, "小字名": null, "__EMPTY": "吉高干拓100", "本番": 100, "枝番": "0", "子番": 0, "孫番": false, "付番": false, "所在地番号": "2.041000001e+28", "農地管理番号": 1, "耕地番号": 32, "所在地名": "吉高干拓100", "マッチングさせるデータ": "吉高干拓100", "空散対象区分1": 2, "空散対象区分2": null, "空散外面積1": 0, "空散外面積2": false, "集計転作面積": 0, "散布面積1": null, "散布面積2": null, "支払者集落": 0, "支払者集落名": null, "支払者コード": 0, "支払者名": null, "支払者住所": null, "支払者電話番号": null, "農地異動適用法": false, "農地異動適用法名": null, "利用集積計画番号": null, "適用法開始年月日": null, "適用法終了年月日": null, "備考": "石山　良二", "所有者世帯番号": 1907, "所有者個人番号": 2920, "借受者世帯番号": 2522, "借受者個人番号": 4280, "農地予備数字１": null, "農地予備数字２": null, "農地予備数字３": null, "農地予備数字４": null, "農地予備数字５": null, "農地予備文字１": null, "農地予備文字２": null, "農地予備文字３": null, "農地予備文字４": null, "農地予備文字５": null, "手動一致フラグ": null, "計算面積（アール）": 8, "散布班": "18-⑨", "地区名": "2026印西市" }, "geometry": { "type": "Polygon", "coordinates": [ [ [ 140.240028795819427, 35.797247178051883 ], [ 140.238988095665491, 35.797576977396432 ], [ 140.239016661, 35.797638198 ], [ 140.24004201, 35.797320262 ], [ 140.240038254000012, 35.797302521 ], [ 140.240052870999989, 35.797293595 ], [ 140.240028795819427, 35.797247178051883 ] ] ] } },
{ "type": "Feature", "properties": { "fid": 4521, "daicho_shubetsu_cd": "FUD25", "layer": "筆ポリゴン（2025年公開）_20260708233407", "fid_2": 6616, "事業年度": 2026, "物件番号": 6606, "GIS物件番号": null, "大字コード": 2041, "大字名": "吉高干拓", "小字コード": 0, "小字名": null, "__EMPTY": "吉高干拓101", "本番": 101, "枝番": "0", "子番": 0, "孫番": false, "付番": false, "所在地番号": "2.04100000101e+28", "農地管理番号": 1, "耕地番号": 33, "所在地名": "吉高干拓101", "マッチングさせるデータ": "吉高干拓101", "空散対象区分1": 2, "空散対象区分2": null, "空散外面積1": 0, "空散外面積2": false, "集計転作面積": 0, "散布面積1": null, "散布面積2": null, "支払者集落": 0, "支払者集落名": null, "支払者コード": 0, "支払者名": null, "支払者住所": null, "支払者電話番号": null, "農地異動適用法": false, "農地異動適用法名": null, "利用集積計画番号": null, "適用法開始年月日": null, "適用法終了年月日": null, "備考": "石山　良二", "所有者世帯番号": 1907, "所有者個人番号": 2920, "借受者世帯番号": 2522, "借受者個人番号": 4280, "農地予備数字１": null, "農地予備数字２": null, "農地予備数字３": null, "農地予備数字４": null, "農地予備数字５": null, "農地予備文字１": null, "農地予備文字２": null, "農地予備文字３": null, "農地予備文字４": null, "農地予備文字５": null, "手動一致フラグ": null, "計算面積（アール）": 11, "散布班": "18-⑨", "地区名": "2026印西市" }, "geometry": { "type": "Polygon", "coordinates": [ [ [ 140.239985709221571, 35.79716410709122 ], [ 140.238945054026146, 35.797484731491217 ], [ 140.238988095665491, 35.797576977396432 ], [ 140.240028795819427, 35.797247178051883 ], [ 140.239985709221571, 35.79716410709122 ] ] ] } },
{ "type": "Feature", "properties": { "fid": 4522, "daicho_shubetsu_cd": "FUD25", "layer": "筆ポリゴン（2025年公開）_20260708233456", "fid_2": 6617, "事業年度": 2026, "物件番号": 6638, "GIS物件番号": null, "大字コード": 2041, "大字名": "吉高干拓", "小字コード": 0, "小字名": null, "__EMPTY": "吉高干拓143", "本番": 143, "枝番": "0", "子番": 0, "孫番": false, "付番": false, "所在地番号": "2.04100000143e+28", "農地管理番号": 1, "耕地番号": 34, "所在地名": "吉高干拓143", "マッチングさせるデータ": "吉高干拓143", "空散対象区分1": 2, "空散対象区分2": null, "空散外面積1": 0, "空散外面積2": false, "集計転作面積": 0, "散布面積1": null, "散布面積2": null, "支払者集落": 0, "支払者集落名": null, "支払者コード": 0, "支払者名": null, "支払者住所": null, "支払者電話番号": null, "農地異動適用法": false, "農地異動適用法名": null, "利用集積計画番号": null, "適用法開始年月日": null, "適用法終了年月日": null, "備考": "石山　良二", "所有者世帯番号": 1907, "所有者個人番号": 2920, "借受者世帯番号": 2522, "借受者個人番号": 4280, "農地予備数字１": null, "農地予備数字２": null, "農地予備数字３": null, "農地予備数字４": null, "農地予備数字５": null, "農地予備文字１": null, "農地予備文字２": null, "農地予備文字３": null, "農地予備文字４": null, "農地予備文字５": null, "手動一致フラグ": null, "計算面積（アール）": 20, "散布班": "18-⑨", "地区名": "2026印西市" }, "geometry": { "type": "Polygon", "coordinates": [ [ [ 140.241304690065618, 35.795305898135425 ], [ 140.240567430313575, 35.795542107570547 ], [ 140.240665826, 35.795768932 ], [ 140.241457136, 35.795516237 ], [ 140.241304690065618, 35.795305898135425 ] ] ] } },
{ "type": "Feature", "properties": { "fid": 4523, "daicho_shubetsu_cd": null, "layer": null, "fid_2": 6618, "事業年度": 2026, "物件番号": 6670, "GIS物件番号": null, "大字コード": 2041, "大字名": "吉高干拓", "小字コード": 0, "小字名": null, "__EMPTY": "吉高干拓185", "本番": 185, "枝番": "0", "子番": 0, "孫番": false, "付番": false, "所在地番号": "2.04100000185e+28", "農地管理番号": 1, "耕地番号": 35, "所在地名": "吉高干拓185", "マッチングさせるデータ": "吉高干拓185", "空散対象区分1": 2, "空散対象区分2": null, "空散外面積1": 0, "空散外面積2": false, "集計転作面積": 0, "散布面積1": null, "散布面積2": null, "支払者集落": 0, "支払者集落名": null, "支払者コード": 0, "支払者名": null, "支払者住所": null, "支払者電話番号": null, "農地異動適用法": false, "農地異動適用法名": null, "利用集積計画番号": null, "適用法開始年月日": null, "適用法終了年月日": null, "備考": "石山　良二", "所有者世帯番号": 1907, "所有者個人番号": 2920, "借受者世帯番号": 2522, "借受者個人番号": 4280, "農地予備数字１": null, "農地予備数字２": null, "農地予備数字３": null, "農地予備数字４": null, "農地予備数字５": null, "農地予備文字１": null, "農地予備文字２": null, "農地予備文字３": null, "農地予備文字４": null, "農地予備文字５": null, "手動一致フラグ": null, "計算面積（アール）": 8, "散布班": "18-⑨", "地区名": "2026印西市" }, "geometry": { "type": "Polygon", "coordinates": [ [ [ 140.244615041, 35.795554007 ], [ 140.244681359560502, 35.79561739632959 ], [ 140.245564109525702, 35.795096117255312 ], [ 140.245532451, 35.795041945 ], [ 140.244615041, 35.795554007 ] ] ] } },
{ "type": "Feature", "properties": { "fid": 4524, "daicho_shubetsu_cd": "FUD25", "layer": "筆ポリゴン（2025年公開）_20260708233407", "fid_2": 6619, "事業年度": 2026, "物件番号": 7016, "GIS物件番号": null, "大字コード": 2050, "大字名": "萩原", "小字コード": 6, "小字名": "城内下", "__EMPTY": "萩原3332", "本番": 3332, "枝番": "0", "子番": 0, "孫番": false, "付番": false, "所在地番号": "2.05000603332e+28", "農地管理番号": 1, "耕地番号": 15, "所在地名": "萩原城内下3332", "マッチングさせるデータ": "萩原城内下3332", "空散対象区分1": 2, "空散対象区分2": null, "空散外面積1": 0, "空散外面積2": false, "集計転作面積": 0, "散布面積1": null, "散布面積2": null, "支払者集落": 0, "支払者集落名": null, "支払者コード": 0, "支払者名": null, "支払者住所": null, "支払者電話番号": null, "農地異動適用法": false, "農地異動適用法名": null, "利用集積計画番号": null, "適用法開始年月日": null, "適用法終了年月日": null, "備考": "石橋　康一", "所有者世帯番号": 2456, "所有者個人番号": 3890, "借受者世帯番号": 2522, "借受者個人番号": 4280, "農地予備数字１": null, "農地予備数字２": null, "農地予備数字３": null, "農地予備数字４": null, "農地予備数字５": null, "農地予備文字１": null, "農地予備文字２": null, "農地予備文字３": null, "農地予備文字４": null, "農地予備文字５": null, "手動一致フラグ": null, "計算面積（アール）": 21, "散布班": "18-①", "地区名": "2026印西市" }, "geometry": { "type": "Polygon", "coordinates": [ [ [ 140.212977883, 35.802044444 ], [ 140.213031011999988, 35.802235484 ], [ 140.214068596, 35.802013909 ], [ 140.214100413000011, 35.801955105 ], [ 140.214054978, 35.80182196 ], [ 140.214018001, 35.801828741 ], [ 140.212977883, 35.802044444 ] ] ] } },
{ "type": "Feature", "properties": { "fid": 4525, "daicho_shubetsu_cd": "FUD25", "layer": "筆ポリゴン（2025年公開）_20260708233407", "fid_2": 6620, "事業年度": 2026, "物件番号": 7139, "GIS物件番号": null, "大字コード": 2050, "大字名": "萩原", "小字コード": 8, "小字名": "和田下", "__EMPTY": "萩原3429", "本番": 3429, "枝番": "0", "子番": 0, "孫番": false, "付番": false, "所在地番号": "2.05000803429e+28", "農地管理番号": 1, "耕地番号": 12, "所在地名": "萩原和田下3429", "マッチングさせるデータ": "萩原和田下3429", "空散対象区分1": 2, "空散対象区分2": null, "空散外面積1": 0, "空散外面積2": false, "集計転作面積": 0, "散布面積1": null, "散布面積2": null, "支払者集落": 0, "支払者集落名": null, "支払者コード": 0, "支払者名": null, "支払者住所": null, "支払者電話番号": null, "農地異動適用法": false, "農地異動適用法名": null, "利用集積計画番号": null, "適用法開始年月日": null, "適用法終了年月日": null, "備考": "石井　良生", "所有者世帯番号": 2524, "所有者個人番号": 10994, "借受者世帯番号": 2522, "借受者個人番号": 4280, "農地予備数字１": null, "農地予備数字２": null, "農地予備数字３": null, "農地予備数字４": null, "農地予備数字５": null, "農地予備文字１": null, "農地予備文字２": null, "農地予備文字３": null, "農地予備文字４": null, "農地予備文字５": null, "手動一致フラグ": null, "計算面積（アール）": 33, "散布班": "18-①", "地区名": "2026印西市" }, "geometry": { "type": "Polygon", "coordinates": [ [ [ 140.209626041, 35.802869672 ], [ 140.209654304, 35.802865939 ], [ 140.209663221999989, 35.80288864 ], [ 140.210714368999987, 35.80267372 ], [ 140.21062706, 35.802390411 ], [ 140.210506079, 35.802415115 ], [ 140.209544748000013, 35.802611414 ], [ 140.209626041, 35.802869672 ] ] ] } },
{ "type": "Feature", "properties": { "fid": 4526, "daicho_shubetsu_cd": "FUD25", "layer": "筆ポリゴン（2025年公開）_20260708233407", "fid_2": 6621, "事業年度": 2026, "物件番号": 7184, "GIS物件番号": null, "大字コード": 2050, "大字名": "萩原", "小字コード": 8, "小字名": "和田下", "__EMPTY": "萩原3489", "本番": 3489, "枝番": "0", "子番": 0, "孫番": false, "付番": false, "所在地番号": "2.05000803489e+28", "農地管理番号": 1, "耕地番号": 36, "所在地名": "萩原和田下3489", "マッチングさせるデータ": "萩原和田下3489", "空散対象区分1": 2, "空散対象区分2": null, "空散外面積1": 0, "空散外面積2": false, "集計転作面積": 0, "散布面積1": null, "散布面積2": null, "支払者集落": 0, "支払者集落名": null, "支払者コード": 0, "支払者名": null, "支払者住所": null, "支払者電話番号": null, "農地異動適用法": false, "農地異動適用法名": null, "利用集積計画番号": null, "適用法開始年月日": null, "適用法終了年月日": null, "備考": "石井　良生", "所有者世帯番号": 2524, "所有者個人番号": 10994, "借受者世帯番号": 2522, "借受者個人番号": 4280, "農地予備数字１": null, "農地予備数字２": null, "農地予備数字３": null, "農地予備数字４": null, "農地予備数字５": null, "農地予備文字１": null, "農地予備文字２": null, "農地予備文字３": null, "農地予備文字４": null, "農地予備文字５": null, "手動一致フラグ": null, "計算面積（アール）": 15, "散布班": "18-①", "地区名": "2026印西市" }, "geometry": { "type": "Polygon", "coordinates": [ [ [ 140.206812596970934, 35.801899411651185 ], [ 140.205723041139493, 35.802130979375583 ], [ 140.205764495000011, 35.802264915 ], [ 140.206849653, 35.802030089 ], [ 140.206812596970934, 35.801899411651185 ] ] ] } },
{ "type": "Feature", "properties": { "fid": 4527, "daicho_shubetsu_cd": "FUD25", "layer": "筆ポリゴン（2025年公開）_20260708233407", "fid_2": 6622, "事業年度": 2026, "物件番号": 7185, "GIS物件番号": null, "大字コード": 2050, "大字名": "萩原", "小字コード": 8, "小字名": "和田下", "__EMPTY": "萩原3490", "本番": 3490, "枝番": "0", "子番": 0, "孫番": false, "付番": false, "所在地番号": "2.0500080349e+28", "農地管理番号": 1, "耕地番号": 13, "所在地名": "萩原和田下3490", "マッチングさせるデータ": "萩原和田下3490", "空散対象区分1": 2, "空散対象区分2": null, "空散外面積1": 0, "空散外面積2": false, "集計転作面積": 0, "散布面積1": null, "散布面積2": null, "支払者集落": 0, "支払者集落名": null, "支払者コード": 0, "支払者名": null, "支払者住所": null, "支払者電話番号": null, "農地異動適用法": false, "農地異動適用法名": null, "利用集積計画番号": null, "適用法開始年月日": null, "適用法終了年月日": null, "備考": "石井　良生", "所有者世帯番号": 2524, "所有者個人番号": 10994, "借受者世帯番号": 2522, "借受者個人番号": 4280, "農地予備数字１": null, "農地予備数字２": null, "農地予備数字３": null, "農地予備数字４": null, "農地予備数字５": null, "農地予備文字１": null, "農地予備文字２": null, "農地予備文字３": null, "農地予備文字４": null, "農地予備文字５": null, "手動一致フラグ": null, "計算面積（アール）": 30, "散布班": "18-①", "地区名": "2026印西市" }, "geometry": { "type": "Polygon", "coordinates": [ [ [ 140.206928241000014, 35.802302243 ], [ 140.206849653, 35.802030089 ], [ 140.205764495000011, 35.802264915 ], [ 140.205838395, 35.802488005 ], [ 140.20587638500001, 35.802486011 ], [ 140.205881799999986, 35.802511822 ], [ 140.206928241000014, 35.802302243 ] ] ] } },
{ "type": "Feature", "properties": { "fid": 4528, "daicho_shubetsu_cd": "FUD25", "layer": "筆ポリゴン（2025年公開）_20260708233407", "fid_2": 6623, "事業年度": 2026, "物件番号": 7186, "GIS物件番号": null, "大字コード": 2050, "大字名": "萩原", "小字コード": 8, "小字名": "和田下", "__EMPTY": "萩原3491", "本番": 3491, "枝番": "0", "子番": 0, "孫番": false, "付番": false, "所在地番号": "2.05000803491e+28", "農地管理番号": 1, "耕地番号": 37, "所在地名": "萩原和田下3491", "マッチングさせるデータ": "萩原和田下3491", "空散対象区分1": 2, "空散対象区分2": null, "空散外面積1": 0, "空散外面積2": false, "集計転作面積": 0, "散布面積1": null, "散布面積2": null, "支払者集落": 0, "支払者集落名": null, "支払者コード": 0, "支払者名": null, "支払者住所": null, "支払者電話番号": null, "農地異動適用法": false, "農地異動適用法名": null, "利用集積計画番号": null, "適用法開始年月日": null, "適用法終了年月日": null, "備考": "石井　良生", "所有者世帯番号": 2524, "所有者個人番号": 10994, "借受者世帯番号": 2522, "借受者個人番号": 4280, "農地予備数字１": null, "農地予備数字２": null, "農地予備数字３": null, "農地予備数字４": null, "農地予備数字５": null, "農地予備文字１": null, "農地予備文字２": null, "農地予備文字３": null, "農地予備文字４": null, "農地予備文字５": null, "手動一致フラグ": null, "計算面積（アール）": 10, "散布班": "18-①", "地区名": "2026印西市" }, "geometry": { "type": "Polygon", "coordinates": [ [ [ 140.206953758, 35.802385616 ], [ 140.206928241000014, 35.802302243 ], [ 140.205881799999986, 35.802511822 ], [ 140.205886225, 35.802533007 ], [ 140.205853698, 35.802537687 ], [ 140.205875371, 35.802600322 ], [ 140.205928899000014, 35.802594191 ], [ 140.206953758, 35.802385616 ] ] ] } },
{ "type": "Feature", "properties": { "fid": 4529, "daicho_shubetsu_cd": "FUD25", "layer": "筆ポリゴン（2025年公開）_20260708233407", "fid_2": 6624, "事業年度": 2026, "物件番号": 7480, "GIS物件番号": null, "大字コード": 2050, "大字名": "萩原", "小字コード": 24, "小字名": "山中下", "__EMPTY": "萩原3036", "本番": 3036, "枝番": "1", "子番": 0, "孫番": false, "付番": false, "所在地番号": "2.05002403036e+28", "農地管理番号": 1, "耕地番号": 1, "所在地名": "萩原山中下3036-1", "マッチングさせるデータ": "萩原山中下3036-1", "空散対象区分1": 2, "空散対象区分2": null, "空散外面積1": 0, "空散外面積2": false, "集計転作面積": 0, "散布面積1": null, "散布面積2": null, "支払者集落": 0, "支払者集落名": null, "支払者コード": 0, "支払者名": null, "支払者住所": null, "支払者電話番号": null, "農地異動適用法": false, "農地異動適用法名": null, "利用集積計画番号": null, "適用法開始年月日": null, "適用法終了年月日": null, "備考": "渡辺　孝一", "所有者世帯番号": 2522, "所有者個人番号": 4280, "借受者世帯番号": 2522, "借受者個人番号": 4280, "農地予備数字１": null, "農地予備数字２": null, "農地予備数字３": null, "農地予備数字４": null, "農地予備数字５": null, "農地予備文字１": null, "農地予備文字２": null, "農地予備文字３": null, "農地予備文字４": null, "農地予備文字５": null, "手動一致フラグ": null, "計算面積（アール）": 18, "散布班": "18-①", "地区名": "2026印西市" }, "geometry": { "type": "Polygon", "coordinates": [ [ [ 140.20263332, 35.800077549 ], [ 140.20287939, 35.800476255 ], [ 140.2032211, 35.80033506 ], [ 140.202970441, 35.799918029 ], [ 140.202624469999989, 35.800059496 ], [ 140.20263332, 35.800077549 ] ] ] } },
{ "type": "Feature", "properties": { "fid": 4541, "daicho_shubetsu_cd": "FUD25", "layer": "筆ポリゴン（2025年公開）_20260708233407", "fid_2": 6637, "事業年度": 2026, "物件番号": 8463, "GIS物件番号": null, "大字コード": 2060, "大字名": "松虫", "小字コード": 33, "小字名": "新田", "__EMPTY": "松虫890", "本番": 890, "枝番": "0", "子番": 0, "孫番": false, "付番": false, "所在地番号": "2.0600330089e+28", "農地管理番号": 1, "耕地番号": 17, "所在地名": "松虫新田890", "マッチングさせるデータ": "松虫新田890", "空散対象区分1": 2, "空散対象区分2": null, "空散外面積1": 0, "空散外面積2": false, "集計転作面積": 0, "散布面積1": null, "散布面積2": null, "支払者集落": 0, "支払者集落名": null, "支払者コード": 0, "支払者名": null, "支払者住所": null, "支払者電話番号": null, "農地異動適用法": false, "農地異動適用法名": null, "利用集積計画番号": null, "適用法開始年月日": null, "適用法終了年月日": null, "備考": "石橋　康一", "所有者世帯番号": 2456, "所有者個人番号": 3890, "借受者世帯番号": 2522, "借受者個人番号": 4280, "農地予備数字１": null, "農地予備数字２": null, "農地予備数字３": null, "農地予備数字４": null, "農地予備数字５": null, "農地予備文字１": null, "農地予備文字２": null, "農地予備文字３": null, "農地予備文字４": null, "農地予備文字５": null, "手動一致フラグ": null, "計算面積（アール）": 13, "散布班": "18-⑤", "地区名": "2026印西市" }, "geometry": { "type": "Polygon", "coordinates": [ [ [ 140.220986149535008, 35.800124859005841 ], [ 140.220297520297379, 35.800848395716336 ], [ 140.220374708, 35.800896512 ], [ 140.220396297, 35.800873715 ], [ 140.220426106, 35.800894979 ], [ 140.221095584000011, 35.800195588 ], [ 140.220986149535008, 35.800124859005841 ] ] ] } },
{ "type": "Feature", "properties": { "fid": 4542, "daicho_shubetsu_cd": "FUD25", "layer": "筆ポリゴン（2025年公開）_20260708233407", "fid_2": 6638, "事業年度": 2026, "物件番号": 8464, "GIS物件番号": null, "大字コード": 2060, "大字名": "松虫", "小字コード": 33, "小字名": "新田", "__EMPTY": "松虫891", "本番": 891, "枝番": "1", "子番": 0, "孫番": false, "付番": false, "所在地番号": "2.06003300891e+28", "農地管理番号": 1, "耕地番号": 18, "所在地名": "松虫新田891-1", "マッチングさせるデータ": "松虫新田891-1", "空散対象区分1": 2, "空散対象区分2": null, "空散外面積1": 0, "空散外面積2": false, "集計転作面積": 0, "散布面積1": null, "散布面積2": null, "支払者集落": 0, "支払者集落名": null, "支払者コード": 0, "支払者名": null, "支払者住所": null, "支払者電話番号": null, "農地異動適用法": false, "農地異動適用法名": null, "利用集積計画番号": null, "適用法開始年月日": null, "適用法終了年月日": null, "備考": "石橋　康一", "所有者世帯番号": 2456, "所有者個人番号": 3890, "借受者世帯番号": 2522, "借受者個人番号": 4280, "農地予備数字１": null, "農地予備数字２": null, "農地予備数字３": null, "農地予備数字４": null, "農地予備数字５": null, "農地予備文字１": null, "農地予備文字２": null, "農地予備文字３": null, "農地予備文字４": null, "農地予備文字５": null, "手動一致フラグ": null, "計算面積（アール）": 22, "散布班": "18-⑤", "地区名": "2026印西市" }, "geometry": { "type": "Polygon", "coordinates": [ [ [ 140.220815087291101, 35.800014299133785 ], [ 140.220098829231063, 35.800724538218539 ], [ 140.220297520297379, 35.800848395716336 ], [ 140.220986149535008, 35.800124859005841 ], [ 140.220815087291101, 35.800014299133785 ] ] ] } },
{ "type": "Feature", "properties": { "fid": 4543, "daicho_shubetsu_cd": "FUD25", "layer": "筆ポリゴン（2025年公開）_20260708233407", "fid_2": 6639, "事業年度": 2026, "物件番号": 8465, "GIS物件番号": null, "大字コード": 2060, "大字名": "松虫", "小字コード": 33, "小字名": "新田", "__EMPTY": "松虫891", "本番": 891, "枝番": "2", "子番": 0, "孫番": false, "付番": false, "所在地番号": "2.06003300891e+28", "農地管理番号": 1, "耕地番号": 19, "所在地名": "松虫新田891-2", "マッチングさせるデータ": "松虫新田891-2", "空散対象区分1": 2, "空散対象区分2": null, "空散外面積1": 0, "空散外面積2": false, "集計転作面積": 0, "散布面積1": null, "散布面積2": null, "支払者集落": 0, "支払者集落名": null, "支払者コード": 0, "支払者名": null, "支払者住所": null, "支払者電話番号": null, "農地異動適用法": false, "農地異動適用法名": null, "利用集積計画番号": null, "適用法開始年月日": null, "適用法終了年月日": null, "備考": "石橋　康一", "所有者世帯番号": 2456, "所有者個人番号": 3890, "借受者世帯番号": 2522, "借受者個人番号": 4280, "農地予備数字１": null, "農地予備数字２": null, "農地予備数字３": null, "農地予備数字４": null, "農地予備数字５": null, "農地予備文字１": null, "農地予備文字２": null, "農地予備文字３": null, "農地予備文字４": null, "農地予備文字５": null, "手動一致フラグ": null, "計算面積（アール）": 19, "散布班": "18-⑤", "地区名": "2026印西市" }, "geometry": { "type": "Polygon", "coordinates": [ [ [ 140.220098829231063, 35.800724538218539 ], [ 140.220815087291101, 35.800014299133785 ], [ 140.220651914, 35.799908838 ], [ 140.219946929, 35.800612059 ], [ 140.219943771, 35.80062788 ], [ 140.220098829231063, 35.800724538218539 ] ] ] } },
{ "type": "Feature", "properties": { "fid": 4544, "daicho_shubetsu_cd": "FUD25", "layer": "筆ポリゴン（2025年公開）_20260708233407", "fid_2": 6640, "事業年度": 2026, "物件番号": 7125, "GIS物件番号": null, "大字コード": 2050, "大字名": "萩原", "小字コード": 8, "小字名": "和田下", "__EMPTY": "萩原3415", "本番": 3415, "枝番": "0", "子番": 0, "孫番": false, "付番": false, "所在地番号": "2.05000803415e+28", "農地管理番号": 1, "耕地番号": 1, "所在地名": "萩原和田下3415", "マッチングさせるデータ": "萩原和田下3415", "空散対象区分1": 2, "空散対象区分2": null, "空散外面積1": 0, "空散外面積2": false, "集計転作面積": 0, "散布面積1": null, "散布面積2": null, "支払者集落": 0, "支払者集落名": null, "支払者コード": 0, "支払者名": null, "支払者住所": null, "支払者電話番号": null, "農地異動適用法": false, "農地異動適用法名": null, "利用集積計画番号": null, "適用法開始年月日": null, "適用法終了年月日": null, "備考": "渡辺　美栄", "所有者世帯番号": 2523, "所有者個人番号": 4285, "借受者世帯番号": 2523, "借受者個人番号": 4285, "農地予備数字１": null, "農地予備数字２": null, "農地予備数字３": null, "農地予備数字４": null, "農地予備数字５": null, "農地予備文字１": null, "農地予備文字２": null, "農地予備文字３": null, "農地予備文字４": null, "農地予備文字５": null, "手動一致フラグ": null, "計算面積（アール）": 15, "散布班": "18-①", "地区名": "2026印西市" }, "geometry": { "type": "Polygon", "coordinates": [ [ [ 140.211832531, 35.803905687 ], [ 140.212252762, 35.803820637 ], [ 140.212219842, 35.803702129 ], [ 140.212187516, 35.803708432 ], [ 140.212178459, 35.80369124 ], [ 140.211134257999987, 35.803910406 ], [ 140.211172704, 35.804038003 ], [ 140.211575851, 35.803962312 ], [ 140.211832531, 35.803905687 ] ] ] } },
{ "type": "Feature", "properties": { "fid": 4545, "daicho_shubetsu_cd": "FUD25", "layer": "筆ポリゴン（2025年公開）_20260708233407", "fid_2": 6641, "事業年度": 2026, "物件番号": 7152, "GIS物件番号": null, "大字コード": 2050, "大字名": "萩原", "小字コード": 8, "小字名": "和田下", "__EMPTY": "萩原3448", "本番": 3448, "枝番": "0", "子番": 0, "孫番": false, "付番": false, "所在地番号": "2.05000803448e+28", "農地管理番号": 1, "耕地番号": 2, "所在地名": "萩原和田下3448", "マッチングさせるデータ": "萩原和田下3448", "空散対象区分1": 2, "空散対象区分2": null, "空散外面積1": 0, "空散外面積2": false, "集計転作面積": 0, "散布面積1": null, "散布面積2": null, "支払者集落": 0, "支払者集落名": null, "支払者コード": 0, "支払者名": null, "支払者住所": null, "支払者電話番号": null, "農地異動適用法": false, "農地異動適用法名": null, "利用集積計画番号": null, "適用法開始年月日": null, "適用法終了年月日": null, "備考": "渡辺　美栄", "所有者世帯番号": 2523, "所有者個人番号": 4285, "借受者世帯番号": 2523, "借受者個人番号": 4285, "農地予備数字１": null, "農地予備数字２": null, "農地予備数字３": null, "農地予備数字４": null, "農地予備数字５": null, "農地予備文字１": null, "農地予備文字２": null, "農地予備文字３": null, "農地予備文字４": null, "農地予備文字５": null, "手動一致フラグ": null, "計算面積（アール）": 25, "散布班": "18-①", "地区名": "2026印西市" }, "geometry": { "type": "Polygon", "coordinates": [ [ [ 140.208350138575469, 35.802807537214122 ], [ 140.209433872195461, 35.802580607758131 ], [ 140.209367397, 35.802368939 ], [ 140.208282360999988, 35.802591003 ], [ 140.208350138575469, 35.802807537214122 ] ] ] } },
{ "type": "Feature", "properties": { "fid": 4546, "daicho_shubetsu_cd": "FUD25", "layer": "筆ポリゴン（2025年公開）_20260708233407", "fid_2": 6642, "事業年度": 2026, "物件番号": 7153, "GIS物件番号": null, "大字コード": 2050, "大字名": "萩原", "小字コード": 8, "小字名": "和田下", "__EMPTY": "萩原3449", "本番": 3449, "枝番": "0", "子番": 0, "孫番": false, "付番": false, "所在地番号": "2.05000803449e+28", "農地管理番号": 1, "耕地番号": 3, "所在地名": "萩原和田下3449", "マッチングさせるデータ": "萩原和田下3449", "空散対象区分1": 2, "空散対象区分2": null, "空散外面積1": 0, "空散外面積2": false, "集計転作面積": 0, "散布面積1": null, "散布面積2": null, "支払者集落": 0, "支払者集落名": null, "支払者コード": 0, "支払者名": null, "支払者住所": null, "支払者電話番号": null, "農地異動適用法": false, "農地異動適用法名": null, "利用集積計画番号": null, "適用法開始年月日": null, "適用法終了年月日": null, "備考": "渡辺　美栄", "所有者世帯番号": 2523, "所有者個人番号": 4285, "借受者世帯番号": 2523, "借受者個人番号": 4285, "農地予備数字１": null, "農地予備数字２": null, "農地予備数字３": null, "農地予備数字４": null, "農地予備数字５": null, "農地予備文字１": null, "農地予備文字２": null, "農地予備文字３": null, "農地予備文字４": null, "農地予備文字５": null, "手動一致フラグ": null, "計算面積（アール）": 20, "散布班": "18-①", "地区名": "2026印西市" }, "geometry": { "type": "Polygon", "coordinates": [ [ [ 140.209433872195461, 35.802580607758131 ], [ 140.208350138575469, 35.802807537214122 ], [ 140.208405117000012, 35.802983181 ], [ 140.208503966, 35.802961515 ], [ 140.209488205000014, 35.802753613 ], [ 140.209433872195461, 35.802580607758131 ] ] ] } },
{ "type": "Feature", "properties": { "fid": 4547, "daicho_shubetsu_cd": "FUD25", "layer": "筆ポリゴン（2025年公開）_20260708233407", "fid_2": 6643, "事業年度": 2026, "物件番号": 7181, "GIS物件番号": null, "大字コード": 2050, "大字名": "萩原", "小字コード": 8, "小字名": "和田下", "__EMPTY": "萩原3482", "本番": 3482, "枝番": "0", "子番": 0, "孫番": false, "付番": false, "所在地番号": "2.05000803482e+28", "農地管理番号": 1, "耕地番号": 4, "所在地名": "萩原和田下3482", "マッチングさせるデータ": "萩原和田下3482", "空散対象区分1": 2, "空散対象区分2": null, "空散外面積1": 0, "空散外面積2": false, "集計転作面積": 0, "散布面積1": null, "散布面積2": null, "支払者集落": 0, "支払者集落名": null, "支払者コード": 0, "支払者名": null, "支払者住所": null, "支払者電話番号": null, "農地異動適用法": false, "農地異動適用法名": null, "利用集積計画番号": null, "適用法開始年月日": null, "適用法終了年月日": null, "備考": "渡辺　美栄", "所有者世帯番号": 2523, "所有者個人番号": 4285, "借受者世帯番号": 2523, "借受者個人番号": 4285, "農地予備数字１": null, "農地予備数字２": null, "農地予備数字３": null, "農地予備数字４": null, "農地予備数字５": null, "農地予備文字１": null, "農地予備文字２": null, "農地予備文字３": null, "農地予備文字４": null, "農地予備文字５": null, "手動一致フラグ": null, "計算面積（アール）": 42, "散布班": "18-①", "地区名": "2026印西市" }, "geometry": { "type": "Polygon", "coordinates": [ [ [ 140.207743263, 35.801120784 ], [ 140.207721439000011, 35.801109767 ], [ 140.20768876, 35.801105435 ], [ 140.207634318, 35.801103387 ], [ 140.20756024100001, 35.801128792 ], [ 140.207487625, 35.801150559 ], [ 140.207386979, 35.801185877 ], [ 140.207309488, 35.801225162 ], [ 140.207251904, 35.801280541 ], [ 140.207190978, 35.801327852 ], [ 140.207121762000014, 35.801369804 ], [ 140.206930981999989, 35.801435928 ], [ 140.206841274, 35.801458379 ], [ 140.206729151, 35.801474641 ], [ 140.20681549, 35.801764424 ], [ 140.20787859, 35.801548347 ], [ 140.207743263, 35.801120784 ] ] ] } },
{ "type": "Feature", "properties": { "fid": 4551, "daicho_shubetsu_cd": "FUD25", "layer": "筆ポリゴン（2025年公開）_20260708233407", "fid_2": 6651, "事業年度": 2026, "物件番号": 7120, "GIS物件番号": null, "大字コード": 2050, "大字名": "萩原", "小字コード": 8, "小字名": "和田下", "__EMPTY": "萩原3411", "本番": 3411, "枝番": "1", "子番": 0, "孫番": false, "付番": false, "所在地番号": "2.05000803411e+28", "農地管理番号": 1, "耕地番号": 1, "所在地名": "萩原和田下3411-1", "マッチングさせるデータ": "萩原和田下3411-1", "空散対象区分1": 2, "空散対象区分2": null, "空散外面積1": 0, "空散外面積2": false, "集計転作面積": 12, "散布面積1": 0, "散布面積2": false, "支払者集落": 0, "支払者集落名": null, "支払者コード": 0, "支払者名": null, "支払者住所": null, "支払者電話番号": null, "農地異動適用法": false, "農地異動適用法名": null, "利用集積計画番号": null, "適用法開始年月日": null, "適用法終了年月日": null, "備考": "石井　利弘", "所有者世帯番号": 2505, "所有者個人番号": 3902, "借受者世帯番号": 2505, "借受者個人番号": 3902, "農地予備数字１": null, "農地予備数字２": null, "農地予備数字３": null, "農地予備数字４": null, "農地予備数字５": null, "農地予備文字１": null, "農地予備文字２": null, "農地予備文字３": null, "農地予備文字４": null, "農地予備文字５": null, "手動一致フラグ": null, "計算面積（アール）": 2, "散布班": "18-①", "地区名": "2026印西市" }, "geometry": { "type": "Polygon", "coordinates": [ [ [ 140.211952840403399, 35.802971060062035 ], [ 140.210913406633182, 35.803185402926452 ], [ 140.210919233, 35.80320453 ], [ 140.211958199, 35.802992455 ], [ 140.211952840403399, 35.802971060062035 ] ] ] } },
{ "type": "Feature", "properties": { "fid": 4552, "daicho_shubetsu_cd": "FUD25", "layer": "筆ポリゴン（2025年公開）_20260708233407", "fid_2": 6652, "事業年度": 2026, "物件番号": 7483, "GIS物件番号": null, "大字コード": 2050, "大字名": "萩原", "小字コード": 24, "小字名": "山中下", "__EMPTY": "萩原3038", "本番": 3038, "枝番": "0", "子番": 0, "孫番": false, "付番": false, "所在地番号": "2.05002403038e+28", "農地管理番号": 1, "耕地番号": 2, "所在地名": "萩原山中下3038", "マッチングさせるデータ": "萩原山中下3038", "空散対象区分1": 2, "空散対象区分2": null, "空散外面積1": 0, "空散外面積2": false, "集計転作面積": 0, "散布面積1": 0, "散布面積2": false, "支払者集落": 0, "支払者集落名": null, "支払者コード": 0, "支払者名": null, "支払者住所": null, "支払者電話番号": null, "農地異動適用法": false, "農地異動適用法名": null, "利用集積計画番号": null, "適用法開始年月日": null, "適用法終了年月日": null, "備考": "石井　利弘", "所有者世帯番号": 2505, "所有者個人番号": 3902, "借受者世帯番号": 2505, "借受者個人番号": 3902, "農地予備数字１": null, "農地予備数字２": null, "農地予備数字３": null, "農地予備数字４": null, "農地予備数字５": null, "農地予備文字１": null, "農地予備文字２": null, "農地予備文字３": null, "農地予備文字４": null, "農地予備文字５": null, "手動一致フラグ": null, "計算面積（アール）": 9, "散布班": "18-①", "地区名": "2026印西市" }, "geometry": { "type": "Polygon", "coordinates": [ [ [ 140.203318974000013, 35.799775512 ], [ 140.20356511, 35.800186777 ], [ 140.20372695, 35.800119384 ], [ 140.203489314, 35.799705858 ], [ 140.203318974000013, 35.799775512 ] ] ] } },
{ "type": "Feature", "properties": { "fid": 4553, "daicho_shubetsu_cd": "FUD25", "layer": "筆ポリゴン（2025年公開）_20260708233407", "fid_2": 6653, "事業年度": 2026, "物件番号": 7162, "GIS物件番号": null, "大字コード": 2050, "大字名": "萩原", "小字コード": 8, "小字名": "和田下", "__EMPTY": "萩原3459", "本番": 3459, "枝番": "0", "子番": 0, "孫番": false, "付番": false, "所在地番号": "2.05000803459e+28", "農地管理番号": 1, "耕地番号": 13, "所在地名": "萩原和田下3459", "マッチングさせるデータ": "萩原和田下3459", "空散対象区分1": 2, "空散対象区分2": null, "空散外面積1": 0, "空散外面積2": false, "集計転作面積": 199, "散布面積1": 0, "散布面積2": false, "支払者集落": 0, "支払者集落名": null, "支払者コード": 0, "支払者名": null, "支払者住所": null, "支払者電話番号": null, "農地異動適用法": false, "農地異動適用法名": null, "利用集積計画番号": null, "適用法開始年月日": null, "適用法終了年月日": null, "備考": "小山　克弥", "所有者世帯番号": 2604, "所有者個人番号": 4075, "借受者世帯番号": 2604, "借受者個人番号": 4075, "農地予備数字１": null, "農地予備数字２": null, "農地予備数字３": null, "農地予備数字４": null, "農地予備数字５": null, "農地予備文字１": null, "農地予備文字２": null, "農地予備文字３": null, "農地予備文字４": null, "農地予備文字５": null, "手動一致フラグ": null, "計算面積（アール）": 33, "散布班": "18-①", "地区名": "2026印西市" }, "geometry": { "type": "Polygon", "coordinates": [ [ [ 140.20938547, 35.804665164 ], [ 140.209717093, 35.804542956 ], [ 140.209554696999987, 35.80427689 ], [ 140.209517235, 35.804218442 ], [ 140.209598901, 35.804187894 ], [ 140.209538613, 35.804020464 ], [ 140.20877573300001, 35.804164214 ], [ 140.208856298, 35.804426498 ], [ 140.209158506, 35.804375066 ], [ 140.20938547, 35.804665164 ] ] ] } },
{ "type": "Feature", "properties": { "fid": 4554, "daicho_shubetsu_cd": "FUD25", "layer": "筆ポリゴン（2025年公開）_20260708233407", "fid_2": 6654, "事業年度": 2026, "物件番号": 7170, "GIS物件番号": null, "大字コード": 2050, "大字名": "萩原", "小字コード": 8, "小字名": "和田下", "__EMPTY": "萩原3472", "本番": 3472, "枝番": "0", "子番": 0, "孫番": false, "付番": false, "所在地番号": "2.05000803472e+28", "農地管理番号": 1, "耕地番号": 18, "所在地名": "萩原和田下3472", "マッチングさせるデータ": "萩原和田下3472", "空散対象区分1": 2, "空散対象区分2": null, "空散外面積1": 0, "空散外面積2": false, "集計転作面積": 0, "散布面積1": null, "散布面積2": null, "支払者集落": 0, "支払者集落名": null, "支払者コード": 0, "支払者名": null, "支払者住所": null, "支払者電話番号": null, "農地異動適用法": false, "農地異動適用法名": null, "利用集積計画番号": null, "適用法開始年月日": null, "適用法終了年月日": null, "備考": "小山　克弥", "所有者世帯番号": 2604, "所有者個人番号": 4075, "借受者世帯番号": 2604, "借受者個人番号": 4075, "農地予備数字１": null, "農地予備数字２": null, "農地予備数字３": null, "農地予備数字４": null, "農地予備数字５": null, "農地予備文字１": null, "農地予備文字２": null, "農地予備文字３": null, "農地予備文字４": null, "農地予備文字５": null, "手動一致フラグ": null, "計算面積（アール）": 2, "散布班": "18-①", "地区名": "2026印西市" }, "geometry": { "type": "Polygon", "coordinates": [ [ [ 140.20849068417948, 35.803630609235057 ], [ 140.207448150940365, 35.803849786347563 ], [ 140.20745402, 35.803868987 ], [ 140.208491689, 35.803648861 ], [ 140.20848645800001, 35.80363218 ], [ 140.20849068417948, 35.803630609235057 ] ] ] } },
{ "type": "Feature", "properties": { "fid": 4555, "daicho_shubetsu_cd": "FUD25", "layer": "筆ポリゴン（2025年公開）_20260708233407", "fid_2": 6655, "事業年度": 2026, "物件番号": 7171, "GIS物件番号": null, "大字コード": 2050, "大字名": "萩原", "小字コード": 8, "小字名": "和田下", "__EMPTY": "萩原3473", "本番": 3473, "枝番": "0", "子番": 0, "孫番": false, "付番": false, "所在地番号": "2.05000803473e+28", "農地管理番号": 1, "耕地番号": 19, "所在地名": "萩原和田下3473", "マッチングさせるデータ": "萩原和田下3473", "空散対象区分1": 2, "空散対象区分2": null, "空散外面積1": 0, "空散外面積2": false, "集計転作面積": 0, "散布面積1": null, "散布面積2": null, "支払者集落": 0, "支払者集落名": null, "支払者コード": 0, "支払者名": null, "支払者住所": null, "支払者電話番号": null, "農地異動適用法": false, "農地異動適用法名": null, "利用集積計画番号": null, "適用法開始年月日": null, "適用法終了年月日": null, "備考": "小山　克弥", "所有者世帯番号": 2604, "所有者個人番号": 4075, "借受者世帯番号": 2604, "借受者個人番号": 4075, "農地予備数字１": null, "農地予備数字２": null, "農地予備数字３": null, "農地予備数字４": null, "農地予備数字５": null, "農地予備文字１": null, "農地予備文字２": null, "農地予備文字３": null, "農地予備文字４": null, "農地予備文字５": null, "手動一致フラグ": null, "計算面積（アール）": 33, "散布班": "18-①", "地区名": "2026印西市" }, "geometry": { "type": "Polygon", "coordinates": [ [ [ 140.207448150940365, 35.803849786347563 ], [ 140.20849068417948, 35.803630609235057 ], [ 140.208520555, 35.803619507 ], [ 140.208441929, 35.803336982 ], [ 140.207357701, 35.803553879 ], [ 140.207448150940365, 35.803849786347563 ] ] ] } },
{ "type": "Feature", "properties": { "fid": 4581, "daicho_shubetsu_cd": "FUD25", "layer": "筆ポリゴン（2025年公開）_20260708233407", "fid_2": 6689, "事業年度": 2026, "物件番号": 6559, "GIS物件番号": null, "大字コード": 2041, "大字名": "吉高干拓", "小字コード": 0, "小字名": null, "__EMPTY": "吉高干拓39", "本番": 39, "枝番": "0", "子番": 0, "孫番": false, "付番": false, "所在地番号": "2.04100000039e+28", "農地管理番号": 1, "耕地番号": 21, "所在地名": "吉高干拓39", "マッチングさせるデータ": "吉高干拓39", "空散対象区分1": 2, "空散対象区分2": null, "空散外面積1": 0, "空散外面積2": false, "集計転作面積": 0, "散布面積1": null, "散布面積2": null, "支払者集落": 0, "支払者集落名": null, "支払者コード": 0, "支払者名": null, "支払者住所": null, "支払者電話番号": null, "農地異動適用法": false, "農地異動適用法名": null, "利用集積計画番号": null, "適用法開始年月日": null, "適用法終了年月日": null, "備考": "（有）アグリ稲庭", "所有者世帯番号": 2702, "所有者個人番号": 4296, "借受者世帯番号": 2702, "借受者個人番号": 4296, "農地予備数字１": null, "農地予備数字２": null, "農地予備数字３": null, "農地予備数字４": null, "農地予備数字５": null, "農地予備文字１": null, "農地予備文字２": null, "農地予備文字３": null, "農地予備文字４": null, "農地予備文字５": null, "手動一致フラグ": null, "計算面積（アール）": 14, "散布班": "18-⑨", "地区名": "2026印西市" }, "geometry": { "type": "Polygon", "coordinates": [ [ [ 140.235743933641942, 35.798850657921491 ], [ 140.23469026734918, 35.799174862934649 ], [ 140.234744184, 35.799289568 ], [ 140.235795892, 35.798961498 ], [ 140.235743933641942, 35.798850657921491 ] ] ] } },
{ "type": "Feature", "properties": { "fid": 4582, "daicho_shubetsu_cd": "FUD25", "layer": "筆ポリゴン（2025年公開）_20260708233407", "fid_2": 6690, "事業年度": 2026, "物件番号": 6560, "GIS物件番号": null, "大字コード": 2041, "大字名": "吉高干拓", "小字コード": 0, "小字名": null, "__EMPTY": "吉高干拓40", "本番": 40, "枝番": "0", "子番": 0, "孫番": false, "付番": false, "所在地番号": "2.0410000004e+28", "農地管理番号": 1, "耕地番号": 22, "所在地名": "吉高干拓40", "マッチングさせるデータ": "吉高干拓40", "空散対象区分1": 2, "空散対象区分2": null, "空散外面積1": 0, "空散外面積2": false, "集計転作面積": 0, "散布面積1": null, "散布面積2": null, "支払者集落": 0, "支払者集落名": null, "支払者コード": 0, "支払者名": null, "支払者住所": null, "支払者電話番号": null, "農地異動適用法": false, "農地異動適用法名": null, "利用集積計画番号": null, "適用法開始年月日": null, "適用法終了年月日": null, "備考": "（有）アグリ稲庭", "所有者世帯番号": 2702, "所有者個人番号": 4296, "借受者世帯番号": 2702, "借受者個人番号": 4296, "農地予備数字１": null, "農地予備数字２": null, "農地予備数字３": null, "農地予備数字４": null, "農地予備数字５": null, "農地予備文字１": null, "農地予備文字２": null, "農地予備文字３": null, "農地予備文字４": null, "農地予備文字５": null, "手動一致フラグ": null, "計算面積（アール）": 26, "散布班": "18-⑨", "地区名": "2026印西市" }, "geometry": { "type": "Polygon", "coordinates": [ [ [ 140.23469026734918, 35.799174862934649 ], [ 140.235743933641942, 35.798850657921491 ], [ 140.235643027, 35.798635399 ], [ 140.23458745, 35.798956124 ], [ 140.23469026734918, 35.799174862934649 ] ] ] } },
{ "type": "Feature", "properties": { "fid": 4583, "daicho_shubetsu_cd": "FUD25", "layer": "筆ポリゴン（2025年公開）_20260708233407", "fid_2": 6691, "事業年度": 2026, "物件番号": 6580, "GIS物件番号": null, "大字コード": 2041, "大字名": "吉高干拓", "小字コード": 0, "小字名": null, "__EMPTY": "吉高干拓68", "本番": 68, "枝番": "0", "子番": 0, "孫番": false, "付番": false, "所在地番号": "2.04100000068e+28", "農地管理番号": 1, "耕地番号": 23, "所在地名": "吉高干拓68", "マッチングさせるデータ": "吉高干拓68", "空散対象区分1": 2, "空散対象区分2": null, "空散外面積1": 0, "空散外面積2": false, "集計転作面積": 0, "散布面積1": null, "散布面積2": null, "支払者集落": 0, "支払者集落名": null, "支払者コード": 0, "支払者名": null, "支払者住所": null, "支払者電話番号": null, "農地異動適用法": false, "農地異動適用法名": null, "利用集積計画番号": null, "適用法開始年月日": null, "適用法終了年月日": null, "備考": "（有）アグリ稲庭", "所有者世帯番号": 2702, "所有者個人番号": 4296, "借受者世帯番号": 2702, "借受者個人番号": 4296, "農地予備数字１": null, "農地予備数字２": null, "農地予備数字３": null, "農地予備数字４": null, "農地予備数字５": null, "農地予備文字１": null, "農地予備文字２": null, "農地予備文字３": null, "農地予備文字４": null, "農地予備文字５": null, "手動一致フラグ": null, "計算面積（アール）": 25, "散布班": "18-⑨", "地区名": "2026印西市" }, "geometry": { "type": "Polygon", "coordinates": [ [ [ 140.236824887000012, 35.798432561 ], [ 140.235755063, 35.798757875 ], [ 140.235844793000012, 35.798957072 ], [ 140.236920088, 35.798633349 ], [ 140.236824887000012, 35.798432561 ] ] ] } },
{ "type": "Feature", "properties": { "fid": 4584, "daicho_shubetsu_cd": "FUD25", "layer": "筆ポリゴン（2025年公開）_20260708233407", "fid_2": 6692, "事業年度": 2026, "物件番号": 6596, "GIS物件番号": null, "大字コード": 2041, "大字名": "吉高干拓", "小字コード": 0, "小字名": null, "__EMPTY": "吉高干拓90", "本番": 90, "枝番": "0", "子番": 0, "孫番": false, "付番": false, "所在地番号": "2.0410000009e+28", "農地管理番号": 1, "耕地番号": 8, "所在地名": "吉高干拓90", "マッチングさせるデータ": "吉高干拓90", "空散対象区分1": 2, "空散対象区分2": null, "空散外面積1": 0, "空散外面積2": false, "集計転作面積": 0, "散布面積1": null, "散布面積2": null, "支払者集落": 0, "支払者集落名": null, "支払者コード": 0, "支払者名": null, "支払者住所": null, "支払者電話番号": null, "農地異動適用法": false, "農地異動適用法名": null, "利用集積計画番号": null, "適用法開始年月日": null, "適用法終了年月日": null, "備考": "石井　公夫", "所有者世帯番号": 2702, "所有者個人番号": 4296, "借受者世帯番号": 2702, "借受者個人番号": 4296, "農地予備数字１": null, "農地予備数字２": null, "農地予備数字３": null, "農地予備数字４": null, "農地予備数字５": null, "農地予備文字１": null, "農地予備文字２": null, "農地予備文字３": null, "農地予備文字４": null, "農地予備文字５": null, "手動一致フラグ": null, "計算面積（アール）": 30, "散布班": "18-⑨", "地区名": "2026印西市" }, "geometry": { "type": "Polygon", "coordinates": [ [ [ 140.238913774999986, 35.797508348 ], [ 140.238794327, 35.797255976 ], [ 140.237742630000014, 35.797575215 ], [ 140.237849509, 35.797807553 ], [ 140.237860931, 35.797804992 ], [ 140.237875707, 35.797822695 ], [ 140.238913774999986, 35.797508348 ] ] ] } },
{ "type": "Feature", "properties": { "fid": 4589, "daicho_shubetsu_cd": "FUD25", "layer": "筆ポリゴン（2025年公開）_20260708233407", "fid_2": 6698, "事業年度": 2026, "物件番号": 8373, "GIS物件番号": null, "大字コード": 2060, "大字名": "松虫", "小字コード": 32, "小字名": "根町田", "__EMPTY": "松虫901", "本番": 901, "枝番": "0", "子番": 0, "孫番": false, "付番": false, "所在地番号": "2.06003200901e+28", "農地管理番号": 1, "耕地番号": 17, "所在地名": "松虫根町田901", "マッチングさせるデータ": "松虫根町田901", "空散対象区分1": 2, "空散対象区分2": null, "空散外面積1": 0, "空散外面積2": false, "集計転作面積": 0, "散布面積1": null, "散布面積2": null, "支払者集落": 0, "支払者集落名": null, "支払者コード": 0, "支払者名": null, "支払者住所": null, "支払者電話番号": null, "農地異動適用法": false, "農地異動適用法名": null, "利用集積計画番号": null, "適用法開始年月日": null, "適用法終了年月日": null, "備考": "石井　公夫", "所有者世帯番号": 2702, "所有者個人番号": 4296, "借受者世帯番号": 2702, "借受者個人番号": 4296, "農地予備数字１": null, "農地予備数字２": null, "農地予備数字３": null, "農地予備数字４": null, "農地予備数字５": null, "農地予備文字１": null, "農地予備文字２": null, "農地予備文字３": null, "農地予備文字４": null, "農地予備文字５": null, "手動一致フラグ": null, "計算面積（アール）": 15, "散布班": "18-④", "地区名": "2026印西市" }, "geometry": { "type": "Polygon", "coordinates": [ [ [ 140.221850775, 35.796523216 ], [ 140.221676522, 35.796286357 ], [ 140.221230298, 35.796530251 ], [ 140.221418395, 35.796758135 ], [ 140.221850775, 35.796523216 ] ] ] } },
{ "type": "Feature", "properties": { "fid": 4590, "daicho_shubetsu_cd": "FUD25", "layer": "筆ポリゴン（2025年公開）_20260708233407", "fid_2": 6699, "事業年度": 2026, "物件番号": 8394, "GIS物件番号": null, "大字コード": 2060, "大字名": "松虫", "小字コード": 33, "小字名": "新田", "__EMPTY": "松虫824", "本番": 824, "枝番": "1", "子番": 0, "孫番": false, "付番": false, "所在地番号": "2.06003300824e+28", "農地管理番号": 1, "耕地番号": 18, "所在地名": "松虫新田824-1", "マッチングさせるデータ": "松虫新田824-1", "空散対象区分1": 2, "空散対象区分2": null, "空散外面積1": 0, "空散外面積2": false, "集計転作面積": 0, "散布面積1": null, "散布面積2": null, "支払者集落": 0, "支払者集落名": null, "支払者コード": 0, "支払者名": null, "支払者住所": null, "支払者電話番号": null, "農地異動適用法": false, "農地異動適用法名": null, "利用集積計画番号": null, "適用法開始年月日": null, "適用法終了年月日": null, "備考": "石井　公夫", "所有者世帯番号": 2702, "所有者個人番号": 4296, "借受者世帯番号": 2702, "借受者個人番号": 4296, "農地予備数字１": null, "農地予備数字２": null, "農地予備数字３": null, "農地予備数字４": null, "農地予備数字５": null, "農地予備文字１": null, "農地予備文字２": null, "農地予備文字３": null, "農地予備文字４": null, "農地予備文字５": null, "手動一致フラグ": null, "計算面積（アール）": 19, "散布班": "18-⑦", "地区名": "2026印西市" }, "geometry": { "type": "Polygon", "coordinates": [ [ [ 140.222979751798363, 35.797706586765578 ], [ 140.223692304221004, 35.797482356982222 ], [ 140.223586582, 35.797264282 ], [ 140.222731806000013, 35.797550763 ], [ 140.222979751798363, 35.797706586765578 ] ] ] } },
{ "type": "Feature", "properties": { "fid": 4591, "daicho_shubetsu_cd": "FUD25", "layer": "筆ポリゴン（2025年公開）_20260708233407", "fid_2": 6700, "事業年度": 2026, "物件番号": 8406, "GIS物件番号": null, "大字コード": 2060, "大字名": "松虫", "小字コード": 33, "小字名": "新田", "__EMPTY": "松虫832", "本番": 832, "枝番": "0", "子番": 0, "孫番": false, "付番": false, "所在地番号": "2.06003300832e+28", "農地管理番号": 1, "耕地番号": 19, "所在地名": "松虫新田832", "マッチングさせるデータ": "松虫新田832", "空散対象区分1": 2, "空散対象区分2": null, "空散外面積1": 0, "空散外面積2": false, "集計転作面積": 0, "散布面積1": null, "散布面積2": null, "支払者集落": 0, "支払者集落名": null, "支払者コード": 0, "支払者名": null, "支払者住所": null, "支払者電話番号": null, "農地異動適用法": false, "農地異動適用法名": null, "利用集積計画番号": null, "適用法開始年月日": null, "適用法終了年月日": null, "備考": "石井　公夫", "所有者世帯番号": 2702, "所有者個人番号": 4296, "借受者世帯番号": 2702, "借受者個人番号": 4296, "農地予備数字１": null, "農地予備数字２": null, "農地予備数字３": null, "農地予備数字４": null, "農地予備数字５": null, "農地予備文字１": null, "農地予備文字２": null, "農地予備文字３": null, "農地予備文字４": null, "農地予備文字５": null, "手動一致フラグ": null, "計算面積（アール）": 31, "散布班": "18-⑤", "地区名": "2026印西市" }, "geometry": { "type": "Polygon", "coordinates": [ [ [ 140.222820942999988, 35.797675179 ], [ 140.222133316999987, 35.798405329 ], [ 140.22239758500001, 35.798571411 ], [ 140.223088679999989, 35.797856137 ], [ 140.222820942999988, 35.797675179 ] ] ] } },
{ "type": "Feature", "properties": { "fid": 4592, "daicho_shubetsu_cd": "FUD25", "layer": "筆ポリゴン（2025年公開）_20260708233407", "fid_2": 6701, "事業年度": 2026, "物件番号": 8407, "GIS物件番号": null, "大字コード": 2060, "大字名": "松虫", "小字コード": 33, "小字名": "新田", "__EMPTY": "松虫833", "本番": 833, "枝番": "0", "子番": 0, "孫番": false, "付番": false, "所在地番号": "2.06003300833e+28", "農地管理番号": 1, "耕地番号": 20, "所在地名": "松虫新田833", "マッチングさせるデータ": "松虫新田833", "空散対象区分1": 2, "空散対象区分2": null, "空散外面積1": 0, "空散外面積2": false, "集計転作面積": 0, "散布面積1": null, "散布面積2": null, "支払者集落": 0, "支払者集落名": null, "支払者コード": 0, "支払者名": null, "支払者住所": null, "支払者電話番号": null, "農地異動適用法": false, "農地異動適用法名": null, "利用集積計画番号": null, "適用法開始年月日": null, "適用法終了年月日": null, "備考": "石井　公夫", "所有者世帯番号": 2702, "所有者個人番号": 4296, "借受者世帯番号": 2702, "借受者個人番号": 4296, "農地予備数字１": null, "農地予備数字２": null, "農地予備数字３": null, "農地予備数字４": null, "農地予備数字５": null, "農地予備文字１": null, "農地予備文字２": null, "農地予備文字３": null, "農地予備文字４": null, "農地予備文字５": null, "手動一致フラグ": null, "計算面積（アール）": 31, "散布班": "18-⑤", "地区名": "2026印西市" }, "geometry": { "type": "Polygon", "coordinates": [ [ [ 140.222667709, 35.798737474 ], [ 140.223349219999989, 35.79802459 ], [ 140.223088679999989, 35.797856137 ], [ 140.22239758500001, 35.798571411 ], [ 140.222667709, 35.798737474 ] ] ] } },
{ "type": "Feature", "properties": { "fid": 4596, "daicho_shubetsu_cd": "FUD25", "layer": "筆ポリゴン（2025年公開）_20260708233407", "fid_2": 6706, "事業年度": 2026, "物件番号": 8428, "GIS物件番号": null, "大字コード": 2060, "大字名": "松虫", "小字コード": 33, "小字名": "新田", "__EMPTY": "松虫854", "本番": 854, "枝番": "1", "子番": 0, "孫番": false, "付番": false, "所在地番号": "2.06003300854e+28", "農地管理番号": 1, "耕地番号": 10, "所在地名": "松虫新田854-1", "マッチングさせるデータ": "松虫新田854-1", "空散対象区分1": 2, "空散対象区分2": null, "空散外面積1": 0, "空散外面積2": false, "集計転作面積": 0, "散布面積1": null, "散布面積2": null, "支払者集落": 0, "支払者集落名": null, "支払者コード": 0, "支払者名": null, "支払者住所": null, "支払者電話番号": null, "農地異動適用法": false, "農地異動適用法名": null, "利用集積計画番号": null, "適用法開始年月日": null, "適用法終了年月日": null, "備考": "折懸　健彦", "所有者世帯番号": 2716, "所有者個人番号": 4366, "借受者世帯番号": 2716, "借受者個人番号": 4366, "農地予備数字１": null, "農地予備数字２": null, "農地予備数字３": null, "農地予備数字４": null, "農地予備数字５": null, "農地予備文字１": null, "農地予備文字２": null, "農地予備文字３": null, "農地予備文字４": null, "農地予備文字５": null, "手動一致フラグ": null, "計算面積（アール）": 9, "散布班": "18-⑤", "地区名": "2026印西市" }, "geometry": { "type": "Polygon", "coordinates": [ [ [ 140.223095499223945, 35.799040359192745 ], [ 140.222485113450603, 35.79969924137 ], [ 140.222522524999988, 35.79972296 ], [ 140.222551219, 35.799711154 ], [ 140.222587262, 35.799732119 ], [ 140.223179808, 35.799091371 ], [ 140.223095499223945, 35.799040359192745 ] ] ] } },
{ "type": "Feature", "properties": { "fid": 4597, "daicho_shubetsu_cd": "FUD25", "layer": "筆ポリゴン（2025年公開）_20260708233407", "fid_2": 6707, "事業年度": 2026, "物件番号": 8429, "GIS物件番号": null, "大字コード": 2060, "大字名": "松虫", "小字コード": 33, "小字名": "新田", "__EMPTY": "松虫855", "本番": 855, "枝番": "1", "子番": 0, "孫番": false, "付番": false, "所在地番号": "2.06003300855e+28", "農地管理番号": 1, "耕地番号": 11, "所在地名": "松虫新田855-1", "マッチングさせるデータ": "松虫新田855-1", "空散対象区分1": 2, "空散対象区分2": null, "空散外面積1": 0, "空散外面積2": false, "集計転作面積": 0, "散布面積1": null, "散布面積2": null, "支払者集落": 0, "支払者集落名": null, "支払者コード": 0, "支払者名": null, "支払者住所": null, "支払者電話番号": null, "農地異動適用法": false, "農地異動適用法名": null, "利用集積計画番号": null, "適用法開始年月日": null, "適用法終了年月日": null, "備考": "折懸　健彦", "所有者世帯番号": 2716, "所有者個人番号": 4366, "借受者世帯番号": 2716, "借受者個人番号": 4366, "農地予備数字１": null, "農地予備数字２": null, "農地予備数字３": null, "農地予備数字４": null, "農地予備数字５": null, "農地予備文字１": null, "農地予備文字２": null, "農地予備文字３": null, "農地予備文字４": null, "農地予備文字５": null, "手動一致フラグ": null, "計算面積（アール）": 6, "散布班": "18-⑤", "地区名": "2026印西市" }, "geometry": { "type": "Polygon", "coordinates": [ [ [ 140.222485113450603, 35.79969924137 ], [ 140.223095499223945, 35.799040359192745 ], [ 140.223043890679349, 35.79900913296396 ], [ 140.222413268084779, 35.799653691969446 ], [ 140.222485113450603, 35.79969924137 ] ] ] } },
{ "type": "Feature", "properties": { "fid": 4598, "daicho_shubetsu_cd": "FUD25", "layer": "筆ポリゴン（2025年公開）_20260708233407", "fid_2": 6708, "事業年度": 2026, "物件番号": 8430, "GIS物件番号": null, "大字コード": 2060, "大字名": "松虫", "小字コード": 33, "小字名": "新田", "__EMPTY": "松虫855", "本番": 855, "枝番": "2", "子番": 0, "孫番": false, "付番": false, "所在地番号": "2.06003300855e+28", "農地管理番号": 1, "耕地番号": 12, "所在地名": "松虫新田855-2", "マッチングさせるデータ": "松虫新田855-2", "空散対象区分1": 2, "空散対象区分2": null, "空散外面積1": 0, "空散外面積2": false, "集計転作面積": 0, "散布面積1": null, "散布面積2": null, "支払者集落": 0, "支払者集落名": null, "支払者コード": 0, "支払者名": null, "支払者住所": null, "支払者電話番号": null, "農地異動適用法": false, "農地異動適用法名": null, "利用集積計画番号": null, "適用法開始年月日": null, "適用法終了年月日": null, "備考": "折懸　健彦", "所有者世帯番号": 2716, "所有者個人番号": 4366, "借受者世帯番号": 2716, "借受者個人番号": 4366, "農地予備数字１": null, "農地予備数字２": null, "農地予備数字３": null, "農地予備数字４": null, "農地予備数字５": null, "農地予備文字１": null, "農地予備文字２": null, "農地予備文字３": null, "農地予備文字４": null, "農地予備文字５": null, "手動一致フラグ": null, "計算面積（アール）": 3, "散布班": "18-⑤", "地区名": "2026印西市" }, "geometry": { "type": "Polygon", "coordinates": [ [ [ 140.222413268084779, 35.799653691969446 ], [ 140.223043890679349, 35.79900913296396 ], [ 140.223014186542343, 35.798991160200238 ], [ 140.222392160229106, 35.799640309753883 ], [ 140.222413268084779, 35.799653691969446 ] ] ] } },
{ "type": "Feature", "properties": { "fid": 4599, "daicho_shubetsu_cd": "FUD25", "layer": "筆ポリゴン（2025年公開）_20260708233407", "fid_2": 6709, "事業年度": 2026, "物件番号": 8431, "GIS物件番号": null, "大字コード": 2060, "大字名": "松虫", "小字コード": 33, "小字名": "新田", "__EMPTY": "松虫855", "本番": 855, "枝番": "3", "子番": 0, "孫番": false, "付番": false, "所在地番号": "2.06003300855e+28", "農地管理番号": 1, "耕地番号": 13, "所在地名": "松虫新田855-3", "マッチングさせるデータ": "松虫新田855-3", "空散対象区分1": 2, "空散対象区分2": null, "空散外面積1": 0, "空散外面積2": false, "集計転作面積": 0, "散布面積1": null, "散布面積2": null, "支払者集落": 0, "支払者集落名": null, "支払者コード": 0, "支払者名": null, "支払者住所": null, "支払者電話番号": null, "農地異動適用法": false, "農地異動適用法名": null, "利用集積計画番号": null, "適用法開始年月日": null, "適用法終了年月日": null, "備考": "折懸　健彦", "所有者世帯番号": 2716, "所有者個人番号": 4366, "借受者世帯番号": 2716, "借受者個人番号": 4366, "農地予備数字１": null, "農地予備数字２": null, "農地予備数字３": null, "農地予備数字４": null, "農地予備数字５": null, "農地予備文字１": null, "農地予備文字２": null, "農地予備文字３": null, "農地予備文字４": null, "農地予備文字５": null, "手動一致フラグ": null, "計算面積（アール）": 3, "散布班": "18-⑤", "地区名": "2026印西市" }, "geometry": { "type": "Polygon", "coordinates": [ [ [ 140.222392160229106, 35.799640309753883 ], [ 140.223014186542343, 35.798991160200238 ], [ 140.222982129322872, 35.79897176368214 ], [ 140.222360845872515, 35.799620456696495 ], [ 140.222392160229106, 35.799640309753883 ] ] ] } },
{ "type": "Feature", "properties": { "fid": 4600, "daicho_shubetsu_cd": "FUD25", "layer": "筆ポリゴン（2025年公開）_20260708233407", "fid_2": 6710, "事業年度": 2026, "物件番号": 8432, "GIS物件番号": null, "大字コード": 2060, "大字名": "松虫", "小字コード": 33, "小字名": "新田", "__EMPTY": "松虫855", "本番": 855, "枝番": "4", "子番": 0, "孫番": false, "付番": false, "所在地番号": "2.06003300855e+28", "農地管理番号": 1, "耕地番号": 14, "所在地名": "松虫新田855-4", "マッチングさせるデータ": "松虫新田855-4", "空散対象区分1": 2, "空散対象区分2": null, "空散外面積1": 0, "空散外面積2": false, "集計転作面積": 0, "散布面積1": null, "散布面積2": null, "支払者集落": 0, "支払者集落名": null, "支払者コード": 0, "支払者名": null, "支払者住所": null, "支払者電話番号": null, "農地異動適用法": false, "農地異動適用法名": null, "利用集積計画番号": null, "適用法開始年月日": null, "適用法終了年月日": null, "備考": "折懸　健彦", "所有者世帯番号": 2716, "所有者個人番号": 4366, "借受者世帯番号": 2716, "借受者個人番号": 4366, "農地予備数字１": null, "農地予備数字２": null, "農地予備数字３": null, "農地予備数字４": null, "農地予備数字５": null, "農地予備文字１": null, "農地予備文字２": null, "農地予備文字３": null, "農地予備文字４": null, "農地予備文字５": null, "手動一致フラグ": null, "計算面積（アール）": 6, "散布班": "18-⑤", "地区名": "2026印西市" }, "geometry": { "type": "Polygon", "coordinates": [ [ [ 140.222360845872515, 35.799620456696495 ], [ 140.222982129322872, 35.79897176368214 ], [ 140.222930563, 35.798940563 ], [ 140.222297538, 35.79958032 ], [ 140.222360845872515, 35.799620456696495 ] ] ] } },
{ "type": "Feature", "properties": { "fid": 4601, "daicho_shubetsu_cd": "FUD25", "layer": "筆ポリゴン（2025年公開）_20260708233407", "fid_2": 6711, "事業年度": 2026, "物件番号": 8433, "GIS物件番号": null, "大字コード": 2060, "大字名": "松虫", "小字コード": 33, "小字名": "新田", "__EMPTY": "松虫855", "本番": 855, "枝番": "5", "子番": 0, "孫番": false, "付番": false, "所在地番号": "2.06003300855e+28", "農地管理番号": 1, "耕地番号": 15, "所在地名": "松虫新田855-5", "マッチングさせるデータ": "松虫新田855-5", "空散対象区分1": 2, "空散対象区分2": null, "空散外面積1": 0, "空散外面積2": false, "集計転作面積": 0, "散布面積1": null, "散布面積2": null, "支払者集落": 0, "支払者集落名": null, "支払者コード": 0, "支払者名": null, "支払者住所": null, "支払者電話番号": null, "農地異動適用法": false, "農地異動適用法名": null, "利用集積計画番号": null, "適用法開始年月日": null, "適用法終了年月日": null, "備考": "折懸　健彦", "所有者世帯番号": 2716, "所有者個人番号": 4366, "借受者世帯番号": 2716, "借受者個人番号": 4366, "農地予備数字１": null, "農地予備数字２": null, "農地予備数字３": null, "農地予備数字４": null, "農地予備数字５": null, "農地予備文字１": null, "農地予備文字２": null, "農地予備文字３": null, "農地予備文字４": null, "農地予備文字５": null, "手動一致フラグ": null, "計算面積（アール）": 7, "散布班": "18-⑤", "地区名": "2026印西市" }, "geometry": { "type": "Polygon", "coordinates": [ [ [ 140.222241274, 35.799540097 ], [ 140.222297538, 35.79958032 ], [ 140.222930563, 35.798940563 ], [ 140.22285916300001, 35.798891605 ], [ 140.222241274, 35.799540097 ] ] ] } },
{ "type": "Feature", "properties": { "fid": 4602, "daicho_shubetsu_cd": "FUD25", "layer": "筆ポリゴン（2025年公開）_20260708233407", "fid_2": 6712, "事業年度": 2026, "物件番号": 6594, "GIS物件番号": null, "大字コード": 2041, "大字名": "吉高干拓", "小字コード": 0, "小字名": null, "__EMPTY": "吉高干拓88", "本番": 88, "枝番": "0", "子番": 0, "孫番": false, "付番": false, "所在地番号": "2.04100000088e+28", "農地管理番号": 1, "耕地番号": 1, "所在地名": "吉高干拓88", "マッチングさせるデータ": "吉高干拓88", "空散対象区分1": 2, "空散対象区分2": null, "空散外面積1": 0, "空散外面積2": false, "集計転作面積": 0, "散布面積1": null, "散布面積2": null, "支払者集落": 0, "支払者集落名": null, "支払者コード": 0, "支払者名": null, "支払者住所": null, "支払者電話番号": null, "農地異動適用法": false, "農地異動適用法名": null, "利用集積計画番号": null, "適用法開始年月日": null, "適用法終了年月日": null, "備考": "平山　孟夫", "所有者世帯番号": 2729, "所有者個人番号": 4427, "借受者世帯番号": 2729, "借受者個人番号": 4427, "農地予備数字１": null, "農地予備数字２": null, "農地予備数字３": null, "農地予備数字４": null, "農地予備数字５": null, "農地予備文字１": null, "農地予備文字２": null, "農地予備文字３": null, "農地予備文字４": null, "農地予備文字５": null, "手動一致フラグ": null, "計算面積（アール）": 31, "散布班": "18-⑨", "地区名": "2026印西市" }, "geometry": { "type": "Polygon", "coordinates": [ [ [ 140.238675949, 35.797005863 ], [ 140.23855312500001, 35.796746353 ], [ 140.237512092, 35.797069412 ], [ 140.237608746, 35.797305795 ], [ 140.237660174000013, 35.79731154 ], [ 140.238675949, 35.797005863 ] ] ] } },
{ "type": "Feature", "properties": { "fid": 4603, "daicho_shubetsu_cd": "FUD25", "layer": "筆ポリゴン（2025年公開）_20260708233407", "fid_2": 6713, "事業年度": 2026, "物件番号": 6595, "GIS物件番号": null, "大字コード": 2041, "大字名": "吉高干拓", "小字コード": 0, "小字名": null, "__EMPTY": "吉高干拓89", "本番": 89, "枝番": "0", "子番": 0, "孫番": false, "付番": false, "所在地番号": "2.04100000089e+28", "農地管理番号": 1, "耕地番号": 2, "所在地名": "吉高干拓89", "マッチングさせるデータ": "吉高干拓89", "空散対象区分1": 2, "空散対象区分2": null, "空散外面積1": 0, "空散外面積2": false, "集計転作面積": 0, "散布面積1": null, "散布面積2": null, "支払者集落": 0, "支払者集落名": null, "支払者コード": 0, "支払者名": null, "支払者住所": null, "支払者電話番号": null, "農地異動適用法": false, "農地異動適用法名": null, "利用集積計画番号": null, "適用法開始年月日": null, "適用法終了年月日": null, "備考": "平山　孟夫", "所有者世帯番号": 2729, "所有者個人番号": 4427, "借受者世帯番号": 2729, "借受者個人番号": 4427, "農地予備数字１": null, "農地予備数字２": null, "農地予備数字３": null, "農地予備数字４": null, "農地予備数字５": null, "農地予備文字１": null, "農地予備文字２": null, "農地予備文字３": null, "農地予備文字４": null, "農地予備文字５": null, "手動一致フラグ": null, "計算面積（アール）": 30, "散布班": "18-⑨", "地区名": "2026印西市" }, "geometry": { "type": "Polygon", "coordinates": [ [ [ 140.238794327, 35.797255976 ], [ 140.238675949, 35.797005863 ], [ 140.237660174000013, 35.79731154 ], [ 140.237630908, 35.797332351 ], [ 140.237742630000014, 35.797575215 ], [ 140.238794327, 35.797255976 ] ] ] } },
{ "type": "Feature", "properties": { "fid": 4604, "daicho_shubetsu_cd": "FUD25", "layer": "筆ポリゴン（2025年公開）_20260708233407", "fid_2": 6714, "事業年度": 2026, "物件番号": 7929, "GIS物件番号": null, "大字コード": 2050, "大字名": "萩原", "小字コード": 28, "小字名": "東埜", "__EMPTY": "萩原3681", "本番": 3681, "枝番": "0", "子番": 0, "孫番": false, "付番": false, "所在地番号": "2.05002803681e+28", "農地管理番号": 1, "耕地番号": 5, "所在地名": "萩原東埜3681", "マッチングさせるデータ": "萩原東埜3681", "空散対象区分1": 2, "空散対象区分2": null, "空散外面積1": 0, "空散外面積2": false, "集計転作面積": 0, "散布面積1": null, "散布面積2": null, "支払者集落": 0, "支払者集落名": null, "支払者コード": 0, "支払者名": null, "支払者住所": null, "支払者電話番号": null, "農地異動適用法": false, "農地異動適用法名": null, "利用集積計画番号": null, "適用法開始年月日": null, "適用法終了年月日": null, "備考": "平山　孟夫", "所有者世帯番号": 2729, "所有者個人番号": 4427, "借受者世帯番号": 2729, "借受者個人番号": 4427, "農地予備数字１": null, "農地予備数字２": null, "農地予備数字３": null, "農地予備数字４": null, "農地予備数字５": null, "農地予備文字１": null, "農地予備文字２": null, "農地予備文字３": null, "農地予備文字４": null, "農地予備文字５": null, "手動一致フラグ": null, "計算面積（アール）": 11, "散布班": "18-⑤", "地区名": "2026印西市" }, "geometry": { "type": "Polygon", "coordinates": [ [ [ 140.219490624171357, 35.802848745331609 ], [ 140.21885372321816, 35.803468973484996 ], [ 140.218993303, 35.803521041 ], [ 140.219584645999987, 35.802913401 ], [ 140.219490624171357, 35.802848745331609 ] ] ] } },
{ "type": "Feature", "properties": { "fid": 4605, "daicho_shubetsu_cd": "FUD25", "layer": "筆ポリゴン（2025年公開）_20260708233407", "fid_2": 6716, "事業年度": 2026, "物件番号": 7937, "GIS物件番号": null, "大字コード": 2050, "大字名": "萩原", "小字コード": 28, "小字名": "東埜", "__EMPTY": "萩原3694", "本番": 3694, "枝番": "0", "子番": 0, "孫番": false, "付番": false, "所在地番号": "2.05002803694e+28", "農地管理番号": 1, "耕地番号": 7, "所在地名": "萩原東埜3694", "マッチングさせるデータ": "萩原東埜3694", "空散対象区分1": 2, "空散対象区分2": null, "空散外面積1": 0, "空散外面積2": false, "集計転作面積": 0, "散布面積1": null, "散布面積2": null, "支払者集落": 0, "支払者集落名": null, "支払者コード": 0, "支払者名": null, "支払者住所": null, "支払者電話番号": null, "農地異動適用法": false, "農地異動適用法名": null, "利用集積計画番号": null, "適用法開始年月日": null, "適用法終了年月日": null, "備考": "平山　孟夫", "所有者世帯番号": 2729, "所有者個人番号": 4427, "借受者世帯番号": 2729, "借受者個人番号": 4427, "農地予備数字１": null, "農地予備数字２": null, "農地予備数字３": null, "農地予備数字４": null, "農地予備数字５": null, "農地予備文字１": null, "農地予備文字２": null, "農地予備文字３": null, "農地予備文字４": null, "農地予備文字５": null, "手動一致フラグ": null, "計算面積（アール）": 17, "散布班": "18-⑤", "地区名": "2026印西市" }, "geometry": { "type": "Polygon", "coordinates": [ [ [ 140.218186398, 35.803931641 ], [ 140.218486181, 35.804083458 ], [ 140.218804608999989, 35.803739262 ], [ 140.21867162800001, 35.803683672 ], [ 140.218730696, 35.803552008 ], [ 140.218613467000011, 35.803482137 ], [ 140.218186398, 35.803931641 ] ] ] } },
{ "type": "Feature", "properties": { "fid": 5583, "daicho_shubetsu_cd": "FUD25", "layer": "筆ポリゴン（2025年公開）_20260708233407", "fid_2": 8177, "事業年度": 2026, "物件番号": 6858, "GIS物件番号": null, "大字コード": 2050, "大字名": "萩原", "小字コード": 4, "小字名": "株木下", "__EMPTY": "萩原3162", "本番": 3162, "枝番": "1", "子番": 0, "孫番": false, "付番": false, "所在地番号": "2.05000403162e+28", "農地管理番号": 1, "耕地番号": 4, "所在地名": "萩原株木下3162-1", "マッチングさせるデータ": "萩原株木下3162-1", "空散対象区分1": 2, "空散対象区分2": null, "空散外面積1": 0, "空散外面積2": false, "集計転作面積": 0, "散布面積1": null, "散布面積2": null, "支払者集落": 0, "支払者集落名": null, "支払者コード": 0, "支払者名": null, "支払者住所": null, "支払者電話番号": null, "農地異動適用法": false, "農地異動適用法名": null, "利用集積計画番号": null, "適用法開始年月日": null, "適用法終了年月日": null, "備考": "石橋　和夫", "所有者世帯番号": 3703, "所有者個人番号": 6430, "借受者世帯番号": 3703, "借受者個人番号": 6430, "農地予備数字１": null, "農地予備数字２": null, "農地予備数字３": null, "農地予備数字４": null, "農地予備数字５": null, "農地予備文字１": null, "農地予備文字２": null, "農地予備文字３": null, "農地予備文字４": null, "農地予備文字５": null, "手動一致フラグ": null, "計算面積（アール）": 27, "散布班": "18-④", "地区名": "2026印西市" }, "geometry": { "type": "Polygon", "coordinates": [ [ [ 140.22080256000001, 35.798920831 ], [ 140.220777387999988, 35.798887442 ], [ 140.220799569, 35.798863149 ], [ 140.220762258, 35.798832992 ], [ 140.220672740999987, 35.798766671 ], [ 140.220598001000013, 35.798682136 ], [ 140.220583237999989, 35.798703378 ], [ 140.219964311000012, 35.799312255 ], [ 140.220228637, 35.799490266 ], [ 140.22080256000001, 35.798920831 ] ] ] } },
{ "type": "Feature", "properties": { "fid": 5619, "daicho_shubetsu_cd": "FUD25", "layer": "筆ポリゴン（2025年公開）_20260708233407", "fid_2": 8225, "事業年度": 2026, "物件番号": 6630, "GIS物件番号": null, "大字コード": 2041, "大字名": "吉高干拓", "小字コード": 0, "小字名": null, "__EMPTY": "吉高干拓133", "本番": 133, "枝番": "0", "子番": 0, "孫番": false, "付番": false, "所在地番号": "2.04100000133e+28", "農地管理番号": 1, "耕地番号": 4, "所在地名": "吉高干拓133", "マッチングさせるデータ": "吉高干拓133", "空散対象区分1": 2, "空散対象区分2": null, "空散外面積1": 0, "空散外面積2": false, "集計転作面積": 0, "散布面積1": null, "散布面積2": null, "支払者集落": 0, "支払者集落名": null, "支払者コード": 0, "支払者名": null, "支払者住所": null, "支払者電話番号": null, "農地異動適用法": false, "農地異動適用法名": null, "利用集積計画番号": null, "適用法開始年月日": null, "適用法終了年月日": null, "備考": "中川　勝明", "所有者世帯番号": 3717, "所有者個人番号": 6625, "借受者世帯番号": 3717, "借受者個人番号": 6625, "農地予備数字１": null, "農地予備数字２": null, "農地予備数字３": null, "農地予備数字４": null, "農地予備数字５": null, "農地予備文字１": null, "農地予備文字２": null, "農地予備文字３": null, "農地予備文字４": null, "農地予備文字５": null, "手動一致フラグ": null, "計算面積（アール）": 20, "散布班": "18-⑨", "地区名": "2026印西市" }, "geometry": { "type": "Polygon", "coordinates": [ [ [ 140.242177011110073, 35.796597714721159 ], [ 140.241186717150811, 35.796896940234042 ], [ 140.241270199000013, 35.797080257 ], [ 140.241297413000012, 35.797072764 ], [ 140.242283471, 35.796757018 ], [ 140.242177011110073, 35.796597714721159 ] ] ] } },
{ "type": "Feature", "properties": { "fid": 5620, "daicho_shubetsu_cd": "FUD25", "layer": "筆ポリゴン（2025年公開）_20260708233407", "fid_2": 8226, "事業年度": 2026, "物件番号": 6631, "GIS物件番号": null, "大字コード": 2041, "大字名": "吉高干拓", "小字コード": 0, "小字名": null, "__EMPTY": "吉高干拓134", "本番": 134, "枝番": "0", "子番": 0, "孫番": false, "付番": false, "所在地番号": "2.04100000134e+28", "農地管理番号": 1, "耕地番号": 5, "所在地名": "吉高干拓134", "マッチングさせるデータ": "吉高干拓134", "空散対象区分1": 2, "空散対象区分2": null, "空散外面積1": 0, "空散外面積2": false, "集計転作面積": 0, "散布面積1": null, "散布面積2": null, "支払者集落": 0, "支払者集落名": null, "支払者コード": 0, "支払者名": null, "支払者住所": null, "支払者電話番号": null, "農地異動適用法": false, "農地異動適用法名": null, "利用集積計画番号": null, "適用法開始年月日": null, "適用法終了年月日": null, "備考": "中川　勝明", "所有者世帯番号": 3717, "所有者個人番号": 6625, "借受者世帯番号": 3717, "借受者個人番号": 6625, "農地予備数字１": null, "農地予備数字２": null, "農地予備数字３": null, "農地予備数字４": null, "農地予備数字５": null, "農地予備文字１": null, "農地予備文字２": null, "農地予備文字３": null, "農地予備文字４": null, "農地予備文字５": null, "手動一致フラグ": null, "計算面積（アール）": 20, "散布班": "18-⑨", "地区名": "2026印西市" }, "geometry": { "type": "Polygon", "coordinates": [ [ [ 140.241186717150811, 35.796896940234042 ], [ 140.242177011110073, 35.796597714721159 ], [ 140.242061356, 35.796424652 ], [ 140.24110489, 35.796717257 ], [ 140.241186717150811, 35.796896940234042 ] ] ] } },
{ "type": "Feature", "properties": { "fid": 6099, "daicho_shubetsu_cd": "FUD25", "layer": "筆ポリゴン（2025年公開）_20260708233407", "fid_2": 8899, "事業年度": 2026, "物件番号": 6888, "GIS物件番号": null, "大字コード": 2050, "大字名": "萩原", "小字コード": 4, "小字名": "株木下", "__EMPTY": "萩原3192", "本番": 3192, "枝番": "0", "子番": 0, "孫番": false, "付番": false, "所在地番号": "2.05000403192e+28", "農地管理番号": 1, "耕地番号": 26, "所在地名": "萩原株木下3192", "マッチングさせるデータ": "萩原株木下3192", "空散対象区分1": 2, "空散対象区分2": null, "空散外面積1": 0, "空散外面積2": false, "集計転作面積": 0, "散布面積1": 0, "散布面積2": false, "支払者集落": 0, "支払者集落名": null, "支払者コード": 0, "支払者名": null, "支払者住所": null, "支払者電話番号": null, "農地異動適用法": false, "農地異動適用法名": null, "利用集積計画番号": null, "適用法開始年月日": null, "適用法終了年月日": null, "備考": "川上　修", "所有者世帯番号": 1823, "所有者個人番号": 820, "借受者世帯番号": 1823, "借受者個人番号": 820, "農地予備数字１": null, "農地予備数字２": null, "農地予備数字３": null, "農地予備数字４": null, "農地予備数字５": null, "農地予備文字１": null, "農地予備文字２": null, "農地予備文字３": null, "農地予備文字４": null, "農地予備文字５": null, "手動一致フラグ": null, "計算面積（アール）": 22, "散布班": "18-④", "地区名": "2026印西市" }, "geometry": { "type": "Polygon", "coordinates": [ [ [ 140.218851277, 35.8010069 ], [ 140.219045226, 35.801134918 ], [ 140.21973215, 35.800447224 ], [ 140.219578369, 35.800335937 ], [ 140.219552142999987, 35.800350303 ], [ 140.219521397, 35.80033612 ], [ 140.218851277, 35.8010069 ] ] ] } },
{ "type": "Feature", "properties": { "fid": 6190, "daicho_shubetsu_cd": "FUD25", "layer": "筆ポリゴン（2025年公開）_20260708233456", "fid_2": 9041, "事業年度": 2026, "物件番号": 6247, "GIS物件番号": null, "大字コード": 2040, "大字名": "吉高", "小字コード": 41, "小字名": "中", "__EMPTY": "吉高3279", "本番": 3279, "枝番": "0", "子番": 0, "孫番": false, "付番": false, "所在地番号": "2.04004103279e+28", "農地管理番号": 1, "耕地番号": 8, "所在地名": "吉高中3279", "マッチングさせるデータ": "吉高中3279", "空散対象区分1": 2, "空散対象区分2": null, "空散外面積1": 0, "空散外面積2": false, "集計転作面積": 0, "散布面積1": 0, "散布面積2": false, "支払者集落": 0, "支払者集落名": null, "支払者コード": 0, "支払者名": null, "支払者住所": null, "支払者電話番号": null, "農地異動適用法": false, "農地異動適用法名": null, "利用集積計画番号": null, "適用法開始年月日": null, "適用法終了年月日": null, "備考": "杉並　静枝", "所有者世帯番号": 2138, "所有者個人番号": 5818, "借受者世帯番号": 2138, "借受者個人番号": 5818, "農地予備数字１": null, "農地予備数字２": null, "農地予備数字３": null, "農地予備数字４": null, "農地予備数字５": null, "農地予備文字１": null, "農地予備文字２": null, "農地予備文字３": null, "農地予備文字４": null, "農地予備文字５": null, "手動一致フラグ": null, "計算面積（アール）": 20, "散布班": "18-⑨", "地区名": "2026印西市" }, "geometry": { "type": "Polygon", "coordinates": [ [ [ 140.242605844158987, 35.793339271788 ], [ 140.241694641562106, 35.793850567834355 ], [ 140.241824622, 35.793997966 ], [ 140.242738083, 35.793485834 ], [ 140.242605844158987, 35.793339271788 ] ] ] } },
{ "type": "Feature", "properties": { "fid": 6497, "daicho_shubetsu_cd": "FUD25", "layer": "筆ポリゴン（2025年公開）_20260708233407", "fid_2": 9471, "事業年度": 2026, "物件番号": 6980, "GIS物件番号": null, "大字コード": 2050, "大字名": "萩原", "小字コード": 6, "小字名": "城内下", "__EMPTY": "萩原3288", "本番": 3288, "枝番": "0", "子番": 0, "孫番": false, "付番": false, "所在地番号": "2.05000603288e+28", "農地管理番号": 1, "耕地番号": 6, "所在地名": "萩原城内下3288", "マッチングさせるデータ": "萩原城内下3288", "空散対象区分1": 2, "空散対象区分2": null, "空散外面積1": 0, "空散外面積2": false, "集計転作面積": 0, "散布面積1": null, "散布面積2": null, "支払者集落": 0, "支払者集落名": null, "支払者コード": 0, "支払者名": null, "支払者住所": null, "支払者電話番号": null, "農地異動適用法": false, "農地異動適用法名": null, "利用集積計画番号": null, "適用法開始年月日": null, "適用法終了年月日": null, "備考": "高島嘉子　外１名", "所有者世帯番号": 6286, "所有者個人番号": 2943, "借受者世帯番号": 6286, "借受者個人番号": 2943, "農地予備数字１": null, "農地予備数字２": null, "農地予備数字３": null, "農地予備数字４": null, "農地予備数字５": null, "農地予備文字１": null, "農地予備文字２": null, "農地予備文字３": null, "農地予備文字４": null, "農地予備文字５": null, "手動一致フラグ": null, "計算面積（アール）": 10, "散布班": "18-①", "地区名": "2026印西市" }, "geometry": { "type": "Polygon", "coordinates": [ [ [ 140.215825777, 35.803576296 ], [ 140.214770445, 35.80378568 ], [ 140.214777666, 35.803812152 ], [ 140.214743186, 35.803819178 ], [ 140.214763487999988, 35.803875415 ], [ 140.214826534, 35.803862912 ], [ 140.215851767, 35.803659602 ], [ 140.215825777, 35.803576296 ] ] ] } },
{ "type": "Feature", "properties": { "fid": 6861, "daicho_shubetsu_cd": "FUD25", "layer": "筆ポリゴン（2025年公開）_20260708233407", "fid_2": 10132, "事業年度": 2026, "物件番号": 6895, "GIS物件番号": null, "大字コード": 2050, "大字名": "萩原", "小字コード": 4, "小字名": "株木下", "__EMPTY": "萩原3199", "本番": 3199, "枝番": "0", "子番": 0, "孫番": false, "付番": false, "所在地番号": "2.05000403199e+28", "農地管理番号": 1, "耕地番号": 1, "所在地名": "萩原株木下3199", "マッチングさせるデータ": "萩原株木下3199", "空散対象区分1": 3, "空散対象区分2": null, "空散外面積1": 0, "空散外面積2": false, "集計転作面積": 0, "散布面積1": null, "散布面積2": null, "支払者集落": 0, "支払者集落名": null, "支払者コード": 0, "支払者名": null, "支払者住所": null, "支払者電話番号": null, "農地異動適用法": false, "農地異動適用法名": null, "利用集積計画番号": null, "適用法開始年月日": null, "適用法終了年月日": null, "備考": "天野　嘉光", "所有者世帯番号": 2201, "所有者個人番号": 3673, "借受者世帯番号": 2201, "借受者個人番号": 3673, "農地予備数字１": null, "農地予備数字２": null, "農地予備数字３": null, "農地予備数字４": null, "農地予備数字５": null, "農地予備文字１": null, "農地予備文字２": null, "農地予備文字３": null, "農地予備文字４": null, "農地予備文字５": null, "手動一致フラグ": null, "計算面積（アール）": 29, "散布班": "18-④", "地区名": "2026印西市" }, "geometry": { "type": "Polygon", "coordinates": [ [ [ 140.218435249, 35.799567928 ], [ 140.218187414999989, 35.79940366 ], [ 140.217480117, 35.800101833 ], [ 140.217723946, 35.800275528 ], [ 140.218435249, 35.799567928 ] ] ] } },
{ "type": "Feature", "properties": { "fid": 6862, "daicho_shubetsu_cd": "FUD25", "layer": "筆ポリゴン（2025年公開）_20260708233407", "fid_2": 10133, "事業年度": 2026, "物件番号": 7813, "GIS物件番号": null, "大字コード": 2050, "大字名": "萩原", "小字コード": 28, "小字名": "東埜", "__EMPTY": "萩原3564", "本番": 3564, "枝番": "0", "子番": 0, "孫番": false, "付番": false, "所在地番号": "2.05002803564e+28", "農地管理番号": 1, "耕地番号": 2, "所在地名": "萩原東埜3564", "マッチングさせるデータ": "萩原東埜3564", "空散対象区分1": 3, "空散対象区分2": null, "空散外面積1": 0, "空散外面積2": false, "集計転作面積": 0, "散布面積1": null, "散布面積2": null, "支払者集落": 0, "支払者集落名": null, "支払者コード": 0, "支払者名": null, "支払者住所": null, "支払者電話番号": null, "農地異動適用法": false, "農地異動適用法名": null, "利用集積計画番号": null, "適用法開始年月日": null, "適用法終了年月日": null, "備考": "天野　嘉光", "所有者世帯番号": 2201, "所有者個人番号": 3673, "借受者世帯番号": 2201, "借受者個人番号": 3673, "農地予備数字１": null, "農地予備数字２": null, "農地予備数字３": null, "農地予備数字４": null, "農地予備数字５": null, "農地予備文字１": null, "農地予備文字２": null, "農地予備文字３": null, "農地予備文字４": null, "農地予備文字５": null, "手動一致フラグ": null, "計算面積（アール）": 6, "散布班": "18-⑤", "地区名": "2026印西市" }, "geometry": { "type": "Polygon", "coordinates": [ [ [ 140.223032646259526, 35.802569011552691 ], [ 140.223731845694346, 35.801848439209394 ], [ 140.223673886, 35.801812538 ], [ 140.222987745000012, 35.802541707 ], [ 140.223032646259526, 35.802569011552691 ] ] ] } },
{ "type": "Feature", "properties": { "fid": 6863, "daicho_shubetsu_cd": "FUD25", "layer": "筆ポリゴン（2025年公開）_20260708233407", "fid_2": 10134, "事業年度": 2026, "物件番号": 7832, "GIS物件番号": null, "大字コード": 2050, "大字名": "萩原", "小字コード": 28, "小字名": "東埜", "__EMPTY": "萩原3574", "本番": 3574, "枝番": "0", "子番": 0, "孫番": false, "付番": false, "所在地番号": "2.05002803574e+28", "農地管理番号": 1, "耕地番号": 3, "所在地名": "萩原東埜3574", "マッチングさせるデータ": "萩原東埜3574", "空散対象区分1": 3, "空散対象区分2": null, "空散外面積1": 0, "空散外面積2": false, "集計転作面積": 0, "散布面積1": null, "散布面積2": null, "支払者集落": 0, "支払者集落名": null, "支払者コード": 0, "支払者名": null, "支払者住所": null, "支払者電話番号": null, "農地異動適用法": false, "農地異動適用法名": null, "利用集積計画番号": null, "適用法開始年月日": null, "適用法終了年月日": null, "備考": "天野　嘉光", "所有者世帯番号": 2201, "所有者個人番号": 3673, "借受者世帯番号": 2201, "借受者個人番号": 3673, "農地予備数字１": null, "農地予備数字２": null, "農地予備数字３": null, "農地予備数字４": null, "農地予備数字５": null, "農地予備文字１": null, "農地予備文字２": null, "農地予備文字３": null, "農地予備文字４": null, "農地予備文字５": null, "手動一致フラグ": null, "計算面積（アール）": 24, "散布班": "18-⑤", "地区名": "2026印西市" }, "geometry": { "type": "Polygon", "coordinates": [ [ [ 140.224637566000013, 35.803566841 ], [ 140.224839799, 35.803703699 ], [ 140.225513525, 35.802983536 ], [ 140.225306461, 35.802854548 ], [ 140.224637566000013, 35.803566841 ] ] ] } },
{ "type": "Feature", "properties": { "fid": 6864, "daicho_shubetsu_cd": "FUD25", "layer": "筆ポリゴン（2025年公開）_20260708233407", "fid_2": 10135, "事業年度": 2026, "物件番号": 7923, "GIS物件番号": null, "大字コード": 2050, "大字名": "萩原", "小字コード": 28, "小字名": "東埜", "__EMPTY": "萩原3674", "本番": 3674, "枝番": "0", "子番": 0, "孫番": false, "付番": false, "所在地番号": "2.05002803674e+28", "農地管理番号": 1, "耕地番号": 4, "所在地名": "萩原東埜3674", "マッチングさせるデータ": "萩原東埜3674", "空散対象区分1": 3, "空散対象区分2": null, "空散外面積1": 0, "空散外面積2": false, "集計転作面積": 1497, "散布面積1": 0, "散布面積2": false, "支払者集落": 0, "支払者集落名": null, "支払者コード": 0, "支払者名": null, "支払者住所": null, "支払者電話番号": null, "農地異動適用法": false, "農地異動適用法名": null, "利用集積計画番号": null, "適用法開始年月日": null, "適用法終了年月日": null, "備考": "天野　嘉光", "所有者世帯番号": 2201, "所有者個人番号": 3673, "借受者世帯番号": 2201, "借受者個人番号": 3673, "農地予備数字１": null, "農地予備数字２": null, "農地予備数字３": null, "農地予備数字４": null, "農地予備数字５": null, "農地予備文字１": null, "農地予備文字２": null, "農地予備文字３": null, "農地予備文字４": null, "農地予備文字５": null, "手動一致フラグ": null, "計算面積（アール）": 34, "散布班": "18-⑤", "地区名": "2026印西市" }, "geometry": { "type": "Polygon", "coordinates": [ [ [ 140.219905087, 35.803890103 ], [ 140.220139217, 35.803641205 ], [ 140.220383419, 35.803402257 ], [ 140.220085367, 35.80320585 ], [ 140.219845171, 35.803464193 ], [ 140.219399411000012, 35.803935437 ], [ 140.219691571999988, 35.8041187 ], [ 140.219905087, 35.803890103 ] ] ] } },
{ "type": "Feature", "properties": { "fid": 6865, "daicho_shubetsu_cd": "FUD25", "layer": "筆ポリゴン（2025年公開）_20260708233407", "fid_2": 10136, "事業年度": 2026, "物件番号": null, "GIS物件番号": null, "大字コード": 2051, "大字名": "萩原干拓", "小字コード": 0, "小字名": null, "__EMPTY": "萩原干拓163", "本番": 163, "枝番": "0", "子番": 0, "孫番": false, "付番": false, "所在地番号": "2.05100000163e+28", "農地管理番号": 1, "耕地番号": 5, "所在地名": "萩原干拓163-1", "マッチングさせるデータ": "萩原干拓163-1", "空散対象区分1": 3, "空散対象区分2": null, "空散外面積1": 0, "空散外面積2": false, "集計転作面積": 0, "散布面積1": null, "散布面積2": null, "支払者集落": 0, "支払者集落名": null, "支払者コード": 0, "支払者名": null, "支払者住所": null, "支払者電話番号": null, "農地異動適用法": false, "農地異動適用法名": null, "利用集積計画番号": null, "適用法開始年月日": null, "適用法終了年月日": null, "備考": "天野　嘉光", "所有者世帯番号": 2201, "所有者個人番号": 3673, "借受者世帯番号": 2201, "借受者個人番号": 3673, "農地予備数字１": null, "農地予備数字２": null, "農地予備数字３": null, "農地予備数字４": null, "農地予備数字５": null, "農地予備文字１": null, "農地予備文字２": null, "農地予備文字３": null, "農地予備文字４": null, "農地予備文字５": null, "手動一致フラグ": null, "計算面積（アール）": 11, "散布班": "18-⑤", "地区名": "2026印西市" }, "geometry": { "type": "Polygon", "coordinates": [ [ [ 140.227203315999986, 35.802660996 ], [ 140.227301919000013, 35.802723183 ], [ 140.227912385, 35.802062238 ], [ 140.227811713, 35.80199615 ], [ 140.227203315999986, 35.802660996 ] ] ] } },
{ "type": "Feature", "properties": { "fid": 7289, "daicho_shubetsu_cd": "FUD25", "layer": "筆ポリゴン（2025年公開）_20260708233456", "fid_2": 10862, "事業年度": 2026, "物件番号": 5384, "GIS物件番号": null, "大字コード": 2040, "大字名": "吉高", "小字コード": 16, "小字名": "古木戸", "__EMPTY": "吉高2888", "本番": 2888, "枝番": "0", "子番": 0, "孫番": false, "付番": false, "所在地番号": "2.04001602888e+28", "農地管理番号": 1, "耕地番号": 5, "所在地名": "吉高古木戸2888", "マッチングさせるデータ": "吉高古木戸2888", "空散対象区分1": 3, "空散対象区分2": null, "空散外面積1": 0, "空散外面積2": false, "集計転作面積": 0, "散布面積1": null, "散布面積2": null, "支払者集落": 0, "支払者集落名": null, "支払者コード": 0, "支払者名": null, "支払者住所": null, "支払者電話番号": null, "農地異動適用法": false, "農地異動適用法名": null, "利用集積計画番号": null, "適用法開始年月日": null, "適用法終了年月日": null, "備考": "須藤　祐治", "所有者世帯番号": 1835, "所有者個人番号": 3118, "借受者世帯番号": 1835, "借受者個人番号": 3118, "農地予備数字１": null, "農地予備数字２": null, "農地予備数字３": null, "農地予備数字４": null, "農地予備数字５": null, "農地予備文字１": null, "農地予備文字２": null, "農地予備文字３": null, "農地予備文字４": null, "農地予備文字５": null, "手動一致フラグ": null, "計算面積（アール）": 9, "散布班": "18-⑧", "地区名": "2026印西市" }, "geometry": { "type": "Polygon", "coordinates": [ [ [ 140.231933995323885, 35.788121779962431 ], [ 140.232214329915962, 35.787897512288758 ], [ 140.232124102, 35.787892562 ], [ 140.232055266, 35.787875101 ], [ 140.232000815, 35.787839904 ], [ 140.231942628000013, 35.787781133 ], [ 140.231913889999987, 35.787733366 ], [ 140.231688824, 35.787922838 ], [ 140.231933995323885, 35.788121779962431 ] ] ] } },
{ "type": "Feature", "properties": { "fid": 7290, "daicho_shubetsu_cd": "FUD25", "layer": "筆ポリゴン（2025年公開）_20260708233456", "fid_2": 10863, "事業年度": 2026, "物件番号": 5385, "GIS物件番号": null, "大字コード": 2040, "大字名": "吉高", "小字コード": 16, "小字名": "古木戸", "__EMPTY": "吉高2889", "本番": 2889, "枝番": "0", "子番": 0, "孫番": false, "付番": false, "所在地番号": "2.04001602889e+28", "農地管理番号": 1, "耕地番号": 6, "所在地名": "吉高古木戸2889", "マッチングさせるデータ": "吉高古木戸2889", "空散対象区分1": 3, "空散対象区分2": null, "空散外面積1": 0, "空散外面積2": false, "集計転作面積": 0, "散布面積1": null, "散布面積2": null, "支払者集落": 0, "支払者集落名": null, "支払者コード": 0, "支払者名": null, "支払者住所": null, "支払者電話番号": null, "農地異動適用法": false, "農地異動適用法名": null, "利用集積計画番号": null, "適用法開始年月日": null, "適用法終了年月日": null, "備考": "須藤　祐治", "所有者世帯番号": 1835, "所有者個人番号": 3118, "借受者世帯番号": 1835, "借受者個人番号": 3118, "農地予備数字１": null, "農地予備数字２": null, "農地予備数字３": null, "農地予備数字４": null, "農地予備数字５": null, "農地予備文字１": null, "農地予備文字２": null, "農地予備文字３": null, "農地予備文字４": null, "農地予備文字５": null, "手動一致フラグ": null, "計算面積（アール）": 10, "散布班": "18-⑧", "地区名": "2026印西市" }, "geometry": { "type": "Polygon", "coordinates": [ [ [ 140.232214329915962, 35.787897512288758 ], [ 140.231933995323885, 35.788121779962431 ], [ 140.232120724999987, 35.7882733 ], [ 140.23248683, 35.788071198 ], [ 140.232225443, 35.787898122 ], [ 140.232214329915962, 35.787897512288758 ] ] ] } },
{ "type": "Feature", "properties": { "fid": 7291, "daicho_shubetsu_cd": "FUD25", "layer": "筆ポリゴン（2025年公開）_20260708233456", "fid_2": 10864, "事業年度": 2026, "物件番号": 5402, "GIS物件番号": null, "大字コード": 2040, "大字名": "吉高", "小字コード": 16, "小字名": "古木戸", "__EMPTY": "吉高2904", "本番": 2904, "枝番": "0", "子番": 0, "孫番": false, "付番": false, "所在地番号": "2.04001602904e+28", "農地管理番号": 1, "耕地番号": 7, "所在地名": "吉高古木戸2904", "マッチングさせるデータ": "吉高古木戸2904", "空散対象区分1": 3, "空散対象区分2": null, "空散外面積1": 0, "空散外面積2": false, "集計転作面積": 0, "散布面積1": null, "散布面積2": null, "支払者集落": 0, "支払者集落名": null, "支払者コード": 0, "支払者名": null, "支払者住所": null, "支払者電話番号": null, "農地異動適用法": false, "農地異動適用法名": null, "利用集積計画番号": null, "適用法開始年月日": null, "適用法終了年月日": null, "備考": "須藤　祐治", "所有者世帯番号": 1835, "所有者個人番号": 3118, "借受者世帯番号": 1835, "借受者個人番号": 3118, "農地予備数字１": null, "農地予備数字２": null, "農地予備数字３": null, "農地予備数字４": null, "農地予備数字５": null, "農地予備文字１": null, "農地予備文字２": null, "農地予備文字３": null, "農地予備文字４": null, "農地予備文字５": null, "手動一致フラグ": null, "計算面積（アール）": 12, "散布班": "18-⑧", "地区名": "2026印西市" }, "geometry": { "type": "Polygon", "coordinates": [ [ [ 140.231795341, 35.788048128 ], [ 140.231577840999989, 35.78822583 ], [ 140.231595023000011, 35.788242537 ], [ 140.231579569, 35.788268326 ], [ 140.231716830000011, 35.78835844 ], [ 140.231788394, 35.788411484 ], [ 140.231829189, 35.788455581 ], [ 140.231859647, 35.788493297 ], [ 140.2321393, 35.788322958 ], [ 140.232117193, 35.788297758 ], [ 140.231795341, 35.788048128 ] ] ] } },
{ "type": "Feature", "properties": { "fid": 7292, "daicho_shubetsu_cd": "FUD25", "layer": "筆ポリゴン（2025年公開）_20260708233456", "fid_2": 10865, "事業年度": 2026, "物件番号": 6266, "GIS物件番号": null, "大字コード": 2040, "大字名": "吉高", "小字コード": 41, "小字名": "中", "__EMPTY": "吉高3303", "本番": 3303, "枝番": "0", "子番": 0, "孫番": false, "付番": false, "所在地番号": "2.04004103303e+28", "農地管理番号": 1, "耕地番号": 9, "所在地名": "吉高中3303", "マッチングさせるデータ": "吉高中3303", "空散対象区分1": 3, "空散対象区分2": null, "空散外面積1": 0, "空散外面積2": false, "集計転作面積": 0, "散布面積1": null, "散布面積2": null, "支払者集落": 0, "支払者集落名": null, "支払者コード": 0, "支払者名": null, "支払者住所": null, "支払者電話番号": null, "農地異動適用法": false, "農地異動適用法名": null, "利用集積計画番号": null, "適用法開始年月日": null, "適用法終了年月日": null, "備考": "須藤　祐治", "所有者世帯番号": 1835, "所有者個人番号": 3118, "借受者世帯番号": 1835, "借受者個人番号": 3118, "農地予備数字１": null, "農地予備数字２": null, "農地予備数字３": null, "農地予備数字４": null, "農地予備数字５": null, "農地予備文字１": null, "農地予備文字２": null, "農地予備文字３": null, "農地予備文字４": null, "農地予備文字５": null, "手動一致フラグ": null, "計算面積（アール）": 9, "散布班": "18-⑨", "地区名": "2026印西市" }, "geometry": { "type": "Polygon", "coordinates": [ [ [ 140.240364957, 35.793929832 ], [ 140.239868165, 35.794082192 ], [ 140.239945304, 35.794242909 ], [ 140.240468244999988, 35.794081052 ], [ 140.240364957, 35.793929832 ] ] ] } },
{ "type": "Feature", "properties": { "fid": 7293, "daicho_shubetsu_cd": "FUD25", "layer": "筆ポリゴン（2025年公開）_20260708233456", "fid_2": 10866, "事業年度": 2026, "物件番号": 6267, "GIS物件番号": null, "大字コード": 2040, "大字名": "吉高", "小字コード": 41, "小字名": "中", "__EMPTY": "吉高3304", "本番": 3304, "枝番": "0", "子番": 0, "孫番": false, "付番": false, "所在地番号": "2.04004103304e+28", "農地管理番号": 1, "耕地番号": 10, "所在地名": "吉高中3304", "マッチングさせるデータ": "吉高中3304", "空散対象区分1": 3, "空散対象区分2": null, "空散外面積1": 0, "空散外面積2": false, "集計転作面積": 0, "散布面積1": null, "散布面積2": null, "支払者集落": 0, "支払者集落名": null, "支払者コード": 0, "支払者名": null, "支払者住所": null, "支払者電話番号": null, "農地異動適用法": false, "農地異動適用法名": null, "利用集積計画番号": null, "適用法開始年月日": null, "適用法終了年月日": null, "備考": "須藤　祐治", "所有者世帯番号": 1835, "所有者個人番号": 3118, "借受者世帯番号": 1835, "借受者個人番号": 3118, "農地予備数字１": null, "農地予備数字２": null, "農地予備数字３": null, "農地予備数字４": null, "農地予備数字５": null, "農地予備文字１": null, "農地予備文字２": null, "農地予備文字３": null, "農地予備文字４": null, "農地予備文字５": null, "手動一致フラグ": null, "計算面積（アール）": 8, "散布班": "18-⑨", "地区名": "2026印西市" }, "geometry": { "type": "Polygon", "coordinates": [ [ [ 140.239800249000012, 35.793940689 ], [ 140.239868165, 35.794082192 ], [ 140.240364957, 35.793929832 ], [ 140.240271435000011, 35.79379291 ], [ 140.239800249000012, 35.793940689 ] ] ] } },
{ "type": "Feature", "properties": { "fid": 7296, "daicho_shubetsu_cd": "FUD25", "layer": "筆ポリゴン（2025年公開）_20260708233407", "fid_2": 10878, "事業年度": 2026, "物件番号": 6939, "GIS物件番号": null, "大字コード": 2050, "大字名": "萩原", "小字コード": 4, "小字名": "株木下", "__EMPTY": "萩原3243", "本番": 3243, "枝番": "0", "子番": 0, "孫番": false, "付番": false, "所在地番号": "2.05000403243e+28", "農地管理番号": 1, "耕地番号": 1, "所在地名": "萩原株木下3243", "マッチングさせるデータ": "萩原株木下3243", "空散対象区分1": 3, "空散対象区分2": null, "空散外面積1": 0, "空散外面積2": false, "集計転作面積": 0, "散布面積1": null, "散布面積2": null, "支払者集落": 0, "支払者集落名": null, "支払者コード": 0, "支払者名": null, "支払者住所": null, "支払者電話番号": null, "農地異動適用法": false, "農地異動適用法名": null, "利用集積計画番号": null, "適用法開始年月日": null, "適用法終了年月日": null, "備考": "石井　幸男", "所有者世帯番号": 2312, "所有者個人番号": 3819, "借受者世帯番号": 2312, "借受者個人番号": 3819, "農地予備数字１": null, "農地予備数字２": null, "農地予備数字３": null, "農地予備数字４": null, "農地予備数字５": null, "農地予備文字１": null, "農地予備文字２": null, "農地予備文字３": null, "農地予備文字４": null, "農地予備文字５": null, "手動一致フラグ": null, "計算面積（アール）": 8, "散布班": "18-④", "地区名": "2026印西市" }, "geometry": { "type": "Polygon", "coordinates": [ [ [ 140.216512123, 35.800766861 ], [ 140.216286755, 35.800966999 ], [ 140.216362597, 35.801209843 ], [ 140.216451753, 35.801119147 ], [ 140.21668531200001, 35.800881553 ], [ 140.216512123, 35.800766861 ] ] ] } },
{ "type": "Feature", "properties": { "fid": 7297, "daicho_shubetsu_cd": "FUD25", "layer": "筆ポリゴン（2025年公開）_20260708233407", "fid_2": 10879, "事業年度": 2026, "物件番号": 7014, "GIS物件番号": null, "大字コード": 2050, "大字名": "萩原", "小字コード": 6, "小字名": "城内下", "__EMPTY": "萩原3330", "本番": 3330, "枝番": "0", "子番": 0, "孫番": false, "付番": false, "所在地番号": "2.0500060333e+28", "農地管理番号": 1, "耕地番号": 2, "所在地名": "萩原城内下3330", "マッチングさせるデータ": "萩原城内下3330", "空散対象区分1": 3, "空散対象区分2": null, "空散外面積1": 0, "空散外面積2": false, "集計転作面積": 0, "散布面積1": null, "散布面積2": null, "支払者集落": 0, "支払者集落名": null, "支払者コード": 0, "支払者名": null, "支払者住所": null, "支払者電話番号": null, "農地異動適用法": false, "農地異動適用法名": null, "利用集積計画番号": null, "適用法開始年月日": null, "適用法終了年月日": null, "備考": "石井　幸男", "所有者世帯番号": 2312, "所有者個人番号": 3819, "借受者世帯番号": 2312, "借受者個人番号": 3819, "農地予備数字１": null, "農地予備数字２": null, "農地予備数字３": null, "農地予備数字４": null, "農地予備数字５": null, "農地予備文字１": null, "農地予備文字２": null, "農地予備文字３": null, "農地予備文字４": null, "農地予備文字５": null, "手動一致フラグ": null, "計算面積（アール）": 36, "散布班": "18-①", "地区名": "2026印西市" }, "geometry": { "type": "Polygon", "coordinates": [ [ [ 140.212843889999988, 35.80160798 ], [ 140.212945366000014, 35.801921845 ], [ 140.21397844, 35.801701924 ], [ 140.213972476, 35.801676554 ], [ 140.214007482999989, 35.801665336 ], [ 140.213928254, 35.801389488 ], [ 140.213879596999988, 35.801397576 ], [ 140.212843889999988, 35.80160798 ] ] ] } },
{ "type": "Feature", "properties": { "fid": 7301, "daicho_shubetsu_cd": "FUD25", "layer": "筆ポリゴン（2025年公開）_20260708233407", "fid_2": 10884, "事業年度": null, "物件番号": null, "GIS物件番号": false, "大字コード": null, "大字名": null, "小字コード": null, "小字名": null, "__EMPTY": null, "本番": null, "枝番": null, "子番": null, "孫番": false, "付番": false, "所在地番号": null, "農地管理番号": null, "耕地番号": null, "所在地名": null, "マッチングさせるデータ": null, "空散対象区分1": null, "空散対象区分2": null, "空散外面積1": null, "空散外面積2": false, "集計転作面積": null, "散布面積1": null, "散布面積2": false, "支払者集落": null, "支払者集落名": null, "支払者コード": null, "支払者名": null, "支払者住所": null, "支払者電話番号": null, "農地異動適用法": false, "農地異動適用法名": null, "利用集積計画番号": null, "適用法開始年月日": null, "適用法終了年月日": null, "備考": null, "所有者世帯番号": null, "所有者個人番号": null, "借受者世帯番号": null, "借受者個人番号": null, "農地予備数字１": false, "農地予備数字２": false, "農地予備数字３": false, "農地予備数字４": false, "農地予備数字５": false, "農地予備文字１": null, "農地予備文字２": null, "農地予備文字３": null, "農地予備文字４": null, "農地予備文字５": null, "手動一致フラグ": null, "計算面積（アール）": 18, "散布班": "18-⑤", "地区名": "2026印西市" }, "geometry": { "type": "Polygon", "coordinates": [ [ [ 140.227693327, 35.801878831 ], [ 140.228207461000011, 35.801318675 ], [ 140.228278077999988, 35.801238537 ], [ 140.228105567, 35.801140384 ], [ 140.227503324, 35.801760832 ], [ 140.227693327, 35.801878831 ] ] ] } },
{ "type": "Feature", "properties": { "fid": 7302, "daicho_shubetsu_cd": null, "layer": null, "fid_2": null, "事業年度": null, "物件番号": null, "GIS物件番号": false, "大字コード": null, "大字名": null, "小字コード": null, "小字名": null, "__EMPTY": null, "本番": null, "枝番": null, "子番": null, "孫番": false, "付番": false, "所在地番号": null, "農地管理番号": null, "耕地番号": null, "所在地名": null, "マッチングさせるデータ": null, "空散対象区分1": null, "空散対象区分2": null, "空散外面積1": null, "空散外面積2": false, "集計転作面積": null, "散布面積1": null, "散布面積2": false, "支払者集落": null, "支払者集落名": null, "支払者コード": null, "支払者名": null, "支払者住所": null, "支払者電話番号": null, "農地異動適用法": false, "農地異動適用法名": null, "利用集積計画番号": null, "適用法開始年月日": null, "適用法終了年月日": null, "備考": null, "所有者世帯番号": null, "所有者個人番号": null, "借受者世帯番号": null, "借受者個人番号": null, "農地予備数字１": false, "農地予備数字２": false, "農地予備数字３": false, "農地予備数字４": false, "農地予備数字５": false, "農地予備文字１": null, "農地予備文字２": null, "農地予備文字３": null, "農地予備文字４": null, "農地予備文字５": null, "手動一致フラグ": null, "計算面積（アール）": 3, "散布班": "18-①", "地区名": "2026印西市" }, "geometry": { "type": "Polygon", "coordinates": [ [ [ 140.207453261000012, 35.796612371 ], [ 140.207539523, 35.796682113 ], [ 140.207758818, 35.796576415 ], [ 140.207621158, 35.796470483 ], [ 140.207453261000012, 35.796612371 ] ] ] } },
{ "type": "Feature", "properties": { "fid": 7303, "daicho_shubetsu_cd": null, "layer": null, "fid_2": null, "事業年度": null, "物件番号": null, "GIS物件番号": false, "大字コード": null, "大字名": null, "小字コード": null, "小字名": null, "__EMPTY": null, "本番": null, "枝番": null, "子番": null, "孫番": false, "付番": false, "所在地番号": null, "農地管理番号": null, "耕地番号": null, "所在地名": null, "マッチングさせるデータ": null, "空散対象区分1": null, "空散対象区分2": null, "空散外面積1": null, "空散外面積2": false, "集計転作面積": null, "散布面積1": null, "散布面積2": false, "支払者集落": null, "支払者集落名": null, "支払者コード": null, "支払者名": null, "支払者住所": null, "支払者電話番号": null, "農地異動適用法": false, "農地異動適用法名": null, "利用集積計画番号": null, "適用法開始年月日": null, "適用法終了年月日": null, "備考": null, "所有者世帯番号": null, "所有者個人番号": null, "借受者世帯番号": null, "借受者個人番号": null, "農地予備数字１": false, "農地予備数字２": false, "農地予備数字３": false, "農地予備数字４": false, "農地予備数字５": false, "農地予備文字１": null, "農地予備文字２": null, "農地予備文字３": null, "農地予備文字４": null, "農地予備文字５": null, "手動一致フラグ": null, "計算面積（アール）": 6, "散布班": "18-①", "地区名": "2026印西市" }, "geometry": { "type": "Polygon", "coordinates": [ [ [ 140.208227884, 35.797770375 ], [ 140.208133993, 35.79763161 ], [ 140.20821087600001, 35.797581107 ], [ 140.208402189999987, 35.797498833 ], [ 140.208547057, 35.797605083 ], [ 140.208227884, 35.797770375 ] ] ] } },
{ "type": "Feature", "properties": { "fid": 7304, "daicho_shubetsu_cd": null, "layer": null, "fid_2": null, "事業年度": null, "物件番号": null, "GIS物件番号": false, "大字コード": null, "大字名": null, "小字コード": null, "小字名": null, "__EMPTY": null, "本番": null, "枝番": null, "子番": null, "孫番": false, "付番": false, "所在地番号": null, "農地管理番号": null, "耕地番号": null, "所在地名": null, "マッチングさせるデータ": null, "空散対象区分1": null, "空散対象区分2": null, "空散外面積1": null, "空散外面積2": false, "集計転作面積": null, "散布面積1": null, "散布面積2": false, "支払者集落": null, "支払者集落名": null, "支払者コード": null, "支払者名": null, "支払者住所": null, "支払者電話番号": null, "農地異動適用法": false, "農地異動適用法名": null, "利用集積計画番号": null, "適用法開始年月日": null, "適用法終了年月日": null, "備考": null, "所有者世帯番号": null, "所有者個人番号": null, "借受者世帯番号": null, "借受者個人番号": null, "農地予備数字１": false, "農地予備数字２": false, "農地予備数字３": false, "農地予備数字４": false, "農地予備数字５": false, "農地予備文字１": null, "農地予備文字２": null, "農地予備文字３": null, "農地予備文字４": null, "農地予備文字５": null, "手動一致フラグ": null, "計算面積（アール）": 3, "散布班": "18-①", "地区名": "2026印西市" }, "geometry": { "type": "Polygon", "coordinates": [ [ [ 140.20928651700001, 35.798604371 ], [ 140.209125112917945, 35.798690180418276 ], [ 140.209041011120121, 35.798550607221856 ], [ 140.209117955318135, 35.798489767623416 ], [ 140.209175216116677, 35.798464716024057 ], [ 140.20928651700001, 35.798604371 ] ] ] } },
{ "type": "Feature", "properties": { "fid": 7305, "daicho_shubetsu_cd": null, "layer": null, "fid_2": null, "事業年度": null, "物件番号": null, "GIS物件番号": false, "大字コード": null, "大字名": null, "小字コード": null, "小字名": null, "__EMPTY": null, "本番": null, "枝番": null, "子番": null, "孫番": false, "付番": false, "所在地番号": null, "農地管理番号": null, "耕地番号": null, "所在地名": null, "マッチングさせるデータ": null, "空散対象区分1": null, "空散対象区分2": null, "空散外面積1": null, "空散外面積2": false, "集計転作面積": null, "散布面積1": null, "散布面積2": false, "支払者集落": null, "支払者集落名": null, "支払者コード": null, "支払者名": null, "支払者住所": null, "支払者電話番号": null, "農地異動適用法": false, "農地異動適用法名": null, "利用集積計画番号": null, "適用法開始年月日": null, "適用法終了年月日": null, "備考": null, "所有者世帯番号": null, "所有者個人番号": null, "借受者世帯番号": null, "借受者個人番号": null, "農地予備数字１": false, "農地予備数字２": false, "農地予備数字３": false, "農地予備数字４": false, "農地予備数字５": false, "農地予備文字１": null, "農地予備文字２": null, "農地予備文字３": null, "農地予備文字４": null, "農地予備文字５": null, "手動一致フラグ": null, "計算面積（アール）": 7, "散布班": "18-④", "地区名": "2026印西市" }, "geometry": { "type": "Polygon", "coordinates": [ [ [ 140.218229579884337, 35.797424179950738 ], [ 140.218238526884107, 35.797289974954182 ], [ 140.218830211000011, 35.797445185 ], [ 140.218714507271898, 35.797551227347476 ], [ 140.218229579884337, 35.797424179950738 ] ] ] } },
{ "type": "Feature", "properties": { "fid": 7306, "daicho_shubetsu_cd": null, "layer": null, "fid_2": null, "事業年度": null, "物件番号": null, "GIS物件番号": false, "大字コード": null, "大字名": null, "小字コード": null, "小字名": null, "__EMPTY": null, "本番": null, "枝番": null, "子番": null, "孫番": false, "付番": false, "所在地番号": null, "農地管理番号": null, "耕地番号": null, "所在地名": null, "マッチングさせるデータ": null, "空散対象区分1": null, "空散対象区分2": null, "空散外面積1": null, "空散外面積2": false, "集計転作面積": null, "散布面積1": null, "散布面積2": false, "支払者集落": null, "支払者集落名": null, "支払者コード": null, "支払者名": null, "支払者住所": null, "支払者電話番号": null, "農地異動適用法": false, "農地異動適用法名": null, "利用集積計画番号": null, "適用法開始年月日": null, "適用法終了年月日": null, "備考": null, "所有者世帯番号": null, "所有者個人番号": null, "借受者世帯番号": null, "借受者個人番号": null, "農地予備数字１": false, "農地予備数字２": false, "農地予備数字３": false, "農地予備数字４": false, "農地予備数字５": false, "農地予備文字１": null, "農地予備文字２": null, "農地予備文字３": null, "農地予備文字４": null, "農地予備文字５": null, "手動一致フラグ": null, "計算面積（アール）": 9, "散布班": "18-⑨", "地区名": "2026印西市" }, "geometry": { "type": "Polygon", "coordinates": [ [ [ 140.245185203, 35.794583827 ], [ 140.245138576393856, 35.794518194425301 ], [ 140.246049380970504, 35.794004636638476 ], [ 140.246104616999986, 35.794072113 ], [ 140.245185203, 35.794583827 ] ] ] } }
]
}
