{
"type": "FeatureCollection",
"name": "大鳥居",
"crs": { "type": "name", "properties": { "name": "urn:ogc:def:crs:OGC:1.3:CRS84" } },
"features": [
{ "type": "Feature", "properties": { "fid": 1, "polygon_uuid": "192f8247-5780-4ddd-b6c6-00cc24041624", "AreaOnRegistry": "55", "Address": "千葉県袖ケ浦市大鳥居駒木662-6", "Tiban": "662-6", "dup_count": 3, "等分済み": 301.12426131032407 }, "geometry": { "type": "Polygon", "coordinates": [ [ [ 139.994966487, 35.394228194 ], [ 139.995097505, 35.394152201 ], [ 139.995120869289764, 35.394135958868461 ], [ 139.995120869289764, 35.393931153592298 ], [ 139.994889156, 35.394197043 ], [ 139.994966487, 35.394228194 ] ] ] } },
{ "type": "Feature", "properties": { "fid": 2, "polygon_uuid": "192f8247-5780-4ddd-b6c6-00cc24041624", "AreaOnRegistry": "634", "Address": "千葉県袖ケ浦市大鳥居駒木662-7", "Tiban": "662-7", "dup_count": 3, "等分済み": 301.12532429024577 }, "geometry": { "type": "Polygon", "coordinates": [ [ [ 139.995197671999989, 35.394082568 ], [ 139.995247652817852, 35.394058784608269 ], [ 139.995247652817852, 35.393785670365055 ], [ 139.995120869289764, 35.393931153592298 ], [ 139.995120869289764, 35.394135958868461 ], [ 139.995197671999989, 35.394082568 ] ] ] } },
{ "type": "Feature", "properties": { "fid": 3, "polygon_uuid": "192f8247-5780-4ddd-b6c6-00cc24041624", "AreaOnRegistry": "585", "Address": "千葉県袖ケ浦市大鳥居駒木662-5", "Tiban": "662-5", "dup_count": 3, "等分済み": 301.1244123019278 }, "geometry": { "type": "Polygon", "coordinates": [ [ [ 139.995270903, 35.394047721 ], [ 139.995382733000014, 35.394022299 ], [ 139.995359219, 35.393839107 ], [ 139.995293501, 35.393772855 ], [ 139.99525878, 35.393772902 ], [ 139.995247652817852, 35.393785670365055 ], [ 139.995247652817852, 35.394058784608269 ], [ 139.995270903, 35.394047721 ] ] ] } },
{ "type": "Feature", "properties": { "fid": 4, "polygon_uuid": "588fa028-6618-4065-9018-0135d58074c4", "AreaOnRegistry": "113", "Address": "千葉県袖ケ浦市大鳥居川岸28-1", "Tiban": "28-1", "dup_count": 1, "等分済み": 258.22814479842782 }, "geometry": { "type": "Polygon", "coordinates": [ [ [ 140.006758282, 35.390994595 ], [ 140.006595485, 35.391032937 ], [ 140.006662052, 35.391331987 ], [ 140.006758282, 35.390994595 ] ] ] } },
{ "type": "Feature", "properties": { "fid": 5, "polygon_uuid": "ee08876c-9d9f-464b-b7b3-01f4d96e6462", "AreaOnRegistry": "948", "Address": "千葉県袖ケ浦市大鳥居久保田722", "Tiban": "722", "dup_count": 1, "等分済み": 945.04341961536556 }, "geometry": { "type": "Polygon", "coordinates": [ [ [ 139.992807508, 35.392787767 ], [ 139.992818118, 35.392845057 ], [ 139.993390728, 35.392722365 ], [ 139.993335409, 35.392554985 ], [ 139.992828266, 35.3926674 ], [ 139.992867959, 35.392752181 ], [ 139.992807508, 35.392787767 ] ] ] } },
{ "type": "Feature", "properties": { "fid": 6, "polygon_uuid": "b16503df-3bf2-4d6a-901e-0206d574143f", "AreaOnRegistry": "710", "Address": "千葉県袖ケ浦市大鳥居久保田705-1", "Tiban": "705-1", "dup_count": 1, "等分済み": 663.56140507943928 }, "geometry": { "type": "Polygon", "coordinates": [ [ [ 139.994017609, 35.392611552 ], [ 139.994564596, 35.392497885 ], [ 139.994527925, 35.392385737 ], [ 139.993983146, 35.392497172 ], [ 139.994017609, 35.392611552 ] ] ] } },
{ "type": "Feature", "properties": { "fid": 7, "polygon_uuid": "87901ca4-ad54-485a-b99f-02c92a76b586", "AreaOnRegistry": "429", "Address": "千葉県袖ケ浦市大鳥居川原123-1", "Tiban": "123-1", "dup_count": 2, "等分済み": 372.68091500550508 }, "geometry": { "type": "Polygon", "coordinates": [ [ [ 140.004564396869739, 35.393566800476776 ], [ 140.004788950323928, 35.393566800476776 ], [ 140.004727019, 35.393386147 ], [ 140.004501871, 35.393430986 ], [ 140.004564396869739, 35.393566800476776 ] ] ] } },
{ "type": "Feature", "properties": { "fid": 8, "polygon_uuid": "87901ca4-ad54-485a-b99f-02c92a76b586", "AreaOnRegistry": "321", "Address": "千葉県袖ケ浦市大鳥居川原124-1", "Tiban": "124-1", "dup_count": 2, "等分済み": 372.68082429096103 }, "geometry": { "type": "Polygon", "coordinates": [ [ [ 140.004654026999987, 35.393761489 ], [ 140.004840339999987, 35.393716704 ], [ 140.004788950323928, 35.393566800476776 ], [ 140.004564396869739, 35.393566800476776 ], [ 140.004654026999987, 35.393761489 ] ] ] } },
{ "type": "Feature", "properties": { "fid": 9, "polygon_uuid": "36190e33-fe61-4be5-85a9-03f6bacee530", "AreaOnRegistry": "869", "Address": "千葉県袖ケ浦市大鳥居ミノワ533", "Tiban": "533", "dup_count": 1, "等分済み": 889.33894292078912 }, "geometry": { "type": "Polygon", "coordinates": [ [ [ 140.003418516000011, 35.391000218 ], [ 140.003541286, 35.391029353 ], [ 140.003576229, 35.391047467 ], [ 140.00371137, 35.390622353 ], [ 140.003447324, 35.390607124 ], [ 140.003418516000011, 35.391000218 ] ] ] } },
{ "type": "Feature", "properties": { "fid": 10, "polygon_uuid": "0d2fee34-0f16-4a66-a49d-053f3b154ee1", "AreaOnRegistry": "1305", "Address": "千葉県袖ケ浦市大鳥居宮ノ下615", "Tiban": "615", "dup_count": 2, "等分済み": 1271.0342215672135 }, "geometry": { "type": "Polygon", "coordinates": [ [ [ 139.998425738555056, 35.392099223871632 ], [ 139.998425738555056, 35.391650308946538 ], [ 139.998083134000012, 35.391722524 ], [ 139.998207425, 35.392146386 ], [ 139.998425738555056, 35.392099223871632 ] ] ] } },
{ "type": "Feature", "properties": { "fid": 11, "polygon_uuid": "0d2fee34-0f16-4a66-a49d-053f3b154ee1", "AreaOnRegistry": "998", "Address": "千葉県袖ケ浦市大鳥居宮ノ下614", "Tiban": "614", "dup_count": 2, "等分済み": 1271.0341148078442 }, "geometry": { "type": "Polygon", "coordinates": [ [ [ 139.998777181, 35.392023302 ], [ 139.998636956000013, 35.391605788 ], [ 139.998425738555056, 35.391650308946538 ], [ 139.998425738555056, 35.392099223871632 ], [ 139.998777181, 35.392023302 ] ] ] } },
{ "type": "Feature", "properties": { "fid": 12, "polygon_uuid": "7569f751-6efd-40f8-a76c-058f2e4dd83f", "AreaOnRegistry": "541", "Address": "千葉県袖ケ浦市大鳥居橋戸328-1", "Tiban": "328-1", "dup_count": 2, "等分済み": 625.42140156496316 }, "geometry": { "type": "Polygon", "coordinates": [ [ [ 139.995434381, 35.394209641 ], [ 139.995389276999987, 35.394355736 ], [ 139.995314745, 35.394379731 ], [ 139.995308345000012, 35.394422223 ], [ 139.99560331528005, 35.39455176793836 ], [ 139.99560331528005, 35.394250598642643 ], [ 139.995434381, 35.394209641 ] ] ] } },
{ "type": "Feature", "properties": { "fid": 13, "polygon_uuid": "7569f751-6efd-40f8-a76c-058f2e4dd83f", "AreaOnRegistry": "604", "Address": "千葉県袖ケ浦市大鳥居橋戸329", "Tiban": "329", "dup_count": 2, "等分済み": 625.42022409290075 }, "geometry": { "type": "Polygon", "coordinates": [ [ [ 139.995798084, 35.39447335 ], [ 139.995739334, 35.394283576 ], [ 139.99560331528005, 35.394250598642643 ], [ 139.99560331528005, 35.39455176793836 ], [ 139.995856829, 35.394663106 ], [ 139.995798084, 35.39447335 ] ] ] } },
{ "type": "Feature", "properties": { "fid": 14, "polygon_uuid": "846d9e39-98fc-49c6-af0a-06b634aac428", "AreaOnRegistry": "1017", "Address": "千葉県袖ケ浦市大鳥居中戸145-1", "Tiban": "145-1", "dup_count": 1, "等分済み": 1062.5612764321268 }, "geometry": { "type": "Polygon", "coordinates": [ [ [ 140.003392908, 35.393083176 ], [ 140.00287691, 35.393194895 ], [ 140.002929405, 35.393378885 ], [ 140.003465057999989, 35.393270293 ], [ 140.00343254500001, 35.393158701 ], [ 140.003392908, 35.393083176 ] ] ] } },
{ "type": "Feature", "properties": { "fid": 15, "polygon_uuid": "9d93e4e2-2365-46e1-b8e2-070effd575d4", "AreaOnRegistry": "1024", "Address": "千葉県袖ケ浦市大鳥居中戸181", "Tiban": "181", "dup_count": 2, "等分済み": 1038.2551847174764 }, "geometry": { "type": "Polygon", "coordinates": [ [ [ 140.002368022436713, 35.394864081315056 ], [ 140.002368022436713, 35.394478466313899 ], [ 140.002044292, 35.39455063 ], [ 140.002157203, 35.394910723 ], [ 140.002368022436713, 35.394864081315056 ] ] ] } },
{ "type": "Feature", "properties": { "fid": 16, "polygon_uuid": "9d93e4e2-2365-46e1-b8e2-070effd575d4", "AreaOnRegistry": "1024", "Address": "千葉県袖ケ浦市大鳥居中戸182-1", "Tiban": "182-1", "dup_count": 2, "等分済み": 1038.2551687434316 }, "geometry": { "type": "Polygon", "coordinates": [ [ [ 140.002691121, 35.394792599 ], [ 140.002578882, 35.394431463 ], [ 140.002368022436713, 35.394478466313899 ], [ 140.002368022436713, 35.394864081315056 ], [ 140.002691121, 35.394792599 ] ] ] } },
{ "type": "Feature", "properties": { "fid": 17, "polygon_uuid": "f4ad7812-0222-4a77-9cb4-07479dc41415", "AreaOnRegistry": "823", "Address": "千葉県袖ケ浦市大鳥居宮ノ下580-1", "Tiban": "580-1", "dup_count": 2, "等分済み": 731.28840463235974 }, "geometry": { "type": "Polygon", "coordinates": [ [ [ 140.000592694, 35.391246188 ], [ 140.000742473570796, 35.39121287850454 ], [ 140.000742473570796, 35.391003890179419 ], [ 140.000363907, 35.391086325 ], [ 140.000429371, 35.391282509 ], [ 140.000592694, 35.391246188 ] ] ] } },
{ "type": "Feature", "properties": { "fid": 18, "polygon_uuid": "f4ad7812-0222-4a77-9cb4-07479dc41415", "AreaOnRegistry": "449", "Address": "千葉県袖ケ浦市大鳥居宮ノ下580-2", "Tiban": "580-2", "dup_count": 2, "等分済み": 731.28987600993059 }, "geometry": { "type": "Polygon", "coordinates": [ [ [ 140.001084420000012, 35.391136833 ], [ 140.001099412, 35.391017003 ], [ 140.001099355, 35.390989547 ], [ 140.001071803, 35.390932177 ], [ 140.000742473570796, 35.391003890179419 ], [ 140.000742473570796, 35.39121287850454 ], [ 140.001084420000012, 35.391136833 ] ] ] } },
{ "type": "Feature", "properties": { "fid": 19, "polygon_uuid": "06db759a-fa82-4e1c-a453-08172f61f3af", "AreaOnRegistry": "1024", "Address": "千葉県袖ケ浦市大鳥居八幡向208", "Tiban": "208", "dup_count": 1, "等分済み": 986.97875917330384 }, "geometry": { "type": "Polygon", "coordinates": [ [ [ 140.000586863, 35.393864795 ], [ 140.001116677, 35.393770395 ], [ 140.001058441999987, 35.393583227 ], [ 140.000535609999986, 35.393702051 ], [ 140.000586863, 35.393864795 ] ] ] } },
{ "type": "Feature", "properties": { "fid": 20, "polygon_uuid": "b2a25197-0e11-4a66-b7d1-0838581e3a41", "AreaOnRegistry": "1024", "Address": "千葉県袖ケ浦市大鳥居橋戸295", "Tiban": "295", "dup_count": 2, "等分済み": 569.5234929472208 }, "geometry": { "type": "Polygon", "coordinates": [ [ [ 139.997833629000013, 35.395024758 ], [ 139.997890609, 35.395209249 ], [ 139.998142839499621, 35.395159520489784 ], [ 139.998142839499621, 35.394953703574011 ], [ 139.997833629000013, 35.395024758 ] ] ] } },
{ "type": "Feature", "properties": { "fid": 21, "polygon_uuid": "b2a25197-0e11-4a66-b7d1-0838581e3a41", "AreaOnRegistry": "224", "Address": "千葉県袖ケ浦市大鳥居橋戸294-2", "Tiban": "294-2", "dup_count": 2, "等分済み": 569.52350601181388 }, "geometry": { "type": "Polygon", "coordinates": [ [ [ 139.998380978, 35.394898981 ], [ 139.998142839499621, 35.394953703574011 ], [ 139.998142839499621, 35.395159520489784 ], [ 139.998442458999989, 35.395100449 ], [ 139.998380978, 35.394898981 ] ] ] } },
{ "type": "Feature", "properties": { "fid": 22, "polygon_uuid": "a7dcc19b-aa39-41d3-bedc-08a2a73012e0", "AreaOnRegistry": "740", "Address": "千葉県袖ケ浦市大鳥居下峯565", "Tiban": "565", "dup_count": 1, "等分済み": 795.48223786242306 }, "geometry": { "type": "Polygon", "coordinates": [ [ [ 140.000971136, 35.390623003 ], [ 140.001436508000012, 35.390577301 ], [ 140.00151581, 35.39057211 ], [ 140.001509919, 35.390399503 ], [ 140.001237998, 35.390445959 ], [ 140.001089133, 35.39049249 ], [ 140.000928657, 35.390542467 ], [ 140.000971136, 35.390623003 ] ] ] } },
{ "type": "Feature", "properties": { "fid": 23, "polygon_uuid": "f7018504-586b-43d4-88ac-08ac2a8ed8de", "AreaOnRegistry": "1024", "Address": "千葉県袖ケ浦市大鳥居中戸169", "Tiban": "169", "dup_count": 1, "等分済み": 1009.4536485895514 }, "geometry": { "type": "Polygon", "coordinates": [ [ [ 140.002403178, 35.393673095 ], [ 140.00295044, 35.393570835 ], [ 140.00289509800001, 35.39338885 ], [ 140.0023602, 35.393504715 ], [ 140.002403178, 35.393673095 ] ] ] } },
{ "type": "Feature", "properties": { "fid": 24, "polygon_uuid": "849d21a0-966c-4b0c-87fc-096eb8a3f75c", "AreaOnRegistry": "1024", "Address": "千葉県袖ケ浦市大鳥居中戸149", "Tiban": "149", "dup_count": 1, "等分済み": 962.97479199245572 }, "geometry": { "type": "Polygon", "coordinates": [ [ [ 140.003676758000012, 35.393993674 ], [ 140.003625756, 35.393828938 ], [ 140.003082548, 35.393940448 ], [ 140.003142159, 35.394107185 ], [ 140.003676758000012, 35.393993674 ] ] ] } },
{ "type": "Feature", "properties": { "fid": 25, "polygon_uuid": "ca479ae7-7c77-43af-a65c-09e13962817e", "AreaOnRegistry": "1024", "Address": "千葉県袖ケ浦市大鳥居駒木334", "Tiban": "334", "dup_count": 3, "等分済み": 1067.5612865034491 }, "geometry": { "type": "Polygon", "coordinates": [ [ [ 139.993859357, 35.393608649 ], [ 139.993862653370144, 35.393609371021824 ], [ 139.993862653370144, 35.393075552888895 ], [ 139.993569122, 35.393135255 ], [ 139.993690727, 35.393518915 ], [ 139.993859357, 35.393608649 ] ] ] } },
{ "type": "Feature", "properties": { "fid": 26, "polygon_uuid": "ca479ae7-7c77-43af-a65c-09e13962817e", "AreaOnRegistry": "1024", "Address": "千葉県袖ケ浦市大鳥居駒木333", "Tiban": "333", "dup_count": 3, "等分済み": 1067.5618942799047 }, "geometry": { "type": "Polygon", "coordinates": [ [ [ 139.993954611, 35.393629513 ], [ 139.994031548, 35.393647403 ], [ 139.994047486209155, 35.393647716354138 ], [ 139.994047486209155, 35.393037959255601 ], [ 139.993862653370144, 35.393075552888895 ], [ 139.993862653370144, 35.393609371021824 ], [ 139.993954611, 35.393629513 ] ] ] } },
{ "type": "Feature", "properties": { "fid": 27, "polygon_uuid": "ca479ae7-7c77-43af-a65c-09e13962817e", "AreaOnRegistry": "852", "Address": "千葉県袖ケ浦市大鳥居駒木332", "Tiban": "332", "dup_count": 3, "等分済み": 1067.5617062561214 }, "geometry": { "type": "Polygon", "coordinates": [ [ [ 139.994174372, 35.393650211 ], [ 139.994317196, 35.393653019 ], [ 139.994118198, 35.393023577 ], [ 139.994047486209155, 35.393037959255601 ], [ 139.994047486209155, 35.393647716354138 ], [ 139.994174372, 35.393650211 ] ] ] } },
{ "type": "Feature", "properties": { "fid": 28, "polygon_uuid": "3d4d4dee-3e8e-4766-97ac-0a8d5deda052", "AreaOnRegistry": "1024", "Address": "千葉県袖ケ浦市大鳥居橋戸283", "Tiban": "283", "dup_count": 1, "等分済み": 1078.3344787918031 }, "geometry": { "type": "Polygon", "coordinates": [ [ [ 139.998629795, 35.395622628 ], [ 139.999178575, 35.395511485 ], [ 139.999121451, 35.395326029 ], [ 139.998574307000013, 35.395440814 ], [ 139.998629795, 35.395622628 ] ] ] } },
{ "type": "Feature", "properties": { "fid": 29, "polygon_uuid": "f96dbb7c-4fdc-4061-8a1f-0b7e615e9684", "AreaOnRegistry": "1024", "Address": "千葉県袖ケ浦市大鳥居久保田692", "Tiban": "692", "dup_count": 1, "等分済み": 763.54547023028135 }, "geometry": { "type": "Polygon", "coordinates": [ [ [ 139.995158626, 35.392384099 ], [ 139.995119173, 35.392256536 ], [ 139.994559514, 35.392372542 ], [ 139.994599446, 35.392499389 ], [ 139.995158626, 35.392384099 ] ] ] } },
{ "type": "Feature", "properties": { "fid": 30, "polygon_uuid": "f7bd60e8-b896-4daa-b482-0b93528e8283", "AreaOnRegistry": "1024", "Address": "千葉県袖ケ浦市大鳥居下の栄462", "Tiban": "462", "dup_count": 3, "等分済み": 1083.9467247650027 }, "geometry": { "type": "Polygon", "coordinates": [ [ [ 139.998480392335097, 35.39270159232268 ], [ 139.998480392335097, 35.392126348250216 ], [ 139.998210543, 35.392181076 ], [ 139.998376248, 35.392722487 ], [ 139.998480392335097, 35.39270159232268 ] ] ] } },
{ "type": "Feature", "properties": { "fid": 31, "polygon_uuid": "f7bd60e8-b896-4daa-b482-0b93528e8283", "AreaOnRegistry": "1024", "Address": "千葉県袖ケ浦市大鳥居下の栄461", "Tiban": "461", "dup_count": 3, "等分済み": 1083.9471270740032 }, "geometry": { "type": "Polygon", "coordinates": [ [ [ 139.998667270162684, 35.392664098666387 ], [ 139.998667270162684, 35.392088447830773 ], [ 139.998480392335097, 35.392126348250216 ], [ 139.998480392335097, 35.39270159232268 ], [ 139.998667270162684, 35.392664098666387 ] ] ] } },
{ "type": "Feature", "properties": { "fid": 32, "polygon_uuid": "f7bd60e8-b896-4daa-b482-0b93528e8283", "AreaOnRegistry": "1024", "Address": "千葉県袖ケ浦市大鳥居下の栄460", "Tiban": "460", "dup_count": 3, "等分済み": 1083.9462708234787 }, "geometry": { "type": "Polygon", "coordinates": [ [ [ 139.998939932000013, 35.392609394 ], [ 139.998768128, 35.392067993 ], [ 139.998667270162684, 35.392088447830773 ], [ 139.998667270162684, 35.392664098666387 ], [ 139.998939932000013, 35.392609394 ] ] ] } },
{ "type": "Feature", "properties": { "fid": 33, "polygon_uuid": "a7ffd8ff-0cec-4628-b914-0bf1e5ecd828", "AreaOnRegistry": "1024", "Address": "千葉県袖ケ浦市大鳥居久保田702", "Tiban": "702", "dup_count": 1, "等分済み": 534.56891658715904 }, "geometry": { "type": "Polygon", "coordinates": [ [ [ 139.993896719, 35.392221735 ], [ 139.994436207, 35.392096279 ], [ 139.994407706, 35.392004385 ], [ 139.993867331, 35.392130676 ], [ 139.993896719, 35.392221735 ] ] ] } },
{ "type": "Feature", "properties": { "fid": 34, "polygon_uuid": "2aac6cc9-1097-4df3-a206-0d106658e7fb", "AreaOnRegistry": "1024", "Address": "千葉県袖ケ浦市大鳥居川岸55", "Tiban": "55", "dup_count": 2, "等分済み": 1001.0657282099128 }, "geometry": { "type": "Polygon", "coordinates": [ [ [ 140.005967686605743, 35.392151993498771 ], [ 140.005967686605743, 35.391737200810041 ], [ 140.005599657, 35.391814146 ], [ 140.005645146, 35.391959003 ], [ 140.005753842, 35.391939768 ], [ 140.005828134000012, 35.392178161 ], [ 140.005967686605743, 35.392151993498771 ] ] ] } },
{ "type": "Feature", "properties": { "fid": 35, "polygon_uuid": "2aac6cc9-1097-4df3-a206-0d106658e7fb", "AreaOnRegistry": "1140", "Address": "千葉県袖ケ浦市大鳥居川岸54", "Tiban": "54", "dup_count": 2, "等分済み": 1001.0661388486624 }, "geometry": { "type": "Polygon", "coordinates": [ [ [ 140.006268116, 35.39209566 ], [ 140.00614338, 35.391700468 ], [ 140.005967686605743, 35.391737200810041 ], [ 140.005967686605743, 35.392151993498771 ], [ 140.006268116, 35.39209566 ] ] ] } },
{ "type": "Feature", "properties": { "fid": 36, "polygon_uuid": "2bef76d1-8763-43f4-ba82-0da31204085a", "AreaOnRegistry": "512", "Address": "千葉県袖ケ浦市大鳥居中戸180-2", "Tiban": "180-2", "dup_count": 2, "等分済み": 519.22990194708109 }, "geometry": { "type": "Polygon", "coordinates": [ [ [ 140.002281922267969, 35.394497659151043 ], [ 140.002281922267969, 35.394305242817389 ], [ 140.001987173, 35.394368465 ], [ 140.002044292, 35.39455063 ], [ 140.002281922267969, 35.394497659151043 ] ] ] } },
{ "type": "Feature", "properties": { "fid": 37, "polygon_uuid": "2bef76d1-8763-43f4-ba82-0da31204085a", "AreaOnRegistry": "512", "Address": "千葉県袖ケ浦市大鳥居中戸180-1", "Tiban": "180-1", "dup_count": 2, "等分済み": 519.22991451248527 }, "geometry": { "type": "Polygon", "coordinates": [ [ [ 140.002578882, 35.394431463 ], [ 140.002523545, 35.394253416 ], [ 140.002281922267969, 35.394305242817389 ], [ 140.002281922267969, 35.394497659151043 ], [ 140.002578882, 35.394431463 ] ] ] } },
{ "type": "Feature", "properties": { "fid": 38, "polygon_uuid": "b58fe1e7-a473-4850-bf83-0e6577d70e96", "AreaOnRegistry": "911", "Address": "千葉県袖ケ浦市大鳥居西村521-1", "Tiban": "521-1", "dup_count": 1, "等分済み": 810.40495551377535 }, "geometry": { "type": "Polygon", "coordinates": [ [ [ 140.004350736, 35.3920258 ], [ 140.00429804, 35.391865371 ], [ 140.003808877000012, 35.391983651 ], [ 140.00388059, 35.392129655 ], [ 140.004350736, 35.3920258 ] ] ] } },
{ "type": "Feature", "properties": { "fid": 39, "polygon_uuid": "33110f84-2e42-4de2-adae-0f1dcd852e68", "AreaOnRegistry": "2297", "Address": "千葉県木更津市椿東982", "Tiban": "982", "dup_count": 1, "等分済み": 2343.6461910493672 }, "geometry": { "type": "Polygon", "coordinates": [ [ [ 139.993651196, 35.391423258 ], [ 139.994061425000012, 35.391338195 ], [ 139.993980499, 35.390805033 ], [ 139.993566528, 35.390859916 ], [ 139.993595203000012, 35.391069161 ], [ 139.993651196, 35.391423258 ] ] ] } },
{ "type": "Feature", "properties": { "fid": 40, "polygon_uuid": "69029486-8ae2-46b6-85a1-10e66df98a30", "AreaOnRegistry": null, "Address": null, "Tiban": null, "dup_count": 1, "等分済み": 460.04298708215356 }, "geometry": { "type": "Polygon", "coordinates": [ [ [ 140.000271817999987, 35.392908358 ], [ 140.000245032, 35.392825674 ], [ 139.999713501, 35.392945889 ], [ 139.999738848, 35.393023196 ], [ 140.000271817999987, 35.392908358 ] ] ] } },
{ "type": "Feature", "properties": { "fid": 41, "polygon_uuid": "d3ba37c8-90e7-4d1b-8a9c-1101e0cd975f", "AreaOnRegistry": "1024", "Address": "千葉県袖ケ浦市大鳥居八幡向265", "Tiban": "265", "dup_count": 1, "等分済み": 1062.5354206226766 }, "geometry": { "type": "Polygon", "coordinates": [ [ [ 139.999724869, 35.395205772 ], [ 139.99966901, 35.395028712 ], [ 139.999118835, 35.395133603 ], [ 139.999177369, 35.395318059 ], [ 139.999724869, 35.395205772 ] ] ] } },
{ "type": "Feature", "properties": { "fid": 42, "polygon_uuid": "15d9e1de-c3d0-44f4-b816-113cd65d86ad", "AreaOnRegistry": "509", "Address": "千葉県袖ケ浦市大鳥居西村503-1", "Tiban": "503-1", "dup_count": 2, "等分済み": 585.02519007772207 }, "geometry": { "type": "Polygon", "coordinates": [ [ [ 140.002922796028173, 35.392757027410653 ], [ 140.002922796028173, 35.392363767638834 ], [ 140.002714515, 35.392409721 ], [ 140.002834244000013, 35.392773436 ], [ 140.002922796028173, 35.392757027410653 ] ] ] } },
{ "type": "Feature", "properties": { "fid": 43, "polygon_uuid": "15d9e1de-c3d0-44f4-b816-113cd65d86ad", "AreaOnRegistry": "589", "Address": "千葉県袖ケ浦市大鳥居西村504-1", "Tiban": "504-1", "dup_count": 2, "等分済み": 585.02504486590624 }, "geometry": { "type": "Polygon", "coordinates": [ [ [ 140.00317702000001, 35.39270992 ], [ 140.002962833999987, 35.392354934 ], [ 140.002922796028173, 35.392363767638834 ], [ 140.002922796028173, 35.392757027410653 ], [ 140.00317702000001, 35.39270992 ] ] ] } },
{ "type": "Feature", "properties": { "fid": 44, "polygon_uuid": "4a518345-bae9-4f41-af0d-115e58bb954c", "AreaOnRegistry": "459", "Address": "千葉県袖ケ浦市大鳥居下峯577-1", "Tiban": "577-1", "dup_count": 1, "等分済み": 550.995405241556 }, "geometry": { "type": "Polygon", "coordinates": [ [ [ 140.001855539, 35.391212045 ], [ 140.001837649, 35.391214164 ], [ 140.001640517, 35.391237518 ], [ 140.001659620999988, 35.391349877 ], [ 140.001683312000011, 35.391489208 ], [ 140.001773593, 35.391474921 ], [ 140.001863856, 35.391452767 ], [ 140.001906088999988, 35.391433827 ], [ 140.001855698000014, 35.391226205 ], [ 140.001855539, 35.391212045 ] ] ] } },
{ "type": "Feature", "properties": { "fid": 45, "polygon_uuid": "36dfe0e7-ff12-488e-a53e-118e95d068ad", "AreaOnRegistry": "1010", "Address": "千葉県袖ケ浦市大鳥居橋戸299", "Tiban": "299", "dup_count": 3, "等分済み": 1030.1393546164036 }, "geometry": { "type": "Polygon", "coordinates": [ [ [ 139.997615270000011, 35.394317726 ], [ 139.997776075, 35.394838403 ], [ 139.99787988501032, 35.394816815974337 ], [ 139.99787988501032, 35.394261735806943 ], [ 139.997615270000011, 35.394317726 ] ] ] } },
{ "type": "Feature", "properties": { "fid": 46, "polygon_uuid": "36dfe0e7-ff12-488e-a53e-118e95d068ad", "AreaOnRegistry": "1024", "Address": "千葉県袖ケ浦市大鳥居橋戸298", "Tiban": "298", "dup_count": 3, "等分済み": 1030.1397497653961 }, "geometry": { "type": "Polygon", "coordinates": [ [ [ 139.99787988501032, 35.394261735806943 ], [ 139.99787988501032, 35.394816815974337 ], [ 139.998063896444791, 35.394778551268011 ], [ 139.998063896444791, 35.394222800616809 ], [ 139.99787988501032, 35.394261735806943 ] ] ] } },
{ "type": "Feature", "properties": { "fid": 47, "polygon_uuid": "36dfe0e7-ff12-488e-a53e-118e95d068ad", "AreaOnRegistry": "1024", "Address": "千葉県袖ケ浦市大鳥居橋戸297", "Tiban": "297", "dup_count": 3, "等分済み": 1030.1389959156513 }, "geometry": { "type": "Polygon", "coordinates": [ [ [ 139.998167916, 35.394200791 ], [ 139.998063896444791, 35.394222800616809 ], [ 139.998063896444791, 35.394778551268011 ], [ 139.998327498, 35.394723736 ], [ 139.998167916, 35.394200791 ] ] ] } },
{ "type": "Feature", "properties": { "fid": 48, "polygon_uuid": "0e1980aa-50a2-4dd5-b55f-1380ae034f86", "AreaOnRegistry": "938", "Address": "千葉県袖ケ浦市大鳥居川岸72", "Tiban": "72", "dup_count": 1, "等分済み": 1114.3371256927931 }, "geometry": { "type": "Polygon", "coordinates": [ [ [ 140.004897991, 35.390798798 ], [ 140.005087731, 35.390766529 ], [ 140.004866908999986, 35.390261684 ], [ 140.00479557700001, 35.390287837 ], [ 140.004647315, 35.390338479 ], [ 140.004731572999987, 35.390469026 ], [ 140.004731627000012, 35.390494242 ], [ 140.004897991, 35.390798798 ] ] ] } },
{ "type": "Feature", "properties": { "fid": 49, "polygon_uuid": "5c8d36d1-9b51-4d58-b53b-13e258bb613d", "AreaOnRegistry": "1024", "Address": "千葉県袖ケ浦市大鳥居中戸164", "Tiban": "164", "dup_count": 1, "等分済み": 920.15486671216786 }, "geometry": { "type": "Polygon", "coordinates": [ [ [ 140.003112539999989, 35.394101828 ], [ 140.003065908, 35.393937166 ], [ 140.002539176, 35.394048695 ], [ 140.00257868, 35.394210453 ], [ 140.003112539999989, 35.394101828 ] ] ] } },
{ "type": "Feature", "properties": { "fid": 50, "polygon_uuid": "4adda471-7f22-4501-b473-13eed3efac81", "AreaOnRegistry": "1024", "Address": "千葉県袖ケ浦市大鳥居川岸58", "Tiban": "58", "dup_count": 1, "等分済み": 1387.7686964012682 }, "geometry": { "type": "Polygon", "coordinates": [ [ [ 140.005503474, 35.391493171 ], [ 140.006044723, 35.391387901 ], [ 140.005966820999987, 35.391141087 ], [ 140.005433114, 35.391258366 ], [ 140.005503474, 35.391493171 ] ] ] } },
{ "type": "Feature", "properties": { "fid": 51, "polygon_uuid": "ac54b2aa-55a0-40ab-9e4d-143f9b8606db", "AreaOnRegistry": "998", "Address": "千葉県袖ケ浦市大鳥居宮ノ下613", "Tiban": "613", "dup_count": 3, "等分済み": 1118.9039005115628 }, "geometry": { "type": "Polygon", "coordinates": [ [ [ 139.998899342720193, 35.391999641604485 ], [ 139.998899342720193, 35.391413207855301 ], [ 139.998618407, 35.391475564 ], [ 139.998799832, 35.392017828 ], [ 139.998899342720193, 35.391999641604485 ] ] ] } },
{ "type": "Feature", "properties": { "fid": 52, "polygon_uuid": "ac54b2aa-55a0-40ab-9e4d-143f9b8606db", "AreaOnRegistry": "1024", "Address": "千葉県袖ケ浦市大鳥居宮ノ下611", "Tiban": "611", "dup_count": 3, "等分済み": 1118.9043556600809 }, "geometry": { "type": "Polygon", "coordinates": [ [ [ 139.999087449188153, 35.39196526361367 ], [ 139.999087449188153, 35.391371455976525 ], [ 139.998899342720193, 35.391413207855301 ], [ 139.998899342720193, 35.391999641604485 ], [ 139.999087449188153, 35.39196526361367 ] ] ] } },
{ "type": "Feature", "properties": { "fid": 53, "polygon_uuid": "ac54b2aa-55a0-40ab-9e4d-143f9b8606db", "AreaOnRegistry": "1024", "Address": "千葉県袖ケ浦市大鳥居宮ノ下612", "Tiban": "612", "dup_count": 3, "等分済み": 1118.903435960412 }, "geometry": { "type": "Polygon", "coordinates": [ [ [ 139.999368611, 35.391913879 ], [ 139.999178475, 35.391351252 ], [ 139.999087449188153, 35.391371455976525 ], [ 139.999087449188153, 35.39196526361367 ], [ 139.999368611, 35.391913879 ] ] ] } },
{ "type": "Feature", "properties": { "fid": 54, "polygon_uuid": "be7aee1c-aacb-47ab-81c0-146d91a6704c", "AreaOnRegistry": "1005", "Address": "千葉県袖ケ浦市大鳥居橋戸292-1", "Tiban": "292-1", "dup_count": 1, "等分済み": 1035.5838243439794 }, "geometry": { "type": "Polygon", "coordinates": [ [ [ 139.998046786, 35.39571493 ], [ 139.998121765, 35.395747687 ], [ 139.998604617000012, 35.395631824 ], [ 139.998552851, 35.39546219 ], [ 139.998003399999988, 35.395574454 ], [ 139.998046786, 35.39571493 ] ] ] } },
{ "type": "Feature", "properties": { "fid": 55, "polygon_uuid": "93d033bb-3cec-406a-ab9f-157d259f5b40", "AreaOnRegistry": "238", "Address": "千葉県袖ケ浦市大鳥居西村502-2", "Tiban": "502-2", "dup_count": 2, "等分済み": 148.27271174266934 }, "geometry": { "type": "Polygon", "coordinates": [ [ [ 140.002826448635375, 35.392359369007956 ], [ 140.002826448635375, 35.392249793724034 ], [ 140.002633888, 35.392338204 ], [ 140.002679496000013, 35.392386426 ], [ 140.002826448635375, 35.392359369007956 ] ] ] } },
{ "type": "Feature", "properties": { "fid": 56, "polygon_uuid": "93d033bb-3cec-406a-ab9f-157d259f5b40", "AreaOnRegistry": "128", "Address": "千葉県袖ケ浦市大鳥居西村502-1", "Tiban": "502-1", "dup_count": 2, "等分済み": 148.27271426469088 }, "geometry": { "type": "Polygon", "coordinates": [ [ [ 140.002975009000011, 35.392332016 ], [ 140.002913809, 35.392209684 ], [ 140.002826448635375, 35.392249793724034 ], [ 140.002826448635375, 35.392359369007956 ], [ 140.002975009000011, 35.392332016 ] ] ] } },
{ "type": "Feature", "properties": { "fid": 57, "polygon_uuid": "9a062b6b-552a-4fc7-b34f-15f74e3a85a0", "AreaOnRegistry": null, "Address": null, "Tiban": null, "dup_count": 1, "等分済み": 865.83479108661413 }, "geometry": { "type": "Polygon", "coordinates": [ [ [ 140.005748369, 35.390237696 ], [ 140.005999939, 35.390185086 ], [ 140.005884040000012, 35.38985534 ], [ 140.005646851, 35.389913925 ], [ 140.005748369, 35.390237696 ] ] ] } },
{ "type": "Feature", "properties": { "fid": 58, "polygon_uuid": "506a737a-c7a9-4415-9908-198bba2d8a91", "AreaOnRegistry": "643", "Address": "千葉県袖ケ浦市大鳥居宮ノ下616", "Tiban": "616", "dup_count": 1, "等分済み": 755.34030105173588 }, "geometry": { "type": "Polygon", "coordinates": [ [ [ 139.998636956000013, 35.391605788 ], [ 139.998592648, 35.391473864 ], [ 139.998047066, 35.391599525 ], [ 139.998083134000012, 35.391722524 ], [ 139.998636956000013, 35.391605788 ] ] ] } },
{ "type": "Feature", "properties": { "fid": 59, "polygon_uuid": "29540f8d-27a1-404e-84da-19e9c8e01f88", "AreaOnRegistry": null, "Address": null, "Tiban": null, "dup_count": 1, "等分済み": 254.62150667048991 }, "geometry": { "type": "Polygon", "coordinates": [ [ [ 140.002071259, 35.391397408 ], [ 140.002048847999987, 35.391335604 ], [ 140.002005796, 35.391332988 ], [ 140.001924861, 35.391221388 ], [ 140.001855698000014, 35.391226205 ], [ 140.001906088999988, 35.391433827 ], [ 140.001940671, 35.391432205 ], [ 140.001994444, 35.391417969 ], [ 140.002071259, 35.391397408 ] ] ] } },
{ "type": "Feature", "properties": { "fid": 60, "polygon_uuid": "690a44e4-955e-4304-85f8-1a6f77c8b060", "AreaOnRegistry": "1024", "Address": "千葉県袖ケ浦市大鳥居下の栄484-1", "Tiban": "484-1", "dup_count": 1, "等分済み": 778.92764944583178 }, "geometry": { "type": "Polygon", "coordinates": [ [ [ 140.000094299000011, 35.392173748 ], [ 140.000376763, 35.392115509 ], [ 140.000593987, 35.39207072 ], [ 140.000547956, 35.391921023 ], [ 140.000319123, 35.39197278 ], [ 140.000048289, 35.392034034 ], [ 140.000094299000011, 35.392173748 ] ] ] } },
{ "type": "Feature", "properties": { "fid": 61, "polygon_uuid": "975aee42-8d25-4efc-98e6-1a814e4ddb68", "AreaOnRegistry": "1024", "Address": "千葉県袖ケ浦市大鳥居下の栄400", "Tiban": "400", "dup_count": 1, "等分済み": 1052.5599514059722 }, "geometry": { "type": "Polygon", "coordinates": [ [ [ 139.997947661000012, 35.393386451 ], [ 139.997890539999986, 35.39320496 ], [ 139.997344284, 35.393319622 ], [ 139.997400035999988, 35.39349677 ], [ 139.997947661000012, 35.393386451 ] ] ] } },
{ "type": "Feature", "properties": { "fid": 62, "polygon_uuid": "0e4af29b-b5cf-407c-ac2b-1a8c9d5bcc57", "AreaOnRegistry": "571", "Address": "千葉県袖ケ浦市大鳥居久保田939", "Tiban": "939", "dup_count": 2, "等分済み": 928.91072597261518 }, "geometry": { "type": "Polygon", "coordinates": [ [ [ 139.994561714000014, 35.391278174 ], [ 139.994434453999986, 35.391302036 ], [ 139.994301420999989, 35.391333014 ], [ 139.994249449, 35.391387576 ], [ 139.994333884000014, 35.391652822 ], [ 139.994571236928778, 35.391600634787977 ], [ 139.994571236928778, 35.391275723059373 ], [ 139.994561714000014, 35.391278174 ] ] ] } },
{ "type": "Feature", "properties": { "fid": 63, "polygon_uuid": "0e4af29b-b5cf-407c-ac2b-1a8c9d5bcc57", "AreaOnRegistry": "872", "Address": "千葉県袖ケ浦市大鳥居久保田697-1", "Tiban": "697-1", "dup_count": 2, "等分済み": 928.9096857085824 }, "geometry": { "type": "Polygon", "coordinates": [ [ [ 139.994790118, 35.391192574 ], [ 139.994720753, 35.391230576 ], [ 139.994654253, 35.391254357 ], [ 139.994571236928778, 35.391275723059373 ], [ 139.994571236928778, 35.391600634787977 ], [ 139.994894347000013, 35.391529592 ], [ 139.994790118, 35.391192574 ] ] ] } },
{ "type": "Feature", "properties": { "fid": 64, "polygon_uuid": "153f729a-2830-4d00-a45c-1b0b2bb65001", "AreaOnRegistry": "1024", "Address": "千葉県袖ケ浦市大鳥居宮ノ下608", "Tiban": "608", "dup_count": 1, "等分済み": 1044.055703856051 }, "geometry": { "type": "Polygon", "coordinates": [ [ [ 139.998495706999989, 35.391108822 ], [ 139.999055410000011, 35.39098709 ], [ 139.998996514999988, 35.390812812 ], [ 139.99845000900001, 35.390931274 ], [ 139.998495706999989, 35.391108822 ] ] ] } },
{ "type": "Feature", "properties": { "fid": 65, "polygon_uuid": "66cde166-7bc4-483b-8cc7-1b2d733901d4", "AreaOnRegistry": "667", "Address": "千葉県袖ケ浦市大鳥居川原114-1", "Tiban": "114-1", "dup_count": 1, "等分済み": 718.04138929396868 }, "geometry": { "type": "Polygon", "coordinates": [ [ [ 140.004531306, 35.392658207 ], [ 140.004472685, 35.392483391 ], [ 140.004076734, 35.392560271 ], [ 140.00418584, 35.392735016 ], [ 140.004531306, 35.392658207 ] ] ] } },
{ "type": "Feature", "properties": { "fid": 66, "polygon_uuid": "8322890a-d607-4963-97de-1ba0d5ba87b4", "AreaOnRegistry": "1024", "Address": "千葉県袖ケ浦市大鳥居八幡向254", "Tiban": "254", "dup_count": 4, "等分済み": 651.75135315209627 }, "geometry": { "type": "Polygon", "coordinates": [ [ [ 139.999859910999987, 35.395571589 ], [ 139.999990645, 35.395989833 ], [ 140.000069023882332, 35.395981351751146 ], [ 140.000069023882332, 35.395524969720022 ], [ 139.999859910999987, 35.395571589 ] ] ] } },
{ "type": "Feature", "properties": { "fid": 67, "polygon_uuid": "8322890a-d607-4963-97de-1ba0d5ba87b4", "AreaOnRegistry": "1024", "Address": "千葉県袖ケ浦市大鳥居八幡向255", "Tiban": "255", "dup_count": 4, "等分済み": 651.75154424458742 }, "geometry": { "type": "Polygon", "coordinates": [ [ [ 140.000069023882332, 35.395524969720022 ], [ 140.000069023882332, 35.395981351751146 ], [ 140.000208272514413, 35.395966283887624 ], [ 140.000208272514413, 35.3954939258604 ], [ 140.000069023882332, 35.395524969720022 ] ] ] } },
{ "type": "Feature", "properties": { "fid": 68, "polygon_uuid": "8322890a-d607-4963-97de-1ba0d5ba87b4", "AreaOnRegistry": "69", "Address": "千葉県袖ケ浦市大鳥居八幡向256-2", "Tiban": "256-2", "dup_count": 4, "等分済み": 651.75167789310217 }, "geometry": { "type": "Polygon", "coordinates": [ [ [ 140.000208272514413, 35.3954939258604 ], [ 140.000208272514413, 35.395966283887624 ], [ 140.000342963134386, 35.395951709239043 ], [ 140.000342963134386, 35.39546389815645 ], [ 140.000208272514413, 35.3954939258604 ] ] ] } },
{ "type": "Feature", "properties": { "fid": 69, "polygon_uuid": "8322890a-d607-4963-97de-1ba0d5ba87b4", "AreaOnRegistry": "327", "Address": "千葉県袖ケ浦市大鳥居八幡向256-1", "Tiban": "256-1", "dup_count": 4, "等分済み": 651.75082067027688 }, "geometry": { "type": "Polygon", "coordinates": [ [ [ 140.000398459, 35.395451526 ], [ 140.000342963134386, 35.39546389815645 ], [ 140.000342963134386, 35.395951709239043 ], [ 140.000549881000012, 35.395929319 ], [ 140.000398459, 35.395451526 ] ] ] } },
{ "type": "Feature", "properties": { "fid": 70, "polygon_uuid": "d6551942-2441-430c-acd6-1c4f7d94b24e", "AreaOnRegistry": "795", "Address": "千葉県袖ケ浦市大鳥居久保田675-1", "Tiban": "675-1", "dup_count": 1, "等分済み": 814.7629704894498 }, "geometry": { "type": "Polygon", "coordinates": [ [ [ 139.995205709, 35.390630562 ], [ 139.995164897, 35.390513514 ], [ 139.994748216, 35.390492748 ], [ 139.994765742, 35.390575649 ], [ 139.994713681, 35.390585196 ], [ 139.994742443, 35.390732488 ], [ 139.995205709, 35.390630562 ] ] ] } },
{ "type": "Feature", "properties": { "fid": 71, "polygon_uuid": "9d83bcfb-ec1f-4140-9754-1c543d30bbf0", "AreaOnRegistry": "1024", "Address": "千葉県袖ケ浦市大鳥居久保田695", "Tiban": "695", "dup_count": 2, "等分済み": 1055.8540710359812 }, "geometry": { "type": "Polygon", "coordinates": [ [ [ 139.99437467300001, 35.391794924 ], [ 139.994485948, 35.392138849 ], [ 139.994711922301803, 35.392090566086956 ], [ 139.994711922301803, 35.391715738306949 ], [ 139.99437467300001, 35.391794924 ] ] ] } },
{ "type": "Feature", "properties": { "fid": 72, "polygon_uuid": "9d83bcfb-ec1f-4140-9754-1c543d30bbf0", "AreaOnRegistry": "1024", "Address": "千葉県袖ケ浦市大鳥居久保田694", "Tiban": "694", "dup_count": 2, "等分済み": 1055.854066170752 }, "geometry": { "type": "Polygon", "coordinates": [ [ [ 139.994932831999989, 35.391663869 ], [ 139.994711922301803, 35.391715738306949 ], [ 139.994711922301803, 35.392090566086956 ], [ 139.995045780999988, 35.392019232 ], [ 139.994932831999989, 35.391663869 ] ] ] } },
{ "type": "Feature", "properties": { "fid": 73, "polygon_uuid": "cca592e4-3fba-4bc6-acf4-1d3b23526e69", "AreaOnRegistry": "889", "Address": "千葉県袖ケ浦市大鳥居川岸49-1", "Tiban": "49-1", "dup_count": 1, "等分済み": 1216.6778577454388 }, "geometry": { "type": "Polygon", "coordinates": [ [ [ 140.006089285, 35.391344635 ], [ 140.006619535999988, 35.391242722 ], [ 140.006564443, 35.391025042 ], [ 140.006024653999987, 35.39113478 ], [ 140.006089285, 35.391344635 ] ] ] } },
{ "type": "Feature", "properties": { "fid": 74, "polygon_uuid": "f9aae272-ca88-4f29-aaa7-1da2d00f7530", "AreaOnRegistry": "1011", "Address": "千葉県袖ケ浦市大鳥居西村501", "Tiban": "501", "dup_count": 2, "等分済み": 737.85112402588129 }, "geometry": { "type": "Polygon", "coordinates": [ [ [ 140.002560176818321, 35.392826589278172 ], [ 140.002560176818321, 35.392474044437371 ], [ 140.002518814000013, 35.39252747 ], [ 140.002441919, 35.39256769 ], [ 140.00238256, 35.392627943 ], [ 140.002257663, 35.392694867 ], [ 140.002314502, 35.39287818 ], [ 140.002560176818321, 35.392826589278172 ] ] ] } },
{ "type": "Feature", "properties": { "fid": 75, "polygon_uuid": "f9aae272-ca88-4f29-aaa7-1da2d00f7530", "AreaOnRegistry": "581", "Address": "千葉県袖ケ浦市大鳥居西村500", "Tiban": "500", "dup_count": 2, "等分済み": 737.85041296714917 }, "geometry": { "type": "Polygon", "coordinates": [ [ [ 140.002808321, 35.39277448 ], [ 140.002687331, 35.392407863 ], [ 140.002620041, 35.392409854 ], [ 140.00256767, 35.392464366 ], [ 140.002560176818321, 35.392474044437371 ], [ 140.002560176818321, 35.392826589278172 ], [ 140.002808321, 35.39277448 ] ] ] } },
{ "type": "Feature", "properties": { "fid": 76, "polygon_uuid": "aebb1683-cfbe-42f8-b057-1e05050805d0", "AreaOnRegistry": "1872", "Address": "千葉県木更津市椿東959", "Tiban": "959", "dup_count": 1, "等分済み": 1969.611164471833 }, "geometry": { "type": "Polygon", "coordinates": [ [ [ 139.992589439, 35.391463325 ], [ 139.992626379, 35.391502517 ], [ 139.993028179, 35.391505005 ], [ 139.993019908, 35.391049222 ], [ 139.992592318, 35.391052805 ], [ 139.992589439, 35.391463325 ] ] ] } },
{ "type": "Feature", "properties": { "fid": 77, "polygon_uuid": "5b97f970-0444-4b68-9fe5-1e67f5d19b0a", "AreaOnRegistry": "297", "Address": "千葉県袖ケ浦市大鳥居駒木365-2", "Tiban": "365-2", "dup_count": 2, "等分済み": 650.47772484645247 }, "geometry": { "type": "Polygon", "coordinates": [ [ [ 139.996875999401738, 35.39302843142449 ], [ 139.996875999401738, 35.39278182685976 ], [ 139.996576822, 35.392852259 ], [ 139.996647593, 35.39307874 ], [ 139.996875999401738, 35.39302843142449 ] ] ] } },
{ "type": "Feature", "properties": { "fid": 78, "polygon_uuid": "5b97f970-0444-4b68-9fe5-1e67f5d19b0a", "AreaOnRegistry": "1024", "Address": "千葉県袖ケ浦市大鳥居駒木366", "Tiban": "366", "dup_count": 2, "等分済み": 650.47772051393986 }, "geometry": { "type": "Polygon", "coordinates": [ [ [ 139.997172987999988, 35.392963017 ], [ 139.997098333999986, 35.392729485 ], [ 139.996875999401738, 35.39278182685976 ], [ 139.996875999401738, 35.39302843142449 ], [ 139.997172987999988, 35.392963017 ] ] ] } },
{ "type": "Feature", "properties": { "fid": 79, "polygon_uuid": "1245dfa0-72db-4de9-9b5c-1ec43b400e6c", "AreaOnRegistry": "866", "Address": "千葉県袖ケ浦市大鳥居久保田676", "Tiban": "676", "dup_count": 2, "等分済み": 960.87265305733308 }, "geometry": { "type": "Polygon", "coordinates": [ [ [ 139.995029530853884, 35.391067270084257 ], [ 139.995029530853884, 35.390669324036757 ], [ 139.994742443, 35.390732488 ], [ 139.994786760000011, 35.390959443 ], [ 139.994824468, 35.391006778 ], [ 139.994847733, 35.391065979 ], [ 139.994844926000013, 35.391109577 ], [ 139.995029530853884, 35.391067270084257 ] ] ] } },
{ "type": "Feature", "properties": { "fid": 80, "polygon_uuid": "1245dfa0-72db-4de9-9b5c-1ec43b400e6c", "AreaOnRegistry": "866", "Address": "千葉県袖ケ浦市大鳥居久保田677", "Tiban": "677", "dup_count": 2, "等分済み": 960.87253625690937 }, "geometry": { "type": "Polygon", "coordinates": [ [ [ 139.995333678, 35.390997567 ], [ 139.995205709, 35.390630562 ], [ 139.995029530853884, 35.390669324036757 ], [ 139.995029530853884, 35.391067270084257 ], [ 139.995333678, 35.390997567 ] ] ] } },
{ "type": "Feature", "properties": { "fid": 81, "polygon_uuid": "cd75f102-5925-4b98-8fbf-1f258209d683", "AreaOnRegistry": "638", "Address": "千葉県袖ケ浦市大鳥居西村497-1", "Tiban": "497-1", "dup_count": 1, "等分済み": 1035.2065385002643 }, "geometry": { "type": "Polygon", "coordinates": [ [ [ 140.001886158, 35.392985036 ], [ 140.001914326, 35.392935176 ], [ 140.001854407, 35.392726098 ], [ 140.001490558, 35.392752392 ], [ 140.001504743999988, 35.39284406 ], [ 140.001561146, 35.393044547 ], [ 140.001886158, 35.392985036 ] ] ] } },
{ "type": "Feature", "properties": { "fid": 82, "polygon_uuid": "78a5ec70-38f8-4a49-afea-21274f1a10a8", "AreaOnRegistry": "1024", "Address": "千葉県袖ケ浦市大鳥居八幡向231", "Tiban": "231", "dup_count": 2, "等分済み": 1028.9348062351346 }, "geometry": { "type": "Polygon", "coordinates": [ [ [ 140.000460649, 35.39544369 ], [ 140.000571872, 35.395795332 ], [ 140.000789534593366, 35.395752434919757 ], [ 140.000789534593366, 35.395378874486269 ], [ 140.000460649, 35.39544369 ] ] ] } },
{ "type": "Feature", "properties": { "fid": 83, "polygon_uuid": "78a5ec70-38f8-4a49-afea-21274f1a10a8", "AreaOnRegistry": "1024", "Address": "千葉県袖ケ浦市大鳥居八幡向230", "Tiban": "230", "dup_count": 2, "等分済み": 1028.9348026365042 }, "geometry": { "type": "Polygon", "coordinates": [ [ [ 140.001008082, 35.395335804 ], [ 140.000789534593366, 35.395378874486269 ], [ 140.000789534593366, 35.395752434919757 ], [ 140.001117537, 35.395687792 ], [ 140.001008082, 35.395335804 ] ] ] } },
{ "type": "Feature", "properties": { "fid": 84, "polygon_uuid": "60b41700-f26e-45b8-b74c-2128c265a033", "AreaOnRegistry": "604", "Address": "千葉県袖ケ浦市大鳥居西村522-1", "Tiban": "522-1", "dup_count": 3, "等分済み": 570.86299776658416 }, "geometry": { "type": "Polygon", "coordinates": [ [ [ 140.003912649, 35.392137176 ], [ 140.004107671000014, 35.392499337 ], [ 140.004150036788872, 35.392489811183857 ], [ 140.004150036788872, 35.392085117459139 ], [ 140.003912649, 35.392137176 ] ] ] } },
{ "type": "Feature", "properties": { "fid": 85, "polygon_uuid": "60b41700-f26e-45b8-b74c-2128c265a033", "AreaOnRegistry": "244", "Address": "千葉県袖ケ浦市大鳥居西村522-2", "Tiban": "522-2", "dup_count": 3, "等分済み": 570.86327060312033 }, "geometry": { "type": "Polygon", "coordinates": [ [ [ 140.004150036788872, 35.392085117459139 ], [ 140.004150036788872, 35.392489811183857 ], [ 140.004290117274735, 35.392458314521356 ], [ 140.004290117274735, 35.392054398163374 ], [ 140.004150036788872, 35.392085117459139 ] ] ] } },
{ "type": "Feature", "properties": { "fid": 86, "polygon_uuid": "60b41700-f26e-45b8-b74c-2128c265a033", "AreaOnRegistry": "897", "Address": "千葉県袖ケ浦市大鳥居西村523-1", "Tiban": "523-1", "dup_count": 3, "等分済み": 570.86300522089005 }, "geometry": { "type": "Polygon", "coordinates": [ [ [ 140.004374719999987, 35.392035845 ], [ 140.004290117274735, 35.392054398163374 ], [ 140.004290117274735, 35.392458314521356 ], [ 140.004486173, 35.392414232 ], [ 140.004374719999987, 35.392035845 ] ] ] } },
{ "type": "Feature", "properties": { "fid": 87, "polygon_uuid": "99fa5ea5-e623-4010-9871-21eb0d4b5fd6", "AreaOnRegistry": "1014", "Address": "千葉県袖ケ浦市大鳥居川岸50-1", "Tiban": "50-1", "dup_count": 2, "等分済み": 874.95663280040026 }, "geometry": { "type": "Polygon", "coordinates": [ [ [ 140.006089285, 35.391344635 ], [ 140.006189801, 35.391670999 ], [ 140.006389936858369, 35.391634997273947 ], [ 140.006389936858369, 35.391286850417146 ], [ 140.006089285, 35.391344635 ] ] ] } },
{ "type": "Feature", "properties": { "fid": 88, "polygon_uuid": "99fa5ea5-e623-4010-9871-21eb0d4b5fd6", "AreaOnRegistry": "874", "Address": "千葉県袖ケ浦市大鳥居川岸51-1", "Tiban": "51-1", "dup_count": 2, "等分済み": 874.95738830417395 }, "geometry": { "type": "Polygon", "coordinates": [ [ [ 140.006619932, 35.391583877 ], [ 140.006662221999989, 35.391411378 ], [ 140.006619535999988, 35.391242722 ], [ 140.006389936858369, 35.391286850417146 ], [ 140.006389936858369, 35.391634997273947 ], [ 140.006461011, 35.391622212 ], [ 140.006619932, 35.391583877 ] ] ] } },
{ "type": "Feature", "properties": { "fid": 89, "polygon_uuid": "35a88cf4-1dd0-43c2-8ce5-22b91e96a90e", "AreaOnRegistry": "280", "Address": "千葉県袖ケ浦市大鳥居下の栄451-4", "Tiban": "451-4", "dup_count": 6, "等分済み": 356.08713271655142 }, "geometry": { "type": "Polygon", "coordinates": [ [ [ 139.998674671, 35.393621727 ], [ 139.998706715293537, 35.393615276759576 ], [ 139.998706715293537, 35.393229954356286 ], [ 139.998555268, 35.393261932 ], [ 139.998674671, 35.393621727 ] ] ] } },
{ "type": "Feature", "properties": { "fid": 90, "polygon_uuid": "35a88cf4-1dd0-43c2-8ce5-22b91e96a90e", "AreaOnRegistry": "509", "Address": "千葉県袖ケ浦市大鳥居下の栄451-3", "Tiban": "451-3", "dup_count": 6, "等分済み": 356.08720014989376 }, "geometry": { "type": "Polygon", "coordinates": [ [ [ 139.99879829189328, 35.3935968431784 ], [ 139.99879829189328, 35.393210618230761 ], [ 139.998706715293537, 35.393229954356286 ], [ 139.998706715293537, 35.393615276759576 ], [ 139.99879829189328, 35.3935968431784 ] ] ] } },
{ "type": "Feature", "properties": { "fid": 91, "polygon_uuid": "35a88cf4-1dd0-43c2-8ce5-22b91e96a90e", "AreaOnRegistry": "132", "Address": "千葉県袖ケ浦市大鳥居下の栄451-6", "Tiban": "451-6", "dup_count": 6, "等分済み": 356.08724796772003 }, "geometry": { "type": "Polygon", "coordinates": [ [ [ 139.998889654983088, 35.393578452574943 ], [ 139.998889654983088, 35.393191327187211 ], [ 139.99879829189328, 35.393210618230761 ], [ 139.99879829189328, 35.3935968431784 ], [ 139.998889654983088, 35.393578452574943 ] ] ] } },
{ "type": "Feature", "properties": { "fid": 92, "polygon_uuid": "35a88cf4-1dd0-43c2-8ce5-22b91e96a90e", "AreaOnRegistry": "99", "Address": "千葉県袖ケ浦市大鳥居下の栄450-1", "Tiban": "450-1", "dup_count": 6, "等分済み": 356.08728260546923 }, "geometry": { "type": "Polygon", "coordinates": [ [ [ 139.998980806043249, 35.393560104651229 ], [ 139.998980806043249, 35.393172080913097 ], [ 139.998889654983088, 35.393191327187211 ], [ 139.998889654983088, 35.393578452574943 ], [ 139.998980806043249, 35.393560104651229 ] ] ] } },
{ "type": "Feature", "properties": { "fid": 93, "polygon_uuid": "35a88cf4-1dd0-43c2-8ce5-22b91e96a90e", "AreaOnRegistry": "680", "Address": "千葉県袖ケ浦市大鳥居下の栄450-2", "Tiban": "450-2", "dup_count": 6, "等分済み": 356.0873369127512 }, "geometry": { "type": "Polygon", "coordinates": [ [ [ 139.999071746553341, 35.393541799109428 ], [ 139.999071746553341, 35.393152879096 ], [ 139.998980806043249, 35.393172080913097 ], [ 139.998980806043249, 35.393560104651229 ], [ 139.999071746553341, 35.393541799109428 ] ] ] } },
{ "type": "Feature", "properties": { "fid": 94, "polygon_uuid": "35a88cf4-1dd0-43c2-8ce5-22b91e96a90e", "AreaOnRegistry": "218", "Address": "千葉県袖ケ浦市大鳥居下の栄450-3", "Tiban": "450-3", "dup_count": 6, "等分済み": 356.08661678247154 }, "geometry": { "type": "Polygon", "coordinates": [ [ [ 139.9992192, 35.393512118 ], [ 139.999105837, 35.393145681 ], [ 139.999071746553341, 35.393152879096 ], [ 139.999071746553341, 35.393541799109428 ], [ 139.9992192, 35.393512118 ] ] ] } },
{ "type": "Feature", "properties": { "fid": 95, "polygon_uuid": "9e46ab39-7528-4a2e-8de8-22ba09ca4ab4", "AreaOnRegistry": "704", "Address": "千葉県袖ケ浦市大鳥居宮ノ下604", "Tiban": "604", "dup_count": 2, "等分済み": 911.52291267365217 }, "geometry": { "type": "Polygon", "coordinates": [ [ [ 139.998990033000013, 35.39063673 ], [ 139.999209326243488, 35.390592612791778 ], [ 139.999209326243488, 35.390273721555666 ], [ 139.99888793400001, 35.390299891 ], [ 139.998990033000013, 35.39063673 ] ] ] } },
{ "type": "Feature", "properties": { "fid": 96, "polygon_uuid": "9e46ab39-7528-4a2e-8de8-22ba09ca4ab4", "AreaOnRegistry": "1024", "Address": "千葉県袖ケ浦市大鳥居宮ノ下603", "Tiban": "603", "dup_count": 2, "等分済み": 911.52296314015985 }, "geometry": { "type": "Polygon", "coordinates": [ [ [ 139.999550140999986, 35.390524048 ], [ 139.999468884, 35.390252587 ], [ 139.999209326243488, 35.390273721555666 ], [ 139.999209326243488, 35.390592612791778 ], [ 139.999550140999986, 35.390524048 ] ] ] } },
{ "type": "Feature", "properties": { "fid": 97, "polygon_uuid": "182dd8f9-7935-4dc8-a4c8-2401f179da48", "AreaOnRegistry": "1080", "Address": "千葉県袖ケ浦市大鳥居宮ノ下582", "Tiban": "582", "dup_count": 1, "等分済み": 1115.932336082682 }, "geometry": { "type": "Polygon", "coordinates": [ [ [ 140.000363907, 35.391086325 ], [ 140.001071803, 35.390932177 ], [ 140.001029026, 35.390882316 ], [ 140.000998457, 35.390839925 ], [ 140.000986160999986, 35.390790022 ], [ 140.000737909, 35.390842821 ], [ 140.000312822000012, 35.390933228 ], [ 140.000363907, 35.391086325 ] ] ] } },
{ "type": "Feature", "properties": { "fid": 98, "polygon_uuid": "ee280886-6aa4-45ea-92a9-244f9587d3d4", "AreaOnRegistry": "436", "Address": "千葉県袖ケ浦市大鳥居内海19-2", "Tiban": "19-2", "dup_count": 2, "等分済み": 307.3078863248229 }, "geometry": { "type": "Polygon", "coordinates": [ [ [ 140.006793239977526, 35.389224757356963 ], [ 140.006793239977526, 35.389030091123161 ], [ 140.0065897, 35.389061645 ], [ 140.006690440999989, 35.389247276 ], [ 140.006793239977526, 35.389224757356963 ] ] ] } },
{ "type": "Feature", "properties": { "fid": 99, "polygon_uuid": "ee280886-6aa4-45ea-92a9-244f9587d3d4", "AreaOnRegistry": "51", "Address": "千葉県袖ケ浦市大鳥居内海19-4", "Tiban": "19-4", "dup_count": 2, "等分済み": 307.30799194797873 }, "geometry": { "type": "Polygon", "coordinates": [ [ [ 140.006969526, 35.389186141 ], [ 140.006938604, 35.389007556 ], [ 140.006793239977526, 35.389030091123161 ], [ 140.006793239977526, 35.389224757356963 ], [ 140.006969526, 35.389186141 ] ] ] } },
{ "type": "Feature", "properties": { "fid": 100, "polygon_uuid": "c0508059-2179-4f34-be44-245ac2473cf9", "AreaOnRegistry": "1024", "Address": "千葉県袖ケ浦市大鳥居宮ノ下594", "Tiban": "594", "dup_count": 1, "等分済み": 1145.0449194423854 }, "geometry": { "type": "Polygon", "coordinates": [ [ [ 140.00045284, 35.391476801 ], [ 140.000391807, 35.391284542 ], [ 139.99983372, 35.391407678 ], [ 139.999887648999987, 35.391595222 ], [ 140.00045284, 35.391476801 ] ] ] } },
{ "type": "Feature", "properties": { "fid": 101, "polygon_uuid": "aa810752-d83a-4297-a193-248a6edf4aad", "AreaOnRegistry": "466", "Address": "千葉県袖ケ浦市大鳥居西村496-1", "Tiban": "496-1", "dup_count": 2, "等分済み": 590.32173744216561 }, "geometry": { "type": "Polygon", "coordinates": [ [ [ 140.000956898, 35.392955996 ], [ 140.001013191999988, 35.393159721 ], [ 140.001257975872136, 35.393108270079509 ], [ 140.001257975872136, 35.392894479711302 ], [ 140.000956898, 35.392955996 ] ] ] } },
{ "type": "Feature", "properties": { "fid": 102, "polygon_uuid": "aa810752-d83a-4297-a193-248a6edf4aad", "AreaOnRegistry": "581", "Address": "千葉県袖ケ浦市大鳥居西村496-2", "Tiban": "496-2", "dup_count": 2, "等分済み": 590.32172881066799 }, "geometry": { "type": "Polygon", "coordinates": [ [ [ 140.001504743999988, 35.39284406 ], [ 140.001257975872136, 35.392894479711302 ], [ 140.001257975872136, 35.393108270079509 ], [ 140.001561146, 35.393044547 ], [ 140.001504743999988, 35.39284406 ] ] ] } },
{ "type": "Feature", "properties": { "fid": 103, "polygon_uuid": "ba6ef0a8-59fa-48bd-a0bb-25781dea5aa0", "AreaOnRegistry": "479", "Address": "千葉県袖ケ浦市大鳥居下の栄488-2", "Tiban": "488-2", "dup_count": 1, "等分済み": 436.55502386018634 }, "geometry": { "type": "Polygon", "coordinates": [ [ [ 140.000195659000013, 35.392547762 ], [ 140.000217862999989, 35.392620098 ], [ 140.000758423, 35.392505349 ], [ 140.000734939000012, 35.392427207 ], [ 140.000195659000013, 35.392547762 ] ] ] } },
{ "type": "Feature", "properties": { "fid": 104, "polygon_uuid": "eae7984c-462b-428c-80f3-258b28873a5f", "AreaOnRegistry": "370", "Address": "千葉県袖ケ浦市大鳥居西村373", "Tiban": "373", "dup_count": 1, "等分済み": 387.84470503777266 }, "geometry": { "type": "Polygon", "coordinates": [ [ [ 140.001671283, 35.392156611 ], [ 140.001650700999988, 35.392025965 ], [ 140.001391278999989, 35.392015706 ], [ 140.001365633, 35.39215735 ], [ 140.001671283, 35.392156611 ] ] ] } },
{ "type": "Feature", "properties": { "fid": 105, "polygon_uuid": "4ebb7f6b-5d3f-4cdf-89cf-25bab06237d9", "AreaOnRegistry": "998", "Address": "千葉県袖ケ浦市大鳥居橋戸274", "Tiban": "274", "dup_count": 3, "等分済み": 1059.8037173971534 }, "geometry": { "type": "Polygon", "coordinates": [ [ [ 139.998341250097383, 35.394340296261873 ], [ 139.998341250097383, 35.39375858447039 ], [ 139.998076962, 35.393811137 ], [ 139.998244838, 35.394361233 ], [ 139.998341250097383, 35.394340296261873 ] ] ] } },
{ "type": "Feature", "properties": { "fid": 106, "polygon_uuid": "4ebb7f6b-5d3f-4cdf-89cf-25bab06237d9", "AreaOnRegistry": "1024", "Address": "千葉県袖ケ浦市大鳥居橋戸275", "Tiban": "275", "dup_count": 3, "等分済み": 1059.8040785044432 }, "geometry": { "type": "Polygon", "coordinates": [ [ [ 139.998522518735683, 35.394300932176733 ], [ 139.998522518735683, 35.393722539996283 ], [ 139.998341250097383, 35.39375858447039 ], [ 139.998341250097383, 35.394340296261873 ], [ 139.998522518735683, 35.394300932176733 ] ] ] } },
{ "type": "Feature", "properties": { "fid": 107, "polygon_uuid": "4ebb7f6b-5d3f-4cdf-89cf-25bab06237d9", "AreaOnRegistry": "1024", "Address": "千葉県袖ケ浦市大鳥居橋戸276", "Tiban": "276", "dup_count": 3, "等分済み": 1059.8033123537898 }, "geometry": { "type": "Polygon", "coordinates": [ [ [ 139.998787951999986, 35.394243291 ], [ 139.998621495, 35.393702859 ], [ 139.998522518735683, 35.393722539996283 ], [ 139.998522518735683, 35.394300932176733 ], [ 139.998787951999986, 35.394243291 ] ] ] } },
{ "type": "Feature", "properties": { "fid": 108, "polygon_uuid": "e362407e-c594-42e9-b74b-2828221e87cd", "AreaOnRegistry": "396", "Address": "千葉県袖ケ浦市大鳥居川岸39-2", "Tiban": "39-2", "dup_count": 1, "等分済み": 578.0132100507617 }, "geometry": { "type": "Polygon", "coordinates": [ [ [ 140.00671736000001, 35.389479647 ], [ 140.006662384, 35.389300532 ], [ 140.006621, 35.389292123 ], [ 140.006189041, 35.389569545 ], [ 140.00671736000001, 35.389479647 ] ] ] } },
{ "type": "Feature", "properties": { "fid": 109, "polygon_uuid": "39e0454e-fcab-4c53-94f6-2882fc2c5473", "AreaOnRegistry": "993", "Address": "千葉県木更津市椿東977", "Tiban": "977", "dup_count": 1, "等分済み": 1047.9718840629794 }, "geometry": { "type": "Polygon", "coordinates": [ [ [ 139.993048513, 35.391117174 ], [ 139.993595203000012, 35.391069161 ], [ 139.993566528, 35.390859916 ], [ 139.99324338, 35.390863362 ], [ 139.99315261000001, 35.390941964 ], [ 139.993095039999986, 35.391033601 ], [ 139.993053303000011, 35.391053779 ], [ 139.993048513, 35.391117174 ] ] ] } },
{ "type": "Feature", "properties": { "fid": 110, "polygon_uuid": "b2b37f40-1a15-4332-94d5-28ec7d90e157", "AreaOnRegistry": "231", "Address": "千葉県袖ケ浦市大鳥居久保田727-2", "Tiban": "727-2", "dup_count": 3, "等分済み": 494.25234951358289 }, "geometry": { "type": "Polygon", "coordinates": [ [ [ 139.992818118, 35.392845057 ], [ 139.992807508, 35.392787767 ], [ 139.992520659, 35.392825393 ], [ 139.992517546431742, 35.392963985724705 ], [ 139.992853465705224, 35.392963985724705 ], [ 139.992818118, 35.392845057 ] ] ] } },
{ "type": "Feature", "properties": { "fid": 111, "polygon_uuid": "b2b37f40-1a15-4332-94d5-28ec7d90e157", "AreaOnRegistry": "601", "Address": "千葉県袖ケ浦市大鳥居久保田727-1", "Tiban": "727-1", "dup_count": 3, "等分済み": 494.2524334276095 }, "geometry": { "type": "Polygon", "coordinates": [ [ [ 139.992853465705224, 35.392963985724705 ], [ 139.992517546431742, 35.392963985724705 ], [ 139.99251446879336, 35.393101023132978 ], [ 139.992894195629162, 35.393101023132978 ], [ 139.992853465705224, 35.392963985724705 ] ] ] } },
{ "type": "Feature", "properties": { "fid": 112, "polygon_uuid": "b2b37f40-1a15-4332-94d5-28ec7d90e157", "AreaOnRegistry": "532", "Address": "千葉県袖ケ浦市大鳥居久保田726", "Tiban": "726", "dup_count": 3, "等分済み": 494.25249334154068 }, "geometry": { "type": "Polygon", "coordinates": [ [ [ 139.992636872, 35.393203449 ], [ 139.992741916999989, 35.393240557 ], [ 139.992941478, 35.393297599 ], [ 139.992920269, 35.393188748 ], [ 139.992894195629162, 35.393101023132978 ], [ 139.99251446879336, 35.393101023132978 ], [ 139.992514224, 35.393111923 ], [ 139.992636872, 35.393203449 ] ] ] } },
{ "type": "Feature", "properties": { "fid": 113, "polygon_uuid": "a878b4b8-55b5-4c42-abc8-293e8695477b", "AreaOnRegistry": null, "Address": null, "Tiban": null, "dup_count": 1, "等分済み": 170.30454373732209 }, "geometry": { "type": "Polygon", "coordinates": [ [ [ 140.002242011, 35.392194426 ], [ 140.002157587, 35.392252761 ], [ 140.002221252, 35.392375399 ], [ 140.002273108999987, 35.392364313 ], [ 140.002330702, 35.392339057 ], [ 140.002242011, 35.392194426 ] ] ] } },
{ "type": "Feature", "properties": { "fid": 114, "polygon_uuid": "13ee3850-f7b5-4820-b8fe-2a3a3cbf763b", "AreaOnRegistry": "1024", "Address": "千葉県袖ケ浦市大鳥居久保田699", "Tiban": "699", "dup_count": 1, "等分済み": 863.22910841926932 }, "geometry": { "type": "Polygon", "coordinates": [ [ [ 139.993791662, 35.391896214 ], [ 139.994337242, 35.39177719 ], [ 139.994291794, 35.391630655 ], [ 139.993744327, 35.391749544 ], [ 139.993791662, 35.391896214 ] ] ] } },
{ "type": "Feature", "properties": { "fid": 115, "polygon_uuid": "70c493c7-01ea-4aeb-a82d-2aec14aa9b97", "AreaOnRegistry": "1431", "Address": "千葉県袖ケ浦市大鳥居川岸67", "Tiban": "67", "dup_count": 2, "等分済み": 1315.1808414682746 }, "geometry": { "type": "Polygon", "coordinates": [ [ [ 140.005419541972287, 35.390509643312043 ], [ 140.005419541972287, 35.390010962891388 ], [ 140.005065716, 35.39018246 ], [ 140.00520738, 35.39055229 ], [ 140.005419541972287, 35.390509643312043 ] ] ] } },
{ "type": "Feature", "properties": { "fid": 116, "polygon_uuid": "70c493c7-01ea-4aeb-a82d-2aec14aa9b97", "AreaOnRegistry": "1024", "Address": "千葉県袖ケ浦市大鳥居川岸66-1", "Tiban": "66-1", "dup_count": 2, "等分済み": 1315.1810392141342 }, "geometry": { "type": "Polygon", "coordinates": [ [ [ 140.005746761000012, 35.390443869 ], [ 140.005584838, 35.389930845 ], [ 140.005419541972287, 35.390010962891388 ], [ 140.005419541972287, 35.390509643312043 ], [ 140.005746761000012, 35.390443869 ] ] ] } },
{ "type": "Feature", "properties": { "fid": 117, "polygon_uuid": "9095b512-25e6-455d-9e29-2b2a069de7ac", "AreaOnRegistry": "429", "Address": "千葉県袖ケ浦市大鳥居八幡向240-2", "Tiban": "240-2", "dup_count": 3, "等分済み": 888.61903006583452 }, "geometry": { "type": "Polygon", "coordinates": [ [ [ 139.999829774, 35.393449065 ], [ 139.999972947, 35.39390174 ], [ 140.000083868198459, 35.39387542439917 ], [ 140.000083868198459, 35.393393936244877 ], [ 139.999829774, 35.393449065 ] ] ] } },
{ "type": "Feature", "properties": { "fid": 118, "polygon_uuid": "9095b512-25e6-455d-9e29-2b2a069de7ac", "AreaOnRegistry": "1024", "Address": "千葉県袖ケ浦市大鳥居八幡向241", "Tiban": "241", "dup_count": 3, "等分済み": 888.61936654150486 }, "geometry": { "type": "Polygon", "coordinates": [ [ [ 140.000083868198459, 35.393393936244877 ], [ 140.000083868198459, 35.39387542439917 ], [ 140.000267681417597, 35.393831815464466 ], [ 140.000267681417597, 35.393354055783185 ], [ 140.000083868198459, 35.393393936244877 ] ] ] } },
{ "type": "Feature", "properties": { "fid": 119, "polygon_uuid": "9095b512-25e6-455d-9e29-2b2a069de7ac", "AreaOnRegistry": "998", "Address": "千葉県袖ケ浦市大鳥居八幡向242", "Tiban": "242", "dup_count": 3, "等分済み": 888.61868174374104 }, "geometry": { "type": "Polygon", "coordinates": [ [ [ 140.000384005, 35.393328818 ], [ 140.000267681417597, 35.393354055783185 ], [ 140.000267681417597, 35.393831815464466 ], [ 140.000521673, 35.393771557 ], [ 140.000384005, 35.393328818 ] ] ] } },
{ "type": "Feature", "properties": { "fid": 120, "polygon_uuid": "8370b19d-eb6e-4113-ad92-2b4a0e51fb7d", "AreaOnRegistry": "19", "Address": "千葉県袖ケ浦市大鳥居川原82-2", "Tiban": "82-2", "dup_count": 2, "等分済み": 70.245410630479455 }, "geometry": { "type": "Polygon", "coordinates": [ [ [ 140.00647612, 35.392067491 ], [ 140.00633661, 35.392115326 ], [ 140.006345122880504, 35.392153776716555 ], [ 140.006439768579924, 35.392153776716555 ], [ 140.00647612, 35.392067491 ] ] ] } },
{ "type": "Feature", "properties": { "fid": 121, "polygon_uuid": "8370b19d-eb6e-4113-ad92-2b4a0e51fb7d", "AreaOnRegistry": "64", "Address": "千葉県袖ケ浦市大鳥居川原82-1", "Tiban": "82-1", "dup_count": 2, "等分済み": 70.245301717892289 }, "geometry": { "type": "Polygon", "coordinates": [ [ [ 140.006439768579924, 35.392153776716555 ], [ 140.006345122880504, 35.392153776716555 ], [ 140.006377727, 35.392301042 ], [ 140.006439768579924, 35.392153776716555 ] ] ] } },
{ "type": "Feature", "properties": { "fid": 122, "polygon_uuid": "bac6d669-05a8-428f-9bb8-2b6734e5aa19", "AreaOnRegistry": null, "Address": null, "Tiban": null, "dup_count": 1, "等分済み": 291.03966796398163 }, "geometry": { "type": "Polygon", "coordinates": [ [ [ 140.003160234, 35.390552589 ], [ 140.003295998999988, 35.390568276 ], [ 140.003357607999988, 35.390358596 ], [ 140.003237335, 35.39033336 ], [ 140.003160234, 35.390552589 ] ] ] } },
{ "type": "Feature", "properties": { "fid": 123, "polygon_uuid": "6a4233da-c808-4769-a127-2b9ccffa4bc8", "AreaOnRegistry": "314", "Address": "千葉県袖ケ浦市大鳥居久保田679-1", "Tiban": "679-1", "dup_count": 2, "等分済み": 545.15441050007939 }, "geometry": { "type": "Polygon", "coordinates": [ [ [ 139.995143351129087, 35.391419543992406 ], [ 139.995143351129087, 35.391222398211575 ], [ 139.994837421999989, 35.391290085 ], [ 139.994893944000012, 35.39147043 ], [ 139.995143351129087, 35.391419543992406 ] ] ] } },
{ "type": "Feature", "properties": { "fid": 124, "polygon_uuid": "6a4233da-c808-4769-a127-2b9ccffa4bc8", "AreaOnRegistry": "710", "Address": "千葉県袖ケ浦市大鳥居久保田679-2", "Tiban": "679-2", "dup_count": 2, "等分済み": 545.154416333884 }, "geometry": { "type": "Polygon", "coordinates": [ [ [ 139.995443314999989, 35.391358343 ], [ 139.995385707, 35.391168777 ], [ 139.995143351129087, 35.391222398211575 ], [ 139.995143351129087, 35.391419543992406 ], [ 139.995443314999989, 35.391358343 ] ] ] } },
{ "type": "Feature", "properties": { "fid": 125, "polygon_uuid": "6d4eee81-2ea5-4c2e-a92b-2cf5d273c851", "AreaOnRegistry": "998", "Address": "千葉県袖ケ浦市大鳥居橋戸302", "Tiban": "302", "dup_count": 1, "等分済み": 1089.4609390757978 }, "geometry": { "type": "Polygon", "coordinates": [ [ [ 139.997510104000014, 35.394141456 ], [ 139.997451265, 35.393951384 ], [ 139.9969116, 35.394063633 ], [ 139.996966107, 35.394249492 ], [ 139.997510104000014, 35.394141456 ] ] ] } },
{ "type": "Feature", "properties": { "fid": 126, "polygon_uuid": "579b995f-884e-4eff-a915-2d9a4fc33dfe", "AreaOnRegistry": "743", "Address": "千葉県袖ケ浦市大鳥居下峯567", "Tiban": "567", "dup_count": 2, "等分済み": 700.94504906982183 }, "geometry": { "type": "Polygon", "coordinates": [ [ [ 140.001270799458382, 35.39090896035448 ], [ 140.001270799458382, 35.390593574458158 ], [ 140.000971136, 35.390623003 ], [ 140.001129084000013, 35.390922457 ], [ 140.001270799458382, 35.39090896035448 ] ] ] } },
{ "type": "Feature", "properties": { "fid": 127, "polygon_uuid": "579b995f-884e-4eff-a915-2d9a4fc33dfe", "AreaOnRegistry": "575", "Address": "千葉県袖ケ浦市大鳥居下峯568", "Tiban": "568", "dup_count": 2, "等分済み": 700.94519770145416 }, "geometry": { "type": "Polygon", "coordinates": [ [ [ 140.001545642, 35.390882785 ], [ 140.001436508000012, 35.390577301 ], [ 140.001270799458382, 35.390593574458158 ], [ 140.001270799458382, 35.39090896035448 ], [ 140.001545642, 35.390882785 ] ] ] } },
{ "type": "Feature", "properties": { "fid": 128, "polygon_uuid": "98d5bf26-09f4-42f0-bdb5-2dbfbd12f1ce", "AreaOnRegistry": "388", "Address": "千葉県袖ケ浦市大鳥居橋戸326-1", "Tiban": "326-1", "dup_count": 1, "等分済み": 446.02871182188392 }, "geometry": { "type": "Polygon", "coordinates": [ [ [ 139.996538435, 35.394988772 ], [ 139.99645869, 35.394730284 ], [ 139.996136852, 35.3947969 ], [ 139.996538435, 35.394988772 ] ] ] } },
{ "type": "Feature", "properties": { "fid": 129, "polygon_uuid": "05a6d402-476e-4cd1-a06d-2e40eec83de7", "AreaOnRegistry": "998", "Address": "千葉県袖ケ浦市大鳥居下の栄436-1", "Tiban": "436-1", "dup_count": 1, "等分済み": 1119.3177822493017 }, "geometry": { "type": "Polygon", "coordinates": [ [ [ 139.998635782, 35.393632401 ], [ 139.99857609, 35.393444082 ], [ 139.998025515, 35.393557013 ], [ 139.998084778, 35.393747325 ], [ 139.998635782, 35.393632401 ] ] ] } },
{ "type": "Feature", "properties": { "fid": 130, "polygon_uuid": "5ff93d5b-38d4-4e64-a1d7-2e87eca92c63", "AreaOnRegistry": "1024", "Address": "千葉県袖ケ浦市大鳥居川岸57", "Tiban": "57", "dup_count": 2, "等分済み": 919.81960887461901 }, "geometry": { "type": "Polygon", "coordinates": [ [ [ 140.005821265918087, 35.391767813476662 ], [ 140.005821265918087, 35.391431362192563 ], [ 140.005503474, 35.391493171 ], [ 140.005599657, 35.391814146 ], [ 140.005821265918087, 35.391767813476662 ] ] ] } },
{ "type": "Feature", "properties": { "fid": 131, "polygon_uuid": "5ff93d5b-38d4-4e64-a1d7-2e87eca92c63", "AreaOnRegistry": "1024", "Address": "千葉県袖ケ浦市大鳥居川岸56", "Tiban": "56", "dup_count": 2, "等分済み": 919.81958260387182 }, "geometry": { "type": "Polygon", "coordinates": [ [ [ 140.00614338, 35.391700468 ], [ 140.006044723, 35.391387901 ], [ 140.005821265918087, 35.391431362192563 ], [ 140.005821265918087, 35.391767813476662 ], [ 140.00614338, 35.391700468 ] ] ] } },
{ "type": "Feature", "properties": { "fid": 132, "polygon_uuid": "f1bdb061-6231-43ef-953c-2ec5f01ef9da", "AreaOnRegistry": "594", "Address": "千葉県袖ケ浦市大鳥居橋戸291-1", "Tiban": "291-1", "dup_count": 2, "等分済み": 396.90435741841793 }, "geometry": { "type": "Polygon", "coordinates": [ [ [ 139.998183098999988, 35.395774485 ], [ 139.99837778, 35.395833959 ], [ 139.998488962960067, 35.39586600195819 ], [ 139.998488962960067, 35.395659575824638 ], [ 139.998121765, 35.395747687 ], [ 139.998183098999988, 35.395774485 ] ] ] } },
{ "type": "Feature", "properties": { "fid": 133, "polygon_uuid": "f1bdb061-6231-43ef-953c-2ec5f01ef9da", "AreaOnRegistry": "33", "Address": "千葉県袖ケ浦市大鳥居橋戸290-1", "Tiban": "290-1", "dup_count": 2, "等分済み": 396.90465856343508 }, "geometry": { "type": "Polygon", "coordinates": [ [ [ 139.998694126, 35.39592513 ], [ 139.998604617000012, 35.395631824 ], [ 139.998488962960067, 35.395659575824638 ], [ 139.998488962960067, 35.39586600195819 ], [ 139.998694126, 35.39592513 ] ] ] } },
{ "type": "Feature", "properties": { "fid": 134, "polygon_uuid": "880c76fc-9073-4d26-9992-2f63feeba1fc", "AreaOnRegistry": "1024", "Address": "千葉県袖ケ浦市大鳥居川岸61-1", "Tiban": "61-1", "dup_count": 1, "等分済み": 1060.9299279078841 }, "geometry": { "type": "Polygon", "coordinates": [ [ [ 140.005327976, 35.390907503 ], [ 140.005860887000011, 35.390805459 ], [ 140.005801378, 35.390616915 ], [ 140.005272397, 35.390722026 ], [ 140.005327976, 35.390907503 ] ] ] } },
{ "type": "Feature", "properties": { "fid": 135, "polygon_uuid": "65620292-2610-4481-afd4-305e0a70b0f0", "AreaOnRegistry": "1024", "Address": "千葉県袖ケ浦市大鳥居久保田682", "Tiban": "682", "dup_count": 1, "等分済み": 777.62086625769734 }, "geometry": { "type": "Polygon", "coordinates": [ [ [ 139.995067871, 35.392025374 ], [ 139.995607697999986, 35.391899257 ], [ 139.995591258, 35.391845164 ], [ 139.995565841, 35.391761528 ], [ 139.995027569, 35.391896787 ], [ 139.995051827, 35.391974183 ], [ 139.995067871, 35.392025374 ] ] ] } },
{ "type": "Feature", "properties": { "fid": 136, "polygon_uuid": "8734717e-22f0-4d53-aaec-31b1e91cb24b", "AreaOnRegistry": "998", "Address": "千葉県袖ケ浦市大鳥居駒木396", "Tiban": "396", "dup_count": 1, "等分済み": 1127.8483506217599 }, "geometry": { "type": "Polygon", "coordinates": [ [ [ 139.997468973, 35.393888888 ], [ 139.997404824, 35.393688221 ], [ 139.996873728999986, 35.393802423 ], [ 139.996934163, 35.393995819 ], [ 139.997468973, 35.393888888 ] ] ] } },
{ "type": "Feature", "properties": { "fid": 137, "polygon_uuid": "e913733b-014a-4c68-85e6-322e00f9fb74", "AreaOnRegistry": "641", "Address": "千葉県袖ケ浦市大鳥居川岸37-1", "Tiban": "37-1", "dup_count": 1, "等分済み": 968.22495022788644 }, "geometry": { "type": "Polygon", "coordinates": [ [ [ 140.006829028999988, 35.389847398 ], [ 140.006294365, 35.389948765 ], [ 140.006346554, 35.39011592 ], [ 140.00688225, 35.390019752 ], [ 140.006829028999988, 35.389847398 ] ] ] } },
{ "type": "Feature", "properties": { "fid": 138, "polygon_uuid": "702f2e6a-4dfe-4b2a-96cb-32a7775b90c2", "AreaOnRegistry": "1024", "Address": "千葉県袖ケ浦市大鳥居久保田696", "Tiban": "696", "dup_count": 1, "等分済み": 829.86805768869817 }, "geometry": { "type": "Polygon", "coordinates": [ [ [ 139.994932831999989, 35.391663869 ], [ 139.994894347000013, 35.391529592 ], [ 139.994333884000014, 35.391652822 ], [ 139.99437467300001, 35.391794924 ], [ 139.994932831999989, 35.391663869 ] ] ] } },
{ "type": "Feature", "properties": { "fid": 139, "polygon_uuid": "06884709-5fa7-4a4e-8359-332357fc72b5", "AreaOnRegistry": "1024", "Address": "千葉県袖ケ浦市大鳥居下の栄425", "Tiban": "425", "dup_count": 1, "等分済み": 1036.26037151739 }, "geometry": { "type": "Polygon", "coordinates": [ [ [ 139.997913204000014, 35.39319634 ], [ 139.998461309, 35.393081967 ], [ 139.998405994, 35.392907452 ], [ 139.997857826, 35.393018497 ], [ 139.997913204000014, 35.39319634 ] ] ] } },
{ "type": "Feature", "properties": { "fid": 140, "polygon_uuid": "bd1fee58-a169-4447-9fa9-33637d86d6cf", "AreaOnRegistry": "132", "Address": "千葉県袖ケ浦市大鳥居政所632-2", "Tiban": "632-2", "dup_count": 2, "等分済み": 604.08887672796845 }, "geometry": { "type": "Polygon", "coordinates": [ [ [ 139.997440946417186, 35.390765269555239 ], [ 139.997440946417186, 35.390537033024344 ], [ 139.997355985000013, 35.390560969 ], [ 139.997148585, 35.39058164 ], [ 139.997219823, 35.390819095 ], [ 139.997440946417186, 35.390765269555239 ] ] ] } },
{ "type": "Feature", "properties": { "fid": 141, "polygon_uuid": "bd1fee58-a169-4447-9fa9-33637d86d6cf", "AreaOnRegistry": "876", "Address": "千葉県袖ケ浦市大鳥居政所632-1", "Tiban": "632-1", "dup_count": 2, "等分済み": 604.08820220828056 }, "geometry": { "type": "Polygon", "coordinates": [ [ [ 139.997732176, 35.390694379 ], [ 139.997663974, 35.3904742 ], [ 139.997440946417186, 35.390537033024344 ], [ 139.997440946417186, 35.390765269555239 ], [ 139.997732176, 35.390694379 ] ] ] } },
{ "type": "Feature", "properties": { "fid": 142, "polygon_uuid": "0d2de013-18be-412b-8408-3412f462d050", "AreaOnRegistry": "400", "Address": "千葉県袖ケ浦市大鳥居下峯569-4", "Tiban": "569-4", "dup_count": 1, "等分済み": 448.183095860295 }, "geometry": { "type": "Polygon", "coordinates": [ [ [ 140.001891986, 35.390576471 ], [ 140.001883617, 35.390742184 ], [ 140.002169461, 35.390747817 ], [ 140.002161175, 35.390645842 ], [ 140.00211040100001, 35.390578388 ], [ 140.001891986, 35.390576471 ] ] ] } },
{ "type": "Feature", "properties": { "fid": 143, "polygon_uuid": "05fa0bf0-ac03-41a7-bca1-3585b75a7022", "AreaOnRegistry": "1024", "Address": "千葉県袖ケ浦市大鳥居八幡向252", "Tiban": "252", "dup_count": 1, "等分済み": 1049.231936827302 }, "geometry": { "type": "Polygon", "coordinates": [ [ [ 139.999800814999986, 35.395382528 ], [ 140.000341257, 35.395271031 ], [ 140.000284664, 35.39509246 ], [ 139.999743482000014, 35.395199107 ], [ 139.999800814999986, 35.395382528 ] ] ] } },
{ "type": "Feature", "properties": { "fid": 144, "polygon_uuid": "f1c3d93e-b77d-4576-a18f-37081b81f66c", "AreaOnRegistry": "1024", "Address": "千葉県袖ケ浦市大鳥居久保田715", "Tiban": "715", "dup_count": 1, "等分済み": 1098.281932875514 }, "geometry": { "type": "Polygon", "coordinates": [ [ [ 139.993287367, 35.392181503 ], [ 139.993833316, 35.392060171 ], [ 139.993775183, 35.391875661 ], [ 139.993231533, 35.39199074 ], [ 139.993287367, 35.392181503 ] ] ] } },
{ "type": "Feature", "properties": { "fid": 145, "polygon_uuid": "838dbee6-dc9b-4195-a8d6-37daf6c73cb9", "AreaOnRegistry": "429", "Address": "千葉県袖ケ浦市大鳥居政所669-1", "Tiban": "669-1", "dup_count": 3, "等分済み": 482.35490339994431 }, "geometry": { "type": "Polygon", "coordinates": [ [ [ 139.995579537999987, 35.391637476 ], [ 139.995653605, 35.391880843 ], [ 139.995799586919929, 35.391849536673384 ], [ 139.995799586919929, 35.391586585564859 ], [ 139.995579537999987, 35.391637476 ] ] ] } },
{ "type": "Feature", "properties": { "fid": 146, "polygon_uuid": "838dbee6-dc9b-4195-a8d6-37daf6c73cb9", "AreaOnRegistry": "297", "Address": "千葉県袖ケ浦市大鳥居政所668-2", "Tiban": "668-2", "dup_count": 3, "等分済み": 482.35509072244167 }, "geometry": { "type": "Polygon", "coordinates": [ [ [ 139.995799586919929, 35.391586585564859 ], [ 139.995799586919929, 35.391849536673384 ], [ 139.995980528414805, 35.391810733145242 ], [ 139.995980528414805, 35.391544739454403 ], [ 139.995799586919929, 35.391586585564859 ] ] ] } },
{ "type": "Feature", "properties": { "fid": 147, "polygon_uuid": "838dbee6-dc9b-4195-a8d6-37daf6c73cb9", "AreaOnRegistry": "727", "Address": "千葉県袖ケ浦市大鳥居政所668-1", "Tiban": "668-1", "dup_count": 3, "等分済み": 482.35471689328551 }, "geometry": { "type": "Polygon", "coordinates": [ [ [ 139.996118997, 35.391512716 ], [ 139.995980528414805, 35.391544739454403 ], [ 139.995980528414805, 35.391810733145242 ], [ 139.996199952000012, 35.391763677 ], [ 139.996118997, 35.391512716 ] ] ] } },
{ "type": "Feature", "properties": { "fid": 148, "polygon_uuid": "5ce53d5e-fa40-4766-8542-3a546d70c6f0", "AreaOnRegistry": "1024", "Address": "千葉県袖ケ浦市大鳥居駒木354", "Tiban": "354", "dup_count": 1, "等分済み": 1094.1782255657017 }, "geometry": { "type": "Polygon", "coordinates": [ [ [ 139.995698989, 35.394044857 ], [ 139.996237995, 35.393943975 ], [ 139.996178735, 35.393749968 ], [ 139.995638582, 35.393859867 ], [ 139.995698989, 35.394044857 ] ] ] } },
{ "type": "Feature", "properties": { "fid": 149, "polygon_uuid": "5307a07b-ffaf-4290-ab6a-3a96761f4e85", "AreaOnRegistry": "1024", "Address": "千葉県袖ケ浦市大鳥居政所672", "Tiban": "672", "dup_count": 1, "等分済み": 871.57239928841591 }, "geometry": { "type": "Polygon", "coordinates": [ [ [ 139.995974456, 35.391064628 ], [ 139.99592577300001, 35.390913702 ], [ 139.995393207, 35.391025232 ], [ 139.995439787, 35.391178285 ], [ 139.995974456, 35.391064628 ] ] ] } },
{ "type": "Feature", "properties": { "fid": 150, "polygon_uuid": "48456237-8ef4-41a5-8c95-3b47eabc1c69", "AreaOnRegistry": "1024", "Address": "千葉県袖ケ浦市大鳥居中戸170", "Tiban": "170", "dup_count": 1, "等分済み": 1005.8028843663633 }, "geometry": { "type": "Polygon", "coordinates": [ [ [ 140.0023602, 35.393504715 ], [ 140.00289509800001, 35.39338885 ], [ 140.002842507, 35.39321591 ], [ 140.002306678999986, 35.393327405 ], [ 140.0023602, 35.393504715 ] ] ] } },
{ "type": "Feature", "properties": { "fid": 151, "polygon_uuid": "bf08f732-5c68-4c29-8c9a-3b83ff1d272d", "AreaOnRegistry": "1024", "Address": "千葉県袖ケ浦市大鳥居駒木344", "Tiban": "344", "dup_count": 1, "等分済み": 1031.1235241517425 }, "geometry": { "type": "Polygon", "coordinates": [ [ [ 139.995900849, 35.392840195 ], [ 139.995846817, 35.392663294 ], [ 139.995306950000014, 35.392780903 ], [ 139.995361245, 35.392959314 ], [ 139.995900849, 35.392840195 ] ] ] } },
{ "type": "Feature", "properties": { "fid": 152, "polygon_uuid": "5795bcaa-27be-4bf9-be3a-3cf1a547ede3", "AreaOnRegistry": "727", "Address": "千葉県袖ケ浦市大鳥居宮ノ下591", "Tiban": "591", "dup_count": 1, "等分済み": 723.20126574486494 }, "geometry": { "type": "Polygon", "coordinates": [ [ [ 139.999716832, 35.391001193 ], [ 140.000263679, 35.390880935 ], [ 140.000224062, 35.390756133 ], [ 139.999681749, 35.390879186 ], [ 139.999716832, 35.391001193 ] ] ] } },
{ "type": "Feature", "properties": { "fid": 153, "polygon_uuid": "639d54fa-7801-4d22-a278-3daf896b2766", "AreaOnRegistry": "1024", "Address": "千葉県袖ケ浦市大鳥居駒木358", "Tiban": "358", "dup_count": 1, "等分済み": 1056.1622736342251 }, "geometry": { "type": "Polygon", "coordinates": [ [ [ 139.99679344, 35.393624402 ], [ 139.996738223, 35.393450465 ], [ 139.996181125, 35.393573308 ], [ 139.996235249, 35.393750748 ], [ 139.99679344, 35.393624402 ] ] ] } },
{ "type": "Feature", "properties": { "fid": 154, "polygon_uuid": "e9b3a3c3-2246-4308-b940-3e0e6d32841f", "AreaOnRegistry": null, "Address": null, "Tiban": null, "dup_count": 1, "等分済み": 269.0840764422901 }, "geometry": { "type": "Polygon", "coordinates": [ [ [ 139.995734102, 35.394170302 ], [ 139.995742989, 35.394206634 ], [ 139.995766155000013, 35.394216081 ], [ 139.99585295, 35.394211225 ], [ 139.995957081, 35.3941945 ], [ 139.996301292, 35.394139543 ], [ 139.996289529, 35.394112691 ], [ 139.996216228, 35.39411279 ], [ 139.996046524, 35.394135132 ], [ 139.995903799, 35.394144801 ], [ 139.995803512, 35.394154413 ], [ 139.995734102, 35.394170302 ] ] ] } },
{ "type": "Feature", "properties": { "fid": 155, "polygon_uuid": "a8ccc6c5-8473-445d-84ea-3f0ecec7c525", "AreaOnRegistry": "386", "Address": "千葉県袖ケ浦市大鳥居下峯569-2", "Tiban": "569-2", "dup_count": 1, "等分済み": 390.36536705767503 }, "geometry": { "type": "Polygon", "coordinates": [ [ [ 140.00162291, 35.390573931 ], [ 140.001636473, 35.390856254 ], [ 140.001768115, 35.390853701 ], [ 140.001767625000014, 35.39057538 ], [ 140.001644567999989, 35.3905743 ], [ 140.00162291, 35.390573931 ] ] ] } },
{ "type": "Feature", "properties": { "fid": 156, "polygon_uuid": "39aae138-90fb-4ed7-9d89-3f41ded7959e", "AreaOnRegistry": "1024", "Address": "千葉県袖ケ浦市大鳥居橋戸300", "Tiban": "300", "dup_count": 1, "等分済み": 1178.9694029949605 }, "geometry": { "type": "Polygon", "coordinates": [ [ [ 139.998167916, 35.394200791 ], [ 139.998107573, 35.394003044 ], [ 139.997553661000012, 35.394118238 ], [ 139.997615270000011, 35.394317726 ], [ 139.998167916, 35.394200791 ] ] ] } },
{ "type": "Feature", "properties": { "fid": 157, "polygon_uuid": "693978eb-9cc4-4f83-8d44-3fce2e097841", "AreaOnRegistry": "1024", "Address": "千葉県袖ケ浦市大鳥居久保田723", "Tiban": "723", "dup_count": 2, "等分済み": 1084.4283645376563 }, "geometry": { "type": "Polygon", "coordinates": [ [ [ 139.993161260035947, 35.393143863177436 ], [ 139.993161260035947, 35.39277153264193 ], [ 139.992818118, 35.392845057 ], [ 139.992920269, 35.393188748 ], [ 139.993161260035947, 35.393143863177436 ] ] ] } },
{ "type": "Feature", "properties": { "fid": 158, "polygon_uuid": "693978eb-9cc4-4f83-8d44-3fce2e097841", "AreaOnRegistry": "998", "Address": "千葉県袖ケ浦市大鳥居岨724", "Tiban": "724", "dup_count": 2, "等分済み": 1084.4282944053411 }, "geometry": { "type": "Polygon", "coordinates": [ [ [ 139.993503788, 35.393080067 ], [ 139.993390728, 35.392722365 ], [ 139.993161260035947, 35.39277153264193 ], [ 139.993161260035947, 35.393143863177436 ], [ 139.993503788, 35.393080067 ] ] ] } },
{ "type": "Feature", "properties": { "fid": 159, "polygon_uuid": "1dd282fc-3092-49f8-8021-400160552a71", "AreaOnRegistry": "542", "Address": "千葉県袖ケ浦市大鳥居下峯578", "Tiban": "578", "dup_count": 1, "等分済み": 497.84489851995022 }, "geometry": { "type": "Polygon", "coordinates": [ [ [ 140.001176864, 35.391515385 ], [ 140.00132098200001, 35.391519118 ], [ 140.001522720999986, 35.391511757 ], [ 140.001523336, 35.391380379 ], [ 140.001465774, 35.391384389 ], [ 140.001382213, 35.391395519 ], [ 140.001290942999987, 35.391395646 ], [ 140.001224637, 35.391388658 ], [ 140.001151943, 35.391363743 ], [ 140.001119159000012, 35.391486357 ], [ 140.001152796000014, 35.391491818 ], [ 140.001176864, 35.391515385 ] ] ] } },
{ "type": "Feature", "properties": { "fid": 160, "polygon_uuid": "75515f67-648b-41e9-b66a-404f0f117513", "AreaOnRegistry": "1024", "Address": "千葉県袖ケ浦市大鳥居下の栄405", "Tiban": "405", "dup_count": 3, "等分済み": 1055.5028951615095 }, "geometry": { "type": "Polygon", "coordinates": [ [ [ 139.997119565, 35.392605592 ], [ 139.997288751000013, 35.393143173 ], [ 139.997386288241842, 35.393122456338141 ], [ 139.997386288241842, 35.392546973756687 ], [ 139.997119565, 35.392605592 ] ] ] } },
{ "type": "Feature", "properties": { "fid": 161, "polygon_uuid": "75515f67-648b-41e9-b66a-404f0f117513", "AreaOnRegistry": "1024", "Address": "千葉県袖ケ浦市大鳥居下の栄404", "Tiban": "404", "dup_count": 3, "等分済み": 1055.5032952725887 }, "geometry": { "type": "Polygon", "coordinates": [ [ [ 139.997386288241842, 35.392546973756687 ], [ 139.997386288241842, 35.393122456338141 ], [ 139.997568040384209, 35.393083852645795 ], [ 139.997568040384209, 35.392507029763692 ], [ 139.997386288241842, 35.392546973756687 ] ] ] } },
{ "type": "Feature", "properties": { "fid": 162, "polygon_uuid": "75515f67-648b-41e9-b66a-404f0f117513", "AreaOnRegistry": "1024", "Address": "千葉県袖ケ浦市大鳥居下の栄403", "Tiban": "403", "dup_count": 3, "等分済み": 1055.5024856850505 }, "geometry": { "type": "Polygon", "coordinates": [ [ [ 139.99766423, 35.39248589 ], [ 139.997568040384209, 35.392507029763692 ], [ 139.997568040384209, 35.393083852645795 ], [ 139.997834605, 35.393027235 ], [ 139.99766423, 35.39248589 ] ] ] } },
{ "type": "Feature", "properties": { "fid": 163, "polygon_uuid": "fa7d127b-32fa-4556-b703-41274190dad1", "AreaOnRegistry": "780", "Address": "千葉県袖ケ浦市大鳥居宮ノ下596-1", "Tiban": "596-1", "dup_count": 1, "等分済み": 990.78450549393892 }, "geometry": { "type": "Polygon", "coordinates": [ [ [ 139.99939877, 35.391907382 ], [ 139.999828349000012, 35.391804454 ], [ 139.999910526, 35.391744436 ], [ 139.999864537, 35.391614706 ], [ 139.999340466, 35.391717764 ], [ 139.99939877, 35.391907382 ] ] ] } },
{ "type": "Feature", "properties": { "fid": 164, "polygon_uuid": "1ee1f6f3-a921-446e-83cf-4156a0787ecb", "AreaOnRegistry": "1024", "Address": "千葉県袖ケ浦市大鳥居八幡向270", "Tiban": "270", "dup_count": 3, "等分済み": 1058.2495555356145 }, "geometry": { "type": "Polygon", "coordinates": [ [ [ 139.998776975999988, 35.39405628 ], [ 139.998947746, 35.394594444 ], [ 139.999046182128211, 35.394575552934342 ], [ 139.999046182128211, 35.394004311785068 ], [ 139.998776975999988, 35.39405628 ] ] ] } },
{ "type": "Feature", "properties": { "fid": 165, "polygon_uuid": "1ee1f6f3-a921-446e-83cf-4156a0787ecb", "AreaOnRegistry": "1024", "Address": "千葉県袖ケ浦市大鳥居八幡向269", "Tiban": "269", "dup_count": 3, "等分済み": 1058.2499451935291 }, "geometry": { "type": "Polygon", "coordinates": [ [ [ 139.999046182128211, 35.394004311785068 ], [ 139.999046182128211, 35.394575552934342 ], [ 139.999229943864435, 35.394540286868029 ], [ 139.999229943864435, 35.393968837966291 ], [ 139.999046182128211, 35.394004311785068 ] ] ] } },
{ "type": "Feature", "properties": { "fid": 166, "polygon_uuid": "1ee1f6f3-a921-446e-83cf-4156a0787ecb", "AreaOnRegistry": "1024", "Address": "千葉県袖ケ浦市大鳥居八幡向271", "Tiban": "271", "dup_count": 3, "等分済み": 1058.2491538673639 }, "geometry": { "type": "Polygon", "coordinates": [ [ [ 139.999328637, 35.393949786 ], [ 139.999229943864435, 35.393968837966291 ], [ 139.999229943864435, 35.394540286868029 ], [ 139.999498655, 35.394488718 ], [ 139.999328637, 35.393949786 ] ] ] } },
{ "type": "Feature", "properties": { "fid": 167, "polygon_uuid": "55fe5e66-7296-48b4-bdb9-415d00451b4f", "AreaOnRegistry": "922", "Address": "千葉県袖ケ浦市大鳥居西村531", "Tiban": "531", "dup_count": 1, "等分済み": 964.74417818896472 }, "geometry": { "type": "Polygon", "coordinates": [ [ [ 140.004756048, 35.391188127 ], [ 140.004695377, 35.390991469 ], [ 140.00438685200001, 35.391068698 ], [ 140.004174813, 35.391247876 ], [ 140.004192754, 35.391305537 ], [ 140.004756048, 35.391188127 ] ] ] } },
{ "type": "Feature", "properties": { "fid": 168, "polygon_uuid": "6702d63b-24df-4683-8d66-416974b5a3ea", "AreaOnRegistry": "1024", "Address": "千葉県袖ケ浦市大鳥居八幡向239", "Tiban": "239", "dup_count": 3, "等分済み": 925.62116371840239 }, "geometry": { "type": "Polygon", "coordinates": [ [ [ 139.999972947, 35.39390174 ], [ 140.00011875300001, 35.394362736 ], [ 140.000230803415008, 35.394339222799971 ], [ 140.000230803415008, 35.393840564619801 ], [ 139.999972947, 35.39390174 ] ] ] } },
{ "type": "Feature", "properties": { "fid": 169, "polygon_uuid": "6702d63b-24df-4683-8d66-416974b5a3ea", "AreaOnRegistry": "595", "Address": "千葉県袖ケ浦市大鳥居八幡向240-1", "Tiban": "240-1", "dup_count": 3, "等分済み": 925.62151572108269 }, "geometry": { "type": "Polygon", "coordinates": [ [ [ 140.000230803415008, 35.393840564619801 ], [ 140.000230803415008, 35.394339222799971 ], [ 140.000414040667096, 35.394300771410379 ], [ 140.000414040667096, 35.393797092330921 ], [ 140.000230803415008, 35.393840564619801 ] ] ] } },
{ "type": "Feature", "properties": { "fid": 170, "polygon_uuid": "6702d63b-24df-4683-8d66-416974b5a3ea", "AreaOnRegistry": "1024", "Address": "千葉県袖ケ浦市大鳥居八幡向238", "Tiban": "238", "dup_count": 3, "等分済み": 925.6208058744669 }, "geometry": { "type": "Polygon", "coordinates": [ [ [ 140.000521673, 35.393771557 ], [ 140.000414040667096, 35.393797092330921 ], [ 140.000414040667096, 35.394300771410379 ], [ 140.00066956, 35.394247152 ], [ 140.000521673, 35.393771557 ] ] ] } },
{ "type": "Feature", "properties": { "fid": 171, "polygon_uuid": "e9603dd9-a053-4686-9bd7-41bf0cedd8f2", "AreaOnRegistry": "1024", "Address": "千葉県袖ケ浦市大鳥居中戸162", "Tiban": "162", "dup_count": 1, "等分済み": 1180.4985799901187 }, "geometry": { "type": "Polygon", "coordinates": [ [ [ 140.003238675, 35.394507057 ], [ 140.003180613000012, 35.394308886 ], [ 140.002633221, 35.394427663 ], [ 140.0026996, 35.394632694 ], [ 140.003238675, 35.394507057 ] ] ] } },
{ "type": "Feature", "properties": { "fid": 172, "polygon_uuid": "26c7c2f4-ae1e-4adc-af41-4243310ad38a", "AreaOnRegistry": "682", "Address": "千葉県袖ケ浦市大鳥居西村350-2", "Tiban": "350-2", "dup_count": 1, "等分済み": 294.2146704159677 }, "geometry": { "type": "Polygon", "coordinates": [ [ [ 140.002808593999987, 35.392070905 ], [ 140.002735382, 35.391978175 ], [ 140.002518444, 35.392073262 ], [ 140.002582111, 35.392178592 ], [ 140.002751010999987, 35.392100881 ], [ 140.002808593999987, 35.392070905 ] ] ] } },
{ "type": "Feature", "properties": { "fid": 173, "polygon_uuid": "ffa34563-3379-41a9-814f-43604fd7119f", "AreaOnRegistry": "1024", "Address": "千葉県袖ケ浦市大鳥居橋戸308", "Tiban": "308", "dup_count": 1, "等分済み": 1123.3811930418015 }, "geometry": { "type": "Polygon", "coordinates": [ [ [ 139.997845182, 35.395223866 ], [ 139.997784607, 35.395028192 ], [ 139.997227535, 35.395140913 ], [ 139.99728046300001, 35.395321383 ], [ 139.997845182, 35.395223866 ] ] ] } },
{ "type": "Feature", "properties": { "fid": 174, "polygon_uuid": "4b2060ad-a061-416d-99e8-4376ac3ccf14", "AreaOnRegistry": "1024", "Address": "千葉県袖ケ浦市大鳥居八幡向245", "Tiban": "245", "dup_count": 1, "等分済み": 1020.5933988429606 }, "geometry": { "type": "Polygon", "coordinates": [ [ [ 139.999407988, 35.394125769 ], [ 139.999940349000013, 35.394005985 ], [ 139.99988582, 35.393833918 ], [ 139.999350657, 35.393942348 ], [ 139.999407988, 35.394125769 ] ] ] } },
{ "type": "Feature", "properties": { "fid": 175, "polygon_uuid": "e28204bb-2fce-4b63-bf8c-4592800484fc", "AreaOnRegistry": "1024", "Address": "千葉県袖ケ浦市大鳥居下の栄464", "Tiban": "464", "dup_count": 1, "等分済み": 1069.4377059713006 }, "geometry": { "type": "Polygon", "coordinates": [ [ [ 139.998850439, 35.392244068 ], [ 139.998910626999987, 35.392420351 ], [ 139.999466242000011, 35.392300477 ], [ 139.999410468, 35.392121551 ], [ 139.998850439, 35.392244068 ] ] ] } },
{ "type": "Feature", "properties": { "fid": 176, "polygon_uuid": "d70e19a1-5817-417e-9d5f-45c2197dbaf0", "AreaOnRegistry": "142", "Address": "千葉県袖ケ浦市大鳥居駒木355-2", "Tiban": "355-2", "dup_count": 2, "等分済み": 406.54072842374444 }, "geometry": { "type": "Polygon", "coordinates": [ [ [ 139.995734102, 35.394170302 ], [ 139.995803512, 35.394154413 ], [ 139.995903799, 35.394144801 ], [ 139.9960126231218, 35.394137428637535 ], [ 139.9960126231218, 35.393986156285209 ], [ 139.995698989, 35.394044857 ], [ 139.99572242, 35.394116614 ], [ 139.995734102, 35.394170302 ] ] ] } },
{ "type": "Feature", "properties": { "fid": 177, "polygon_uuid": "d70e19a1-5817-417e-9d5f-45c2197dbaf0", "AreaOnRegistry": "809", "Address": "千葉県袖ケ浦市大鳥居駒木355-1", "Tiban": "355-1", "dup_count": 2, "等分済み": 406.54158500954509 }, "geometry": { "type": "Polygon", "coordinates": [ [ [ 139.996046524, 35.394135132 ], [ 139.996216228, 35.39411279 ], [ 139.996289529, 35.394112691 ], [ 139.996237995, 35.393943975 ], [ 139.9960126231218, 35.393986156285209 ], [ 139.9960126231218, 35.394137428637535 ], [ 139.996046524, 35.394135132 ] ] ] } },
{ "type": "Feature", "properties": { "fid": 178, "polygon_uuid": "947d23bc-39a5-44f8-ba26-45c44c144a65", "AreaOnRegistry": "796", "Address": "千葉県袖ケ浦市大鳥居橋戸325-1", "Tiban": "325-1", "dup_count": 1, "等分済み": 857.74305085465312 }, "geometry": { "type": "Polygon", "coordinates": [ [ [ 139.99645869, 35.394730284 ], [ 139.996401100000014, 35.394543608 ], [ 139.995856829, 35.394663106 ], [ 139.996136852, 35.3947969 ], [ 139.99645869, 35.394730284 ] ] ] } },
{ "type": "Feature", "properties": { "fid": 179, "polygon_uuid": "2f749065-ff55-4502-928f-46330f850b0d", "AreaOnRegistry": "1097", "Address": "千葉県袖ケ浦市大鳥居政所674", "Tiban": "674", "dup_count": 1, "等分済み": 1123.3226610049605 }, "geometry": { "type": "Polygon", "coordinates": [ [ [ 139.99585294, 35.390687915 ], [ 139.995814468, 35.390568645 ], [ 139.995241505, 35.390526767 ], [ 139.995326010000014, 35.390804436 ], [ 139.99585294, 35.390687915 ] ] ] } },
{ "type": "Feature", "properties": { "fid": 180, "polygon_uuid": "a3de5908-70c2-454a-bde0-46ca40a5f56d", "AreaOnRegistry": "622", "Address": "千葉県袖ケ浦市大鳥居宮ノ下579-1", "Tiban": "579-1", "dup_count": 1, "等分済み": 644.87174206972122 }, "geometry": { "type": "Polygon", "coordinates": [ [ [ 140.000429371, 35.391282509 ], [ 140.000545983, 35.391661744 ], [ 140.000698324000012, 35.391629085 ], [ 140.000592694, 35.391246188 ], [ 140.000429371, 35.391282509 ] ] ] } },
{ "type": "Feature", "properties": { "fid": 181, "polygon_uuid": "2dbd4660-e41d-440c-8fe7-477e6a677e1a", "AreaOnRegistry": "1024", "Address": "千葉県袖ケ浦市大鳥居下の栄467", "Tiban": "467", "dup_count": 1, "等分済み": 1032.33764911443 }, "geometry": { "type": "Polygon", "coordinates": [ [ [ 139.999030205999986, 35.392784807 ], [ 139.999085522, 35.392960686 ], [ 139.999519162000013, 35.392868591 ], [ 139.999631227, 35.39284479 ], [ 139.999578772, 35.392669098 ], [ 139.999030205999986, 35.392784807 ] ] ] } },
{ "type": "Feature", "properties": { "fid": 182, "polygon_uuid": "6e66f6d3-c583-4970-98b2-47b066880e24", "AreaOnRegistry": "1024", "Address": "千葉県袖ケ浦市大鳥居宮ノ下593", "Tiban": "593", "dup_count": 1, "等分済み": 1057.9138807207346 }, "geometry": { "type": "Polygon", "coordinates": [ [ [ 139.999781557, 35.391226281 ], [ 139.99983372, 35.391407678 ], [ 140.000391807, 35.391284542 ], [ 140.000336952999987, 35.391111751 ], [ 139.999781557, 35.391226281 ] ] ] } },
{ "type": "Feature", "properties": { "fid": 183, "polygon_uuid": "86d921c5-eba6-4598-b2d2-47be885fa398", "AreaOnRegistry": "601", "Address": "千葉県袖ケ浦市大鳥居川岸73-2", "Tiban": "73-2", "dup_count": 1, "等分済み": 591.08763025328517 }, "geometry": { "type": "Polygon", "coordinates": [ [ [ 140.004707145, 35.390831256 ], [ 140.004897991, 35.390798798 ], [ 140.004731627000012, 35.390494242 ], [ 140.004549829000013, 35.390572441 ], [ 140.004639648, 35.390684639 ], [ 140.004707145, 35.390831256 ] ] ] } },
{ "type": "Feature", "properties": { "fid": 184, "polygon_uuid": "f824d304-2cb1-4136-a802-485de035dac5", "AreaOnRegistry": "1071", "Address": "千葉県袖ケ浦市大鳥居川岸39-1", "Tiban": "39-1", "dup_count": 3, "等分済み": 701.83463713526726 }, "geometry": { "type": "Polygon", "coordinates": [ [ [ 140.006189041, 35.389569545 ], [ 140.006294365, 35.389948765 ], [ 140.006417392811812, 35.389925440145134 ], [ 140.006417392811812, 35.389530688984642 ], [ 140.006189041, 35.389569545 ] ] ] } },
{ "type": "Feature", "properties": { "fid": 185, "polygon_uuid": "f824d304-2cb1-4136-a802-485de035dac5", "AreaOnRegistry": "1024", "Address": "千葉県袖ケ浦市大鳥居川岸38", "Tiban": "38", "dup_count": 3, "等分済み": 701.83483459055424 }, "geometry": { "type": "Polygon", "coordinates": [ [ [ 140.006417392811812, 35.389530688984642 ], [ 140.006417392811812, 35.389925440145134 ], [ 140.006594546586228, 35.389891853543737 ], [ 140.006594546586228, 35.389500544753581 ], [ 140.006417392811812, 35.389530688984642 ] ] ] } },
{ "type": "Feature", "properties": { "fid": 186, "polygon_uuid": "f824d304-2cb1-4136-a802-485de035dac5", "AreaOnRegistry": "343", "Address": "千葉県袖ケ浦市大鳥居川岸37-2", "Tiban": "37-2", "dup_count": 3, "等分済み": 701.8343503922224 }, "geometry": { "type": "Polygon", "coordinates": [ [ [ 140.006594546586228, 35.389500544753581 ], [ 140.006594546586228, 35.389891853543737 ], [ 140.006829028999988, 35.389847398 ], [ 140.00671736000001, 35.389479647 ], [ 140.006594546586228, 35.389500544753581 ] ] ] } },
{ "type": "Feature", "properties": { "fid": 187, "polygon_uuid": "1bf5718d-dbde-4c2f-98e0-4917de4ca933", "AreaOnRegistry": "998", "Address": "千葉県袖ケ浦市大鳥居八幡向243", "Tiban": "243", "dup_count": 2, "等分済み": 1050.3291277214885 }, "geometry": { "type": "Polygon", "coordinates": [ [ [ 139.999563930687543, 35.393899136369264 ], [ 139.999563930687543, 35.393508327146513 ], [ 139.999239761000013, 35.393581642 ], [ 139.999350657, 35.393942348 ], [ 139.999563930687543, 35.393899136369264 ] ] ] } },
{ "type": "Feature", "properties": { "fid": 188, "polygon_uuid": "1bf5718d-dbde-4c2f-98e0-4917de4ca933", "AreaOnRegistry": "1024", "Address": "千葉県袖ケ浦市大鳥居八幡向244", "Tiban": "244", "dup_count": 2, "等分済み": 1050.3291189521551 }, "geometry": { "type": "Polygon", "coordinates": [ [ [ 139.99988582, 35.393833918 ], [ 139.999771296, 35.393461429 ], [ 139.999563930687543, 35.393508327146513 ], [ 139.999563930687543, 35.393899136369264 ], [ 139.99988582, 35.393833918 ] ] ] } },
{ "type": "Feature", "properties": { "fid": 189, "polygon_uuid": "e8f1dcd9-b243-45bc-ad47-4965a3f91916", "AreaOnRegistry": "1024", "Address": "千葉県袖ケ浦市大鳥居八幡向219-1", "Tiban": "219-1", "dup_count": 2, "等分済み": 1030.3807863295078 }, "geometry": { "type": "Polygon", "coordinates": [ [ [ 140.001248752863262, 35.395278603992281 ], [ 140.001248752863262, 35.3948856711662 ], [ 140.000930045, 35.394954475 ], [ 140.001045225000013, 35.395320193 ], [ 140.001248752863262, 35.395278603992281 ] ] ] } },
{ "type": "Feature", "properties": { "fid": 190, "polygon_uuid": "e8f1dcd9-b243-45bc-ad47-4965a3f91916", "AreaOnRegistry": "1024", "Address": "千葉県袖ケ浦市大鳥居八幡向220", "Tiban": "220", "dup_count": 2, "等分済み": 1030.3807797431946 }, "geometry": { "type": "Polygon", "coordinates": [ [ [ 140.001565797000012, 35.395213819 ], [ 140.001450162999987, 35.39484219 ], [ 140.001248752863262, 35.3948856711662 ], [ 140.001248752863262, 35.395278603992281 ], [ 140.001565797000012, 35.395213819 ] ] ] } },
{ "type": "Feature", "properties": { "fid": 191, "polygon_uuid": "ccb1542c-b3e1-4d32-b3b4-4991b811a7d5", "AreaOnRegistry": "1032", "Address": "千葉県木更津市椿東985", "Tiban": "985", "dup_count": 1, "等分済み": 1103.1261526686139 }, "geometry": { "type": "Polygon", "coordinates": [ [ [ 139.994263554000014, 35.390775892 ], [ 139.99427207, 35.39083829 ], [ 139.994721399000014, 35.390793984 ], [ 139.994662275, 35.390495786 ], [ 139.994465531, 35.390496049 ], [ 139.994263554000014, 35.390775892 ] ] ] } },
{ "type": "Feature", "properties": { "fid": 192, "polygon_uuid": "e0dc9e41-592a-42af-986a-49c25401c801", "AreaOnRegistry": "595", "Address": "千葉県袖ケ浦市大鳥居政所669-2", "Tiban": "669-2", "dup_count": 1, "等分済み": 585.3123630695045 }, "geometry": { "type": "Polygon", "coordinates": [ [ [ 139.996118997, 35.391512716 ], [ 139.996089488, 35.391421236 ], [ 139.995546181, 35.391527873 ], [ 139.995579537999987, 35.391637476 ], [ 139.996118997, 35.391512716 ] ] ] } },
{ "type": "Feature", "properties": { "fid": 193, "polygon_uuid": "858344d3-f945-45f6-9686-49f55d85b919", "AreaOnRegistry": "1024", "Address": "千葉県袖ケ浦市大鳥居下の栄465", "Tiban": "465", "dup_count": 1, "等分済み": 1110.7661099098623 }, "geometry": { "type": "Polygon", "coordinates": [ [ [ 139.998973452, 35.392604356 ], [ 139.999524938, 35.392488782 ], [ 139.999466242000011, 35.392300477 ], [ 139.998910626999987, 35.392420351 ], [ 139.998973452, 35.392604356 ] ] ] } },
{ "type": "Feature", "properties": { "fid": 194, "polygon_uuid": "df855a6a-d98b-4fdb-9e90-4aad78eff2c1", "AreaOnRegistry": "1024", "Address": "千葉県袖ケ浦市大鳥居西村529-1", "Tiban": "529-1", "dup_count": 2, "等分済み": 1011.1307161673903 }, "geometry": { "type": "Polygon", "coordinates": [ [ [ 140.004263894, 35.391490927 ], [ 140.004359457, 35.391849128 ], [ 140.004580272975943, 35.391798276368249 ], [ 140.004580272975943, 35.391429507918147 ], [ 140.004263894, 35.391490927 ] ] ] } },
{ "type": "Feature", "properties": { "fid": 195, "polygon_uuid": "df855a6a-d98b-4fdb-9e90-4aad78eff2c1", "AreaOnRegistry": "1024", "Address": "千葉県袖ケ浦市大鳥居西村528", "Tiban": "528", "dup_count": 2, "等分済み": 1011.130659557879 }, "geometry": { "type": "Polygon", "coordinates": [ [ [ 140.004805553000011, 35.391385774 ], [ 140.004580272975943, 35.391429507918147 ], [ 140.004580272975943, 35.391798276368249 ], [ 140.004906238, 35.39172321 ], [ 140.004805553000011, 35.391385774 ] ] ] } },
{ "type": "Feature", "properties": { "fid": 196, "polygon_uuid": "c315ce94-d692-4d21-bab6-4b554eef8db5", "AreaOnRegistry": "1022", "Address": "千葉県袖ケ浦市大鳥居中戸161-1", "Tiban": "161-1", "dup_count": 2, "等分済み": 663.83885366469622 }, "geometry": { "type": "Polygon", "coordinates": [ [ [ 140.002964595752815, 35.394841675116822 ], [ 140.002964595752815, 35.394570934001123 ], [ 140.0026996, 35.394632694 ], [ 140.002797998, 35.394936626 ], [ 140.002964595752815, 35.394841675116822 ] ] ] } },
{ "type": "Feature", "properties": { "fid": 197, "polygon_uuid": "c315ce94-d692-4d21-bab6-4b554eef8db5", "AreaOnRegistry": "424", "Address": "千葉県袖ケ浦市大鳥居中戸160-1", "Tiban": "160-1", "dup_count": 2, "等分済み": 663.83873219788074 }, "geometry": { "type": "Polygon", "coordinates": [ [ [ 140.003286989, 35.39465793 ], [ 140.003238675, 35.394507057 ], [ 140.002964595752815, 35.394570934001123 ], [ 140.002964595752815, 35.394841675116822 ], [ 140.003286989, 35.39465793 ] ] ] } },
{ "type": "Feature", "properties": { "fid": 198, "polygon_uuid": "0c413ed1-2935-48de-bffb-4bb823003be5", "AreaOnRegistry": "1123", "Address": "千葉県袖ケ浦市大鳥居岨725", "Tiban": "725", "dup_count": 1, "等分済み": 1407.1203678436577 }, "geometry": { "type": "Polygon", "coordinates": [ [ [ 139.992941478, 35.393297599 ], [ 139.993118077, 35.39331259 ], [ 139.99322066, 35.393336444 ], [ 139.993326923000012, 35.393369288 ], [ 139.993610115, 35.3934543 ], [ 139.993503788, 35.393080067 ], [ 139.992920269, 35.393188748 ], [ 139.992941478, 35.393297599 ] ] ] } },
{ "type": "Feature", "properties": { "fid": 199, "polygon_uuid": "f5673377-58a3-4e41-813c-4c07a42441f9", "AreaOnRegistry": "979", "Address": "千葉県木更津市椿東955", "Tiban": "955", "dup_count": 5, "等分済み": 844.84348999150097 }, "geometry": { "type": "Polygon", "coordinates": [ [ [ 139.99145852748336, 35.39152085553259 ], [ 139.99145852748336, 35.391059843603806 ], [ 139.991283743999986, 35.391063578 ], [ 139.9912699, 35.391525428 ], [ 139.99145852748336, 35.39152085553259 ] ] ] } },
{ "type": "Feature", "properties": { "fid": 200, "polygon_uuid": "f5673377-58a3-4e41-813c-4c07a42441f9", "AreaOnRegistry": "1200", "Address": "千葉県木更津市椿東956", "Tiban": "956", "dup_count": 5, "等分済み": 844.84345763921738 }, "geometry": { "type": "Polygon", "coordinates": [ [ [ 139.991640438910736, 35.391516445867268 ], [ 139.991640438910736, 35.391055956913092 ], [ 139.99145852748336, 35.391059843603806 ], [ 139.99145852748336, 35.39152085553259 ], [ 139.991640438910736, 35.391516445867268 ] ] ] } },
{ "type": "Feature", "properties": { "fid": 201, "polygon_uuid": "f5673377-58a3-4e41-813c-4c07a42441f9", "AreaOnRegistry": "542", "Address": "千葉県木更津市椿東953-1", "Tiban": "953-1", "dup_count": 5, "等分済み": 844.84344279766083 }, "geometry": { "type": "Polygon", "coordinates": [ [ [ 139.991822557156269, 35.391512031188519 ], [ 139.991822557156269, 35.391052065803528 ], [ 139.991640438910736, 35.391055956913092 ], [ 139.991640438910736, 35.391516445867268 ], [ 139.991822557156269, 35.391512031188519 ] ] ] } },
{ "type": "Feature", "properties": { "fid": 202, "polygon_uuid": "f5673377-58a3-4e41-813c-4c07a42441f9", "AreaOnRegistry": "500", "Address": "千葉県木更津市椿東953-2", "Tiban": "953-2", "dup_count": 5, "等分済み": 844.8434221893549 }, "geometry": { "type": "Polygon", "coordinates": [ [ [ 139.992004882926125, 35.391507611479234 ], [ 139.992004882926125, 35.391048170260042 ], [ 139.991822557156269, 35.391052065803528 ], [ 139.991822557156269, 35.391512031188519 ], [ 139.992004882926125, 35.391507611479234 ] ] ] } },
{ "type": "Feature", "properties": { "fid": 203, "polygon_uuid": "f5673377-58a3-4e41-813c-4c07a42441f9", "AreaOnRegistry": "1005", "Address": "千葉県木更津市椿東954", "Tiban": "954", "dup_count": 5, "等分済み": 844.84332383575384 }, "geometry": { "type": "Polygon", "coordinates": [ [ [ 139.992191407, 35.39150309 ], [ 139.99218765, 35.391466873 ], [ 139.992186821, 35.391044283 ], [ 139.992004882926125, 35.391048170260042 ], [ 139.992004882926125, 35.391507611479234 ], [ 139.992191407, 35.39150309 ] ] ] } },
{ "type": "Feature", "properties": { "fid": 204, "polygon_uuid": "6b36caff-bb1d-4ede-ba5f-4e437fe3b62c", "AreaOnRegistry": "998", "Address": "千葉県袖ケ浦市大鳥居中戸205", "Tiban": "205", "dup_count": 3, "等分済み": 724.65639089047909 }, "geometry": { "type": "Polygon", "coordinates": [ [ [ 140.000988783, 35.393217814 ], [ 140.001103895999989, 35.393578476 ], [ 140.001234419976697, 35.393551119246382 ], [ 140.001234419976697, 35.393170216590597 ], [ 140.000988783, 35.393217814 ] ] ] } },
{ "type": "Feature", "properties": { "fid": 205, "polygon_uuid": "6b36caff-bb1d-4ede-ba5f-4e437fe3b62c", "AreaOnRegistry": "1024", "Address": "千葉県袖ケ浦市大鳥居中戸204", "Tiban": "204", "dup_count": 3, "等分済み": 724.65665516257286 }, "geometry": { "type": "Polygon", "coordinates": [ [ [ 140.001234419976697, 35.393170216590597 ], [ 140.001234419976697, 35.393551119246382 ], [ 140.001423912048637, 35.393511403264263 ], [ 140.001423912048637, 35.393133498455363 ], [ 140.001234419976697, 35.393170216590597 ] ] ] } },
{ "type": "Feature", "properties": { "fid": 206, "polygon_uuid": "6b36caff-bb1d-4ede-ba5f-4e437fe3b62c", "AreaOnRegistry": "171", "Address": "千葉県袖ケ浦市大鳥居中戸203-2", "Tiban": "203-2", "dup_count": 3, "等分済み": 724.65611629188061 }, "geometry": { "type": "Polygon", "coordinates": [ [ [ 140.001559244, 35.393107275 ], [ 140.001423912048637, 35.393133498455363 ], [ 140.001423912048637, 35.393511403264263 ], [ 140.001670464, 35.393459728 ], [ 140.001559244, 35.393107275 ] ] ] } },
{ "type": "Feature", "properties": { "fid": 207, "polygon_uuid": "61e48ea1-02c7-45a2-b541-4e838acef1eb", "AreaOnRegistry": "284", "Address": "千葉県袖ケ浦市大鳥居駒木352-1", "Tiban": "352-1", "dup_count": 2, "等分済み": 468.85357407061383 }, "geometry": { "type": "Polygon", "coordinates": [ [ [ 139.995638582, 35.393859867 ], [ 139.995590441, 35.393712435 ], [ 139.995354475999989, 35.393752312 ], [ 139.995359219, 35.393839107 ], [ 139.995367912544566, 35.393906836344811 ], [ 139.995653919462626, 35.393906836344811 ], [ 139.995638582, 35.393859867 ] ] ] } },
{ "type": "Feature", "properties": { "fid": 208, "polygon_uuid": "61e48ea1-02c7-45a2-b541-4e838acef1eb", "AreaOnRegistry": "595", "Address": "千葉県袖ケ浦市大鳥居駒木353", "Tiban": "353", "dup_count": 2, "等分済み": 468.85356810037047 }, "geometry": { "type": "Polygon", "coordinates": [ [ [ 139.995548585, 35.394003122 ], [ 139.995571915999989, 35.394094703 ], [ 139.995687743, 35.394138773 ], [ 139.99572242, 35.394116614 ], [ 139.995698989, 35.394044857 ], [ 139.995653919462626, 35.393906836344811 ], [ 139.995367912544566, 35.393906836344811 ], [ 139.995382733000014, 35.394022299 ], [ 139.995548585, 35.394003122 ] ] ] } },
{ "type": "Feature", "properties": { "fid": 209, "polygon_uuid": "d377a2c3-524e-4983-9189-4eda3b08ffdb", "AreaOnRegistry": "1024", "Address": "千葉県袖ケ浦市大鳥居中戸175", "Tiban": "175", "dup_count": 4, "等分済み": 1034.4289266876876 }, "geometry": { "type": "Polygon", "coordinates": [ [ [ 140.002241134, 35.393344728 ], [ 140.001705034999986, 35.393468652 ], [ 140.001741617796597, 35.39358532463617 ], [ 140.002315908932303, 35.39358532463617 ], [ 140.002241134, 35.393344728 ] ] ] } },
{ "type": "Feature", "properties": { "fid": 210, "polygon_uuid": "d377a2c3-524e-4983-9189-4eda3b08ffdb", "AreaOnRegistry": "1024", "Address": "千葉県袖ケ浦市大鳥居中戸176", "Tiban": "176", "dup_count": 4, "等分済み": 1034.4291615076363 }, "geometry": { "type": "Polygon", "coordinates": [ [ [ 140.002315908932303, 35.39358532463617 ], [ 140.001741617796597, 35.39358532463617 ], [ 140.001797674214998, 35.39376410402744 ], [ 140.002371471707818, 35.39376410402744 ], [ 140.002315908932303, 35.39358532463617 ] ] ] } },
{ "type": "Feature", "properties": { "fid": 211, "polygon_uuid": "d377a2c3-524e-4983-9189-4eda3b08ffdb", "AreaOnRegistry": "1024", "Address": "千葉県袖ケ浦市大鳥居中戸177", "Tiban": "177", "dup_count": 4, "等分済み": 1034.4293111376464 }, "geometry": { "type": "Polygon", "coordinates": [ [ [ 140.002371471707818, 35.39376410402744 ], [ 140.001797674214998, 35.39376410402744 ], [ 140.001853779031705, 35.393943037774349 ], [ 140.002427082455426, 35.393943037774349 ], [ 140.002371471707818, 35.39376410402744 ] ] ] } },
{ "type": "Feature", "properties": { "fid": 212, "polygon_uuid": "d377a2c3-524e-4983-9189-4eda3b08ffdb", "AreaOnRegistry": "1024", "Address": "千葉県袖ケ浦市大鳥居中戸178", "Tiban": "178", "dup_count": 4, "等分済み": 1034.4284156598151 }, "geometry": { "type": "Polygon", "coordinates": [ [ [ 140.00246587, 35.394067841 ], [ 140.002427082455426, 35.393943037774349 ], [ 140.001853779031705, 35.393943037774349 ], [ 140.001926949, 35.394176397 ], [ 140.00246587, 35.394067841 ] ] ] } },
{ "type": "Feature", "properties": { "fid": 213, "polygon_uuid": "a0e6b842-d7de-4205-b8e4-510a489b872a", "AreaOnRegistry": "1826", "Address": "千葉県木更津市椿東984", "Tiban": "984", "dup_count": 1, "等分済み": 1946.4038260290399 }, "geometry": { "type": "Polygon", "coordinates": [ [ [ 139.99433287, 35.391285512 ], [ 139.994673084999988, 35.39121362 ], [ 139.994731994, 35.391178326 ], [ 139.994774925, 35.391141041 ], [ 139.994777289000012, 35.391093747 ], [ 139.994721399000014, 35.390793984 ], [ 139.99427207, 35.39083829 ], [ 139.99433287, 35.391285512 ] ] ] } },
{ "type": "Feature", "properties": { "fid": 214, "polygon_uuid": "92d19daa-9e07-4194-8169-5150a3cd00e3", "AreaOnRegistry": null, "Address": null, "Tiban": null, "dup_count": 1, "等分済み": 468.19549632631242 }, "geometry": { "type": "Polygon", "coordinates": [ [ [ 139.993046826000011, 35.393369 ], [ 139.993528736, 35.393572926 ], [ 139.993627485, 35.393509824 ], [ 139.993568839, 35.393482915 ], [ 139.993246348000014, 35.393363398 ], [ 139.993066828, 35.393321655 ], [ 139.993046826000011, 35.393369 ] ] ] } },
{ "type": "Feature", "properties": { "fid": 215, "polygon_uuid": "3b671043-f863-4fdc-afa7-51bf64da05c2", "AreaOnRegistry": "191", "Address": "千葉県袖ケ浦市大鳥居橋戸282-1", "Tiban": "282-1", "dup_count": 2, "等分済み": 508.43630339950323 }, "geometry": { "type": "Polygon", "coordinates": [ [ [ 139.998822043931, 35.395388841423085 ], [ 139.998822043931, 35.395204274482708 ], [ 139.998521684999986, 35.395268388 ], [ 139.998574307000013, 35.395440814 ], [ 139.998822043931, 35.395388841423085 ] ] ] } },
{ "type": "Feature", "properties": { "fid": 216, "polygon_uuid": "3b671043-f863-4fdc-afa7-51bf64da05c2", "AreaOnRegistry": "833", "Address": "千葉県袖ケ浦市大鳥居橋戸282-2", "Tiban": "282-2", "dup_count": 2, "等分済み": 508.4362983815372 }, "geometry": { "type": "Polygon", "coordinates": [ [ [ 139.999121451, 35.395326029 ], [ 139.999067792, 35.395151818 ], [ 139.998822043931, 35.395204274482708 ], [ 139.998822043931, 35.395388841423085 ], [ 139.999121451, 35.395326029 ] ] ] } },
{ "type": "Feature", "properties": { "fid": 217, "polygon_uuid": "3bf92064-a969-4a14-9410-537ddc283fc6", "AreaOnRegistry": "948", "Address": "千葉県袖ケ浦市大鳥居宮ノ下595", "Tiban": "595", "dup_count": 1, "等分済み": 1216.3765069507062 }, "geometry": { "type": "Polygon", "coordinates": [ [ [ 139.999945774999986, 35.391797358 ], [ 140.000515527, 35.391674266 ], [ 140.00045284, 35.391476801 ], [ 139.999887648999987, 35.391595222 ], [ 139.999945774999986, 35.391797358 ] ] ] } },
{ "type": "Feature", "properties": { "fid": 218, "polygon_uuid": "74be17ac-06f2-47a5-aca3-54642d1cf1aa", "AreaOnRegistry": "1024", "Address": "千葉県袖ケ浦市大鳥居駒木368", "Tiban": "368", "dup_count": 2, "等分済み": 1039.9384802952409 }, "geometry": { "type": "Polygon", "coordinates": [ [ [ 139.996968314141895, 35.393399834754518 ], [ 139.996968314141895, 35.393008098268155 ], [ 139.996647593, 35.39307874 ], [ 139.996762026999988, 35.393444954 ], [ 139.996968314141895, 35.393399834754518 ] ] ] } },
{ "type": "Feature", "properties": { "fid": 219, "polygon_uuid": "74be17ac-06f2-47a5-aca3-54642d1cf1aa", "AreaOnRegistry": "1024", "Address": "千葉県袖ケ浦市大鳥居駒木391", "Tiban": "391", "dup_count": 2, "等分済み": 1039.9384667947888 }, "geometry": { "type": "Polygon", "coordinates": [ [ [ 139.99729013000001, 35.393329447 ], [ 139.997172987999988, 35.392963017 ], [ 139.996968314141895, 35.393008098268155 ], [ 139.996968314141895, 35.393399834754518 ], [ 139.99729013000001, 35.393329447 ] ] ] } },
{ "type": "Feature", "properties": { "fid": 220, "polygon_uuid": "d4f21492-b77f-4842-aaed-54dc3bad6b7a", "AreaOnRegistry": "1024", "Address": "千葉県袖ケ浦市大鳥居宮ノ下609", "Tiban": "609", "dup_count": 2, "等分済み": 1107.4069929495454 }, "geometry": { "type": "Polygon", "coordinates": [ [ [ 139.998495706999989, 35.391108822 ], [ 139.998618407, 35.391475564 ], [ 139.998836575467266, 35.391427139597063 ], [ 139.998836575467266, 35.39103468518055 ], [ 139.998495706999989, 35.391108822 ] ] ] } },
{ "type": "Feature", "properties": { "fid": 221, "polygon_uuid": "d4f21492-b77f-4842-aaed-54dc3bad6b7a", "AreaOnRegistry": "1024", "Address": "千葉県袖ケ浦市大鳥居宮ノ下610", "Tiban": "610", "dup_count": 2, "等分済み": 1107.4069728031754 }, "geometry": { "type": "Polygon", "coordinates": [ [ [ 139.999055410000011, 35.39098709 ], [ 139.998836575467266, 35.39103468518055 ], [ 139.998836575467266, 35.391427139597063 ], [ 139.999178475, 35.391351252 ], [ 139.999055410000011, 35.39098709 ] ] ] } },
{ "type": "Feature", "properties": { "fid": 222, "polygon_uuid": "97721684-c250-414d-a382-54ecadd685c3", "AreaOnRegistry": "1024", "Address": "千葉県袖ケ浦市大鳥居駒木335", "Tiban": "335", "dup_count": 1, "等分済み": 1078.1067539826035 }, "geometry": { "type": "Polygon", "coordinates": [ [ [ 139.994202358, 35.393202953 ], [ 139.994745711, 35.3930878 ], [ 139.99468993, 35.392901772 ], [ 139.994146203000014, 35.393019381 ], [ 139.994202358, 35.393202953 ] ] ] } },
{ "type": "Feature", "properties": { "fid": 223, "polygon_uuid": "a9cb05cb-adc4-413b-91a5-55353e47706f", "AreaOnRegistry": "850", "Address": "千葉県袖ケ浦市大鳥居中戸143-1", "Tiban": "143-1", "dup_count": 1, "等分済み": 930.54321349412203 }, "geometry": { "type": "Polygon", "coordinates": [ [ [ 140.002827863, 35.393022993 ], [ 140.003309396, 35.392924049 ], [ 140.003257256000012, 35.3928247 ], [ 140.003203036, 35.392766384 ], [ 140.003166106, 35.392744286 ], [ 140.002775319, 35.392835444 ], [ 140.002827863, 35.393022993 ] ] ] } },
{ "type": "Feature", "properties": { "fid": 224, "polygon_uuid": "27351bdd-bd1a-4901-a2fa-55a9410d5a45", "AreaOnRegistry": "571", "Address": "千葉県袖ケ浦市大鳥居下峯569-3", "Tiban": "569-3", "dup_count": 1, "等分済み": 757.39674721524352 }, "geometry": { "type": "Polygon", "coordinates": [ [ [ 140.001767625000014, 35.39057538 ], [ 140.001768115, 35.390853701 ], [ 140.00181587, 35.390860743 ], [ 140.00190125, 35.390873654 ], [ 140.002181962, 35.390901693 ], [ 140.002169461, 35.390747817 ], [ 140.001883617, 35.390742184 ], [ 140.001891986, 35.390576471 ], [ 140.001767625000014, 35.39057538 ] ] ] } },
{ "type": "Feature", "properties": { "fid": 225, "polygon_uuid": "3da87c38-62d2-4489-9c4b-57e5abac64f4", "AreaOnRegistry": "479", "Address": "千葉県袖ケ浦市大鳥居政所663-1", "Tiban": "663-1", "dup_count": 2, "等分済み": 565.90643743798137 }, "geometry": { "type": "Polygon", "coordinates": [ [ [ 139.996127592212787, 35.39257884298361 ], [ 139.996127592212787, 35.392376602024989 ], [ 139.995824406, 35.392442046 ], [ 139.995883717999988, 35.392636924 ], [ 139.996127592212787, 35.39257884298361 ] ] ] } },
{ "type": "Feature", "properties": { "fid": 226, "polygon_uuid": "3da87c38-62d2-4489-9c4b-57e5abac64f4", "AreaOnRegistry": "519", "Address": "千葉県袖ケ浦市大鳥居政所663-2", "Tiban": "663-2", "dup_count": 2, "等分済み": 565.90640404075384 }, "geometry": { "type": "Polygon", "coordinates": [ [ [ 139.996438984, 35.392504682 ], [ 139.996380087, 35.3923221 ], [ 139.996127592212787, 35.392376602024989 ], [ 139.996127592212787, 35.39257884298361 ], [ 139.996438984, 35.392504682 ] ] ] } },
{ "type": "Feature", "properties": { "fid": 227, "polygon_uuid": "3d07cd58-b19a-4870-9f0b-5880f8a70e5a", "AreaOnRegistry": "1024", "Address": "千葉県袖ケ浦市大鳥居八幡向246", "Tiban": "246", "dup_count": 1, "等分済み": 1037.9770454578102 }, "geometry": { "type": "Polygon", "coordinates": [ [ [ 139.999462388000012, 35.39429981 ], [ 139.999999611, 35.394192984 ], [ 139.999940349000013, 35.394005985 ], [ 139.999407988, 35.394125769 ], [ 139.999462388000012, 35.39429981 ] ] ] } },
{ "type": "Feature", "properties": { "fid": 228, "polygon_uuid": "9a7e543c-8695-4fbd-9d02-5c3c25242f30", "AreaOnRegistry": "799", "Address": "千葉県袖ケ浦市大鳥居橋戸294-1", "Tiban": "294-1", "dup_count": 1, "等分済み": 1046.6702942103148 }, "geometry": { "type": "Polygon", "coordinates": [ [ [ 139.998496798, 35.395278514 ], [ 139.998442458999989, 35.395100449 ], [ 139.997890609, 35.395209249 ], [ 139.997945275, 35.395386251 ], [ 139.998496798, 35.395278514 ] ] ] } },
{ "type": "Feature", "properties": { "fid": 229, "polygon_uuid": "50170b56-a26e-42d7-8e6d-5c3f49ab77af", "AreaOnRegistry": "826", "Address": "千葉県袖ケ浦市大鳥居久保田703", "Tiban": "703", "dup_count": 1, "等分済み": 974.63176732882857 }, "geometry": { "type": "Polygon", "coordinates": [ [ [ 139.993948475, 35.392382101 ], [ 139.994490221, 35.39227043 ], [ 139.994436207, 35.392096279 ], [ 139.993896719, 35.392221735 ], [ 139.993948475, 35.392382101 ] ] ] } },
{ "type": "Feature", "properties": { "fid": 230, "polygon_uuid": "96a1a097-8014-43ec-a1a9-5d063da6288e", "AreaOnRegistry": "998", "Address": "千葉県袖ケ浦市大鳥居下の栄398", "Tiban": "398", "dup_count": 1, "等分済み": 1103.5566790439188 }, "geometry": { "type": "Polygon", "coordinates": [ [ [ 139.997517574, 35.393870235 ], [ 139.998062084999987, 35.393750012 ], [ 139.998003979, 35.393565393 ], [ 139.997457338, 35.393678839 ], [ 139.997517574, 35.393870235 ] ] ] } },
{ "type": "Feature", "properties": { "fid": 231, "polygon_uuid": "73fc605e-6e32-4cd5-ac35-5ef01e925d87", "AreaOnRegistry": "1024", "Address": "千葉県袖ケ浦市大鳥居川岸65-1", "Tiban": "65-1", "dup_count": 1, "等分済み": 987.22320442646742 }, "geometry": { "type": "Polygon", "coordinates": [ [ [ 140.005272397, 35.390722026 ], [ 140.005801378, 35.390616915 ], [ 140.005746761000012, 35.390443869 ], [ 140.00520738, 35.39055229 ], [ 140.005272397, 35.390722026 ] ] ] } },
{ "type": "Feature", "properties": { "fid": 232, "polygon_uuid": "50e7f502-5dc9-4bbf-a86b-5f56cf0752a0", "AreaOnRegistry": null, "Address": null, "Tiban": null, "dup_count": 1, "等分済み": 86.039658961817622 }, "geometry": { "type": "Polygon", "coordinates": [ [ [ 140.00254177, 35.392197153 ], [ 140.002582111, 35.392178592 ], [ 140.002518444, 35.392073262 ], [ 140.002455664, 35.39210078 ], [ 140.00251681, 35.392206628 ], [ 140.00254177, 35.392197153 ] ] ] } },
{ "type": "Feature", "properties": { "fid": 233, "polygon_uuid": "45b7330c-5483-400b-9063-5f6b3f038243", "AreaOnRegistry": "1024", "Address": "千葉県袖ケ浦市大鳥居中戸147", "Tiban": "147", "dup_count": 2, "等分済み": 993.78044607490301 }, "geometry": { "type": "Polygon", "coordinates": [ [ [ 140.003087394, 35.39390621 ], [ 140.003306274942418, 35.393862482928249 ], [ 140.003306274942418, 35.39349961467574 ], [ 140.002980307, 35.393567108 ], [ 140.003087394, 35.39390621 ] ] ] } },
{ "type": "Feature", "properties": { "fid": 234, "polygon_uuid": "45b7330c-5483-400b-9063-5f6b3f038243", "AreaOnRegistry": "1024", "Address": "千葉県袖ケ浦市大鳥居中戸148", "Tiban": "148", "dup_count": 2, "等分済み": 993.78041608631611 }, "geometry": { "type": "Polygon", "coordinates": [ [ [ 140.003635524, 35.393796707 ], [ 140.003519038, 35.393455561 ], [ 140.003306274942418, 35.39349961467574 ], [ 140.003306274942418, 35.393862482928249 ], [ 140.003635524, 35.393796707 ] ] ] } },
{ "type": "Feature", "properties": { "fid": 235, "polygon_uuid": "4a99ca8c-1889-4031-b6d6-5fbf74fa5517", "AreaOnRegistry": "1434", "Address": "千葉県袖ケ浦市大鳥居川岸40", "Tiban": "40", "dup_count": 2, "等分済み": 734.58843227662146 }, "geometry": { "type": "Polygon", "coordinates": [ [ [ 140.006181516999987, 35.389678163 ], [ 140.005852068, 35.389764376 ], [ 140.005884040000012, 35.38985534 ], [ 140.005910866477961, 35.389931664418661 ], [ 140.006248419886191, 35.389931664418661 ], [ 140.006181516999987, 35.389678163 ] ] ] } },
{ "type": "Feature", "properties": { "fid": 236, "polygon_uuid": "4a99ca8c-1889-4031-b6d6-5fbf74fa5517", "AreaOnRegistry": "1024", "Address": "千葉県袖ケ浦市大鳥居川岸43", "Tiban": "43", "dup_count": 2, "等分済み": 734.58865752071142 }, "geometry": { "type": "Polygon", "coordinates": [ [ [ 140.006298807, 35.390122586 ], [ 140.006248419886191, 35.389931664418661 ], [ 140.005910866477961, 35.389931664418661 ], [ 140.005999939, 35.390185086 ], [ 140.006298807, 35.390122586 ] ] ] } },
{ "type": "Feature", "properties": { "fid": 237, "polygon_uuid": "709e4def-41e6-49c8-95bd-5ff6c7e2e13a", "AreaOnRegistry": "429", "Address": "千葉県袖ケ浦市大鳥居中戸154-2", "Tiban": "154-2", "dup_count": 2, "等分済み": 515.04492853209376 }, "geometry": { "type": "Polygon", "coordinates": [ [ [ 140.003488094100447, 35.394409258038046 ], [ 140.003488094100447, 35.394219422685524 ], [ 140.003192894, 35.394281531 ], [ 140.00324495000001, 35.394460417 ], [ 140.003488094100447, 35.394409258038046 ] ] ] } },
{ "type": "Feature", "properties": { "fid": 238, "polygon_uuid": "709e4def-41e6-49c8-95bd-5ff6c7e2e13a", "AreaOnRegistry": "595", "Address": "千葉県袖ケ浦市大鳥居中戸154-1", "Tiban": "154-1", "dup_count": 2, "等分済み": 515.04490746185184 }, "geometry": { "type": "Polygon", "coordinates": [ [ [ 140.00378446900001, 35.394346899 ], [ 140.003730072, 35.394168512 ], [ 140.003488094100447, 35.394219422685524 ], [ 140.003488094100447, 35.394409258038046 ], [ 140.00378446900001, 35.394346899 ] ] ] } },
{ "type": "Feature", "properties": { "fid": 239, "polygon_uuid": "d14f8f25-5f28-421a-b720-61fdedbbe0d6", "AreaOnRegistry": "829", "Address": "千葉県袖ケ浦市大鳥居政所664-1", "Tiban": "664-1", "dup_count": 1, "等分済み": 881.60329490154982 }, "geometry": { "type": "Polygon", "coordinates": [ [ [ 139.996380087, 35.3923221 ], [ 139.996331172999987, 35.392170468 ], [ 139.995780618, 35.392298174 ], [ 139.995824406, 35.392442046 ], [ 139.996380087, 35.3923221 ] ] ] } },
{ "type": "Feature", "properties": { "fid": 240, "polygon_uuid": "5b80ed10-a43d-443d-b8fe-62be5535bfa8", "AreaOnRegistry": "657", "Address": "千葉県袖ケ浦市大鳥居政所650-2", "Tiban": "650-2", "dup_count": 3, "等分済み": 612.64746867492795 }, "geometry": { "type": "Polygon", "coordinates": [ [ [ 139.996121482839413, 35.390948054209268 ], [ 139.996121482839413, 35.390599005736782 ], [ 139.996075043, 35.390597067 ], [ 139.995895916, 35.390593731 ], [ 139.996014627, 35.390969207 ], [ 139.996121482839413, 35.390948054209268 ] ] ] } },
{ "type": "Feature", "properties": { "fid": 241, "polygon_uuid": "5b80ed10-a43d-443d-b8fe-62be5535bfa8", "AreaOnRegistry": "525", "Address": "千葉県袖ケ浦市大鳥居政所651-2", "Tiban": "651-2", "dup_count": 3, "等分済み": 612.64737541973591 }, "geometry": { "type": "Polygon", "coordinates": [ [ [ 139.996307492376246, 35.390911232442406 ], [ 139.996307492376246, 35.390606771128212 ], [ 139.996121482839413, 35.390599005736782 ], [ 139.996121482839413, 35.390948054209268 ], [ 139.996307492376246, 35.390911232442406 ] ] ] } },
{ "type": "Feature", "properties": { "fid": 242, "polygon_uuid": "5b80ed10-a43d-443d-b8fe-62be5535bfa8", "AreaOnRegistry": "552", "Address": "千葉県袖ケ浦市大鳥居政所650-1", "Tiban": "650-1", "dup_count": 3, "等分済み": 612.64690079167485 }, "geometry": { "type": "Polygon", "coordinates": [ [ [ 139.99656051, 35.390861146 ], [ 139.996490112, 35.390614395 ], [ 139.996307492376246, 35.390606771128212 ], [ 139.996307492376246, 35.390911232442406 ], [ 139.99656051, 35.390861146 ] ] ] } },
{ "type": "Feature", "properties": { "fid": 243, "polygon_uuid": "2be06c17-f88f-4a6e-8e77-62e6ff9c843b", "AreaOnRegistry": "548", "Address": "千葉県袖ケ浦市大鳥居ミノワ540-2", "Tiban": "540-2", "dup_count": 1, "等分済み": 968.8924723258242 }, "geometry": { "type": "Polygon", "coordinates": [ [ [ 140.002675334, 35.39035774 ], [ 140.002936702, 35.390400164 ], [ 140.002981458, 35.390383291 ], [ 140.003012504999987, 35.390059257 ], [ 140.002857596000013, 35.39005489 ], [ 140.002693494999988, 35.390117779 ], [ 140.002675334, 35.39035774 ] ] ] } },
{ "type": "Feature", "properties": { "fid": 244, "polygon_uuid": "e1d0a608-3843-496d-9547-6365654a9555", "AreaOnRegistry": "1024", "Address": "千葉県袖ケ浦市大鳥居八幡向253", "Tiban": "253", "dup_count": 1, "等分済み": 1072.6278035379946 }, "geometry": { "type": "Polygon", "coordinates": [ [ [ 139.999859910999987, 35.395571589 ], [ 140.000398459, 35.395451526 ], [ 140.000341257, 35.395271031 ], [ 139.999800814999986, 35.395382528 ], [ 139.999859910999987, 35.395571589 ] ] ] } },
{ "type": "Feature", "properties": { "fid": 245, "polygon_uuid": "e6a77051-c895-4aea-a9eb-65d6551b50a2", "AreaOnRegistry": "1193", "Address": "千葉県袖ケ浦市大鳥居西村524", "Tiban": "524", "dup_count": 1, "等分済み": 1061.1612149700522 }, "geometry": { "type": "Polygon", "coordinates": [ [ [ 140.004547616999986, 35.392400051 ], [ 140.00508589, 35.392286529 ], [ 140.005028937, 35.39209935 ], [ 140.004490682000011, 35.392220927 ], [ 140.004547616999986, 35.392400051 ] ] ] } },
{ "type": "Feature", "properties": { "fid": 246, "polygon_uuid": "15850825-6ebe-4cf7-9d95-65eab210c332", "AreaOnRegistry": "624", "Address": "千葉県袖ケ浦市大鳥居下の栄489-1", "Tiban": "489-1", "dup_count": 1, "等分済み": 600.56010537222028 }, "geometry": { "type": "Polygon", "coordinates": [ [ [ 140.000304701, 35.392903015 ], [ 140.000553106000012, 35.392841178 ], [ 140.000492851, 35.392624213 ], [ 140.000235691, 35.392678182 ], [ 140.000304701, 35.392903015 ] ] ] } },
{ "type": "Feature", "properties": { "fid": 247, "polygon_uuid": "c139c113-d855-48d6-86d8-65fb004bff52", "AreaOnRegistry": "1024", "Address": "千葉県袖ケ浦市大鳥居下の栄435", "Tiban": "435", "dup_count": 1, "等分済み": 1063.7202273309231 }, "geometry": { "type": "Polygon", "coordinates": [ [ [ 139.998025515, 35.393557013 ], [ 139.99857609, 35.393444082 ], [ 139.998517618, 35.393259612 ], [ 139.997970716, 35.393381032 ], [ 139.998025515, 35.393557013 ] ] ] } },
{ "type": "Feature", "properties": { "fid": 248, "polygon_uuid": "ce215c82-8485-4a47-8726-66d868ebd83b", "AreaOnRegistry": "1024", "Address": "千葉県袖ケ浦市大鳥居駒木345", "Tiban": "345", "dup_count": 1, "等分済み": 1113.583439912647 }, "geometry": { "type": "Polygon", "coordinates": [ [ [ 139.995958742, 35.39302973 ], [ 139.995900849, 35.392840195 ], [ 139.995361245, 35.392959314 ], [ 139.995420301, 35.393153369 ], [ 139.995958742, 35.39302973 ] ] ] } },
{ "type": "Feature", "properties": { "fid": 249, "polygon_uuid": "0370bf4f-bcf6-41bd-9605-67d803f98541", "AreaOnRegistry": "198", "Address": "千葉県袖ケ浦市大鳥居下峯576-6", "Tiban": "576-6", "dup_count": 1, "等分済み": 313.63681801425992 }, "geometry": { "type": "Polygon", "coordinates": [ [ [ 140.001853484, 35.391029563 ], [ 140.001855539, 35.391212045 ], [ 140.001855698000014, 35.391226205 ], [ 140.001924861, 35.391221388 ], [ 140.002005796, 35.391332988 ], [ 140.002048847999987, 35.391335604 ], [ 140.002036473, 35.391301477 ], [ 140.001990033, 35.391145772 ], [ 140.001939879, 35.391051436 ], [ 140.001942971, 35.391022148 ], [ 140.001853484, 35.391029563 ] ] ] } },
{ "type": "Feature", "properties": { "fid": 250, "polygon_uuid": "5a3c9101-0339-4f64-8916-693fa75a6eec", "AreaOnRegistry": "1024", "Address": "千葉県袖ケ浦市大鳥居川岸78", "Tiban": "78", "dup_count": 2, "等分済み": 780.43044824153185 }, "geometry": { "type": "Polygon", "coordinates": [ [ [ 140.00492392000001, 35.391603309 ], [ 140.005007895, 35.391871957 ], [ 140.005238205278147, 35.391820022108497 ], [ 140.005238205278147, 35.391538055226441 ], [ 140.00492392000001, 35.391603309 ] ] ] } },
{ "type": "Feature", "properties": { "fid": 251, "polygon_uuid": "5a3c9101-0339-4f64-8916-693fa75a6eec", "AreaOnRegistry": "1024", "Address": "千葉県袖ケ浦市大鳥居川岸79", "Tiban": "79", "dup_count": 2, "等分済み": 780.4304628893733 }, "geometry": { "type": "Polygon", "coordinates": [ [ [ 140.005477058999986, 35.391488463 ], [ 140.005238205278147, 35.391538055226441 ], [ 140.005238205278147, 35.391820022108497 ], [ 140.005553306, 35.391748967 ], [ 140.005477058999986, 35.391488463 ] ] ] } },
{ "type": "Feature", "properties": { "fid": 252, "polygon_uuid": "ab33c25a-7a6d-425a-ab64-698ce5948efb", "AreaOnRegistry": "1024", "Address": "千葉県袖ケ浦市大鳥居橋戸321", "Tiban": "321", "dup_count": 1, "等分済み": 1031.8020796515048 }, "geometry": { "type": "Polygon", "coordinates": [ [ [ 139.99700087, 35.394420768 ], [ 139.996951581, 35.394248307 ], [ 139.996388220999989, 35.3943731 ], [ 139.996443639, 35.394542966 ], [ 139.99700087, 35.394420768 ] ] ] } },
{ "type": "Feature", "properties": { "fid": 253, "polygon_uuid": "7af63795-05ef-4619-8dec-69bc90d52b56", "AreaOnRegistry": "185", "Address": "千葉県袖ケ浦市大鳥居川原132-1", "Tiban": "132-1", "dup_count": 3, "等分済み": 228.2862185575068 }, "geometry": { "type": "Polygon", "coordinates": [ [ [ 140.003807275000014, 35.393791633 ], [ 140.003699425, 35.393810906 ], [ 140.003751564698092, 35.393981801764269 ], [ 140.00388755642183, 35.393981801764269 ], [ 140.003807275000014, 35.393791633 ] ] ] } },
{ "type": "Feature", "properties": { "fid": 254, "polygon_uuid": "7af63795-05ef-4619-8dec-69bc90d52b56", "AreaOnRegistry": "259", "Address": "千葉県袖ケ浦市大鳥居川原131-1", "Tiban": "131-1", "dup_count": 3, "等分済み": 228.28632596507668 }, "geometry": { "type": "Polygon", "coordinates": [ [ [ 140.00388755642183, 35.393981801764269 ], [ 140.003751564698092, 35.393981801764269 ], [ 140.003799178773193, 35.394137864113276 ], [ 140.003953439519506, 35.394137864113276 ], [ 140.00388755642183, 35.393981801764269 ] ] ] } },
{ "type": "Feature", "properties": { "fid": 255, "polygon_uuid": "7af63795-05ef-4619-8dec-69bc90d52b56", "AreaOnRegistry": "195", "Address": "千葉県袖ケ浦市大鳥居川原130-1", "Tiban": "130-1", "dup_count": 3, "等分済み": 228.2861133441329 }, "geometry": { "type": "Polygon", "coordinates": [ [ [ 140.003997569, 35.394242397 ], [ 140.003953439519506, 35.394137864113276 ], [ 140.003799178773193, 35.394137864113276 ], [ 140.003852634999987, 35.394313075 ], [ 140.003997569, 35.394242397 ] ] ] } },
{ "type": "Feature", "properties": { "fid": 256, "polygon_uuid": "e013e72f-4035-4b3d-a0c8-6afdee0de9a1", "AreaOnRegistry": "977", "Address": "千葉県袖ケ浦市大鳥居西村518-1", "Tiban": "518-1", "dup_count": 2, "等分済み": 736.09555051103234 }, "geometry": { "type": "Polygon", "coordinates": [ [ [ 140.003655133, 35.391686869 ], [ 140.003713502000011, 35.391801889 ], [ 140.003986489561413, 35.391740585415938 ], [ 140.003986489561413, 35.391405364736165 ], [ 140.003655133, 35.391686869 ] ] ] } },
{ "type": "Feature", "properties": { "fid": 257, "polygon_uuid": "e013e72f-4035-4b3d-a0c8-6afdee0de9a1", "AreaOnRegistry": "436", "Address": "千葉県袖ケ浦市大鳥居西村516-1", "Tiban": "516-1", "dup_count": 2, "等分済み": 736.09594096243382 }, "geometry": { "type": "Polygon", "coordinates": [ [ [ 140.004111932, 35.391298795 ], [ 140.003986489561413, 35.391405364736165 ], [ 140.003986489561413, 35.391740585415938 ], [ 140.004237937, 35.391684119 ], [ 140.004111932, 35.391298795 ] ] ] } },
{ "type": "Feature", "properties": { "fid": 258, "polygon_uuid": "20951ba2-c767-4b8f-948a-6c4fd230aaec", "AreaOnRegistry": "545", "Address": "千葉県袖ケ浦市大鳥居政所639-1", "Tiban": "639-1", "dup_count": 3, "等分済み": 728.28754319995642 }, "geometry": { "type": "Polygon", "coordinates": [ [ [ 139.997750584411591, 35.392230586886043 ], [ 139.997750584411591, 35.391841655696261 ], [ 139.997510111999986, 35.391892393 ], [ 139.997618988, 35.392257508 ], [ 139.997750584411591, 35.392230586886043 ] ] ] } },
{ "type": "Feature", "properties": { "fid": 259, "polygon_uuid": "20951ba2-c767-4b8f-948a-6c4fd230aaec", "AreaOnRegistry": "479", "Address": "千葉県袖ケ浦市大鳥居政所639-2", "Tiban": "639-2", "dup_count": 3, "等分済み": 728.28781034052372 }, "geometry": { "type": "Polygon", "coordinates": [ [ [ 139.997936074021055, 35.392192640662024 ], [ 139.997936074021055, 35.391802519220718 ], [ 139.997750584411591, 35.391841655696261 ], [ 139.997750584411591, 35.392230586886043 ], [ 139.997936074021055, 35.392192640662024 ] ] ] } },
{ "type": "Feature", "properties": { "fid": 260, "polygon_uuid": "20951ba2-c767-4b8f-948a-6c4fd230aaec", "AreaOnRegistry": "998", "Address": "千葉県袖ケ浦市大鳥居政所640", "Tiban": "640", "dup_count": 3, "等分済み": 728.28723458945751 }, "geometry": { "type": "Polygon", "coordinates": [ [ [ 139.998178626, 35.392143021 ], [ 139.998063427, 35.391775649 ], [ 139.997936074021055, 35.391802519220718 ], [ 139.997936074021055, 35.392192640662024 ], [ 139.998178626, 35.392143021 ] ] ] } },
{ "type": "Feature", "properties": { "fid": 261, "polygon_uuid": "106b39f7-6f0e-443e-8862-6d46e7c5f518", "AreaOnRegistry": "528", "Address": "千葉県袖ケ浦市大鳥居下の栄483-1", "Tiban": "483-1", "dup_count": 1, "等分済み": 145.12911500222981 }, "geometry": { "type": "Polygon", "coordinates": [ [ [ 140.000060174, 35.391884007 ], [ 140.000239932, 35.391843822 ], [ 140.000215387999987, 35.39176673 ], [ 140.000040648, 35.391808871 ], [ 140.000060174, 35.391884007 ] ] ] } },
{ "type": "Feature", "properties": { "fid": 262, "polygon_uuid": "d3318e0f-dce5-4123-a600-6ea71fa2f3ec", "AreaOnRegistry": "476", "Address": "千葉県袖ケ浦市大鳥居駒木349-1", "Tiban": "349-1", "dup_count": 2, "等分済み": 453.8423555791378 }, "geometry": { "type": "Polygon", "coordinates": [ [ [ 139.995638582, 35.393859867 ], [ 139.995891244563552, 35.393808460522443 ], [ 139.995891244563552, 35.393641150079461 ], [ 139.995590441, 35.393712435 ], [ 139.995638582, 35.393859867 ] ] ] } },
{ "type": "Feature", "properties": { "fid": 263, "polygon_uuid": "d3318e0f-dce5-4123-a600-6ea71fa2f3ec", "AreaOnRegistry": "495", "Address": "千葉県袖ケ浦市大鳥居駒木349-2", "Tiban": "349-2", "dup_count": 2, "等分済み": 453.84236565232277 }, "geometry": { "type": "Polygon", "coordinates": [ [ [ 139.996178735, 35.393749968 ], [ 139.996128335, 35.393584964 ], [ 139.995891244563552, 35.393641150079461 ], [ 139.995891244563552, 35.393808460522443 ], [ 139.996178735, 35.393749968 ] ] ] } },
{ "type": "Feature", "properties": { "fid": 264, "polygon_uuid": "42e69563-4a98-42c3-8507-6f1bdfe23488", "AreaOnRegistry": "998", "Address": "千葉県袖ケ浦市大鳥居橋戸301", "Tiban": "301", "dup_count": 1, "等分済み": 1066.130303747952 }, "geometry": { "type": "Polygon", "coordinates": [ [ [ 139.998107573, 35.394003044 ], [ 139.998052666, 35.393823118 ], [ 139.997498420999989, 35.393939372 ], [ 139.997553661000012, 35.394118238 ], [ 139.998107573, 35.394003044 ] ] ] } },
{ "type": "Feature", "properties": { "fid": 265, "polygon_uuid": "9d66d340-69d0-4f90-aaa8-6fc9aecdbab2", "AreaOnRegistry": "1024", "Address": "千葉県袖ケ浦市大鳥居駒木364", "Tiban": "364", "dup_count": 2, "等分済み": 857.48519212752581 }, "geometry": { "type": "Polygon", "coordinates": [ [ [ 139.996787963718958, 35.392802552160262 ], [ 139.996787963718958, 35.392476374702653 ], [ 139.996480518, 35.392544059 ], [ 139.996576822, 35.392852259 ], [ 139.996787963718958, 35.392802552160262 ] ] ] } },
{ "type": "Feature", "properties": { "fid": 266, "polygon_uuid": "9d66d340-69d0-4f90-aaa8-6fc9aecdbab2", "AreaOnRegistry": "726", "Address": "千葉県袖ケ浦市大鳥居駒木365-1", "Tiban": "365-1", "dup_count": 2, "等分済み": 857.48516203463078 }, "geometry": { "type": "Polygon", "coordinates": [ [ [ 139.997098333999986, 35.392729485 ], [ 139.997002334, 35.392429181 ], [ 139.996787963718958, 35.392476374702653 ], [ 139.996787963718958, 35.392802552160262 ], [ 139.997098333999986, 35.392729485 ] ] ] } },
{ "type": "Feature", "properties": { "fid": 267, "polygon_uuid": "c21b05d5-6f1c-437b-a636-70ca39093040", "AreaOnRegistry": "1024", "Address": "千葉県袖ケ浦市大鳥居駒木359", "Tiban": "359", "dup_count": 1, "等分済み": 1106.0642511509359 }, "geometry": { "type": "Polygon", "coordinates": [ [ [ 139.996738223, 35.393450465 ], [ 139.996679083, 35.393264169 ], [ 139.996125287000012, 35.393390248 ], [ 139.996181125, 35.393573308 ], [ 139.996738223, 35.393450465 ] ] ] } },
{ "type": "Feature", "properties": { "fid": 268, "polygon_uuid": "ea1b51dc-0149-4a67-b0d7-71a22649bb4d", "AreaOnRegistry": "1024", "Address": "千葉県袖ケ浦市大鳥居橋戸277", "Tiban": "277", "dup_count": 1, "等分済み": 1102.7214805483818 }, "geometry": { "type": "Polygon", "coordinates": [ [ [ 139.99830232, 35.39454959 ], [ 139.998846226000012, 35.394432486 ], [ 139.998787951999986, 35.394243291 ], [ 139.998244838, 35.394361233 ], [ 139.99830232, 35.39454959 ] ] ] } },
{ "type": "Feature", "properties": { "fid": 269, "polygon_uuid": "caab24be-23da-4145-a253-71ace6dd935a", "AreaOnRegistry": "1022", "Address": "千葉県袖ケ浦市大鳥居橋戸324-1", "Tiban": "324-1", "dup_count": 1, "等分済み": 1084.5426051989198 }, "geometry": { "type": "Polygon", "coordinates": [ [ [ 139.996401100000014, 35.394543608 ], [ 139.996345431, 35.39436316 ], [ 139.995798084, 35.39447335 ], [ 139.995856829, 35.394663106 ], [ 139.996401100000014, 35.394543608 ] ] ] } },
{ "type": "Feature", "properties": { "fid": 270, "polygon_uuid": "0f9577db-ff7e-4008-b88b-721c1bb3a9a9", "AreaOnRegistry": "261", "Address": "千葉県袖ケ浦市大鳥居下の栄468-2", "Tiban": "468-2", "dup_count": 2, "等分済み": 525.97526367008686 }, "geometry": { "type": "Polygon", "coordinates": [ [ [ 139.999085522, 35.392960686 ], [ 139.99914200500001, 35.393140272 ], [ 139.999385561627093, 35.393089456583333 ], [ 139.999385561627093, 35.392896964596403 ], [ 139.999085522, 35.392960686 ] ] ] } },
{ "type": "Feature", "properties": { "fid": 271, "polygon_uuid": "0f9577db-ff7e-4008-b88b-721c1bb3a9a9", "AreaOnRegistry": "763", "Address": "千葉県袖ケ浦市大鳥居下の栄468-1", "Tiban": "468-1", "dup_count": 2, "等分済み": 525.97474183142185 }, "geometry": { "type": "Polygon", "coordinates": [ [ [ 139.999664923000012, 35.392975163 ], [ 139.999631227, 35.39284479 ], [ 139.999519162000013, 35.392868591 ], [ 139.999385561627093, 35.392896964596403 ], [ 139.999385561627093, 35.393089456583333 ], [ 139.999685585, 35.39302686 ], [ 139.999664923000012, 35.392975163 ] ] ] } },
{ "type": "Feature", "properties": { "fid": 272, "polygon_uuid": "6a6c31ca-8dbe-498f-b18e-72da0fceaefa", "AreaOnRegistry": "1024", "Address": "千葉県袖ケ浦市大鳥居駒木346", "Tiban": "346", "dup_count": 1, "等分済み": 1051.2738700844347 }, "geometry": { "type": "Polygon", "coordinates": [ [ [ 139.996014591, 35.393212579 ], [ 139.995958742, 35.39302973 ], [ 139.995420301, 35.393153369 ], [ 139.99547482, 35.393332516 ], [ 139.996014591, 35.393212579 ] ] ] } },
{ "type": "Feature", "properties": { "fid": 273, "polygon_uuid": "3c3a1d8f-fd7a-476c-a8b9-72daba3e2cca", "AreaOnRegistry": "1024", "Address": "千葉県袖ケ浦市大鳥居西村525", "Tiban": "525", "dup_count": 1, "等分済み": 1051.0613144263625 }, "geometry": { "type": "Polygon", "coordinates": [ [ [ 140.004969816, 35.391918245 ], [ 140.004415418, 35.392032497 ], [ 140.004476785, 35.392212078 ], [ 140.005023775000012, 35.39209293 ], [ 140.004969816, 35.391918245 ] ] ] } },
{ "type": "Feature", "properties": { "fid": 274, "polygon_uuid": "2f48f824-78a5-486f-b0dd-74726e75cfb7", "AreaOnRegistry": "998", "Address": "千葉県袖ケ浦市大鳥居政所641", "Tiban": "641", "dup_count": 1, "等分済み": 1039.8037288598716 }, "geometry": { "type": "Polygon", "coordinates": [ [ [ 139.997055038000013, 35.392386214 ], [ 139.997588615000012, 35.392261103 ], [ 139.997534447, 35.392085608 ], [ 139.996996624, 35.392201944 ], [ 139.997055038000013, 35.392386214 ] ] ] } },
{ "type": "Feature", "properties": { "fid": 275, "polygon_uuid": "7b591106-f934-4603-a5be-74a3a049ae05", "AreaOnRegistry": "49", "Address": "千葉県袖ケ浦市大鳥居駒木662-3", "Tiban": "662-3", "dup_count": 3, "等分済み": 454.87848659045994 }, "geometry": { "type": "Polygon", "coordinates": [ [ [ 139.994852866712222, 35.394182424657082 ], [ 139.994852866712222, 35.393786470198876 ], [ 139.994792143000012, 35.393858821 ], [ 139.994742142, 35.393934704 ], [ 139.994684399, 35.393997962 ], [ 139.99464602, 35.394099101 ], [ 139.994852866712222, 35.394182424657082 ] ] ] } },
{ "type": "Feature", "properties": { "fid": 276, "polygon_uuid": "7b591106-f934-4603-a5be-74a3a049ae05", "AreaOnRegistry": "449", "Address": "千葉県袖ケ浦市大鳥居駒木662-4", "Tiban": "662-4", "dup_count": 3, "等分済み": 454.87846563477069 }, "geometry": { "type": "Polygon", "coordinates": [ [ [ 139.994889156, 35.394197043 ], [ 139.994973169306434, 35.394100638308196 ], [ 139.994973169306434, 35.39379855709192 ], [ 139.994942482, 35.393798598 ], [ 139.994869118999986, 35.393767106 ], [ 139.994852866712222, 35.393786470198876 ], [ 139.994852866712222, 35.394182424657082 ], [ 139.994889156, 35.394197043 ] ] ] } },
{ "type": "Feature", "properties": { "fid": 277, "polygon_uuid": "7b591106-f934-4603-a5be-74a3a049ae05", "AreaOnRegistry": "571", "Address": "千葉県袖ケ浦市大鳥居駒木662-1", "Tiban": "662-1", "dup_count": 3, "等分済み": 454.87755327485502 }, "geometry": { "type": "Polygon", "coordinates": [ [ [ 139.99525878, 35.393772902 ], [ 139.995220201, 35.393772954 ], [ 139.995162333, 35.393773032 ], [ 139.995081335, 35.393782617 ], [ 139.995027306, 35.393773212 ], [ 139.994996493, 35.393798526 ], [ 139.994973169306434, 35.39379855709192 ], [ 139.994973169306434, 35.394100638308196 ], [ 139.99525878, 35.393772902 ] ] ] } },
{ "type": "Feature", "properties": { "fid": 278, "polygon_uuid": "ff67b3fa-d330-4dcd-8be8-75f90a0e21e4", "AreaOnRegistry": "1024", "Address": "千葉県袖ケ浦市大鳥居駒木360", "Tiban": "360", "dup_count": 1, "等分済み": 1080.0095006600022 }, "geometry": { "type": "Polygon", "coordinates": [ [ [ 139.996679083, 35.393264169 ], [ 139.996621471999987, 35.393082687 ], [ 139.996070212, 35.393209688 ], [ 139.996125287000012, 35.393390248 ], [ 139.996679083, 35.393264169 ] ] ] } },
{ "type": "Feature", "properties": { "fid": 279, "polygon_uuid": "a146206b-4c0b-427b-8dce-764e8e22f7cd", "AreaOnRegistry": "852", "Address": "千葉県袖ケ浦市大鳥居中戸203-1", "Tiban": "203-1", "dup_count": 1, "等分済み": 1130.5909492895007 }, "geometry": { "type": "Polygon", "coordinates": [ [ [ 140.001731071, 35.393651791 ], [ 140.001670464, 35.393459728 ], [ 140.001103895999989, 35.393578476 ], [ 140.001161158, 35.393757883 ], [ 140.001731071, 35.393651791 ] ] ] } },
{ "type": "Feature", "properties": { "fid": 280, "polygon_uuid": "1133bf2d-8dd9-4063-ac19-76a52debc65e", "AreaOnRegistry": "1024", "Address": "千葉県袖ケ浦市大鳥居政所673", "Tiban": "673", "dup_count": 1, "等分済み": 1272.7962409257889 }, "geometry": { "type": "Polygon", "coordinates": [ [ [ 139.99592577300001, 35.390913702 ], [ 139.99585294, 35.390687915 ], [ 139.995326010000014, 35.390804436 ], [ 139.995393207, 35.391025232 ], [ 139.99592577300001, 35.390913702 ] ] ] } },
{ "type": "Feature", "properties": { "fid": 281, "polygon_uuid": "4ad21674-54ce-4e7a-8843-76dc768c68b2", "AreaOnRegistry": null, "Address": null, "Tiban": null, "dup_count": 1, "等分済み": 562.44654416851699 }, "geometry": { "type": "Polygon", "coordinates": [ [ [ 140.001490558, 35.392752392 ], [ 140.001578381, 35.392592501 ], [ 140.00143132, 35.392560844 ], [ 140.001275687, 35.3925646 ], [ 140.001042305, 35.392603867 ], [ 140.00106401, 35.39264632 ], [ 140.001358028, 35.392660072 ], [ 140.001379873, 35.392769788 ], [ 140.001490558, 35.392752392 ] ] ] } },
{ "type": "Feature", "properties": { "fid": 282, "polygon_uuid": "a52a551c-d842-40ba-9f46-776012fd79f3", "AreaOnRegistry": "1434", "Address": "千葉県袖ケ浦市大鳥居宮ノ下588", "Tiban": "588", "dup_count": 1, "等分済み": 1392.3414609357715 }, "geometry": { "type": "Polygon", "coordinates": [ [ [ 140.000085188000014, 35.390401992 ], [ 140.000041014, 35.390165939 ], [ 139.999512557, 35.390245372 ], [ 139.999587397999989, 35.390524313 ], [ 140.000085188000014, 35.390401992 ] ] ] } },
{ "type": "Feature", "properties": { "fid": 283, "polygon_uuid": "5026125a-df32-4bc1-8ea2-7788924496d0", "AreaOnRegistry": "211", "Address": "千葉県袖ケ浦市大鳥居中戸186-1", "Tiban": "186-1", "dup_count": 3, "等分済み": 501.42573588341475 }, "geometry": { "type": "Polygon", "coordinates": [ [ [ 140.002157203, 35.394910723 ], [ 140.002264108, 35.395251663 ], [ 140.002350715707848, 35.395202094244432 ], [ 140.002350715707848, 35.394867910255158 ], [ 140.002157203, 35.394910723 ] ] ] } },
{ "type": "Feature", "properties": { "fid": 284, "polygon_uuid": "5026125a-df32-4bc1-8ea2-7788924496d0", "AreaOnRegistry": "1024", "Address": "千葉県袖ケ浦市大鳥居中戸183", "Tiban": "183", "dup_count": 3, "等分済み": 501.42583125829697 }, "geometry": { "type": "Polygon", "coordinates": [ [ [ 140.002350715707848, 35.394867910255158 ], [ 140.002350715707848, 35.395202094244432 ], [ 140.002513499728792, 35.395108927001658 ], [ 140.002513499728792, 35.39483189592395 ], [ 140.002350715707848, 35.394867910255158 ] ] ] } },
{ "type": "Feature", "properties": { "fid": 285, "polygon_uuid": "5026125a-df32-4bc1-8ea2-7788924496d0", "AreaOnRegistry": "215", "Address": "千葉県袖ケ浦市大鳥居中戸185-1", "Tiban": "185-1", "dup_count": 3, "等分済み": 501.4253471121192 }, "geometry": { "type": "Polygon", "coordinates": [ [ [ 140.002691121, 35.394792599 ], [ 140.002513499728792, 35.39483189592395 ], [ 140.002513499728792, 35.395108927001658 ], [ 140.002747764, 35.394974849 ], [ 140.002691121, 35.394792599 ] ] ] } },
{ "type": "Feature", "properties": { "fid": 286, "polygon_uuid": "6103c791-7944-4786-a96d-778ef7bb0439", "AreaOnRegistry": "1024", "Address": "千葉県袖ケ浦市大鳥居下の栄401", "Tiban": "401", "dup_count": 1, "等分済み": 1039.4558848850429 }, "geometry": { "type": "Polygon", "coordinates": [ [ [ 139.997890539999986, 35.39320496 ], [ 139.997834605, 35.393027235 ], [ 139.997288751000013, 35.393143173 ], [ 139.997344284, 35.393319622 ], [ 139.997890539999986, 35.39320496 ] ] ] } },
{ "type": "Feature", "properties": { "fid": 287, "polygon_uuid": "209d49f5-e21e-45b6-934f-795021d38401", "AreaOnRegistry": "714", "Address": "千葉県袖ケ浦市大鳥居下の栄477-1", "Tiban": "477-1", "dup_count": 2, "等分済み": 536.20470748841763 }, "geometry": { "type": "Polygon", "coordinates": [ [ [ 139.999444389, 35.392121478 ], [ 139.999500706, 35.392303388 ], [ 139.999749313350463, 35.392250456395416 ], [ 139.999749313350463, 35.392059627645075 ], [ 139.999444389, 35.392121478 ] ] ] } },
{ "type": "Feature", "properties": { "fid": 288, "polygon_uuid": "209d49f5-e21e-45b6-934f-795021d38401", "AreaOnRegistry": "310", "Address": "千葉県袖ケ浦市大鳥居下の栄477-2", "Tiban": "477-2", "dup_count": 2, "等分済み": 536.20469738170505 }, "geometry": { "type": "Polygon", "coordinates": [ [ [ 140.000003233, 35.392008123 ], [ 139.999749313350463, 35.392059627645075 ], [ 139.999749313350463, 35.392250456395416 ], [ 140.000057051999988, 35.392184935 ], [ 140.000003233, 35.392008123 ] ] ] } },
{ "type": "Feature", "properties": { "fid": 289, "polygon_uuid": "dcda6092-b259-43c6-b066-79ec824c8023", "AreaOnRegistry": "204", "Address": "千葉県袖ケ浦市大鳥居下の栄491-1", "Tiban": "491-1", "dup_count": 3, "等分済み": 717.67083462327719 }, "geometry": { "type": "Polygon", "coordinates": [ [ [ 140.000304701, 35.392903015 ], [ 140.000417806, 35.393271502 ], [ 140.000540398709774, 35.393243332927014 ], [ 140.000540398709774, 35.392844341304709 ], [ 140.000304701, 35.392903015 ] ] ] } },
{ "type": "Feature", "properties": { "fid": 290, "polygon_uuid": "dcda6092-b259-43c6-b066-79ec824c8023", "AreaOnRegistry": "793", "Address": "千葉県袖ケ浦市大鳥居下の栄491-2", "Tiban": "491-2", "dup_count": 3, "等分済み": 717.67069451138377 }, "geometry": { "type": "Polygon", "coordinates": [ [ [ 140.000553106000012, 35.392841178 ], [ 140.000540398709774, 35.392844341304709 ], [ 140.000540398709774, 35.393243332927014 ], [ 140.000719877356971, 35.393202092733191 ], [ 140.000719877356971, 35.392808278083685 ], [ 140.000553106000012, 35.392841178 ] ] ] } },
{ "type": "Feature", "properties": { "fid": 291, "polygon_uuid": "dcda6092-b259-43c6-b066-79ec824c8023", "AreaOnRegistry": "1024", "Address": "千葉県袖ケ浦市大鳥居下の栄490", "Tiban": "490", "dup_count": 3, "等分済み": 717.67008008807898 }, "geometry": { "type": "Polygon", "coordinates": [ [ [ 140.000851297999986, 35.392782352 ], [ 140.000719877356971, 35.392808278083685 ], [ 140.000719877356971, 35.393202092733191 ], [ 140.000952575000014, 35.393148624 ], [ 140.000851297999986, 35.392782352 ] ] ] } },
{ "type": "Feature", "properties": { "fid": 292, "polygon_uuid": "85318f3c-d6dc-4408-a0b5-7a0074014755", "AreaOnRegistry": "515", "Address": "千葉県袖ケ浦市大鳥居久保田718", "Tiban": "718", "dup_count": 4, "等分済み": 816.1562351877219 }, "geometry": { "type": "Polygon", "coordinates": [ [ [ 139.993102545999989, 35.391830905 ], [ 139.992929425999989, 35.391897541 ], [ 139.99277472, 35.392128809 ], [ 139.992774136780014, 35.392135880101435 ], [ 139.993200625517517, 35.392135880101435 ], [ 139.993102545999989, 35.391830905 ] ] ] } },
{ "type": "Feature", "properties": { "fid": 293, "polygon_uuid": "85318f3c-d6dc-4408-a0b5-7a0074014755", "AreaOnRegistry": "743", "Address": "千葉県袖ケ浦市大鳥居久保田719", "Tiban": "719", "dup_count": 4, "等分済み": 816.15676610358059 }, "geometry": { "type": "Polygon", "coordinates": [ [ [ 139.993200625517517, 35.392135880101435 ], [ 139.992774136780014, 35.392135880101435 ], [ 139.992759678387188, 35.39231117718861 ], [ 139.993257000787679, 35.39231117718861 ], [ 139.993200625517517, 35.392135880101435 ] ] ] } },
{ "type": "Feature", "properties": { "fid": 294, "polygon_uuid": "85318f3c-d6dc-4408-a0b5-7a0074014755", "AreaOnRegistry": "885", "Address": "千葉県袖ケ浦市大鳥居久保田720", "Tiban": "720", "dup_count": 4, "等分済み": 816.1572331180796 }, "geometry": { "type": "Polygon", "coordinates": [ [ [ 139.993257000787679, 35.39231117718861 ], [ 139.992759678387188, 35.39231117718861 ], [ 139.992753713000013, 35.392383503 ], [ 139.992766905587018, 35.392465919502037 ], [ 139.993306765674589, 35.392465919502037 ], [ 139.993257000787679, 35.39231117718861 ] ] ] } },
{ "type": "Feature", "properties": { "fid": 295, "polygon_uuid": "85318f3c-d6dc-4408-a0b5-7a0074014755", "AreaOnRegistry": "942", "Address": "千葉県袖ケ浦市大鳥居久保田721", "Tiban": "721", "dup_count": 4, "等分済み": 816.15704463049769 }, "geometry": { "type": "Polygon", "coordinates": [ [ [ 139.992828266, 35.3926674 ], [ 139.993335409, 35.392554985 ], [ 139.993306765674589, 35.392465919502037 ], [ 139.992766905587018, 35.392465919502037 ], [ 139.992793202, 35.392630198 ], [ 139.992828266, 35.3926674 ] ] ] } },
{ "type": "Feature", "properties": { "fid": 296, "polygon_uuid": "3e58bad6-973b-46de-861a-7c3454b534d5", "AreaOnRegistry": "1024", "Address": "千葉県袖ケ浦市大鳥居政所658", "Tiban": "658", "dup_count": 1, "等分済み": 1001.9735825918615 }, "geometry": { "type": "Polygon", "coordinates": [ [ [ 139.99640577400001, 35.392321388 ], [ 139.996944074, 35.392199759 ], [ 139.996887835, 35.392027247 ], [ 139.99635025500001, 35.392149673 ], [ 139.99640577400001, 35.392321388 ] ] ] } },
{ "type": "Feature", "properties": { "fid": 297, "polygon_uuid": "4fd29337-d789-456e-bbeb-7d4773ce7b1a", "AreaOnRegistry": "1024", "Address": "千葉県袖ケ浦市大鳥居久保田711", "Tiban": "711", "dup_count": 2, "等分済み": 1073.1924220472574 }, "geometry": { "type": "Polygon", "coordinates": [ [ [ 139.993773977545914, 35.39305507802964 ], [ 139.993773977545914, 35.392666894095996 ], [ 139.993437957999987, 35.392741748 ], [ 139.993558065, 35.393099286 ], [ 139.993773977545914, 35.39305507802964 ] ] ] } },
{ "type": "Feature", "properties": { "fid": 298, "polygon_uuid": "4fd29337-d789-456e-bbeb-7d4773ce7b1a", "AreaOnRegistry": "998", "Address": "千葉県袖ケ浦市大鳥居久保田710", "Tiban": "710", "dup_count": 2, "等分済み": 1073.192460142076 }, "geometry": { "type": "Polygon", "coordinates": [ [ [ 139.994103478, 35.392987613 ], [ 139.993989742, 35.392618829 ], [ 139.993773977545914, 35.392666894095996 ], [ 139.993773977545914, 35.39305507802964 ], [ 139.994103478, 35.392987613 ] ] ] } },
{ "type": "Feature", "properties": { "fid": 299, "polygon_uuid": "a0bd9c5d-b381-4c90-9081-7d65a8cb2490", "AreaOnRegistry": "968", "Address": "千葉県袖ケ浦市大鳥居川岸71", "Tiban": "71", "dup_count": 1, "等分済み": 1036.6711822673678 }, "geometry": { "type": "Polygon", "coordinates": [ [ [ 140.005087731, 35.390766529 ], [ 140.005255624, 35.390731905 ], [ 140.005154280999989, 35.390466133 ], [ 140.005052924000012, 35.390193483 ], [ 140.004866908999986, 35.390261684 ], [ 140.005087731, 35.390766529 ] ] ] } },
{ "type": "Feature", "properties": { "fid": 300, "polygon_uuid": "6aedd31d-c9bc-4f07-9bb0-7d6fce922270", "AreaOnRegistry": "1024", "Address": "千葉県袖ケ浦市大鳥居下の栄452-1", "Tiban": "452-1", "dup_count": 2, "等分済み": 558.31006964296103 }, "geometry": { "type": "Polygon", "coordinates": [ [ [ 139.998555268, 35.393261932 ], [ 139.998802048627198, 35.393209825007609 ], [ 139.998802048627198, 35.393009066110402 ], [ 139.998493814999989, 35.393076755 ], [ 139.998555268, 35.393261932 ] ] ] } },
{ "type": "Feature", "properties": { "fid": 301, "polygon_uuid": "6aedd31d-c9bc-4f07-9bb0-7d6fce922270", "AreaOnRegistry": "102", "Address": "千葉県袖ケ浦市大鳥居下の栄451-5", "Tiban": "451-5", "dup_count": 2, "等分済み": 558.31009465456009 }, "geometry": { "type": "Polygon", "coordinates": [ [ [ 139.999105837, 35.393145681 ], [ 139.999046937, 35.392955288 ], [ 139.998802048627198, 35.393009066110402 ], [ 139.998802048627198, 35.393209825007609 ], [ 139.999105837, 35.393145681 ] ] ] } },
{ "type": "Feature", "properties": { "fid": 302, "polygon_uuid": "5a67377d-4e3d-47c1-b0b4-7dd4f91fe544", "AreaOnRegistry": "1024", "Address": "千葉県袖ケ浦市大鳥居久保田716", "Tiban": "716", "dup_count": 1, "等分済み": 1030.0348966829479 }, "geometry": { "type": "Polygon", "coordinates": [ [ [ 139.993775183, 35.391875661 ], [ 139.993719906, 35.391700215 ], [ 139.99317914400001, 35.391811747 ], [ 139.993231533, 35.39199074 ], [ 139.993775183, 35.391875661 ] ] ] } },
{ "type": "Feature", "properties": { "fid": 303, "polygon_uuid": "421d01bf-c968-47ce-90b4-7e1b65790bb2", "AreaOnRegistry": "1024", "Address": "千葉県袖ケ浦市大鳥居久保田701", "Tiban": "701", "dup_count": 1, "等分済み": 822.80212195217609 }, "geometry": { "type": "Polygon", "coordinates": [ [ [ 139.993791662, 35.391896214 ], [ 139.993836851999987, 35.392036237 ], [ 139.994380762, 35.391917507 ], [ 139.994337242, 35.39177719 ], [ 139.993791662, 35.391896214 ] ] ] } },
{ "type": "Feature", "properties": { "fid": 304, "polygon_uuid": "e10b446f-1307-4df0-aadf-7f65042865ef", "AreaOnRegistry": "955", "Address": "千葉県袖ケ浦市大鳥居中戸144-1", "Tiban": "144-1", "dup_count": 1, "等分済み": 902.46506181359291 }, "geometry": { "type": "Polygon", "coordinates": [ [ [ 140.003392908, 35.393083176 ], [ 140.003309396, 35.392924049 ], [ 140.002827863, 35.393022993 ], [ 140.00287691, 35.393194895 ], [ 140.003392908, 35.393083176 ] ] ] } },
{ "type": "Feature", "properties": { "fid": 305, "polygon_uuid": "ecc16720-b4c8-4286-b007-8012f0f461dd", "AreaOnRegistry": "1024", "Address": "千葉県袖ケ浦市大鳥居駒木347", "Tiban": "347", "dup_count": 2, "等分済み": 1092.9686844348907 }, "geometry": { "type": "Polygon", "coordinates": [ [ [ 139.995800774276859, 35.393662589875987 ], [ 139.995800774276859, 35.393260089029852 ], [ 139.99547482, 35.393332516 ], [ 139.995590441, 35.393712435 ], [ 139.995800774276859, 35.393662589875987 ] ] ] } },
{ "type": "Feature", "properties": { "fid": 306, "polygon_uuid": "ecc16720-b4c8-4286-b007-8012f0f461dd", "AreaOnRegistry": "1024", "Address": "千葉県袖ケ浦市大鳥居駒木348", "Tiban": "348", "dup_count": 2, "等分済み": 1092.9686863720417 }, "geometry": { "type": "Polygon", "coordinates": [ [ [ 139.996128335, 35.393584964 ], [ 139.996014591, 35.393212579 ], [ 139.995800774276859, 35.393260089029852 ], [ 139.995800774276859, 35.393662589875987 ], [ 139.996128335, 35.393584964 ] ] ] } },
{ "type": "Feature", "properties": { "fid": 307, "polygon_uuid": "724079cf-28bc-448e-b391-8057b1a9ca7e", "AreaOnRegistry": "206", "Address": "千葉県袖ケ浦市大鳥居橋戸310-1", "Tiban": "310-1", "dup_count": 2, "等分済み": 271.60959993302822 }, "geometry": { "type": "Polygon", "coordinates": [ [ [ 139.997827856097103, 35.395612201335922 ], [ 139.997827856097103, 35.39541746314508 ], [ 139.997551101, 35.395477374 ], [ 139.997827856097103, 35.395612201335922 ] ] ] } },
{ "type": "Feature", "properties": { "fid": 308, "polygon_uuid": "724079cf-28bc-448e-b391-8057b1a9ca7e", "AreaOnRegistry": "54", "Address": "千葉県袖ケ浦市大鳥居橋戸311-1", "Tiban": "311-1", "dup_count": 2, "等分済み": 271.60904818400741 }, "geometry": { "type": "Polygon", "coordinates": [ [ [ 139.997989829, 35.39569111 ], [ 139.997900262, 35.395401789 ], [ 139.997827856097103, 35.39541746314508 ], [ 139.997827856097103, 35.395612201335922 ], [ 139.997989829, 35.39569111 ] ] ] } },
{ "type": "Feature", "properties": { "fid": 309, "polygon_uuid": "9e7809d0-b149-4519-93e6-810c1b8634d2", "AreaOnRegistry": "1024", "Address": "千葉県袖ケ浦市大鳥居橋戸296", "Tiban": "296", "dup_count": 1, "等分済み": 1068.4425047188997 }, "geometry": { "type": "Polygon", "coordinates": [ [ [ 139.998380978, 35.394898981 ], [ 139.998327498, 35.394723736 ], [ 139.997776075, 35.394838403 ], [ 139.997833629000013, 35.395024758 ], [ 139.998380978, 35.394898981 ] ] ] } },
{ "type": "Feature", "properties": { "fid": 310, "polygon_uuid": "ca70efb6-328e-40b4-9342-8151b95fff8e", "AreaOnRegistry": null, "Address": null, "Tiban": null, "dup_count": 1, "等分済み": 340.53927778173238 }, "geometry": { "type": "Polygon", "coordinates": [ [ [ 140.000758423, 35.392505349 ], [ 140.000217862999989, 35.392620098 ], [ 140.000235691, 35.392678182 ], [ 140.000492851, 35.392624213 ], [ 140.000776269999989, 35.392564733 ], [ 140.000758423, 35.392505349 ] ] ] } },
{ "type": "Feature", "properties": { "fid": 311, "polygon_uuid": "5f27faaa-7876-4992-b362-81605409c111", "AreaOnRegistry": "395", "Address": "千葉県袖ケ浦市大鳥居久保田941", "Tiban": "941", "dup_count": 1, "等分済み": 732.15229259245098 }, "geometry": { "type": "Polygon", "coordinates": [ [ [ 139.99369447, 35.391595062 ], [ 139.994242738, 35.391472485 ], [ 139.994212514, 35.391375035 ], [ 139.994140152, 35.391360916 ], [ 139.993654286, 35.391470548 ], [ 139.99369447, 35.391595062 ] ] ] } },
{ "type": "Feature", "properties": { "fid": 312, "polygon_uuid": "d91bab94-9e90-46e3-8ebb-827083ea776a", "AreaOnRegistry": "1024", "Address": "千葉県袖ケ浦市大鳥居駒木337", "Tiban": "337", "dup_count": 1, "等分済み": 1065.5011887066066 }, "geometry": { "type": "Polygon", "coordinates": [ [ [ 139.994313756999986, 35.393567124 ], [ 139.994856161, 35.393456151 ], [ 139.99480014, 35.393269321 ], [ 139.994258738000013, 35.393387265 ], [ 139.994313756999986, 35.393567124 ] ] ] } },
{ "type": "Feature", "properties": { "fid": 313, "polygon_uuid": "1e5886d7-6571-4fe7-8348-83e732c0655c", "AreaOnRegistry": "654", "Address": "千葉県袖ケ浦市大鳥居下峯571-1", "Tiban": "571-1", "dup_count": 1, "等分済み": 631.31391090434045 }, "geometry": { "type": "Polygon", "coordinates": [ [ [ 140.001524743, 35.390381819 ], [ 140.001959168000013, 35.390376228 ], [ 140.001808970000013, 35.390203622 ], [ 140.001513876, 35.390214694 ], [ 140.001524743, 35.390381819 ] ] ] } },
{ "type": "Feature", "properties": { "fid": 314, "polygon_uuid": "1c19e6dd-2356-4529-bc22-85443de6801c", "AreaOnRegistry": "998", "Address": "千葉県袖ケ浦市大鳥居下の栄471", "Tiban": "471", "dup_count": 2, "等分済み": 1035.225838907063 }, "geometry": { "type": "Polygon", "coordinates": [ [ [ 140.00006402805829, 35.39333905529989 ], [ 140.00006402805829, 35.392953130090973 ], [ 139.999738848, 35.393023196 ], [ 139.999857074, 35.393383793 ], [ 140.00006402805829, 35.39333905529989 ] ] ] } },
{ "type": "Feature", "properties": { "fid": 315, "polygon_uuid": "1c19e6dd-2356-4529-bc22-85443de6801c", "AreaOnRegistry": "1024", "Address": "千葉県袖ケ浦市大鳥居下の栄472-1", "Tiban": "472-1", "dup_count": 2, "等分済み": 1035.2258281260729 }, "geometry": { "type": "Polygon", "coordinates": [ [ [ 140.000388617999988, 35.393268888 ], [ 140.000271817999987, 35.392908358 ], [ 140.00006402805829, 35.392953130090973 ], [ 140.00006402805829, 35.39333905529989 ], [ 140.000388617999988, 35.393268888 ] ] ] } },
{ "type": "Feature", "properties": { "fid": 316, "polygon_uuid": "37d92b5b-888b-4421-8a87-8596cb01c1b1", "AreaOnRegistry": "1024", "Address": "千葉県袖ケ浦市大鳥居久保田680", "Tiban": "680", "dup_count": 1, "等分済み": 1190.3027156367898 }, "geometry": { "type": "Polygon", "coordinates": [ [ [ 139.994958679, 35.391676981 ], [ 139.995503652, 35.391556889 ], [ 139.995443314999989, 35.391358343 ], [ 139.994893944000012, 35.39147043 ], [ 139.994958679, 35.391676981 ] ] ] } },
{ "type": "Feature", "properties": { "fid": 317, "polygon_uuid": "137769e8-917f-40db-b858-8643e210f89b", "AreaOnRegistry": null, "Address": null, "Tiban": null, "dup_count": 1, "等分済み": 517.44995820405893 }, "geometry": { "type": "Polygon", "coordinates": [ [ [ 140.001684855, 35.392231392 ], [ 140.001671283, 35.392156611 ], [ 140.001365633, 35.39215735 ], [ 140.001335501, 35.392221117 ], [ 140.001383205, 35.392291854 ], [ 140.001396336999989, 35.39236972 ], [ 140.00158217500001, 35.3923376 ], [ 140.00158307800001, 35.39226143 ], [ 140.001684855, 35.392231392 ] ] ] } },
{ "type": "Feature", "properties": { "fid": 318, "polygon_uuid": "cd4a2dd3-edcf-4733-b7d4-870cd063d29d", "AreaOnRegistry": "1024", "Address": "千葉県袖ケ浦市大鳥居久保田707", "Tiban": "707", "dup_count": 1, "等分済み": 1057.4704581089318 }, "geometry": { "type": "Polygon", "coordinates": [ [ [ 139.994072503000012, 35.392793739 ], [ 139.994622310000011, 35.392674387 ], [ 139.994564596, 35.392497885 ], [ 139.994017609, 35.392611552 ], [ 139.994072503000012, 35.392793739 ] ] ] } },
{ "type": "Feature", "properties": { "fid": 319, "polygon_uuid": "94d9f1eb-55cf-4150-a4b7-88bab4086ca9", "AreaOnRegistry": "1024", "Address": "千葉県袖ケ浦市大鳥居八幡向247", "Tiban": "247", "dup_count": 2, "等分済み": 1000.9721391946077 }, "geometry": { "type": "Polygon", "coordinates": [ [ [ 139.999783072801677, 35.394606873606762 ], [ 139.999783072801677, 35.394236042300882 ], [ 139.999462388000012, 35.39429981 ], [ 139.999573247, 35.394654484 ], [ 139.999783072801677, 35.394606873606762 ] ] ] } },
{ "type": "Feature", "properties": { "fid": 320, "polygon_uuid": "94d9f1eb-55cf-4150-a4b7-88bab4086ca9", "AreaOnRegistry": "1024", "Address": "千葉県袖ケ浦市大鳥居八幡向248", "Tiban": "248", "dup_count": 2, "等分済み": 1000.9721297770739 }, "geometry": { "type": "Polygon", "coordinates": [ [ [ 140.00010745, 35.394533271 ], [ 139.999999611, 35.394192984 ], [ 139.999783072801677, 35.394236042300882 ], [ 139.999783072801677, 35.394606873606762 ], [ 140.00010745, 35.394533271 ] ] ] } },
{ "type": "Feature", "properties": { "fid": 321, "polygon_uuid": "10c761c4-0084-4da3-8eef-898042a3d650", "AreaOnRegistry": null, "Address": null, "Tiban": null, "dup_count": 1, "等分済み": 530.86924111284316 }, "geometry": { "type": "Polygon", "coordinates": [ [ [ 139.994380762, 35.391917507 ], [ 139.993836851999987, 35.392036237 ], [ 139.993867331, 35.392130676 ], [ 139.994407706, 35.392004385 ], [ 139.994380762, 35.391917507 ] ] ] } },
{ "type": "Feature", "properties": { "fid": 322, "polygon_uuid": "188fb47f-bf0d-4b84-83b6-8a10374de4b5", "AreaOnRegistry": "1024", "Address": "千葉県袖ケ浦市大鳥居橋戸279", "Tiban": "279", "dup_count": 1, "等分済み": 1016.978585742414 }, "geometry": { "type": "Polygon", "coordinates": [ [ [ 139.998408715000011, 35.394898218 ], [ 139.998954124, 35.39478279 ], [ 139.998899599, 35.394605765 ], [ 139.99835666300001, 35.394727654 ], [ 139.998408715000011, 35.394898218 ] ] ] } },
{ "type": "Feature", "properties": { "fid": 323, "polygon_uuid": "8da8516c-9989-49f8-bd28-8a3bcb940083", "AreaOnRegistry": "823", "Address": "千葉県袖ケ浦市大鳥居政所654-1", "Tiban": "654-1", "dup_count": 2, "等分済み": 1040.341106325388 }, "geometry": { "type": "Polygon", "coordinates": [ [ [ 139.996115723, 35.391426569 ], [ 139.996233620999988, 35.391788926 ], [ 139.996440202290302, 35.391741518067562 ], [ 139.996440202290302, 35.391353274992063 ], [ 139.996115723, 35.391426569 ] ] ] } },
{ "type": "Feature", "properties": { "fid": 324, "polygon_uuid": "8da8516c-9989-49f8-bd28-8a3bcb940083", "AreaOnRegistry": "1024", "Address": "千葉県袖ケ浦市大鳥居政所655", "Tiban": "655", "dup_count": 2, "等分済み": 1040.341092787683 }, "geometry": { "type": "Polygon", "coordinates": [ [ [ 139.996642693000013, 35.391307536 ], [ 139.996440202290302, 35.391353274992063 ], [ 139.996440202290302, 35.391741518067562 ], [ 139.99677001500001, 35.39166583 ], [ 139.996642693000013, 35.391307536 ] ] ] } },
{ "type": "Feature", "properties": { "fid": 325, "polygon_uuid": "8a59958e-3b1d-435a-91f4-8a71f459199e", "AreaOnRegistry": "1024", "Address": "千葉県袖ケ浦市大鳥居久保田698-1", "Tiban": "698-1", "dup_count": 1, "等分済み": 923.47405082732439 }, "geometry": { "type": "Polygon", "coordinates": [ [ [ 139.993744327, 35.391749544 ], [ 139.994291794, 35.391630655 ], [ 139.994242738, 35.391472485 ], [ 139.99369447, 35.391595062 ], [ 139.993744327, 35.391749544 ] ] ] } },
{ "type": "Feature", "properties": { "fid": 326, "polygon_uuid": "9cfbc56f-fe5d-4450-b389-8aab114271fb", "AreaOnRegistry": "1024", "Address": "千葉県袖ケ浦市大鳥居八幡向249", "Tiban": "249", "dup_count": 2, "等分済み": 1053.6519688740373 }, "geometry": { "type": "Polygon", "coordinates": [ [ [ 139.999899403287543, 35.394970267201934 ], [ 139.999899403287543, 35.3945804777101 ], [ 139.999573247, 35.394654484 ], [ 139.999685852, 35.395014735 ], [ 139.999899403287543, 35.394970267201934 ] ] ] } },
{ "type": "Feature", "properties": { "fid": 327, "polygon_uuid": "9cfbc56f-fe5d-4450-b389-8aab114271fb", "AreaOnRegistry": "1024", "Address": "千葉県袖ケ浦市大鳥居八幡向250", "Tiban": "250", "dup_count": 2, "等分済み": 1053.6519598886371 }, "geometry": { "type": "Polygon", "coordinates": [ [ [ 140.000224487, 35.394902575 ], [ 140.00010745, 35.394533271 ], [ 139.999899403287543, 35.3945804777101 ], [ 139.999899403287543, 35.394970267201934 ], [ 140.000224487, 35.394902575 ] ] ] } },
{ "type": "Feature", "properties": { "fid": 328, "polygon_uuid": "94093e09-b0a2-415e-821d-8b19b0c76ac1", "AreaOnRegistry": "1322", "Address": "千葉県袖ケ浦市大鳥居宮ノ下592", "Tiban": "592", "dup_count": 1, "等分済み": 1347.9648358896375 }, "geometry": { "type": "Polygon", "coordinates": [ [ [ 139.999716832, 35.391001193 ], [ 139.999781557, 35.391226281 ], [ 140.000336952999987, 35.391111751 ], [ 140.000263679, 35.390880935 ], [ 139.999716832, 35.391001193 ] ] ] } },
{ "type": "Feature", "properties": { "fid": 329, "polygon_uuid": "fd8d1703-f2c5-4491-b936-8b7fcdc9b105", "AreaOnRegistry": "821", "Address": "千葉県袖ケ浦市大鳥居下峯570-1", "Tiban": "570-1", "dup_count": 1, "等分済み": 924.24509732518345 }, "geometry": { "type": "Polygon", "coordinates": [ [ [ 140.00153629, 35.390559392 ], [ 140.002117848000012, 35.390558581 ], [ 140.001959168000013, 35.390376228 ], [ 140.001524743, 35.390381819 ], [ 140.00153629, 35.390559392 ] ] ] } },
{ "type": "Feature", "properties": { "fid": 330, "polygon_uuid": "3ff1ea89-2da7-400a-a0c4-8d67ec5ded8b", "AreaOnRegistry": "912", "Address": "千葉県袖ケ浦市大鳥居八幡向233-1", "Tiban": "233-1", "dup_count": 3, "等分済み": 724.78512854129076 }, "geometry": { "type": "Polygon", "coordinates": [ [ [ 140.000345007, 35.395078074 ], [ 140.000460649, 35.39544369 ], [ 140.000586592120982, 35.395418869611838 ], [ 140.000586592120982, 35.39502604891441 ], [ 140.000345007, 35.395078074 ] ] ] } },
{ "type": "Feature", "properties": { "fid": 331, "polygon_uuid": "3ff1ea89-2da7-400a-a0c4-8d67ec5ded8b", "AreaOnRegistry": "112", "Address": "千葉県袖ケ浦市大鳥居八幡向233-2", "Tiban": "233-2", "dup_count": 3, "等分済み": 724.78538939356804 }, "geometry": { "type": "Polygon", "coordinates": [ [ [ 140.000586592120982, 35.39502604891441 ], [ 140.000586592120982, 35.395418869611838 ], [ 140.000768875859137, 35.395382945830526 ], [ 140.000768875859137, 35.394986794315287 ], [ 140.000586592120982, 35.39502604891441 ] ] ] } },
{ "type": "Feature", "properties": { "fid": 332, "polygon_uuid": "3ff1ea89-2da7-400a-a0c4-8d67ec5ded8b", "AreaOnRegistry": "1024", "Address": "千葉県袖ケ浦市大鳥居八幡向232", "Tiban": "232", "dup_count": 3, "等分済み": 724.78485330939293 }, "geometry": { "type": "Polygon", "coordinates": [ [ [ 140.000891352999986, 35.394960419 ], [ 140.000768875859137, 35.394986794315287 ], [ 140.000768875859137, 35.395382945830526 ], [ 140.001008082, 35.395335804 ], [ 140.000891352999986, 35.394960419 ] ] ] } },
{ "type": "Feature", "properties": { "fid": 333, "polygon_uuid": "dfb8aa0c-ee35-4a28-b193-8ee206195014", "AreaOnRegistry": "287", "Address": "千葉県袖ケ浦市大鳥居中戸155-1", "Tiban": "155-1", "dup_count": 1, "等分済み": 434.85967423766851 }, "geometry": { "type": "Polygon", "coordinates": [ [ [ 140.00325598500001, 35.394507726 ], [ 140.003306293, 35.394654079 ], [ 140.003801092, 35.394378344 ], [ 140.00325598500001, 35.394507726 ] ] ] } },
{ "type": "Feature", "properties": { "fid": 334, "polygon_uuid": "e488ac7d-1708-4210-846f-8fa033e8cedb", "AreaOnRegistry": "1024", "Address": "千葉県袖ケ浦市大鳥居西村530", "Tiban": "530", "dup_count": 1, "等分済み": 1134.1971759870648 }, "geometry": { "type": "Polygon", "coordinates": [ [ [ 140.004805553000011, 35.391385774 ], [ 140.004756048, 35.391188127 ], [ 140.004192754, 35.391305537 ], [ 140.004263894, 35.391490927 ], [ 140.004805553000011, 35.391385774 ] ] ] } },
{ "type": "Feature", "properties": { "fid": 335, "polygon_uuid": "103142da-2d6e-4c47-804c-90b3ecd1ae51", "AreaOnRegistry": "879", "Address": "千葉県袖ケ浦市大鳥居川岸74", "Tiban": "74", "dup_count": 2, "等分済み": 1003.3426766074263 }, "geometry": { "type": "Polygon", "coordinates": [ [ [ 140.004741838, 35.390847292 ], [ 140.004734354, 35.390980862 ], [ 140.004797988, 35.391200436 ], [ 140.005031002843481, 35.39115136995494 ], [ 140.005031002843481, 35.390792079827783 ], [ 140.004741838, 35.390847292 ] ] ] } },
{ "type": "Feature", "properties": { "fid": 336, "polygon_uuid": "103142da-2d6e-4c47-804c-90b3ecd1ae51", "AreaOnRegistry": "1024", "Address": "千葉県袖ケ浦市大鳥居川岸75", "Tiban": "75", "dup_count": 2, "等分済み": 1003.3424764946103 }, "geometry": { "type": "Polygon", "coordinates": [ [ [ 140.005262, 35.390747974 ], [ 140.005031002843481, 35.390792079827783 ], [ 140.005031002843481, 35.39115136995494 ], [ 140.005358228, 35.391082466 ], [ 140.005262, 35.390747974 ] ] ] } },
{ "type": "Feature", "properties": { "fid": 337, "polygon_uuid": "3e392f69-18a5-4dc7-9347-91f5a1bb9e03", "AreaOnRegistry": "699", "Address": "千葉県袖ケ浦市大鳥居橋戸309-1", "Tiban": "309-1", "dup_count": 2, "等分済み": 471.46790228178725 }, "geometry": { "type": "Polygon", "coordinates": [ [ [ 139.997551101, 35.395477374 ], [ 139.997631594841408, 35.395459949009805 ], [ 139.997631594841408, 35.395260748730962 ], [ 139.99728046300001, 35.395321383 ], [ 139.997288723, 35.395349549 ], [ 139.997551101, 35.395477374 ] ] ] } },
{ "type": "Feature", "properties": { "fid": 338, "polygon_uuid": "3e392f69-18a5-4dc7-9347-91f5a1bb9e03", "AreaOnRegistry": "151", "Address": "千葉県袖ケ浦市大鳥居橋戸309-2", "Tiban": "309-2", "dup_count": 2, "等分済み": 471.46867136284709 }, "geometry": { "type": "Polygon", "coordinates": [ [ [ 139.997900262, 35.395401789 ], [ 139.997845182, 35.395223866 ], [ 139.997631594841408, 35.395260748730962 ], [ 139.997631594841408, 35.395459949009805 ], [ 139.997900262, 35.395401789 ] ] ] } },
{ "type": "Feature", "properties": { "fid": 339, "polygon_uuid": "fde470d9-2e97-4bae-8be9-92243a123dc7", "AreaOnRegistry": "938", "Address": "千葉県袖ケ浦市大鳥居久保田678", "Tiban": "678", "dup_count": 1, "等分済み": 982.16612442024052 }, "geometry": { "type": "Polygon", "coordinates": [ [ [ 139.994837421999989, 35.391290085 ], [ 139.995385707, 35.391168777 ], [ 139.995333678, 35.390997567 ], [ 139.994844926000013, 35.391109577 ], [ 139.994801659, 35.391175975 ], [ 139.994837421999989, 35.391290085 ] ] ] } },
{ "type": "Feature", "properties": { "fid": 340, "polygon_uuid": "67dcbd6f-c807-4858-b895-9349bb99601a", "AreaOnRegistry": "654", "Address": "千葉県袖ケ浦市大鳥居ミノワ534", "Tiban": "534", "dup_count": 1, "等分済み": 426.97812371794134 }, "geometry": { "type": "Polygon", "coordinates": [ [ [ 140.003355045, 35.390985156 ], [ 140.003418516000011, 35.391000218 ], [ 140.003447324, 35.390607124 ], [ 140.003319409, 35.390635884 ], [ 140.003288844, 35.390855047 ], [ 140.003347102, 35.390896249 ], [ 140.003355045, 35.390985156 ] ] ] } },
{ "type": "Feature", "properties": { "fid": 341, "polygon_uuid": "6d17fba6-d144-4e24-a275-94687c6ebe90", "AreaOnRegistry": "1024", "Address": "千葉県袖ケ浦市大鳥居橋戸284", "Tiban": "284", "dup_count": 1, "等分済み": 1062.7117797061801 }, "geometry": { "type": "Polygon", "coordinates": [ [ [ 139.998685849999987, 35.395806303 ], [ 139.99923339, 35.395689442 ], [ 139.999178575, 35.395511485 ], [ 139.998629795, 35.395622628 ], [ 139.998685849999987, 35.395806303 ] ] ] } },
{ "type": "Feature", "properties": { "fid": 342, "polygon_uuid": "e919b7a4-2389-42c2-a450-94c3e90aa435", "AreaOnRegistry": "585", "Address": "千葉県袖ケ浦市大鳥居西村498-2", "Tiban": "498-2", "dup_count": 2, "等分済み": 365.76308823749423 }, "geometry": { "type": "Polygon", "coordinates": [ [ [ 140.002075744560699, 35.392941493446294 ], [ 140.002075744560699, 35.392712436256389 ], [ 140.001896394999989, 35.39272604 ], [ 140.001952886999987, 35.392969504 ], [ 140.002075744560699, 35.392941493446294 ] ] ] } },
{ "type": "Feature", "properties": { "fid": 343, "polygon_uuid": "e919b7a4-2389-42c2-a450-94c3e90aa435", "AreaOnRegistry": "571", "Address": "千葉県袖ケ浦市大鳥居西村498-1", "Tiban": "498-1", "dup_count": 2, "等分済み": 365.76303131133318 }, "geometry": { "type": "Polygon", "coordinates": [ [ [ 140.002281644, 35.39289455 ], [ 140.002204264, 35.392702688 ], [ 140.002075744560699, 35.392712436256389 ], [ 140.002075744560699, 35.392941493446294 ], [ 140.002281644, 35.39289455 ] ] ] } },
{ "type": "Feature", "properties": { "fid": 344, "polygon_uuid": "159f757d-fb03-4d40-93ed-94cba7290b61", "AreaOnRegistry": "1024", "Address": "千葉県袖ケ浦市大鳥居政所645", "Tiban": "645", "dup_count": 3, "等分済み": 1063.8064481317997 }, "geometry": { "type": "Polygon", "coordinates": [ [ [ 139.996766756999989, 35.391476804 ], [ 139.996938416, 35.392018323 ], [ 139.99703436835361, 35.391999005823259 ], [ 139.99703436835361, 35.391416809219969 ], [ 139.996766756999989, 35.391476804 ] ] ] } },
{ "type": "Feature", "properties": { "fid": 345, "polygon_uuid": "159f757d-fb03-4d40-93ed-94cba7290b61", "AreaOnRegistry": "1024", "Address": "千葉県袖ケ浦市大鳥居政所644", "Tiban": "644", "dup_count": 3, "等分済み": 1063.8068627119064 }, "geometry": { "type": "Polygon", "coordinates": [ [ [ 139.99703436835361, 35.391416809219969 ], [ 139.99703436835361, 35.391999005823259 ], [ 139.997215005433674, 35.391962639874201 ], [ 139.997215005433674, 35.391376312874286 ], [ 139.99703436835361, 35.391416809219969 ] ] ] } },
{ "type": "Feature", "properties": { "fid": 346, "polygon_uuid": "159f757d-fb03-4d40-93ed-94cba7290b61", "AreaOnRegistry": "1024", "Address": "千葉県袖ケ浦市大鳥居政所643", "Tiban": "643", "dup_count": 3, "等分済み": 1063.806060358882 }, "geometry": { "type": "Polygon", "coordinates": [ [ [ 139.997309016, 35.391355237 ], [ 139.997215005433674, 35.391376312874286 ], [ 139.997215005433674, 35.391962639874201 ], [ 139.997480024999987, 35.391909286 ], [ 139.997309016, 35.391355237 ] ] ] } },
{ "type": "Feature", "properties": { "fid": 347, "polygon_uuid": "fbf96a6f-4ab0-48e7-8863-954da22fe993", "AreaOnRegistry": "997", "Address": "千葉県袖ケ浦市大鳥居中戸173-1", "Tiban": "173-1", "dup_count": 1, "等分済み": 1037.4359175786376 }, "geometry": { "type": "Polygon", "coordinates": [ [ [ 140.001645548, 35.393278929 ], [ 140.002185277, 35.393164999 ], [ 140.002129682, 35.392986112 ], [ 140.001589493000012, 35.393100153 ], [ 140.001645548, 35.393278929 ] ] ] } },
{ "type": "Feature", "properties": { "fid": 348, "polygon_uuid": "fbecd064-1f75-437d-aa95-954f9d25c7e9", "AreaOnRegistry": "998", "Address": "千葉県袖ケ浦市大鳥居橋戸322", "Tiban": "322", "dup_count": 1, "等分済み": 1103.986702401191 }, "geometry": { "type": "Polygon", "coordinates": [ [ [ 139.996951581, 35.394248307 ], [ 139.996899748, 35.394066943 ], [ 139.996329304999989, 35.394192506 ], [ 139.996388220999989, 35.3943731 ], [ 139.996951581, 35.394248307 ] ] ] } },
{ "type": "Feature", "properties": { "fid": 349, "polygon_uuid": "20df6baf-ce38-47e3-9ec2-961ac6ca9271", "AreaOnRegistry": "1024", "Address": "千葉県袖ケ浦市大鳥居下の栄469", "Tiban": "469", "dup_count": 2, "等分済み": 1072.121365070343 }, "geometry": { "type": "Polygon", "coordinates": [ [ [ 139.99914200500001, 35.393140272 ], [ 139.999258104, 35.39350941 ], [ 139.999470458517948, 35.39346510397435 ], [ 139.999470458517948, 35.393071743778989 ], [ 139.99914200500001, 35.393140272 ] ] ] } },
{ "type": "Feature", "properties": { "fid": 350, "polygon_uuid": "20df6baf-ce38-47e3-9ec2-961ac6ca9271", "AreaOnRegistry": "998", "Address": "千葉県袖ケ浦市大鳥居下の栄470", "Tiban": "470", "dup_count": 2, "等分済み": 1072.1213794872165 }, "geometry": { "type": "Polygon", "coordinates": [ [ [ 139.999470458517948, 35.393071743778989 ], [ 139.999470458517948, 35.39346510397435 ], [ 139.999796141, 35.393397153 ], [ 139.999685585, 35.39302686 ], [ 139.999470458517948, 35.393071743778989 ] ] ] } },
{ "type": "Feature", "properties": { "fid": 351, "polygon_uuid": "15c37059-8d49-48a9-9f9d-9621e704695d", "AreaOnRegistry": "1358", "Address": "千葉県木更津市椿東983", "Tiban": "983", "dup_count": 1, "等分済み": 1433.8561118091457 }, "geometry": { "type": "Polygon", "coordinates": [ [ [ 139.994071953, 35.391336435 ], [ 139.99433287, 35.391285512 ], [ 139.99427207, 35.39083829 ], [ 139.994263554000014, 35.390775892 ], [ 139.993990333999989, 35.390802842 ], [ 139.994071953, 35.391336435 ] ] ] } },
{ "type": "Feature", "properties": { "fid": 352, "polygon_uuid": "d70e43a4-5134-4852-9f09-98b8e9ca4d7a", "AreaOnRegistry": "1024", "Address": "千葉県袖ケ浦市大鳥居中戸174", "Tiban": "174", "dup_count": 1, "等分済み": 1070.7015006020665 }, "geometry": { "type": "Polygon", "coordinates": [ [ [ 140.001705034999986, 35.393468652 ], [ 140.002241134, 35.393344728 ], [ 140.002185277, 35.393164999 ], [ 140.001645548, 35.393278929 ], [ 140.001705034999986, 35.393468652 ] ] ] } },
{ "type": "Feature", "properties": { "fid": 353, "polygon_uuid": "0ba79eb7-c6d4-478b-b2ab-9929a308b121", "AreaOnRegistry": "1024", "Address": "千葉県袖ケ浦市大鳥居西村527", "Tiban": "527", "dup_count": 1, "等分済み": 1122.3745641037822 }, "geometry": { "type": "Polygon", "coordinates": [ [ [ 140.004969816, 35.391918245 ], [ 140.004906238, 35.39172321 ], [ 140.004359457, 35.391849128 ], [ 140.004415418, 35.392032497 ], [ 140.004969816, 35.391918245 ] ] ] } },
{ "type": "Feature", "properties": { "fid": 354, "polygon_uuid": "a6648bc5-b6fb-4335-b61a-992f10096063", "AreaOnRegistry": "889", "Address": "千葉県袖ケ浦市大鳥居ミノワ540-1", "Tiban": "540-1", "dup_count": 1, "等分済み": 549.40150678949431 }, "geometry": { "type": "Polygon", "coordinates": [ [ [ 140.002675334, 35.39035774 ], [ 140.002693494999988, 35.390117779 ], [ 140.002631955999988, 35.390140496 ], [ 140.00259706, 35.39014372 ], [ 140.002546626, 35.390134264 ], [ 140.002419009, 35.390305928 ], [ 140.002496742, 35.390388386 ], [ 140.002667422, 35.390410377 ], [ 140.002675334, 35.39035774 ] ] ] } },
{ "type": "Feature", "properties": { "fid": 355, "polygon_uuid": "7da9b0ad-6b68-4443-8611-99e3e9cf83b3", "AreaOnRegistry": "1219", "Address": "千葉県袖ケ浦市大鳥居宮ノ下586-1", "Tiban": "586-1", "dup_count": 3, "等分済み": 791.92907121032476 }, "geometry": { "type": "Polygon", "coordinates": [ [ [ 140.000357274538459, 35.390558485141398 ], [ 140.000357274538459, 35.390155261353819 ], [ 140.000110958, 35.390187307 ], [ 140.000221003, 35.390587833 ], [ 140.000357274538459, 35.390558485141398 ] ] ] } },
{ "type": "Feature", "properties": { "fid": 356, "polygon_uuid": "7da9b0ad-6b68-4443-8611-99e3e9cf83b3", "AreaOnRegistry": "1120", "Address": "千葉県袖ケ浦市大鳥居宮ノ下585", "Tiban": "585", "dup_count": 3, "等分済み": 791.9293210953474 }, "geometry": { "type": "Polygon", "coordinates": [ [ [ 140.000556305744425, 35.390515621167332 ], [ 140.000556305744425, 35.390129367503384 ], [ 140.000357274538459, 35.390155261353819 ], [ 140.000357274538459, 35.390558485141398 ], [ 140.000556305744425, 35.390515621167332 ] ] ] } },
{ "type": "Feature", "properties": { "fid": 357, "polygon_uuid": "7da9b0ad-6b68-4443-8611-99e3e9cf83b3", "AreaOnRegistry": "99", "Address": "千葉県袖ケ浦市大鳥居宮ノ下586-2", "Tiban": "586-2", "dup_count": 3, "等分済み": 791.92889259755611 }, "geometry": { "type": "Polygon", "coordinates": [ [ [ 140.000806159, 35.390461812 ], [ 140.000722421, 35.390107756 ], [ 140.000556305744425, 35.390129367503384 ], [ 140.000556305744425, 35.390515621167332 ], [ 140.000806159, 35.390461812 ] ] ] } },
{ "type": "Feature", "properties": { "fid": 358, "polygon_uuid": "78292b70-1de9-4420-8cf4-9abb524466a2", "AreaOnRegistry": "834", "Address": "千葉県袖ケ浦市大鳥居川岸29-1", "Tiban": "29-1", "dup_count": 1, "等分済み": 1006.374698985368 }, "geometry": { "type": "Polygon", "coordinates": [ [ [ 140.006522467, 35.390659446 ], [ 140.006595485, 35.391032937 ], [ 140.006758282, 35.390994595 ], [ 140.00687312, 35.390580753 ], [ 140.006522467, 35.390659446 ] ] ] } },
{ "type": "Feature", "properties": { "fid": 359, "polygon_uuid": "1ccb9076-b6d0-4a10-b3c7-9abc453afb81", "AreaOnRegistry": "1024", "Address": "千葉県袖ケ浦市大鳥居八幡向268", "Tiban": "268", "dup_count": 3, "等分済み": 1058.4578318223357 }, "geometry": { "type": "Polygon", "coordinates": [ [ [ 139.998947746, 35.394594444 ], [ 139.999118835, 35.395133603 ], [ 139.99921687054217, 35.395114912499601 ], [ 139.99921687054217, 35.394542795794315 ], [ 139.998947746, 35.394594444 ] ] ] } },
{ "type": "Feature", "properties": { "fid": 360, "polygon_uuid": "1ccb9076-b6d0-4a10-b3c7-9abc453afb81", "AreaOnRegistry": "1024", "Address": "千葉県袖ケ浦市大鳥居八幡向267", "Tiban": "267", "dup_count": 3, "等分済み": 1058.4582439363003 }, "geometry": { "type": "Polygon", "coordinates": [ [ [ 139.99921687054217, 35.394542795794315 ], [ 139.99921687054217, 35.395114912499601 ], [ 139.999400384608975, 35.395079925497321 ], [ 139.999400384608975, 35.394507577258715 ], [ 139.99921687054217, 35.394542795794315 ] ] ] } },
{ "type": "Feature", "properties": { "fid": 361, "polygon_uuid": "1ccb9076-b6d0-4a10-b3c7-9abc453afb81", "AreaOnRegistry": "1024", "Address": "千葉県袖ケ浦市大鳥居八幡向266", "Tiban": "266", "dup_count": 3, "等分済み": 1058.4574285522103 }, "geometry": { "type": "Polygon", "coordinates": [ [ [ 139.999498655, 35.394488718 ], [ 139.999400384608975, 35.394507577258715 ], [ 139.999400384608975, 35.395079925497321 ], [ 139.99966901, 35.395028712 ], [ 139.999498655, 35.394488718 ] ] ] } },
{ "type": "Feature", "properties": { "fid": 362, "polygon_uuid": "c3e07271-afb4-4c6b-825e-9b0bed12682d", "AreaOnRegistry": "657", "Address": "千葉県袖ケ浦市大鳥居ミノワ532", "Tiban": "532", "dup_count": 1, "等分済み": 870.99801798444241 }, "geometry": { "type": "Polygon", "coordinates": [ [ [ 140.003686017, 35.391065025 ], [ 140.003961127, 35.390775258 ], [ 140.003808091, 35.390657426 ], [ 140.00382354300001, 35.390628823 ], [ 140.00371137, 35.390622353 ], [ 140.003576229, 35.391047467 ], [ 140.003686017, 35.391065025 ] ] ] } },
{ "type": "Feature", "properties": { "fid": 363, "polygon_uuid": "a0fd705b-b67d-4a28-b707-9bbda9e85f11", "AreaOnRegistry": "1024", "Address": "千葉県袖ケ浦市大鳥居八幡向237", "Tiban": "237", "dup_count": 2, "等分済み": 1052.8439296931028 }, "geometry": { "type": "Polygon", "coordinates": [ [ [ 140.00011875300001, 35.394362736 ], [ 140.000231727, 35.394719924 ], [ 140.000449703629783, 35.394673388721031 ], [ 140.000449703629783, 35.394293287722121 ], [ 140.00011875300001, 35.394362736 ] ] ] } },
{ "type": "Feature", "properties": { "fid": 364, "polygon_uuid": "a0fd705b-b67d-4a28-b707-9bbda9e85f11", "AreaOnRegistry": "1024", "Address": "千葉県袖ケ浦市大鳥居八幡向236", "Tiban": "236", "dup_count": 2, "等分済み": 1052.8439210355282 }, "geometry": { "type": "Polygon", "coordinates": [ [ [ 140.00066956, 35.394247152 ], [ 140.000449703629783, 35.394293287722121 ], [ 140.000449703629783, 35.394673388721031 ], [ 140.000780162000012, 35.39460284 ], [ 140.00066956, 35.394247152 ] ] ] } },
{ "type": "Feature", "properties": { "fid": 365, "polygon_uuid": "c0f29dad-365c-4a7e-a645-9c306ea99eec", "AreaOnRegistry": "1024", "Address": "千葉県袖ケ浦市大鳥居八幡向272", "Tiban": "272", "dup_count": 1, "等分済み": 1057.553881097585 }, "geometry": { "type": "Polygon", "coordinates": [ [ [ 139.999328637, 35.393949786 ], [ 139.999271209, 35.393767746 ], [ 139.998721017, 35.393879931 ], [ 139.998776975999988, 35.39405628 ], [ 139.999328637, 35.393949786 ] ] ] } },
{ "type": "Feature", "properties": { "fid": 366, "polygon_uuid": "3a94779b-ff13-4f5f-89d3-9caaff6efb5a", "AreaOnRegistry": "733", "Address": "千葉県袖ケ浦市大鳥居宮ノ下589-1", "Tiban": "589-1", "dup_count": 2, "等分済み": 459.78195897117257 }, "geometry": { "type": "Polygon", "coordinates": [ [ [ 139.999871196130982, 35.390636000663655 ], [ 139.999871196130982, 35.390454575819305 ], [ 139.999587397999989, 35.390524313 ], [ 139.999631408999988, 35.390681662 ], [ 139.999871196130982, 35.390636000663655 ] ] ] } },
{ "type": "Feature", "properties": { "fid": 367, "polygon_uuid": "3a94779b-ff13-4f5f-89d3-9caaff6efb5a", "AreaOnRegistry": "290", "Address": "千葉県袖ケ浦市大鳥居宮ノ下589-2", "Tiban": "589-2", "dup_count": 2, "等分済み": 459.78192317858338 }, "geometry": { "type": "Polygon", "coordinates": [ [ [ 140.000142356999987, 35.390584365 ], [ 140.000085188000014, 35.390401992 ], [ 139.999871196130982, 35.390454575819305 ], [ 139.999871196130982, 35.390636000663655 ], [ 140.000142356999987, 35.390584365 ] ] ] } },
{ "type": "Feature", "properties": { "fid": 368, "polygon_uuid": "44b984d4-c97e-4722-bb85-9e68c3565ceb", "AreaOnRegistry": "1024", "Address": "千葉県袖ケ浦市大鳥居下の栄463", "Tiban": "463", "dup_count": 1, "等分済み": 1071.5256182812154 }, "geometry": { "type": "Polygon", "coordinates": [ [ [ 139.998850439, 35.392244068 ], [ 139.999410468, 35.392121551 ], [ 139.99935617700001, 35.391947377 ], [ 139.998789460000012, 35.392065467 ], [ 139.998850439, 35.392244068 ] ] ] } },
{ "type": "Feature", "properties": { "fid": 369, "polygon_uuid": "ef73df8b-fbd8-4c05-8d07-9ed297fc542a", "AreaOnRegistry": "94", "Address": "千葉県袖ケ浦市大鳥居西村502-3", "Tiban": "502-3", "dup_count": 2, "等分済み": 157.5740267643705 }, "geometry": { "type": "Polygon", "coordinates": [ [ [ 140.002582111, 35.392178592 ], [ 140.00254177, 35.392197153 ], [ 140.00258804, 35.39227104 ], [ 140.002722422, 35.392212634 ], [ 140.002726472879999, 35.392216509527593 ], [ 140.002726472879999, 35.392112171004989 ], [ 140.002582111, 35.392178592 ] ] ] } },
{ "type": "Feature", "properties": { "fid": 370, "polygon_uuid": "ef73df8b-fbd8-4c05-8d07-9ed297fc542a", "AreaOnRegistry": "138", "Address": "千葉県袖ケ浦市大鳥居西村350-1", "Tiban": "350-1", "dup_count": 2, "等分済み": 157.5740013346076 }, "geometry": { "type": "Polygon", "coordinates": [ [ [ 140.002808593999987, 35.392070905 ], [ 140.002751010999987, 35.392100881 ], [ 140.002726472879999, 35.392112171004989 ], [ 140.002726472879999, 35.392216509527593 ], [ 140.002778258, 35.392266053 ], [ 140.002854856999988, 35.392141644 ], [ 140.002808593999987, 35.392070905 ] ] ] } },
{ "type": "Feature", "properties": { "fid": 371, "polygon_uuid": "e7fdfe19-48a4-4344-b6d4-9fb82c9c7310", "AreaOnRegistry": "1087", "Address": "千葉県袖ケ浦市大鳥居橋戸323", "Tiban": "323", "dup_count": 1, "等分済み": 1098.8842116817832 }, "geometry": { "type": "Polygon", "coordinates": [ [ [ 139.996345431, 35.39436316 ], [ 139.996300169, 35.394216441 ], [ 139.996254703, 35.394181986 ], [ 139.995739334, 35.394283576 ], [ 139.995798084, 35.39447335 ], [ 139.996345431, 35.39436316 ] ] ] } },
{ "type": "Feature", "properties": { "fid": 372, "polygon_uuid": "9761821a-73c9-4e43-b88f-a115eb55bc44", "AreaOnRegistry": "1024", "Address": "千葉県袖ケ浦市大鳥居宮ノ下600", "Tiban": "600", "dup_count": 4, "等分済み": 1067.1226647738367 }, "geometry": { "type": "Polygon", "coordinates": [ [ [ 139.999655107, 35.390874714 ], [ 139.999097038, 35.390989754 ], [ 139.999136218724459, 35.391111098604554 ], [ 139.999726396194745, 35.391111098604554 ], [ 139.999655107, 35.390874714 ] ] ] } },
{ "type": "Feature", "properties": { "fid": 373, "polygon_uuid": "9761821a-73c9-4e43-b88f-a115eb55bc44", "AreaOnRegistry": "1029", "Address": "千葉県袖ケ浦市大鳥居宮ノ下599", "Tiban": "599", "dup_count": 4, "等分済み": 1067.1228718496859 }, "geometry": { "type": "Polygon", "coordinates": [ [ [ 139.999726396194745, 35.391111098604554 ], [ 139.999136218724459, 35.391111098604554 ], [ 139.999194328070161, 35.391291066067346 ], [ 139.999780671030152, 35.391291066067346 ], [ 139.999726396194745, 35.391111098604554 ] ] ] } },
{ "type": "Feature", "properties": { "fid": 374, "polygon_uuid": "9761821a-73c9-4e43-b88f-a115eb55bc44", "AreaOnRegistry": "1024", "Address": "千葉県袖ケ浦市大鳥居宮ノ下598", "Tiban": "598", "dup_count": 4, "等分済み": 1067.1229964494705 }, "geometry": { "type": "Polygon", "coordinates": [ [ [ 139.999780671030152, 35.391291066067346 ], [ 139.999194328070161, 35.391291066067346 ], [ 139.999252820079874, 35.391472218659288 ], [ 139.999835303278417, 35.391472218659288 ], [ 139.999780671030152, 35.391291066067346 ] ] ] } },
{ "type": "Feature", "properties": { "fid": 375, "polygon_uuid": "9761821a-73c9-4e43-b88f-a115eb55bc44", "AreaOnRegistry": "1024", "Address": "千葉県袖ケ浦市大鳥居宮ノ下597", "Tiban": "597", "dup_count": 4, "等分済み": 1067.1219676844776 }, "geometry": { "type": "Polygon", "coordinates": [ [ [ 139.999873296, 35.391598197 ], [ 139.999835303278417, 35.391472218659288 ], [ 139.999252820079874, 35.391472218659288 ], [ 139.99932987, 35.391710846 ], [ 139.999873296, 35.391598197 ] ] ] } },
{ "type": "Feature", "properties": { "fid": 376, "polygon_uuid": "02fdfd3b-a14e-4db7-b47c-a1375ccdb0e6", "AreaOnRegistry": "1024", "Address": "千葉県袖ケ浦市大鳥居政所656", "Tiban": "656", "dup_count": 2, "等分済み": 1049.73556330055 }, "geometry": { "type": "Polygon", "coordinates": [ [ [ 139.996233620999988, 35.391788926 ], [ 139.99635025500001, 35.392149673 ], [ 139.996560586627226, 35.392101773041304 ], [ 139.996560586627226, 35.391713891303773 ], [ 139.996233620999988, 35.391788926 ] ] ] } },
{ "type": "Feature", "properties": { "fid": 377, "polygon_uuid": "02fdfd3b-a14e-4db7-b47c-a1375ccdb0e6", "AreaOnRegistry": "1024", "Address": "千葉県袖ケ浦市大鳥居政所657", "Tiban": "657", "dup_count": 2, "等分済み": 1049.7355311438441 }, "geometry": { "type": "Polygon", "coordinates": [ [ [ 139.99677001500001, 35.39166583 ], [ 139.996560586627226, 35.391713891303773 ], [ 139.996560586627226, 35.392101773041304 ], [ 139.996887835, 35.392027247 ], [ 139.99677001500001, 35.39166583 ] ] ] } },
{ "type": "Feature", "properties": { "fid": 378, "polygon_uuid": "4b561e77-8bf9-4b20-9ed8-a18eaa952dcb", "AreaOnRegistry": "998", "Address": "千葉県袖ケ浦市大鳥居政所659", "Tiban": "659", "dup_count": 1, "等分済み": 1098.9985293075442 }, "geometry": { "type": "Polygon", "coordinates": [ [ [ 139.99640577400001, 35.392321388 ], [ 139.996465025, 35.392504647 ], [ 139.997007313000012, 35.392393742 ], [ 139.996944074, 35.392199759 ], [ 139.99640577400001, 35.392321388 ] ] ] } },
{ "type": "Feature", "properties": { "fid": 379, "polygon_uuid": "52ab5312-4455-427f-8b8c-a1ad66fb4003", "AreaOnRegistry": "687", "Address": "千葉県袖ケ浦市大鳥居川岸30-1", "Tiban": "30-1", "dup_count": 1, "等分済み": 859.27966381236911 }, "geometry": { "type": "Polygon", "coordinates": [ [ [ 140.006522467, 35.390659446 ], [ 140.00687312, 35.390580753 ], [ 140.00693349, 35.390372656 ], [ 140.006448261, 35.390462392 ], [ 140.006522467, 35.390659446 ] ] ] } },
{ "type": "Feature", "properties": { "fid": 380, "polygon_uuid": "6675dca4-8300-4614-86d4-a1e349242b3a", "AreaOnRegistry": "1024", "Address": "千葉県袖ケ浦市大鳥居八幡向212", "Tiban": "212", "dup_count": 3, "等分済み": 1004.722856618464 }, "geometry": { "type": "Polygon", "coordinates": [ [ [ 140.00101900013675, 35.394935271035649 ], [ 140.00101900013675, 35.394361365317963 ], [ 140.000760656000011, 35.394416629 ], [ 140.000930045, 35.394954475 ], [ 140.00101900013675, 35.394935271035649 ] ] ] } },
{ "type": "Feature", "properties": { "fid": 381, "polygon_uuid": "6675dca4-8300-4614-86d4-a1e349242b3a", "AreaOnRegistry": "1024", "Address": "千葉県袖ケ浦市大鳥居八幡向213", "Tiban": "213", "dup_count": 3, "等分済み": 1004.7232000231743 }, "geometry": { "type": "Polygon", "coordinates": [ [ [ 140.001192741205557, 35.394897763170292 ], [ 140.001192741205557, 35.394324199499898 ], [ 140.00101900013675, 35.394361365317963 ], [ 140.00101900013675, 35.394935271035649 ], [ 140.001192741205557, 35.394897763170292 ] ] ] } },
{ "type": "Feature", "properties": { "fid": 382, "polygon_uuid": "6675dca4-8300-4614-86d4-a1e349242b3a", "AreaOnRegistry": "1024", "Address": "千葉県袖ケ浦市大鳥居八幡向214", "Tiban": "214", "dup_count": 3, "等分済み": 1004.722511716187 }, "geometry": { "type": "Polygon", "coordinates": [ [ [ 140.001450162999987, 35.39484219 ], [ 140.001282984999989, 35.394304895 ], [ 140.001192741205557, 35.394324199499898 ], [ 140.001192741205557, 35.394897763170292 ], [ 140.001450162999987, 35.39484219 ] ] ] } },
{ "type": "Feature", "properties": { "fid": 383, "polygon_uuid": "68ced9e7-7022-47de-aa4e-a20762906b72", "AreaOnRegistry": "1024", "Address": "千葉県袖ケ浦市大鳥居八幡向221-1", "Tiban": "221-1", "dup_count": 2, "等分済み": 986.15870015323162 }, "geometry": { "type": "Polygon", "coordinates": [ [ [ 140.001045225000013, 35.395320193 ], [ 140.001159832000013, 35.395684087 ], [ 140.001357293627137, 35.395635296523999 ], [ 140.001357293627137, 35.395256424706389 ], [ 140.001045225000013, 35.395320193 ] ] ] } },
{ "type": "Feature", "properties": { "fid": 384, "polygon_uuid": "68ced9e7-7022-47de-aa4e-a20762906b72", "AreaOnRegistry": "1014", "Address": "千葉県袖ケ浦市大鳥居八幡向222-1", "Tiban": "222-1", "dup_count": 2, "等分済み": 986.15872197598219 }, "geometry": { "type": "Polygon", "coordinates": [ [ [ 140.001565797000012, 35.395213819 ], [ 140.001357293627137, 35.395256424706389 ], [ 140.001357293627137, 35.395635296523999 ], [ 140.001672692999989, 35.395557365 ], [ 140.001565797000012, 35.395213819 ] ] ] } },
{ "type": "Feature", "properties": { "fid": 385, "polygon_uuid": "bc2fa2a8-a7f9-486d-a060-a283f08e0c1b", "AreaOnRegistry": "366", "Address": "千葉県袖ケ浦市大鳥居川岸73-1", "Tiban": "73-1", "dup_count": 1, "等分済み": 416.57821700321801 }, "geometry": { "type": "Polygon", "coordinates": [ [ [ 140.004647315, 35.390338479 ], [ 140.004423507000013, 35.390407568 ], [ 140.004549829000013, 35.390572441 ], [ 140.004731627000012, 35.390494242 ], [ 140.004731572999987, 35.390469026 ], [ 140.004647315, 35.390338479 ] ] ] } },
{ "type": "Feature", "properties": { "fid": 386, "polygon_uuid": "0126976f-b621-458f-89ea-a349ce366723", "AreaOnRegistry": "688", "Address": "千葉県袖ケ浦市大鳥居ミノワ535-1", "Tiban": "535-1", "dup_count": 1, "等分済み": 680.00290622003376 }, "geometry": { "type": "Polygon", "coordinates": [ [ [ 140.003437967999986, 35.391297514 ], [ 140.003686017, 35.391065025 ], [ 140.003576229, 35.391047467 ], [ 140.003541286, 35.391029353 ], [ 140.003418516000011, 35.391000218 ], [ 140.003355045, 35.390985156 ], [ 140.003235425000014, 35.391008419 ], [ 140.003437967999986, 35.391297514 ] ] ] } },
{ "type": "Feature", "properties": { "fid": 387, "polygon_uuid": "8661728c-01dc-4daa-8a64-a48f56879c07", "AreaOnRegistry": "690", "Address": "千葉県袖ケ浦市大鳥居駒木340-2", "Tiban": "340-2", "dup_count": 2, "等分済み": 539.93798229843378 }, "geometry": { "type": "Polygon", "coordinates": [ [ [ 139.995215242912366, 35.39357912793615 ], [ 139.995215242912366, 35.39338531732411 ], [ 139.994909595, 35.393449645 ], [ 139.99497090700001, 35.393632329 ], [ 139.995215242912366, 35.39357912793615 ] ] ] } },
{ "type": "Feature", "properties": { "fid": 388, "polygon_uuid": "8661728c-01dc-4daa-8a64-a48f56879c07", "AreaOnRegistry": "333", "Address": "千葉県袖ケ浦市大鳥居駒木340-1", "Tiban": "340-1", "dup_count": 2, "等分済み": 539.93799764290452 }, "geometry": { "type": "Polygon", "coordinates": [ [ [ 139.995520909, 35.393512573 ], [ 139.995465231, 35.393332704 ], [ 139.995215242912366, 35.39338531732411 ], [ 139.995215242912366, 35.39357912793615 ], [ 139.995520909, 35.393512573 ] ] ] } },
{ "type": "Feature", "properties": { "fid": 389, "polygon_uuid": "a82ded02-3914-401d-8e88-a4d0b7c7d5c6", "AreaOnRegistry": "998", "Address": "千葉県袖ケ浦市大鳥居川原94", "Tiban": "94", "dup_count": 3, "等分済み": 1064.9335194975138 }, "geometry": { "type": "Polygon", "coordinates": [ [ [ 140.005424114633684, 35.392865518412037 ], [ 140.005424114633684, 35.392304103593887 ], [ 140.005161275, 35.392362101 ], [ 140.005310818999988, 35.392891037 ], [ 140.005424114633684, 35.392865518412037 ] ] ] } },
{ "type": "Feature", "properties": { "fid": 390, "polygon_uuid": "a82ded02-3914-401d-8e88-a4d0b7c7d5c6", "AreaOnRegistry": "1024", "Address": "千葉県袖ケ浦市大鳥居川原95", "Tiban": "95", "dup_count": 3, "等分済み": 1064.9338976442814 }, "geometry": { "type": "Polygon", "coordinates": [ [ [ 140.005612448717358, 35.392823098243454 ], [ 140.005612448717358, 35.39226254635922 ], [ 140.005424114633684, 35.392304103593887 ], [ 140.005424114633684, 35.392865518412037 ], [ 140.005612448717358, 35.392823098243454 ] ] ] } },
{ "type": "Feature", "properties": { "fid": 391, "polygon_uuid": "a82ded02-3914-401d-8e88-a4d0b7c7d5c6", "AreaOnRegistry": "1024", "Address": "千葉県袖ケ浦市大鳥居川原96", "Tiban": "96", "dup_count": 3, "等分済み": 1064.9329287409782 }, "geometry": { "type": "Polygon", "coordinates": [ [ [ 140.005890368, 35.3927605 ], [ 140.005711713000011, 35.392240643 ], [ 140.005612448717358, 35.39226254635922 ], [ 140.005612448717358, 35.392823098243454 ], [ 140.005890368, 35.3927605 ] ] ] } },
{ "type": "Feature", "properties": { "fid": 392, "polygon_uuid": "fe6923a9-2cdc-40fc-b7e9-a5a7a2db9ddd", "AreaOnRegistry": "32", "Address": "千葉県袖ケ浦市大鳥居川原104-2", "Tiban": "104-2", "dup_count": 1, "等分済み": 3010.9036350548267 }, "geometry": { "type": "Polygon", "coordinates": [ [ [ 140.004707231, 35.393211275 ], [ 140.004887104, 35.393792958 ], [ 140.005410756, 35.393499655 ], [ 140.005273991, 35.39310235 ], [ 140.004707231, 35.393211275 ] ] ] } },
{ "type": "Feature", "properties": { "fid": 393, "polygon_uuid": "50653635-c5c2-434d-8e5c-a883bec641f0", "AreaOnRegistry": "1024", "Address": "千葉県袖ケ浦市大鳥居政所642", "Tiban": "642", "dup_count": 1, "等分済み": 1043.0389330759645 }, "geometry": { "type": "Polygon", "coordinates": [ [ [ 139.997534447, 35.392085608 ], [ 139.997480024999987, 35.391909286 ], [ 139.996938416, 35.392018323 ], [ 139.996996624, 35.392201944 ], [ 139.997534447, 35.392085608 ] ] ] } },
{ "type": "Feature", "properties": { "fid": 394, "polygon_uuid": "ee18cde7-1449-4b6a-9e18-a8b7502e0f59", "AreaOnRegistry": "959", "Address": "千葉県袖ケ浦市大鳥居西村520-1", "Tiban": "520-1", "dup_count": 1, "等分済み": 1019.6896715536714 }, "geometry": { "type": "Polygon", "coordinates": [ [ [ 140.00429804, 35.391865371 ], [ 140.004237937, 35.391684119 ], [ 140.003713502000011, 35.391801889 ], [ 140.003808877000012, 35.391983651 ], [ 140.00429804, 35.391865371 ] ] ] } },
{ "type": "Feature", "properties": { "fid": 395, "polygon_uuid": "6c7e3d24-a687-4551-b09d-a8e53b71875f", "AreaOnRegistry": "1024", "Address": "千葉県袖ケ浦市大鳥居川岸80", "Tiban": "80", "dup_count": 1, "等分済み": 1353.4338271319866 }, "geometry": { "type": "Polygon", "coordinates": [ [ [ 140.005623483, 35.391988733 ], [ 140.005553306, 35.391748967 ], [ 140.005007895, 35.391871957 ], [ 140.005077607, 35.392094972 ], [ 140.005623483, 35.391988733 ] ] ] } },
{ "type": "Feature", "properties": { "fid": 396, "polygon_uuid": "ee2c31ef-24f0-44c0-ac19-a921c66c0d39", "AreaOnRegistry": "1024", "Address": "千葉県袖ケ浦市大鳥居下の栄485", "Tiban": "485", "dup_count": 3, "等分済み": 693.89436428248882 }, "geometry": { "type": "Polygon", "coordinates": [ [ [ 140.000322489205757, 35.392519409353035 ], [ 140.000322489205757, 35.392137826606735 ], [ 140.000088239, 35.392190979 ], [ 140.000195659000013, 35.392547762 ], [ 140.000322489205757, 35.392519409353035 ] ] ] } },
{ "type": "Feature", "properties": { "fid": 397, "polygon_uuid": "ee2c31ef-24f0-44c0-ac19-a921c66c0d39", "AreaOnRegistry": "1024", "Address": "千葉県袖ケ浦市大鳥居下の栄486", "Tiban": "486", "dup_count": 3, "等分済み": 693.89461575448513 }, "geometry": { "type": "Polygon", "coordinates": [ [ [ 140.000502755906439, 35.39247911108108 ], [ 140.000502755906439, 35.392096923306191 ], [ 140.000322489205757, 35.392137826606735 ], [ 140.000322489205757, 35.392519409353035 ], [ 140.000502755906439, 35.39247911108108 ] ] ] } },
{ "type": "Feature", "properties": { "fid": 398, "polygon_uuid": "ee2c31ef-24f0-44c0-ac19-a921c66c0d39", "AreaOnRegistry": "280", "Address": "千葉県袖ケ浦市大鳥居下の栄488-1", "Tiban": "488-1", "dup_count": 3, "等分済み": 693.89411605149508 }, "geometry": { "type": "Polygon", "coordinates": [ [ [ 140.000734939000012, 35.392427207 ], [ 140.00063056, 35.392067924 ], [ 140.000502755906439, 35.392096923306191 ], [ 140.000502755906439, 35.39247911108108 ], [ 140.000734939000012, 35.392427207 ] ] ] } },
{ "type": "Feature", "properties": { "fid": 399, "polygon_uuid": "0224e993-e50f-47d2-86ee-a9d82917ded7", "AreaOnRegistry": "1024", "Address": "千葉県袖ケ浦市大鳥居八幡向209", "Tiban": "209", "dup_count": 1, "等分済み": 980.74864446744323 }, "geometry": { "type": "Polygon", "coordinates": [ [ [ 140.000644603000012, 35.394048132 ], [ 140.001167942, 35.393935158 ], [ 140.001116677, 35.393770395 ], [ 140.000586863, 35.393864795 ], [ 140.000644603000012, 35.394048132 ] ] ] } },
{ "type": "Feature", "properties": { "fid": 400, "polygon_uuid": "e76c7bb5-bb72-4121-b858-ab245053c094", "AreaOnRegistry": "1024", "Address": "千葉県袖ケ浦市大鳥居久保田691", "Tiban": "691", "dup_count": 1, "等分済み": 1109.6311413571239 }, "geometry": { "type": "Polygon", "coordinates": [ [ [ 139.995215651, 35.392568479 ], [ 139.995158626, 35.392384099 ], [ 139.994599446, 35.392499389 ], [ 139.994657962, 35.392685269 ], [ 139.995215651, 35.392568479 ] ] ] } },
{ "type": "Feature", "properties": { "fid": 401, "polygon_uuid": "d9b7b34b-4671-4cb2-a0a8-ab95d94e2e86", "AreaOnRegistry": "747", "Address": "千葉県袖ケ浦市大鳥居八幡向273-2", "Tiban": "273-2", "dup_count": 2, "等分済み": 549.25402991473675 }, "geometry": { "type": "Polygon", "coordinates": [ [ [ 139.998661922999986, 35.393693699 ], [ 139.998721017, 35.393879931 ], [ 139.998966231676661, 35.393829931348058 ], [ 139.998966231676661, 35.39363156934651 ], [ 139.998661922999986, 35.393693699 ] ] ] } },
{ "type": "Feature", "properties": { "fid": 402, "polygon_uuid": "d9b7b34b-4671-4cb2-a0a8-ab95d94e2e86", "AreaOnRegistry": "251", "Address": "千葉県袖ケ浦市大鳥居八幡向273-1", "Tiban": "273-1", "dup_count": 2, "等分済み": 549.25401928648353 }, "geometry": { "type": "Polygon", "coordinates": [ [ [ 139.999210578, 35.393581682 ], [ 139.998966231676661, 35.39363156934651 ], [ 139.998966231676661, 35.393829931348058 ], [ 139.999271209, 35.393767746 ], [ 139.999210578, 35.393581682 ] ] ] } },
{ "type": "Feature", "properties": { "fid": 403, "polygon_uuid": "2a8b7dd7-d609-4d9d-9487-ac4acc493b62", "AreaOnRegistry": "294", "Address": "千葉県袖ケ浦市大鳥居久保田714-2", "Tiban": "714-2", "dup_count": 4, "等分済み": 824.78807739168406 }, "geometry": { "type": "Polygon", "coordinates": [ [ [ 139.993256007000014, 35.392200104 ], [ 139.993437957999987, 35.392741748 ], [ 139.993486957799462, 35.39273083248532 ], [ 139.993486957799462, 35.392145739642793 ], [ 139.993256007000014, 35.392200104 ] ] ] } },
{ "type": "Feature", "properties": { "fid": 404, "polygon_uuid": "2a8b7dd7-d609-4d9d-9487-ac4acc493b62", "AreaOnRegistry": "730", "Address": "千葉県袖ケ浦市大鳥居久保田714-1", "Tiban": "714-1", "dup_count": 4, "等分済み": 824.78832802176476 }, "geometry": { "type": "Polygon", "coordinates": [ [ [ 139.993486957799462, 35.392145739642793 ], [ 139.993486957799462, 35.39273083248532 ], [ 139.993626600838809, 35.392699724691774 ], [ 139.993626600838809, 35.392112868554705 ], [ 139.993486957799462, 35.392145739642793 ] ] ] } },
{ "type": "Feature", "properties": { "fid": 405, "polygon_uuid": "2a8b7dd7-d609-4d9d-9487-ac4acc493b62", "AreaOnRegistry": "1024", "Address": "千葉県袖ケ浦市大鳥居久保田713", "Tiban": "713", "dup_count": 4, "等分済み": 824.78850417584181 }, "geometry": { "type": "Polygon", "coordinates": [ [ [ 139.993626600838809, 35.392112868554705 ], [ 139.993626600838809, 35.392699724691774 ], [ 139.993765825530062, 35.392668710092181 ], [ 139.993765825530062, 35.392080095943115 ], [ 139.993626600838809, 35.392112868554705 ] ] ] } },
{ "type": "Feature", "properties": { "fid": 406, "polygon_uuid": "2a8b7dd7-d609-4d9d-9487-ac4acc493b62", "AreaOnRegistry": "1024", "Address": "千葉県袖ケ浦市大鳥居久保田712", "Tiban": "712", "dup_count": 4, "等分済み": 824.78746508061886 }, "geometry": { "type": "Polygon", "coordinates": [ [ [ 139.993819683999988, 35.392067418 ], [ 139.993765825530062, 35.392080095943115 ], [ 139.993765825530062, 35.392668710092181 ], [ 139.993989742, 35.392618829 ], [ 139.993819683999988, 35.392067418 ] ] ] } },
{ "type": "Feature", "properties": { "fid": 407, "polygon_uuid": "ac6e0e59-a4f3-42f5-953f-ac94608ff065", "AreaOnRegistry": "1024", "Address": "千葉県袖ケ浦市大鳥居下の栄476", "Tiban": "476", "dup_count": 1, "等分済み": 1082.9956632852554 }, "geometry": { "type": "Polygon", "coordinates": [ [ [ 140.000113378, 35.392369988 ], [ 140.000057051999988, 35.392184935 ], [ 139.999500706, 35.392303388 ], [ 139.999555749, 35.39248118 ], [ 140.000113378, 35.392369988 ] ] ] } },
{ "type": "Feature", "properties": { "fid": 408, "polygon_uuid": "a334bb2b-16ee-4aa5-9f5f-ad1bfdcbe45a", "AreaOnRegistry": "1024", "Address": "千葉県袖ケ浦市大鳥居下の栄475", "Tiban": "475", "dup_count": 1, "等分済み": 1124.8497503660619 }, "geometry": { "type": "Polygon", "coordinates": [ [ [ 139.999613703, 35.392668373 ], [ 140.0001713, 35.392560275 ], [ 140.000113378, 35.392369988 ], [ 139.999555749, 35.39248118 ], [ 139.999613703, 35.392668373 ] ] ] } },
{ "type": "Feature", "properties": { "fid": 409, "polygon_uuid": "6248fb55-a82d-4747-bade-ad43c32083e4", "AreaOnRegistry": "1024", "Address": "千葉県袖ケ浦市大鳥居川岸44", "Tiban": "44", "dup_count": 2, "等分済み": 1098.4731623567641 }, "geometry": { "type": "Polygon", "coordinates": [ [ [ 140.005864108999987, 35.390613502 ], [ 140.006078824230286, 35.390568039548114 ], [ 140.006078824230286, 35.390168589329591 ], [ 140.005999939, 35.390185086 ], [ 140.005748369, 35.390237696 ], [ 140.005864108999987, 35.390613502 ] ] ] } },
{ "type": "Feature", "properties": { "fid": 410, "polygon_uuid": "6248fb55-a82d-4747-bade-ad43c32083e4", "AreaOnRegistry": "1024", "Address": "千葉県袖ケ浦市大鳥居川岸45", "Tiban": "45", "dup_count": 2, "等分済み": 1098.472384929657 }, "geometry": { "type": "Polygon", "coordinates": [ [ [ 140.006404944, 35.390498989 ], [ 140.006298807, 35.390122586 ], [ 140.006078824230286, 35.390168589329591 ], [ 140.006078824230286, 35.390568039548114 ], [ 140.006404944, 35.390498989 ] ] ] } },
{ "type": "Feature", "properties": { "fid": 411, "polygon_uuid": "bfc370a2-96ea-4f7f-ab7f-af2e6af230ef", "AreaOnRegistry": "1024", "Address": "千葉県袖ケ浦市大鳥居下の栄481", "Tiban": "481", "dup_count": 1, "等分済み": 1079.4326932542026 }, "geometry": { "type": "Polygon", "coordinates": [ [ [ 140.000003233, 35.392008123 ], [ 139.999947268, 35.391824258 ], [ 139.999389702, 35.391944835 ], [ 139.999444389, 35.392121478 ], [ 140.000003233, 35.392008123 ] ] ] } },
{ "type": "Feature", "properties": { "fid": 412, "polygon_uuid": "2594670c-fa24-4802-87f5-af5f16d9ee1c", "AreaOnRegistry": "98", "Address": "千葉県袖ケ浦市大鳥居八幡向223-1", "Tiban": "223-1", "dup_count": 1, "等分済み": 281.26109693571925 }, "geometry": { "type": "Polygon", "coordinates": [ [ [ 140.001672692999989, 35.395557365 ], [ 140.001159832000013, 35.395684087 ], [ 140.00119163, 35.395785051 ], [ 140.001672692999989, 35.395557365 ] ] ] } },
{ "type": "Feature", "properties": { "fid": 413, "polygon_uuid": "129313aa-fbd1-481c-99c4-b1744dd5d6e4", "AreaOnRegistry": "998", "Address": "千葉県袖ケ浦市大鳥居駒木356", "Tiban": "356", "dup_count": 1, "等分済み": 1181.3044293485582 }, "geometry": { "type": "Polygon", "coordinates": [ [ [ 139.996347501, 35.39411875 ], [ 139.996914728, 35.394006466 ], [ 139.996852198, 35.393809494 ], [ 139.996288611000011, 35.393925688 ], [ 139.996347501, 35.39411875 ] ] ] } },
{ "type": "Feature", "properties": { "fid": 414, "polygon_uuid": "1de77b51-5f15-4583-aa02-b20b50010156", "AreaOnRegistry": "1024", "Address": "千葉県袖ケ浦市大鳥居下の栄424", "Tiban": "424", "dup_count": 1, "等分済み": 1065.8443779088557 }, "geometry": { "type": "Polygon", "coordinates": [ [ [ 139.997857826, 35.393018497 ], [ 139.998405994, 35.392907452 ], [ 139.998347294000013, 35.392722264 ], [ 139.997802447, 35.392840654 ], [ 139.997857826, 35.393018497 ] ] ] } },
{ "type": "Feature", "properties": { "fid": 415, "polygon_uuid": "0d5d7c70-4719-4975-971f-b30de10783e2", "AreaOnRegistry": "366", "Address": "千葉県袖ケ浦市大鳥居下峯576-1", "Tiban": "576-1", "dup_count": 1, "等分済み": 371.66280259870109 }, "geometry": { "type": "Polygon", "coordinates": [ [ [ 140.002173772, 35.391003023 ], [ 140.002162473999988, 35.390909516 ], [ 140.001860756000013, 35.390886336 ], [ 140.001853342, 35.391016941 ], [ 140.001853484, 35.391029563 ], [ 140.001942971, 35.391022148 ], [ 140.002079359, 35.391010847 ], [ 140.002173772, 35.391003023 ] ] ] } },
{ "type": "Feature", "properties": { "fid": 416, "polygon_uuid": "42b26993-7004-4994-a3b0-b32e2ce7a064", "AreaOnRegistry": "1024", "Address": "千葉県袖ケ浦市大鳥居宮ノ下618", "Tiban": "618", "dup_count": 1, "等分済み": 991.0797102637589 }, "geometry": { "type": "Polygon", "coordinates": [ [ [ 139.998530335999988, 35.391288329 ], [ 139.998470503, 35.391110177 ], [ 139.997940383000014, 35.391235701 ], [ 139.997988714, 35.391400525 ], [ 139.998530335999988, 35.391288329 ] ] ] } },
{ "type": "Feature", "properties": { "fid": 417, "polygon_uuid": "19c1025b-128c-4fd9-b26c-b35cf7597ce4", "AreaOnRegistry": "1024", "Address": "千葉県袖ケ浦市大鳥居八幡向210-1", "Tiban": "210-1", "dup_count": 2, "等分済み": 1038.0242788642645 }, "geometry": { "type": "Polygon", "coordinates": [ [ [ 140.000964207922095, 35.394373086193717 ], [ 140.000964207922095, 35.393979138390755 ], [ 140.000644603000012, 35.394048132 ], [ 140.000760656000011, 35.394416629 ], [ 140.000964207922095, 35.394373086193717 ] ] ] } },
{ "type": "Feature", "properties": { "fid": 418, "polygon_uuid": "19c1025b-128c-4fd9-b26c-b35cf7597ce4", "AreaOnRegistry": "1024", "Address": "千葉県袖ケ浦市大鳥居八幡向211", "Tiban": "211", "dup_count": 2, "等分済み": 1038.0242724493146 }, "geometry": { "type": "Polygon", "coordinates": [ [ [ 140.001282984999989, 35.394304895 ], [ 140.001167942, 35.393935158 ], [ 140.000964207922095, 35.393979138390755 ], [ 140.000964207922095, 35.394373086193717 ], [ 140.001282984999989, 35.394304895 ] ] ] } },
{ "type": "Feature", "properties": { "fid": 419, "polygon_uuid": "c64f3ba7-9685-4e7b-a4cc-b394718c2e0c", "AreaOnRegistry": "195", "Address": "千葉県袖ケ浦市大鳥居政所664-2", "Tiban": "664-2", "dup_count": 3, "等分済み": 812.43482875078917 }, "geometry": { "type": "Polygon", "coordinates": [ [ [ 139.995653605, 35.391880843 ], [ 139.995780618, 35.392298174 ], [ 139.995898687828287, 35.392270786680854 ], [ 139.995898687828287, 35.391828284141511 ], [ 139.995653605, 35.391880843 ] ] ] } },
{ "type": "Feature", "properties": { "fid": 420, "polygon_uuid": "c64f3ba7-9685-4e7b-a4cc-b394718c2e0c", "AreaOnRegistry": "1024", "Address": "千葉県袖ケ浦市大鳥居政所667", "Tiban": "667", "dup_count": 3, "等分済み": 812.4351202249527 }, "geometry": { "type": "Polygon", "coordinates": [ [ [ 139.995898687828287, 35.391828284141511 ], [ 139.995898687828287, 35.392270786680854 ], [ 139.99608149766982, 35.392228382354993 ], [ 139.99608149766982, 35.391789079939983 ], [ 139.995898687828287, 35.391828284141511 ] ] ] } },
{ "type": "Feature", "properties": { "fid": 421, "polygon_uuid": "c64f3ba7-9685-4e7b-a4cc-b394718c2e0c", "AreaOnRegistry": "1024", "Address": "千葉県袖ケ浦市大鳥居政所666", "Tiban": "666", "dup_count": 3, "等分済み": 812.43446926027536 }, "geometry": { "type": "Polygon", "coordinates": [ [ [ 139.996199952000012, 35.391763677 ], [ 139.99608149766982, 35.391789079939983 ], [ 139.99608149766982, 35.392228382354993 ], [ 139.996331172999987, 35.392170468 ], [ 139.996199952000012, 35.391763677 ] ] ] } },
{ "type": "Feature", "properties": { "fid": 422, "polygon_uuid": "b4a1eef4-0f28-4710-b69c-b4683612695d", "AreaOnRegistry": "1024", "Address": "千葉県袖ケ浦市大鳥居中戸198-1", "Tiban": "198-1", "dup_count": 4, "等分済み": 1087.9494454879314 }, "geometry": { "type": "Polygon", "coordinates": [ [ [ 140.001844385999988, 35.394010885 ], [ 140.00128023100001, 35.394130946 ], [ 140.00131830852041, 35.394250244217716 ], [ 140.001919919772433, 35.394250244217716 ], [ 140.001844385999988, 35.394010885 ] ] ] } },
{ "type": "Feature", "properties": { "fid": 423, "polygon_uuid": "b4a1eef4-0f28-4710-b69c-b4683612695d", "AreaOnRegistry": "1024", "Address": "千葉県袖ケ浦市大鳥居中戸197", "Tiban": "197", "dup_count": 4, "等分済み": 1087.949682559818 }, "geometry": { "type": "Polygon", "coordinates": [ [ [ 140.001919919772433, 35.394250244217716 ], [ 140.00131830852041, 35.394250244217716 ], [ 140.00137560492152, 35.394429755868295 ], [ 140.00197656765215, 35.394429755868295 ], [ 140.001919919772433, 35.394250244217716 ] ] ] } },
{ "type": "Feature", "properties": { "fid": 424, "polygon_uuid": "b4a1eef4-0f28-4710-b69c-b4683612695d", "AreaOnRegistry": "1024", "Address": "千葉県袖ケ浦市大鳥居中戸196", "Tiban": "196", "dup_count": 4, "等分済み": 1087.9498330876231 }, "geometry": { "type": "Polygon", "coordinates": [ [ [ 140.00197656765215, 35.394429755868295 ], [ 140.00137560492152, 35.394429755868295 ], [ 140.00143296335375, 35.39460946186454 ], [ 140.002033276860828, 35.39460946186454 ], [ 140.00197656765215, 35.394429755868295 ] ] ] } },
{ "type": "Feature", "properties": { "fid": 425, "polygon_uuid": "b4a1eef4-0f28-4710-b69c-b4683612695d", "AreaOnRegistry": "1024", "Address": "千葉県袖ケ浦市大鳥居中戸195", "Tiban": "195", "dup_count": 4, "等分済み": 1087.9488947112113 }, "geometry": { "type": "Polygon", "coordinates": [ [ [ 140.002033276860828, 35.39460946186454 ], [ 140.00143296335375, 35.39460946186454 ], [ 140.00150799, 35.394844523 ], [ 140.002072635, 35.394734184 ], [ 140.002033276860828, 35.39460946186454 ] ] ] } },
{ "type": "Feature", "properties": { "fid": 426, "polygon_uuid": "b56d14f5-0290-4f17-a794-b4f197e1f5de", "AreaOnRegistry": "1024", "Address": "千葉県袖ケ浦市大鳥居宮ノ下617", "Tiban": "617", "dup_count": 1, "等分済み": 1125.8292620480061 }, "geometry": { "type": "Polygon", "coordinates": [ [ [ 139.998592648, 35.391473864 ], [ 139.998530335999988, 35.391288329 ], [ 139.997988714, 35.391400525 ], [ 139.998047066, 35.391599525 ], [ 139.998592648, 35.391473864 ] ] ] } },
{ "type": "Feature", "properties": { "fid": 427, "polygon_uuid": "bf9becc8-7bde-40d0-abb1-b5dd25eb4838", "AreaOnRegistry": "162", "Address": "千葉県袖ケ浦市大鳥居川原133-1", "Tiban": "133-1", "dup_count": 1, "等分済み": 408.38618641719222 }, "geometry": { "type": "Polygon", "coordinates": [ [ [ 140.003694527, 35.393790584 ], [ 140.003797755, 35.393766276 ], [ 140.003560641, 35.393267252 ], [ 140.003518867999986, 35.393281406 ], [ 140.003694527, 35.393790584 ] ] ] } },
{ "type": "Feature", "properties": { "fid": 428, "polygon_uuid": "834691d3-1245-4c41-ad98-b963608b824f", "AreaOnRegistry": "1024", "Address": "千葉県袖ケ浦市大鳥居下の栄416", "Tiban": "416", "dup_count": 2, "等分済み": 1040.9051317796111 }, "geometry": { "type": "Polygon", "coordinates": [ [ [ 139.997960923555013, 35.392609282229024 ], [ 139.997960923555013, 35.392228343159019 ], [ 139.997634368, 35.392300876 ], [ 139.997745318999989, 35.392657191 ], [ 139.997960923555013, 35.392609282229024 ] ] ] } },
{ "type": "Feature", "properties": { "fid": 429, "polygon_uuid": "834691d3-1245-4c41-ad98-b963608b824f", "AreaOnRegistry": "1024", "Address": "千葉県袖ケ浦市大鳥居下の栄417", "Tiban": "417", "dup_count": 2, "等分済み": 1040.9051004871726 }, "geometry": { "type": "Polygon", "coordinates": [ [ [ 139.998288417, 35.392536511 ], [ 139.998175624, 35.392180655 ], [ 139.997960923555013, 35.392228343159019 ], [ 139.997960923555013, 35.392609282229024 ], [ 139.998288417, 35.392536511 ] ] ] } },
{ "type": "Feature", "properties": { "fid": 430, "polygon_uuid": "a7e91df4-fad6-405d-89a5-ba4509f6aac9", "AreaOnRegistry": "998", "Address": "千葉県袖ケ浦市大鳥居八幡向206", "Tiban": "206", "dup_count": 2, "等分済み": 1051.2046819776297 }, "geometry": { "type": "Polygon", "coordinates": [ [ [ 140.000738318774722, 35.393655981387866 ], [ 140.000738318774722, 35.39325787593971 ], [ 140.000418053, 35.39332877 ], [ 140.000535609999986, 35.393702051 ], [ 140.000738318774722, 35.393655981387866 ] ] ] } },
{ "type": "Feature", "properties": { "fid": 431, "polygon_uuid": "a7e91df4-fad6-405d-89a5-ba4509f6aac9", "AreaOnRegistry": "1024", "Address": "千葉県袖ケ浦市大鳥居八幡向207", "Tiban": "207", "dup_count": 2, "等分済み": 1051.2046825364232 }, "geometry": { "type": "Polygon", "coordinates": [ [ [ 140.001058441999987, 35.393583227 ], [ 140.000943107000012, 35.393212544 ], [ 140.000738318774722, 35.39325787593971 ], [ 140.000738318774722, 35.393655981387866 ], [ 140.001058441999987, 35.393583227 ] ] ] } },
{ "type": "Feature", "properties": { "fid": 432, "polygon_uuid": "23867532-d4a1-4f55-92fc-bb5c375cf8f1", "AreaOnRegistry": "406", "Address": "千葉県袖ケ浦市大鳥居下峯569-1", "Tiban": "569-1", "dup_count": 1, "等分済み": 421.99182857107371 }, "geometry": { "type": "Polygon", "coordinates": [ [ [ 140.001436508000012, 35.390577301 ], [ 140.001545642, 35.390882785 ], [ 140.001593093, 35.390865791 ], [ 140.001636473, 35.390856254 ], [ 140.00162291, 35.390573931 ], [ 140.00151581, 35.39057211 ], [ 140.001436508000012, 35.390577301 ] ] ] } },
{ "type": "Feature", "properties": { "fid": 433, "polygon_uuid": "7612eda5-99da-4ea7-8864-bb7f1e615bc5", "AreaOnRegistry": "998", "Address": "千葉県袖ケ浦市大鳥居中戸172", "Tiban": "172", "dup_count": 1, "等分済み": 1107.3004239499569 }, "geometry": { "type": "Polygon", "coordinates": [ [ [ 140.002750529, 35.392864134 ], [ 140.002713406, 35.392849 ], [ 140.00218694, 35.392957558 ], [ 140.002245297, 35.393146381 ], [ 140.002796472, 35.393028171 ], [ 140.002750529, 35.392864134 ] ] ] } },
{ "type": "Feature", "properties": { "fid": 434, "polygon_uuid": "a955dde0-2278-4830-8b6a-bc3ea328bf25", "AreaOnRegistry": "568", "Address": "千葉県袖ケ浦市大鳥居川岸22", "Tiban": "22", "dup_count": 2, "等分済み": 739.97587235365063 }, "geometry": { "type": "Polygon", "coordinates": [ [ [ 140.006969121999987, 35.389217302 ], [ 140.006947806, 35.389223683 ], [ 140.006943888, 35.389204635 ], [ 140.006680313, 35.389265351 ], [ 140.006756566098915, 35.389507588198882 ], [ 140.006993424100671, 35.389507588198882 ], [ 140.006969121999987, 35.389217302 ] ] ] } },
{ "type": "Feature", "properties": { "fid": 435, "polygon_uuid": "a955dde0-2278-4830-8b6a-bc3ea328bf25", "AreaOnRegistry": "683", "Address": "千葉県袖ケ浦市大鳥居川岸23-1", "Tiban": "23-1", "dup_count": 2, "等分済み": 739.97579007036984 }, "geometry": { "type": "Polygon", "coordinates": [ [ [ 140.007023334, 35.389864859 ], [ 140.006993424100671, 35.389507588198882 ], [ 140.006756566098915, 35.389507588198882 ], [ 140.006819224999987, 35.38970664 ], [ 140.006870713000012, 35.389900804 ], [ 140.007023334, 35.389864859 ] ] ] } },
{ "type": "Feature", "properties": { "fid": 436, "polygon_uuid": "823f38c5-71b5-4152-a28d-bc5b5c6d84e8", "AreaOnRegistry": "552", "Address": "千葉県袖ケ浦市大鳥居下峯577-2", "Tiban": "577-2", "dup_count": 1, "等分済み": 643.78704005572945 }, "geometry": { "type": "Polygon", "coordinates": [ [ [ 140.001640517, 35.391237518 ], [ 140.001837649, 35.391214164 ], [ 140.001839704, 35.390927275 ], [ 140.001830006, 35.390883232 ], [ 140.001793475, 35.390872269 ], [ 140.001693573000011, 35.390878702 ], [ 140.001609035, 35.390881967 ], [ 140.001488052000013, 35.390915178 ], [ 140.001509367000011, 35.391001686 ], [ 140.001751494, 35.391012363 ], [ 140.001751858, 35.391187013 ], [ 140.001650049, 35.391201316 ], [ 140.001640517, 35.391237518 ] ] ] } },
{ "type": "Feature", "properties": { "fid": 437, "polygon_uuid": "194ed3fe-dd7b-4446-89ed-bd6cba7702c0", "AreaOnRegistry": "1024", "Address": "千葉県袖ケ浦市大鳥居橋戸278", "Tiban": "278", "dup_count": 1, "等分済み": 1027.0813178755343 }, "geometry": { "type": "Polygon", "coordinates": [ [ [ 139.99835666300001, 35.394727654 ], [ 139.998899599, 35.394605765 ], [ 139.998846226000012, 35.394432486 ], [ 139.99830232, 35.39454959 ], [ 139.99835666300001, 35.394727654 ] ] ] } },
{ "type": "Feature", "properties": { "fid": 438, "polygon_uuid": "6c6da995-f9d1-4ac2-b40f-bf5486dcb115", "AreaOnRegistry": "60", "Address": "千葉県袖ケ浦市大鳥居ミノワ539-3", "Tiban": "539-3", "dup_count": 1, "等分済み": 278.90719191916287 }, "geometry": { "type": "Polygon", "coordinates": [ [ [ 140.00221606400001, 35.390941516 ], [ 140.002332779999989, 35.390936042 ], [ 140.002408438, 35.390935937 ], [ 140.002264066, 35.390730991 ], [ 140.002191721, 35.390725169 ], [ 140.00221606400001, 35.390941516 ] ] ] } },
{ "type": "Feature", "properties": { "fid": 439, "polygon_uuid": "52ff6c3f-d53d-448a-a3c2-bf7b2a7a8f6b", "AreaOnRegistry": "624", "Address": "千葉県袖ケ浦市大鳥居川原115-1", "Tiban": "115-1", "dup_count": 4, "等分済み": 548.59831162914634 }, "geometry": { "type": "Polygon", "coordinates": [ [ [ 140.004531306, 35.392658207 ], [ 140.00418584, 35.392735016 ], [ 140.004238311959796, 35.392848672385732 ], [ 140.004582514275455, 35.392848672385732 ], [ 140.004531306, 35.392658207 ] ] ] } },
{ "type": "Feature", "properties": { "fid": 440, "polygon_uuid": "52ff6c3f-d53d-448a-a3c2-bf7b2a7a8f6b", "AreaOnRegistry": "566", "Address": "千葉県袖ケ浦市大鳥居川原116-1", "Tiban": "116-1", "dup_count": 4, "等分済み": 548.59833751991391 }, "geometry": { "type": "Polygon", "coordinates": [ [ [ 140.004582514275455, 35.392848672385732 ], [ 140.004238311959796, 35.392848672385732 ], [ 140.004314869326208, 35.39301449873566 ], [ 140.004627098131863, 35.39301449873566 ], [ 140.004582514275455, 35.392848672385732 ] ] ] } },
{ "type": "Feature", "properties": { "fid": 441, "polygon_uuid": "52ff6c3f-d53d-448a-a3c2-bf7b2a7a8f6b", "AreaOnRegistry": "519", "Address": "千葉県袖ケ浦市大鳥居川原121-1", "Tiban": "121-1", "dup_count": 4, "等分済み": 548.59862118586898 }, "geometry": { "type": "Polygon", "coordinates": [ [ [ 140.004627098131863, 35.39301449873566 ], [ 140.004314869326208, 35.39301449873566 ], [ 140.004357497, 35.393106832 ], [ 140.004398600127416, 35.393199118306171 ], [ 140.004676734709051, 35.393199118306171 ], [ 140.004627098131863, 35.39301449873566 ] ] ] } },
{ "type": "Feature", "properties": { "fid": 442, "polygon_uuid": "52ff6c3f-d53d-448a-a3c2-bf7b2a7a8f6b", "AreaOnRegistry": "474", "Address": "千葉県袖ケ浦市大鳥居川原122-1", "Tiban": "122-1", "dup_count": 4, "等分済み": 548.59935889393091 }, "geometry": { "type": "Polygon", "coordinates": [ [ [ 140.004727019, 35.393386147 ], [ 140.004676734709051, 35.393199118306171 ], [ 140.004398600127416, 35.393199118306171 ], [ 140.004501871, 35.393430986 ], [ 140.004727019, 35.393386147 ] ] ] } },
{ "type": "Feature", "properties": { "fid": 443, "polygon_uuid": "a4053996-7658-4388-8f15-c05ddb9e1b04", "AreaOnRegistry": "512", "Address": "千葉県袖ケ浦市大鳥居久保田704", "Tiban": "704", "dup_count": 1, "等分済み": 671.45162528194487 }, "geometry": { "type": "Polygon", "coordinates": [ [ [ 139.993983146, 35.392497172 ], [ 139.994527925, 35.392385737 ], [ 139.994490221, 35.39227043 ], [ 139.993948475, 35.392382101 ], [ 139.993983146, 35.392497172 ] ] ] } },
{ "type": "Feature", "properties": { "fid": 444, "polygon_uuid": "fd6d6995-faff-450d-8981-c08c39e5199f", "AreaOnRegistry": "1024", "Address": "千葉県袖ケ浦市大鳥居下の栄423", "Tiban": "423", "dup_count": 1, "等分済み": 1082.0950012393296 }, "geometry": { "type": "Polygon", "coordinates": [ [ [ 139.997802447, 35.392840654 ], [ 139.998347294000013, 35.392722264 ], [ 139.998288417, 35.392536511 ], [ 139.997745318999989, 35.392657191 ], [ 139.997802447, 35.392840654 ] ] ] } },
{ "type": "Feature", "properties": { "fid": 445, "polygon_uuid": "bec4019e-29b7-4d00-91e5-c1220db68206", "AreaOnRegistry": "1024", "Address": "千葉県袖ケ浦市大鳥居八幡向235", "Tiban": "235", "dup_count": 2, "等分済み": 1053.6159379482269 }, "geometry": { "type": "Polygon", "coordinates": [ [ [ 140.000231727, 35.394719924 ], [ 140.000345007, 35.395078074 ], [ 140.000561887408935, 35.395031369046521 ], [ 140.000561887408935, 35.394649438889971 ], [ 140.000231727, 35.394719924 ] ] ] } },
{ "type": "Feature", "properties": { "fid": 446, "polygon_uuid": "bec4019e-29b7-4d00-91e5-c1220db68206", "AreaOnRegistry": "1024", "Address": "千葉県袖ケ浦市大鳥居八幡向234", "Tiban": "234", "dup_count": 2, "等分済み": 1053.6159461513162 }, "geometry": { "type": "Polygon", "coordinates": [ [ [ 140.000780162000012, 35.39460284 ], [ 140.000561887408935, 35.394649438889971 ], [ 140.000561887408935, 35.395031369046521 ], [ 140.000891352999986, 35.394960419 ], [ 140.000780162000012, 35.39460284 ] ] ] } },
{ "type": "Feature", "properties": { "fid": 447, "polygon_uuid": "ab6745f2-eea7-458b-bf5a-c133d8567445", "AreaOnRegistry": "1024", "Address": "千葉県袖ケ浦市大鳥居川岸77", "Tiban": "77", "dup_count": 1, "等分済み": 1318.3978435322642 }, "geometry": { "type": "Polygon", "coordinates": [ [ [ 140.005477058999986, 35.391488463 ], [ 140.00541107, 35.391263005 ], [ 140.004855819999989, 35.391385449 ], [ 140.00492392000001, 35.391603309 ], [ 140.005477058999986, 35.391488463 ] ] ] } },
{ "type": "Feature", "properties": { "fid": 448, "polygon_uuid": "7fdbf683-1fe3-445f-84ce-c23ab9a5ab98", "AreaOnRegistry": "945", "Address": "千葉県袖ケ浦市大鳥居駒木338", "Tiban": "338", "dup_count": 1, "等分済み": 1036.1420666631311 }, "geometry": { "type": "Polygon", "coordinates": [ [ [ 139.99491907, 35.39366595 ], [ 139.994856161, 35.393456151 ], [ 139.994313756999986, 35.393567124 ], [ 139.994340359, 35.393654086 ], [ 139.994687671, 35.393704168 ], [ 139.994892158999988, 35.393713371 ], [ 139.99491907, 35.39366595 ] ] ] } },
{ "type": "Feature", "properties": { "fid": 449, "polygon_uuid": "02e366dc-13b7-4f3a-bd6e-c289f8842535", "AreaOnRegistry": "1024", "Address": "千葉県袖ケ浦市大鳥居下の栄459-1", "Tiban": "459-1", "dup_count": 2, "等分済み": 1051.5779595673084 }, "geometry": { "type": "Polygon", "coordinates": [ [ [ 139.998493814999989, 35.393076755 ], [ 139.99871233454175, 35.393028767552067 ], [ 139.99871233454175, 35.392655057313746 ], [ 139.998376248, 35.392722487 ], [ 139.998493814999989, 35.393076755 ] ] ] } },
{ "type": "Feature", "properties": { "fid": 450, "polygon_uuid": "02e366dc-13b7-4f3a-bd6e-c289f8842535", "AreaOnRegistry": "1024", "Address": "千葉県袖ケ浦市大鳥居下の栄455-1", "Tiban": "455-1", "dup_count": 2, "等分済み": 1051.5780055001378 }, "geometry": { "type": "Polygon", "coordinates": [ [ [ 139.999046937, 35.392955288 ], [ 139.998939932000013, 35.392609394 ], [ 139.99871233454175, 35.392655057313746 ], [ 139.99871233454175, 35.393028767552067 ], [ 139.999046937, 35.392955288 ] ] ] } },
{ "type": "Feature", "properties": { "fid": 451, "polygon_uuid": "6ea7ea95-0c5a-42d1-9ce0-c2d8a2cac09c", "AreaOnRegistry": "1024", "Address": "千葉県袖ケ浦市大鳥居駒木342", "Tiban": "342", "dup_count": 1, "等分済み": 1125.7918092384934 }, "geometry": { "type": "Polygon", "coordinates": [ [ [ 139.995350206000012, 35.392961104 ], [ 139.994786817, 35.393083814 ], [ 139.994848923, 35.393268868 ], [ 139.995408063000013, 35.393148018 ], [ 139.995350206000012, 35.392961104 ] ] ] } },
{ "type": "Feature", "properties": { "fid": 452, "polygon_uuid": "3acf84da-3849-4c9b-b066-c3a4686f1145", "AreaOnRegistry": "1024", "Address": "千葉県袖ケ浦市大鳥居下の栄399", "Tiban": "399", "dup_count": 1, "等分済み": 1059.5215061791241 }, "geometry": { "type": "Polygon", "coordinates": [ [ [ 139.998003979, 35.393565393 ], [ 139.997947661000012, 35.393386451 ], [ 139.997400035999988, 35.39349677 ], [ 139.997457338, 35.393678839 ], [ 139.998003979, 35.393565393 ] ] ] } },
{ "type": "Feature", "properties": { "fid": 453, "polygon_uuid": "f57f13c3-4550-431e-a06d-c4ac44f5e874", "AreaOnRegistry": null, "Address": null, "Tiban": null, "dup_count": 1, "等分済み": 143.17929122969508 }, "geometry": { "type": "Polygon", "coordinates": [ [ [ 139.999683145, 35.390859411 ], [ 139.999771479, 35.390829337 ], [ 139.999710214, 35.390682155 ], [ 139.999630999, 35.390699737 ], [ 139.999683145, 35.390859411 ] ] ] } },
{ "type": "Feature", "properties": { "fid": 454, "polygon_uuid": "294aee0a-b5e1-42c0-a2ac-c536e5175490", "AreaOnRegistry": "1024", "Address": "千葉県袖ケ浦市大鳥居橋戸280", "Tiban": "280", "dup_count": 2, "等分済み": 1082.8024812340736 }, "geometry": { "type": "Polygon", "coordinates": [ [ [ 139.998737914260317, 35.395222232494071 ], [ 139.998737914260317, 35.394828547693457 ], [ 139.998408715000011, 35.394898218 ], [ 139.998521684999986, 35.395268388 ], [ 139.998737914260317, 35.395222232494071 ] ] ] } },
{ "type": "Feature", "properties": { "fid": 455, "polygon_uuid": "294aee0a-b5e1-42c0-a2ac-c536e5175490", "AreaOnRegistry": "1024", "Address": "千葉県袖ケ浦市大鳥居橋戸281", "Tiban": "281", "dup_count": 2, "等分済み": 1082.8024734780192 }, "geometry": { "type": "Polygon", "coordinates": [ [ [ 139.999067792, 35.395151818 ], [ 139.998954124, 35.39478279 ], [ 139.998737914260317, 35.394828547693457 ], [ 139.998737914260317, 35.395222232494071 ], [ 139.999067792, 35.395151818 ] ] ] } },
{ "type": "Feature", "properties": { "fid": 456, "polygon_uuid": "336a6251-5949-415d-8aa7-c5b0447e5ab1", "AreaOnRegistry": "99", "Address": "千葉県袖ケ浦市大鳥居宮ノ下601-2", "Tiban": "601-2", "dup_count": 1, "等分済み": 952.86033569648862 }, "geometry": { "type": "Polygon", "coordinates": [ [ [ 139.999097038, 35.390989754 ], [ 139.999655107, 35.390874714 ], [ 139.999607637, 35.390716126 ], [ 139.999048472999988, 35.39082953 ], [ 139.999097038, 35.390989754 ] ] ] } },
{ "type": "Feature", "properties": { "fid": 457, "polygon_uuid": "63dd1571-4734-4c7e-9912-c669b6fa1180", "AreaOnRegistry": "657", "Address": "千葉県袖ケ浦市大鳥居駒木393-1", "Tiban": "393-1", "dup_count": 3, "等分済み": 680.91000732779503 }, "geometry": { "type": "Polygon", "coordinates": [ [ [ 139.996994696370479, 35.393776411240061 ], [ 139.996994696370479, 35.393394064417897 ], [ 139.996762026999988, 35.393444954 ], [ 139.996873728999986, 35.393802423 ], [ 139.996994696370479, 35.393776411240061 ] ] ] } },
{ "type": "Feature", "properties": { "fid": 458, "polygon_uuid": "63dd1571-4734-4c7e-9912-c669b6fa1180", "AreaOnRegistry": "317", "Address": "千葉県袖ケ浦市大鳥居駒木393-2", "Tiban": "393-2", "dup_count": 3, "等分済み": 680.91024786233902 }, "geometry": { "type": "Polygon", "coordinates": [ [ [ 139.997171228678326, 35.393738451284456 ], [ 139.997171228678326, 35.393355453167288 ], [ 139.996994696370479, 35.393394064417897 ], [ 139.996994696370479, 35.393776411240061 ], [ 139.997171228678326, 35.393738451284456 ] ] ] } },
{ "type": "Feature", "properties": { "fid": 459, "polygon_uuid": "63dd1571-4734-4c7e-9912-c669b6fa1180", "AreaOnRegistry": "1074", "Address": "千葉県袖ケ浦市大鳥居駒木394", "Tiban": "394", "dup_count": 3, "等分済み": 680.90973946452141 }, "geometry": { "type": "Polygon", "coordinates": [ [ [ 139.997404824, 35.393688221 ], [ 139.99729013000001, 35.393329447 ], [ 139.997171228678326, 35.393355453167288 ], [ 139.997171228678326, 35.393738451284456 ], [ 139.997404824, 35.393688221 ] ] ] } },
{ "type": "Feature", "properties": { "fid": 460, "polygon_uuid": "628387ed-e0c3-413c-8fe4-c779c6e0151f", "AreaOnRegistry": "473", "Address": "千葉県袖ケ浦市大鳥居八幡向229-1", "Tiban": "229-1", "dup_count": 1, "等分済み": 793.01097789034247 }, "geometry": { "type": "Polygon", "coordinates": [ [ [ 140.00061800200001, 35.395941173 ], [ 140.000778456, 35.395913072 ], [ 140.000977756, 35.395853054 ], [ 140.001152752, 35.395801035 ], [ 140.001117537, 35.395687792 ], [ 140.000571872, 35.395795332 ], [ 140.00061800200001, 35.395941173 ] ] ] } },
{ "type": "Feature", "properties": { "fid": 461, "polygon_uuid": "8a8f1f85-ab53-44a4-ae89-c874a83baba0", "AreaOnRegistry": "1024", "Address": "千葉県袖ケ浦市大鳥居八幡向264", "Tiban": "264", "dup_count": 1, "等分済み": 1067.785144302994 }, "geometry": { "type": "Polygon", "coordinates": [ [ [ 139.999782904, 35.395389728 ], [ 139.999724869, 35.395205772 ], [ 139.999177369, 35.395318059 ], [ 139.999234347999987, 35.395497617 ], [ 139.999782904, 35.395389728 ] ] ] } },
{ "type": "Feature", "properties": { "fid": 462, "polygon_uuid": "c8a74e58-11a9-4d46-b29e-cb990f9d64ec", "AreaOnRegistry": "1395", "Address": "千葉県袖ケ浦市大鳥居西村495-1", "Tiban": "495-1", "dup_count": 1, "等分済み": 1396.7918987050653 }, "geometry": { "type": "Polygon", "coordinates": [ [ [ 140.001490558, 35.392752392 ], [ 140.001379873, 35.392769788 ], [ 140.001358028, 35.392660072 ], [ 140.00106401, 35.39264632 ], [ 140.001042305, 35.392603867 ], [ 140.000869443999989, 35.392639509 ], [ 140.000956898, 35.392955996 ], [ 140.001504743999988, 35.39284406 ], [ 140.001490558, 35.392752392 ] ] ] } },
{ "type": "Feature", "properties": { "fid": 463, "polygon_uuid": "864c8e3c-13da-45ad-b36e-cd594e6548b7", "AreaOnRegistry": "912", "Address": "千葉県袖ケ浦市大鳥居西村380", "Tiban": "380", "dup_count": 1, "等分済み": 307.80568234995008 }, "geometry": { "type": "Polygon", "coordinates": [ [ [ 140.002422281, 35.392115412 ], [ 140.002242011, 35.392194426 ], [ 140.002330702, 35.392339057 ], [ 140.002380593999987, 35.392307519 ], [ 140.002459281, 35.392261779 ], [ 140.002491846999988, 35.392214531 ], [ 140.002422281, 35.392115412 ] ] ] } },
{ "type": "Feature", "properties": { "fid": 464, "polygon_uuid": "b2680c20-4ed9-4b21-b22e-cf1b8626666e", "AreaOnRegistry": "1024", "Address": "千葉県袖ケ浦市大鳥居駒木363", "Tiban": "363", "dup_count": 3, "等分済み": 1065.6858230102807 }, "geometry": { "type": "Polygon", "coordinates": [ [ [ 139.995991776000011, 35.39298282 ], [ 139.996040676, 35.393112856 ], [ 139.996070212, 35.393209688 ], [ 139.996168731260923, 35.393186990825065 ], [ 139.996168731260923, 35.392611904994524 ], [ 139.995906846999986, 35.392672279 ], [ 139.995991776000011, 35.39298282 ] ] ] } },
{ "type": "Feature", "properties": { "fid": 465, "polygon_uuid": "b2680c20-4ed9-4b21-b22e-cf1b8626666e", "AreaOnRegistry": "978", "Address": "千葉県袖ケ浦市大鳥居駒木362-1", "Tiban": "362-1", "dup_count": 3, "等分済み": 1065.6862057596445 }, "geometry": { "type": "Polygon", "coordinates": [ [ [ 139.996352572907938, 35.393144636812416 ], [ 139.996352572907938, 35.392569522697229 ], [ 139.996168731260923, 35.392611904994524 ], [ 139.996168731260923, 35.393186990825065 ], [ 139.996352572907938, 35.393144636812416 ] ] ] } },
{ "type": "Feature", "properties": { "fid": 466, "polygon_uuid": "b2680c20-4ed9-4b21-b22e-cf1b8626666e", "AreaOnRegistry": "1011", "Address": "千葉県袖ケ浦市大鳥居駒木361", "Tiban": "361", "dup_count": 3, "等分済み": 1065.6854059621692 }, "geometry": { "type": "Polygon", "coordinates": [ [ [ 139.996621471999987, 35.393082687 ], [ 139.996451341000011, 35.392546753 ], [ 139.996352572907938, 35.392569522697229 ], [ 139.996352572907938, 35.393144636812416 ], [ 139.996621471999987, 35.393082687 ] ] ] } },
{ "type": "Feature", "properties": { "fid": 467, "polygon_uuid": "ad24ac1d-707e-41f6-b59e-cf8c68d64106", "AreaOnRegistry": "28", "Address": "千葉県袖ケ浦市大鳥居八幡向260-1", "Tiban": "260-1", "dup_count": 1, "等分済み": 667.4535233527422 }, "geometry": { "type": "Polygon", "coordinates": [ [ [ 139.999402175, 35.396026488 ], [ 139.999973832, 35.395994923 ], [ 139.999927477999989, 35.395847991 ], [ 139.999376555, 35.395945752 ], [ 139.999402175, 35.396026488 ] ] ] } },
{ "type": "Feature", "properties": { "fid": 468, "polygon_uuid": "6499a187-0dc4-4d8c-a5b6-cfe418f32b9b", "AreaOnRegistry": null, "Address": null, "Tiban": null, "dup_count": 1, "等分済み": 250.62742988861646 }, "geometry": { "type": "Polygon", "coordinates": [ [ [ 140.001523336, 35.391380379 ], [ 140.001523387, 35.391369361 ], [ 140.001523292, 35.391323732 ], [ 140.001399359, 35.391324691 ], [ 140.001165873, 35.391311641 ], [ 140.001151943, 35.391363743 ], [ 140.001224637, 35.391388658 ], [ 140.001290942999987, 35.391395646 ], [ 140.001382213, 35.391395519 ], [ 140.001465774, 35.391384389 ], [ 140.001523336, 35.391380379 ] ] ] } },
{ "type": "Feature", "properties": { "fid": 469, "polygon_uuid": "33441050-77c6-4040-85cf-d041b8b715d7", "AreaOnRegistry": "1024", "Address": "千葉県袖ケ浦市大鳥居下の栄406", "Tiban": "406", "dup_count": 1, "等分済み": 1075.5935962721705 }, "geometry": { "type": "Polygon", "coordinates": [ [ [ 139.99766423, 35.39248589 ], [ 139.997605195, 35.392306225 ], [ 139.997060678, 35.392418481 ], [ 139.997119565, 35.392605592 ], [ 139.99766423, 35.39248589 ] ] ] } },
{ "type": "Feature", "properties": { "fid": 470, "polygon_uuid": "50ac28bb-0930-4aaf-b642-d24fb912a89c", "AreaOnRegistry": null, "Address": null, "Tiban": null, "dup_count": 1, "等分済み": 228.47373886778951 }, "geometry": { "type": "Polygon", "coordinates": [ [ [ 140.004149936, 35.390930048 ], [ 140.003986776, 35.390796902 ], [ 140.003897741, 35.390873243 ], [ 140.004076393, 35.390996841 ], [ 140.004149936, 35.390930048 ] ] ] } },
{ "type": "Feature", "properties": { "fid": 471, "polygon_uuid": "d1fd1042-913d-4d7d-958e-d2c275b62196", "AreaOnRegistry": "1024", "Address": "千葉県袖ケ浦市大鳥居川岸76", "Tiban": "76", "dup_count": 1, "等分済み": 1094.6059413738549 }, "geometry": { "type": "Polygon", "coordinates": [ [ [ 140.00541107, 35.391263005 ], [ 140.005358228, 35.391082466 ], [ 140.004797988, 35.391200436 ], [ 140.004855819999989, 35.391385449 ], [ 140.00541107, 35.391263005 ] ] ] } },
{ "type": "Feature", "properties": { "fid": 472, "polygon_uuid": "8a6d0664-0f58-4da8-99b0-d2d5bbbf1e6a", "AreaOnRegistry": "654", "Address": "千葉県袖ケ浦市大鳥居川岸52-1", "Tiban": "52-1", "dup_count": 1, "等分済み": 584.67586238309741 }, "geometry": { "type": "Polygon", "coordinates": [ [ [ 140.006461011, 35.391622212 ], [ 140.006189801, 35.391670999 ], [ 140.006252128999989, 35.391873387 ], [ 140.006531231, 35.391815826 ], [ 140.006461011, 35.391622212 ] ] ] } },
{ "type": "Feature", "properties": { "fid": 473, "polygon_uuid": "523be452-d42b-48e2-bee6-d35fd8698490", "AreaOnRegistry": "1024", "Address": "千葉県袖ケ浦市大鳥居中戸179", "Tiban": "179", "dup_count": 1, "等分済み": 1089.6839621253312 }, "geometry": { "type": "Polygon", "coordinates": [ [ [ 140.001987173, 35.394368465 ], [ 140.002523545, 35.394253416 ], [ 140.00246587, 35.394067841 ], [ 140.001926949, 35.394176397 ], [ 140.001987173, 35.394368465 ] ] ] } },
{ "type": "Feature", "properties": { "fid": 474, "polygon_uuid": "4cb8ff10-fe4e-464b-96e0-d418ebb8b794", "AreaOnRegistry": "561", "Address": "千葉県袖ケ浦市大鳥居西村514-1", "Tiban": "514-1", "dup_count": 4, "等分済み": 782.31668398529291 }, "geometry": { "type": "Polygon", "coordinates": [ [ [ 140.003678220000012, 35.391600776 ], [ 140.003690822943724, 35.391590659628434 ], [ 140.003690822943724, 35.391093214866807 ], [ 140.003421672, 35.391318505 ], [ 140.003628903, 35.391605703 ], [ 140.003678220000012, 35.391600776 ] ] ] } },
{ "type": "Feature", "properties": { "fid": 475, "polygon_uuid": "4cb8ff10-fe4e-464b-96e0-d418ebb8b794", "AreaOnRegistry": "1080", "Address": "千葉県袖ケ浦市大鳥居西村515", "Tiban": "515", "dup_count": 4, "等分済み": 782.31675715837628 }, "geometry": { "type": "Polygon", "coordinates": [ [ [ 140.003841688969459, 35.391469559605461 ], [ 140.003841688969459, 35.390934076785214 ], [ 140.003709343999986, 35.391077712 ], [ 140.003690822943724, 35.391093214866807 ], [ 140.003690822943724, 35.391590659628434 ], [ 140.003841688969459, 35.391469559605461 ] ] ] } },
{ "type": "Feature", "properties": { "fid": 476, "polygon_uuid": "4cb8ff10-fe4e-464b-96e0-d418ebb8b794", "AreaOnRegistry": "527", "Address": "千葉県袖ケ浦市大鳥居西村512-1", "Tiban": "512-1", "dup_count": 4, "等分済み": 782.31631756946445 }, "geometry": { "type": "Polygon", "coordinates": [ [ [ 140.003996484479217, 35.391345305389208 ], [ 140.003996484479217, 35.390941557357216 ], [ 140.003897741, 35.390873243 ], [ 140.003841688969459, 35.390934076785214 ], [ 140.003841688969459, 35.391469559605461 ], [ 140.003996484479217, 35.391345305389208 ] ] ] } },
{ "type": "Feature", "properties": { "fid": 477, "polygon_uuid": "4cb8ff10-fe4e-464b-96e0-d418ebb8b794", "AreaOnRegistry": "783", "Address": "千葉県袖ケ浦市大鳥居西村513", "Tiban": "513", "dup_count": 4, "等分済み": 782.31215509399772 }, "geometry": { "type": "Polygon", "coordinates": [ [ [ 140.004347999, 35.391063145 ], [ 140.004149936, 35.390930048 ], [ 140.004076393, 35.390996841 ], [ 140.003996484479217, 35.390941557357216 ], [ 140.003996484479217, 35.391345305389208 ], [ 140.004347999, 35.391063145 ] ] ] } },
{ "type": "Feature", "properties": { "fid": 478, "polygon_uuid": "de62e1c4-f329-4767-99f9-d423b1674cf4", "AreaOnRegistry": "1024", "Address": "千葉県袖ケ浦市大鳥居下の栄434", "Tiban": "434", "dup_count": 1, "等分済み": 1067.4214749969542 }, "geometry": { "type": "Polygon", "coordinates": [ [ [ 139.997970716, 35.393381032 ], [ 139.998517618, 35.393259612 ], [ 139.998461309, 35.393081967 ], [ 139.997913204000014, 35.39319634 ], [ 139.997970716, 35.393381032 ] ] ] } },
{ "type": "Feature", "properties": { "fid": 479, "polygon_uuid": "934a90aa-92c1-417d-bc0e-d44421a1d453", "AreaOnRegistry": "1024", "Address": "千葉県袖ケ浦市大鳥居中戸202", "Tiban": "202", "dup_count": 2, "等分済み": 1112.3566635623574 }, "geometry": { "type": "Polygon", "coordinates": [ [ [ 140.001161158, 35.393757883 ], [ 140.00128023100001, 35.394130946 ], [ 140.001501574675757, 35.394083840606882 ], [ 140.001501574675757, 35.393694512826016 ], [ 140.001161158, 35.393757883 ] ] ] } },
{ "type": "Feature", "properties": { "fid": 480, "polygon_uuid": "934a90aa-92c1-417d-bc0e-d44421a1d453", "AreaOnRegistry": "1024", "Address": "千葉県袖ケ浦市大鳥居中戸201-1", "Tiban": "201-1", "dup_count": 2, "等分済み": 1112.3566820025444 }, "geometry": { "type": "Polygon", "coordinates": [ [ [ 140.001731071, 35.393651791 ], [ 140.001501574675757, 35.393694512826016 ], [ 140.001501574675757, 35.394083840606882 ], [ 140.001844385999988, 35.394010885 ], [ 140.001731071, 35.393651791 ] ] ] } },
{ "type": "Feature", "properties": { "fid": 481, "polygon_uuid": "6cf72ae2-7c69-446d-81cc-d5a111aaef21", "AreaOnRegistry": null, "Address": null, "Tiban": null, "dup_count": 1, "等分済み": 439.9284770861268 }, "geometry": { "type": "Polygon", "coordinates": [ [ [ 139.995027569, 35.391896787 ], [ 139.995565841, 35.391761528 ], [ 139.995543816, 35.391689052 ], [ 139.995003148, 35.391818867 ], [ 139.995027569, 35.391896787 ] ] ] } },
{ "type": "Feature", "properties": { "fid": 482, "polygon_uuid": "c5f7c4f5-e694-4487-a911-d5b964e709ff", "AreaOnRegistry": "998", "Address": "千葉県袖ケ浦市大鳥居久保田690", "Tiban": "690", "dup_count": 1, "等分済み": 1135.2310930266976 }, "geometry": { "type": "Polygon", "coordinates": [ [ [ 139.994718497, 35.392877563 ], [ 139.995273538, 35.392755647 ], [ 139.995215651, 35.392568479 ], [ 139.994657962, 35.392685269 ], [ 139.994718497, 35.392877563 ] ] ] } },
{ "type": "Feature", "properties": { "fid": 483, "polygon_uuid": "2ceace09-dcea-4f2f-844a-d65233b5d310", "AreaOnRegistry": "1024", "Address": "千葉県袖ケ浦市大鳥居橋戸320", "Tiban": "320", "dup_count": 2, "等分済み": 1088.7176222801208 }, "geometry": { "type": "Polygon", "coordinates": [ [ [ 139.996443639, 35.394542966 ], [ 139.99656056500001, 35.394901371 ], [ 139.996781376699857, 35.394859833892248 ], [ 139.996781376699857, 35.394468901794227 ], [ 139.996443639, 35.394542966 ] ] ] } },
{ "type": "Feature", "properties": { "fid": 484, "polygon_uuid": "2ceace09-dcea-4f2f-844a-d65233b5d310", "AreaOnRegistry": "1024", "Address": "千葉県袖ケ浦市大鳥居橋戸319", "Tiban": "319", "dup_count": 2, "等分済み": 1088.7176795527339 }, "geometry": { "type": "Polygon", "coordinates": [ [ [ 139.99700087, 35.394420768 ], [ 139.996781376699857, 35.394468901794227 ], [ 139.996781376699857, 35.394859833892248 ], [ 139.997108752, 35.394798251 ], [ 139.99700087, 35.394420768 ] ] ] } },
{ "type": "Feature", "properties": { "fid": 485, "polygon_uuid": "d243d6bc-aadf-4c4b-93fb-d6cbf4901316", "AreaOnRegistry": "748", "Address": "千葉県木更津市椿東976", "Tiban": "976", "dup_count": 2, "等分済み": 1089.9052025238052 }, "geometry": { "type": "Polygon", "coordinates": [ [ [ 139.993173373, 35.391501366 ], [ 139.993298986000013, 35.39148695 ], [ 139.993334972547956, 35.39148044236191 ], [ 139.993334972547956, 35.391092015716005 ], [ 139.993048513, 35.391117174 ], [ 139.993067692000011, 35.391496475 ], [ 139.993173373, 35.391501366 ] ] ] } },
{ "type": "Feature", "properties": { "fid": 486, "polygon_uuid": "d243d6bc-aadf-4c4b-93fb-d6cbf4901316", "AreaOnRegistry": "1378", "Address": "千葉県木更津市椿東975", "Tiban": "975", "dup_count": 2, "等分済み": 1089.9059577211738 }, "geometry": { "type": "Polygon", "coordinates": [ [ [ 139.993651196, 35.391423258 ], [ 139.993595203000012, 35.391069161 ], [ 139.993334972547956, 35.391092015716005 ], [ 139.993334972547956, 35.39148044236191 ], [ 139.993651196, 35.391423258 ] ] ] } },
{ "type": "Feature", "properties": { "fid": 487, "polygon_uuid": "03565cee-d89d-4931-84a9-d7e9959703b7", "AreaOnRegistry": "905", "Address": "千葉県袖ケ浦市大鳥居駒木339", "Tiban": "339", "dup_count": 1, "等分済み": 950.19372344948351 }, "geometry": { "type": "Polygon", "coordinates": [ [ [ 139.995011837, 35.393754279 ], [ 139.995088995, 35.393754176 ], [ 139.995208577, 35.393747697 ], [ 139.995324301000011, 35.393741224 ], [ 139.995574958, 35.393687184 ], [ 139.995520909, 35.393512573 ], [ 139.99497090700001, 35.393632329 ], [ 139.995011837, 35.393754279 ] ] ] } },
{ "type": "Feature", "properties": { "fid": 488, "polygon_uuid": "945e6289-e681-4e62-a189-d8556297e618", "AreaOnRegistry": "317", "Address": "千葉県袖ケ浦市大鳥居下の栄466-2", "Tiban": "466-2", "dup_count": 2, "等分済み": 532.25283944234252 }, "geometry": { "type": "Polygon", "coordinates": [ [ [ 139.999030205999986, 35.392784807 ], [ 139.999276576649152, 35.392732840050819 ], [ 139.999276576649152, 35.392540830673518 ], [ 139.998973452, 35.392604356 ], [ 139.999030205999986, 35.392784807 ] ] ] } },
{ "type": "Feature", "properties": { "fid": 489, "polygon_uuid": "945e6289-e681-4e62-a189-d8556297e618", "AreaOnRegistry": "707", "Address": "千葉県袖ケ浦市大鳥居下の栄466-1", "Tiban": "466-1", "dup_count": 2, "等分済み": 532.25286240130663 }, "geometry": { "type": "Polygon", "coordinates": [ [ [ 139.999578772, 35.392669098 ], [ 139.999524938, 35.392488782 ], [ 139.999276576649152, 35.392540830673518 ], [ 139.999276576649152, 35.392732840050819 ], [ 139.999578772, 35.392669098 ] ] ] } },
{ "type": "Feature", "properties": { "fid": 490, "polygon_uuid": "3d80d34b-5c34-4e16-98a6-d8b6f2584975", "AreaOnRegistry": "60", "Address": "千葉県袖ケ浦市大鳥居宮ノ下602-2", "Tiban": "602-2", "dup_count": 3, "等分済み": 383.86953665316105 }, "geometry": { "type": "Polygon", "coordinates": [ [ [ 139.999205523989389, 35.39079767850312 ], [ 139.999205523989389, 35.390593377725679 ], [ 139.998990033000013, 35.39063673 ], [ 139.999048472999988, 35.39082953 ], [ 139.999205523989389, 35.39079767850312 ] ] ] } },
{ "type": "Feature", "properties": { "fid": 491, "polygon_uuid": "3d80d34b-5c34-4e16-98a6-d8b6f2584975", "AreaOnRegistry": "963", "Address": "千葉県袖ケ浦市大鳥居宮ノ下602-1", "Tiban": "602-1", "dup_count": 3, "等分済み": 383.86966878175735 }, "geometry": { "type": "Polygon", "coordinates": [ [ [ 139.999392068950471, 35.390759845336525 ], [ 139.999392068950471, 35.390555848786072 ], [ 139.999205523989389, 35.390593377725679 ], [ 139.999205523989389, 35.39079767850312 ], [ 139.999392068950471, 35.390759845336525 ] ] ] } },
{ "type": "Feature", "properties": { "fid": 492, "polygon_uuid": "3d80d34b-5c34-4e16-98a6-d8b6f2584975", "AreaOnRegistry": "925", "Address": "千葉県袖ケ浦市大鳥居宮ノ下601-1", "Tiban": "601-1", "dup_count": 3, "等分済み": 383.86938623711467 }, "geometry": { "type": "Polygon", "coordinates": [ [ [ 139.999607637, 35.390716126 ], [ 139.999550140999986, 35.390524048 ], [ 139.999392068950471, 35.390555848786072 ], [ 139.999392068950471, 35.390759845336525 ], [ 139.999607637, 35.390716126 ] ] ] } },
{ "type": "Feature", "properties": { "fid": 493, "polygon_uuid": "7cc2fdf0-6ae0-49b0-aa81-d994ffaf0859", "AreaOnRegistry": "998", "Address": "千葉県袖ケ浦市大鳥居川原113", "Tiban": "113", "dup_count": 4, "等分済み": 1068.178086720407 }, "geometry": { "type": "Polygon", "coordinates": [ [ [ 140.005066582000012, 35.392355348 ], [ 140.004503725, 35.392470627 ], [ 140.004538823791506, 35.392591699268664 ], [ 140.005130128392921, 35.392591699268664 ], [ 140.005066582000012, 35.392355348 ] ] ] } },
{ "type": "Feature", "properties": { "fid": 494, "polygon_uuid": "7cc2fdf0-6ae0-49b0-aa81-d994ffaf0859", "AreaOnRegistry": "1024", "Address": "千葉県袖ケ浦市大鳥居川原112", "Tiban": "112", "dup_count": 4, "等分済み": 1068.1782787404954 }, "geometry": { "type": "Polygon", "coordinates": [ [ [ 140.005130128392921, 35.392591699268664 ], [ 140.004538823791506, 35.392591699268664 ], [ 140.004590946619459, 35.392771495459975 ], [ 140.005178469150621, 35.392771495459975 ], [ 140.005130128392921, 35.392591699268664 ] ] ] } },
{ "type": "Feature", "properties": { "fid": 495, "polygon_uuid": "7cc2fdf0-6ae0-49b0-aa81-d994ffaf0859", "AreaOnRegistry": "1024", "Address": "千葉県袖ケ浦市大鳥居川原109-1", "Tiban": "109-1", "dup_count": 4, "等分済み": 1068.1783647611737 }, "geometry": { "type": "Polygon", "coordinates": [ [ [ 140.005178469150621, 35.392771495459975 ], [ 140.004590946619459, 35.392771495459975 ], [ 140.004643407279502, 35.392952456993363 ], [ 140.005227123227115, 35.392952456993363 ], [ 140.005178469150621, 35.392771495459975 ] ] ] } },
{ "type": "Feature", "properties": { "fid": 496, "polygon_uuid": "7cc2fdf0-6ae0-49b0-aa81-d994ffaf0859", "AreaOnRegistry": "1024", "Address": "千葉県袖ケ浦市大鳥居川原108", "Tiban": "108", "dup_count": 4, "等分済み": 1068.1775749120861 }, "geometry": { "type": "Polygon", "coordinates": [ [ [ 140.005262299, 35.393083288 ], [ 140.005227123227115, 35.392952456993363 ], [ 140.004643407279502, 35.392952456993363 ], [ 140.004711062000013, 35.39318583 ], [ 140.005262299, 35.393083288 ] ] ] } },
{ "type": "Feature", "properties": { "fid": 497, "polygon_uuid": "418a8d31-c842-46e9-812d-d9c343b03a6f", "AreaOnRegistry": "1024", "Address": "千葉県袖ケ浦市大鳥居駒木341", "Tiban": "341", "dup_count": 1, "等分済み": 1097.2330571077764 }, "geometry": { "type": "Polygon", "coordinates": [ [ [ 139.995408063000013, 35.393148018 ], [ 139.994848923, 35.393268868 ], [ 139.994909595, 35.393449645 ], [ 139.995465231, 35.393332704 ], [ 139.995408063000013, 35.393148018 ] ] ] } },
{ "type": "Feature", "properties": { "fid": 498, "polygon_uuid": "2f3aa3cc-7b89-4fa2-ac9e-da3b1d09fefe", "AreaOnRegistry": "1024", "Address": "千葉県袖ケ浦市大鳥居久保田693", "Tiban": "693", "dup_count": 1, "等分済み": 1415.9510700143874 }, "geometry": { "type": "Polygon", "coordinates": [ [ [ 139.995119173, 35.392256536 ], [ 139.995090398, 35.392163492 ], [ 139.995045780999988, 35.392019232 ], [ 139.994485948, 35.392138849 ], [ 139.994532013999986, 35.392285184 ], [ 139.994559514, 35.392372542 ], [ 139.995119173, 35.392256536 ] ] ] } },
{ "type": "Feature", "properties": { "fid": 499, "polygon_uuid": "bdb03dda-324c-4e35-ae18-dc07d5e0a0f0", "AreaOnRegistry": "1547", "Address": "千葉県袖ケ浦市大鳥居西村367-4", "Tiban": "367-4", "dup_count": 2, "等分済み": 566.65093706602056 }, "geometry": { "type": "Polygon", "coordinates": [ [ [ 140.00143132, 35.392560844 ], [ 140.00158047913709, 35.392532634478904 ], [ 140.00158047913709, 35.392337893110756 ], [ 140.001396336999989, 35.39236972 ], [ 140.001353133, 35.392383941 ], [ 140.001283995, 35.392401739 ], [ 140.001284143, 35.392472543 ], [ 140.001275687, 35.3925646 ], [ 140.00143132, 35.392560844 ] ] ] } },
{ "type": "Feature", "properties": { "fid": 500, "polygon_uuid": "bdb03dda-324c-4e35-ae18-dc07d5e0a0f0", "AreaOnRegistry": "439", "Address": "千葉県袖ケ浦市大鳥居西村367-5", "Tiban": "367-5", "dup_count": 2, "等分済み": 566.65088751656003 }, "geometry": { "type": "Polygon", "coordinates": [ [ [ 140.001638761, 35.392521612 ], [ 140.001627534, 35.392387242 ], [ 140.00180622900001, 35.392385419 ], [ 140.001900419, 35.392402595 ], [ 140.001865412, 35.392201245 ], [ 140.001684855, 35.392231392 ], [ 140.00158307800001, 35.39226143 ], [ 140.00158217500001, 35.3923376 ], [ 140.00158047913709, 35.392337893110756 ], [ 140.00158047913709, 35.392532634478904 ], [ 140.001638761, 35.392521612 ] ] ] } },
{ "type": "Feature", "properties": { "fid": 501, "polygon_uuid": "00db2560-3760-42cd-a94d-dcf57023d4f7", "AreaOnRegistry": "1024", "Address": "千葉県袖ケ浦市大鳥居中戸146", "Tiban": "146", "dup_count": 1, "等分済み": 1069.3390484927222 }, "geometry": { "type": "Polygon", "coordinates": [ [ [ 140.002980307, 35.393567108 ], [ 140.003519038, 35.393455561 ], [ 140.00347184, 35.393293567 ], [ 140.003465057999989, 35.393270293 ], [ 140.002929405, 35.393378885 ], [ 140.002980307, 35.393567108 ] ] ] } },
{ "type": "Feature", "properties": { "fid": 502, "polygon_uuid": "14fc4f55-edc9-43c5-bab6-de4e16d0efda", "AreaOnRegistry": null, "Address": null, "Tiban": null, "dup_count": 1, "等分済み": 150.47140717692673 }, "geometry": { "type": "Polygon", "coordinates": [ [ [ 140.006912909, 35.389992314 ], [ 140.006960174999989, 35.390140479 ], [ 140.007010699, 35.390159486 ], [ 140.007040843, 35.389973077 ], [ 140.006912909, 35.389992314 ] ] ] } },
{ "type": "Feature", "properties": { "fid": 503, "polygon_uuid": "37263d92-3f91-47c8-a8c8-decb3ec76453", "AreaOnRegistry": "1616", "Address": "千葉県木更津市椿東971", "Tiban": "971", "dup_count": 1, "等分済み": 1600.140220597852 }, "geometry": { "type": "Polygon", "coordinates": [ [ [ 139.992292837, 35.392630858 ], [ 139.992286666000012, 35.393052053 ], [ 139.992514224, 35.393111923 ], [ 139.992520659, 35.392825393 ], [ 139.992807508, 35.392787767 ], [ 139.992867959, 35.392752181 ], [ 139.992828266, 35.3926674 ], [ 139.992793202, 35.392630198 ], [ 139.992292837, 35.392630858 ] ] ] } },
{ "type": "Feature", "properties": { "fid": 504, "polygon_uuid": "21d0e3f9-9fcc-4bc5-b7ac-df6e72dd743c", "AreaOnRegistry": "1024", "Address": "千葉県袖ケ浦市大鳥居中戸163", "Tiban": "163", "dup_count": 1, "等分済み": 1043.9071011655033 }, "geometry": { "type": "Polygon", "coordinates": [ [ [ 140.002636198, 35.394392811 ], [ 140.003169581, 35.394284338 ], [ 140.003112539999989, 35.394101828 ], [ 140.00257868, 35.394210453 ], [ 140.002636198, 35.394392811 ] ] ] } },
{ "type": "Feature", "properties": { "fid": 505, "polygon_uuid": "d080ad97-f918-4cc1-93bf-df7f1d1b55be", "AreaOnRegistry": null, "Address": null, "Tiban": null, "dup_count": 1, "等分済み": 147.43812507134862 }, "geometry": { "type": "Polygon", "coordinates": [ [ [ 140.001683312000011, 35.391489208 ], [ 140.001659620999988, 35.391349877 ], [ 140.001628125, 35.391351579 ], [ 140.00163335900001, 35.391405069 ], [ 140.001539851, 35.391406248 ], [ 140.001543081, 35.39150671 ], [ 140.001598798, 35.391503486 ], [ 140.001683312000011, 35.391489208 ] ] ] } },
{ "type": "Feature", "properties": { "fid": 506, "polygon_uuid": "c9f9ca89-4785-4420-903e-dfd65f3eb607", "AreaOnRegistry": "1024", "Address": "千葉県袖ケ浦市大鳥居川岸60", "Tiban": "60", "dup_count": 2, "等分済み": 980.91140303760767 }, "geometry": { "type": "Polygon", "coordinates": [ [ [ 140.00564455456643, 35.391211903168916 ], [ 140.00564455456643, 35.390846883228157 ], [ 140.005327976, 35.390907503 ], [ 140.005433114, 35.391258366 ], [ 140.00564455456643, 35.391211903168916 ] ] ] } },
{ "type": "Feature", "properties": { "fid": 507, "polygon_uuid": "c9f9ca89-4785-4420-903e-dfd65f3eb607", "AreaOnRegistry": "1024", "Address": "千葉県袖ケ浦市大鳥居川岸59", "Tiban": "59", "dup_count": 2, "等分済み": 980.91138671338558 }, "geometry": { "type": "Polygon", "coordinates": [ [ [ 140.005966820999987, 35.391141087 ], [ 140.005860887000011, 35.390805459 ], [ 140.00564455456643, 35.390846883228157 ], [ 140.00564455456643, 35.391211903168916 ], [ 140.005966820999987, 35.391141087 ] ] ] } },
{ "type": "Feature", "properties": { "fid": 508, "polygon_uuid": "18de6abd-28c9-49a4-a602-e312af891149", "AreaOnRegistry": "142", "Address": "千葉県袖ケ浦市大鳥居久保田686-6", "Tiban": "686-6", "dup_count": 2, "等分済み": 830.05807151645422 }, "geometry": { "type": "Polygon", "coordinates": [ [ [ 139.994193128, 35.393875081 ], [ 139.994354767817953, 35.393954203628709 ], [ 139.994354767817953, 35.393675869377795 ], [ 139.994141431, 35.39365925 ], [ 139.994016924, 35.393659417 ], [ 139.993925362, 35.39365354 ], [ 139.9938999, 35.393740535 ], [ 139.994193128, 35.393875081 ] ] ] } },
{ "type": "Feature", "properties": { "fid": 509, "polygon_uuid": "18de6abd-28c9-49a4-a602-e312af891149", "AreaOnRegistry": "1288", "Address": "千葉県袖ケ浦市大鳥居駒木330-1", "Tiban": "330-1", "dup_count": 2, "等分済み": 830.05805682204664 }, "geometry": { "type": "Polygon", "coordinates": [ [ [ 139.994376407, 35.393964796 ], [ 139.994482737, 35.394030624 ], [ 139.99473121, 35.393757418 ], [ 139.994701884, 35.393742465 ], [ 139.994482063, 35.393691781 ], [ 139.994368511, 35.39367694 ], [ 139.994354767817953, 35.393675869377795 ], [ 139.994354767817953, 35.393954203628709 ], [ 139.994376407, 35.393964796 ] ] ] } },
{ "type": "Feature", "properties": { "fid": 510, "polygon_uuid": "44b0a2c5-7f65-4d1f-b9a8-e40962d56ce7", "AreaOnRegistry": "213", "Address": "千葉県袖ケ浦市大鳥居橋戸286-1", "Tiban": "286-1", "dup_count": 2, "等分済み": 662.07682894542813 }, "geometry": { "type": "Polygon", "coordinates": [ [ [ 139.998685849999987, 35.395806303 ], [ 139.998723318, 35.395929073 ], [ 139.999005527, 35.395976479 ], [ 139.99905104388219, 35.395979704514815 ], [ 139.99905104388219, 35.395728359977994 ], [ 139.998685849999987, 35.395806303 ] ] ] } },
{ "type": "Feature", "properties": { "fid": 511, "polygon_uuid": "44b0a2c5-7f65-4d1f-b9a8-e40962d56ce7", "AreaOnRegistry": "913", "Address": "千葉県袖ケ浦市大鳥居橋戸285-1", "Tiban": "285-1", "dup_count": 2, "等分済み": 662.07766487449408 }, "geometry": { "type": "Polygon", "coordinates": [ [ [ 139.99923339, 35.395689442 ], [ 139.99905104388219, 35.395728359977994 ], [ 139.99905104388219, 35.395979704514815 ], [ 139.999170928000012, 35.3959882 ], [ 139.99933148, 35.396007894 ], [ 139.99923339, 35.395689442 ] ] ] } },
{ "type": "Feature", "properties": { "fid": 512, "polygon_uuid": "ffd29091-6a05-4c0d-b191-e4bd509162a8", "AreaOnRegistry": "1024", "Address": "千葉県袖ケ浦市大鳥居八幡向251", "Tiban": "251", "dup_count": 1, "等分済み": 1083.288615334779 }, "geometry": { "type": "Polygon", "coordinates": [ [ [ 139.999743482000014, 35.395199107 ], [ 140.000284664, 35.39509246 ], [ 140.000224487, 35.394902575 ], [ 139.999685852, 35.395014735 ], [ 139.999743482000014, 35.395199107 ] ] ] } },
{ "type": "Feature", "properties": { "fid": 513, "polygon_uuid": "e370ae01-88d2-4252-a43a-e515032bbd4b", "AreaOnRegistry": "1140", "Address": "千葉県袖ケ浦市大鳥居川岸81", "Tiban": "81", "dup_count": 1, "等分済み": 1277.890838522464 }, "geometry": { "type": "Polygon", "coordinates": [ [ [ 140.005147809, 35.392319554 ], [ 140.005686626, 35.392204463 ], [ 140.005623483, 35.391988733 ], [ 140.005077607, 35.392094972 ], [ 140.005147809, 35.392319554 ] ] ] } },
{ "type": "Feature", "properties": { "fid": 514, "polygon_uuid": "2e1c568d-6b60-406a-8bca-e6128a8412b9", "AreaOnRegistry": "1024", "Address": "千葉県袖ケ浦市大鳥居政所671", "Tiban": "671", "dup_count": 2, "等分済み": 1020.628171235323 }, "geometry": { "type": "Polygon", "coordinates": [ [ [ 139.995439787, 35.391178285 ], [ 139.995546181, 35.391527873 ], [ 139.995763986817394, 35.391485123396279 ], [ 139.995763986817394, 35.391109368383098 ], [ 139.995439787, 35.391178285 ] ] ] } },
{ "type": "Feature", "properties": { "fid": 515, "polygon_uuid": "2e1c568d-6b60-406a-8bca-e6128a8412b9", "AreaOnRegistry": "1024", "Address": "千葉県袖ケ浦市大鳥居政所670", "Tiban": "670", "dup_count": 2, "等分済み": 1020.6281450167298 }, "geometry": { "type": "Polygon", "coordinates": [ [ [ 139.995974456, 35.391064628 ], [ 139.995763986817394, 35.391109368383098 ], [ 139.995763986817394, 35.391485123396279 ], [ 139.996089488, 35.391421236 ], [ 139.995974456, 35.391064628 ] ] ] } },
{ "type": "Feature", "properties": { "fid": 516, "polygon_uuid": "56e91c01-10d6-4ffa-9bf5-e6ea2a46a40f", "AreaOnRegistry": "1024", "Address": "千葉県袖ケ浦市大鳥居駒木357", "Tiban": "357", "dup_count": 1, "等分済み": 1086.2372856214643 }, "geometry": { "type": "Polygon", "coordinates": [ [ [ 139.996852198, 35.393809494 ], [ 139.99679344, 35.393624402 ], [ 139.996235249, 35.393750748 ], [ 139.996288611000011, 35.393925688 ], [ 139.996852198, 35.393809494 ] ] ] } },
{ "type": "Feature", "properties": { "fid": 517, "polygon_uuid": "fefb99e5-1cb5-4fb1-888e-e8dad400e55a", "AreaOnRegistry": "1024", "Address": "千葉県袖ケ浦市大鳥居久保田681", "Tiban": "681", "dup_count": 1, "等分済み": 803.02397657558322 }, "geometry": { "type": "Polygon", "coordinates": [ [ [ 139.995003148, 35.391818867 ], [ 139.995543816, 35.391689052 ], [ 139.995503652, 35.391556889 ], [ 139.994958679, 35.391676981 ], [ 139.995003148, 35.391818867 ] ] ] } },
{ "type": "Feature", "properties": { "fid": 518, "polygon_uuid": "6596c9c6-01d5-4c8d-a69b-eb531154cc93", "AreaOnRegistry": "512", "Address": "千葉県袖ケ浦市大鳥居久保田683", "Tiban": "683", "dup_count": 2, "等分済み": 511.11965358257294 }, "geometry": { "type": "Polygon", "coordinates": [ [ [ 139.995368665996438, 35.392142779707726 ], [ 139.995368665996438, 35.391955100815132 ], [ 139.995067871, 35.392025374 ], [ 139.995121251, 35.39219569 ], [ 139.995368665996438, 35.392142779707726 ] ] ] } },
{ "type": "Feature", "properties": { "fid": 519, "polygon_uuid": "6596c9c6-01d5-4c8d-a69b-eb531154cc93", "AreaOnRegistry": "512", "Address": "千葉県袖ケ浦市大鳥居久保田684", "Tiban": "684", "dup_count": 2, "等分済み": 511.1196585893631 }, "geometry": { "type": "Polygon", "coordinates": [ [ [ 139.995662601, 35.392079921 ], [ 139.995607697999986, 35.391899257 ], [ 139.995368665996438, 35.391955100815132 ], [ 139.995368665996438, 35.392142779707726 ], [ 139.995662601, 35.392079921 ] ] ] } },
{ "type": "Feature", "properties": { "fid": 520, "polygon_uuid": "e7186018-178f-477f-bf83-ecc454fbee70", "AreaOnRegistry": "1024", "Address": "千葉県袖ケ浦市大鳥居中戸165-1", "Tiban": "165-1", "dup_count": 1, "等分済み": 914.03815862163901 }, "geometry": { "type": "Polygon", "coordinates": [ [ [ 140.00251959900001, 35.394019765 ], [ 140.003067738999988, 35.393914292 ], [ 140.003005925999986, 35.393753296 ], [ 140.002470103, 35.393868818 ], [ 140.00251959900001, 35.394019765 ] ] ] } },
{ "type": "Feature", "properties": { "fid": 521, "polygon_uuid": "6c0186db-b908-49b4-acfa-eccd4f05865c", "AreaOnRegistry": "1024", "Address": "千葉県袖ケ浦市大鳥居川原97", "Tiban": "97", "dup_count": 2, "等分済み": 1145.2773742824793 }, "geometry": { "type": "Polygon", "coordinates": [ [ [ 140.005651697725398, 35.393208886155243 ], [ 140.005651697725398, 35.392814257838658 ], [ 140.005310818999988, 35.392891037 ], [ 140.005415262000014, 35.393260448 ], [ 140.005651697725398, 35.393208886155243 ] ] ] } },
{ "type": "Feature", "properties": { "fid": 522, "polygon_uuid": "6c0186db-b908-49b4-acfa-eccd4f05865c", "AreaOnRegistry": "957", "Address": "千葉県袖ケ浦市大鳥居川原98-1", "Tiban": "98-1", "dup_count": 2, "等分済み": 1145.2778946235776 }, "geometry": { "type": "Polygon", "coordinates": [ [ [ 140.005884306000013, 35.393158159 ], [ 140.00598878, 35.393046861 ], [ 140.005890368, 35.3927605 ], [ 140.005651697725398, 35.392814257838658 ], [ 140.005651697725398, 35.393208886155243 ], [ 140.005884306000013, 35.393158159 ] ] ] } },
{ "type": "Feature", "properties": { "fid": 523, "polygon_uuid": "c8db3a2a-1d4b-483d-a334-ed5ba1c0eaa7", "AreaOnRegistry": "1024", "Address": "千葉県袖ケ浦市大鳥居中戸194", "Tiban": "194", "dup_count": 4, "等分済み": 916.88064786233008 }, "geometry": { "type": "Polygon", "coordinates": [ [ [ 140.002072635, 35.394734184 ], [ 140.00150799, 35.394844523 ], [ 140.001538825058475, 35.394941127737553 ], [ 140.002137940454531, 35.394941127737553 ], [ 140.002072635, 35.394734184 ] ] ] } },
{ "type": "Feature", "properties": { "fid": 524, "polygon_uuid": "c8db3a2a-1d4b-483d-a334-ed5ba1c0eaa7", "AreaOnRegistry": "357", "Address": "千葉県袖ケ浦市大鳥居中戸191-1", "Tiban": "191-1", "dup_count": 4, "等分済み": 916.88079380989075 }, "geometry": { "type": "Polygon", "coordinates": [ [ [ 140.002137940454531, 35.394941127737553 ], [ 140.001538825058475, 35.394941127737553 ], [ 140.001587311146778, 35.395093032292358 ], [ 140.002185877135844, 35.395093032292358 ], [ 140.002137940454531, 35.394941127737553 ] ] ] } },
{ "type": "Feature", "properties": { "fid": 525, "polygon_uuid": "c8db3a2a-1d4b-483d-a334-ed5ba1c0eaa7", "AreaOnRegistry": "1024", "Address": "千葉県袖ケ浦市大鳥居中戸193", "Tiban": "193", "dup_count": 4, "等分済み": 916.88088254258037 }, "geometry": { "type": "Polygon", "coordinates": [ [ [ 140.002185877135844, 35.395093032292358 ], [ 140.001587311146778, 35.395093032292358 ], [ 140.00163584187473, 35.395245076701116 ], [ 140.00223385795104, 35.395245076701116 ], [ 140.002185877135844, 35.395093032292358 ] ] ] } },
{ "type": "Feature", "properties": { "fid": 526, "polygon_uuid": "c8db3a2a-1d4b-483d-a334-ed5ba1c0eaa7", "AreaOnRegistry": "1017", "Address": "千葉県袖ケ浦市大鳥居中戸192-1", "Tiban": "192-1", "dup_count": 4, "等分済み": 916.87905799830332 }, "geometry": { "type": "Polygon", "coordinates": [ [ [ 140.002238182000013, 35.395258779 ], [ 140.00223385795104, 35.395245076701116 ], [ 140.00163584187473, 35.395245076701116 ], [ 140.001728582, 35.395535627 ], [ 140.002238182000013, 35.395258779 ] ] ] } },
{ "type": "Feature", "properties": { "fid": 527, "polygon_uuid": "fd9e99d3-2615-4734-bbf9-ed92231b95f2", "AreaOnRegistry": "998", "Address": "千葉県袖ケ浦市大鳥居久保田687-1", "Tiban": "687-1", "dup_count": 1, "等分済み": 1093.4020834825933 }, "geometry": { "type": "Polygon", "coordinates": [ [ [ 139.995831727, 35.392636433 ], [ 139.99577292, 35.392442929 ], [ 139.995235691, 35.392560826 ], [ 139.995293772999986, 35.392746143 ], [ 139.995831727, 35.392636433 ] ] ] } },
{ "type": "Feature", "properties": { "fid": 528, "polygon_uuid": "f25ce411-a63a-4f4a-ad83-edc09df433e8", "AreaOnRegistry": "1000", "Address": "千葉県袖ケ浦市大鳥居橋戸318-1", "Tiban": "318-1", "dup_count": 2, "等分済み": 824.59431598521769 }, "geometry": { "type": "Polygon", "coordinates": [ [ [ 139.99656056500001, 35.394901371 ], [ 139.99659685, 35.39501259 ], [ 139.996940011330679, 35.395176271835936 ], [ 139.996940011330679, 35.394829992974586 ], [ 139.99656056500001, 35.394901371 ] ] ] } },
{ "type": "Feature", "properties": { "fid": 529, "polygon_uuid": "f25ce411-a63a-4f4a-ad83-edc09df433e8", "AreaOnRegistry": "656", "Address": "千葉県袖ケ浦市大鳥居橋戸317-1", "Tiban": "317-1", "dup_count": 2, "等分済み": 824.59490939229727 }, "geometry": { "type": "Polygon", "coordinates": [ [ [ 139.997209991, 35.395152483 ], [ 139.997108752, 35.394798251 ], [ 139.996940011330679, 35.394829992974586 ], [ 139.996940011330679, 35.395176271835936 ], [ 139.996986852, 35.395198614 ], [ 139.997209991, 35.395152483 ] ] ] } },
{ "type": "Feature", "properties": { "fid": 530, "polygon_uuid": "863fdfb1-d570-4aa4-bb27-ef417d7555bf", "AreaOnRegistry": "980", "Address": "千葉県袖ケ浦市大鳥居川岸36-1", "Tiban": "36-1", "dup_count": 2, "等分済み": 967.304095312953 }, "geometry": { "type": "Polygon", "coordinates": [ [ [ 140.006346554, 35.39011592 ], [ 140.006448261, 35.390462392 ], [ 140.006660851622513, 35.390423076476601 ], [ 140.006660851622513, 35.39005949737642 ], [ 140.006346554, 35.39011592 ] ] ] } },
{ "type": "Feature", "properties": { "fid": 531, "polygon_uuid": "863fdfb1-d570-4aa4-bb27-ef417d7555bf", "AreaOnRegistry": "845", "Address": "千葉県袖ケ浦市大鳥居川岸35-1", "Tiban": "35-1", "dup_count": 2, "等分済み": 967.30429597198963 }, "geometry": { "type": "Polygon", "coordinates": [ [ [ 140.006660851622513, 35.39005949737642 ], [ 140.006660851622513, 35.390423076476601 ], [ 140.00693349, 35.390372656 ], [ 140.006952661000014, 35.390258149 ], [ 140.00688225, 35.390019752 ], [ 140.006660851622513, 35.39005949737642 ] ] ] } },
{ "type": "Feature", "properties": { "fid": 532, "polygon_uuid": "898345d5-5aca-4c44-9f78-efa625a6ecc3", "AreaOnRegistry": "948", "Address": "千葉県袖ケ浦市大鳥居ミノワ540-3", "Tiban": "540-3", "dup_count": 1, "等分済み": 961.41871060896665 }, "geometry": { "type": "Polygon", "coordinates": [ [ [ 140.003020448, 35.390286956 ], [ 140.003235556, 35.390316814 ], [ 140.003358342000013, 35.390333857 ], [ 140.003378227000013, 35.39002665 ], [ 140.003187839, 35.390013163 ], [ 140.00306283, 35.390028622 ], [ 140.003020448, 35.390286956 ] ] ] } },
{ "type": "Feature", "properties": { "fid": 533, "polygon_uuid": "7e026733-a0b9-46ed-bc70-f06ef23bac46", "AreaOnRegistry": "340", "Address": "千葉県袖ケ浦市大鳥居川原90-1", "Tiban": "90-1", "dup_count": 4, "等分済み": 759.32842604257166 }, "geometry": { "type": "Polygon", "coordinates": [ [ [ 140.006269913000011, 35.392122346 ], [ 140.005731091, 35.392234264 ], [ 140.005756740602209, 35.392308818713595 ], [ 140.006333893363859, 35.392308818713595 ], [ 140.006269913000011, 35.392122346 ] ] ] } },
{ "type": "Feature", "properties": { "fid": 534, "polygon_uuid": "7e026733-a0b9-46ed-bc70-f06ef23bac46", "AreaOnRegistry": "664", "Address": "千葉県袖ケ浦市大鳥居川原91-1", "Tiban": "91-1", "dup_count": 4, "等分済み": 759.32846909202635 }, "geometry": { "type": "Polygon", "coordinates": [ [ [ 140.006363572, 35.392395318 ], [ 140.006333893363859, 35.392308818713595 ], [ 140.005756740602209, 35.392308818713595 ], [ 140.005802240393734, 35.392441071210058 ], [ 140.006336047003657, 35.392441071210058 ], [ 140.006363572, 35.392395318 ] ] ] } },
{ "type": "Feature", "properties": { "fid": 535, "polygon_uuid": "7e026733-a0b9-46ed-bc70-f06ef23bac46", "AreaOnRegistry": "969", "Address": "千葉県袖ケ浦市大鳥居川原92-1", "Tiban": "92-1", "dup_count": 4, "等分済み": 759.32805732637644 }, "geometry": { "type": "Polygon", "coordinates": [ [ [ 140.006336047003657, 35.392441071210058 ], [ 140.005802240393734, 35.392441071210058 ], [ 140.0058591226624, 35.392606408715643 ], [ 140.006236580447535, 35.392606408715643 ], [ 140.006336047003657, 35.392441071210058 ] ] ] } },
{ "type": "Feature", "properties": { "fid": 536, "polygon_uuid": "7e026733-a0b9-46ed-bc70-f06ef23bac46", "AreaOnRegistry": "998", "Address": "千葉県袖ケ浦市大鳥居川原93", "Tiban": "93", "dup_count": 4, "等分済み": 759.32365825772285 }, "geometry": { "type": "Polygon", "coordinates": [ [ [ 140.006236580447535, 35.392606408715643 ], [ 140.0058591226624, 35.392606408715643 ], [ 140.005996448, 35.393005567 ], [ 140.006236580447535, 35.392606408715643 ] ] ] } },
{ "type": "Feature", "properties": { "fid": 537, "polygon_uuid": "12fb02cf-2e05-4bf7-9ac3-f2609cdf3ff4", "AreaOnRegistry": "1024", "Address": "千葉県袖ケ浦市大鳥居八幡向263", "Tiban": "263", "dup_count": 3, "等分済み": 886.58755607157946 }, "geometry": { "type": "Polygon", "coordinates": [ [ [ 139.999234347999987, 35.395497617 ], [ 139.999376555, 35.395945752 ], [ 139.999489945174588, 35.395925630972457 ], [ 139.999489945174588, 35.395447346610887 ], [ 139.999234347999987, 35.395497617 ] ] ] } },
{ "type": "Feature", "properties": { "fid": 538, "polygon_uuid": "12fb02cf-2e05-4bf7-9ac3-f2609cdf3ff4", "AreaOnRegistry": "1024", "Address": "千葉県袖ケ浦市大鳥居八幡向262", "Tiban": "262", "dup_count": 3, "等分済み": 886.58788141608238 }, "geometry": { "type": "Polygon", "coordinates": [ [ [ 139.999489945174588, 35.395447346610887 ], [ 139.999489945174588, 35.395925630972457 ], [ 139.999673181489669, 35.395893115783579 ], [ 139.999673181489669, 35.395411308024492 ], [ 139.999489945174588, 35.395447346610887 ] ] ] } },
{ "type": "Feature", "properties": { "fid": 539, "polygon_uuid": "12fb02cf-2e05-4bf7-9ac3-f2609cdf3ff4", "AreaOnRegistry": "969", "Address": "千葉県袖ケ浦市大鳥居八幡向261-1", "Tiban": "261-1", "dup_count": 3, "等分済み": 886.5872034355998 }, "geometry": { "type": "Polygon", "coordinates": [ [ [ 139.999782904, 35.395389728 ], [ 139.999673181489669, 35.395411308024492 ], [ 139.999673181489669, 35.395893115783579 ], [ 139.999927477999989, 35.395847991 ], [ 139.999782904, 35.395389728 ] ] ] } },
{ "type": "Feature", "properties": { "fid": 540, "polygon_uuid": "e9a40de3-8323-45f3-b060-f562d8319b6b", "AreaOnRegistry": "1024", "Address": "千葉県袖ケ浦市大鳥居橋戸293", "Tiban": "293", "dup_count": 1, "等分済み": 1094.9814698770642 }, "geometry": { "type": "Polygon", "coordinates": [ [ [ 139.998552851, 35.39546219 ], [ 139.998496798, 35.395278514 ], [ 139.997945275, 35.395386251 ], [ 139.998003399999988, 35.395574454 ], [ 139.998552851, 35.39546219 ] ] ] } },
{ "type": "Feature", "properties": { "fid": 541, "polygon_uuid": "43852cf3-c93c-42bc-a7ef-f59e09010847", "AreaOnRegistry": "1024", "Address": "千葉県袖ケ浦市大鳥居中戸168-1", "Tiban": "168-1", "dup_count": 1, "等分済み": 1099.3281977586448 }, "geometry": { "type": "Polygon", "coordinates": [ [ [ 140.003005925999986, 35.393753296 ], [ 140.00295044, 35.393570835 ], [ 140.002403178, 35.393673095 ], [ 140.002470103, 35.393868818 ], [ 140.003005925999986, 35.393753296 ] ] ] } },
{ "type": "Feature", "properties": { "fid": 542, "polygon_uuid": "a08ceec9-1f32-45a6-96bb-f649f00612be", "AreaOnRegistry": "1024", "Address": "千葉県袖ケ浦市大鳥居駒木343", "Tiban": "343", "dup_count": 1, "等分済み": 1143.8592200241983 }, "geometry": { "type": "Polygon", "coordinates": [ [ [ 139.995350206000012, 35.392961104 ], [ 139.9952915, 35.392771447 ], [ 139.994724645, 35.392898567 ], [ 139.994786817, 35.393083814 ], [ 139.995350206000012, 35.392961104 ] ] ] } },
{ "type": "Feature", "properties": { "fid": 543, "polygon_uuid": "a3c22d2c-7fc5-4f27-badf-f83145201028", "AreaOnRegistry": "1024", "Address": "千葉県袖ケ浦市大鳥居川岸46", "Tiban": "46", "dup_count": 3, "等分済み": 1010.9570535346866 }, "geometry": { "type": "Polygon", "coordinates": [ [ [ 140.005864108999987, 35.390613502 ], [ 140.006024653999987, 35.39113478 ], [ 140.006124928734891, 35.391114394351426 ], [ 140.006124928734891, 35.390558277670394 ], [ 140.005864108999987, 35.390613502 ] ] ] } },
{ "type": "Feature", "properties": { "fid": 544, "polygon_uuid": "a3c22d2c-7fc5-4f27-badf-f83145201028", "AreaOnRegistry": "1024", "Address": "千葉県袖ケ浦市大鳥居川岸47", "Tiban": "47", "dup_count": 3, "等分済み": 1010.9574222713709 }, "geometry": { "type": "Polygon", "coordinates": [ [ [ 140.006124928734891, 35.390558277670394 ], [ 140.006124928734891, 35.391114394351426 ], [ 140.006305031804288, 35.391077779765673 ], [ 140.006305031804288, 35.390520143779682 ], [ 140.006124928734891, 35.390558277670394 ] ] ] } },
{ "type": "Feature", "properties": { "fid": 545, "polygon_uuid": "a3c22d2c-7fc5-4f27-badf-f83145201028", "AreaOnRegistry": "1024", "Address": "千葉県袖ケ浦市大鳥居川岸48", "Tiban": "48", "dup_count": 3, "等分済み": 1010.9566765129566 }, "geometry": { "type": "Polygon", "coordinates": [ [ [ 140.006305031804288, 35.390520143779682 ], [ 140.006305031804288, 35.391077779765673 ], [ 140.006564443, 35.391025042 ], [ 140.006404944, 35.390498989 ], [ 140.006305031804288, 35.390520143779682 ] ] ] } },
{ "type": "Feature", "properties": { "fid": 546, "polygon_uuid": "dbce7f7a-a0e1-4f0c-91e4-f8542a1ed5e8", "AreaOnRegistry": "991", "Address": "千葉県袖ケ浦市大鳥居宮ノ下583-1", "Tiban": "583-1", "dup_count": 1, "等分済み": 904.66605136916041 }, "geometry": { "type": "Polygon", "coordinates": [ [ [ 140.000737909, 35.390842821 ], [ 140.000681046000011, 35.39064318 ], [ 140.000254501, 35.390736123 ], [ 140.000312822000012, 35.390933228 ], [ 140.000737909, 35.390842821 ] ] ] } },
{ "type": "Feature", "properties": { "fid": 547, "polygon_uuid": "3016aaf6-aac9-4d17-9d8a-f9314d6c05e9", "AreaOnRegistry": "1024", "Address": "千葉県袖ケ浦市大鳥居中戸153", "Tiban": "153", "dup_count": 1, "等分済み": 1002.4424413181841 }, "geometry": { "type": "Polygon", "coordinates": [ [ [ 140.003730072, 35.394168512 ], [ 140.003676758000012, 35.393993674 ], [ 140.003142159, 35.394107185 ], [ 140.003192894, 35.394281531 ], [ 140.003730072, 35.394168512 ] ] ] } },
{ "type": "Feature", "properties": { "fid": 548, "polygon_uuid": "7add27dd-6adb-4204-8c45-f9aa4b76cfd7", "AreaOnRegistry": null, "Address": null, "Tiban": null, "dup_count": 1, "等分済み": 694.78405082132667 }, "geometry": { "type": "Polygon", "coordinates": [ [ [ 140.000707774, 35.392182528 ], [ 140.000874024000012, 35.39214112 ], [ 140.000919949, 35.391977666 ], [ 140.000928814, 35.391842869 ], [ 140.000627202, 35.391918167 ], [ 140.000707774, 35.392182528 ] ] ] } },
{ "type": "Feature", "properties": { "fid": 549, "polygon_uuid": "6c49c0f8-af86-4620-9b3b-f9aeeb5c339b", "AreaOnRegistry": "294", "Address": "千葉県袖ケ浦市大鳥居下峯576-3", "Tiban": "576-3", "dup_count": 3, "等分済み": 260.78087945049629 }, "geometry": { "type": "Polygon", "coordinates": [ [ [ 140.002187026, 35.391078152 ], [ 140.00217616, 35.391022784 ], [ 140.002173772, 35.391003023 ], [ 140.002079359, 35.391010847 ], [ 140.001942971, 35.391022148 ], [ 140.001939879, 35.391051436 ], [ 140.001978039741118, 35.391123213558586 ], [ 140.002204206728436, 35.391123213558586 ], [ 140.002187026, 35.391078152 ] ] ] } },
{ "type": "Feature", "properties": { "fid": 550, "polygon_uuid": "6c49c0f8-af86-4620-9b3b-f9aeeb5c339b", "AreaOnRegistry": "128", "Address": "千葉県袖ケ浦市大鳥居下峯576-4", "Tiban": "576-4", "dup_count": 3, "等分済み": 260.78084957972169 }, "geometry": { "type": "Polygon", "coordinates": [ [ [ 140.002222031, 35.391169963 ], [ 140.002204206728436, 35.391123213558586 ], [ 140.001978039741118, 35.391123213558586 ], [ 140.001990033, 35.391145772 ], [ 140.002017128585891, 35.391236618645181 ], [ 140.002254258104728, 35.391236618645181 ], [ 140.002222031, 35.391169963 ] ] ] } },
{ "type": "Feature", "properties": { "fid": 551, "polygon_uuid": "6c49c0f8-af86-4620-9b3b-f9aeeb5c339b", "AreaOnRegistry": "274", "Address": "千葉県袖ケ浦市大鳥居下峯576-2", "Tiban": "576-2", "dup_count": 3, "等分済み": 260.78085279744118 }, "geometry": { "type": "Polygon", "coordinates": [ [ [ 140.002149964000012, 35.391361108 ], [ 140.002181691, 35.391343414 ], [ 140.002203703, 35.391331138 ], [ 140.002272536, 35.391274423 ], [ 140.002254258104728, 35.391236618645181 ], [ 140.002017128585891, 35.391236618645181 ], [ 140.002036473, 35.391301477 ], [ 140.002048847999987, 35.391335604 ], [ 140.002071259, 35.391397408 ], [ 140.002149964000012, 35.391361108 ] ] ] } },
{ "type": "Feature", "properties": { "fid": 552, "polygon_uuid": "5a907627-db71-4d0f-84fa-f9d5094bd247", "AreaOnRegistry": "1024", "Address": "千葉県袖ケ浦市大鳥居中戸171", "Tiban": "171", "dup_count": 1, "等分済み": 1017.8575692512095 }, "geometry": { "type": "Polygon", "coordinates": [ [ [ 140.002796472, 35.393028171 ], [ 140.002245297, 35.393146381 ], [ 140.002300883, 35.393319762 ], [ 140.002842994, 35.393202238 ], [ 140.002796472, 35.393028171 ] ] ] } },
{ "type": "Feature", "properties": { "fid": 553, "polygon_uuid": "207a9c8b-77f5-43ae-a6ba-fc81c96717a0", "AreaOnRegistry": "1757", "Address": "千葉県木更津市椿東958", "Tiban": "958", "dup_count": 1, "等分済み": 1824.7095870919293 }, "geometry": { "type": "Polygon", "coordinates": [ [ [ 139.99218765, 35.391466873 ], [ 139.992231885, 35.391466815 ], [ 139.992235636, 35.391500013 ], [ 139.99258583, 35.391502571 ], [ 139.992589439, 35.391463325 ], [ 139.992592318, 35.391052805 ], [ 139.992186821, 35.391044283 ], [ 139.99218765, 35.391466873 ] ] ] } },
{ "type": "Feature", "properties": { "fid": 554, "polygon_uuid": "edee9abb-821e-412f-94a7-fc8f2c432fdb", "AreaOnRegistry": "1024", "Address": "千葉県袖ケ浦市大鳥居橋戸303", "Tiban": "303", "dup_count": 5, "等分済み": 1046.3298563007265 }, "geometry": { "type": "Polygon", "coordinates": [ [ [ 139.997510104000014, 35.394141456 ], [ 139.996966107, 35.394249492 ], [ 139.997002922301874, 35.394375025352232 ], [ 139.997582409046714, 35.394375025352232 ], [ 139.997510104000014, 35.394141456 ] ] ] } },
{ "type": "Feature", "properties": { "fid": 555, "polygon_uuid": "edee9abb-821e-412f-94a7-fc8f2c432fdb", "AreaOnRegistry": "1024", "Address": "千葉県袖ケ浦市大鳥居橋戸304", "Tiban": "304", "dup_count": 5, "等分済み": 1046.3300753049552 }, "geometry": { "type": "Polygon", "coordinates": [ [ [ 139.997582409046714, 35.394375025352232 ], [ 139.997002922301874, 35.394375025352232 ], [ 139.997055327096319, 35.394553715983193 ], [ 139.997637725526772, 35.394553715983193 ], [ 139.997582409046714, 35.394375025352232 ] ] ] } },
{ "type": "Feature", "properties": { "fid": 556, "polygon_uuid": "edee9abb-821e-412f-94a7-fc8f2c432fdb", "AreaOnRegistry": "1024", "Address": "千葉県袖ケ浦市大鳥居橋戸305", "Tiban": "305", "dup_count": 5, "等分済み": 1046.3302083611488 }, "geometry": { "type": "Polygon", "coordinates": [ [ [ 139.997637725526772, 35.394553715983193 ], [ 139.997055327096319, 35.394553715983193 ], [ 139.997107471314081, 35.394731518095952 ], [ 139.997692766952127, 35.394731518095952 ], [ 139.997637725526772, 35.394553715983193 ] ] ] } },
{ "type": "Feature", "properties": { "fid": 557, "polygon_uuid": "edee9abb-821e-412f-94a7-fc8f2c432fdb", "AreaOnRegistry": "1024", "Address": "千葉県袖ケ浦市大鳥居橋戸306", "Tiban": "306", "dup_count": 5, "等分済み": 1046.3303889296949 }, "geometry": { "type": "Polygon", "coordinates": [ [ [ 139.997692766952127, 35.394731518095952 ], [ 139.997107471314081, 35.394731518095952 ], [ 139.997159358807806, 35.394908444827422 ], [ 139.997747537389529, 35.394908444827422 ], [ 139.997692766952127, 35.394731518095952 ] ] ] } },
{ "type": "Feature", "properties": { "fid": 558, "polygon_uuid": "edee9abb-821e-412f-94a7-fc8f2c432fdb", "AreaOnRegistry": "1024", "Address": "千葉県袖ケ浦市大鳥居橋戸307", "Tiban": "307", "dup_count": 5, "等分済み": 1046.3289101310074 }, "geometry": { "type": "Polygon", "coordinates": [ [ [ 139.997747537389529, 35.394908444827422 ], [ 139.997159358807806, 35.394908444827422 ], [ 139.997227535, 35.395140913 ], [ 139.997784607, 35.395028192 ], [ 139.997747537389529, 35.394908444827422 ] ] ] } },
{ "type": "Feature", "properties": { "fid": 559, "polygon_uuid": "f95d4d81-c844-43de-a24a-fd30e624bf57", "AreaOnRegistry": "1024", "Address": "千葉県袖ケ浦市大鳥居久保田685", "Tiban": "685", "dup_count": 2, "等分済み": 1055.6903578266501 }, "geometry": { "type": "Polygon", "coordinates": [ [ [ 139.995447614272337, 35.392514318611084 ], [ 139.995447614272337, 35.392125896428972 ], [ 139.995121251, 35.39219569 ], [ 139.995235691, 35.392560826 ], [ 139.995447614272337, 35.392514318611084 ] ] ] } },
{ "type": "Feature", "properties": { "fid": 560, "polygon_uuid": "f95d4d81-c844-43de-a24a-fd30e624bf57", "AreaOnRegistry": "1024", "Address": "千葉県袖ケ浦市大鳥居久保田686-1", "Tiban": "686-1", "dup_count": 2, "等分済み": 1055.6903618201613 }, "geometry": { "type": "Polygon", "coordinates": [ [ [ 139.99577292, 35.392442929 ], [ 139.995662601, 35.392079921 ], [ 139.995447614272337, 35.392125896428972 ], [ 139.995447614272337, 35.392514318611084 ], [ 139.99577292, 35.392442929 ] ] ] } },
{ "type": "Feature", "properties": { "fid": 561, "polygon_uuid": "14755bee-3573-4018-8c3a-fd6686c369f7", "AreaOnRegistry": "998", "Address": "千葉県袖ケ浦市大鳥居久保田709", "Tiban": "709", "dup_count": 1, "等分済み": 1182.2393018826842 }, "geometry": { "type": "Polygon", "coordinates": [ [ [ 139.994130715000011, 35.39299097 ], [ 139.994689873999988, 35.392873341 ], [ 139.994622310000011, 35.392674387 ], [ 139.994072503000012, 35.392793739 ], [ 139.994130715000011, 35.39299097 ] ] ] } },
{ "type": "Feature", "properties": { "fid": 562, "polygon_uuid": "3b889181-798c-4948-ada7-fded8dc63399", "AreaOnRegistry": "1395", "Address": "千葉県袖ケ浦市大鳥居久保田943", "Tiban": "943", "dup_count": 1, "等分済み": 1402.3422988336533 }, "geometry": { "type": "Polygon", "coordinates": [ [ [ 139.993719906, 35.391700215 ], [ 139.993643926, 35.391459062 ], [ 139.993138851, 35.391558562 ], [ 139.993114365999986, 35.391590421 ], [ 139.99317914400001, 35.391811747 ], [ 139.993719906, 35.391700215 ] ] ] } },
{ "type": "Feature", "properties": { "fid": 563, "polygon_uuid": "9db83e29-4c32-462d-b68b-ff1fed24aff8", "AreaOnRegistry": "1024", "Address": "千葉県袖ケ浦市大鳥居駒木336", "Tiban": "336", "dup_count": 1, "等分済み": 1065.0745471268892 }, "geometry": { "type": "Polygon", "coordinates": [ [ [ 139.994258738000013, 35.393387265 ], [ 139.99480014, 35.393269321 ], [ 139.994745711, 35.3930878 ], [ 139.994202358, 35.393202953 ], [ 139.994258738000013, 35.393387265 ] ] ] } }
]
}
