{
"type": "FeatureCollection",
"name": "栗源",
"crs": { "type": "name", "properties": { "name": "urn:ogc:def:crs:OGC:1.3:CRS84" } },
"features": [
{ "type": "Feature", "properties": { "fid": 1, "field_id": 5615407, "location": "1-4", "field_seq": null, "field_no": "沢字下谷1892-1", "farmer_cd": "k162", "farmer": "(有)オール・アズ・ワン　野田武志", "crop": null, "area": 14.4, "calc_area": 14.41, "remark": null, "tiban": "1892-1" }, "geometry": { "type": "MultiPolygon", "coordinates": [ [ [ [ 140.476493702999988, 35.799258848 ], [ 140.475979129, 35.79935074 ], [ 140.475992811999987, 35.799409748 ], [ 140.47604041, 35.799610355 ], [ 140.476514967000014, 35.799566937 ], [ 140.476514942, 35.79956383 ], [ 140.476503511, 35.799361668 ], [ 140.476493702999988, 35.799258848 ] ] ] ] } },
{ "type": "Feature", "properties": { "fid": 2, "field_id": 5615972, "location": "1-3", "field_seq": null, "field_no": "西田部字長山2432", "farmer_cd": "k155", "farmer": "ザファーム中野亜蘭", "crop": null, "area": 10.3, "calc_area": 13.41, "remark": 3, "tiban": "2432" }, "geometry": { "type": "MultiPolygon", "coordinates": [ [ [ [ 140.513913300000013, 35.795276 ], [ 140.514095200000014, 35.795388 ], [ 140.514166499999988, 35.7953017 ], [ 140.5142186, 35.7952299 ], [ 140.5142528, 35.7951238 ], [ 140.5142731, 35.7950292 ], [ 140.5142813, 35.7949662 ], [ 140.5142772, 35.794896 ], [ 140.514251699999988, 35.794786 ], [ 140.514232099999987, 35.7947532 ], [ 140.514163599999989, 35.7947607 ], [ 140.5141164, 35.7947867 ], [ 140.5140956, 35.7948241 ], [ 140.5140697, 35.7949084 ], [ 140.5140288, 35.7950248 ], [ 140.513961599999988, 35.7951784 ], [ 140.513913300000013, 35.795276 ] ] ] ] } },
{ "type": "Feature", "properties": { "fid": 3, "field_id": 5616543, "location": "1-3", "field_seq": null, "field_no": "岩部字大曲メ3103-2", "farmer_cd": "k28", "farmer": "伊東茂", "crop": null, "area": 1.3, "calc_area": 1.93, "remark": 3, "tiban": "3103-2" }, "geometry": { "type": "MultiPolygon", "coordinates": [ [ [ [ 140.5047979, 35.805708 ], [ 140.5049971, 35.8057299 ], [ 140.5050186, 35.8056316 ], [ 140.504822100000013, 35.8056164 ], [ 140.5047979, 35.805708 ] ] ] ] } },
{ "type": "Feature", "properties": { "fid": 4, "field_id": 5616544, "location": "1-3", "field_seq": null, "field_no": "岩部字大曲メ3103-1", "farmer_cd": "k28", "farmer": "伊東茂", "crop": null, "area": 8.7, "calc_area": 7.56, "remark": 3, "tiban": "3103-1" }, "geometry": { "type": "MultiPolygon", "coordinates": [ [ [ [ 140.5048214, 35.8056001 ], [ 140.505026, 35.8056154 ], [ 140.5050771, 35.805253 ], [ 140.504869899999989, 35.8052377 ], [ 140.5048214, 35.8056001 ] ] ] ] } },
{ "type": "Feature", "properties": { "fid": 5, "field_id": 5616545, "location": "1-3", "field_seq": null, "field_no": "岩部正谷5327", "farmer_cd": "k28", "farmer": "伊東茂", "crop": null, "area": 17.1, "calc_area": 16.85, "remark": 3, "tiban": "5327" }, "geometry": { "type": "MultiPolygon", "coordinates": [ [ [ [ 140.5087206, 35.8043558 ], [ 140.5091406, 35.8043645 ], [ 140.5092402, 35.8039628 ], [ 140.5087906, 35.8039825 ], [ 140.5087206, 35.8043558 ] ] ] ] } },
{ "type": "Feature", "properties": { "fid": 6, "field_id": 5614687, "location": "1-5", "field_seq": null, "field_no": "西田部字葛方1012-1", "farmer_cd": "k159", "farmer": "伊藤　敏昭", "crop": null, "area": 9.8, "calc_area": 10.66, "remark": 5, "tiban": "1012-1" }, "geometry": { "type": "MultiPolygon", "coordinates": [ [ [ [ 140.5047367, 35.7926092 ], [ 140.504719, 35.792605 ], [ 140.5045365, 35.7925639 ], [ 140.504418, 35.7928986 ], [ 140.5043638, 35.7930518 ], [ 140.5045667, 35.7930981 ], [ 140.5047367, 35.7926092 ] ] ] ] } },
{ "type": "Feature", "properties": { "fid": 7, "field_id": 5614717, "location": "1-5", "field_seq": null, "field_no": "西田部字葛方1013-1", "farmer_cd": "k159", "farmer": "伊藤　敏昭", "crop": null, "area": 13.4, "calc_area": 13.55, "remark": 5, "tiban": "1013-1" }, "geometry": { "type": "MultiPolygon", "coordinates": [ [ [ [ 140.5048344, 35.7931583 ], [ 140.5049036, 35.7929249 ], [ 140.5049885, 35.7926808 ], [ 140.5048894, 35.7926556 ], [ 140.504865599999988, 35.7926396 ], [ 140.5047367, 35.7926092 ], [ 140.5045667, 35.7930981 ], [ 140.5047246, 35.7931342 ], [ 140.5048344, 35.7931583 ] ] ] ] } },
{ "type": "Feature", "properties": { "fid": 8, "field_id": 5614752, "location": "1-5", "field_seq": null, "field_no": "西田部字葛方1009-1", "farmer_cd": "k159", "farmer": "伊藤　敏昭", "crop": null, "area": 7.0, "calc_area": 7.21, "remark": 5, "tiban": "1009-1" }, "geometry": { "type": "MultiPolygon", "coordinates": [ [ [ [ 140.5041292, 35.7924721 ], [ 140.5039352, 35.7924283 ], [ 140.5038165, 35.7927724 ], [ 140.5040085, 35.7928177 ], [ 140.5041292, 35.7924721 ] ] ] ] } },
{ "type": "Feature", "properties": { "fid": 9, "field_id": 5615808, "location": "1-5", "field_seq": null, "field_no": "南玉造小割4123", "farmer_cd": "k159", "farmer": "伊藤　敏昭", "crop": null, "area": 5.7, "calc_area": 6.28, "remark": 5, "tiban": "4123" }, "geometry": { "type": "MultiPolygon", "coordinates": [ [ [ [ 140.504938, 35.7889157 ], [ 140.505284, 35.7888344 ], [ 140.5052723, 35.7887775 ], [ 140.5052427, 35.7886669 ], [ 140.5048816, 35.7887533 ], [ 140.504938, 35.7889157 ] ] ] ] } },
{ "type": "Feature", "properties": { "fid": 10, "field_id": 5615912, "location": "1-5", "field_seq": null, "field_no": "南玉造小割4124", "farmer_cd": "k159", "farmer": "伊藤　敏昭", "crop": null, "area": 4.0, "calc_area": 4.16, "remark": 5, "tiban": "4124" }, "geometry": { "type": "MultiPolygon", "coordinates": [ [ [ [ 140.504938, 35.7889157 ], [ 140.5049728, 35.7890331 ], [ 140.505299400000013, 35.7889514 ], [ 140.505284, 35.7888344 ], [ 140.504938, 35.7889157 ] ] ] ] } },
{ "type": "Feature", "properties": { "fid": 11, "field_id": 5615954, "location": "1-5", "field_seq": null, "field_no": "南玉造小割4122", "farmer_cd": "k159", "farmer": "伊藤　敏昭", "crop": null, "area": 6.2, "calc_area": 6.89, "remark": 5, "tiban": "4122" }, "geometry": { "type": "MultiPolygon", "coordinates": [ [ [ [ 140.5048816, 35.7887533 ], [ 140.5052427, 35.7886669 ], [ 140.5051895, 35.7884746 ], [ 140.505128, 35.788507 ], [ 140.5048236, 35.7885834 ], [ 140.5048816, 35.7887533 ] ] ] ] } },
{ "type": "Feature", "properties": { "fid": 12, "field_id": 5616760, "location": "1-5", "field_seq": null, "field_no": "西田部字葛方1009-2", "farmer_cd": "k159", "farmer": "伊藤　敏昭", "crop": null, "area": 3.0, "calc_area": 2.98, "remark": 5, "tiban": "1009-2" }, "geometry": { "type": "MultiPolygon", "coordinates": [ [ [ [ 140.5038165, 35.7927742 ], [ 140.503765, 35.7929169 ], [ 140.5039581, 35.7929595 ], [ 140.5040107, 35.7928186 ], [ 140.5038165, 35.7927742 ] ] ] ] } },
{ "type": "Feature", "properties": { "fid": 13, "field_id": 5614235, "location": "1-3", "field_seq": null, "field_no": "西田部字部田1361-1", "farmer_cd": "k85", "farmer": "伊藤信雄", "crop": null, "area": 9.5, "calc_area": 9.75, "remark": 3, "tiban": "1361-1" }, "geometry": { "type": "MultiPolygon", "coordinates": [ [ [ [ 140.5030312, 35.7964396 ], [ 140.5028316, 35.7964722 ], [ 140.5029477, 35.7969448 ], [ 140.5031438, 35.7969126 ], [ 140.5030312, 35.7964396 ] ] ] ] } },
{ "type": "Feature", "properties": { "fid": 14, "field_id": 5614279, "location": "1-3", "field_seq": null, "field_no": "西田部字部田1375-1", "farmer_cd": "k85", "farmer": "伊藤信雄", "crop": null, "area": 5.7, "calc_area": 6.71, "remark": 3, "tiban": "1375-1" }, "geometry": { "type": "MultiPolygon", "coordinates": [ [ [ [ 140.5028137, 35.7964275 ], [ 140.5028317, 35.7964311 ], [ 140.5029007, 35.7964199 ], [ 140.503030099999989, 35.796399 ], [ 140.5029551, 35.7960989 ], [ 140.5027397, 35.7961362 ], [ 140.502741, 35.7961415 ], [ 140.5028137, 35.7964275 ] ] ] ] } },
{ "type": "Feature", "properties": { "fid": 15, "field_id": 5614603, "location": "1-5", "field_seq": null, "field_no": "西田部字清水1000-1", "farmer_cd": "k85", "farmer": "伊藤信雄", "crop": null, "area": 8.1, "calc_area": 8.67, "remark": 5, "tiban": "1000-1" }, "geometry": { "type": "MultiPolygon", "coordinates": [ [ [ [ 140.503755500000011, 35.7929349 ], [ 140.5036355, 35.7932934 ], [ 140.5037584, 35.7933216 ], [ 140.5037112, 35.7934557 ], [ 140.503785, 35.7934721 ], [ 140.5039533, 35.7929795 ], [ 140.503755500000011, 35.7929349 ] ] ] ] } },
{ "type": "Feature", "properties": { "fid": 16, "field_id": 5614632, "location": "1-5", "field_seq": null, "field_no": "西田部字清水1004-1", "farmer_cd": "k85", "farmer": "伊藤信雄", "crop": null, "area": 7.8, "calc_area": 8.45, "remark": 5, "tiban": "1004-1" }, "geometry": { "type": "MultiPolygon", "coordinates": [ [ [ [ 140.5033517, 35.7928438 ], [ 140.5033319, 35.7929057 ], [ 140.503221700000012, 35.7932309 ], [ 140.503351, 35.7932599 ], [ 140.5034245, 35.7932753 ], [ 140.503555, 35.7928897 ], [ 140.5033517, 35.7928438 ] ] ] ] } },
{ "type": "Feature", "properties": { "fid": 17, "field_id": 5614670, "location": "1-5", "field_seq": null, "field_no": "西田部字清水982-1", "farmer_cd": "k85", "farmer": "伊藤信雄", "crop": null, "area": 2.8, "calc_area": 2.99, "remark": 5, "tiban": "982-1" }, "geometry": { "type": "MultiPolygon", "coordinates": [ [ [ [ 140.5030098, 35.7938434 ], [ 140.5030577, 35.7937113 ], [ 140.5029518, 35.7936888 ], [ 140.5028465, 35.793665 ], [ 140.502800900000011, 35.7937965 ], [ 140.5030098, 35.7938434 ] ] ] ] } },
{ "type": "Feature", "properties": { "fid": 18, "field_id": 5614798, "location": "1-5", "field_seq": null, "field_no": "西田部字葛方1015", "farmer_cd": "k85", "farmer": "伊藤信雄", "crop": null, "area": 5.0, "calc_area": 6.78, "remark": 5, "tiban": "1015" }, "geometry": { "type": "MultiPolygon", "coordinates": [ [ [ [ 140.505044, 35.7921289 ], [ 140.5050195, 35.7922135 ], [ 140.5048803, 35.7926202 ], [ 140.505004, 35.7926404 ], [ 140.505015899999989, 35.7926372 ], [ 140.5050981, 35.792383 ], [ 140.5051779, 35.7921593 ], [ 140.505044, 35.7921289 ] ] ] ] } },
{ "type": "Feature", "properties": { "fid": 19, "field_id": 5614804, "location": "1-5", "field_seq": null, "field_no": "西田部字清水1001-2", "farmer_cd": "k85", "farmer": "伊藤信雄", "crop": null, "area": 7.6, "calc_area": 8.19, "remark": 5, "tiban": "1001-2" }, "geometry": { "type": "MultiPolygon", "coordinates": [ [ [ [ 140.503555, 35.7928897 ], [ 140.5034245, 35.7932753 ], [ 140.5035746, 35.7933066 ], [ 140.5035832, 35.7932787 ], [ 140.5036307, 35.7932923 ], [ 140.5036355, 35.7932934 ], [ 140.503755500000011, 35.7929349 ], [ 140.503555, 35.7928897 ] ] ] ] } },
{ "type": "Feature", "properties": { "fid": 20, "field_id": 5615787, "location": "1-5", "field_seq": null, "field_no": "1031-2,1057-1,1056-3", "farmer_cd": "k85", "farmer": "伊藤信雄", "crop": null, "area": 10.2, "calc_area": 10.24, "remark": null, "tiban": "1031-2,1057-1,1056-3" }, "geometry": { "type": "MultiPolygon", "coordinates": [ [ [ [ 140.501633363, 35.789227419 ], [ 140.501774004999987, 35.789713789 ], [ 140.501972204999987, 35.789672776 ], [ 140.50183295, 35.789188607 ], [ 140.501633363, 35.789227419 ] ] ] ] } },
{ "type": "Feature", "properties": { "fid": 21, "field_id": 5615838, "location": "1-5", "field_seq": null, "field_no": "西田部字たり免1037-1", "farmer_cd": "k85", "farmer": "伊藤信雄", "crop": null, "area": 11.6, "calc_area": 11.63, "remark": null, "tiban": "1037-1" }, "geometry": { "type": "MultiPolygon", "coordinates": [ [ [ [ 140.502333935, 35.790164323 ], [ 140.502553455999987, 35.790123407 ], [ 140.502417426, 35.789654456 ], [ 140.502401461, 35.789637581 ], [ 140.502179475, 35.789682242 ], [ 140.502333935, 35.790164323 ] ] ] ] } },
{ "type": "Feature", "properties": { "fid": 22, "field_id": 5615865, "location": "1-5", "field_seq": null, "field_no": "西田部字たり免1055-1", "farmer_cd": "k85", "farmer": "伊藤信雄", "crop": null, "area": 10.0, "calc_area": 10.81, "remark": 5, "tiban": "1055-1" }, "geometry": { "type": "MultiPolygon", "coordinates": [ [ [ [ 140.5014233, 35.7892679 ], [ 140.5015656, 35.7897557 ], [ 140.501774, 35.7897138 ], [ 140.5016334, 35.7892274 ], [ 140.5014233, 35.7892679 ] ] ] ] } },
{ "type": "Feature", "properties": { "fid": 23, "field_id": 5615883, "location": "1-5", "field_seq": null, "field_no": "西田部字たり免1058-1", "farmer_cd": "k85", "farmer": "伊藤信雄", "crop": null, "area": 5.1, "calc_area": 16.2, "remark": 5, "tiban": "1058-1" }, "geometry": { "type": "MultiPolygon", "coordinates": [ [ [ [ 140.5008235, 35.7893848 ], [ 140.500970200000012, 35.7898707 ], [ 140.5012886, 35.7898125 ], [ 140.501133, 35.7893259 ], [ 140.5008235, 35.7893848 ] ] ] ] } },
{ "type": "Feature", "properties": { "fid": 24, "field_id": 5615926, "location": "1-5", "field_seq": null, "field_no": "西田部字たり免1040-1", "farmer_cd": "k85", "farmer": "伊藤信雄", "crop": null, "area": 14.7, "calc_area": 14.72, "remark": 5, "tiban": "1040-1" }, "geometry": { "type": "MultiPolygon", "coordinates": [ [ [ [ 140.501133, 35.7893259 ], [ 140.5012886, 35.7898125 ], [ 140.5015656, 35.7897557 ], [ 140.5014233, 35.7892679 ], [ 140.501133, 35.7893259 ] ] ] ] } },
{ "type": "Feature", "properties": { "fid": 25, "field_id": 5615931, "location": "1-5", "field_seq": null, "field_no": "西田部字たり免1035-1", "farmer_cd": "k85", "farmer": "伊藤信雄", "crop": null, "area": 5.5, "calc_area": 6.64, "remark": 5, "tiban": "1035-1" }, "geometry": { "type": "MultiPolygon", "coordinates": [ [ [ [ 140.501871, 35.790063 ], [ 140.502078, 35.7900248 ], [ 140.5019847, 35.7897167 ], [ 140.5017837, 35.7897562 ], [ 140.501871, 35.790063 ] ] ] ] } },
{ "type": "Feature", "properties": { "fid": 26, "field_id": 5615934, "location": "1-5", "field_seq": null, "field_no": "西田部字たり免1036", "farmer_cd": "k85", "farmer": "伊藤信雄", "crop": null, "area": 9.9, "calc_area": 10.26, "remark": 5, "tiban": "1036" }, "geometry": { "type": "MultiPolygon", "coordinates": [ [ [ [ 140.5021294, 35.7902041 ], [ 140.5023339, 35.7901643 ], [ 140.502179500000011, 35.7896822 ], [ 140.5019847, 35.7897167 ], [ 140.5021294, 35.7902041 ] ] ] ] } },
{ "type": "Feature", "properties": { "fid": 27, "field_id": 5615944, "location": "1-5", "field_seq": null, "field_no": "西田部字たり免1034", "farmer_cd": "k85", "farmer": "伊藤信雄", "crop": null, "area": 6.2, "calc_area": 6.01, "remark": 5, "tiban": "1034" }, "geometry": { "type": "MultiPolygon", "coordinates": [ [ [ [ 140.501877, 35.7900769 ], [ 140.5017837, 35.7897562 ], [ 140.5016575, 35.7897844 ], [ 140.5017123, 35.7899509 ], [ 140.5018159, 35.7902563 ], [ 140.5019241, 35.7902448 ], [ 140.5018863, 35.7901031 ], [ 140.501877, 35.7900769 ] ] ] ] } },
{ "type": "Feature", "properties": { "fid": 28, "field_id": 5616747, "location": "1-5", "field_seq": null, "field_no": "西田部字たり免1035-2", "farmer_cd": "k85", "farmer": "伊藤信雄", "crop": null, "area": 3.9, "calc_area": 2.14, "remark": 5, "tiban": "1035-2" }, "geometry": { "type": "MultiPolygon", "coordinates": [ [ [ [ 140.501875500000011, 35.790063 ], [ 140.5019026, 35.7901641 ], [ 140.502107200000012, 35.790125 ], [ 140.5020778, 35.7900267 ], [ 140.501875500000011, 35.790063 ] ] ] ] } },
{ "type": "Feature", "properties": { "fid": 29, "field_id": 5616748, "location": "1-5", "field_seq": null, "field_no": "西田部字たり免1035-3", "farmer_cd": "k85", "farmer": "伊藤信雄", "crop": null, "area": 0.4, "calc_area": 1.64, "remark": 5, "tiban": "1035-3" }, "geometry": { "type": "MultiPolygon", "coordinates": [ [ [ [ 140.501903700000014, 35.790166 ], [ 140.5019202, 35.7902452 ], [ 140.5021272, 35.7901994 ], [ 140.502107200000012, 35.7901269 ], [ 140.501903700000014, 35.790166 ] ] ] ] } },
{ "type": "Feature", "properties": { "fid": 30, "field_id": 5614337, "location": "1-3", "field_seq": null, "field_no": "西田部字向田2392", "farmer_cd": "k142", "farmer": "伊藤泰", "crop": null, "area": 8.4, "calc_area": 8.26, "remark": 3, "tiban": "2392" }, "geometry": { "type": "MultiPolygon", "coordinates": [ [ [ [ 140.50851080000001, 35.7977881 ], [ 140.508244, 35.797939 ], [ 140.5084204, 35.7981487 ], [ 140.5084843, 35.7981112 ], [ 140.5086863, 35.7980055 ], [ 140.50851080000001, 35.7977881 ] ] ] ] } },
{ "type": "Feature", "properties": { "fid": 31, "field_id": 5614176, "location": "1-3", "field_seq": null, "field_no": "西田部字境町1321-1", "farmer_cd": "k86", "farmer": "伊藤徳昭", "crop": null, "area": 10.0, "calc_area": 9.85, "remark": 3, "tiban": "1321-1" }, "geometry": { "type": "MultiPolygon", "coordinates": [ [ [ [ 140.5050199, 35.7993119 ], [ 140.5051307, 35.799799 ], [ 140.505287, 35.7997727 ], [ 140.5052964, 35.7996773 ], [ 140.505284, 35.7995829 ], [ 140.5052674, 35.7994717 ], [ 140.505223699999988, 35.7992779 ], [ 140.5051676, 35.7992863 ], [ 140.5050199, 35.7993119 ] ] ] ] } },
{ "type": "Feature", "properties": { "fid": 32, "field_id": 5614202, "location": "1-3", "field_seq": null, "field_no": "西田部字堀尻2407", "farmer_cd": "k86", "farmer": "伊藤徳昭", "crop": null, "area": 16.8, "calc_area": 17.97, "remark": 3, "tiban": "2407" }, "geometry": { "type": "MultiPolygon", "coordinates": [ [ [ [ 140.5085579, 35.7972271 ], [ 140.508511, 35.7972265 ], [ 140.5083257, 35.7972652 ], [ 140.5083196, 35.7973529 ], [ 140.5083115, 35.797378 ], [ 140.508293900000012, 35.7974116 ], [ 140.508258500000011, 35.7974575 ], [ 140.5085094, 35.7977577 ], [ 140.5088509, 35.7975617 ], [ 140.5085918, 35.7972635 ], [ 140.5085579, 35.7972271 ] ] ] ] } },
{ "type": "Feature", "properties": { "fid": 33, "field_id": 5616759, "location": "1-3", "field_seq": null, "field_no": "西田部字境町1322-1", "farmer_cd": "k86", "farmer": "伊藤徳昭", "crop": null, "area": 3.6, "calc_area": 3.52, "remark": 3, "tiban": "1322-1" }, "geometry": { "type": "MultiPolygon", "coordinates": [ [ [ [ 140.5052985, 35.7996739 ], [ 140.5053505, 35.7994986 ], [ 140.5053816, 35.7992593 ], [ 140.505223699999988, 35.7992863 ], [ 140.5052985, 35.7996739 ] ] ] ] } },
{ "type": "Feature", "properties": { "fid": 34, "field_id": 5614047, "location": "1-3", "field_seq": null, "field_no": "西田部字境町1318", "farmer_cd": "k88", "farmer": "伊藤博和", "crop": null, "area": 9.8, "calc_area": 10.38, "remark": 3, "tiban": "1318" }, "geometry": { "type": "MultiPolygon", "coordinates": [ [ [ [ 140.504397899999987, 35.7994122 ], [ 140.504433400000011, 35.7995329 ], [ 140.5044576, 35.7996139 ], [ 140.5045235, 35.799901 ], [ 140.504728199999988, 35.7998666 ], [ 140.50465650000001, 35.79958 ], [ 140.504614299999986, 35.7993814 ], [ 140.50442480000001, 35.7994077 ], [ 140.504397899999987, 35.7994122 ] ] ] ] } },
{ "type": "Feature", "properties": { "fid": 35, "field_id": 5614094, "location": "1-3", "field_seq": null, "field_no": "西田部字境町1317", "farmer_cd": "k88", "farmer": "伊藤博和", "crop": null, "area": 9.9, "calc_area": 10.6, "remark": 3, "tiban": "1317" }, "geometry": { "type": "MultiPolygon", "coordinates": [ [ [ [ 140.5042004, 35.7994446 ], [ 140.504314099999988, 35.7999362 ], [ 140.5045235, 35.799901 ], [ 140.5044576, 35.7996139 ], [ 140.504433400000011, 35.7995329 ], [ 140.504397899999987, 35.7994122 ], [ 140.5042004, 35.7994446 ] ] ] ] } },
{ "type": "Feature", "properties": { "fid": 36, "field_id": 5614100, "location": "1-3", "field_seq": null, "field_no": "西田部字境町1316", "farmer_cd": "k88", "farmer": "伊藤博和", "crop": null, "area": 10.0, "calc_area": 10.48, "remark": 3, "tiban": "1316" }, "geometry": { "type": "MultiPolygon", "coordinates": [ [ [ [ 140.503991899999988, 35.7994794 ], [ 140.504113499999988, 35.79997 ], [ 140.504314099999988, 35.7999362 ], [ 140.5042004, 35.7994446 ], [ 140.5040674, 35.7994665 ], [ 140.503991899999988, 35.7994794 ] ] ] ] } },
{ "type": "Feature", "properties": { "fid": 37, "field_id": 5614146, "location": "1-3", "field_seq": null, "field_no": "西田部字境町1319", "farmer_cd": "k88", "farmer": "伊藤博和", "crop": null, "area": 9.8, "calc_area": 10.56, "remark": 3, "tiban": "1319" }, "geometry": { "type": "MultiPolygon", "coordinates": [ [ [ [ 140.504614299999986, 35.7993814 ], [ 140.50465650000001, 35.79958 ], [ 140.504728199999988, 35.7998666 ], [ 140.504939, 35.7998308 ], [ 140.5048184, 35.7993488 ], [ 140.5046434, 35.7993774 ], [ 140.504614299999986, 35.7993814 ] ] ] ] } },
{ "type": "Feature", "properties": { "fid": 38, "field_id": 5614184, "location": "1-3", "field_seq": null, "field_no": "西田部字境町1323-1", "farmer_cd": "k88", "farmer": "伊藤博和", "crop": null, "area": 18.7, "calc_area": 19.38, "remark": 3, "tiban": "1323-1" }, "geometry": { "type": "MultiPolygon", "coordinates": [ [ [ [ 140.5052727, 35.79872 ], [ 140.5048861, 35.7987824 ], [ 140.5050149, 35.7992935 ], [ 140.5052656, 35.7992524 ], [ 140.5053001, 35.7992349 ], [ 140.5053536, 35.7992246 ], [ 140.5053258, 35.7990355 ], [ 140.5053069, 35.7989171 ], [ 140.5052727, 35.79872 ] ] ] ] } },
{ "type": "Feature", "properties": { "fid": 39, "field_id": 5614217, "location": "1-3", "field_seq": null, "field_no": "西田部字境町1325", "farmer_cd": "k88", "farmer": "伊藤博和", "crop": null, "area": 10.0, "calc_area": 11.19, "remark": 3, "tiban": "1325" }, "geometry": { "type": "MultiPolygon", "coordinates": [ [ [ [ 140.5050149, 35.7992935 ], [ 140.5048861, 35.7987824 ], [ 140.504676, 35.7988163 ], [ 140.504805800000014, 35.7993278 ], [ 140.5050149, 35.7992935 ] ] ] ] } },
{ "type": "Feature", "properties": { "fid": 40, "field_id": 5614262, "location": "1-3", "field_seq": null, "field_no": "西田部字境町1354", "farmer_cd": "k88", "farmer": "伊藤博和", "crop": null, "area": 10.0, "calc_area": 10.0, "remark": 3, "tiban": "1354" }, "geometry": { "type": "MultiPolygon", "coordinates": [ [ [ [ 140.5042087, 35.797809 ], [ 140.504153, 35.79756 ], [ 140.5041583, 35.7975662 ], [ 140.504131699999988, 35.7975248 ], [ 140.5041167, 35.7974685 ], [ 140.504104899999987, 35.7973931 ], [ 140.5041024, 35.7973586 ], [ 140.5040933, 35.7973386 ], [ 140.5040186, 35.7973472 ], [ 140.5039707, 35.7973521 ], [ 140.50392930000001, 35.797345 ], [ 140.5038901, 35.7973513 ], [ 140.5040062, 35.7978422 ], [ 140.5042087, 35.797809 ] ] ] ] } },
{ "type": "Feature", "properties": { "fid": 41, "field_id": 5614346, "location": "1-3", "field_seq": null, "field_no": "西田部字部田1359", "farmer_cd": "k88", "farmer": "伊藤博和", "crop": null, "area": 9.9, "calc_area": 10.77, "remark": 3, "tiban": "1359" }, "geometry": { "type": "MultiPolygon", "coordinates": [ [ [ [ 140.5031509, 35.7969349 ], [ 140.5032823, 35.7974307 ], [ 140.5034877, 35.797397 ], [ 140.5034704, 35.7973255 ], [ 140.503410300000013, 35.7970957 ], [ 140.503359, 35.7968999 ], [ 140.5031509, 35.7969349 ] ] ] ] } },
{ "type": "Feature", "properties": { "fid": 42, "field_id": 5614554, "location": "1-5", "field_seq": null, "field_no": "西田部字身洗戸1081-1", "farmer_cd": "k88", "farmer": "伊藤博和", "crop": null, "area": 9.6, "calc_area": 10.42, "remark": 5, "tiban": "1081-1" }, "geometry": { "type": "MultiPolygon", "coordinates": [ [ [ [ 140.505065300000012, 35.7910282 ], [ 140.5048938, 35.7915257 ], [ 140.5050991, 35.7915707 ], [ 140.5052502, 35.7911014 ], [ 140.505065300000012, 35.7910282 ] ] ] ] } },
{ "type": "Feature", "properties": { "fid": 43, "field_id": 5614715, "location": "1-5", "field_seq": null, "field_no": "西田部字身洗戸1084-3", "farmer_cd": "k88", "farmer": "伊藤博和", "crop": null, "area": 3.3, "calc_area": 7.84, "remark": 5, "tiban": "1084-3" }, "geometry": { "type": "MultiPolygon", "coordinates": [ [ [ [ 140.504457, 35.7908848 ], [ 140.50428, 35.7913866 ], [ 140.504426, 35.7914201 ], [ 140.5045991, 35.7909175 ], [ 140.504457, 35.7908848 ] ] ] ] } },
{ "type": "Feature", "properties": { "fid": 44, "field_id": 5614726, "location": "1-5", "field_seq": null, "field_no": "西田部字身洗戸1080-1", "farmer_cd": "k88", "farmer": "伊藤博和", "crop": null, "area": 10.7, "calc_area": 11.42, "remark": 5, "tiban": "1080-1" }, "geometry": { "type": "MultiPolygon", "coordinates": [ [ [ [ 140.5052502, 35.7911014 ], [ 140.5050991, 35.7915707 ], [ 140.5051416, 35.79158 ], [ 140.5051908, 35.7915804 ], [ 140.5052374, 35.7915902 ], [ 140.50533870000001, 35.7916154 ], [ 140.505372099999988, 35.7916195 ], [ 140.5053983, 35.7914984 ], [ 140.5054091, 35.7914273 ], [ 140.505424799999986, 35.791312 ], [ 140.5054313, 35.7912461 ], [ 140.505437699999987, 35.7911757 ], [ 140.5052502, 35.7911014 ] ] ] ] } },
{ "type": "Feature", "properties": { "fid": 45, "field_id": 5614808, "location": "1-5", "field_seq": null, "field_no": "西田部字身洗戸1083-1", "farmer_cd": "k88", "farmer": "伊藤博和", "crop": null, "area": 9.9, "calc_area": 14.34, "remark": 5, "tiban": "1083-1" }, "geometry": { "type": "MultiPolygon", "coordinates": [ [ [ [ 140.5045991, 35.7909175 ], [ 140.504426, 35.7914201 ], [ 140.5046921, 35.791481 ], [ 140.504860400000013, 35.7909779 ], [ 140.5048356, 35.7909721 ], [ 140.5045991, 35.7909175 ] ] ] ] } },
{ "type": "Feature", "properties": { "fid": 46, "field_id": 5614816, "location": "1-5", "field_seq": null, "field_no": "西田部字身洗戸1082-1", "farmer_cd": "k88", "farmer": "伊藤博和", "crop": null, "area": 10.0, "calc_area": 11.04, "remark": 5, "tiban": "1082-1" }, "geometry": { "type": "MultiPolygon", "coordinates": [ [ [ [ 140.504860400000013, 35.7909779 ], [ 140.5046921, 35.791481 ], [ 140.5047403, 35.7914921 ], [ 140.5048938, 35.7915257 ], [ 140.505065300000012, 35.7910282 ], [ 140.5050491, 35.7910218 ], [ 140.504860400000013, 35.7909779 ] ] ] ] } },
{ "type": "Feature", "properties": { "fid": 47, "field_id": 5615847, "location": "1-5", "field_seq": null, "field_no": "西田部字たり免1098-1", "farmer_cd": "k88", "farmer": "伊藤博和", "crop": null, "area": 12.7, "calc_area": 13.89, "remark": 5, "tiban": "1098-1" }, "geometry": { "type": "MultiPolygon", "coordinates": [ [ [ [ 140.5046238, 35.7909085 ], [ 140.5046839, 35.7909217 ], [ 140.5048536, 35.7909611 ], [ 140.504656899999986, 35.7902771 ], [ 140.5046503, 35.7902784 ], [ 140.504448599999989, 35.7903176 ], [ 140.5046238, 35.7909085 ] ] ] ] } },
{ "type": "Feature", "properties": { "fid": 48, "field_id": 5615873, "location": "1-5", "field_seq": null, "field_no": "西田部字たり免1100-1", "farmer_cd": "k88", "farmer": "伊藤博和", "crop": null, "area": 17.4, "calc_area": 17.01, "remark": 5, "tiban": "1100-1" }, "geometry": { "type": "MultiPolygon", "coordinates": [ [ [ [ 140.505306, 35.7910993 ], [ 140.505285, 35.7910211 ], [ 140.5052517, 35.7909059 ], [ 140.5052306, 35.7908491 ], [ 140.5052078, 35.7907524 ], [ 140.5051518, 35.7905562 ], [ 140.505046599999986, 35.7902007 ], [ 140.5050448, 35.7902021 ], [ 140.5048524, 35.7902363 ], [ 140.505027500000011, 35.7908267 ], [ 140.5050837, 35.7910145 ], [ 140.5050879, 35.7910155 ], [ 140.505306, 35.7910993 ] ] ] ] } },
{ "type": "Feature", "properties": { "fid": 49, "field_id": 5615941, "location": "1-5", "field_seq": null, "field_no": "西田部字たり免1096", "farmer_cd": "k88", "farmer": "伊藤博和", "crop": null, "area": 13.8, "calc_area": 14.36, "remark": 5, "tiban": "1096" }, "geometry": { "type": "MultiPolygon", "coordinates": [ [ [ [ 140.5044532, 35.790871 ], [ 140.5046238, 35.7909085 ], [ 140.504448599999989, 35.7903176 ], [ 140.504196900000011, 35.7903666 ], [ 140.504335200000014, 35.7908441 ], [ 140.5044532, 35.790871 ] ] ] ] } },
{ "type": "Feature", "properties": { "fid": 50, "field_id": 5615951, "location": "1-5", "field_seq": null, "field_no": "西田部字南2342", "farmer_cd": "k88", "farmer": "伊藤博和", "crop": null, "area": 9.4, "calc_area": 10.53, "remark": 5, "tiban": "2342" }, "geometry": { "type": "MultiPolygon", "coordinates": [ [ [ [ 140.5065443, 35.7906476 ], [ 140.5065046, 35.7906305 ], [ 140.506432, 35.7906127 ], [ 140.5063778, 35.7905969 ], [ 140.506320499999987, 35.7905881 ], [ 140.5062763, 35.7905867 ], [ 140.5062303, 35.7905993 ], [ 140.506138600000014, 35.7906605 ], [ 140.5061436, 35.7907903 ], [ 140.5061457, 35.7908832 ], [ 140.506236699999988, 35.7908848 ], [ 140.5063771, 35.7909007 ], [ 140.506467500000014, 35.7909152 ], [ 140.5065443, 35.7906476 ] ] ] ] } },
{ "type": "Feature", "properties": { "fid": 51, "field_id": 5615960, "location": "1-5", "field_seq": null, "field_no": "西田部字たり免1099-1", "farmer_cd": "k88", "farmer": "伊藤博和", "crop": null, "area": 14.7, "calc_area": 15.46, "remark": 5, "tiban": "1099-1" }, "geometry": { "type": "MultiPolygon", "coordinates": [ [ [ [ 140.5048524, 35.7902363 ], [ 140.504656899999986, 35.7902771 ], [ 140.5048536, 35.7909611 ], [ 140.5050837, 35.7910145 ], [ 140.505027500000011, 35.7908267 ], [ 140.5048524, 35.7902363 ] ] ] ] } },
{ "type": "Feature", "properties": { "fid": 52, "field_id": 5616010, "location": "1-3", "field_seq": null, "field_no": "西田部字京部田2468", "farmer_cd": "k88", "farmer": "伊藤博和", "crop": null, "area": 11.5, "calc_area": 12.08, "remark": 3, "tiban": "2468" }, "geometry": { "type": "MultiPolygon", "coordinates": [ [ [ [ 140.5129143, 35.8003628 ], [ 140.512835200000012, 35.8003674 ], [ 140.5127793, 35.8003665 ], [ 140.5126175, 35.8008316 ], [ 140.512707299999988, 35.8008542 ], [ 140.5128072, 35.8008667 ], [ 140.512963500000012, 35.8008639 ], [ 140.5129143, 35.8003628 ] ] ] ] } },
{ "type": "Feature", "properties": { "fid": 53, "field_id": 5616756, "location": "1-3", "field_seq": null, "field_no": "西田部字境町1320", "farmer_cd": "k88", "farmer": "伊藤博和", "crop": null, "area": 9.9, "calc_area": 9.9, "remark": 3, "tiban": "1320" }, "geometry": { "type": "MultiPolygon", "coordinates": [ [ [ [ 140.5049373, 35.7998294 ], [ 140.5051303, 35.7997945 ], [ 140.505021699999986, 35.7993152 ], [ 140.504820200000012, 35.7993446 ], [ 140.5049373, 35.7998294 ] ] ] ] } },
{ "type": "Feature", "properties": { "fid": 54, "field_id": 5616757, "location": "1-5", "field_seq": null, "field_no": "西田部字たり免1101-1", "farmer_cd": "k88", "farmer": "伊藤博和", "crop": null, "area": 6.4, "calc_area": 9.99, "remark": 5, "tiban": "1101-1" }, "geometry": { "type": "MultiPolygon", "coordinates": [ [ [ [ 140.5053103, 35.7910922 ], [ 140.5054558, 35.7911619 ], [ 140.5054155, 35.7905931 ], [ 140.505170099999987, 35.790623 ], [ 140.5053103, 35.7910922 ] ] ] ] } },
{ "type": "Feature", "properties": { "fid": 55, "field_id": 5616758, "location": "1-5", "field_seq": null, "field_no": "西田部字たり免1102-1", "farmer_cd": "k88", "farmer": "伊藤博和", "crop": null, "area": 9.7, "calc_area": 10.62, "remark": 5, "tiban": "1102-1" }, "geometry": { "type": "MultiPolygon", "coordinates": [ [ [ [ 140.5051736, 35.790623 ], [ 140.5054155, 35.7905917 ], [ 140.505277, 35.7901638 ], [ 140.5050439, 35.790195 ], [ 140.5051736, 35.790623 ] ] ] ] } },
{ "type": "Feature", "properties": { "fid": 56, "field_id": 5614081, "location": "1-3", "field_seq": null, "field_no": "西田部字境町1330", "farmer_cd": "k89", "farmer": "伊藤隆夫", "crop": null, "area": 10.0, "calc_area": 10.57, "remark": 3, "tiban": "1330" }, "geometry": { "type": "MultiPolygon", "coordinates": [ [ [ [ 140.5037893, 35.7994947 ], [ 140.503987599999988, 35.7994621 ], [ 140.503864600000014, 35.7989566 ], [ 140.5036622, 35.7989891 ], [ 140.5037893, 35.7994947 ] ] ] ] } },
{ "type": "Feature", "properties": { "fid": 57, "field_id": 5614093, "location": "1-3", "field_seq": null, "field_no": "西田部字境町1329", "farmer_cd": "k89", "farmer": "伊藤隆夫", "crop": null, "area": 9.9, "calc_area": 11.13, "remark": 3, "tiban": "1329" }, "geometry": { "type": "MultiPolygon", "coordinates": [ [ [ [ 140.503864600000014, 35.7989566 ], [ 140.503987599999988, 35.7994621 ], [ 140.5041963, 35.7994279 ], [ 140.5040784, 35.7989222 ], [ 140.503864600000014, 35.7989566 ] ] ] ] } },
{ "type": "Feature", "properties": { "fid": 58, "field_id": 5614221, "location": "1-3", "field_seq": null, "field_no": "西田部字浅間2371-1", "farmer_cd": "k89", "farmer": "伊藤隆夫", "crop": null, "area": 6.8, "calc_area": 9.36, "remark": 3, "tiban": "2371-1" }, "geometry": { "type": "MultiPolygon", "coordinates": [ [ [ [ 140.5060488, 35.7985913 ], [ 140.506137700000011, 35.7989766 ], [ 140.50616930000001, 35.7991161 ], [ 140.5061997, 35.7992661 ], [ 140.5063547, 35.7992719 ], [ 140.5061661, 35.7985738 ], [ 140.5060488, 35.7985913 ] ] ] ] } },
{ "type": "Feature", "properties": { "fid": 59, "field_id": 5614631, "location": "1-5", "field_seq": null, "field_no": "西田部字身洗戸1046-1", "farmer_cd": "k89", "farmer": "伊藤隆夫", "crop": null, "area": 9.8, "calc_area": 10.16, "remark": 5, "tiban": "1046-1" }, "geometry": { "type": "MultiPolygon", "coordinates": [ [ [ [ 140.504312, 35.7919404 ], [ 140.504481, 35.7914601 ], [ 140.5042866, 35.7914148 ], [ 140.5042675, 35.7914727 ], [ 140.5041152, 35.7918975 ], [ 140.504312, 35.7919404 ] ] ] ] } },
{ "type": "Feature", "properties": { "fid": 60, "field_id": 5615820, "location": "1-5", "field_seq": null, "field_no": "西田部字天堤1002-1", "farmer_cd": "k89", "farmer": "伊藤隆夫", "crop": null, "area": 21.0, "calc_area": 21.01, "remark": null, "tiban": "1002-1" }, "geometry": { "type": "MultiPolygon", "coordinates": [ [ [ [ 140.505673382, 35.791231217 ], [ 140.505854414999988, 35.791322558 ], [ 140.505977535, 35.791235992 ], [ 140.506018447, 35.791192109 ], [ 140.50605471, 35.791117478 ], [ 140.50606722500001, 35.791039117 ], [ 140.506074777, 35.790893083 ], [ 140.506065455, 35.790724959 ], [ 140.506059064999988, 35.790696369 ], [ 140.506034892, 35.790642115 ], [ 140.505987199, 35.790610894 ], [ 140.505923725, 35.790583339 ], [ 140.505830334, 35.79054951 ], [ 140.505780632000011, 35.79079312 ], [ 140.505740323999987, 35.790971228 ], [ 140.505673382, 35.791231217 ] ] ] ] } },
{ "type": "Feature", "properties": { "fid": 61, "field_id": 5615846, "location": "1-5", "field_seq": null, "field_no": "西田部字南2344", "farmer_cd": "k89", "farmer": "伊藤隆夫", "crop": null, "area": 12.4, "calc_area": 13.29, "remark": 5, "tiban": "2344" }, "geometry": { "type": "MultiPolygon", "coordinates": [ [ [ [ 140.507428299999987, 35.7910567 ], [ 140.507430199999988, 35.7910438 ], [ 140.507569100000012, 35.7906034 ], [ 140.507534099999987, 35.7905983 ], [ 140.5074947, 35.7905958 ], [ 140.507462299999986, 35.7905943 ], [ 140.50742, 35.7905934 ], [ 140.507324, 35.7906019 ], [ 140.507255500000014, 35.7906125 ], [ 140.507174099999986, 35.7909378 ], [ 140.5071499, 35.791034 ], [ 140.507428299999987, 35.7910567 ] ] ] ] } },
{ "type": "Feature", "properties": { "fid": 62, "field_id": 5615977, "location": "1-3", "field_seq": null, "field_no": "西田部字京部田2449", "farmer_cd": "k89", "farmer": "伊藤隆夫", "crop": null, "area": 17.3, "calc_area": 20.81, "remark": 3, "tiban": "2449" }, "geometry": { "type": "MultiPolygon", "coordinates": [ [ [ [ 140.5108864, 35.7985312 ], [ 140.5108644, 35.7984909 ], [ 140.5108531, 35.798391 ], [ 140.5108567, 35.7983378 ], [ 140.5102746, 35.79834 ], [ 140.5102925, 35.7984015 ], [ 140.5102956, 35.7984581 ], [ 140.5102865, 35.7985148 ], [ 140.510273, 35.7985602 ], [ 140.5102733, 35.7985984 ], [ 140.5102819, 35.7986288 ], [ 140.510318399999989, 35.7986975 ], [ 140.51035, 35.7987379 ], [ 140.510394, 35.7987819 ], [ 140.510436700000014, 35.7988183 ], [ 140.5108864, 35.7985312 ] ] ] ] } },
{ "type": "Feature", "properties": { "fid": 63, "field_id": 5615978, "location": "1-3", "field_seq": null, "field_no": "西田部字京部田2450", "farmer_cd": "k89", "farmer": "伊藤隆夫", "crop": null, "area": 10.0, "calc_area": 11.86, "remark": 3, "tiban": "2450" }, "geometry": { "type": "MultiPolygon", "coordinates": [ [ [ [ 140.511051, 35.7986918 ], [ 140.510941300000013, 35.7985999 ], [ 140.5109004, 35.7985567 ], [ 140.5108864, 35.7985312 ], [ 140.510436700000014, 35.7988183 ], [ 140.510472099999987, 35.7988485 ], [ 140.5105237, 35.7988924 ], [ 140.51056890000001, 35.7989371 ], [ 140.5106029, 35.7989838 ], [ 140.511051, 35.7986918 ] ] ] ] } },
{ "type": "Feature", "properties": { "fid": 64, "field_id": 5616001, "location": "1-3", "field_seq": null, "field_no": "西田部字京部田2448", "farmer_cd": "k89", "farmer": "伊藤隆夫", "crop": null, "area": 27.1, "calc_area": 29.4, "remark": 3, "tiban": "2448" }, "geometry": { "type": "MultiPolygon", "coordinates": [ [ [ [ 140.5108567, 35.7983378 ], [ 140.5108582, 35.7983145 ], [ 140.5108938, 35.7980711 ], [ 140.510919, 35.79801 ], [ 140.5109967, 35.7978887 ], [ 140.5109884, 35.7978718 ], [ 140.5104632, 35.7977589 ], [ 140.5103708, 35.7980491 ], [ 140.5103498, 35.7981026 ], [ 140.510302, 35.7982033 ], [ 140.5102896, 35.7982355 ], [ 140.5102794, 35.7982648 ], [ 140.5102722, 35.7983054 ], [ 140.5102746, 35.79834 ], [ 140.5108567, 35.7983378 ] ] ] ] } },
{ "type": "Feature", "properties": { "fid": 65, "field_id": 5616002, "location": "1-3", "field_seq": null, "field_no": "西田部字京部田2451", "farmer_cd": "k89", "farmer": "伊藤隆夫", "crop": null, "area": 12.7, "calc_area": 15.22, "remark": 3, "tiban": "2451" }, "geometry": { "type": "MultiPolygon", "coordinates": [ [ [ [ 140.5112632, 35.7988607 ], [ 140.511222800000013, 35.798832 ], [ 140.511051, 35.7986918 ], [ 140.5106029, 35.7989838 ], [ 140.5106669, 35.7990929 ], [ 140.5106921, 35.7991263 ], [ 140.5107099, 35.7991446 ], [ 140.5107449, 35.799172 ], [ 140.510766100000012, 35.7991844 ], [ 140.510779899999989, 35.7991908 ], [ 140.5112632, 35.7988607 ] ] ] ] } },
{ "type": "Feature", "properties": { "fid": 66, "field_id": 5616003, "location": "1-3", "field_seq": null, "field_no": "西田部字京部田2452", "farmer_cd": "k89", "farmer": "伊藤隆夫", "crop": null, "area": 10.2, "calc_area": 11.61, "remark": 3, "tiban": "2452" }, "geometry": { "type": "MultiPolygon", "coordinates": [ [ [ [ 140.511407100000014, 35.7990248 ], [ 140.511337200000014, 35.7989283 ], [ 140.511297399999989, 35.7988851 ], [ 140.5112632, 35.7988607 ], [ 140.510779899999989, 35.7991908 ], [ 140.5107975, 35.7991991 ], [ 140.510838799999988, 35.7992161 ], [ 140.5109014, 35.7992383 ], [ 140.510932200000013, 35.7992513 ], [ 140.5109646, 35.7992717 ], [ 140.5109975, 35.7993017 ], [ 140.511407100000014, 35.7990248 ] ] ] ] } },
{ "type": "Feature", "properties": { "fid": 67, "field_id": 5616004, "location": "1-3", "field_seq": null, "field_no": "西田部字京部田2453", "farmer_cd": "k89", "farmer": "伊藤隆夫", "crop": null, "area": 11.9, "calc_area": 13.52, "remark": 3, "tiban": "2453" }, "geometry": { "type": "MultiPolygon", "coordinates": [ [ [ [ 140.511407100000014, 35.7990248 ], [ 140.5109975, 35.7993017 ], [ 140.5110157, 35.7993225 ], [ 140.5110416, 35.7993595 ], [ 140.511070100000012, 35.799414 ], [ 140.51112280000001, 35.7995281 ], [ 140.5111307, 35.7995329 ], [ 140.51159340000001, 35.7992227 ], [ 140.511563700000011, 35.7992151 ], [ 140.5115332, 35.7991947 ], [ 140.5114999, 35.7991614 ], [ 140.5114572, 35.7991057 ], [ 140.511407100000014, 35.7990248 ] ] ] ] } },
{ "type": "Feature", "properties": { "fid": 68, "field_id": 5616005, "location": "1-3", "field_seq": null, "field_no": "西田部字京部田2454-1", "farmer_cd": "k89", "farmer": "伊藤隆夫", "crop": null, "area": 5.6, "calc_area": 6.15, "remark": 3, "tiban": "2454-1" }, "geometry": { "type": "MultiPolygon", "coordinates": [ [ [ [ 140.5116394, 35.7993192 ], [ 140.511663199999987, 35.7993012 ], [ 140.5116878, 35.7992793 ], [ 140.511635, 35.7992457 ], [ 140.51159340000001, 35.7992227 ], [ 140.5111268, 35.7995361 ], [ 140.5111416, 35.7995633 ], [ 140.511155699999989, 35.7995817 ], [ 140.5111887, 35.7996172 ], [ 140.5112157, 35.7996011 ], [ 140.5116394, 35.7993192 ] ] ] ] } },
{ "type": "Feature", "properties": { "fid": 69, "field_id": 5616006, "location": "1-3", "field_seq": null, "field_no": "西田部字京部田2455-2", "farmer_cd": "k89", "farmer": "伊藤隆夫", "crop": null, "area": 12.3, "calc_area": 15.14, "remark": 3, "tiban": "2455-2" }, "geometry": { "type": "MultiPolygon", "coordinates": [ [ [ [ 140.5118832, 35.7996048 ], [ 140.511831, 35.7995343 ], [ 140.5117884, 35.7994719 ], [ 140.5117535, 35.79941 ], [ 140.5117324, 35.7993593 ], [ 140.511258700000013, 35.7996808 ], [ 140.5113754, 35.7997913 ], [ 140.5114412, 35.7998538 ], [ 140.5114691, 35.7998813 ], [ 140.5118832, 35.7996048 ] ] ] ] } },
{ "type": "Feature", "properties": { "fid": 70, "field_id": 5616007, "location": "1-3", "field_seq": null, "field_no": "西田部字京部田2456", "farmer_cd": "k89", "farmer": "伊藤隆夫", "crop": null, "area": 11.6, "calc_area": 13.34, "remark": 3, "tiban": "2456" }, "geometry": { "type": "MultiPolygon", "coordinates": [ [ [ [ 140.5116212, 35.8001011 ], [ 140.5120636, 35.7998184 ], [ 140.5118832, 35.7996048 ], [ 140.5114691, 35.7998813 ], [ 140.511552099999989, 35.7999524 ], [ 140.511602900000014, 35.8000039 ], [ 140.51162260000001, 35.800047 ], [ 140.5116212, 35.8001011 ] ] ] ] } },
{ "type": "Feature", "properties": { "fid": 71, "field_id": 5616751, "location": "1-3", "field_seq": null, "field_no": "西田部字浅間2371-2", "farmer_cd": "k89", "farmer": "伊藤隆夫", "crop": null, "area": 11.9, "calc_area": 9.08, "remark": 3, "tiban": "2371-2" }, "geometry": { "type": "MultiPolygon", "coordinates": [ [ [ [ 140.5059096, 35.7986198 ], [ 140.506068699999986, 35.7992642 ], [ 140.50620090000001, 35.7992642 ], [ 140.506047599999988, 35.798596 ], [ 140.5059096, 35.7986198 ] ] ] ] } },
{ "type": "Feature", "properties": { "fid": 72, "field_id": 5616752, "location": "1-3", "field_seq": null, "field_no": "西田部字京部田2454-2", "farmer_cd": "k89", "farmer": "伊藤隆夫", "crop": null, "area": 2.0, "calc_area": 2.42, "remark": 3, "tiban": "2454-2" }, "geometry": { "type": "MultiPolygon", "coordinates": [ [ [ [ 140.5116902, 35.7992812 ], [ 140.51118790000001, 35.7996172 ], [ 140.5112212, 35.7996468 ], [ 140.511716400000012, 35.7993083 ], [ 140.5116902, 35.7992812 ] ] ] ] } },
{ "type": "Feature", "properties": { "fid": 73, "field_id": 5616753, "location": "1-3", "field_seq": null, "field_no": "西田部字京部田2454-3", "farmer_cd": "k89", "farmer": "伊藤隆夫", "crop": null, "area": 2.4, "calc_area": 1.94, "remark": 3, "tiban": "2454-3" }, "geometry": { "type": "MultiPolygon", "coordinates": [ [ [ [ 140.5117172, 35.7993096 ], [ 140.511220400000013, 35.7996481 ], [ 140.511245, 35.7996687 ], [ 140.5117267, 35.799345 ], [ 140.5117172, 35.7993096 ] ] ] ] } },
{ "type": "Feature", "properties": { "fid": 74, "field_id": 5616754, "location": "1-3", "field_seq": null, "field_no": "西田部字京部田2455-1", "farmer_cd": "k89", "farmer": "伊藤隆夫", "crop": null, "area": 0.6, "calc_area": 0.99, "remark": 3, "tiban": "2455-1" }, "geometry": { "type": "MultiPolygon", "coordinates": [ [ [ [ 140.5117251, 35.7993469 ], [ 140.5112442, 35.7996681 ], [ 140.5112569, 35.799679 ], [ 140.5117338, 35.799363 ], [ 140.5117251, 35.7993469 ] ] ] ] } },
{ "type": "Feature", "properties": { "fid": 75, "field_id": 5616755, "location": "1-5", "field_seq": null, "field_no": "西田部字身洗戸1045-3", "farmer_cd": "k89", "farmer": "伊藤隆夫", "crop": null, "area": 2.1, "calc_area": 2.65, "remark": 5, "tiban": "1045-3" }, "geometry": { "type": "MultiPolygon", "coordinates": [ [ [ [ 140.504231, 35.7914083 ], [ 140.504067600000013, 35.7918898 ], [ 140.5041152, 35.7919014 ], [ 140.504285, 35.7914212 ], [ 140.504231, 35.7914083 ] ] ] ] } },
{ "type": "Feature", "properties": { "fid": 76, "field_id": 5615710, "location": "1-4", "field_seq": null, "field_no": "沢字スネヤ3078", "farmer_cd": "k105", "farmer": "井口光明", "crop": null, "area": 18.0, "calc_area": 19.66, "remark": 4, "tiban": "3078" }, "geometry": { "type": "MultiPolygon", "coordinates": [ [ [ [ 140.456479, 35.8080481 ], [ 140.4567461, 35.8079319 ], [ 140.4567762, 35.8079209 ], [ 140.4564819, 35.8074462 ], [ 140.4563887, 35.8074508 ], [ 140.4563152, 35.8074541 ], [ 140.4562832, 35.8074606 ], [ 140.4562412, 35.8075069 ], [ 140.456224, 35.8075177 ], [ 140.456173299999989, 35.8075407 ], [ 140.4561506, 35.8075535 ], [ 140.456479, 35.8080481 ] ] ] ] } },
{ "type": "Feature", "properties": { "fid": 77, "field_id": 5616547, "location": "1-5", "field_seq": null, "field_no": "苅毛字和田下1264", "farmer_cd": "k156", "farmer": "宇井　弘", "crop": null, "area": 9.8, "calc_area": 11.16, "remark": 5, "tiban": "1264" }, "geometry": { "type": "MultiPolygon", "coordinates": [ [ [ [ 140.492957600000011, 35.8012074 ], [ 140.4934556, 35.801481 ], [ 140.4935805, 35.8013205 ], [ 140.493061399999988, 35.8010521 ], [ 140.492957600000011, 35.8012074 ] ] ] ] } },
{ "type": "Feature", "properties": { "fid": 78, "field_id": 5614195, "location": "1-5", "field_seq": null, "field_no": "苅毛字庄田1189", "farmer_cd": "k141", "farmer": "宇井一夫", "crop": null, "area": 9.5, "calc_area": 9.47, "remark": 5, "tiban": "1189" }, "geometry": { "type": "MultiPolygon", "coordinates": [ [ [ [ 140.4999043, 35.798963 ], [ 140.499948499999988, 35.7988579 ], [ 140.4998545, 35.7987747 ], [ 140.4995528, 35.7990072 ], [ 140.4994064, 35.7991157 ], [ 140.4995231, 35.7992177 ], [ 140.499534399999987, 35.7992274 ], [ 140.4999043, 35.798963 ] ] ] ] } },
{ "type": "Feature", "properties": { "fid": 79, "field_id": 5614225, "location": "1-5", "field_seq": null, "field_no": "苅毛字庄田1198", "farmer_cd": "k141", "farmer": "宇井一夫", "crop": null, "area": 9.8, "calc_area": 12.32, "remark": 5, "tiban": "1198" }, "geometry": { "type": "MultiPolygon", "coordinates": [ [ [ [ 140.4980993, 35.7995257 ], [ 140.4981851, 35.7995987 ], [ 140.4982202, 35.799568 ], [ 140.4982599, 35.7995419 ], [ 140.498417100000012, 35.7994313 ], [ 140.4986064, 35.7992793 ], [ 140.4986405, 35.7992547 ], [ 140.498486500000013, 35.7991093 ], [ 140.4981971, 35.7993242 ], [ 140.4980201, 35.7994545 ], [ 140.4980717, 35.7995023 ], [ 140.4980993, 35.7995257 ] ] ] ] } },
{ "type": "Feature", "properties": { "fid": 80, "field_id": 5614230, "location": "1-5", "field_seq": null, "field_no": "苅毛字庄田1163-1", "farmer_cd": "k141", "farmer": "宇井一夫", "crop": null, "area": 8.4, "calc_area": 10.6, "remark": 5, "tiban": "1163-1" }, "geometry": { "type": "MultiPolygon", "coordinates": [ [ [ [ 140.5013162, 35.7972934 ], [ 140.5018964, 35.7974542 ], [ 140.501914199999987, 35.7974217 ], [ 140.501968299999987, 35.7972984 ], [ 140.501364599999988, 35.7971235 ], [ 140.501370799999989, 35.797146 ], [ 140.5013162, 35.7972934 ] ] ] ] } },
{ "type": "Feature", "properties": { "fid": 81, "field_id": 5614248, "location": "1-5", "field_seq": null, "field_no": "苅毛字庄田1187", "farmer_cd": "k141", "farmer": "宇井一夫", "crop": null, "area": 9.9, "calc_area": 12.13, "remark": 5, "tiban": "1187" }, "geometry": { "type": "MultiPolygon", "coordinates": [ [ [ [ 140.4991234, 35.7988666 ], [ 140.4992794, 35.7990047 ], [ 140.4993354, 35.7989645 ], [ 140.499473599999988, 35.7988631 ], [ 140.4997481, 35.7986681 ], [ 140.4995683, 35.7985216 ], [ 140.499262499999986, 35.7987623 ], [ 140.4991234, 35.7988666 ] ] ] ] } },
{ "type": "Feature", "properties": { "fid": 82, "field_id": 5614254, "location": "1-5", "field_seq": null, "field_no": "苅毛字庄田1172", "farmer_cd": "k141", "farmer": "宇井一夫", "crop": null, "area": 9.9, "calc_area": 10.16, "remark": 5, "tiban": "1172" }, "geometry": { "type": "MultiPolygon", "coordinates": [ [ [ [ 140.500164899999987, 35.7984133 ], [ 140.500743300000011, 35.7985793 ], [ 140.500812200000013, 35.7984228 ], [ 140.5002299, 35.7982587 ], [ 140.5002036, 35.7983206 ], [ 140.500164899999987, 35.7984133 ] ] ] ] } },
{ "type": "Feature", "properties": { "fid": 83, "field_id": 5614281, "location": "1-5", "field_seq": null, "field_no": "苅毛字庄田1166", "farmer_cd": "k141", "farmer": "宇井一夫", "crop": null, "area": 9.8, "calc_area": 10.57, "remark": 5, "tiban": "1166" }, "geometry": { "type": "MultiPolygon", "coordinates": [ [ [ [ 140.5005712, 35.7974615 ], [ 140.501156400000013, 35.7976275 ], [ 140.5012279, 35.7974659 ], [ 140.500828899999988, 35.7973554 ], [ 140.5006942, 35.7973172 ], [ 140.5006656, 35.7973115 ], [ 140.5006498, 35.7973091 ], [ 140.5006411, 35.7973091 ], [ 140.5006333, 35.7973167 ], [ 140.5005818, 35.797438 ], [ 140.5005712, 35.7974615 ] ] ] ] } },
{ "type": "Feature", "properties": { "fid": 84, "field_id": 5614314, "location": "1-5", "field_seq": null, "field_no": "苅毛字庄田1170", "farmer_cd": "k141", "farmer": "宇井一夫", "crop": null, "area": 9.9, "calc_area": 11.67, "remark": 5, "tiban": "1170" }, "geometry": { "type": "MultiPolygon", "coordinates": [ [ [ [ 140.500277899999986, 35.7981221 ], [ 140.5008705, 35.7982696 ], [ 140.5008781, 35.7982788 ], [ 140.5009504, 35.7981051 ], [ 140.5003653, 35.797938 ], [ 140.5003346, 35.7980115 ], [ 140.500277899999986, 35.7981221 ] ] ] ] } },
{ "type": "Feature", "properties": { "fid": 85, "field_id": 5614315, "location": "1-5", "field_seq": null, "field_no": "苅毛字庄田1200", "farmer_cd": "k141", "farmer": "宇井一夫", "crop": null, "area": 9.9, "calc_area": 10.17, "remark": 5, "tiban": "1200" }, "geometry": { "type": "MultiPolygon", "coordinates": [ [ [ [ 140.4984465, 35.7998236 ], [ 140.49856650000001, 35.7997331 ], [ 140.498741599999988, 35.7996008 ], [ 140.4988961, 35.7994816 ], [ 140.4987673, 35.7993626 ], [ 140.498473499999989, 35.7995784 ], [ 140.498304499999989, 35.7997022 ], [ 140.498428600000011, 35.7998096 ], [ 140.4984465, 35.7998236 ] ] ] ] } },
{ "type": "Feature", "properties": { "fid": 86, "field_id": 5616722, "location": "1-5", "field_seq": null, "field_no": "苅毛字庄田1171", "farmer_cd": "k141", "farmer": "宇井一夫", "crop": null, "area": 10.0, "calc_area": 9.54, "remark": 5, "tiban": "1171" }, "geometry": { "type": "MultiPolygon", "coordinates": [ [ [ [ 140.5002854, 35.7981221 ], [ 140.500228600000014, 35.7982573 ], [ 140.5008137, 35.7984262 ], [ 140.5008781, 35.7982711 ], [ 140.5002854, 35.7981221 ] ] ] ] } },
{ "type": "Feature", "properties": { "fid": 87, "field_id": 5616723, "location": "1-5", "field_seq": null, "field_no": "苅毛字庄田1188", "farmer_cd": "k141", "farmer": "宇井一夫", "crop": null, "area": 9.8, "calc_area": 8.86, "remark": 5, "tiban": "1188" }, "geometry": { "type": "MultiPolygon", "coordinates": [ [ [ [ 140.4992823, 35.7990014 ], [ 140.4994073, 35.7991135 ], [ 140.499852299999986, 35.7987695 ], [ 140.4997443, 35.7986666 ], [ 140.4992823, 35.7990014 ] ] ] ] } },
{ "type": "Feature", "properties": { "fid": 88, "field_id": 5616724, "location": "1-5", "field_seq": null, "field_no": "苅毛字庄田1199", "farmer_cd": "k141", "farmer": "宇井一夫", "crop": null, "area": 9.9, "calc_area": 8.8, "remark": 5, "tiban": "1199" }, "geometry": { "type": "MultiPolygon", "coordinates": [ [ [ [ 140.4981936, 35.7996003 ], [ 140.4983035, 35.799697 ], [ 140.4987711, 35.7993592 ], [ 140.4986424, 35.7992517 ], [ 140.4981936, 35.7996003 ] ] ] ] } },
{ "type": "Feature", "properties": { "fid": 89, "field_id": 5615636, "location": "1-4", "field_seq": null, "field_no": "沢字事尾田3009-1", "farmer_cd": "k96", "farmer": "鵜澤幹司", "crop": null, "area": 7.8, "calc_area": 8.39, "remark": 4, "tiban": "3009-1" }, "geometry": { "type": "MultiPolygon", "coordinates": [ [ [ [ 140.472442, 35.8097865 ], [ 140.4723894, 35.8098335 ], [ 140.4723367, 35.8098591 ], [ 140.4723607, 35.8098926 ], [ 140.472417900000011, 35.8099609 ], [ 140.472461399999986, 35.8100009 ], [ 140.4725914, 35.8098711 ], [ 140.4728349, 35.8096319 ], [ 140.4728179, 35.8096202 ], [ 140.4727205, 35.8095476 ], [ 140.47265010000001, 35.8096072 ], [ 140.4725895, 35.8096456 ], [ 140.4725368, 35.8096883 ], [ 140.472486800000013, 35.8097267 ], [ 140.472442, 35.8097865 ] ] ] ] } },
{ "type": "Feature", "properties": { "fid": 90, "field_id": 5615654, "location": "1-4", "field_seq": null, "field_no": "沢字天神2950", "farmer_cd": "k96", "farmer": "鵜澤幹司", "crop": null, "area": 15.5, "calc_area": 15.37, "remark": 4, "tiban": "2950" }, "geometry": { "type": "MultiPolygon", "coordinates": [ [ [ [ 140.4767453, 35.8109119 ], [ 140.477158, 35.8109838 ], [ 140.477185, 35.8109857 ], [ 140.477210500000012, 35.8108982 ], [ 140.4772747, 35.8108072 ], [ 140.477352700000012, 35.8107226 ], [ 140.476742800000011, 35.8106049 ], [ 140.4767453, 35.8109119 ] ] ] ] } },
{ "type": "Feature", "properties": { "fid": 91, "field_id": 5615655, "location": "1-4", "field_seq": null, "field_no": "沢字天神2942", "farmer_cd": "k96", "farmer": "鵜澤幹司", "crop": null, "area": 14.1, "calc_area": 19.98, "remark": 4, "tiban": "2942" }, "geometry": { "type": "MultiPolygon", "coordinates": [ [ [ [ 140.4780474, 35.809405 ], [ 140.4781802, 35.8091479 ], [ 140.4775573, 35.809032 ], [ 140.4775479, 35.8090468 ], [ 140.477440699999988, 35.809213 ], [ 140.4774041, 35.8092725 ], [ 140.4773858, 35.8093326 ], [ 140.477587, 35.8093613 ], [ 140.4777642, 35.8093825 ], [ 140.4779498, 35.8093975 ], [ 140.4780474, 35.809405 ] ] ] ] } },
{ "type": "Feature", "properties": { "fid": 92, "field_id": 5615656, "location": "1-4", "field_seq": null, "field_no": "沢字事尾田3000", "farmer_cd": "k96", "farmer": "鵜澤幹司", "crop": null, "area": 11.5, "calc_area": 12.52, "remark": 4, "tiban": "3000" }, "geometry": { "type": "MultiPolygon", "coordinates": [ [ [ [ 140.473459600000012, 35.8105566 ], [ 140.4735523, 35.810578 ], [ 140.4736498, 35.8106016 ], [ 140.4736758, 35.8106031 ], [ 140.473875099999987, 35.810289 ], [ 140.474042700000012, 35.8100197 ], [ 140.473829200000011, 35.8100789 ], [ 140.4737738, 35.8100935 ], [ 140.473754899999989, 35.8101062 ], [ 140.4737386, 35.8101311 ], [ 140.473694200000011, 35.8102031 ], [ 140.4735471, 35.8104251 ], [ 140.473459600000012, 35.8105566 ] ] ] ] } },
{ "type": "Feature", "properties": { "fid": 93, "field_id": 5615661, "location": "1-4", "field_seq": null, "field_no": "沢字事尾田3012", "farmer_cd": "k96", "farmer": "鵜澤幹司", "crop": null, "area": 14.1, "calc_area": 15.03, "remark": 4, "tiban": "3012" }, "geometry": { "type": "MultiPolygon", "coordinates": [ [ [ [ 140.4720584, 35.8091997 ], [ 140.4717096, 35.8095439 ], [ 140.4718064, 35.8096611 ], [ 140.4718301, 35.8096745 ], [ 140.4718511, 35.809677 ], [ 140.471986500000014, 35.8096413 ], [ 140.4720681, 35.8095773 ], [ 140.472118200000011, 35.8095346 ], [ 140.472186599999986, 35.8094598 ], [ 140.4722261, 35.809432 ], [ 140.472265599999986, 35.8093893 ], [ 140.472297200000014, 35.8093466 ], [ 140.472344600000014, 35.8092997 ], [ 140.47236620000001, 35.8092866 ], [ 140.4722975, 35.8092718 ], [ 140.472174099999989, 35.8092424 ], [ 140.4720982, 35.8092185 ], [ 140.4720584, 35.8091997 ] ] ] ] } },
{ "type": "Feature", "properties": { "fid": 94, "field_id": 5615671, "location": "1-4", "field_seq": null, "field_no": "沢字タキ2924", "farmer_cd": "k96", "farmer": "鵜澤幹司", "crop": null, "area": 19.0, "calc_area": 21.22, "remark": 4, "tiban": "2924" }, "geometry": { "type": "MultiPolygon", "coordinates": [ [ [ [ 140.47909, 35.8062391 ], [ 140.4799117, 35.8065426 ], [ 140.4799999, 35.8065009 ], [ 140.480067, 35.8064739 ], [ 140.48012940000001, 35.8064434 ], [ 140.4801999, 35.8063922 ], [ 140.4793276, 35.806081 ], [ 140.4792718, 35.8061309 ], [ 140.47922, 35.806164 ], [ 140.4791753, 35.806194 ], [ 140.4791263, 35.8062183 ], [ 140.47909, 35.8062391 ] ] ] ] } },
{ "type": "Feature", "properties": { "fid": 95, "field_id": 5615690, "location": "1-4", "field_seq": null, "field_no": "沢字スネヤ3069-1", "farmer_cd": "k96", "farmer": "鵜澤幹司", "crop": null, "area": 18.0, "calc_area": 18.12, "remark": 4, "tiban": "3069-1" }, "geometry": { "type": "MultiPolygon", "coordinates": [ [ [ [ 140.4577366, 35.8065182 ], [ 140.458003, 35.8066405 ], [ 140.4581268, 35.8066928 ], [ 140.4582269, 35.8067218 ], [ 140.4582869, 35.8066666 ], [ 140.458328099999989, 35.8066231 ], [ 140.4583783, 35.806555 ], [ 140.4583912, 35.8065375 ], [ 140.457857499999989, 35.8062348 ], [ 140.4578291, 35.8062575 ], [ 140.457762800000012, 35.8063065 ], [ 140.4577339, 35.8063372 ], [ 140.457672, 35.806427 ], [ 140.4576559, 35.806479 ], [ 140.4577366, 35.8065182 ] ] ] ] } },
{ "type": "Feature", "properties": { "fid": 96, "field_id": 5615692, "location": "1-4", "field_seq": null, "field_no": "沢字スネヤ3077", "farmer_cd": "k96", "farmer": "鵜澤幹司", "crop": null, "area": 20.5, "calc_area": 23.52, "remark": 4, "tiban": "3077" }, "geometry": { "type": "MultiPolygon", "coordinates": [ [ [ [ 140.4567762, 35.8079209 ], [ 140.456837, 35.8078986 ], [ 140.4569152, 35.8078695 ], [ 140.4569836, 35.807853 ], [ 140.457034, 35.8078457 ], [ 140.4571042, 35.807845 ], [ 140.457144199999988, 35.8078513 ], [ 140.457217899999989, 35.8078713 ], [ 140.4572315, 35.8078708 ], [ 140.4572475, 35.8078665 ], [ 140.4568994, 35.8073197 ], [ 140.4568439, 35.8073522 ], [ 140.456803799999989, 35.8073714 ], [ 140.456751700000012, 35.8073935 ], [ 140.4567006, 35.8074133 ], [ 140.456622, 35.8074336 ], [ 140.4565943, 35.8074383 ], [ 140.4565124, 35.8074447 ], [ 140.4564819, 35.8074462 ], [ 140.4567762, 35.8079209 ] ] ] ] } },
{ "type": "Feature", "properties": { "fid": 97, "field_id": 5615693, "location": "1-4", "field_seq": null, "field_no": "沢字スネヤ3079", "farmer_cd": "k96", "farmer": "鵜澤幹司", "crop": null, "area": 19.8, "calc_area": 21.35, "remark": 4, "tiban": "3079" }, "geometry": { "type": "MultiPolygon", "coordinates": [ [ [ [ 140.456144200000011, 35.8081814 ], [ 140.4563087, 35.8081255 ], [ 140.456479, 35.8080481 ], [ 140.4561506, 35.8075535 ], [ 140.4561434, 35.8075575 ], [ 140.456064, 35.8076 ], [ 140.456032, 35.8076123 ], [ 140.4560179, 35.8076169 ], [ 140.455959299999989, 35.8076239 ], [ 140.4559025, 35.8076321 ], [ 140.4558704, 35.8076424 ], [ 140.455828200000013, 35.8076567 ], [ 140.4558046, 35.8076709 ], [ 140.4558882, 35.8077973 ], [ 140.456144200000011, 35.8081814 ] ] ] ] } },
{ "type": "Feature", "properties": { "fid": 98, "field_id": 5615694, "location": "1-4", "field_seq": null, "field_no": "沢字スネヤ3081", "farmer_cd": "k96", "farmer": "鵜澤幹司", "crop": null, "area": 16.4, "calc_area": 17.37, "remark": 4, "tiban": "3081" }, "geometry": { "type": "MultiPolygon", "coordinates": [ [ [ [ 140.4555784, 35.8085873 ], [ 140.4555873, 35.8085752 ], [ 140.4556561, 35.8084727 ], [ 140.4556968, 35.8084259 ], [ 140.4557529, 35.8083767 ], [ 140.45580480000001, 35.8083321 ], [ 140.4556609, 35.8081656 ], [ 140.455512199999987, 35.8079909 ], [ 140.4554847, 35.8080119 ], [ 140.455431800000014, 35.8080584 ], [ 140.4553837, 35.8081012 ], [ 140.4553357, 35.8081487 ], [ 140.455289599999986, 35.8082021 ], [ 140.45525330000001, 35.8082471 ], [ 140.4552215, 35.8082915 ], [ 140.4555784, 35.8085873 ] ] ] ] } },
{ "type": "Feature", "properties": { "fid": 99, "field_id": 5615699, "location": "1-4", "field_seq": null, "field_no": "沢字女郎谷3099", "farmer_cd": "k96", "farmer": "鵜澤幹司", "crop": null, "area": 15.7, "calc_area": 15.95, "remark": 4, "tiban": "3099" }, "geometry": { "type": "MultiPolygon", "coordinates": [ [ [ [ 140.4582254, 35.8086946 ], [ 140.4581737, 35.8087236 ], [ 140.4580513, 35.808784 ], [ 140.458093, 35.8088351 ], [ 140.4581298, 35.8088816 ], [ 140.4581739, 35.8089229 ], [ 140.4581827, 35.8089857 ], [ 140.458187400000014, 35.8090527 ], [ 140.4581886, 35.8090722 ], [ 140.4582356, 35.8090932 ], [ 140.458299399999987, 35.8091158 ], [ 140.45838, 35.809168 ], [ 140.458447, 35.8091184 ], [ 140.458615900000012, 35.8089758 ], [ 140.4586473, 35.8089453 ], [ 140.4585734, 35.8088802 ], [ 140.4582883, 35.8086523 ], [ 140.458289, 35.8086656 ], [ 140.4582652, 35.8086752 ], [ 140.4582254, 35.8086946 ] ] ] ] } },
{ "type": "Feature", "properties": { "fid": 100, "field_id": 5615705, "location": "1-4", "field_seq": null, "field_no": "沢字スネヤ3070", "farmer_cd": "k96", "farmer": "鵜澤幹司", "crop": null, "area": 24.4, "calc_area": 25.54, "remark": 4, "tiban": "3070" }, "geometry": { "type": "MultiPolygon", "coordinates": [ [ [ [ 140.457312800000011, 35.8069316 ], [ 140.4578254, 35.8072218 ], [ 140.457848399999989, 35.807175 ], [ 140.4579541, 35.8069857 ], [ 140.457981600000011, 35.8069471 ], [ 140.4580312, 35.8068936 ], [ 140.4580918, 35.8068345 ], [ 140.457945, 35.806758 ], [ 140.45758570000001, 35.8065683 ], [ 140.457560300000011, 35.8066171 ], [ 140.457542499999988, 35.8066495 ], [ 140.457443500000011, 35.806775 ], [ 140.4573393, 35.8069013 ], [ 140.457312800000011, 35.8069316 ] ] ] ] } },
{ "type": "Feature", "properties": { "fid": 101, "field_id": 5615716, "location": "1-4", "field_seq": null, "field_no": "沢字女郎谷3100", "farmer_cd": "k96", "farmer": "鵜澤幹司", "crop": null, "area": 17.1, "calc_area": 17.74, "remark": 4, "tiban": "3100" }, "geometry": { "type": "MultiPolygon", "coordinates": [ [ [ [ 140.458390799999989, 35.8091871 ], [ 140.4583984, 35.8092026 ], [ 140.4584442, 35.8092676 ], [ 140.4584812, 35.8092917 ], [ 140.4585348, 35.8093067 ], [ 140.4586287, 35.8093232 ], [ 140.458724, 35.8093397 ], [ 140.4588159, 35.8093697 ], [ 140.458863, 35.8093924 ], [ 140.4589216, 35.8094354 ], [ 140.458960499999989, 35.8094588 ], [ 140.458996500000012, 35.8093338 ], [ 140.459041, 35.8091257 ], [ 140.4589755, 35.8091112 ], [ 140.458796799999988, 35.8090425 ], [ 140.458661400000011, 35.8089501 ], [ 140.458390799999989, 35.8091871 ] ] ] ] } },
{ "type": "Feature", "properties": { "fid": 102, "field_id": 5615717, "location": "1-4", "field_seq": null, "field_no": "沢字女郎谷3101", "farmer_cd": "k96", "farmer": "鵜澤幹司", "crop": null, "area": 10.3, "calc_area": 11.09, "remark": 4, "tiban": "3101" }, "geometry": { "type": "MultiPolygon", "coordinates": [ [ [ [ 140.459041, 35.8091257 ], [ 140.458996500000012, 35.8093338 ], [ 140.458960499999989, 35.8094588 ], [ 140.4589761, 35.8094682 ], [ 140.4590398, 35.8094882 ], [ 140.45914, 35.8095064 ], [ 140.459264100000013, 35.8095269 ], [ 140.4592783, 35.8095254 ], [ 140.4593443, 35.8091817 ], [ 140.459176899999989, 35.8091559 ], [ 140.459041, 35.8091257 ] ] ] ] } },
{ "type": "Feature", "properties": { "fid": 103, "field_id": 5615722, "location": "1-4", "field_seq": null, "field_no": "沢字馬渡3053", "farmer_cd": "k96", "farmer": "鵜澤幹司", "crop": null, "area": 7.9, "calc_area": 10.01, "remark": 4, "tiban": "3053" }, "geometry": { "type": "MultiPolygon", "coordinates": [ [ [ [ 140.46065680000001, 35.8041586 ], [ 140.460899, 35.8042044 ], [ 140.460934, 35.804211 ], [ 140.460969, 35.8042241 ], [ 140.460993800000011, 35.8042448 ], [ 140.461013400000013, 35.8042105 ], [ 140.4611122, 35.8040481 ], [ 140.4605963, 35.8039625 ], [ 140.4605475, 35.8040293 ], [ 140.4604793, 35.8041055 ], [ 140.4604712, 35.8041149 ], [ 140.46049, 35.8041149 ], [ 140.460495400000013, 35.804128 ], [ 140.460525, 35.804128 ], [ 140.4605707, 35.8041455 ], [ 140.46065680000001, 35.8041586 ] ] ] ] } },
{ "type": "Feature", "properties": { "fid": 104, "field_id": 5615735, "location": "1-4", "field_seq": null, "field_no": "沢字馬渡3052", "farmer_cd": "k96", "farmer": "鵜澤幹司", "crop": null, "area": 8.5, "calc_area": 10.15, "remark": 4, "tiban": "3052" }, "geometry": { "type": "MultiPolygon", "coordinates": [ [ [ [ 140.4605963, 35.8039625 ], [ 140.4611122, 35.8040481 ], [ 140.4611439, 35.8039847 ], [ 140.461161, 35.8039385 ], [ 140.4611726, 35.8039011 ], [ 140.4611748, 35.8038236 ], [ 140.4606478, 35.8038108 ], [ 140.460650500000014, 35.8038777 ], [ 140.4606369, 35.8039179 ], [ 140.4606195, 35.8039326 ], [ 140.4605963, 35.8039625 ] ] ] ] } },
{ "type": "Feature", "properties": { "fid": 105, "field_id": 5616788, "location": "1-4", "field_seq": null, "field_no": "沢字事尾田3009-2", "farmer_cd": "k96", "farmer": "鵜澤幹司", "crop": null, "area": 11.4, "calc_area": 12.75, "remark": 4, "tiban": "3009-2" }, "geometry": { "type": "MultiPolygon", "coordinates": [ [ [ [ 140.472342, 35.8098655 ], [ 140.472718500000013, 35.8095516 ], [ 140.47257110000001, 35.8093189 ], [ 140.472202399999986, 35.8096734 ], [ 140.472342, 35.8098655 ] ] ] ] } },
{ "type": "Feature", "properties": { "fid": 106, "field_id": 5616791, "location": "1-4", "field_seq": null, "field_no": "沢字馬渡3054", "farmer_cd": "k96", "farmer": "鵜澤幹司", "crop": null, "area": 14.5, "calc_area": 14.11, "remark": 4, "tiban": "3054" }, "geometry": { "type": "MultiPolygon", "coordinates": [ [ [ [ 140.460473799999988, 35.8041237 ], [ 140.460296199999988, 35.8043114 ], [ 140.460872099999989, 35.8044816 ], [ 140.460985099999988, 35.8042241 ], [ 140.460473799999988, 35.8041237 ] ] ] ] } },
{ "type": "Feature", "properties": { "fid": 107, "field_id": 5616792, "location": "1-4", "field_seq": null, "field_no": "沢字スネヤ3069-2", "farmer_cd": "k96", "farmer": "鵜澤幹司", "crop": null, "area": 5.7, "calc_area": 7.53, "remark": 4, "tiban": "3069-2" }, "geometry": { "type": "MultiPolygon", "coordinates": [ [ [ [ 140.4575913, 35.8065772 ], [ 140.4580865, 35.8068347 ], [ 140.4582129, 35.8067321 ], [ 140.457664, 35.8064877 ], [ 140.4575913, 35.8065772 ] ] ] ] } },
{ "type": "Feature", "properties": { "fid": 108, "field_id": 5616793, "location": "1-4", "field_seq": null, "field_no": "沢字女郎谷3098", "farmer_cd": "k96", "farmer": "鵜澤幹司", "crop": null, "area": 5.5, "calc_area": 5.85, "remark": 4, "tiban": "3098" }, "geometry": { "type": "MultiPolygon", "coordinates": [ [ [ [ 140.4580504, 35.8087945 ], [ 140.458300900000012, 35.8086559 ], [ 140.45813, 35.8084882 ], [ 140.4579312, 35.808614 ], [ 140.4580504, 35.8087945 ] ] ] ] } },
{ "type": "Feature", "properties": { "fid": 109, "field_id": 5615377, "location": "1-4", "field_seq": null, "field_no": "沢字瀬谷329", "farmer_cd": "k102", "farmer": "鵜澤恵里子", "crop": null, "area": 8.8, "calc_area": 7.11, "remark": 4, "tiban": "329" }, "geometry": { "type": "MultiPolygon", "coordinates": [ [ [ [ 140.4822082, 35.798641 ], [ 140.482232, 35.7985391 ], [ 140.482253500000013, 35.7984643 ], [ 140.481844099999989, 35.7984322 ], [ 140.481819699999988, 35.798606 ], [ 140.4822082, 35.798641 ] ] ] ] } },
{ "type": "Feature", "properties": { "fid": 110, "field_id": 5615406, "location": "1-4", "field_seq": null, "field_no": "沢字瀬谷330-1", "farmer_cd": "k102", "farmer": "鵜澤恵里子", "crop": null, "area": 4.5, "calc_area": 3.9, "remark": 4, "tiban": "330-1" }, "geometry": { "type": "MultiPolygon", "coordinates": [ [ [ [ 140.481804, 35.7987085 ], [ 140.4821856, 35.7987373 ], [ 140.4822082, 35.798641 ], [ 140.481819699999988, 35.798606 ], [ 140.481813100000011, 35.798653 ], [ 140.481804, 35.7987085 ] ] ] ] } },
{ "type": "Feature", "properties": { "fid": 111, "field_id": 5615409, "location": "1-4", "field_seq": null, "field_no": "沢字瀬谷328", "farmer_cd": "k102", "farmer": "鵜澤恵里子", "crop": null, "area": 9.4, "calc_area": 7.72, "remark": 4, "tiban": "328" }, "geometry": { "type": "MultiPolygon", "coordinates": [ [ [ [ 140.482253500000013, 35.7984643 ], [ 140.482260599999989, 35.7984395 ], [ 140.4823055, 35.7982901 ], [ 140.4818698, 35.7982488 ], [ 140.481844099999989, 35.7984322 ], [ 140.482253500000013, 35.7984643 ] ] ] ] } },
{ "type": "Feature", "properties": { "fid": 112, "field_id": 5614182, "location": "1-3", "field_seq": null, "field_no": "西田部字堀尻2404", "farmer_cd": "k70", "farmer": "越川一夫", "crop": null, "area": 15.8, "calc_area": 16.08, "remark": 3, "tiban": "2404" }, "geometry": { "type": "MultiPolygon", "coordinates": [ [ [ [ 140.5094008, 35.7972518 ], [ 140.5097003, 35.7970829 ], [ 140.509640100000013, 35.7966872 ], [ 140.5095226, 35.7966776 ], [ 140.509503200000012, 35.7966899 ], [ 140.5093934, 35.7968525 ], [ 140.509321300000011, 35.7969403 ], [ 140.509222, 35.7970441 ], [ 140.5094008, 35.7972518 ] ] ] ] } },
{ "type": "Feature", "properties": { "fid": 113, "field_id": 5614233, "location": "1-3", "field_seq": null, "field_no": "西田部字浅間2369", "farmer_cd": "k70", "farmer": "越川一夫", "crop": null, "area": 6.0, "calc_area": 10.31, "remark": 3, "tiban": "2369" }, "geometry": { "type": "MultiPolygon", "coordinates": [ [ [ [ 140.5064309, 35.798531 ], [ 140.5064342, 35.7985304 ], [ 140.5065394, 35.7989403 ], [ 140.5065816, 35.7988783 ], [ 140.5066292, 35.7988355 ], [ 140.5066827, 35.7988133 ], [ 140.506750399999987, 35.7988015 ], [ 140.506806899999987, 35.7987965 ], [ 140.506736600000011, 35.7984797 ], [ 140.5064309, 35.798531 ] ] ] ] } },
{ "type": "Feature", "properties": { "fid": 114, "field_id": 5614294, "location": "1-3", "field_seq": null, "field_no": "西田部字浅間2368", "farmer_cd": "k70", "farmer": "越川一夫", "crop": null, "area": 11.0, "calc_area": 11.76, "remark": 3, "tiban": "2368" }, "geometry": { "type": "MultiPolygon", "coordinates": [ [ [ [ 140.506806899999987, 35.7987965 ], [ 140.5068804, 35.7988007 ], [ 140.5069681, 35.7988175 ], [ 140.5069878, 35.7988093 ], [ 140.507116200000013, 35.7986314 ], [ 140.50715120000001, 35.7985863 ], [ 140.5071256, 35.7985646 ], [ 140.5071495, 35.7985553 ], [ 140.507121500000011, 35.798415 ], [ 140.506736600000011, 35.7984797 ], [ 140.506806899999987, 35.7987965 ] ] ] ] } },
{ "type": "Feature", "properties": { "fid": 115, "field_id": 5615988, "location": "1-3", "field_seq": null, "field_no": "西田部字堀尻24002402", "farmer_cd": "k70", "farmer": "越川一夫", "crop": null, "area": 11.3, "calc_area": 12.22, "remark": 3, "tiban": "24002402" }, "geometry": { "type": "MultiPolygon", "coordinates": [ [ [ [ 140.509735, 35.7970814 ], [ 140.509955100000013, 35.797058 ], [ 140.5099894, 35.7970601 ], [ 140.5100108, 35.7969841 ], [ 140.5100534, 35.7968459 ], [ 140.5100823, 35.7967356 ], [ 140.5100291, 35.7967186 ], [ 140.5100085, 35.7967146 ], [ 140.5099664, 35.7967143 ], [ 140.5098328, 35.7967036 ], [ 140.5096677, 35.7966896 ], [ 140.509735, 35.7970814 ] ] ] ] } },
{ "type": "Feature", "properties": { "fid": 116, "field_id": 5615979, "location": "1-3", "field_seq": null, "field_no": "西田部字京部田2466", "farmer_cd": "k84", "farmer": "越川栄", "crop": null, "area": 9.1, "calc_area": 10.72, "remark": 3, "tiban": "2466" }, "geometry": { "type": "MultiPolygon", "coordinates": [ [ [ [ 140.5125469, 35.8003322 ], [ 140.5124204, 35.800303 ], [ 140.5123826, 35.800303 ], [ 140.5123341, 35.8003357 ], [ 140.512073, 35.8005136 ], [ 140.5121924, 35.8006368 ], [ 140.512292800000012, 35.8007435 ], [ 140.5123324, 35.8007598 ], [ 140.5125469, 35.8003322 ] ] ] ] } },
{ "type": "Feature", "properties": { "fid": 117, "field_id": 5614329, "location": "1-3", "field_seq": null, "field_no": "西田部字向田2394", "farmer_cd": "k67", "farmer": "越川和博", "crop": null, "area": 11.6, "calc_area": 11.9, "remark": 3, "tiban": "2394" }, "geometry": { "type": "MultiPolygon", "coordinates": [ [ [ [ 140.509415600000011, 35.7972726 ], [ 140.5089903, 35.7975136 ], [ 140.5091727, 35.7977327 ], [ 140.509307, 35.7976223 ], [ 140.5094327, 35.7975253 ], [ 140.5094857, 35.7974878 ], [ 140.5095541, 35.7974449 ], [ 140.509415600000011, 35.7972726 ] ] ] ] } },
{ "type": "Feature", "properties": { "fid": 118, "field_id": 5615831, "location": "1-5", "field_seq": null, "field_no": "西田部字たり免1033", "farmer_cd": "k67", "farmer": "越川和博", "crop": null, "area": 9.8, "calc_area": 10.32, "remark": 5, "tiban": "1033" }, "geometry": { "type": "MultiPolygon", "coordinates": [ [ [ [ 140.5020812, 35.7907389 ], [ 140.5022807, 35.7907067 ], [ 140.5021678, 35.7903098 ], [ 140.5021295, 35.7902194 ], [ 140.5019399, 35.790254 ], [ 140.5019902, 35.79044 ], [ 140.5020812, 35.7907389 ] ] ] ] } },
{ "type": "Feature", "properties": { "fid": 119, "field_id": 5615832, "location": "1-5", "field_seq": null, "field_no": "西田部字たり免1070", "farmer_cd": "k67", "farmer": "越川和博", "crop": null, "area": 9.9, "calc_area": 10.53, "remark": 5, "tiban": "1070" }, "geometry": { "type": "MultiPolygon", "coordinates": [ [ [ [ 140.5010675, 35.788767 ], [ 140.501273700000013, 35.788725 ], [ 140.5011247, 35.7882426 ], [ 140.50092140000001, 35.7882844 ], [ 140.5010675, 35.788767 ] ] ] ] } },
{ "type": "Feature", "properties": { "fid": 120, "field_id": 5615896, "location": "1-5", "field_seq": null, "field_no": "西田部字たり免1117-1.1118-1", "farmer_cd": "k67", "farmer": "越川和博", "crop": null, "area": 19.7, "calc_area": 21.72, "remark": 5, "tiban": "1117-1.1118-1" }, "geometry": { "type": "MultiPolygon", "coordinates": [ [ [ [ 140.50430080000001, 35.78978 ], [ 140.504156, 35.7892845 ], [ 140.503748300000012, 35.7893657 ], [ 140.5037413, 35.7893671 ], [ 140.5038883, 35.789861 ], [ 140.5042925, 35.7897817 ], [ 140.50430080000001, 35.78978 ] ] ] ] } },
{ "type": "Feature", "properties": { "fid": 121, "field_id": 5615897, "location": "1-5", "field_seq": null, "field_no": "西田部字たり免1031-1", "farmer_cd": "k67", "farmer": "越川和博", "crop": null, "area": 8.8, "calc_area": 10.46, "remark": 5, "tiban": "1031-1" }, "geometry": { "type": "MultiPolygon", "coordinates": [ [ [ [ 140.502477699999986, 35.7906659 ], [ 140.5026623, 35.7906353 ], [ 140.5027009, 35.7906127 ], [ 140.5026982, 35.7905904 ], [ 140.5026456, 35.7904237 ], [ 140.502579, 35.7901894 ], [ 140.502353199999988, 35.7902324 ], [ 140.502361, 35.790268 ], [ 140.502477699999986, 35.7906659 ] ] ] ] } },
{ "type": "Feature", "properties": { "fid": 122, "field_id": 5615906, "location": "1-5", "field_seq": null, "field_no": "西田部字たり免1119-1.1120-1", "farmer_cd": "k67", "farmer": "越川和博", "crop": null, "area": 19.7, "calc_area": 20.89, "remark": 5, "tiban": "1119-1.1120-1" }, "geometry": { "type": "MultiPolygon", "coordinates": [ [ [ [ 140.5046998, 35.7896987 ], [ 140.504552499999988, 35.7892056 ], [ 140.504156, 35.7892845 ], [ 140.50430080000001, 35.78978 ], [ 140.504695, 35.7896997 ], [ 140.5046998, 35.7896987 ] ] ] ] } },
{ "type": "Feature", "properties": { "fid": 123, "field_id": 5615984, "location": "1-3", "field_seq": null, "field_no": "西田部字向田2395", "farmer_cd": "k67", "farmer": "越川和博", "crop": null, "area": 10.7, "calc_area": 10.97, "remark": 3, "tiban": "2395" }, "geometry": { "type": "MultiPolygon", "coordinates": [ [ [ [ 140.5098796, 35.7970884 ], [ 140.5097083, 35.7971075 ], [ 140.509415600000011, 35.7972726 ], [ 140.5095541, 35.7974449 ], [ 140.5096442, 35.7974108 ], [ 140.509726199999989, 35.7973857 ], [ 140.509788, 35.7973727 ], [ 140.509841099999989, 35.7973633 ], [ 140.5099085, 35.7973625 ], [ 140.5098796, 35.7970884 ] ] ] ] } },
{ "type": "Feature", "properties": { "fid": 124, "field_id": 5615536, "location": "1-5", "field_seq": null, "field_no": "沢字遠瀬谷258", "farmer_cd": "k100", "farmer": "越川眞佐子", "crop": null, "area": 10.0, "calc_area": 10.65, "remark": 5, "tiban": "258" }, "geometry": { "type": "MultiPolygon", "coordinates": [ [ [ [ 140.4898264, 35.7997419 ], [ 140.489323899999988, 35.7994514 ], [ 140.4892034, 35.7995892 ], [ 140.4897024, 35.7998851 ], [ 140.4898264, 35.7997419 ] ] ] ] } },
{ "type": "Feature", "properties": { "fid": 125, "field_id": 5615588, "location": "1-5", "field_seq": null, "field_no": "沢字遠瀬谷255", "farmer_cd": "k100", "farmer": "越川眞佐子", "crop": null, "area": 9.9, "calc_area": 12.1, "remark": 5, "tiban": "255" }, "geometry": { "type": "MultiPolygon", "coordinates": [ [ [ [ 140.4904776, 35.7999129 ], [ 140.4906138, 35.7997568 ], [ 140.4901055, 35.7994615 ], [ 140.4899668, 35.7996205 ], [ 140.4904776, 35.7999129 ] ] ] ] } },
{ "type": "Feature", "properties": { "fid": 126, "field_id": 5615835, "location": "1-5", "field_seq": null, "field_no": "西田部字突抜2353", "farmer_cd": "k82", "farmer": "押田佐市", "crop": null, "area": 24.2, "calc_area": 26.36, "remark": 5, "tiban": "2353" }, "geometry": { "type": "MultiPolygon", "coordinates": [ [ [ [ 140.510068100000012, 35.7918751 ], [ 140.5099973, 35.7920153 ], [ 140.510045, 35.7920234 ], [ 140.5101415, 35.7920538 ], [ 140.5102001, 35.7920843 ], [ 140.510254800000013, 35.7921142 ], [ 140.5108287, 35.7916665 ], [ 140.5108035, 35.7916349 ], [ 140.5107669, 35.7916034 ], [ 140.510725900000011, 35.7915804 ], [ 140.510682300000013, 35.7915627 ], [ 140.510642100000013, 35.7915534 ], [ 140.5106025, 35.7915494 ], [ 140.5104275, 35.7915499 ], [ 140.5103282, 35.7915506 ], [ 140.51023570000001, 35.7915438 ], [ 140.510068100000012, 35.7918751 ] ] ] ] } },
{ "type": "Feature", "properties": { "fid": 127, "field_id": 5615927, "location": "1-5", "field_seq": null, "field_no": "西田部字たり免1114-1", "farmer_cd": "k82", "farmer": "押田佐市", "crop": null, "area": 9.9, "calc_area": 10.77, "remark": 5, "tiban": "1114-1" }, "geometry": { "type": "MultiPolygon", "coordinates": [ [ [ [ 140.5034884, 35.7899362 ], [ 140.5033427, 35.7894469 ], [ 140.5031344, 35.7894886 ], [ 140.503279099999986, 35.7899733 ], [ 140.5034884, 35.7899362 ] ] ] ] } },
{ "type": "Feature", "properties": { "fid": 128, "field_id": 5615987, "location": "1-3", "field_seq": null, "field_no": "西田部字堀尻2398", "farmer_cd": "k82", "farmer": "押田佐市", "crop": null, "area": 12.4, "calc_area": 12.53, "remark": 3, "tiban": "2398" }, "geometry": { "type": "MultiPolygon", "coordinates": [ [ [ [ 140.5104275, 35.7972034 ], [ 140.5108028, 35.7973206 ], [ 140.5109367, 35.7971834 ], [ 140.5108579, 35.7969842 ], [ 140.5108447, 35.7969734 ], [ 140.5107447, 35.7969802 ], [ 140.510707700000012, 35.79698 ], [ 140.5106712, 35.7969751 ], [ 140.5106226, 35.7969663 ], [ 140.5105557, 35.7969409 ], [ 140.5104275, 35.7972034 ] ] ] ] } },
{ "type": "Feature", "properties": { "fid": 129, "field_id": 5616520, "location": "1-1", "field_seq": null, "field_no": "高萩字駒ケ谷1811", "farmer_cd": "k14", "farmer": "花香信治", "crop": null, "area": 8.9, "calc_area": 10.38, "remark": 1, "tiban": "1811" }, "geometry": { "type": "MultiPolygon", "coordinates": [ [ [ [ 140.5530181, 35.8054952 ], [ 140.552884799999987, 35.8054127 ], [ 140.55281020000001, 35.8054666 ], [ 140.5526669, 35.8055836 ], [ 140.5525179, 35.8057021 ], [ 140.5524251, 35.8057639 ], [ 140.5525208, 35.8059039 ], [ 140.5525546, 35.8058834 ], [ 140.5526238, 35.8058319 ], [ 140.5527277, 35.8057594 ], [ 140.552808700000014, 35.8056956 ], [ 140.5529219, 35.8055895 ], [ 140.5530181, 35.8054952 ] ] ] ] } },
{ "type": "Feature", "properties": { "fid": 130, "field_id": 5616521, "location": "1-1", "field_seq": null, "field_no": "高萩字駒ケ谷1808", "farmer_cd": "k14", "farmer": "花香信治", "crop": null, "area": 14.4, "calc_area": 15.84, "remark": 1, "tiban": "1808" }, "geometry": { "type": "MultiPolygon", "coordinates": [ [ [ [ 140.5516426, 35.8059839 ], [ 140.5515349, 35.8060747 ], [ 140.5514404, 35.8061313 ], [ 140.5513046, 35.8061881 ], [ 140.551051199999989, 35.8062375 ], [ 140.551111100000014, 35.8063624 ], [ 140.5511607, 35.8064589 ], [ 140.5512826, 35.806421 ], [ 140.551373500000011, 35.8063993 ], [ 140.551475, 35.8063862 ], [ 140.5515162, 35.8063774 ], [ 140.551557300000013, 35.8063592 ], [ 140.5515905, 35.8063238 ], [ 140.5516647, 35.8062507 ], [ 140.5517295, 35.8062058 ], [ 140.5517878, 35.8061876 ], [ 140.5516426, 35.8059839 ] ] ] ] } },
{ "type": "Feature", "properties": { "fid": 131, "field_id": 5614121, "location": "1-3", "field_seq": null, "field_no": "西田部字境町1327", "farmer_cd": "k151", "farmer": "角田義彦", "crop": null, "area": 9.9, "calc_area": 10.49, "remark": 3, "tiban": "1327" }, "geometry": { "type": "MultiPolygon", "coordinates": [ [ [ [ 140.5042796, 35.7988899 ], [ 140.504403, 35.799394 ], [ 140.5046061, 35.7993606 ], [ 140.504476, 35.7988583 ], [ 140.5042796, 35.7988899 ] ] ] ] } },
{ "type": "Feature", "properties": { "fid": 132, "field_id": 5614124, "location": "1-3", "field_seq": null, "field_no": "西田部字境町1328-1", "farmer_cd": "k151", "farmer": "角田義彦", "crop": null, "area": 5.9, "calc_area": 6.49, "remark": 3, "tiban": "1328-1" }, "geometry": { "type": "MultiPolygon", "coordinates": [ [ [ [ 140.5041259, 35.7991281 ], [ 140.5041963, 35.7994279 ], [ 140.504403, 35.799394 ], [ 140.5043349, 35.7990942 ], [ 140.5041259, 35.7991281 ] ] ] ] } },
{ "type": "Feature", "properties": { "fid": 133, "field_id": 5614286, "location": "1-3", "field_seq": null, "field_no": "西田部字八反田2361.2362", "farmer_cd": "k151", "farmer": "角田義彦", "crop": null, "area": 19.5, "calc_area": 20.26, "remark": 3, "tiban": "2361.2362" }, "geometry": { "type": "MultiPolygon", "coordinates": [ [ [ [ 140.5071207, 35.798401 ], [ 140.507116599999989, 35.7983903 ], [ 140.507113800000013, 35.798351 ], [ 140.507120500000013, 35.7983228 ], [ 140.5071016, 35.7983152 ], [ 140.507119, 35.7983018 ], [ 140.5071089, 35.798289 ], [ 140.5068827, 35.7980005 ], [ 140.5067445, 35.7978328 ], [ 140.5065635, 35.7979206 ], [ 140.5065823, 35.7979603 ], [ 140.506711599999988, 35.7984703 ], [ 140.5071207, 35.798401 ] ] ] ] } },
{ "type": "Feature", "properties": { "fid": 134, "field_id": 5614328, "location": "1-3", "field_seq": null, "field_no": "西田部字境町1326", "farmer_cd": "k151", "farmer": "角田義彦", "crop": null, "area": 9.9, "calc_area": 10.74, "remark": 3, "tiban": "1326" }, "geometry": { "type": "MultiPolygon", "coordinates": [ [ [ [ 140.5044944, 35.7988456 ], [ 140.504476, 35.7988583 ], [ 140.5046061, 35.7993606 ], [ 140.504805800000014, 35.7993278 ], [ 140.504676, 35.7988163 ], [ 140.5044944, 35.7988456 ] ] ] ] } },
{ "type": "Feature", "properties": { "fid": 135, "field_id": 5614365, "location": "1-3", "field_seq": null, "field_no": "西田部字浅間2375", "farmer_cd": "k151", "farmer": "角田義彦", "crop": null, "area": 12.2, "calc_area": 12.92, "remark": 3, "tiban": "2375" }, "geometry": { "type": "MultiPolygon", "coordinates": [ [ [ [ 140.505547400000012, 35.7992984 ], [ 140.505858499999988, 35.7992501 ], [ 140.5057554, 35.7988381 ], [ 140.5054691, 35.7988873 ], [ 140.5054964, 35.7990243 ], [ 140.505519, 35.799195 ], [ 140.505536, 35.79928 ], [ 140.5055399, 35.7993015 ], [ 140.505547400000012, 35.7992984 ] ] ] ] } },
{ "type": "Feature", "properties": { "fid": 136, "field_id": 5615819, "location": "1-5", "field_seq": null, "field_no": "西田部字たり免1039", "farmer_cd": "k151", "farmer": "角田義彦", "crop": null, "area": 9.9, "calc_area": 9.75, "remark": 5, "tiban": "1039" }, "geometry": { "type": "MultiPolygon", "coordinates": [ [ [ [ 140.501972200000012, 35.7896728 ], [ 140.502161699999988, 35.7896336 ], [ 140.502023900000012, 35.7891515 ], [ 140.501833, 35.7891886 ], [ 140.501972200000012, 35.7896728 ] ] ] ] } },
{ "type": "Feature", "properties": { "fid": 137, "field_id": 5615928, "location": "1-5", "field_seq": null, "field_no": "西田部字突抜2355", "farmer_cd": "k151", "farmer": "角田義彦", "crop": null, "area": 8.0, "calc_area": 11.72, "remark": 5, "tiban": "2355" }, "geometry": { "type": "MultiPolygon", "coordinates": [ [ [ [ 140.510352399999988, 35.7922484 ], [ 140.5103694, 35.792277 ], [ 140.5104373, 35.7923753 ], [ 140.510482, 35.79242 ], [ 140.510491, 35.7924275 ], [ 140.5108937, 35.7922809 ], [ 140.510927, 35.7922701 ], [ 140.5109505, 35.7922692 ], [ 140.5109141, 35.792195 ], [ 140.5108951, 35.7921373 ], [ 140.5108994, 35.7920716 ], [ 140.510901100000012, 35.7920438 ], [ 140.5109013, 35.7920375 ], [ 140.510352399999988, 35.7922484 ] ] ] ] } },
{ "type": "Feature", "properties": { "fid": 138, "field_id": 5616749, "location": "1-3", "field_seq": null, "field_no": "西田部字境町1328-2", "farmer_cd": "k151", "farmer": "角田義彦", "crop": null, "area": 0.6, "calc_area": 0.84, "remark": 3, "tiban": "1328-2" }, "geometry": { "type": "MultiPolygon", "coordinates": [ [ [ [ 140.5041355, 35.7991281 ], [ 140.5043269, 35.7990903 ], [ 140.504315600000012, 35.7990524 ], [ 140.504113, 35.7990877 ], [ 140.5041355, 35.7991281 ] ] ] ] } },
{ "type": "Feature", "properties": { "fid": 139, "field_id": 5616750, "location": "1-3", "field_seq": null, "field_no": "西田部字境町1338-3", "farmer_cd": "k151", "farmer": "角田義彦", "crop": null, "area": 3.4, "calc_area": 3.32, "remark": 3, "tiban": "1338-3" }, "geometry": { "type": "MultiPolygon", "coordinates": [ [ [ [ 140.504116900000014, 35.7990854 ], [ 140.5043115, 35.7990489 ], [ 140.5042762, 35.798891 ], [ 140.5040783, 35.7989184 ], [ 140.504116900000014, 35.7990854 ] ] ] ] } },
{ "type": "Feature", "properties": { "fid": 140, "field_id": 5614587, "location": "1-5", "field_seq": null, "field_no": "西田部字南412.413", "farmer_cd": "k73", "farmer": "角田恒雄", "crop": null, "area": 18.0, "calc_area": 20.11, "remark": 5, "tiban": "412.413" }, "geometry": { "type": "MultiPolygon", "coordinates": [ [ [ [ 140.506452599999989, 35.7912953 ], [ 140.5064667, 35.7913071 ], [ 140.5065319, 35.7913234 ], [ 140.506652699999989, 35.7913405 ], [ 140.5068159, 35.7913597 ], [ 140.5069231, 35.7913683 ], [ 140.506926099999987, 35.7913455 ], [ 140.506970200000012, 35.7913431 ], [ 140.5070064, 35.7911808 ], [ 140.5070325, 35.7910796 ], [ 140.5070402, 35.791057 ], [ 140.507043399999986, 35.7910574 ], [ 140.5069557, 35.7910394 ], [ 140.506842400000011, 35.7910158 ], [ 140.5066406, 35.7909791 ], [ 140.5064583, 35.7909478 ], [ 140.5063905, 35.7912355 ], [ 140.5063902, 35.7912387 ], [ 140.5064226, 35.7912438 ], [ 140.5064228, 35.7912692 ], [ 140.5064449, 35.7912774 ], [ 140.506452599999989, 35.7912953 ] ] ] ] } },
{ "type": "Feature", "properties": { "fid": 141, "field_id": 5615804, "location": "1-5", "field_seq": null, "field_no": "西田部字杉谷原2329.2330", "farmer_cd": "k73", "farmer": "角田恒雄", "crop": null, "area": 4.5, "calc_area": 13.35, "remark": 5, "tiban": "2329.2330" }, "geometry": { "type": "MultiPolygon", "coordinates": [ [ [ [ 140.5089269, 35.7898342 ], [ 140.5088772, 35.7892925 ], [ 140.5088089, 35.7893111 ], [ 140.5087392, 35.7893303 ], [ 140.508627, 35.7893504 ], [ 140.5086217, 35.7893513 ], [ 140.508670099999989, 35.7898448 ], [ 140.5087221, 35.7898395 ], [ 140.5089269, 35.7898342 ] ] ] ] } },
{ "type": "Feature", "properties": { "fid": 142, "field_id": 5615902, "location": "1-5", "field_seq": null, "field_no": "西田部字南418", "farmer_cd": "k73", "farmer": "角田恒雄", "crop": null, "area": 7.2, "calc_area": 9.9, "remark": 5, "tiban": "418" }, "geometry": { "type": "MultiPolygon", "coordinates": [ [ [ [ 140.506970200000012, 35.7913431 ], [ 140.5071821, 35.7913471 ], [ 140.507223399999987, 35.7913222 ], [ 140.5073255, 35.7913205 ], [ 140.507377600000012, 35.7913228 ], [ 140.5073926, 35.7911464 ], [ 140.5073875, 35.7910961 ], [ 140.5072458, 35.7910843 ], [ 140.507043399999986, 35.7910574 ], [ 140.5070402, 35.791057 ], [ 140.5070325, 35.7910796 ], [ 140.5070064, 35.7911808 ], [ 140.506970200000012, 35.7913431 ] ] ] ] } },
{ "type": "Feature", "properties": { "fid": 143, "field_id": 5615969, "location": "1-5", "field_seq": null, "field_no": "西田部字杉谷原2327.2328", "farmer_cd": "k73", "farmer": "角田恒雄", "crop": null, "area": 21.0, "calc_area": 16.88, "remark": 5, "tiban": "2327.2328" }, "geometry": { "type": "MultiPolygon", "coordinates": [ [ [ [ 140.5091983, 35.7898419 ], [ 140.5091785, 35.7892435 ], [ 140.5091133, 35.7892454 ], [ 140.5090233, 35.7892449 ], [ 140.508942499999989, 35.7892604 ], [ 140.5088772, 35.7892925 ], [ 140.5089269, 35.7898342 ], [ 140.508960699999989, 35.7898334 ], [ 140.5089884, 35.7898344 ], [ 140.5090275, 35.7898381 ], [ 140.5090753, 35.7898394 ], [ 140.5091983, 35.7898419 ] ] ] ] } },
{ "type": "Feature", "properties": { "fid": 144, "field_id": 5614578, "location": "1-3", "field_seq": null, "field_no": "西田部字部田1387", "farmer_cd": "k81", "farmer": "角田勝美", "crop": null, "area": 10.0, "calc_area": 10.49, "remark": 3, "tiban": "1387" }, "geometry": { "type": "MultiPolygon", "coordinates": [ [ [ [ 140.5033799, 35.7952732 ], [ 140.503580199999988, 35.7952421 ], [ 140.503553900000014, 35.79514 ], [ 140.5035148, 35.7949975 ], [ 140.5034526, 35.7947377 ], [ 140.50325, 35.7947736 ], [ 140.5033127, 35.7950139 ], [ 140.5033799, 35.7952732 ] ] ] ] } },
{ "type": "Feature", "properties": { "fid": 145, "field_id": 5614617, "location": "1-5", "field_seq": null, "field_no": "西田部字清水1005", "farmer_cd": "k81", "farmer": "角田勝美", "crop": null, "area": 8.0, "calc_area": 8.79, "remark": 5, "tiban": "1005" }, "geometry": { "type": "MultiPolygon", "coordinates": [ [ [ [ 140.503007599999989, 35.7931785 ], [ 140.5031459, 35.7932138 ], [ 140.503221700000012, 35.7932309 ], [ 140.5033319, 35.7929057 ], [ 140.5033517, 35.7928438 ], [ 140.503341400000011, 35.7928415 ], [ 140.503142200000013, 35.7927976 ], [ 140.503032100000013, 35.7931172 ], [ 140.503007599999989, 35.7931785 ] ] ] ] } },
{ "type": "Feature", "properties": { "fid": 146, "field_id": 5614628, "location": "1-3", "field_seq": null, "field_no": "西田部字部田1379", "farmer_cd": "k81", "farmer": "角田勝美", "crop": null, "area": 9.9, "calc_area": 10.68, "remark": 3, "tiban": "1379" }, "geometry": { "type": "MultiPolygon", "coordinates": [ [ [ [ 140.503294399999987, 35.7958233 ], [ 140.50350370000001, 35.7957895 ], [ 140.5034813, 35.7957113 ], [ 140.5034617, 35.7956228 ], [ 140.5033774, 35.795298 ], [ 140.5031706, 35.7953307 ], [ 140.503294399999987, 35.7958233 ] ] ] ] } },
{ "type": "Feature", "properties": { "fid": 147, "field_id": 5614629, "location": "1-3", "field_seq": null, "field_no": "西田部字部田1380", "farmer_cd": "k81", "farmer": "角田勝美", "crop": null, "area": 10.0, "calc_area": 10.52, "remark": 3, "tiban": "1380" }, "geometry": { "type": "MultiPolygon", "coordinates": [ [ [ [ 140.50350370000001, 35.7957895 ], [ 140.503705599999989, 35.7957569 ], [ 140.503682, 35.7956573 ], [ 140.503585, 35.7952652 ], [ 140.5033774, 35.795298 ], [ 140.5034617, 35.7956228 ], [ 140.5034813, 35.7957113 ], [ 140.50350370000001, 35.7957895 ] ] ] ] } },
{ "type": "Feature", "properties": { "fid": 148, "field_id": 5614643, "location": "1-3", "field_seq": null, "field_no": "西田部字部田1381", "farmer_cd": "k81", "farmer": "角田勝美", "crop": null, "area": 10.0, "calc_area": 10.6, "remark": 3, "tiban": "1381" }, "geometry": { "type": "MultiPolygon", "coordinates": [ [ [ [ 140.503705599999989, 35.7957569 ], [ 140.5039198, 35.7957218 ], [ 140.5038724, 35.7955508 ], [ 140.5037977, 35.7952757 ], [ 140.5037881, 35.7952331 ], [ 140.503585, 35.7952652 ], [ 140.503682, 35.7956573 ], [ 140.503705599999989, 35.7957569 ] ] ] ] } },
{ "type": "Feature", "properties": { "fid": 149, "field_id": 5614679, "location": "1-3", "field_seq": null, "field_no": "西田部字部田1382", "farmer_cd": "k81", "farmer": "角田勝美", "crop": null, "area": 10.0, "calc_area": 9.67, "remark": 3, "tiban": "1382" }, "geometry": { "type": "MultiPolygon", "coordinates": [ [ [ [ 140.5039198, 35.7957218 ], [ 140.5041033, 35.7956926 ], [ 140.5040502, 35.7954829 ], [ 140.504023600000011, 35.7953764 ], [ 140.5040086, 35.7953137 ], [ 140.503995800000013, 35.7952565 ], [ 140.5039878, 35.795232 ], [ 140.5039664, 35.7952021 ], [ 140.5037881, 35.7952331 ], [ 140.5037977, 35.7952757 ], [ 140.5038724, 35.7955508 ], [ 140.5039198, 35.7957218 ] ] ] ] } },
{ "type": "Feature", "properties": { "fid": 150, "field_id": 5614716, "location": "1-3", "field_seq": null, "field_no": "西田部字部田1388", "farmer_cd": "k81", "farmer": "角田勝美", "crop": null, "area": 9.9, "calc_area": 10.68, "remark": 3, "tiban": "1388" }, "geometry": { "type": "MultiPolygon", "coordinates": [ [ [ [ 140.50317290000001, 35.7953053 ], [ 140.5033799, 35.7952732 ], [ 140.5033127, 35.7950139 ], [ 140.50325, 35.7947736 ], [ 140.5030467, 35.7948097 ], [ 140.50317290000001, 35.7953053 ] ] ] ] } },
{ "type": "Feature", "properties": { "fid": 151, "field_id": 5614756, "location": "1-3", "field_seq": null, "field_no": "西田部字部田1378", "farmer_cd": "k81", "farmer": "角田勝美", "crop": null, "area": 10.0, "calc_area": 10.47, "remark": 3, "tiban": "1378" }, "geometry": { "type": "MultiPolygon", "coordinates": [ [ [ [ 140.5030889, 35.7958536 ], [ 140.503294399999987, 35.7958233 ], [ 140.5031706, 35.7953307 ], [ 140.5029669, 35.7953629 ], [ 140.5030889, 35.7958536 ] ] ] ] } },
{ "type": "Feature", "properties": { "fid": 152, "field_id": 5614799, "location": "1-3", "field_seq": null, "field_no": "西田部字部田1376-1", "farmer_cd": "k81", "farmer": "角田勝美", "crop": null, "area": 8.7, "calc_area": 9.38, "remark": 3, "tiban": "1376-1" }, "geometry": { "type": "MultiPolygon", "coordinates": [ [ [ [ 140.5025579, 35.7954275 ], [ 140.5026909, 35.7959126 ], [ 140.502872200000013, 35.7958857 ], [ 140.502746, 35.7953978 ], [ 140.5025579, 35.7954275 ] ] ] ] } },
{ "type": "Feature", "properties": { "fid": 153, "field_id": 5614801, "location": "1-3", "field_seq": null, "field_no": "西田部字部田1392-1", "farmer_cd": "k81", "farmer": "角田勝美", "crop": null, "area": 6.0, "calc_area": 4.27, "remark": 3, "tiban": "1392-1" }, "geometry": { "type": "MultiPolygon", "coordinates": [ [ [ [ 140.5025483, 35.7946992 ], [ 140.502782200000013, 35.7946682 ], [ 140.502730899999989, 35.7944481 ], [ 140.502671, 35.7944442 ], [ 140.5026034, 35.7944509 ], [ 140.502574, 35.7945843 ], [ 140.5025483, 35.7946992 ] ] ] ] } },
{ "type": "Feature", "properties": { "fid": 154, "field_id": 5614830, "location": "1-3", "field_seq": null, "field_no": "西田部字部田1389", "farmer_cd": "k81", "farmer": "角田勝美", "crop": null, "area": 9.6, "calc_area": 10.39, "remark": 3, "tiban": "1389" }, "geometry": { "type": "MultiPolygon", "coordinates": [ [ [ [ 140.5029706, 35.7953368 ], [ 140.50317290000001, 35.7953053 ], [ 140.5030467, 35.7948097 ], [ 140.5028405, 35.7948462 ], [ 140.5029088, 35.7950801 ], [ 140.502951200000012, 35.7952568 ], [ 140.5029706, 35.7953368 ] ] ] ] } },
{ "type": "Feature", "properties": { "fid": 155, "field_id": 5614253, "location": "1-3", "field_seq": null, "field_no": "西田部字堀尻2405", "farmer_cd": "k77", "farmer": "角田新一", "crop": null, "area": 16.8, "calc_area": 10.36, "remark": 3, "tiban": "2405" }, "geometry": { "type": "MultiPolygon", "coordinates": [ [ [ [ 140.5089542, 35.7972095 ], [ 140.5088814, 35.7972338 ], [ 140.5088204, 35.7972417 ], [ 140.508739, 35.7972426 ], [ 140.5085579, 35.7972271 ], [ 140.5085918, 35.7972635 ], [ 140.5088509, 35.7975617 ], [ 140.5091304, 35.7974042 ], [ 140.5089542, 35.7972095 ] ] ] ] } },
{ "type": "Feature", "properties": { "fid": 156, "field_id": 5614290, "location": "1-3", "field_seq": null, "field_no": "西田部字境町1346.1347", "farmer_cd": "k77", "farmer": "角田新一", "crop": null, "area": 19.8, "calc_area": 20.22, "remark": 3, "tiban": "1346.1347" }, "geometry": { "type": "MultiPolygon", "coordinates": [ [ [ [ 140.5036184, 35.7979306 ], [ 140.5036639, 35.7981123 ], [ 140.5037412, 35.7984206 ], [ 140.5041345, 35.798356 ], [ 140.5040148, 35.797865 ], [ 140.5036184, 35.7979306 ] ] ] ] } },
{ "type": "Feature", "properties": { "fid": 157, "field_id": 5614325, "location": "1-3", "field_seq": null, "field_no": "西田部字境町1348-2", "farmer_cd": "k77", "farmer": "角田新一", "crop": null, "area": 4.0, "calc_area": 3.95, "remark": 3, "tiban": "1348-2" }, "geometry": { "type": "MultiPolygon", "coordinates": [ [ [ [ 140.503412, 35.7979648 ], [ 140.5034579, 35.7981494 ], [ 140.5036639, 35.7981123 ], [ 140.5036184, 35.7979306 ], [ 140.503412, 35.7979648 ] ] ] ] } },
{ "type": "Feature", "properties": { "fid": 158, "field_id": 5614572, "location": "1-5", "field_seq": null, "field_no": "西田部字葛方1024-1", "farmer_cd": "k77", "farmer": "角田新一", "crop": null, "area": 5.9, "calc_area": 5.57, "remark": 5, "tiban": "1024-1" }, "geometry": { "type": "MultiPolygon", "coordinates": [ [ [ [ 140.503273799999988, 35.7922568 ], [ 140.503328399999987, 35.7922684 ], [ 140.503496, 35.7917779 ], [ 140.5033264, 35.7917457 ], [ 140.5033068, 35.7920514 ], [ 140.503273799999988, 35.7922568 ] ] ] ] } },
{ "type": "Feature", "properties": { "fid": 159, "field_id": 5614610, "location": "1-3", "field_seq": null, "field_no": "西田部字部田1371", "farmer_cd": "k77", "farmer": "角田新一", "crop": null, "area": 9.9, "calc_area": 10.22, "remark": 3, "tiban": "1371" }, "geometry": { "type": "MultiPolygon", "coordinates": [ [ [ [ 140.503739200000012, 35.7958726 ], [ 140.5037155, 35.7957757 ], [ 140.503518, 35.7958091 ], [ 140.5036409, 35.7963002 ], [ 140.503842100000014, 35.7962698 ], [ 140.503739200000012, 35.7958726 ] ] ] ] } },
{ "type": "Feature", "properties": { "fid": 160, "field_id": 5614611, "location": "1-3", "field_seq": null, "field_no": "西田部字部田1374", "farmer_cd": "k77", "farmer": "角田新一", "crop": null, "area": 9.9, "calc_area": 10.64, "remark": 3, "tiban": "1374" }, "geometry": { "type": "MultiPolygon", "coordinates": [ [ [ [ 140.503030099999989, 35.796399 ], [ 140.5032386, 35.7963653 ], [ 140.5031151, 35.7958755 ], [ 140.502907599999986, 35.7959088 ], [ 140.5029551, 35.7960989 ], [ 140.503030099999989, 35.796399 ] ] ] ] } },
{ "type": "Feature", "properties": { "fid": 161, "field_id": 5614647, "location": "1-5", "field_seq": null, "field_no": "西田部字葛方1022-1", "farmer_cd": "k77", "farmer": "角田新一", "crop": null, "area": 9.8, "calc_area": 11.16, "remark": 5, "tiban": "1022-1" }, "geometry": { "type": "MultiPolygon", "coordinates": [ [ [ [ 140.503704199999987, 35.7918246 ], [ 140.503537, 35.7923157 ], [ 140.5037484, 35.7923636 ], [ 140.50391350000001, 35.7918722 ], [ 140.503704199999987, 35.7918246 ] ] ] ] } },
{ "type": "Feature", "properties": { "fid": 162, "field_id": 5614649, "location": "1-5", "field_seq": null, "field_no": "西田部字葛方1021", "farmer_cd": "k77", "farmer": "角田新一", "crop": null, "area": 10.0, "calc_area": 10.29, "remark": 5, "tiban": "1021" }, "geometry": { "type": "MultiPolygon", "coordinates": [ [ [ [ 140.50391350000001, 35.7918722 ], [ 140.5037484, 35.7923636 ], [ 140.5039434, 35.7924079 ], [ 140.5041065, 35.791916 ], [ 140.50391350000001, 35.7918722 ] ] ] ] } },
{ "type": "Feature", "properties": { "fid": 163, "field_id": 5614766, "location": "1-5", "field_seq": null, "field_no": "西田部字葛方1020", "farmer_cd": "k77", "farmer": "角田新一", "crop": null, "area": 10.0, "calc_area": 10.45, "remark": 5, "tiban": "1020" }, "geometry": { "type": "MultiPolygon", "coordinates": [ [ [ [ 140.5041065, 35.791916 ], [ 140.5039434, 35.7924079 ], [ 140.504140400000011, 35.7924525 ], [ 140.5043035, 35.7919607 ], [ 140.5041065, 35.791916 ] ] ] ] } },
{ "type": "Feature", "properties": { "fid": 164, "field_id": 5614770, "location": "1-3", "field_seq": null, "field_no": "西田部字部田1370-1", "farmer_cd": "k77", "farmer": "角田新一", "crop": null, "area": 7.9, "calc_area": 8.24, "remark": 3, "tiban": "1370-1" }, "geometry": { "type": "MultiPolygon", "coordinates": [ [ [ [ 140.503739200000012, 35.7958726 ], [ 140.503842100000014, 35.7962698 ], [ 140.5040382, 35.7962369 ], [ 140.5039389, 35.7958392 ], [ 140.5039236, 35.79584 ], [ 140.503739200000012, 35.7958726 ] ] ] ] } },
{ "type": "Feature", "properties": { "fid": 165, "field_id": 5614821, "location": "1-3", "field_seq": null, "field_no": "西田部字部田1372", "farmer_cd": "k77", "farmer": "角田新一", "crop": null, "area": 9.9, "calc_area": 10.56, "remark": 3, "tiban": "1372" }, "geometry": { "type": "MultiPolygon", "coordinates": [ [ [ [ 140.5033135, 35.7958437 ], [ 140.503433300000012, 35.7963339 ], [ 140.50343860000001, 35.796333 ], [ 140.5036359, 35.796301 ], [ 140.5036409, 35.7963002 ], [ 140.503518, 35.7958091 ], [ 140.5033135, 35.7958437 ] ] ] ] } },
{ "type": "Feature", "properties": { "fid": 166, "field_id": 5614833, "location": "1-3", "field_seq": null, "field_no": "西田部字部田1373", "farmer_cd": "k77", "farmer": "角田新一", "crop": null, "area": 9.9, "calc_area": 10.05, "remark": 3, "tiban": "1373" }, "geometry": { "type": "MultiPolygon", "coordinates": [ [ [ [ 140.5031151, 35.7958755 ], [ 140.5032386, 35.7963653 ], [ 140.503433300000012, 35.7963339 ], [ 140.5033135, 35.7958437 ], [ 140.5031151, 35.7958755 ] ] ] ] } },
{ "type": "Feature", "properties": { "fid": 167, "field_id": 5614841, "location": "1-5", "field_seq": null, "field_no": "西田部字葛方1008", "farmer_cd": "k77", "farmer": "角田新一", "crop": null, "area": 10.0, "calc_area": 10.4, "remark": 5, "tiban": "1008" }, "geometry": { "type": "MultiPolygon", "coordinates": [ [ [ [ 140.5039352, 35.7924283 ], [ 140.5037381, 35.7923839 ], [ 140.5035628, 35.7928693 ], [ 140.5035703, 35.7928709 ], [ 140.5037605, 35.7929142 ], [ 140.5039352, 35.7924283 ] ] ] ] } },
{ "type": "Feature", "properties": { "fid": 168, "field_id": 5615898, "location": "1-5", "field_seq": null, "field_no": "西田部字身洗戸1085-5", "farmer_cd": "k77", "farmer": "角田新一", "crop": null, "area": 9.9, "calc_area": 10.29, "remark": 5, "tiban": "1085-5" }, "geometry": { "type": "MultiPolygon", "coordinates": [ [ [ [ 140.5033001, 35.7911647 ], [ 140.5034894, 35.7912055 ], [ 140.5036582, 35.7907094 ], [ 140.503461, 35.7906662 ], [ 140.50343190000001, 35.7907615 ], [ 140.5033001, 35.7911647 ] ] ] ] } },
{ "type": "Feature", "properties": { "fid": 169, "field_id": 5614270, "location": "1-3", "field_seq": null, "field_no": "西田部字向田2391", "farmer_cd": "k78", "farmer": "角田敏弘", "crop": null, "area": 9.6, "calc_area": 9.67, "remark": 3, "tiban": "2391" }, "geometry": { "type": "MultiPolygon", "coordinates": [ [ [ [ 140.508244, 35.797939 ], [ 140.5081854, 35.7979721 ], [ 140.5079796, 35.7979524 ], [ 140.507945799999987, 35.7981905 ], [ 140.5082334, 35.7982237 ], [ 140.5082768, 35.798219 ], [ 140.5083295, 35.7982021 ], [ 140.5084204, 35.7981487 ], [ 140.508244, 35.797939 ] ] ] ] } },
{ "type": "Feature", "properties": { "fid": 170, "field_id": 5614674, "location": "1-3", "field_seq": null, "field_no": "西田部字部田1385-2.1386", "farmer_cd": "k78", "farmer": "角田敏弘", "crop": null, "area": 11.0, "calc_area": 12.26, "remark": 3, "tiban": "1385-2.1386" }, "geometry": { "type": "MultiPolygon", "coordinates": [ [ [ [ 140.503683099999989, 35.7946968 ], [ 140.5034526, 35.7947377 ], [ 140.5035148, 35.7949975 ], [ 140.503553900000014, 35.79514 ], [ 140.503580199999988, 35.7952421 ], [ 140.5037608, 35.795214 ], [ 140.5038068, 35.7952047 ], [ 140.5038054, 35.7951878 ], [ 140.5037858, 35.7951197 ], [ 140.5037453, 35.7949408 ], [ 140.503683099999989, 35.7946968 ] ] ] ] } },
{ "type": "Feature", "properties": { "fid": 171, "field_id": 5615995, "location": "1-3", "field_seq": null, "field_no": "西田部字谷ツ2422", "farmer_cd": "k78", "farmer": "角田敏弘", "crop": null, "area": 19.6, "calc_area": 19.16, "remark": 3, "tiban": "2422" }, "geometry": { "type": "MultiPolygon", "coordinates": [ [ [ [ 140.5104983, 35.7976773 ], [ 140.511022700000012, 35.7977953 ], [ 140.5110402, 35.7977898 ], [ 140.511144, 35.7977122 ], [ 140.511143800000013, 35.7976889 ], [ 140.5110642, 35.7974986 ], [ 140.5109464, 35.7972079 ], [ 140.5105217, 35.7976508 ], [ 140.5104983, 35.7976773 ] ] ] ] } },
{ "type": "Feature", "properties": { "fid": 172, "field_id": 5614661, "location": "1-5", "field_seq": null, "field_no": "西田部字葛方1010-1", "farmer_cd": "k68", "farmer": "角田和男", "crop": null, "area": 9.9, "calc_area": 10.74, "remark": 5, "tiban": "1010-1" }, "geometry": { "type": "MultiPolygon", "coordinates": [ [ [ [ 140.5043364, 35.7925188 ], [ 140.5041292, 35.7924721 ], [ 140.5039606, 35.7929597 ], [ 140.5039663, 35.792961 ], [ 140.504160500000012, 35.7930054 ], [ 140.5042153, 35.7928538 ], [ 140.5043364, 35.7925188 ] ] ] ] } },
{ "type": "Feature", "properties": { "fid": 173, "field_id": 5615815, "location": "1-5", "field_seq": null, "field_no": "西田部字南2343", "farmer_cd": "k68", "farmer": "角田和男", "crop": null, "area": 20.1, "calc_area": 21.71, "remark": 5, "tiban": "2343" }, "geometry": { "type": "MultiPolygon", "coordinates": [ [ [ [ 140.5071499, 35.791034 ], [ 140.507174099999986, 35.7909378 ], [ 140.507255500000014, 35.7906125 ], [ 140.507220100000012, 35.7906142 ], [ 140.5070639, 35.7906373 ], [ 140.5069777, 35.7906547 ], [ 140.5068675, 35.7907074 ], [ 140.506850899999989, 35.7907108 ], [ 140.5068094, 35.7907148 ], [ 140.506739900000014, 35.7907222 ], [ 140.5066845, 35.7907144 ], [ 140.5065443, 35.7906476 ], [ 140.506467500000014, 35.7909152 ], [ 140.5067363, 35.7909616 ], [ 140.506906500000014, 35.7909928 ], [ 140.507079800000014, 35.79103 ], [ 140.507116700000012, 35.7910346 ], [ 140.5071499, 35.791034 ] ] ] ] } },
{ "type": "Feature", "properties": { "fid": 174, "field_id": 5616728, "location": "1-3", "field_seq": null, "field_no": "西田部字境町1337", "farmer_cd": "k68", "farmer": "角田和男", "crop": null, "area": 9.9, "calc_area": 9.99, "remark": 3, "tiban": "1337" }, "geometry": { "type": "MultiPolygon", "coordinates": [ [ [ [ 140.5046749, 35.7988143 ], [ 140.504548199999988, 35.7983249 ], [ 140.5043556, 35.7983562 ], [ 140.5044743, 35.798843 ], [ 140.5046749, 35.7988143 ] ] ] ] } },
{ "type": "Feature", "properties": { "fid": 175, "field_id": 5616729, "location": "1-3", "field_seq": null, "field_no": "西田部字境町1336-1", "farmer_cd": "k68", "farmer": "角田和男", "crop": null, "area": 5.3, "calc_area": 4.9, "remark": 3, "tiban": "1336-1" }, "geometry": { "type": "MultiPolygon", "coordinates": [ [ [ [ 140.504174299999988, 35.7983874 ], [ 140.5042288, 35.7986516 ], [ 140.504416600000013, 35.79861 ], [ 140.5043492, 35.7983588 ], [ 140.504174299999988, 35.7983874 ] ] ] ] } },
{ "type": "Feature", "properties": { "fid": 176, "field_id": 5616730, "location": "1-3", "field_seq": null, "field_no": "西田部字境町1336-2", "farmer_cd": "k68", "farmer": "角田和男", "crop": null, "area": 4.5, "calc_area": 4.34, "remark": 3, "tiban": "1336-2" }, "geometry": { "type": "MultiPolygon", "coordinates": [ [ [ [ 140.5042336, 35.7986568 ], [ 140.504275400000012, 35.7988651 ], [ 140.504475899999989, 35.7988417 ], [ 140.5044198, 35.7986178 ], [ 140.5042336, 35.7986568 ] ] ] ] } },
{ "type": "Feature", "properties": { "fid": 177, "field_id": 5615047, "location": "1-2　", "field_seq": null, "field_no": "荒北字杉山下1776", "farmer_cd": "k10", "farmer": "吉田絹枝(荒北1176）", "crop": null, "area": 14.7, "calc_area": 16.69, "remark": 2, "tiban": "1776" }, "geometry": { "type": "MultiPolygon", "coordinates": [ [ [ [ 140.493450700000011, 35.8164469 ], [ 140.4937962, 35.8160913 ], [ 140.4938162, 35.816051 ], [ 140.493808699999988, 35.8160441 ], [ 140.493572300000011, 35.8158806 ], [ 140.49341290000001, 35.8160481 ], [ 140.493191599999989, 35.8162796 ], [ 140.493450700000011, 35.8164469 ] ] ] ] } },
{ "type": "Feature", "properties": { "fid": 178, "field_id": 5614086, "location": "1-3", "field_seq": null, "field_no": "西田部字境町1314", "farmer_cd": "k010", "farmer": "吉田絹枝（山倉2921-1)", "crop": null, "area": 9.4, "calc_area": 9.83, "remark": 3, "tiban": "1314" }, "geometry": { "type": "MultiPolygon", "coordinates": [ [ [ [ 140.50372010000001, 35.8000361 ], [ 140.5039076, 35.8000046 ], [ 140.5037901, 35.7995138 ], [ 140.5035935, 35.7995474 ], [ 140.50372010000001, 35.8000361 ] ] ] ] } },
{ "type": "Feature", "properties": { "fid": 179, "field_id": 5613697, "location": "1-2　", "field_seq": null, "field_no": "荒北字根崎1815", "farmer_cd": "k127", "farmer": "橋健一(荒北806）", "crop": null, "area": 10.9, "calc_area": 10.89, "remark": null, "tiban": "1815" }, "geometry": { "type": "MultiPolygon", "coordinates": [ [ [ [ 140.49407901, 35.813039417 ], [ 140.494306714, 35.813045237 ], [ 140.494320905, 35.812662512 ], [ 140.494321142, 35.812574667 ], [ 140.494309356, 35.812552288 ], [ 140.494112480000013, 35.812541323 ], [ 140.494092538, 35.812851007 ], [ 140.49407901, 35.813039417 ] ] ] ] } },
{ "type": "Feature", "properties": { "fid": 180, "field_id": 5615026, "location": "1-2　", "field_seq": null, "field_no": "荒北字杉山下1781-1", "farmer_cd": "k127", "farmer": "橋健一(荒北806）", "crop": null, "area": 9.9, "calc_area": 10.57, "remark": 2, "tiban": "1781-1" }, "geometry": { "type": "MultiPolygon", "coordinates": [ [ [ [ 140.492461, 35.8158128 ], [ 140.4925481, 35.8158695 ], [ 140.4926275, 35.8159186 ], [ 140.493007, 35.8155207 ], [ 140.4929607, 35.8154924 ], [ 140.492847399999988, 35.8154174 ], [ 140.4927494, 35.8155141 ], [ 140.492461, 35.8158128 ] ] ] ] } },
{ "type": "Feature", "properties": { "fid": 181, "field_id": 5615028, "location": "1-2　", "field_seq": null, "field_no": "荒北字杉山下1778", "farmer_cd": "k127", "farmer": "橋健一(荒北806）", "crop": null, "area": 9.8, "calc_area": 9.92, "remark": 2, "tiban": "1778" }, "geometry": { "type": "MultiPolygon", "coordinates": [ [ [ [ 140.493336699999986, 35.8157288 ], [ 140.492952800000012, 35.8161234 ], [ 140.4931066, 35.8162218 ], [ 140.493491400000011, 35.8158294 ], [ 140.493336699999986, 35.8157288 ] ] ] ] } },
{ "type": "Feature", "properties": { "fid": 182, "field_id": 5615049, "location": "1-2　", "field_seq": null, "field_no": "荒北字杉山下1777", "farmer_cd": "k127", "farmer": "橋健一(荒北806）", "crop": null, "area": 4.0, "calc_area": 5.39, "remark": 2, "tiban": "1777" }, "geometry": { "type": "MultiPolygon", "coordinates": [ [ [ [ 140.493191599999989, 35.8162796 ], [ 140.49341290000001, 35.8160481 ], [ 140.493572300000011, 35.8158806 ], [ 140.493491400000011, 35.8158294 ], [ 140.4931066, 35.8162218 ], [ 140.493191599999989, 35.8162796 ] ] ] ] } },
{ "type": "Feature", "properties": { "fid": 183, "field_id": 5615355, "location": "1-4", "field_seq": null, "field_no": "沢字平山537", "farmer_cd": "k117", "farmer": "髙橋　正之", "crop": null, "area": 13.9, "calc_area": 16.1, "remark": 4, "tiban": "537" }, "geometry": { "type": "MultiPolygon", "coordinates": [ [ [ [ 140.4773928, 35.797499 ], [ 140.4775314, 35.7975361 ], [ 140.4778948, 35.7976225 ], [ 140.478173700000013, 35.7976923 ], [ 140.4782449, 35.7974947 ], [ 140.4782467, 35.7974897 ], [ 140.477624100000014, 35.7973444 ], [ 140.4775309, 35.7973693 ], [ 140.4774395, 35.7973872 ], [ 140.4773928, 35.797499 ] ] ] ] } },
{ "type": "Feature", "properties": { "fid": 184, "field_id": 5615356, "location": "1-4", "field_seq": null, "field_no": "沢字平山541", "farmer_cd": "k117", "farmer": "髙橋　正之", "crop": null, "area": 14.7, "calc_area": 15.79, "remark": 4, "tiban": "541" }, "geometry": { "type": "MultiPolygon", "coordinates": [ [ [ [ 140.477978, 35.7982371 ], [ 140.478047299999986, 35.7980639 ], [ 140.478048699999988, 35.7980595 ], [ 140.477777800000013, 35.7979963 ], [ 140.4772501, 35.7978724 ], [ 140.477216700000014, 35.7979637 ], [ 140.477181800000011, 35.7980525 ], [ 140.4776166, 35.7981586 ], [ 140.477978, 35.7982371 ] ] ] ] } },
{ "type": "Feature", "properties": { "fid": 185, "field_id": 5615363, "location": "1-4", "field_seq": null, "field_no": "沢字神田1915", "farmer_cd": "k117", "farmer": "髙橋　正之", "crop": null, "area": 12.0, "calc_area": 13.32, "remark": 4, "tiban": "1915" }, "geometry": { "type": "MultiPolygon", "coordinates": [ [ [ [ 140.4739749, 35.7968039 ], [ 140.474173, 35.7967322 ], [ 140.4746816, 35.7965976 ], [ 140.474762, 35.7965694 ], [ 140.4744768, 35.7964653 ], [ 140.474435, 35.7964549 ], [ 140.4744206, 35.79646 ], [ 140.4741807, 35.796543 ], [ 140.4738903, 35.7966405 ], [ 140.4739045, 35.7966688 ], [ 140.4739749, 35.7968039 ] ] ] ] } },
{ "type": "Feature", "properties": { "fid": 186, "field_id": 5615366, "location": "1-4", "field_seq": null, "field_no": "沢字平山538", "farmer_cd": "k117", "farmer": "髙橋　正之", "crop": null, "area": 14.5, "calc_area": 16.04, "remark": 4, "tiban": "538" }, "geometry": { "type": "MultiPolygon", "coordinates": [ [ [ [ 140.478102799999988, 35.7979 ], [ 140.47817280000001, 35.7977106 ], [ 140.4779719, 35.7976611 ], [ 140.477396199999987, 35.7975209 ], [ 140.477373199999988, 35.7975162 ], [ 140.477313400000014, 35.797695 ], [ 140.4778061, 35.7978235 ], [ 140.478102799999988, 35.7979 ] ] ] ] } },
{ "type": "Feature", "properties": { "fid": 187, "field_id": 5615367, "location": "1-4", "field_seq": null, "field_no": "沢字神田1901-2", "farmer_cd": "k117", "farmer": "髙橋　正之", "crop": null, "area": 2.1, "calc_area": 2.21, "remark": 4, "tiban": "1901-2" }, "geometry": { "type": "MultiPolygon", "coordinates": [ [ [ [ 140.475888, 35.7975661 ], [ 140.4761267, 35.7976616 ], [ 140.476173, 35.7975773 ], [ 140.4759317, 35.7974991 ], [ 140.475888, 35.7975661 ] ] ] ] } },
{ "type": "Feature", "properties": { "fid": 188, "field_id": 5615371, "location": "1-4", "field_seq": null, "field_no": "沢字平山548-1", "farmer_cd": "k117", "farmer": "髙橋　正之", "crop": null, "area": 14.9, "calc_area": 18.02, "remark": 4, "tiban": "548-1" }, "geometry": { "type": "MultiPolygon", "coordinates": [ [ [ [ 140.476337699999988, 35.7973581 ], [ 140.4767252, 35.7975017 ], [ 140.4771715, 35.7976644 ], [ 140.4771922, 35.7976056 ], [ 140.4772189, 35.7974936 ], [ 140.4772187, 35.7974692 ], [ 140.4772065, 35.7974593 ], [ 140.476816, 35.7973098 ], [ 140.476463099999989, 35.7971856 ], [ 140.4764391, 35.7971806 ], [ 140.4764173, 35.7972178 ], [ 140.4763608, 35.7973156 ], [ 140.476337699999988, 35.7973581 ] ] ] ] } },
{ "type": "Feature", "properties": { "fid": 189, "field_id": 5615392, "location": "1-4", "field_seq": null, "field_no": "沢字平山526-1", "farmer_cd": "k117", "farmer": "髙橋　正之", "crop": null, "area": 14.6, "calc_area": 15.03, "remark": 4, "tiban": "526-1" }, "geometry": { "type": "MultiPolygon", "coordinates": [ [ [ [ 140.4780673, 35.7980743 ], [ 140.478712, 35.798234 ], [ 140.47887990000001, 35.7982764 ], [ 140.4789256, 35.7981383 ], [ 140.478937800000011, 35.7981041 ], [ 140.4787868, 35.798067 ], [ 140.4781288, 35.7979055 ], [ 140.4781037, 35.7979771 ], [ 140.4780673, 35.7980743 ] ] ] ] } },
{ "type": "Feature", "properties": { "fid": 190, "field_id": 5615398, "location": "1-4", "field_seq": null, "field_no": "沢字平山523-1", "farmer_cd": "k117", "farmer": "髙橋　正之", "crop": null, "area": 2.8, "calc_area": 5.79, "remark": 4, "tiban": "523-1" }, "geometry": { "type": "MultiPolygon", "coordinates": [ [ [ [ 140.479184800000013, 35.7986352 ], [ 140.479153599999989, 35.7986922 ], [ 140.479153599999989, 35.7987049 ], [ 140.47914320000001, 35.7987281 ], [ 140.4791342, 35.7987548 ], [ 140.479222600000014, 35.7987783 ], [ 140.479361399999988, 35.7988082 ], [ 140.4796039, 35.7988403 ], [ 140.4796379, 35.7987653 ], [ 140.4796442, 35.7987511 ], [ 140.4794595, 35.7987029 ], [ 140.4791663, 35.7986276 ], [ 140.478822900000011, 35.7985317 ], [ 140.479184800000013, 35.7986352 ] ] ] ] } },
{ "type": "Feature", "properties": { "fid": 191, "field_id": 5615401, "location": "1-4", "field_seq": null, "field_no": "沢字平山521", "farmer_cd": "k117", "farmer": "髙橋　正之", "crop": null, "area": 14.5, "calc_area": 16.01, "remark": 4, "tiban": "521" }, "geometry": { "type": "MultiPolygon", "coordinates": [ [ [ [ 140.4797118, 35.7985966 ], [ 140.479753100000011, 35.7984891 ], [ 140.4794429, 35.7984126 ], [ 140.4789008, 35.7982807 ], [ 140.47887, 35.7983701 ], [ 140.478841, 35.7984499 ], [ 140.4793104, 35.7985687 ], [ 140.4796823, 35.7986639 ], [ 140.4797118, 35.7985966 ] ] ] ] } },
{ "type": "Feature", "properties": { "fid": 192, "field_id": 5615403, "location": "1-4", "field_seq": null, "field_no": "沢字平山520", "farmer_cd": "k117", "farmer": "髙橋　正之", "crop": null, "area": 14.8, "calc_area": 14.71, "remark": 4, "tiban": "520" }, "geometry": { "type": "MultiPolygon", "coordinates": [ [ [ [ 140.4797948, 35.7983804 ], [ 140.4798098, 35.7983358 ], [ 140.4794066, 35.7982322 ], [ 140.47895650000001, 35.7981188 ], [ 140.4789008, 35.7982807 ], [ 140.4794429, 35.7984126 ], [ 140.479753100000011, 35.7984891 ], [ 140.4797948, 35.7983804 ] ] ] ] } },
{ "type": "Feature", "properties": { "fid": 193, "field_id": 5615411, "location": "1-4", "field_seq": null, "field_no": "沢字神田1910", "farmer_cd": "k117", "farmer": "髙橋　正之", "crop": null, "area": 14.4, "calc_area": 17.87, "remark": 4, "tiban": "1910" }, "geometry": { "type": "MultiPolygon", "coordinates": [ [ [ [ 140.475517200000013, 35.7970689 ], [ 140.4756231, 35.7968812 ], [ 140.4748368, 35.7965923 ], [ 140.4747631, 35.7967365 ], [ 140.4747346, 35.796787 ], [ 140.47494660000001, 35.7968604 ], [ 140.4752887, 35.796985 ], [ 140.475517200000013, 35.7970689 ] ] ] ] } },
{ "type": "Feature", "properties": { "fid": 194, "field_id": 5615424, "location": "1-4", "field_seq": null, "field_no": "沢字平山525", "farmer_cd": "k117", "farmer": "髙橋　正之", "crop": null, "area": 14.5, "calc_area": 15.52, "remark": 4, "tiban": "525" }, "geometry": { "type": "MultiPolygon", "coordinates": [ [ [ [ 140.478, 35.7982538 ], [ 140.4783961, 35.7983438 ], [ 140.4788196, 35.7984483 ], [ 140.478872599999988, 35.7982983 ], [ 140.47887990000001, 35.7982764 ], [ 140.478712, 35.798234 ], [ 140.4780673, 35.7980743 ], [ 140.478, 35.7982538 ] ] ] ] } },
{ "type": "Feature", "properties": { "fid": 195, "field_id": 5615430, "location": "1-4", "field_seq": null, "field_no": "沢字平山542-2", "farmer_cd": "k117", "farmer": "髙橋　正之", "crop": null, "area": 5.1, "calc_area": 7.19, "remark": 4, "tiban": "542-2" }, "geometry": { "type": "MultiPolygon", "coordinates": [ [ [ [ 140.477122, 35.7982323 ], [ 140.477278, 35.7982349 ], [ 140.4775199, 35.7982805 ], [ 140.4775845, 35.7982958 ], [ 140.4775979, 35.7982393 ], [ 140.4776273, 35.7981611 ], [ 140.477978, 35.7982371 ], [ 140.4776166, 35.7981586 ], [ 140.477181800000011, 35.7980525 ], [ 140.477117, 35.7982172 ], [ 140.4771146, 35.7982303 ], [ 140.477122, 35.7982323 ] ] ] ] } },
{ "type": "Feature", "properties": { "fid": 196, "field_id": 5615435, "location": "1-4", "field_seq": null, "field_no": "沢字平山535", "farmer_cd": "k117", "farmer": "髙橋　正之", "crop": null, "area": 5.2, "calc_area": 6.99, "remark": 4, "tiban": "535" }, "geometry": { "type": "MultiPolygon", "coordinates": [ [ [ [ 140.4782964, 35.7973405 ], [ 140.47831690000001, 35.7972977 ], [ 140.47835950000001, 35.797196 ], [ 140.478276099999988, 35.7971567 ], [ 140.4781283, 35.797127 ], [ 140.478058, 35.7971236 ], [ 140.4779785, 35.7971392 ], [ 140.477878299999986, 35.7971932 ], [ 140.4778355, 35.7972371 ], [ 140.477885, 35.7972434 ], [ 140.477963100000011, 35.7972687 ], [ 140.4782964, 35.7973405 ] ] ] ] } },
{ "type": "Feature", "properties": { "fid": 197, "field_id": 5615437, "location": "1-4", "field_seq": null, "field_no": "沢字平山522", "farmer_cd": "k117", "farmer": "髙橋　正之", "crop": null, "area": 7.2, "calc_area": 7.84, "remark": 4, "tiban": "522" }, "geometry": { "type": "MultiPolygon", "coordinates": [ [ [ [ 140.478822900000011, 35.7985317 ], [ 140.4791663, 35.7986276 ], [ 140.4794595, 35.7987029 ], [ 140.4796442, 35.7987511 ], [ 140.4796823, 35.7986639 ], [ 140.4793104, 35.7985687 ], [ 140.478841, 35.7984499 ], [ 140.478822900000011, 35.7985317 ] ] ] ] } },
{ "type": "Feature", "properties": { "fid": 198, "field_id": 5615438, "location": "1-4", "field_seq": null, "field_no": "沢字平山546-1", "farmer_cd": "k117", "farmer": "髙橋　正之", "crop": null, "area": 15.9, "calc_area": 17.25, "remark": 4, "tiban": "546-1" }, "geometry": { "type": "MultiPolygon", "coordinates": [ [ [ [ 140.476154400000013, 35.7976887 ], [ 140.4767225, 35.7978935 ], [ 140.4770481, 35.7980131 ], [ 140.4770787, 35.7979267 ], [ 140.4771117, 35.7978334 ], [ 140.47692570000001, 35.7977681 ], [ 140.476239, 35.7975325 ], [ 140.4761799, 35.7976261 ], [ 140.476154400000013, 35.7976887 ] ] ] ] } },
{ "type": "Feature", "properties": { "fid": 199, "field_id": 5615441, "location": "1-4", "field_seq": null, "field_no": "沢字平山547-1", "farmer_cd": "k117", "farmer": "髙橋　正之", "crop": null, "area": 15.4, "calc_area": 17.05, "remark": 4, "tiban": "547-1" }, "geometry": { "type": "MultiPolygon", "coordinates": [ [ [ [ 140.476239, 35.7975325 ], [ 140.47692570000001, 35.7977681 ], [ 140.4771117, 35.7978334 ], [ 140.477168400000011, 35.7976732 ], [ 140.4771715, 35.7976644 ], [ 140.4767252, 35.7975017 ], [ 140.476337699999988, 35.7973581 ], [ 140.476296600000012, 35.7974219 ], [ 140.476239, 35.7975325 ] ] ] ] } },
{ "type": "Feature", "properties": { "fid": 200, "field_id": 5615443, "location": "1-4", "field_seq": null, "field_no": "沢字平山526-2", "farmer_cd": "k117", "farmer": "髙橋　正之", "crop": null, "area": 14.6, "calc_area": 16.89, "remark": 4, "tiban": "526-2" }, "geometry": { "type": "MultiPolygon", "coordinates": [ [ [ [ 140.4781288, 35.7979055 ], [ 140.4787868, 35.798067 ], [ 140.478937800000011, 35.7981041 ], [ 140.4790059, 35.7979127 ], [ 140.4787258, 35.7978424 ], [ 140.478196, 35.7977163 ], [ 140.4781934, 35.7977207 ], [ 140.4781288, 35.7979055 ] ] ] ] } },
{ "type": "Feature", "properties": { "fid": 201, "field_id": 5615445, "location": "1-4", "field_seq": null, "field_no": "沢字平山519", "farmer_cd": "k117", "farmer": "髙橋　正之", "crop": null, "area": 14.9, "calc_area": 19.6, "remark": 4, "tiban": "519" }, "geometry": { "type": "MultiPolygon", "coordinates": [ [ [ [ 140.4798855, 35.7980873 ], [ 140.479766399999988, 35.7980757 ], [ 140.479639, 35.7980616 ], [ 140.479518500000012, 35.7980351 ], [ 140.4793434, 35.7979963 ], [ 140.479024399999986, 35.79792 ], [ 140.478986, 35.7980329 ], [ 140.47895650000001, 35.7981188 ], [ 140.4794066, 35.7982322 ], [ 140.4798098, 35.7983358 ], [ 140.479876499999989, 35.7981375 ], [ 140.479892400000011, 35.7980874 ], [ 140.4798855, 35.7980873 ] ] ] ] } },
{ "type": "Feature", "properties": { "fid": 202, "field_id": 5616709, "location": "1-4", "field_seq": null, "field_no": "沢字平山523-2", "farmer_cd": "k117", "farmer": "髙橋　正之", "crop": null, "area": 6.3, "calc_area": 2.51, "remark": 4, "tiban": "523-2" }, "geometry": { "type": "MultiPolygon", "coordinates": [ [ [ [ 140.478828099999987, 35.7985465 ], [ 140.4791224, 35.7987598 ], [ 140.4791822, 35.7986331 ], [ 140.478828099999987, 35.7985465 ] ] ] ] } },
{ "type": "Feature", "properties": { "fid": 203, "field_id": 5616710, "location": "1-4", "field_seq": null, "field_no": "沢字平山536", "farmer_cd": "k117", "farmer": "髙橋　正之", "crop": null, "area": 9.6, "calc_area": 8.93, "remark": 4, "tiban": "536" }, "geometry": { "type": "MultiPolygon", "coordinates": [ [ [ [ 140.4782964, 35.7973384 ], [ 140.477838100000014, 35.7972392 ], [ 140.4776168, 35.797349 ], [ 140.4782495, 35.7974947 ], [ 140.4782964, 35.7973384 ] ] ] ] } },
{ "type": "Feature", "properties": { "fid": 204, "field_id": 5616711, "location": "1-4", "field_seq": null, "field_no": "沢字神田1901-1", "farmer_cd": "k117", "farmer": "髙橋　正之", "crop": null, "area": 9.3, "calc_area": 16.32, "remark": 4, "tiban": "1901-1" }, "geometry": { "type": "MultiPolygon", "coordinates": [ [ [ [ 140.476173, 35.7975773 ], [ 140.4762632, 35.7974173 ], [ 140.4755007, 35.7971503 ], [ 140.475427, 35.7972826 ], [ 140.4754685, 35.7972942 ], [ 140.4755304, 35.7973223 ], [ 140.4755901, 35.7973677 ], [ 140.475664, 35.797426 ], [ 140.4757193, 35.7975052 ], [ 140.475888, 35.7975661 ], [ 140.4759317, 35.7974991 ], [ 140.476173, 35.7975773 ] ] ] ] } },
{ "type": "Feature", "properties": { "fid": 205, "field_id": 5616712, "location": "1-4", "field_seq": null, "field_no": "沢字神田1902-1", "farmer_cd": "k117", "farmer": "髙橋　正之", "crop": null, "area": 14.6, "calc_area": 14.05, "remark": 4, "tiban": "1902-1" }, "geometry": { "type": "MultiPolygon", "coordinates": [ [ [ [ 140.4762632, 35.7974173 ], [ 140.4763, 35.797352 ], [ 140.4763295, 35.7973105 ], [ 140.476353100000011, 35.7972676 ], [ 140.4755858, 35.7969953 ], [ 140.4755405, 35.7970784 ], [ 140.4755286, 35.7971002 ], [ 140.4755007, 35.7971503 ], [ 140.4762632, 35.7974173 ] ] ] ] } },
{ "type": "Feature", "properties": { "fid": 206, "field_id": 5616713, "location": "1-4", "field_seq": null, "field_no": "沢字神田1904-1", "farmer_cd": "k117", "farmer": "髙橋　正之", "crop": null, "area": 6.7, "calc_area": 3.5, "remark": 4, "tiban": "1904-1" }, "geometry": { "type": "MultiPolygon", "coordinates": [ [ [ [ 140.4755858, 35.7969953 ], [ 140.476353100000011, 35.7972676 ], [ 140.4763565, 35.7972616 ], [ 140.4763735, 35.7972294 ], [ 140.475606699999986, 35.7969571 ], [ 140.4755858, 35.7969953 ] ] ] ] } },
{ "type": "Feature", "properties": { "fid": 207, "field_id": 5616715, "location": "1-4", "field_seq": null, "field_no": "沢字神田1914-2", "farmer_cd": "k117", "farmer": "髙橋　正之", "crop": null, "area": 10.7, "calc_area": 9.96, "remark": 4, "tiban": "1914-2" }, "geometry": { "type": "MultiPolygon", "coordinates": [ [ [ [ 140.4739883, 35.796806 ], [ 140.4740552, 35.7969342 ], [ 140.4746977, 35.7967257 ], [ 140.4747673, 35.7965737 ], [ 140.4739883, 35.796806 ] ] ] ] } },
{ "type": "Feature", "properties": { "fid": 208, "field_id": 5616716, "location": "1-4", "field_seq": null, "field_no": "沢字平山540-3", "farmer_cd": "k117", "farmer": "髙橋　正之", "crop": null, "area": 3.8, "calc_area": 4.49, "remark": 4, "tiban": "540-3" }, "geometry": { "type": "MultiPolygon", "coordinates": [ [ [ [ 140.4772501, 35.7978724 ], [ 140.477777800000013, 35.7979963 ], [ 140.478048699999988, 35.7980595 ], [ 140.478065500000014, 35.7980095 ], [ 140.4772697, 35.797819 ], [ 140.4772501, 35.7978724 ] ] ] ] } },
{ "type": "Feature", "properties": { "fid": 209, "field_id": 5616717, "location": "1-4", "field_seq": null, "field_no": "沢字平山540-1", "farmer_cd": "k117", "farmer": "髙橋　正之", "crop": null, "area": 10.6, "calc_area": 10.05, "remark": 4, "tiban": "540-1" }, "geometry": { "type": "MultiPolygon", "coordinates": [ [ [ [ 140.478065500000014, 35.7980095 ], [ 140.4780977, 35.7979138 ], [ 140.478102799999988, 35.7979 ], [ 140.4778061, 35.7978235 ], [ 140.477313400000014, 35.797695 ], [ 140.4772955, 35.7977486 ], [ 140.4772697, 35.797819 ], [ 140.478065500000014, 35.7980095 ] ] ] ] } },
{ "type": "Feature", "properties": { "fid": 210, "field_id": 5616718, "location": "1-4", "field_seq": null, "field_no": "沢字平山542-1", "farmer_cd": "k117", "farmer": "髙橋　正之", "crop": null, "area": 7.5, "calc_area": 4.77, "remark": 4, "tiban": "542-1" }, "geometry": { "type": "MultiPolygon", "coordinates": [ [ [ [ 140.477624600000013, 35.7981698 ], [ 140.477573799999988, 35.7982958 ], [ 140.4779218, 35.7983609 ], [ 140.4779834, 35.7982393 ], [ 140.477624600000013, 35.7981698 ] ] ] ] } },
{ "type": "Feature", "properties": { "fid": 211, "field_id": 5616719, "location": "1-4", "field_seq": null, "field_no": "沢字平山543-1", "farmer_cd": "k117", "farmer": "髙橋　正之", "crop": null, "area": 1.8, "calc_area": 2.54, "remark": 4, "tiban": "543-1" }, "geometry": { "type": "MultiPolygon", "coordinates": [ [ [ [ 140.4767412, 35.7983166 ], [ 140.4767865, 35.7983003 ], [ 140.4768463, 35.7982735 ], [ 140.4769029, 35.7982362 ], [ 140.4769609, 35.7981849 ], [ 140.476965799999988, 35.7981788 ], [ 140.4768058, 35.7981219 ], [ 140.4766971, 35.7982996 ], [ 140.4767412, 35.7983166 ] ] ] ] } },
{ "type": "Feature", "properties": { "fid": 212, "field_id": 5616062, "location": "1-1", "field_seq": null, "field_no": "助沢字新田橋上600-1,-2", "farmer_cd": "k124", "farmer": "玉井和明", "crop": null, "area": 14.1, "calc_area": 17.52, "remark": 1, "tiban": "600-1,-2" }, "geometry": { "type": "MultiPolygon", "coordinates": [ [ [ [ 140.504450100000014, 35.834077 ], [ 140.5046514, 35.834055 ], [ 140.504640099999989, 35.8340136 ], [ 140.5046427, 35.8339979 ], [ 140.50465220000001, 35.8339783 ], [ 140.5046514, 35.8339643 ], [ 140.5046457, 35.8339459 ], [ 140.504628200000013, 35.8339063 ], [ 140.504619, 35.8338694 ], [ 140.5046087, 35.8337901 ], [ 140.5045939, 35.8336671 ], [ 140.5045606, 35.8333806 ], [ 140.5045519, 35.8333303 ], [ 140.504539200000011, 35.8332823 ], [ 140.504534799999988, 35.8332544 ], [ 140.504533400000014, 35.8331845 ], [ 140.5043325, 35.8332018 ], [ 140.5043487, 35.8333085 ], [ 140.5044039, 35.83373 ], [ 140.504450100000014, 35.834077 ] ] ] ] } },
{ "type": "Feature", "properties": { "fid": 213, "field_id": 5615695, "location": "1-4", "field_seq": null, "field_no": "沢字スネヤ3082-1", "farmer_cd": "k103", "farmer": "戸村邦夫", "crop": null, "area": 14.9, "calc_area": 15.33, "remark": 4, "tiban": "3082-1" }, "geometry": { "type": "MultiPolygon", "coordinates": [ [ [ [ 140.455335600000012, 35.8088432 ], [ 140.455335, 35.8088389 ], [ 140.455484500000011, 35.8087064 ], [ 140.4555446, 35.8086335 ], [ 140.4555784, 35.8085873 ], [ 140.4552215, 35.8082915 ], [ 140.455178600000011, 35.8083517 ], [ 140.455098099999987, 35.8084553 ], [ 140.4550768, 35.8084743 ], [ 140.4550074, 35.8085346 ], [ 140.455024400000013, 35.8085439 ], [ 140.455335600000012, 35.8088432 ] ] ] ] } },
{ "type": "Feature", "properties": { "fid": 214, "field_id": 5616659, "location": "1-4", "field_seq": null, "field_no": "沢字スネヤ3082-2", "farmer_cd": "k103", "farmer": "戸村邦夫", "crop": null, "area": 0.6, "calc_area": 2.47, "remark": 4, "tiban": "3082-2" }, "geometry": { "type": "MultiPolygon", "coordinates": [ [ [ [ 140.455339900000013, 35.8088415 ], [ 140.4550094, 35.8085265 ], [ 140.454962200000011, 35.8085666 ], [ 140.4553012, 35.8088693 ], [ 140.455339900000013, 35.8088415 ] ] ] ] } },
{ "type": "Feature", "properties": { "fid": 215, "field_id": 5615746, "location": "1-4", "field_seq": null, "field_no": "沢字福良芝3042", "farmer_cd": "k104", "farmer": "江尻昭", "crop": null, "area": 17.0, "calc_area": 18.82, "remark": 4, "tiban": "3042" }, "geometry": { "type": "MultiPolygon", "coordinates": [ [ [ [ 140.4615928, 35.8016301 ], [ 140.4618034, 35.8018133 ], [ 140.461968500000012, 35.8019594 ], [ 140.4620089, 35.8019265 ], [ 140.462067499999989, 35.8018893 ], [ 140.4622507, 35.8017839 ], [ 140.462278, 35.8017685 ], [ 140.46198960000001, 35.8013893 ], [ 140.4619151, 35.8014583 ], [ 140.4618539, 35.8014955 ], [ 140.4617337, 35.8015691 ], [ 140.46170570000001, 35.8015871 ], [ 140.461603, 35.8016237 ], [ 140.4615928, 35.8016301 ] ] ] ] } },
{ "type": "Feature", "properties": { "fid": 216, "field_id": 5616283, "location": "1-1", "field_seq": null, "field_no": "岩部字九沢3682", "farmer_cd": "k26", "farmer": "香取寿男", "crop": null, "area": 9.9, "calc_area": 10.82, "remark": 1, "tiban": "3682" }, "geometry": { "type": "MultiPolygon", "coordinates": [ [ [ [ 140.5183686, 35.8179655 ], [ 140.5184585, 35.8178108 ], [ 140.5181646, 35.8176923 ], [ 140.517896400000012, 35.8175862 ], [ 140.5178057, 35.8177424 ], [ 140.5183686, 35.8179655 ] ] ] ] } },
{ "type": "Feature", "properties": { "fid": 217, "field_id": 5616448, "location": "1-1", "field_seq": null, "field_no": "高萩字太田1322", "farmer_cd": "k26", "farmer": "香取寿男", "crop": null, "area": 23.7, "calc_area": 26.59, "remark": 1, "tiban": "1322" }, "geometry": { "type": "MultiPolygon", "coordinates": [ [ [ [ 140.5387007, 35.8129473 ], [ 140.5387646, 35.8131164 ], [ 140.53880860000001, 35.8132475 ], [ 140.5389255, 35.8131888 ], [ 140.5390995, 35.8130948 ], [ 140.5392276, 35.8130288 ], [ 140.539264300000013, 35.813008 ], [ 140.5392961, 35.8129935 ], [ 140.539334700000012, 35.8129689 ], [ 140.539635, 35.8125926 ], [ 140.539306399999987, 35.8125038 ], [ 140.5392458, 35.8126377 ], [ 140.5391047, 35.8127835 ], [ 140.5390597, 35.8128163 ], [ 140.5389697, 35.8128654 ], [ 140.5389013, 35.812891 ], [ 140.5387824, 35.8129273 ], [ 140.5387007, 35.8129473 ] ] ] ] } },
{ "type": "Feature", "properties": { "fid": 218, "field_id": 5616454, "location": "1-1", "field_seq": null, "field_no": "高萩字太田1313-1", "farmer_cd": "k26", "farmer": "香取寿男", "crop": null, "area": 10.5, "calc_area": 7.22, "remark": 1, "tiban": "1313-1" }, "geometry": { "type": "MultiPolygon", "coordinates": [ [ [ [ 140.53786740000001, 35.8133022 ], [ 140.537792200000013, 35.8133225 ], [ 140.5377877, 35.8133281 ], [ 140.5378102, 35.8133925 ], [ 140.538747300000011, 35.8131624 ], [ 140.5387194, 35.8130861 ], [ 140.5385394, 35.8131341 ], [ 140.5383435, 35.8131858 ], [ 140.538152200000013, 35.8132339 ], [ 140.53786740000001, 35.8133022 ] ] ] ] } },
{ "type": "Feature", "properties": { "fid": 219, "field_id": 5616455, "location": "1-1", "field_seq": null, "field_no": "高萩字太田1311", "farmer_cd": "k26", "farmer": "香取寿男", "crop": null, "area": 9.7, "calc_area": 11.63, "remark": 1, "tiban": "1311" }, "geometry": { "type": "MultiPolygon", "coordinates": [ [ [ [ 140.538587799999988, 35.8127321 ], [ 140.538472899999988, 35.8127493 ], [ 140.5382477, 35.8127289 ], [ 140.5381448, 35.8127176 ], [ 140.5380228, 35.8127368 ], [ 140.5375991, 35.8128031 ], [ 140.537653799999987, 35.8129509 ], [ 140.537662899999987, 35.8129759 ], [ 140.5383981, 35.8127978 ], [ 140.5385262, 35.8127737 ], [ 140.5385997, 35.8127611 ], [ 140.538587799999988, 35.8127321 ] ] ] ] } },
{ "type": "Feature", "properties": { "fid": 220, "field_id": 5616457, "location": "1-1", "field_seq": null, "field_no": "高萩字太田1306-2", "farmer_cd": "k26", "farmer": "香取寿男", "crop": null, "area": 3.1, "calc_area": 4.14, "remark": 1, "tiban": "1306-2" }, "geometry": { "type": "MultiPolygon", "coordinates": [ [ [ [ 140.53751170000001, 35.81324 ], [ 140.537578599999989, 35.8134343 ], [ 140.53777740000001, 35.8133857 ], [ 140.5377699, 35.8133653 ], [ 140.5377043, 35.8131928 ], [ 140.5375848, 35.8132223 ], [ 140.53751170000001, 35.81324 ] ] ] ] } },
{ "type": "Feature", "properties": { "fid": 221, "field_id": 5616461, "location": "1-1", "field_seq": null, "field_no": "高萩字太田1312-1", "farmer_cd": "k26", "farmer": "香取寿男", "crop": null, "area": 6.3, "calc_area": 9.85, "remark": 1, "tiban": "1312-1" }, "geometry": { "type": "MultiPolygon", "coordinates": [ [ [ [ 140.53865110000001, 35.8128637 ], [ 140.5385997, 35.8127611 ], [ 140.5385262, 35.8127737 ], [ 140.5383981, 35.8127978 ], [ 140.537662899999987, 35.8129759 ], [ 140.537692, 35.8130651 ], [ 140.537938, 35.8130115 ], [ 140.5384005, 35.8129025 ], [ 140.53865110000001, 35.8128637 ] ] ] ] } },
{ "type": "Feature", "properties": { "fid": 222, "field_id": 5616463, "location": "1-1", "field_seq": null, "field_no": "高萩字太田1324", "farmer_cd": "k26", "farmer": "香取寿男", "crop": null, "area": 2.6, "calc_area": 3.4, "remark": 1, "tiban": "1324" }, "geometry": { "type": "MultiPolygon", "coordinates": [ [ [ [ 140.5392148, 35.8125138 ], [ 140.539262, 35.8125307 ], [ 140.5392852, 35.8124786 ], [ 140.539321699999988, 35.8123613 ], [ 140.539372, 35.8122077 ], [ 140.539184400000011, 35.8121662 ], [ 140.539229299999988, 35.8123076 ], [ 140.5392392, 35.8123973 ], [ 140.5392148, 35.8125138 ] ] ] ] } },
{ "type": "Feature", "properties": { "fid": 223, "field_id": 5616465, "location": "1-1", "field_seq": null, "field_no": "高萩字太田1323-1", "farmer_cd": "k26", "farmer": "香取寿男", "crop": null, "area": 7.3, "calc_area": 9.02, "remark": 1, "tiban": "1323-1" }, "geometry": { "type": "MultiPolygon", "coordinates": [ [ [ [ 140.5392148, 35.8125138 ], [ 140.5391175, 35.8126207 ], [ 140.5389839, 35.8127046 ], [ 140.538844899999987, 35.812737 ], [ 140.538587799999988, 35.8127321 ], [ 140.5385997, 35.8127611 ], [ 140.53867, 35.8129324 ], [ 140.5387869, 35.8129046 ], [ 140.5388791, 35.8128788 ], [ 140.538967, 35.8128433 ], [ 140.539040300000011, 35.8128033 ], [ 140.5390973, 35.8127601 ], [ 140.5391407, 35.8127157 ], [ 140.5391847, 35.8126634 ], [ 140.5392146, 35.8126188 ], [ 140.539262, 35.8125307 ], [ 140.5392148, 35.8125138 ] ] ] ] } },
{ "type": "Feature", "properties": { "fid": 224, "field_id": 5616564, "location": "1-1", "field_seq": null, "field_no": "高萩字太田1312-2", "farmer_cd": "k26", "farmer": "香取寿男", "crop": null, "area": 10.3, "calc_area": 7.99, "remark": 1, "tiban": "1312-2" }, "geometry": { "type": "MultiPolygon", "coordinates": [ [ [ [ 140.537733, 35.8131519 ], [ 140.53866020000001, 35.8129376 ], [ 140.5386442, 35.8128582 ], [ 140.537698799999987, 35.8130725 ], [ 140.537733, 35.8131519 ] ] ] ] } },
{ "type": "Feature", "properties": { "fid": 225, "field_id": 5616565, "location": "1-1", "field_seq": null, "field_no": "高萩字太田1313-2", "farmer_cd": "k26", "farmer": "香取寿男", "crop": null, "area": 4.7, "calc_area": 7.27, "remark": 1, "tiban": "1313-2" }, "geometry": { "type": "MultiPolygon", "coordinates": [ [ [ [ 140.5377877, 35.8133188 ], [ 140.5387194, 35.8130824 ], [ 140.5386921, 35.8130122 ], [ 140.5377672, 35.8132449 ], [ 140.5377877, 35.8133188 ] ] ] ] } },
{ "type": "Feature", "properties": { "fid": 226, "field_id": 5616566, "location": "1-1", "field_seq": null, "field_no": "高萩字太田1313-3", "farmer_cd": "k26", "farmer": "香取寿男", "crop": null, "area": 2.6, "calc_area": 5.57, "remark": 1, "tiban": "1313-3" }, "geometry": { "type": "MultiPolygon", "coordinates": [ [ [ [ 140.5377604, 35.813241 ], [ 140.5386875, 35.8130064 ], [ 140.5386647, 35.8129528 ], [ 140.5377398, 35.8131856 ], [ 140.5377604, 35.813241 ] ] ] ] } },
{ "type": "Feature", "properties": { "fid": 227, "field_id": 5616379, "location": "1-1", "field_seq": null, "field_no": "高萩字川端783", "farmer_cd": "k17", "farmer": "香取拓也", "crop": null, "area": 20.0, "calc_area": 24.95, "remark": 1, "tiban": "783" }, "geometry": { "type": "MultiPolygon", "coordinates": [ [ [ [ 140.530118499999986, 35.8168486 ], [ 140.531097499999987, 35.8169599 ], [ 140.5310092, 35.8166678 ], [ 140.5308799, 35.8166573 ], [ 140.5307143, 35.8166454 ], [ 140.5304683, 35.8166168 ], [ 140.5303329, 35.8165994 ], [ 140.5301738, 35.8165803 ], [ 140.53015640000001, 35.8166762 ], [ 140.5301388, 35.8167482 ], [ 140.5301256, 35.8168061 ], [ 140.530118499999986, 35.8168486 ] ] ] ] } },
{ "type": "Feature", "properties": { "fid": 228, "field_id": 5616380, "location": "1-1", "field_seq": null, "field_no": "高萩字川端793-1", "farmer_cd": "k17", "farmer": "香取拓也", "crop": null, "area": 5.8, "calc_area": 6.33, "remark": 1, "tiban": "793-1" }, "geometry": { "type": "MultiPolygon", "coordinates": [ [ [ [ 140.530904099999987, 35.8162982 ], [ 140.5309264, 35.8163637 ], [ 140.5314026, 35.8162666 ], [ 140.5316951, 35.8162043 ], [ 140.531666300000012, 35.8161652 ], [ 140.5316348, 35.8161303 ], [ 140.5316267, 35.8161347 ], [ 140.531390499999986, 35.8161825 ], [ 140.5311677, 35.8162283 ], [ 140.5310389, 35.8162587 ], [ 140.530904099999987, 35.8162982 ] ] ] ] } },
{ "type": "Feature", "properties": { "fid": 229, "field_id": 5616387, "location": "1-1", "field_seq": null, "field_no": "高萩字川端787-1", "farmer_cd": "k17", "farmer": "香取拓也", "crop": null, "area": 12.5, "calc_area": 9.63, "remark": 1, "tiban": "787-1" }, "geometry": { "type": "MultiPolygon", "coordinates": [ [ [ [ 140.531158799999986, 35.8170476 ], [ 140.531243499999988, 35.8170289 ], [ 140.5314761, 35.8169766 ], [ 140.5316015, 35.8169533 ], [ 140.531941499999988, 35.8168318 ], [ 140.5320279, 35.8168005 ], [ 140.532002299999988, 35.8167527 ], [ 140.531119, 35.8169216 ], [ 140.531122900000014, 35.8169347 ], [ 140.531158799999986, 35.8170476 ] ] ] ] } },
{ "type": "Feature", "properties": { "fid": 230, "field_id": 5616400, "location": "1-1", "field_seq": null, "field_no": "高萩字太田1310", "farmer_cd": "k17", "farmer": "香取拓也", "crop": null, "area": 15.3, "calc_area": 15.56, "remark": 1, "tiban": "1310" }, "geometry": { "type": "MultiPolygon", "coordinates": [ [ [ [ 140.5365615, 35.8128677 ], [ 140.5367895, 35.8128172 ], [ 140.5374832, 35.8126346 ], [ 140.5374708, 35.8126322 ], [ 140.5374055, 35.8126074 ], [ 140.5372829, 35.8124671 ], [ 140.5370864, 35.8125233 ], [ 140.536927, 35.812569 ], [ 140.536905600000011, 35.8125876 ], [ 140.536873500000013, 35.8126168 ], [ 140.5368326, 35.8126311 ], [ 140.536664, 35.8126825 ], [ 140.536603, 35.8126987 ], [ 140.5365902, 35.812711 ], [ 140.5365833, 35.8127509 ], [ 140.5365742, 35.8128057 ], [ 140.5365615, 35.8128677 ] ] ] ] } },
{ "type": "Feature", "properties": { "fid": 231, "field_id": 5616401, "location": "1-1", "field_seq": null, "field_no": "高萩字川端788", "farmer_cd": "k17", "farmer": "香取拓也", "crop": null, "area": 18.4, "calc_area": 14.36, "remark": 1, "tiban": "788" }, "geometry": { "type": "MultiPolygon", "coordinates": [ [ [ [ 140.5319345, 35.8166015 ], [ 140.5318575, 35.8164297 ], [ 140.5318321, 35.8163935 ], [ 140.5317777, 35.8164202 ], [ 140.5316544, 35.8164783 ], [ 140.5315517, 35.8165162 ], [ 140.5313988, 35.8165575 ], [ 140.5313284, 35.8165667 ], [ 140.531217700000013, 35.8165797 ], [ 140.5311436, 35.8165819 ], [ 140.5310108, 35.8165734 ], [ 140.531015200000013, 35.8165822 ], [ 140.531056299999989, 35.8167112 ], [ 140.531070199999988, 35.816758 ], [ 140.5319345, 35.8166015 ] ] ] ] } },
{ "type": "Feature", "properties": { "fid": 232, "field_id": 5616411, "location": "1-1", "field_seq": null, "field_no": "高萩字川端787-2", "farmer_cd": "k17", "farmer": "香取拓也", "crop": null, "area": 6.8, "calc_area": 6.8, "remark": 1, "tiban": "787-2" }, "geometry": { "type": "MultiPolygon", "coordinates": [ [ [ [ 140.531119, 35.8169216 ], [ 140.532002299999988, 35.8167527 ], [ 140.5319716, 35.8166843 ], [ 140.5310964, 35.8168457 ], [ 140.531119, 35.8169216 ] ] ] ] } },
{ "type": "Feature", "properties": { "fid": 233, "field_id": 5616432, "location": "1-1", "field_seq": null, "field_no": "高萩字川端784-1", "farmer_cd": "k17", "farmer": "香取拓也", "crop": null, "area": 15.3, "calc_area": 14.19, "remark": 1, "tiban": "784-1" }, "geometry": { "type": "MultiPolygon", "coordinates": [ [ [ [ 140.530116, 35.8169828 ], [ 140.5301526, 35.8169839 ], [ 140.5304243, 35.8170208 ], [ 140.530734700000011, 35.8170624 ], [ 140.5311476, 35.8171134 ], [ 140.531097499999987, 35.8169599 ], [ 140.530118499999986, 35.8168486 ], [ 140.5301169, 35.8168713 ], [ 140.5301139, 35.8169649 ], [ 140.530116, 35.8169828 ] ] ] ] } },
{ "type": "Feature", "properties": { "fid": 234, "field_id": 5616440, "location": "1-1", "field_seq": null, "field_no": "高萩字川端789-1", "farmer_cd": "k17", "farmer": "香取拓也", "crop": null, "area": 16.4, "calc_area": 20.0, "remark": 1, "tiban": "789-1" }, "geometry": { "type": "MultiPolygon", "coordinates": [ [ [ [ 140.5309916, 35.8165552 ], [ 140.531078, 35.8165613 ], [ 140.531156399999986, 35.8165661 ], [ 140.5311924, 35.8165665 ], [ 140.5312851, 35.8165554 ], [ 140.531385699999987, 35.8165413 ], [ 140.5315465, 35.8165007 ], [ 140.5316283, 35.8164691 ], [ 140.53174580000001, 35.816414 ], [ 140.531819500000012, 35.8163743 ], [ 140.531813, 35.8163643 ], [ 140.5316951, 35.8162043 ], [ 140.5314026, 35.8162666 ], [ 140.5309264, 35.8163637 ], [ 140.5309916, 35.8165552 ] ] ] ] } },
{ "type": "Feature", "properties": { "fid": 235, "field_id": 5616485, "location": "1-1", "field_seq": null, "field_no": "高萩字谷堤七町1703", "farmer_cd": "k17", "farmer": "香取拓也", "crop": null, "area": 17.9, "calc_area": 18.85, "remark": 1, "tiban": "1703" }, "geometry": { "type": "MultiPolygon", "coordinates": [ [ [ [ 140.5447374, 35.8069501 ], [ 140.544166100000012, 35.8068383 ], [ 140.544150699999989, 35.8068478 ], [ 140.544138299999986, 35.8068594 ], [ 140.5441003, 35.8068928 ], [ 140.544029099999989, 35.8069555 ], [ 140.5439705, 35.8070079 ], [ 140.5439563, 35.8070249 ], [ 140.5439477, 35.8070451 ], [ 140.5439399, 35.8070925 ], [ 140.5445583, 35.8072157 ], [ 140.544602, 35.807172 ], [ 140.5446518, 35.8071058 ], [ 140.5447126, 35.8069979 ], [ 140.5447374, 35.8069501 ] ] ] ] } },
{ "type": "Feature", "properties": { "fid": 236, "field_id": 5616487, "location": "1-1", "field_seq": null, "field_no": "高萩字谷堤七町1698-1", "farmer_cd": "k17", "farmer": "香取拓也", "crop": null, "area": 17.3, "calc_area": 15.46, "remark": 1, "tiban": "1698-1" }, "geometry": { "type": "MultiPolygon", "coordinates": [ [ [ [ 140.544142099999988, 35.8080019 ], [ 140.543740899999989, 35.8078992 ], [ 140.5437023, 35.8078888 ], [ 140.5436559, 35.8079407 ], [ 140.543618, 35.8079912 ], [ 140.5435864, 35.8080209 ], [ 140.544089899999989, 35.8083688 ], [ 140.5441132, 35.8083386 ], [ 140.5441315, 35.8083119 ], [ 140.5441496, 35.8082788 ], [ 140.5441614, 35.8082423 ], [ 140.5441751, 35.8081943 ], [ 140.544185199999987, 35.80813 ], [ 140.54418720000001, 35.8080106 ], [ 140.544142099999988, 35.8080019 ] ] ] ] } },
{ "type": "Feature", "properties": { "fid": 237, "field_id": 5616489, "location": "1-1", "field_seq": null, "field_no": "高萩字釜1709", "farmer_cd": "k17", "farmer": "香取拓也", "crop": null, "area": 10.7, "calc_area": 11.96, "remark": 1, "tiban": "1709" }, "geometry": { "type": "MultiPolygon", "coordinates": [ [ [ [ 140.544958799999989, 35.8055609 ], [ 140.5449314, 35.8056086 ], [ 140.545156600000013, 35.8056769 ], [ 140.5451932, 35.8056114 ], [ 140.545253, 35.8055182 ], [ 140.545309, 35.805465 ], [ 140.545361899999989, 35.8054265 ], [ 140.545435, 35.8053923 ], [ 140.5455677, 35.8053516 ], [ 140.5455921, 35.8053436 ], [ 140.545276699999988, 35.8052206 ], [ 140.545256, 35.8052298 ], [ 140.5452105, 35.8052742 ], [ 140.5451402, 35.8053403 ], [ 140.5450727, 35.8053961 ], [ 140.5450301, 35.8054507 ], [ 140.544958799999989, 35.8055609 ] ] ] ] } },
{ "type": "Feature", "properties": { "fid": 238, "field_id": 5616494, "location": "1-1", "field_seq": null, "field_no": "高萩字谷堤七町1699", "farmer_cd": "k17", "farmer": "香取拓也", "crop": null, "area": 6.0, "calc_area": 6.41, "remark": 1, "tiban": "1699" }, "geometry": { "type": "MultiPolygon", "coordinates": [ [ [ [ 140.5442022, 35.8077374 ], [ 140.5437838, 35.807666 ], [ 140.543758, 35.8076626 ], [ 140.5437485, 35.8077405 ], [ 140.543743, 35.8077821 ], [ 140.5437377, 35.8077958 ], [ 140.544185199999987, 35.8078868 ], [ 140.5441875, 35.8078019 ], [ 140.544197700000012, 35.8077533 ], [ 140.5442022, 35.8077374 ] ] ] ] } },
{ "type": "Feature", "properties": { "fid": 239, "field_id": 5616495, "location": "1-1", "field_seq": null, "field_no": "高萩字谷堤七町1704", "farmer_cd": "k17", "farmer": "香取拓也", "crop": null, "area": 7.4, "calc_area": 7.32, "remark": 1, "tiban": "1704" }, "geometry": { "type": "MultiPolygon", "coordinates": [ [ [ [ 140.544166100000012, 35.8068383 ], [ 140.5447374, 35.8069501 ], [ 140.5447783, 35.8068712 ], [ 140.5447953, 35.8068321 ], [ 140.5442404, 35.8067187 ], [ 140.5442402, 35.8067345 ], [ 140.54419630000001, 35.8068198 ], [ 140.544166100000012, 35.8068383 ] ] ] ] } },
{ "type": "Feature", "properties": { "fid": 240, "field_id": 5616501, "location": "1-1", "field_seq": null, "field_no": "高萩字谷堤七町1702", "farmer_cd": "k17", "farmer": "香取拓也", "crop": null, "area": 4.0, "calc_area": 5.07, "remark": 1, "tiban": "1702" }, "geometry": { "type": "MultiPolygon", "coordinates": [ [ [ [ 140.5445583, 35.8072157 ], [ 140.5439399, 35.8070925 ], [ 140.543937, 35.8071097 ], [ 140.5439264, 35.8071758 ], [ 140.544484899999986, 35.8072868 ], [ 140.5445334, 35.8072405 ], [ 140.5445583, 35.8072157 ] ] ] ] } },
{ "type": "Feature", "properties": { "fid": 241, "field_id": 5616502, "location": "1-1", "field_seq": null, "field_no": "高萩字谷堤七町1695", "farmer_cd": "k17", "farmer": "香取拓也", "crop": null, "area": 5.1, "calc_area": 5.94, "remark": 1, "tiban": "1695" }, "geometry": { "type": "MultiPolygon", "coordinates": [ [ [ [ 140.5432453, 35.8085794 ], [ 140.543298099999987, 35.8081495 ], [ 140.543304400000011, 35.808093 ], [ 140.543237800000014, 35.8080932 ], [ 140.5431878, 35.80809 ], [ 140.5431154, 35.8085371 ], [ 140.5432237, 35.8085749 ], [ 140.543241099999989, 35.8085796 ], [ 140.5432432, 35.8085796 ], [ 140.5432453, 35.8085794 ] ] ] ] } },
{ "type": "Feature", "properties": { "fid": 242, "field_id": 5616518, "location": "1-1", "field_seq": null, "field_no": "高萩字谷堤七町1697", "farmer_cd": "k17", "farmer": "香取拓也", "crop": null, "area": 24.2, "calc_area": 26.73, "remark": 1, "tiban": "1697" }, "geometry": { "type": "MultiPolygon", "coordinates": [ [ [ [ 140.544089899999989, 35.8083688 ], [ 140.5435864, 35.8080209 ], [ 140.543546099999986, 35.808041 ], [ 140.54347820000001, 35.8080657 ], [ 140.5434546, 35.8080692 ], [ 140.5433787, 35.8085908 ], [ 140.543402, 35.8085918 ], [ 140.5434531, 35.8085972 ], [ 140.5435043, 35.8086045 ], [ 140.5435491, 35.8086111 ], [ 140.5435967, 35.8086213 ], [ 140.5436287, 35.8086234 ], [ 140.543666300000012, 35.8086208 ], [ 140.5437229, 35.8086014 ], [ 140.543853500000012, 35.808548 ], [ 140.5439355, 35.8085035 ], [ 140.543977399999989, 35.8084809 ], [ 140.544024799999988, 35.8084363 ], [ 140.5440824, 35.8083786 ], [ 140.544089899999989, 35.8083688 ] ] ] ] } },
{ "type": "Feature", "properties": { "fid": 243, "field_id": 5616570, "location": "1-1", "field_seq": null, "field_no": "高萩字川端794", "farmer_cd": "k17", "farmer": "香取拓也", "crop": null, "area": 9.0, "calc_area": 10.85, "remark": 1, "tiban": "794" }, "geometry": { "type": "MultiPolygon", "coordinates": [ [ [ [ 140.5309073, 35.8162957 ], [ 140.5316267, 35.8161347 ], [ 140.5315435, 35.8160149 ], [ 140.5310335, 35.8160889 ], [ 140.5308885, 35.816163 ], [ 140.5309073, 35.8162957 ] ] ] ] } },
{ "type": "Feature", "properties": { "fid": 244, "field_id": 5616571, "location": "1-1", "field_seq": null, "field_no": "高萩字谷堤七町1696-1", "farmer_cd": "k17", "farmer": "香取拓也", "crop": null, "area": 4.8, "calc_area": 4.05, "remark": 1, "tiban": "1696-1" }, "geometry": { "type": "MultiPolygon", "coordinates": [ [ [ [ 140.5432453, 35.8085796 ], [ 140.543333, 35.808589 ], [ 140.5433794, 35.8080941 ], [ 140.543303400000013, 35.8080941 ], [ 140.5432453, 35.8085796 ] ] ] ] } },
{ "type": "Feature", "properties": { "fid": 245, "field_id": 5616572, "location": "1-1", "field_seq": null, "field_no": "高萩字谷堤七町1696-2", "farmer_cd": "k17", "farmer": "香取拓也", "crop": null, "area": 1.6, "calc_area": 2.98, "remark": 1, "tiban": "1696-2" }, "geometry": { "type": "MultiPolygon", "coordinates": [ [ [ [ 140.543334, 35.8085899 ], [ 140.5433794, 35.8085925 ], [ 140.543452300000013, 35.8080744 ], [ 140.5433784, 35.8080941 ], [ 140.543334, 35.8085899 ] ] ] ] } },
{ "type": "Feature", "properties": { "fid": 246, "field_id": 5616573, "location": "1-1", "field_seq": null, "field_no": "高萩字谷堤七町1698-2", "farmer_cd": "k17", "farmer": "香取拓也", "crop": null, "area": 1.9, "calc_area": 5.22, "remark": 1, "tiban": "1698-2" }, "geometry": { "type": "MultiPolygon", "coordinates": [ [ [ [ 140.5437087, 35.8078888 ], [ 140.544191500000011, 35.8080158 ], [ 140.5441936, 35.8078975 ], [ 140.543736599999988, 35.8077931 ], [ 140.5437087, 35.8078888 ] ] ] ] } },
{ "type": "Feature", "properties": { "fid": 247, "field_id": 5616574, "location": "1-1", "field_seq": null, "field_no": "高萩字谷堤七町1700", "farmer_cd": "k17", "farmer": "香取拓也", "crop": null, "area": 1.5, "calc_area": 2.42, "remark": 1, "tiban": "1700" }, "geometry": { "type": "MultiPolygon", "coordinates": [ [ [ [ 140.543758, 35.8076591 ], [ 140.5442022, 35.8077426 ], [ 140.5442215, 35.8076921 ], [ 140.543758, 35.8076069 ], [ 140.543758, 35.8076591 ] ] ] ] } },
{ "type": "Feature", "properties": { "fid": 248, "field_id": 5616381, "location": "1-1", "field_seq": null, "field_no": "高萩字小山1115-1", "farmer_cd": "k25", "farmer": "香取定市", "crop": null, "area": 4.7, "calc_area": 6.1, "remark": 1, "tiban": "1115-1" }, "geometry": { "type": "MultiPolygon", "coordinates": [ [ [ [ 140.534401699999989, 35.8154921 ], [ 140.534406, 35.8154983 ], [ 140.5344375, 35.8155427 ], [ 140.5352744, 35.815143 ], [ 140.5352117, 35.8150928 ], [ 140.5350344, 35.8151808 ], [ 140.5347636, 35.8153143 ], [ 140.534401699999989, 35.8154921 ] ] ] ] } },
{ "type": "Feature", "properties": { "fid": 249, "field_id": 5616405, "location": "1-1", "field_seq": null, "field_no": "高萩字小山1286", "farmer_cd": "k25", "farmer": "香取定市", "crop": null, "area": 16.7, "calc_area": 15.36, "remark": 1, "tiban": "1286" }, "geometry": { "type": "MultiPolygon", "coordinates": [ [ [ [ 140.5357161, 35.8145016 ], [ 140.5351233, 35.8149887 ], [ 140.5351646, 35.8150221 ], [ 140.535294099999987, 35.8151144 ], [ 140.5356411, 35.8148228 ], [ 140.5358698, 35.8146231 ], [ 140.5357161, 35.8145016 ] ] ] ] } },
{ "type": "Feature", "properties": { "fid": 250, "field_id": 5616447, "location": "1-1", "field_seq": null, "field_no": "高萩字小山1116", "farmer_cd": "k25", "farmer": "香取定市", "crop": null, "area": 22.0, "calc_area": 24.78, "remark": 1, "tiban": "1116" }, "geometry": { "type": "MultiPolygon", "coordinates": [ [ [ [ 140.534401699999989, 35.8154921 ], [ 140.5347636, 35.8153143 ], [ 140.5350344, 35.8151808 ], [ 140.5352117, 35.8150928 ], [ 140.535194, 35.8150787 ], [ 140.5349153, 35.8148582 ], [ 140.534803900000014, 35.8149494 ], [ 140.5346801, 35.8150404 ], [ 140.5346259, 35.815077 ], [ 140.5345213, 35.8151299 ], [ 140.5343182, 35.8152299 ], [ 140.534237600000012, 35.815264 ], [ 140.53428550000001, 35.8153269 ], [ 140.534401699999989, 35.8154921 ] ] ] ] } },
{ "type": "Feature", "properties": { "fid": 251, "field_id": 5616161, "location": "1-1", "field_seq": null, "field_no": "助沢字下橋下34-2", "farmer_cd": "k166", "farmer": "高橋　邦宏", "crop": null, "area": 12.5, "calc_area": 12.49, "remark": null, "tiban": "34-2" }, "geometry": { "type": "MultiPolygon", "coordinates": [ [ [ [ 140.506165311, 35.819644975 ], [ 140.506385282, 35.819719213 ], [ 140.506514544, 35.819463001 ], [ 140.506634862, 35.819224024 ], [ 140.506419290999986, 35.819151486 ], [ 140.506390894, 35.819214821 ], [ 140.506292366999986, 35.819407666 ], [ 140.506199601, 35.819581228 ], [ 140.506165311, 35.819644975 ] ] ] ] } },
{ "type": "Feature", "properties": { "fid": 252, "field_id": 5616209, "location": "1-1", "field_seq": null, "field_no": "助沢字下橋下34-1", "farmer_cd": "k166", "farmer": "高橋　邦宏", "crop": null, "area": 11.7, "calc_area": 11.7, "remark": null, "tiban": "34-1" }, "geometry": { "type": "MultiPolygon", "coordinates": [ [ [ [ 140.506385282, 35.819719213 ], [ 140.506587391000011, 35.819787422 ], [ 140.506730868, 35.81949874 ], [ 140.506835282, 35.819290212 ], [ 140.506636042, 35.819221771 ], [ 140.506634862, 35.819224024 ], [ 140.506514544, 35.819463001 ], [ 140.506385282, 35.819719213 ] ] ] ] } },
{ "type": "Feature", "properties": { "fid": 253, "field_id": 5615715, "location": "1-4", "field_seq": null, "field_no": "沢字女郎谷3096", "farmer_cd": "k110", "farmer": "高橋基春", "crop": null, "area": 7.6, "calc_area": 7.76, "remark": 4, "tiban": "3096" }, "geometry": { "type": "MultiPolygon", "coordinates": [ [ [ [ 140.4574744, 35.8081893 ], [ 140.4576248, 35.808317 ], [ 140.4576923, 35.8083742 ], [ 140.4577545, 35.808355 ], [ 140.457909, 35.8082889 ], [ 140.4579321, 35.8082748 ], [ 140.457722499999988, 35.808049 ], [ 140.457708599999989, 35.8080491 ], [ 140.457499899999988, 35.8081775 ], [ 140.4574744, 35.8081893 ] ] ] ] } },
{ "type": "Feature", "properties": { "fid": 254, "field_id": 5616657, "location": "1-4", "field_seq": null, "field_no": "沢字女郎谷3097", "farmer_cd": "k110", "farmer": "高橋基春", "crop": null, "area": 6.9, "calc_area": 6.99, "remark": 4, "tiban": "3097" }, "geometry": { "type": "MultiPolygon", "coordinates": [ [ [ [ 140.4576944, 35.8083742 ], [ 140.4579197, 35.8086039 ], [ 140.4581193, 35.8084855 ], [ 140.4579369, 35.8082802 ], [ 140.4576944, 35.8083742 ] ] ] ] } },
{ "type": "Feature", "properties": { "fid": 255, "field_id": 5616151, "location": "1-1", "field_seq": null, "field_no": "助沢字下橋下122-1", "farmer_cd": "k12", "farmer": "高橋健一(助沢738-4）", "crop": null, "area": 6.0, "calc_area": 6.27, "remark": 1, "tiban": "122-1" }, "geometry": { "type": "MultiPolygon", "coordinates": [ [ [ [ 140.5063764, 35.8197468 ], [ 140.5062986, 35.819898 ], [ 140.506146300000012, 35.8202041 ], [ 140.5062647, 35.820242 ], [ 140.506345, 35.820085 ], [ 140.506489, 35.8197828 ], [ 140.5063795, 35.8197479 ], [ 140.5063764, 35.8197468 ] ] ] ] } },
{ "type": "Feature", "properties": { "fid": 256, "field_id": 5616180, "location": "1-1", "field_seq": null, "field_no": "助沢字下橋下124-3", "farmer_cd": "k12", "farmer": "高橋健一(助沢738-4）", "crop": null, "area": 14.4, "calc_area": 8.1, "remark": 1, "tiban": "124-3" }, "geometry": { "type": "MultiPolygon", "coordinates": [ [ [ [ 140.5057127, 35.8210434 ], [ 140.505821200000014, 35.8210804 ], [ 140.5059087, 35.8211096 ], [ 140.5060147, 35.8209174 ], [ 140.506094100000013, 35.8207783 ], [ 140.5058879, 35.8206994 ], [ 140.5057127, 35.8210434 ] ] ] ] } },
{ "type": "Feature", "properties": { "fid": 257, "field_id": 5616190, "location": "1-1", "field_seq": null, "field_no": "助沢字下橋上146-1", "farmer_cd": "k12", "farmer": "高橋健一(助沢738-4）", "crop": null, "area": 8.7, "calc_area": 9.41, "remark": 1, "tiban": "146-1" }, "geometry": { "type": "MultiPolygon", "coordinates": [ [ [ [ 140.50453, 35.8219734 ], [ 140.5046959, 35.8220098 ], [ 140.5047851, 35.8217498 ], [ 140.504876700000011, 35.8214721 ], [ 140.504851, 35.8214712 ], [ 140.5047007, 35.8214638 ], [ 140.504634900000013, 35.8216606 ], [ 140.50453, 35.8219734 ] ] ] ] } },
{ "type": "Feature", "properties": { "fid": 258, "field_id": 5616226, "location": "1-1", "field_seq": null, "field_no": "助沢字下橋上145-2", "farmer_cd": "k12", "farmer": "高橋健一(助沢738-4）", "crop": null, "area": 12.1, "calc_area": 12.84, "remark": 1, "tiban": "145-2" }, "geometry": { "type": "MultiPolygon", "coordinates": [ [ [ [ 140.504876700000011, 35.8214721 ], [ 140.5047851, 35.8217498 ], [ 140.5046959, 35.8220098 ], [ 140.5048654, 35.8220469 ], [ 140.5048959, 35.8219905 ], [ 140.5050296, 35.8217236 ], [ 140.5051485, 35.8214917 ], [ 140.5051474, 35.8214835 ], [ 140.505107900000013, 35.8214806 ], [ 140.504876700000011, 35.8214721 ] ] ] ] } },
{ "type": "Feature", "properties": { "fid": 259, "field_id": 5616251, "location": "1-1", "field_seq": null, "field_no": "助沢字下橋上147-1", "farmer_cd": "k12", "farmer": "高橋健一(助沢738-4）", "crop": null, "area": 8.1, "calc_area": 10.44, "remark": 1, "tiban": "147-1" }, "geometry": { "type": "MultiPolygon", "coordinates": [ [ [ [ 140.50453, 35.8219734 ], [ 140.504634900000013, 35.8216606 ], [ 140.5047007, 35.8214638 ], [ 140.5044886, 35.8214533 ], [ 140.5043964, 35.8217514 ], [ 140.5043365, 35.8219363 ], [ 140.50453, 35.8219734 ] ] ] ] } },
{ "type": "Feature", "properties": { "fid": 260, "field_id": 5616263, "location": "1-1", "field_seq": null, "field_no": "助沢字下橋下121", "farmer_cd": "k12", "farmer": "高橋健一(助沢738-4）", "crop": null, "area": 14.6, "calc_area": 16.95, "remark": 1, "tiban": "121" }, "geometry": { "type": "MultiPolygon", "coordinates": [ [ [ [ 140.5058262, 35.8203063 ], [ 140.5058668, 35.8203207 ], [ 140.5060556, 35.8203866 ], [ 140.506146300000012, 35.8202041 ], [ 140.5062986, 35.819898 ], [ 140.5063764, 35.8197468 ], [ 140.506153899999987, 35.8196696 ], [ 140.506084, 35.8198031 ], [ 140.505978699999986, 35.8200121 ], [ 140.5058948, 35.8201736 ], [ 140.5058262, 35.8203063 ] ] ] ] } },
{ "type": "Feature", "properties": { "fid": 261, "field_id": 5615691, "location": "1-4", "field_seq": null, "field_no": "沢字スネヤ3076", "farmer_cd": "k108", "farmer": "高橋伸二", "crop": null, "area": 7.1, "calc_area": 7.66, "remark": 4, "tiban": "3076" }, "geometry": { "type": "MultiPolygon", "coordinates": [ [ [ [ 140.457357300000012, 35.8073545 ], [ 140.4570615, 35.8071862 ], [ 140.456977200000011, 35.80727 ], [ 140.4569253, 35.8073031 ], [ 140.456917, 35.807306 ], [ 140.4570703, 35.8075388 ], [ 140.457357300000012, 35.8073545 ] ] ] ] } },
{ "type": "Feature", "properties": { "fid": 262, "field_id": 5615709, "location": "1-4", "field_seq": null, "field_no": "沢字スネヤ3075", "farmer_cd": "k108", "farmer": "高橋伸二", "crop": null, "area": 11.0, "calc_area": 12.69, "remark": 4, "tiban": "3075" }, "geometry": { "type": "MultiPolygon", "coordinates": [ [ [ [ 140.457357300000012, 35.8073545 ], [ 140.4570703, 35.8075388 ], [ 140.4572336, 35.807795 ], [ 140.4574859, 35.8076289 ], [ 140.457650300000012, 35.8075212 ], [ 140.457357300000012, 35.8073545 ] ] ] ] } },
{ "type": "Feature", "properties": { "fid": 263, "field_id": 5615089, "location": "1-2　", "field_seq": null, "field_no": "荒北字柳田1720", "farmer_cd": "k150", "farmer": "高橋正己", "crop": null, "area": 9.6, "calc_area": 11.19, "remark": 2, "tiban": "1720" }, "geometry": { "type": "MultiPolygon", "coordinates": [ [ [ [ 140.4913549, 35.8189311 ], [ 140.4915312, 35.8190455 ], [ 140.4919132, 35.8186472 ], [ 140.4917544, 35.8185489 ], [ 140.4917278, 35.8185547 ], [ 140.4916667, 35.8186114 ], [ 140.4914094, 35.8188763 ], [ 140.4913549, 35.8189311 ] ] ] ] } },
{ "type": "Feature", "properties": { "fid": 264, "field_id": 5615102, "location": "1-2　", "field_seq": null, "field_no": "荒北字柳田1705", "farmer_cd": "k150", "farmer": "高橋正己", "crop": null, "area": 9.8, "calc_area": 10.68, "remark": 2, "tiban": "1705" }, "geometry": { "type": "MultiPolygon", "coordinates": [ [ [ [ 140.4913852, 35.8203273 ], [ 140.4915904, 35.8203274 ], [ 140.491597899999988, 35.8198201 ], [ 140.4914446, 35.8198186 ], [ 140.491383899999988, 35.8198188 ], [ 140.4913852, 35.8203273 ] ] ] ] } },
{ "type": "Feature", "properties": { "fid": 265, "field_id": 5615116, "location": "1-2　", "field_seq": null, "field_no": "荒北字柳田1719", "farmer_cd": "k150", "farmer": "高橋正己", "crop": null, "area": 9.9, "calc_area": 10.56, "remark": 2, "tiban": "1719" }, "geometry": { "type": "MultiPolygon", "coordinates": [ [ [ [ 140.4915312, 35.8190455 ], [ 140.4916945, 35.8191515 ], [ 140.4920746, 35.818756 ], [ 140.4919132, 35.8186472 ], [ 140.4915312, 35.8190455 ] ] ] ] } },
{ "type": "Feature", "properties": { "fid": 266, "field_id": 5615119, "location": "1-2　", "field_seq": null, "field_no": "荒北字柳田1704", "farmer_cd": "k150", "farmer": "高橋正己", "crop": null, "area": 10.0, "calc_area": 10.73, "remark": 2, "tiban": "1704" }, "geometry": { "type": "MultiPolygon", "coordinates": [ [ [ [ 140.491177, 35.8198192 ], [ 140.491171, 35.8203271 ], [ 140.4913852, 35.8203273 ], [ 140.491383899999988, 35.8198188 ], [ 140.491177, 35.8198192 ] ] ] ] } },
{ "type": "Feature", "properties": { "fid": 267, "field_id": 5615141, "location": "1-2　", "field_seq": null, "field_no": "荒北字柳田1721", "farmer_cd": "k150", "farmer": "高橋正己", "crop": null, "area": 9.8, "calc_area": 10.75, "remark": 2, "tiban": "1721" }, "geometry": { "type": "MultiPolygon", "coordinates": [ [ [ [ 140.4917893, 35.8185386 ], [ 140.4919323, 35.8186303 ], [ 140.49231180000001, 35.818242 ], [ 140.4921405, 35.8181291 ], [ 140.4919993, 35.8182793 ], [ 140.4917965, 35.8184889 ], [ 140.4917814, 35.8185138 ], [ 140.4917893, 35.8185386 ] ] ] ] } },
{ "type": "Feature", "properties": { "fid": 268, "field_id": 5615612, "location": "1-4", "field_seq": null, "field_no": "沢字五反田591", "farmer_cd": "k95", "farmer": "高橋廣重", "crop": null, "area": 14.6, "calc_area": 16.67, "remark": 4, "tiban": "591" }, "geometry": { "type": "MultiPolygon", "coordinates": [ [ [ [ 140.4811001, 35.8016608 ], [ 140.481074799999988, 35.8017896 ], [ 140.481009699999987, 35.8021203 ], [ 140.4809727, 35.8023478 ], [ 140.481208400000014, 35.8023727 ], [ 140.4812714, 35.8020249 ], [ 140.4813364, 35.8016883 ], [ 140.4812406, 35.801677 ], [ 140.4811001, 35.8016608 ] ] ] ] } },
{ "type": "Feature", "properties": { "fid": 269, "field_id": 5615657, "location": "1-4", "field_seq": null, "field_no": "沢字事尾田2998", "farmer_cd": "k95", "farmer": "高橋廣重", "crop": null, "area": 14.8, "calc_area": 16.58, "remark": 4, "tiban": "2998" }, "geometry": { "type": "MultiPolygon", "coordinates": [ [ [ [ 140.4738731, 35.8105949 ], [ 140.4739118, 35.8105904 ], [ 140.4739591, 35.8105969 ], [ 140.4740103, 35.8106344 ], [ 140.474050299999988, 35.810659 ], [ 140.4741032, 35.8106671 ], [ 140.4741244, 35.810671 ], [ 140.4742766, 35.8104378 ], [ 140.474381099999988, 35.8102714 ], [ 140.474466, 35.8101424 ], [ 140.4743048, 35.8100709 ], [ 140.4742199, 35.8100368 ], [ 140.4738731, 35.8105949 ] ] ] ] } },
{ "type": "Feature", "properties": { "fid": 270, "field_id": 5616517, "location": "1-1", "field_seq": null, "field_no": "高萩字谷堤七町1705", "farmer_cd": "k165", "farmer": "高木　延治", "crop": null, "area": 22.2, "calc_area": 22.18, "remark": null, "tiban": "1705" }, "geometry": { "type": "MultiPolygon", "coordinates": [ [ [ [ 140.544240355, 35.806718655 ], [ 140.544795294000011, 35.80683212 ], [ 140.544812371, 35.806792908 ], [ 140.544889864999988, 35.806617428 ], [ 140.544897318000011, 35.806455451 ], [ 140.544447884, 35.80638341 ], [ 140.544306975000012, 35.80647479 ], [ 140.544236321999989, 35.806537684 ], [ 140.544226973, 35.806563756 ], [ 140.544240752, 35.80667641 ], [ 140.544240355, 35.806718655 ] ] ] ] } },
{ "type": "Feature", "properties": { "fid": 271, "field_id": 5613579, "location": "1-2　", "field_seq": null, "field_no": "岩部字卜ケ崎3225", "farmer_cd": "k54", "farmer": "高木秋雄", "crop": null, "area": 9.7, "calc_area": 10.11, "remark": 2, "tiban": "3225" }, "geometry": { "type": "MultiPolygon", "coordinates": [ [ [ [ 140.498597600000011, 35.8082027 ], [ 140.4992019, 35.8083231 ], [ 140.499250100000012, 35.8081659 ], [ 140.499088300000011, 35.8081341 ], [ 140.49864310000001, 35.8080448 ], [ 140.498628, 35.8081008 ], [ 140.498597600000011, 35.8082027 ] ] ] ] } },
{ "type": "Feature", "properties": { "fid": 272, "field_id": 5616533, "location": "1-1", "field_seq": null, "field_no": "高萩字肥田1730", "farmer_cd": "k13", "farmer": "高木勝一", "crop": null, "area": 17.0, "calc_area": 18.78, "remark": 1, "tiban": "1730" }, "geometry": { "type": "MultiPolygon", "coordinates": [ [ [ [ 140.5438392, 35.8034882 ], [ 140.5435999, 35.8033863 ], [ 140.543577, 35.8034479 ], [ 140.5435574, 35.8035054 ], [ 140.5434995, 35.8035985 ], [ 140.5434051, 35.8037165 ], [ 140.543320599999987, 35.8038275 ], [ 140.5432693, 35.8038934 ], [ 140.543223, 35.803966 ], [ 140.5432085, 35.8040316 ], [ 140.54345330000001, 35.8041577 ], [ 140.543464699999987, 35.8041306 ], [ 140.5434698, 35.8040947 ], [ 140.5434809, 35.8040361 ], [ 140.5434931, 35.8039904 ], [ 140.5435161, 35.8039479 ], [ 140.5435955, 35.8038452 ], [ 140.543669599999987, 35.8037548 ], [ 140.543739499999987, 35.803669 ], [ 140.54379, 35.8035897 ], [ 140.5438182, 35.8035332 ], [ 140.5438392, 35.8034882 ] ] ] ] } },
{ "type": "Feature", "properties": { "fid": 273, "field_id": 5613480, "location": "1-2　", "field_seq": null, "field_no": "岩部字門前3252", "farmer_cd": "k66", "farmer": "高木敏彦", "crop": null, "area": 9.0, "calc_area": 9.59, "remark": 2, "tiban": "3252" }, "geometry": { "type": "MultiPolygon", "coordinates": [ [ [ [ 140.500357400000013, 35.8117541 ], [ 140.500290299999989, 35.8118853 ], [ 140.5001339, 35.8121881 ], [ 140.500303699999989, 35.8122191 ], [ 140.5003439, 35.8122269 ], [ 140.500442, 35.8120305 ], [ 140.50046420000001, 35.8119862 ], [ 140.500552699999986, 35.8118193 ], [ 140.500419599999987, 35.8117762 ], [ 140.500357400000013, 35.8117541 ] ] ] ] } },
{ "type": "Feature", "properties": { "fid": 274, "field_id": 5613485, "location": "1-2　", "field_seq": null, "field_no": "岩部字門前3251", "farmer_cd": "k66", "farmer": "高木敏彦", "crop": null, "area": 10.9, "calc_area": 12.32, "remark": 2, "tiban": "3251" }, "geometry": { "type": "MultiPolygon", "coordinates": [ [ [ [ 140.499914499999988, 35.8121387 ], [ 140.4999578, 35.8121522 ], [ 140.500063399999988, 35.8121753 ], [ 140.5001339, 35.8121881 ], [ 140.500290299999989, 35.8118853 ], [ 140.500357400000013, 35.8117541 ], [ 140.500125, 35.8116713 ], [ 140.5000868, 35.8117366 ], [ 140.5000408, 35.8118133 ], [ 140.49999170000001, 35.8119186 ], [ 140.499914499999988, 35.8121387 ] ] ] ] } },
{ "type": "Feature", "properties": { "fid": 275, "field_id": 5613491, "location": "1-2　", "field_seq": null, "field_no": "岩部字向3313", "farmer_cd": "k66", "farmer": "高木敏彦", "crop": null, "area": 8.6, "calc_area": 8.36, "remark": 2, "tiban": "3313" }, "geometry": { "type": "MultiPolygon", "coordinates": [ [ [ [ 140.499032, 35.8118396 ], [ 140.499191700000011, 35.8118983 ], [ 140.4992176, 35.811907 ], [ 140.4993656, 35.8116273 ], [ 140.4994585, 35.8114471 ], [ 140.4992928, 35.8113928 ], [ 140.4992957, 35.8114515 ], [ 140.4992854, 35.811512 ], [ 140.499259200000012, 35.8115644 ], [ 140.4992197, 35.8116125 ], [ 140.4991176, 35.811704 ], [ 140.499024100000014, 35.8118116 ], [ 140.499032, 35.8118396 ] ] ] ] } },
{ "type": "Feature", "properties": { "fid": 276, "field_id": 5613494, "location": "1-2　", "field_seq": null, "field_no": "岩部字向3311", "farmer_cd": "k66", "farmer": "高木敏彦", "crop": null, "area": 10.1, "calc_area": 10.54, "remark": 2, "tiban": "3311" }, "geometry": { "type": "MultiPolygon", "coordinates": [ [ [ [ 140.4996533, 35.8115129 ], [ 140.4994117, 35.8119742 ], [ 140.499522500000012, 35.8120135 ], [ 140.4996025, 35.8120429 ], [ 140.4997234, 35.811816 ], [ 140.499845, 35.8115799 ], [ 140.4997816, 35.8115588 ], [ 140.4996533, 35.8115129 ] ] ] ] } },
{ "type": "Feature", "properties": { "fid": 277, "field_id": 5613509, "location": "1-2　", "field_seq": null, "field_no": "岩部字向3314-1", "farmer_cd": "k66", "farmer": "高木敏彦", "crop": null, "area": 5.3, "calc_area": 4.95, "remark": 2, "tiban": "3314-1" }, "geometry": { "type": "MultiPolygon", "coordinates": [ [ [ [ 140.4987979, 35.812275 ], [ 140.4988835, 35.8122923 ], [ 140.498946499999988, 35.8120787 ], [ 140.4990135, 35.8118698 ], [ 140.4989187, 35.8119518 ], [ 140.498838, 35.8120364 ], [ 140.498768399999989, 35.812145 ], [ 140.4987266, 35.8122202 ], [ 140.49871060000001, 35.8122459 ], [ 140.4986897, 35.8122644 ], [ 140.4987979, 35.812275 ] ] ] ] } },
{ "type": "Feature", "properties": { "fid": 278, "field_id": 5613511, "location": "1-2　", "field_seq": null, "field_no": "岩部字門前3247", "farmer_cd": "k66", "farmer": "高木敏彦", "crop": null, "area": 9.9, "calc_area": 10.31, "remark": 2, "tiban": "3247" }, "geometry": { "type": "MultiPolygon", "coordinates": [ [ [ [ 140.5010924, 35.8114368 ], [ 140.5009906, 35.8114005 ], [ 140.5007513, 35.8118623 ], [ 140.500944299999986, 35.8119289 ], [ 140.5011083, 35.8115976 ], [ 140.5011795, 35.8114669 ], [ 140.5010924, 35.8114368 ] ] ] ] } },
{ "type": "Feature", "properties": { "fid": 279, "field_id": 5613512, "location": "1-2　", "field_seq": null, "field_no": "岩部字向3308", "farmer_cd": "k66", "farmer": "高木敏彦", "crop": null, "area": 10.2, "calc_area": 10.9, "remark": 2, "tiban": "3308" }, "geometry": { "type": "MultiPolygon", "coordinates": [ [ [ [ 140.4996625, 35.8114913 ], [ 140.4996748, 35.8114955 ], [ 140.4998584, 35.8115588 ], [ 140.500098799999989, 35.81109 ], [ 140.49997110000001, 35.8110489 ], [ 140.4998989, 35.8110231 ], [ 140.4998181, 35.8111822 ], [ 140.4996625, 35.8114913 ] ] ] ] } },
{ "type": "Feature", "properties": { "fid": 280, "field_id": 5613513, "location": "1-2　", "field_seq": null, "field_no": "荒北字堺町1953", "farmer_cd": "k66", "farmer": "高木敏彦", "crop": null, "area": 9.9, "calc_area": 11.92, "remark": 2, "tiban": "1953" }, "geometry": { "type": "MultiPolygon", "coordinates": [ [ [ [ 140.496922500000011, 35.808848 ], [ 140.4974078, 35.8085128 ], [ 140.4972718, 35.8083818 ], [ 140.497256099999987, 35.8083783 ], [ 140.4970965, 35.8084782 ], [ 140.4967816, 35.8086994 ], [ 140.4968716, 35.8087976 ], [ 140.496922500000011, 35.808848 ] ] ] ] } },
{ "type": "Feature", "properties": { "fid": 281, "field_id": 5613519, "location": "1-2　", "field_seq": null, "field_no": "岩部字向3316", "farmer_cd": "k66", "farmer": "高木敏彦", "crop": null, "area": 11.2, "calc_area": 12.13, "remark": 2, "tiban": "3316" }, "geometry": { "type": "MultiPolygon", "coordinates": [ [ [ [ 140.4990306, 35.8125071 ], [ 140.4990823, 35.8125168 ], [ 140.4992316, 35.8125487 ], [ 140.4993689, 35.8120813 ], [ 140.499397, 35.8120019 ], [ 140.4991966, 35.8119303 ], [ 140.4990306, 35.8125071 ] ] ] ] } },
{ "type": "Feature", "properties": { "fid": 282, "field_id": 5613533, "location": "1-2　", "field_seq": null, "field_no": "岩部字向3320", "farmer_cd": "k66", "farmer": "高木敏彦", "crop": null, "area": 10.1, "calc_area": 10.62, "remark": 2, "tiban": "3320" }, "geometry": { "type": "MultiPolygon", "coordinates": [ [ [ [ 140.4992246, 35.8125698 ], [ 140.499169, 35.8127492 ], [ 140.4990814, 35.8130517 ], [ 140.4991214, 35.8130595 ], [ 140.4992891, 35.8130935 ], [ 140.4993705, 35.8128104 ], [ 140.499430600000011, 35.8126094 ], [ 140.4992246, 35.8125698 ] ] ] ] } },
{ "type": "Feature", "properties": { "fid": 283, "field_id": 5613538, "location": "1-2　", "field_seq": null, "field_no": "岩部字門前3250", "farmer_cd": "k66", "farmer": "高木敏彦", "crop": null, "area": 11.2, "calc_area": 12.28, "remark": 2, "tiban": "3250" }, "geometry": { "type": "MultiPolygon", "coordinates": [ [ [ [ 140.5003668, 35.8117314 ], [ 140.5005329, 35.811416 ], [ 140.500535899999988, 35.8114103 ], [ 140.500609, 35.8112691 ], [ 140.500413400000014, 35.8112035 ], [ 140.5003956, 35.8112001 ], [ 140.5003838, 35.8112045 ], [ 140.5003747, 35.8112173 ], [ 140.5003643, 35.8112463 ], [ 140.5002883, 35.8113722 ], [ 140.5002555, 35.8114336 ], [ 140.5001872, 35.8115668 ], [ 140.500137099999989, 35.8116533 ], [ 140.5003668, 35.8117314 ] ] ] ] } },
{ "type": "Feature", "properties": { "fid": 284, "field_id": 5613542, "location": "1-2　", "field_seq": null, "field_no": "岩部字向3319", "farmer_cd": "k66", "farmer": "高木敏彦", "crop": null, "area": 10.0, "calc_area": 11.7, "remark": 2, "tiban": "3319" }, "geometry": { "type": "MultiPolygon", "coordinates": [ [ [ [ 140.499430600000011, 35.8126094 ], [ 140.4993705, 35.8128104 ], [ 140.4992891, 35.8130935 ], [ 140.4995308, 35.8131425 ], [ 140.499541, 35.8130591 ], [ 140.4995597, 35.8129777 ], [ 140.4995844, 35.8128919 ], [ 140.4996581, 35.8126538 ], [ 140.4994619, 35.8126154 ], [ 140.499430600000011, 35.8126094 ] ] ] ] } },
{ "type": "Feature", "properties": { "fid": 285, "field_id": 5613567, "location": "1-2　", "field_seq": null, "field_no": "岩部字門前3262", "farmer_cd": "k66", "farmer": "高木敏彦", "crop": null, "area": 9.7, "calc_area": 10.3, "remark": 2, "tiban": "3262" }, "geometry": { "type": "MultiPolygon", "coordinates": [ [ [ [ 140.500371699999988, 35.8127707 ], [ 140.50044650000001, 35.8127859 ], [ 140.5005688, 35.8128118 ], [ 140.500613499999986, 35.8126656 ], [ 140.5007192, 35.8123267 ], [ 140.5006684, 35.8123162 ], [ 140.500517, 35.8122864 ], [ 140.5004716, 35.8124366 ], [ 140.500371699999988, 35.8127707 ] ] ] ] } },
{ "type": "Feature", "properties": { "fid": 286, "field_id": 5613583, "location": "1-2　", "field_seq": null, "field_no": "岩部字門前3249-1", "farmer_cd": "k66", "farmer": "高木敏彦", "crop": null, "area": 6.9, "calc_area": 7.21, "remark": 2, "tiban": "3249-1" }, "geometry": { "type": "MultiPolygon", "coordinates": [ [ [ [ 140.5003668, 35.8117314 ], [ 140.500560799999988, 35.8117973 ], [ 140.500621200000012, 35.8116811 ], [ 140.5007253, 35.8114793 ], [ 140.5005329, 35.811416 ], [ 140.5003668, 35.8117314 ] ] ] ] } },
{ "type": "Feature", "properties": { "fid": 287, "field_id": 5613586, "location": "1-2　", "field_seq": null, "field_no": "岩部字門前3263", "farmer_cd": "k66", "farmer": "高木敏彦", "crop": null, "area": 9.9, "calc_area": 10.5, "remark": 2, "tiban": "3263" }, "geometry": { "type": "MultiPolygon", "coordinates": [ [ [ [ 140.500168300000013, 35.8127294 ], [ 140.500371699999988, 35.8127707 ], [ 140.5004716, 35.8124366 ], [ 140.500517, 35.8122864 ], [ 140.5003113, 35.8122458 ], [ 140.500253, 35.812444 ], [ 140.500168300000013, 35.8127294 ] ] ] ] } },
{ "type": "Feature", "properties": { "fid": 288, "field_id": 5613587, "location": "1-2　", "field_seq": null, "field_no": "岩部字門前3264", "farmer_cd": "k66", "farmer": "高木敏彦", "crop": null, "area": 9.8, "calc_area": 10.25, "remark": 2, "tiban": "3264" }, "geometry": { "type": "MultiPolygon", "coordinates": [ [ [ [ 140.4999647, 35.8126894 ], [ 140.500092099999989, 35.8127139 ], [ 140.500168300000013, 35.8127294 ], [ 140.500253, 35.812444 ], [ 140.5003113, 35.8122458 ], [ 140.500284, 35.8122404 ], [ 140.500112699999988, 35.8122083 ], [ 140.50005010000001, 35.8124187 ], [ 140.4999647, 35.8126894 ] ] ] ] } },
{ "type": "Feature", "properties": { "fid": 289, "field_id": 5613593, "location": "1-2　", "field_seq": null, "field_no": "岩部字向3321", "farmer_cd": "k66", "farmer": "高木敏彦", "crop": null, "area": 10.0, "calc_area": 10.36, "remark": 2, "tiban": "3321" }, "geometry": { "type": "MultiPolygon", "coordinates": [ [ [ [ 140.4990206, 35.81253 ], [ 140.498977, 35.8126769 ], [ 140.4988775, 35.8130117 ], [ 140.4990814, 35.8130517 ], [ 140.499169, 35.8127492 ], [ 140.4992246, 35.8125698 ], [ 140.4990603, 35.8125383 ], [ 140.4990206, 35.81253 ] ] ] ] } },
{ "type": "Feature", "properties": { "fid": 290, "field_id": 5613602, "location": "1-2　", "field_seq": null, "field_no": "岩部字向3312", "farmer_cd": "k66", "farmer": "高木敏彦", "crop": null, "area": 9.8, "calc_area": 10.56, "remark": 2, "tiban": "3312" }, "geometry": { "type": "MultiPolygon", "coordinates": [ [ [ [ 140.4994585, 35.8114471 ], [ 140.4993656, 35.8116273 ], [ 140.4992176, 35.811907 ], [ 140.4993, 35.8119346 ], [ 140.4994117, 35.8119742 ], [ 140.4996533, 35.8115129 ], [ 140.4995903, 35.8114903 ], [ 140.4994585, 35.8114471 ] ] ] ] } },
{ "type": "Feature", "properties": { "fid": 291, "field_id": 5613625, "location": "1-2　", "field_seq": null, "field_no": "岩部字向3323", "farmer_cd": "k66", "farmer": "高木敏彦", "crop": null, "area": 9.3, "calc_area": 10.57, "remark": 2, "tiban": "3323" }, "geometry": { "type": "MultiPolygon", "coordinates": [ [ [ [ 140.4986782, 35.8129726 ], [ 140.4987161, 35.8128401 ], [ 140.4988184, 35.8124879 ], [ 140.4986084, 35.8124441 ], [ 140.49859330000001, 35.8124811 ], [ 140.4985757, 35.812537 ], [ 140.4985206, 35.8127383 ], [ 140.4984964, 35.8128824 ], [ 140.4984979, 35.8129169 ], [ 140.4986782, 35.8129726 ] ] ] ] } },
{ "type": "Feature", "properties": { "fid": 292, "field_id": 5613628, "location": "1-2　", "field_seq": null, "field_no": "岩部字向3328-1", "farmer_cd": "k66", "farmer": "高木敏彦", "crop": null, "area": 5.5, "calc_area": 5.76, "remark": 2, "tiban": "3328-1" }, "geometry": { "type": "MultiPolygon", "coordinates": [ [ [ [ 140.499564, 35.8133849 ], [ 140.499564, 35.813383 ], [ 140.49955270000001, 35.8133489 ], [ 140.4995235, 35.8132618 ], [ 140.499514799999986, 35.813216 ], [ 140.4995168, 35.8131661 ], [ 140.499382700000012, 35.8131363 ], [ 140.4992718, 35.8131147 ], [ 140.4993586, 35.8134235 ], [ 140.499564, 35.8133849 ] ] ] ] } },
{ "type": "Feature", "properties": { "fid": 293, "field_id": 5613631, "location": "1-2　", "field_seq": null, "field_no": "岩部字門前3268", "farmer_cd": "k66", "farmer": "高木敏彦", "crop": null, "area": 10.0, "calc_area": 10.84, "remark": 2, "tiban": "3268" }, "geometry": { "type": "MultiPolygon", "coordinates": [ [ [ [ 140.500165, 35.8127526 ], [ 140.5001181, 35.8129017 ], [ 140.5000115, 35.813244 ], [ 140.5002199, 35.8132876 ], [ 140.5003357, 35.8129044 ], [ 140.5003683, 35.8127927 ], [ 140.5002575, 35.8127707 ], [ 140.500165, 35.8127526 ] ] ] ] } },
{ "type": "Feature", "properties": { "fid": 294, "field_id": 5613641, "location": "1-2　", "field_seq": null, "field_no": "荒北字堺町1947-1", "farmer_cd": "k66", "farmer": "高木敏彦", "crop": null, "area": 4.6, "calc_area": 6.79, "remark": 2, "tiban": "1947-1" }, "geometry": { "type": "MultiPolygon", "coordinates": [ [ [ [ 140.4962327, 35.8093198 ], [ 140.496192799999989, 35.809274 ], [ 140.4961429, 35.8092336 ], [ 140.4960764, 35.8091715 ], [ 140.495818, 35.8093634 ], [ 140.4959723, 35.8095069 ], [ 140.496022399999987, 35.8094713 ], [ 140.4962327, 35.8093198 ] ] ] ] } },
{ "type": "Feature", "properties": { "fid": 295, "field_id": 5613643, "location": "1-2　", "field_seq": null, "field_no": "荒北字堺町1952", "farmer_cd": "k66", "farmer": "高木敏彦", "crop": null, "area": 9.9, "calc_area": 11.43, "remark": 2, "tiban": "1952" }, "geometry": { "type": "MultiPolygon", "coordinates": [ [ [ [ 140.4964647, 35.8091747 ], [ 140.4969118, 35.808856 ], [ 140.4967725, 35.8087058 ], [ 140.4963132, 35.8090278 ], [ 140.496318300000013, 35.8090336 ], [ 140.4964647, 35.8091747 ] ] ] ] } },
{ "type": "Feature", "properties": { "fid": 296, "field_id": 5613669, "location": "1-2　", "field_seq": null, "field_no": "岩部字門前3248", "farmer_cd": "k66", "farmer": "高木敏彦", "crop": null, "area": 10.0, "calc_area": 10.42, "remark": 2, "tiban": "3248" }, "geometry": { "type": "MultiPolygon", "coordinates": [ [ [ [ 140.5007977, 35.8113337 ], [ 140.5007253, 35.8114793 ], [ 140.500621200000012, 35.8116811 ], [ 140.500560799999988, 35.8117973 ], [ 140.500700099999989, 35.8118447 ], [ 140.5007513, 35.8118623 ], [ 140.5009906, 35.8114005 ], [ 140.500942400000014, 35.8113833 ], [ 140.5007977, 35.8113337 ] ] ] ] } },
{ "type": "Feature", "properties": { "fid": 297, "field_id": 5613675, "location": "1-2　", "field_seq": null, "field_no": "岩部字向3315", "farmer_cd": "k66", "farmer": "高木敏彦", "crop": null, "area": 11.9, "calc_area": 12.45, "remark": 2, "tiban": "3315" }, "geometry": { "type": "MultiPolygon", "coordinates": [ [ [ [ 140.4988241, 35.8124683 ], [ 140.4990306, 35.8125071 ], [ 140.4991966, 35.8119303 ], [ 140.4991803, 35.8119245 ], [ 140.49901890000001, 35.8118651 ], [ 140.4990135, 35.8118698 ], [ 140.498946499999988, 35.8120787 ], [ 140.4988241, 35.8124683 ] ] ] ] } },
{ "type": "Feature", "properties": { "fid": 298, "field_id": 5613688, "location": "1-2　", "field_seq": null, "field_no": "岩部字向3307", "farmer_cd": "k66", "farmer": "高木敏彦", "crop": null, "area": 10.2, "calc_area": 10.35, "remark": 2, "tiban": "3307" }, "geometry": { "type": "MultiPolygon", "coordinates": [ [ [ [ 140.499471199999988, 35.8114265 ], [ 140.4996625, 35.8114913 ], [ 140.4998181, 35.8111822 ], [ 140.4998989, 35.8110231 ], [ 140.4997153, 35.8109575 ], [ 140.49964030000001, 35.8111031 ], [ 140.499471199999988, 35.8114265 ] ] ] ] } },
{ "type": "Feature", "properties": { "fid": 299, "field_id": 5613698, "location": "1-2　", "field_seq": null, "field_no": "岩部字向3310-1", "farmer_cd": "k66", "farmer": "高木敏彦", "crop": null, "area": 1.8, "calc_area": 3.68, "remark": 2, "tiban": "3310-1" }, "geometry": { "type": "MultiPolygon", "coordinates": [ [ [ [ 140.499845, 35.8115799 ], [ 140.4997562, 35.8117523 ], [ 140.499841800000013, 35.8117773 ], [ 140.4998847, 35.8117928 ], [ 140.4999037, 35.8117985 ], [ 140.499918, 35.8118082 ], [ 140.499924600000014, 35.8118055 ], [ 140.499927500000013, 35.811812 ], [ 140.4999321, 35.8118184 ], [ 140.4999942, 35.8117076 ], [ 140.5000336, 35.8116427 ], [ 140.499845, 35.8115799 ] ] ] ] } },
{ "type": "Feature", "properties": { "fid": 300, "field_id": 5613705, "location": "1-2　", "field_seq": null, "field_no": "荒北字堺町1954", "farmer_cd": "k66", "farmer": "高木敏彦", "crop": null, "area": 8.9, "calc_area": 10.05, "remark": 2, "tiban": "1954" }, "geometry": { "type": "MultiPolygon", "coordinates": [ [ [ [ 140.4970068, 35.8089252 ], [ 140.4970607, 35.8089023 ], [ 140.497173299999986, 35.8088585 ], [ 140.4972383, 35.8088297 ], [ 140.497303100000011, 35.8088001 ], [ 140.4973929, 35.8087475 ], [ 140.4974411, 35.8087273 ], [ 140.497496, 35.808703 ], [ 140.4975176, 35.8086963 ], [ 140.4975475, 35.8086855 ], [ 140.4975674, 35.8086774 ], [ 140.497577400000011, 35.8086733 ], [ 140.4975398, 35.8086401 ], [ 140.4974078, 35.8085128 ], [ 140.496922500000011, 35.808848 ], [ 140.4970068, 35.8089252 ] ] ] ] } },
{ "type": "Feature", "properties": { "fid": 301, "field_id": 5613721, "location": "1-2　", "field_seq": null, "field_no": "岩部字向3322", "farmer_cd": "k66", "farmer": "高木敏彦", "crop": null, "area": 9.8, "calc_area": 10.32, "remark": 2, "tiban": "3322" }, "geometry": { "type": "MultiPolygon", "coordinates": [ [ [ [ 140.4986782, 35.8129726 ], [ 140.4988775, 35.8130117 ], [ 140.498977, 35.8126769 ], [ 140.4990206, 35.81253 ], [ 140.4988184, 35.8124879 ], [ 140.4987161, 35.8128401 ], [ 140.4986782, 35.8129726 ] ] ] ] } },
{ "type": "Feature", "properties": { "fid": 302, "field_id": 5613736, "location": "1-2　", "field_seq": null, "field_no": "岩部字向3318", "farmer_cd": "k66", "farmer": "高木敏彦", "crop": null, "area": 10.2, "calc_area": 12.07, "remark": 2, "tiban": "3318" }, "geometry": { "type": "MultiPolygon", "coordinates": [ [ [ [ 140.4994361, 35.8125874 ], [ 140.499625400000014, 35.8126262 ], [ 140.499665, 35.8126335 ], [ 140.4997392, 35.8123704 ], [ 140.4998104, 35.8121492 ], [ 140.499622499999987, 35.8120823 ], [ 140.499590899999987, 35.812071 ], [ 140.499549699999989, 35.8122097 ], [ 140.4994361, 35.8125874 ] ] ] ] } },
{ "type": "Feature", "properties": { "fid": 303, "field_id": 5613757, "location": "1-2　", "field_seq": null, "field_no": "岩部字門前3265", "farmer_cd": "k66", "farmer": "高木敏彦", "crop": null, "area": 9.8, "calc_area": 11.49, "remark": 2, "tiban": "3265" }, "geometry": { "type": "MultiPolygon", "coordinates": [ [ [ [ 140.4997458, 35.8126473 ], [ 140.4999647, 35.8126894 ], [ 140.50005010000001, 35.8124187 ], [ 140.500112699999988, 35.8122083 ], [ 140.5000502, 35.8121965 ], [ 140.4998841, 35.8121631 ], [ 140.4997914, 35.8124891 ], [ 140.4997458, 35.8126473 ] ] ] ] } },
{ "type": "Feature", "properties": { "fid": 304, "field_id": 5613781, "location": "1-2　", "field_seq": null, "field_no": "岩部字門前3261", "farmer_cd": "k66", "farmer": "高木敏彦", "crop": null, "area": 10.0, "calc_area": 10.21, "remark": 2, "tiban": "3261" }, "geometry": { "type": "MultiPolygon", "coordinates": [ [ [ [ 140.5005688, 35.8128118 ], [ 140.500705, 35.8128407 ], [ 140.5007687, 35.8128543 ], [ 140.500869200000011, 35.8125114 ], [ 140.5009128, 35.8123613 ], [ 140.5008291, 35.8123494 ], [ 140.5007192, 35.8123267 ], [ 140.500613499999986, 35.8126656 ], [ 140.5005688, 35.8128118 ] ] ] ] } },
{ "type": "Feature", "properties": { "fid": 305, "field_id": 5614849, "location": "1-2　", "field_seq": null, "field_no": "岩部字勧浄寺3381", "farmer_cd": "k66", "farmer": "高木敏彦", "crop": null, "area": 9.8, "calc_area": 10.46, "remark": 2, "tiban": "3381" }, "geometry": { "type": "MultiPolygon", "coordinates": [ [ [ [ 140.500729299999989, 35.814437 ], [ 140.5008135, 35.8143546 ], [ 140.5008633, 35.8143059 ], [ 140.500389, 35.8139863 ], [ 140.5002558, 35.8141145 ], [ 140.500729299999989, 35.814437 ] ] ] ] } },
{ "type": "Feature", "properties": { "fid": 306, "field_id": 5614856, "location": "1-2　", "field_seq": null, "field_no": "岩部字勧浄寺3380", "farmer_cd": "k66", "farmer": "高木敏彦", "crop": null, "area": 9.5, "calc_area": 10.68, "remark": 2, "tiban": "3380" }, "geometry": { "type": "MultiPolygon", "coordinates": [ [ [ [ 140.5001385, 35.8142274 ], [ 140.5001873, 35.8142782 ], [ 140.500281300000012, 35.8143592 ], [ 140.5003889, 35.8144368 ], [ 140.500555, 35.8145502 ], [ 140.5005899, 35.8145733 ], [ 140.500729299999989, 35.814437 ], [ 140.5002558, 35.8141145 ], [ 140.5001385, 35.8142274 ] ] ] ] } },
{ "type": "Feature", "properties": { "fid": 307, "field_id": 5614866, "location": "1-2　", "field_seq": null, "field_no": "岩部字向3331", "farmer_cd": "k66", "farmer": "高木敏彦", "crop": null, "area": 9.7, "calc_area": 10.4, "remark": 2, "tiban": "3331" }, "geometry": { "type": "MultiPolygon", "coordinates": [ [ [ [ 140.4990041, 35.8136622 ], [ 140.4990917, 35.8138539 ], [ 140.499224199999986, 35.8141189 ], [ 140.4994173, 35.8140579 ], [ 140.499288, 35.8137826 ], [ 140.4991967, 35.8135994 ], [ 140.499169099999989, 35.8136083 ], [ 140.4990041, 35.8136622 ] ] ] ] } },
{ "type": "Feature", "properties": { "fid": 308, "field_id": 5614870, "location": "1-2　", "field_seq": null, "field_no": "岩部字門前3275", "farmer_cd": "k66", "farmer": "高木敏彦", "crop": null, "area": 10.0, "calc_area": 10.75, "remark": 2, "tiban": "3275" }, "geometry": { "type": "MultiPolygon", "coordinates": [ [ [ [ 140.4998545, 35.8137516 ], [ 140.5000647, 35.8137921 ], [ 140.5001622, 35.8134653 ], [ 140.5002112, 35.8133078 ], [ 140.5000049, 35.813265 ], [ 140.4998941, 35.8136204 ], [ 140.4998545, 35.8137516 ] ] ] ] } },
{ "type": "Feature", "properties": { "fid": 309, "field_id": 5614871, "location": "1-2　", "field_seq": null, "field_no": "岩部字門前3274", "farmer_cd": "k66", "farmer": "高木敏彦", "crop": null, "area": 10.1, "calc_area": 10.41, "remark": 2, "tiban": "3274" }, "geometry": { "type": "MultiPolygon", "coordinates": [ [ [ [ 140.5000647, 35.8137921 ], [ 140.5001315, 35.8138049 ], [ 140.5002681, 35.8138336 ], [ 140.5003501, 35.8135545 ], [ 140.5004107, 35.8133492 ], [ 140.5002112, 35.8133078 ], [ 140.5001622, 35.8134653 ], [ 140.5000647, 35.8137921 ] ] ] ] } },
{ "type": "Feature", "properties": { "fid": 310, "field_id": 5614877, "location": "1-2　", "field_seq": null, "field_no": "岩部字勧浄寺3382-1", "farmer_cd": "k66", "farmer": "高木敏彦", "crop": null, "area": 4.8, "calc_area": 5.27, "remark": 2, "tiban": "3382-1" }, "geometry": { "type": "MultiPolygon", "coordinates": [ [ [ [ 140.5009297, 35.814241 ], [ 140.50045750000001, 35.8139204 ], [ 140.500389, 35.8139863 ], [ 140.5008633, 35.8143059 ], [ 140.5009297, 35.814241 ] ] ] ] } },
{ "type": "Feature", "properties": { "fid": 311, "field_id": 5614897, "location": "1-2　", "field_seq": null, "field_no": "岩部字門前3272-1", "farmer_cd": "k66", "farmer": "高木敏彦", "crop": null, "area": 3.9, "calc_area": 3.93, "remark": 2, "tiban": "3272-1" }, "geometry": { "type": "MultiPolygon", "coordinates": [ [ [ [ 140.5006795, 35.8135593 ], [ 140.5007776, 35.8135824 ], [ 140.50084, 35.8135153 ], [ 140.5008934, 35.8134639 ], [ 140.500900800000011, 35.8134528 ], [ 140.5008977, 35.8134472 ], [ 140.5006139, 35.8133914 ], [ 140.5005688, 35.8135387 ], [ 140.5006795, 35.8135593 ] ] ] ] } },
{ "type": "Feature", "properties": { "fid": 312, "field_id": 5614903, "location": "1-2　", "field_seq": null, "field_no": "岩部字向3330", "farmer_cd": "k66", "farmer": "高木敏彦", "crop": null, "area": 9.9, "calc_area": 10.15, "remark": 2, "tiban": "3330" }, "geometry": { "type": "MultiPolygon", "coordinates": [ [ [ [ 140.4994173, 35.8140579 ], [ 140.4995389, 35.8140195 ], [ 140.4996075, 35.813997 ], [ 140.499534899999986, 35.8138419 ], [ 140.4993911, 35.8135368 ], [ 140.4991967, 35.8135994 ], [ 140.499288, 35.8137826 ], [ 140.4994173, 35.8140579 ] ] ] ] } },
{ "type": "Feature", "properties": { "fid": 313, "field_id": 5614905, "location": "1-2　", "field_seq": null, "field_no": "岩部字向3329", "farmer_cd": "k66", "farmer": "高木敏彦", "crop": null, "area": 9.7, "calc_area": 11.67, "remark": 2, "tiban": "3329" }, "geometry": { "type": "MultiPolygon", "coordinates": [ [ [ [ 140.4996075, 35.813997 ], [ 140.4998283, 35.8139247 ], [ 140.499736899999988, 35.8137283 ], [ 140.4996515, 35.8135523 ], [ 140.499609600000014, 35.81347 ], [ 140.4994063, 35.813532 ], [ 140.4993911, 35.8135368 ], [ 140.499534899999986, 35.8138419 ], [ 140.4996075, 35.813997 ] ] ] ] } },
{ "type": "Feature", "properties": { "fid": 314, "field_id": 5614907, "location": "1-2　", "field_seq": null, "field_no": "岩部字門前3273", "farmer_cd": "k66", "farmer": "高木敏彦", "crop": null, "area": 9.9, "calc_area": 10.65, "remark": 2, "tiban": "3273" }, "geometry": { "type": "MultiPolygon", "coordinates": [ [ [ [ 140.5002681, 35.8138336 ], [ 140.5004716, 35.8138763 ], [ 140.500526900000011, 35.8138213 ], [ 140.500493, 35.8138073 ], [ 140.5006139, 35.8133914 ], [ 140.5004107, 35.8133492 ], [ 140.5003501, 35.8135545 ], [ 140.5002681, 35.8138336 ] ] ] ] } },
{ "type": "Feature", "properties": { "fid": 315, "field_id": 5614928, "location": "1-2　", "field_seq": null, "field_no": "岩部字辻ノ内3425", "farmer_cd": "k66", "farmer": "高木敏彦", "crop": null, "area": 10.0, "calc_area": 10.56, "remark": 2, "tiban": "3425" }, "geometry": { "type": "MultiPolygon", "coordinates": [ [ [ [ 140.503868399999988, 35.8155921 ], [ 140.5038768, 35.8154204 ], [ 140.5032602, 35.8154057 ], [ 140.503252, 35.8155752 ], [ 140.503868399999988, 35.8155921 ] ] ] ] } },
{ "type": "Feature", "properties": { "fid": 316, "field_id": 5614997, "location": "1-2　", "field_seq": null, "field_no": "岩部字辻ノ内3426", "farmer_cd": "k66", "farmer": "高木敏彦", "crop": null, "area": 9.9, "calc_area": 10.3, "remark": 2, "tiban": "3426" }, "geometry": { "type": "MultiPolygon", "coordinates": [ [ [ [ 140.5038768, 35.8154204 ], [ 140.5038848, 35.8152573 ], [ 140.503266700000012, 35.8152363 ], [ 140.5032622, 35.8153666 ], [ 140.5032602, 35.8154057 ], [ 140.5038768, 35.8154204 ] ] ] ] } },
{ "type": "Feature", "properties": { "fid": 317, "field_id": 5616141, "location": "1-1", "field_seq": null, "field_no": "岩部字大塚3577", "farmer_cd": "k66", "farmer": "高木敏彦", "crop": null, "area": 9.8, "calc_area": 9.97, "remark": 1, "tiban": "3577" }, "geometry": { "type": "MultiPolygon", "coordinates": [ [ [ [ 140.5105594, 35.8182362 ], [ 140.510721, 35.8183209 ], [ 140.510725400000013, 35.8183232 ], [ 140.511054699999988, 35.8179025 ], [ 140.5108844, 35.8178146 ], [ 140.5105594, 35.8182362 ] ] ] ] } },
{ "type": "Feature", "properties": { "fid": 318, "field_id": 5616238, "location": "1-1", "field_seq": null, "field_no": "岩部字大塚3579", "farmer_cd": "k66", "farmer": "高木敏彦", "crop": null, "area": 9.9, "calc_area": 11.43, "remark": 1, "tiban": "3579" }, "geometry": { "type": "MultiPolygon", "coordinates": [ [ [ [ 140.5109036, 35.8184168 ], [ 140.5110982, 35.818519 ], [ 140.5112718, 35.8182861 ], [ 140.5113188, 35.8182239 ], [ 140.5113715, 35.8181642 ], [ 140.511436, 35.8180974 ], [ 140.5112351, 35.8179952 ], [ 140.5109036, 35.8184168 ] ] ] ] } },
{ "type": "Feature", "properties": { "fid": 319, "field_id": 5616527, "location": "1-1", "field_seq": null, "field_no": "高萩字廣町1770", "farmer_cd": "k66", "farmer": "高木敏彦", "crop": null, "area": 19.6, "calc_area": 19.73, "remark": 1, "tiban": "1770" }, "geometry": { "type": "MultiPolygon", "coordinates": [ [ [ [ 140.5454624, 35.8108056 ], [ 140.54548650000001, 35.81075 ], [ 140.5455308, 35.8105856 ], [ 140.5455566, 35.8105108 ], [ 140.5455967, 35.810456 ], [ 140.545645900000011, 35.8103139 ], [ 140.54552240000001, 35.8102827 ], [ 140.5452278, 35.8102007 ], [ 140.5450816, 35.810597 ], [ 140.5451342, 35.8106187 ], [ 140.5451926, 35.8106437 ], [ 140.5452655, 35.810678 ], [ 140.5453344, 35.8107161 ], [ 140.545386, 35.8107501 ], [ 140.5454624, 35.8108056 ] ] ] ] } },
{ "type": "Feature", "properties": { "fid": 320, "field_id": 5616529, "location": "1-1", "field_seq": null, "field_no": "高萩字廣町1774", "farmer_cd": "k66", "farmer": "高木敏彦", "crop": null, "area": 12.0, "calc_area": 12.81, "remark": 1, "tiban": "1774" }, "geometry": { "type": "MultiPolygon", "coordinates": [ [ [ [ 140.5459758, 35.8107214 ], [ 140.5460031, 35.8106151 ], [ 140.5459904, 35.8106123 ], [ 140.545992500000011, 35.8106046 ], [ 140.5460043, 35.8105644 ], [ 140.5460453, 35.8104164 ], [ 140.54604, 35.8104051 ], [ 140.545965599999988, 35.8103901 ], [ 140.5457624, 35.8103433 ], [ 140.545645900000011, 35.8103139 ], [ 140.5455967, 35.810456 ], [ 140.5455566, 35.8105108 ], [ 140.5455308, 35.8105856 ], [ 140.545807200000013, 35.8106483 ], [ 140.5459758, 35.8107214 ] ] ] ] } },
{ "type": "Feature", "properties": { "fid": 321, "field_id": 5616766, "location": "1-2　", "field_seq": null, "field_no": "岩部字向3310-2", "farmer_cd": "k66", "farmer": "高木敏彦", "crop": null, "area": 6.6, "calc_area": 6.63, "remark": 2, "tiban": "3310-2" }, "geometry": { "type": "MultiPolygon", "coordinates": [ [ [ [ 140.4997574, 35.8117639 ], [ 140.4996076, 35.8120493 ], [ 140.4998216, 35.8121168 ], [ 140.4999382, 35.8118063 ], [ 140.4997574, 35.8117639 ] ] ] ] } },
{ "type": "Feature", "properties": { "fid": 322, "field_id": 5616767, "location": "1-2　", "field_seq": null, "field_no": "岩部字向3314-2", "farmer_cd": "k66", "farmer": "高木敏彦", "crop": null, "area": 3.3, "calc_area": 3.46, "remark": 2, "tiban": "3314-2" }, "geometry": { "type": "MultiPolygon", "coordinates": [ [ [ [ 140.498690900000014, 35.8122673 ], [ 140.4986338, 35.8124312 ], [ 140.4988241, 35.8124679 ], [ 140.4988835, 35.8122885 ], [ 140.498690900000014, 35.8122673 ] ] ] ] } },
{ "type": "Feature", "properties": { "fid": 323, "field_id": 5616768, "location": "1-2　", "field_seq": null, "field_no": "岩部字向3317-2", "farmer_cd": "k66", "farmer": "高木敏彦", "crop": null, "area": 5.9, "calc_area": 6.07, "remark": 2, "tiban": "3317-2" }, "geometry": { "type": "MultiPolygon", "coordinates": [ [ [ [ 140.4992316, 35.8125487 ], [ 140.4994361, 35.8125874 ], [ 140.4995174, 35.8123169 ], [ 140.499316, 35.8122613 ], [ 140.4992316, 35.8125487 ] ] ] ] } },
{ "type": "Feature", "properties": { "fid": 324, "field_id": 5616769, "location": "1-2　", "field_seq": null, "field_no": "岩部字向3317-1", "farmer_cd": "k66", "farmer": "高木敏彦", "crop": null, "area": 4.9, "calc_area": 5.54, "remark": 2, "tiban": "3317-1" }, "geometry": { "type": "MultiPolygon", "coordinates": [ [ [ [ 140.4995174, 35.8123169 ], [ 140.499549699999989, 35.8122097 ], [ 140.499590899999987, 35.812071 ], [ 140.499397, 35.8120019 ], [ 140.4993689, 35.8120813 ], [ 140.499316, 35.8122613 ], [ 140.4995174, 35.8123169 ] ] ] ] } },
{ "type": "Feature", "properties": { "fid": 325, "field_id": 5616770, "location": "1-2　", "field_seq": null, "field_no": "岩部字向3328-2", "farmer_cd": "k66", "farmer": "高木敏彦", "crop": null, "area": 1.0, "calc_area": 1.55, "remark": 2, "tiban": "3328-2" }, "geometry": { "type": "MultiPolygon", "coordinates": [ [ [ [ 140.4993694, 35.8134253 ], [ 140.4993931, 35.8135081 ], [ 140.4995901, 35.8134446 ], [ 140.4995687, 35.813383 ], [ 140.4993694, 35.8134253 ] ] ] ] } },
{ "type": "Feature", "properties": { "fid": 326, "field_id": 5616771, "location": "1-2　", "field_seq": null, "field_no": "岩部字門前3272-2", "farmer_cd": "k66", "farmer": "高木敏彦", "crop": null, "area": 1.8, "calc_area": 2.58, "remark": 2, "tiban": "3272-2" }, "geometry": { "type": "MultiPolygon", "coordinates": [ [ [ [ 140.5005751, 35.81354 ], [ 140.5005261, 35.8136927 ], [ 140.5006479, 35.8137145 ], [ 140.500776, 35.8135836 ], [ 140.5005751, 35.81354 ] ] ] ] } },
{ "type": "Feature", "properties": { "fid": 327, "field_id": 5616772, "location": "1-2　", "field_seq": null, "field_no": "岩部字門前3272-3", "farmer_cd": "k66", "farmer": "高木敏彦", "crop": null, "area": 0.5, "calc_area": 0.85, "remark": 2, "tiban": "3272-3" }, "geometry": { "type": "MultiPolygon", "coordinates": [ [ [ [ 140.5005275, 35.8138164 ], [ 140.500644599999987, 35.8137163 ], [ 140.5005291, 35.8137009 ], [ 140.5004974, 35.8138074 ], [ 140.5005275, 35.8138164 ] ] ] ] } },
{ "type": "Feature", "properties": { "fid": 328, "field_id": 5616773, "location": "1-1", "field_seq": null, "field_no": "岩部字大塚3578-2", "farmer_cd": "k66", "farmer": "高木敏彦", "crop": null, "area": 3.3, "calc_area": 3.68, "remark": 1, "tiban": "3578-2" }, "geometry": { "type": "MultiPolygon", "coordinates": [ [ [ [ 140.510725400000013, 35.8183232 ], [ 140.5107837, 35.8183538 ], [ 140.511120299999988, 35.8179363 ], [ 140.511054699999988, 35.8179025 ], [ 140.510725400000013, 35.8183232 ] ] ] ] } },
{ "type": "Feature", "properties": { "fid": 329, "field_id": 5616774, "location": "1-1", "field_seq": null, "field_no": "岩部字大塚3578-1", "farmer_cd": "k66", "farmer": "高木敏彦", "crop": null, "area": 6.6, "calc_area": 6.98, "remark": 1, "tiban": "3578-1" }, "geometry": { "type": "MultiPolygon", "coordinates": [ [ [ [ 140.5107837, 35.8183538 ], [ 140.5109036, 35.8184168 ], [ 140.5112351, 35.8179952 ], [ 140.5111851, 35.8179698 ], [ 140.511120299999988, 35.8179363 ], [ 140.5107837, 35.8183538 ] ] ] ] } },
{ "type": "Feature", "properties": { "fid": 330, "field_id": 5616775, "location": "1-1", "field_seq": null, "field_no": "高萩字廣町1775", "farmer_cd": "k66", "farmer": "高木敏彦", "crop": null, "area": 8.0, "calc_area": 8.05, "remark": 1, "tiban": "1775" }, "geometry": { "type": "MultiPolygon", "coordinates": [ [ [ [ 140.545538099999987, 35.8105945 ], [ 140.5454976, 35.8107589 ], [ 140.545932599999986, 35.8108725 ], [ 140.5459731, 35.8106872 ], [ 140.545538099999987, 35.8105945 ] ] ] ] } },
{ "type": "Feature", "properties": { "fid": 331, "field_id": 5616776, "location": "1-2　", "field_seq": null, "field_no": "荒北字堺町1947-2", "farmer_cd": "k66", "farmer": "高木敏彦", "crop": null, "area": 5.0, "calc_area": 4.41, "remark": 2, "tiban": "1947-2" }, "geometry": { "type": "MultiPolygon", "coordinates": [ [ [ [ 140.4960864, 35.8091715 ], [ 140.496226, 35.809309 ], [ 140.4964321, 35.8091796 ], [ 140.4962759, 35.8090556 ], [ 140.4960864, 35.8091715 ] ] ] ] } },
{ "type": "Feature", "properties": { "fid": 332, "field_id": 5616777, "location": "1-2　", "field_seq": null, "field_no": "荒北字堺町1951", "farmer_cd": "k66", "farmer": "高木敏彦", "crop": null, "area": 8.2, "calc_area": 7.03, "remark": 2, "tiban": "1951" }, "geometry": { "type": "MultiPolygon", "coordinates": [ [ [ [ 140.4964712, 35.8091723 ], [ 140.4965693, 35.8092721 ], [ 140.49699480000001, 35.8089458 ], [ 140.496913400000011, 35.8088555 ], [ 140.4964712, 35.8091723 ] ] ] ] } },
{ "type": "Feature", "properties": { "fid": 333, "field_id": 5616778, "location": "1-2　", "field_seq": null, "field_no": "荒北字堺町1955-1", "farmer_cd": "k66", "farmer": "高木敏彦", "crop": null, "area": 3.7, "calc_area": 3.67, "remark": 2, "tiban": "1955-1" }, "geometry": { "type": "MultiPolygon", "coordinates": [ [ [ [ 140.4972483, 35.8088284 ], [ 140.497665500000011, 35.8088257 ], [ 140.4977054, 35.8087987 ], [ 140.4975691, 35.808672 ], [ 140.4972483, 35.8088284 ] ] ] ] } },
{ "type": "Feature", "properties": { "fid": 334, "field_id": 5616158, "location": "1-1", "field_seq": null, "field_no": "岩部字大塚3569", "farmer_cd": "k36", "farmer": "高木勇", "crop": null, "area": 9.7, "calc_area": 9.7, "remark": 1, "tiban": "3569" }, "geometry": { "type": "MultiPolygon", "coordinates": [ [ [ [ 140.5100631, 35.818562 ], [ 140.5103302, 35.8182193 ], [ 140.5103718, 35.8181678 ], [ 140.5102982, 35.8181296 ], [ 140.510192499999988, 35.8180766 ], [ 140.5101156, 35.8181745 ], [ 140.5098946, 35.8184675 ], [ 140.5100631, 35.818562 ] ] ] ] } },
{ "type": "Feature", "properties": { "fid": 335, "field_id": 5616169, "location": "1-1", "field_seq": null, "field_no": "岩部字大塚3570", "farmer_cd": "k36", "farmer": "高木勇", "crop": null, "area": 9.4, "calc_area": 9.36, "remark": 1, "tiban": "3570" }, "geometry": { "type": "MultiPolygon", "coordinates": [ [ [ [ 140.5098946, 35.8184675 ], [ 140.5101156, 35.8181745 ], [ 140.510192499999988, 35.8180766 ], [ 140.5100228, 35.8179915 ], [ 140.5100167, 35.8179886 ], [ 140.5097542, 35.8183201 ], [ 140.509758299999987, 35.8183475 ], [ 140.5097773, 35.8183844 ], [ 140.5098092, 35.8184195 ], [ 140.5098946, 35.8184675 ] ] ] ] } },
{ "type": "Feature", "properties": { "fid": 336, "field_id": 5616207, "location": "1-1", "field_seq": null, "field_no": "岩部字大塚3575-1", "farmer_cd": "k36", "farmer": "高木勇", "crop": null, "area": 7.5, "calc_area": 7.54, "remark": 1, "tiban": "3575-1" }, "geometry": { "type": "MultiPolygon", "coordinates": [ [ [ [ 140.5102535, 35.8180801 ], [ 140.5102618, 35.8180805 ], [ 140.5103832, 35.818144 ], [ 140.510712, 35.8177259 ], [ 140.5105804, 35.8176627 ], [ 140.5102535, 35.8180801 ] ] ] ] } },
{ "type": "Feature", "properties": { "fid": 337, "field_id": 5616217, "location": "1-1", "field_seq": null, "field_no": "岩部字大塚3571", "farmer_cd": "k36", "farmer": "高木勇", "crop": null, "area": 6.7, "calc_area": 5.97, "remark": 1, "tiban": "3571" }, "geometry": { "type": "MultiPolygon", "coordinates": [ [ [ [ 140.5097542, 35.8183201 ], [ 140.5100167, 35.8179886 ], [ 140.509772, 35.8178691 ], [ 140.5097686, 35.8178798 ], [ 140.5097601, 35.8179392 ], [ 140.5097577, 35.8180058 ], [ 140.5097489, 35.8182841 ], [ 140.5097542, 35.8183201 ] ] ] ] } },
{ "type": "Feature", "properties": { "fid": 338, "field_id": 5616708, "location": "1-1", "field_seq": null, "field_no": "岩部字大塚3575-2", "farmer_cd": "k36", "farmer": "高木勇", "crop": null, "area": 2.4, "calc_area": 3.36, "remark": 1, "tiban": "3575-2" }, "geometry": { "type": "MultiPolygon", "coordinates": [ [ [ [ 140.5102076, 35.8180516 ], [ 140.5102616, 35.8180779 ], [ 140.510588500000011, 35.8176638 ], [ 140.5105278, 35.817631 ], [ 140.5102076, 35.8180516 ] ] ] ] } },
{ "type": "Feature", "properties": { "fid": 339, "field_id": 5615649, "location": "1-4", "field_seq": null, "field_no": "沢字事尾田3015", "farmer_cd": "k145", "farmer": "根本慶一", "crop": null, "area": 9.8, "calc_area": 9.95, "remark": 4, "tiban": "3015" }, "geometry": { "type": "MultiPolygon", "coordinates": [ [ [ [ 140.471003, 35.8082804 ], [ 140.471069300000011, 35.8083294 ], [ 140.4711776, 35.808419 ], [ 140.4715363, 35.8081826 ], [ 140.471464700000013, 35.8080389 ], [ 140.47145, 35.8080336 ], [ 140.471395, 35.8080534 ], [ 140.4713667, 35.808034 ], [ 140.4712123, 35.8081392 ], [ 140.4711304, 35.8081948 ], [ 140.471003, 35.8082804 ] ] ] ] } },
{ "type": "Feature", "properties": { "fid": 340, "field_id": 5615676, "location": "1-4", "field_seq": null, "field_no": "沢字堺田3018", "farmer_cd": "k145", "farmer": "根本慶一", "crop": null, "area": 11.1, "calc_area": 10.98, "remark": 4, "tiban": "3018" }, "geometry": { "type": "MultiPolygon", "coordinates": [ [ [ [ 140.4705909, 35.8071238 ], [ 140.4706602, 35.8071464 ], [ 140.4707238, 35.8071795 ], [ 140.470758499999988, 35.8072334 ], [ 140.470776699999988, 35.8072657 ], [ 140.4708106, 35.8072948 ], [ 140.470864, 35.8073315 ], [ 140.4708997, 35.8074019 ], [ 140.470964, 35.8075694 ], [ 140.4711375, 35.8074846 ], [ 140.4711196, 35.8074511 ], [ 140.471057300000012, 35.8073505 ], [ 140.4709603, 35.8072089 ], [ 140.4708823, 35.807099 ], [ 140.4708588, 35.8070722 ], [ 140.4707143, 35.8069765 ], [ 140.470652, 35.8070459 ], [ 140.4705909, 35.8071238 ] ] ] ] } },
{ "type": "Feature", "properties": { "fid": 341, "field_id": 5616826, "location": "1-4", "field_seq": null, "field_no": "沢字堺田3017", "farmer_cd": "k145", "farmer": "根本慶一", "crop": null, "area": 11.7, "calc_area": 11.7, "remark": 4, "tiban": "3017" }, "geometry": { "type": "MultiPolygon", "coordinates": [ [ [ [ 140.4711519, 35.8079966 ], [ 140.471424500000012, 35.8078181 ], [ 140.4711536, 35.8074859 ], [ 140.4709684, 35.8075715 ], [ 140.4711519, 35.8079966 ] ] ] ] } },
{ "type": "Feature", "properties": { "fid": 342, "field_id": 5615672, "location": "1-4", "field_seq": null, "field_no": "沢字事尾田2995-2", "farmer_cd": "k114", "farmer": "根本正志", "crop": null, "area": 11.4, "calc_area": 15.23, "remark": 4, "tiban": "2995-2" }, "geometry": { "type": "MultiPolygon", "coordinates": [ [ [ [ 140.47429120000001, 35.8106582 ], [ 140.4743411, 35.8106393 ], [ 140.4743824, 35.8106306 ], [ 140.4744609, 35.8106392 ], [ 140.474518499999988, 35.810663 ], [ 140.4745514, 35.810692 ], [ 140.474565399999989, 35.8107332 ], [ 140.4745796, 35.8107812 ], [ 140.474628700000011, 35.8107052 ], [ 140.4747194, 35.8105737 ], [ 140.4748653, 35.810342 ], [ 140.4748816, 35.810319 ], [ 140.4748538, 35.8103058 ], [ 140.4748162, 35.8102956 ], [ 140.4745911, 35.8101972 ], [ 140.47429120000001, 35.8106582 ] ] ] ] } },
{ "type": "Feature", "properties": { "fid": 343, "field_id": 5615074, "location": "1-2　", "field_seq": null, "field_no": "荒北字大清水1642", "farmer_cd": "k160", "farmer": "佐藤一夫", "crop": null, "area": 9.5, "calc_area": 10.73, "remark": 2, "tiban": "1642" }, "geometry": { "type": "MultiPolygon", "coordinates": [ [ [ [ 140.4904894, 35.8198151 ], [ 140.4904919, 35.8203142 ], [ 140.4906423, 35.8203134 ], [ 140.490704, 35.8202945 ], [ 140.4907097, 35.8202867 ], [ 140.4907082, 35.8201813 ], [ 140.4907033, 35.8198146 ], [ 140.4904894, 35.8198151 ] ] ] ] } },
{ "type": "Feature", "properties": { "fid": 344, "field_id": 5615081, "location": "1-2　", "field_seq": null, "field_no": "荒北字柳田1701", "farmer_cd": "k160", "farmer": "佐藤一夫", "crop": null, "area": 9.9, "calc_area": 10.62, "remark": 2, "tiban": "1701" }, "geometry": { "type": "MultiPolygon", "coordinates": [ [ [ [ 140.491170399999987, 35.8208497 ], [ 140.4913832, 35.8208507 ], [ 140.491385799999989, 35.8203505 ], [ 140.4912206, 35.8203499 ], [ 140.491175, 35.82035 ], [ 140.491170399999987, 35.8208497 ] ] ] ] } },
{ "type": "Feature", "properties": { "fid": 345, "field_id": 5615091, "location": "1-2　", "field_seq": null, "field_no": "荒北字柳田1703", "farmer_cd": "k160", "farmer": "佐藤一夫", "crop": null, "area": 9.6, "calc_area": 9.74, "remark": 2, "tiban": "1703" }, "geometry": { "type": "MultiPolygon", "coordinates": [ [ [ [ 140.4909783, 35.8198196 ], [ 140.490985, 35.8202998 ], [ 140.4909921, 35.8203153 ], [ 140.4910309, 35.820327 ], [ 140.491171, 35.8203271 ], [ 140.491177, 35.8198192 ], [ 140.4909783, 35.8198196 ] ] ] ] } },
{ "type": "Feature", "properties": { "fid": 346, "field_id": 5615094, "location": "1-2　", "field_seq": null, "field_no": "荒北字大清水1644", "farmer_cd": "k160", "farmer": "佐藤一夫", "crop": null, "area": 10.0, "calc_area": 10.34, "remark": 2, "tiban": "1644" }, "geometry": { "type": "MultiPolygon", "coordinates": [ [ [ [ 140.490078899999986, 35.8198139 ], [ 140.4900748, 35.8202793 ], [ 140.4901037, 35.8203164 ], [ 140.490162700000013, 35.820316 ], [ 140.490281900000014, 35.8203154 ], [ 140.490284800000012, 35.8199624 ], [ 140.490283299999987, 35.8198156 ], [ 140.4902343, 35.8198157 ], [ 140.490078899999986, 35.8198139 ] ] ] ] } },
{ "type": "Feature", "properties": { "fid": 347, "field_id": 5615113, "location": "1-2　", "field_seq": null, "field_no": "荒北字大清水1643", "farmer_cd": "k160", "farmer": "佐藤一夫", "crop": null, "area": 9.9, "calc_area": 10.37, "remark": 2, "tiban": "1643" }, "geometry": { "type": "MultiPolygon", "coordinates": [ [ [ [ 140.490281900000014, 35.8203154 ], [ 140.4904919, 35.8203142 ], [ 140.4904894, 35.8198151 ], [ 140.490283299999987, 35.8198156 ], [ 140.490284800000012, 35.8199624 ], [ 140.490281900000014, 35.8203154 ] ] ] ] } },
{ "type": "Feature", "properties": { "fid": 348, "field_id": 5615129, "location": "1-2　", "field_seq": null, "field_no": "荒北字柳田1702-1", "farmer_cd": "k160", "farmer": "佐藤一夫", "crop": null, "area": 9.5, "calc_area": 9.82, "remark": 2, "tiban": "1702-1" }, "geometry": { "type": "MultiPolygon", "coordinates": [ [ [ [ 140.4909755, 35.8208488 ], [ 140.491170399999987, 35.8208497 ], [ 140.491175, 35.82035 ], [ 140.491005199999989, 35.8203504 ], [ 140.490987100000012, 35.8203628 ], [ 140.4909764, 35.8203721 ], [ 140.490975600000013, 35.8206636 ], [ 140.4909755, 35.8208488 ] ] ] ] } },
{ "type": "Feature", "properties": { "fid": 349, "field_id": 5615240, "location": "1-2　", "field_seq": null, "field_no": "荒北字柳田1693", "farmer_cd": "k160", "farmer": "佐藤一夫", "crop": null, "area": 9.9, "calc_area": 10.67, "remark": 2, "tiban": "1693" }, "geometry": { "type": "MultiPolygon", "coordinates": [ [ [ [ 140.491177099999987, 35.8208694 ], [ 140.491173, 35.820932 ], [ 140.491163300000011, 35.8213705 ], [ 140.4912857, 35.8213712 ], [ 140.491376300000013, 35.8213715 ], [ 140.4913861, 35.82087 ], [ 140.491177099999987, 35.8208694 ] ] ] ] } },
{ "type": "Feature", "properties": { "fid": 350, "field_id": 5616050, "location": "1-1", "field_seq": null, "field_no": "助沢字中橋上580", "farmer_cd": "k123", "farmer": "佐藤秀樹", "crop": null, "area": 14.7, "calc_area": 16.52, "remark": 1, "tiban": "580" }, "geometry": { "type": "MultiPolygon", "coordinates": [ [ [ [ 140.5048722, 35.8317087 ], [ 140.505099699999988, 35.8317614 ], [ 140.5053433, 35.8310965 ], [ 140.505117399999989, 35.8310416 ], [ 140.505017400000014, 35.8313103 ], [ 140.5049113, 35.8315982 ], [ 140.5048722, 35.8317087 ] ] ] ] } },
{ "type": "Feature", "properties": { "fid": 351, "field_id": 5616063, "location": "1-1", "field_seq": null, "field_no": "助沢字新田橋上601-1", "farmer_cd": "k123", "farmer": "佐藤秀樹", "crop": null, "area": 10.7, "calc_area": 12.3, "remark": 1, "tiban": "601-1" }, "geometry": { "type": "MultiPolygon", "coordinates": [ [ [ [ 140.5046242, 35.8338063 ], [ 140.5048263, 35.8337887 ], [ 140.5047745, 35.8334365 ], [ 140.5047365, 35.8331825 ], [ 140.5047305, 35.8331463 ], [ 140.5046549, 35.8331611 ], [ 140.5046586, 35.8331874 ], [ 140.5045735, 35.8332002 ], [ 140.5045699, 35.83318 ], [ 140.50455, 35.8331835 ], [ 140.504548699999987, 35.8332583 ], [ 140.504554399999989, 35.8332784 ], [ 140.5045694, 35.8333438 ], [ 140.5045859, 35.8334939 ], [ 140.5046242, 35.8338063 ] ] ] ] } },
{ "type": "Feature", "properties": { "fid": 352, "field_id": 5616064, "location": "1-1", "field_seq": null, "field_no": "助沢字新田橋上602-1", "farmer_cd": "k123", "farmer": "佐藤秀樹", "crop": null, "area": 12.9, "calc_area": 14.33, "remark": 1, "tiban": "602-1" }, "geometry": { "type": "MultiPolygon", "coordinates": [ [ [ [ 140.5047305, 35.8331463 ], [ 140.5047365, 35.8331825 ], [ 140.5047745, 35.8334365 ], [ 140.5048263, 35.8337887 ], [ 140.5048482, 35.8337868 ], [ 140.505039, 35.833768 ], [ 140.505008299999986, 35.8335507 ], [ 140.5049481, 35.8331042 ], [ 140.5049128, 35.8331104 ], [ 140.5047305, 35.8331463 ] ] ] ] } },
{ "type": "Feature", "properties": { "fid": 353, "field_id": 5616074, "location": "1-1", "field_seq": null, "field_no": "助沢字新田橋上748", "farmer_cd": "k123", "farmer": "佐藤秀樹", "crop": null, "area": 22.1, "calc_area": 20.07, "remark": 1, "tiban": "748" }, "geometry": { "type": "MultiPolygon", "coordinates": [ [ [ [ 140.5068882, 35.8345565 ], [ 140.5070489, 35.8347734 ], [ 140.50715550000001, 35.8349149 ], [ 140.5072745, 35.8350601 ], [ 140.5074687, 35.835328 ], [ 140.5075277, 35.8352667 ], [ 140.50761940000001, 35.8351753 ], [ 140.5072759, 35.8347308 ], [ 140.507010400000013, 35.8343927 ], [ 140.5068882, 35.8345565 ] ] ] ] } },
{ "type": "Feature", "properties": { "fid": 354, "field_id": 5613616, "location": "1-2　", "field_seq": null, "field_no": "荒北字根崎1841-1", "farmer_cd": "k6", "farmer": "佐藤正明", "crop": null, "area": 4.8, "calc_area": 5.08, "remark": 2, "tiban": "1841-1" }, "geometry": { "type": "MultiPolygon", "coordinates": [ [ [ [ 140.4942135, 35.8112189 ], [ 140.494191300000011, 35.8112168 ], [ 140.4941792, 35.8114675 ], [ 140.4943811, 35.8114741 ], [ 140.4943853, 35.811468 ], [ 140.494388, 35.811222 ], [ 140.494322899999986, 35.8112189 ], [ 140.4942135, 35.8112189 ] ] ] ] } },
{ "type": "Feature", "properties": { "fid": 355, "field_id": 5613639, "location": "1-2　", "field_seq": null, "field_no": "荒北字根崎1839", "farmer_cd": "k6", "farmer": "佐藤正明", "crop": null, "area": 9.9, "calc_area": 10.3, "remark": 2, "tiban": "1839" }, "geometry": { "type": "MultiPolygon", "coordinates": [ [ [ [ 140.493762800000013, 35.811455 ], [ 140.493979599999989, 35.8114613 ], [ 140.4940487, 35.8114633 ], [ 140.4939742, 35.8114599 ], [ 140.49398690000001, 35.8110648 ], [ 140.493991200000011, 35.810958 ], [ 140.493794900000012, 35.8109503 ], [ 140.493762800000013, 35.811455 ] ] ] ] } },
{ "type": "Feature", "properties": { "fid": 356, "field_id": 5615012, "location": "1-2　", "field_seq": null, "field_no": "荒北字杉山下1763-1", "farmer_cd": "k6", "farmer": "佐藤正明", "crop": null, "area": 8.4, "calc_area": 10.28, "remark": 2, "tiban": "1763-1" }, "geometry": { "type": "MultiPolygon", "coordinates": [ [ [ [ 140.4925815, 35.8172313 ], [ 140.492793299999988, 35.8170861 ], [ 140.4930023, 35.8169075 ], [ 140.4930139, 35.8168848 ], [ 140.493007299999988, 35.8168599 ], [ 140.4928394, 35.8167527 ], [ 140.4926647, 35.8169469 ], [ 140.4924706, 35.8171645 ], [ 140.4925815, 35.8172313 ] ] ] ] } },
{ "type": "Feature", "properties": { "fid": 357, "field_id": 5615083, "location": "1-2　", "field_seq": null, "field_no": "荒北字大清水1672", "farmer_cd": "k6", "farmer": "佐藤正明", "crop": null, "area": 9.8, "calc_area": 10.55, "remark": 2, "tiban": "1672" }, "geometry": { "type": "MultiPolygon", "coordinates": [ [ [ [ 140.4916084, 35.8177818 ], [ 140.491469099999989, 35.81792 ], [ 140.491217799999987, 35.8181734 ], [ 140.4913848, 35.818279 ], [ 140.491769299999987, 35.8178859 ], [ 140.4917467, 35.8178715 ], [ 140.4916084, 35.8177818 ] ] ] ] } },
{ "type": "Feature", "properties": { "fid": 358, "field_id": 5615093, "location": "1-2　", "field_seq": null, "field_no": "荒北字大清水1665", "farmer_cd": "k6", "farmer": "佐藤正明", "crop": null, "area": 10.0, "calc_area": 10.24, "remark": 2, "tiban": "1665" }, "geometry": { "type": "MultiPolygon", "coordinates": [ [ [ [ 140.4905034, 35.8183773 ], [ 140.490664399999986, 35.8184821 ], [ 140.4910428, 35.8180919 ], [ 140.4909413, 35.8180245 ], [ 140.4908853, 35.8179856 ], [ 140.490733, 35.818143 ], [ 140.4905362, 35.8183433 ], [ 140.4905034, 35.8183773 ] ] ] ] } },
{ "type": "Feature", "properties": { "fid": 359, "field_id": 5615103, "location": "1-2　", "field_seq": null, "field_no": "荒北字大清水1673", "farmer_cd": "k6", "farmer": "佐藤正明", "crop": null, "area": 9.6, "calc_area": 11.21, "remark": 2, "tiban": "1673" }, "geometry": { "type": "MultiPolygon", "coordinates": [ [ [ [ 140.491769299999987, 35.8178859 ], [ 140.4913848, 35.818279 ], [ 140.491533, 35.8183728 ], [ 140.49154630000001, 35.8183751 ], [ 140.491574899999989, 35.8183757 ], [ 140.4915832, 35.8183712 ], [ 140.4919428, 35.8179968 ], [ 140.491769299999987, 35.8178859 ] ] ] ] } },
{ "type": "Feature", "properties": { "fid": 360, "field_id": 5615109, "location": "1-2　", "field_seq": null, "field_no": "荒北字大清水1670", "farmer_cd": "k6", "farmer": "佐藤正明", "crop": null, "area": 10.0, "calc_area": 10.57, "remark": 2, "tiban": "1670" }, "geometry": { "type": "MultiPolygon", "coordinates": [ [ [ [ 140.4912846, 35.8175724 ], [ 140.491208699999987, 35.8176488 ], [ 140.4910998, 35.8177591 ], [ 140.49089810000001, 35.817969 ], [ 140.4910592, 35.8180723 ], [ 140.4913632, 35.8177652 ], [ 140.4914463, 35.8176767 ], [ 140.4912846, 35.8175724 ] ] ] ] } },
{ "type": "Feature", "properties": { "fid": 361, "field_id": 5615123, "location": "1-2　", "field_seq": null, "field_no": "荒北字大清水1641-1", "farmer_cd": "k6", "farmer": "佐藤正明", "crop": null, "area": 9.4, "calc_area": 11.12, "remark": 2, "tiban": "1641-1" }, "geometry": { "type": "MultiPolygon", "coordinates": [ [ [ [ 140.4904881, 35.8203389 ], [ 140.490494500000011, 35.8208458 ], [ 140.490715, 35.8208455 ], [ 140.4907149, 35.820825 ], [ 140.4907077, 35.8203689 ], [ 140.4906958, 35.8203538 ], [ 140.4906449, 35.8203383 ], [ 140.4904881, 35.8203389 ] ] ] ] } },
{ "type": "Feature", "properties": { "fid": 362, "field_id": 5615126, "location": "1-2　", "field_seq": null, "field_no": "荒北字大清水1671", "farmer_cd": "k6", "farmer": "佐藤正明", "crop": null, "area": 9.8, "calc_area": 10.25, "remark": 2, "tiban": "1671" }, "geometry": { "type": "MultiPolygon", "coordinates": [ [ [ [ 140.4914463, 35.8176767 ], [ 140.4913632, 35.8177652 ], [ 140.4910592, 35.8180723 ], [ 140.491140699999988, 35.8181246 ], [ 140.491217799999987, 35.8181734 ], [ 140.491469099999989, 35.81792 ], [ 140.4916084, 35.8177818 ], [ 140.491477, 35.8176965 ], [ 140.4914463, 35.8176767 ] ] ] ] } },
{ "type": "Feature", "properties": { "fid": 363, "field_id": 5615147, "location": "1-2　", "field_seq": null, "field_no": "荒北字柳田1733-1", "farmer_cd": "k6", "farmer": "佐藤正明", "crop": null, "area": 8.1, "calc_area": 10.54, "remark": 2, "tiban": "1733-1" }, "geometry": { "type": "MultiPolygon", "coordinates": [ [ [ [ 140.492160399999989, 35.8181084 ], [ 140.4923268, 35.8182181 ], [ 140.4926987, 35.8178411 ], [ 140.4926035, 35.8177709 ], [ 140.4925418, 35.8177317 ], [ 140.4925247, 35.8177364 ], [ 140.4921912, 35.8180752 ], [ 140.492160399999989, 35.8181084 ] ] ] ] } },
{ "type": "Feature", "properties": { "fid": 364, "field_id": 5615315, "location": "1-2　", "field_seq": null, "field_no": "荒北字石ノ下1608", "farmer_cd": "k6", "farmer": "佐藤正明", "crop": null, "area": 9.8, "calc_area": 10.46, "remark": 2, "tiban": "1608" }, "geometry": { "type": "MultiPolygon", "coordinates": [ [ [ [ 140.4894076, 35.8243754 ], [ 140.489517400000011, 35.8241146 ], [ 140.4896089, 35.8238986 ], [ 140.4894549, 35.8238569 ], [ 140.4894089, 35.8238437 ], [ 140.4893687, 35.8239341 ], [ 140.4892137, 35.8243133 ], [ 140.4892171, 35.824315 ], [ 140.4892567, 35.8243206 ], [ 140.4894014, 35.8243682 ], [ 140.4894076, 35.8243754 ] ] ] ] } },
{ "type": "Feature", "properties": { "fid": 365, "field_id": 5616548, "location": "1-2　", "field_seq": null, "field_no": "荒北字根崎1840", "farmer_cd": "k6", "farmer": "佐藤正明", "crop": null, "area": 9.9, "calc_area": 9.8, "remark": 2, "tiban": "1840" }, "geometry": { "type": "MultiPolygon", "coordinates": [ [ [ [ 140.4939784, 35.8114599 ], [ 140.4941706, 35.8114625 ], [ 140.4941982, 35.8109634 ], [ 140.493999800000012, 35.810959 ], [ 140.4939784, 35.8114599 ] ] ] ] } },
{ "type": "Feature", "properties": { "fid": 366, "field_id": 5616549, "location": "1-2　", "field_seq": null, "field_no": "荒北字根崎1841-2", "farmer_cd": "k6", "farmer": "佐藤正明", "crop": null, "area": 4.8, "calc_area": 4.79, "remark": 2, "tiban": "1841-2" }, "geometry": { "type": "MultiPolygon", "coordinates": [ [ [ [ 140.494195600000012, 35.811209 ], [ 140.4943855, 35.811216 ], [ 140.494408, 35.8109741 ], [ 140.494204200000013, 35.8109663 ], [ 140.494195600000012, 35.811209 ] ] ] ] } },
{ "type": "Feature", "properties": { "fid": 367, "field_id": 5616613, "location": "1-2　", "field_seq": null, "field_no": "荒北字石ノ下1604", "farmer_cd": "k6", "farmer": "佐藤正明", "crop": null, "area": 2.6, "calc_area": 2.23, "remark": 2, "tiban": "1604" }, "geometry": { "type": "MultiPolygon", "coordinates": [ [ [ [ 140.489153, 35.8244622 ], [ 140.4893673, 35.8244379 ], [ 140.4894014, 35.8243715 ], [ 140.4892171, 35.8243139 ], [ 140.489153, 35.8244622 ] ] ] ] } },
{ "type": "Feature", "properties": { "fid": 368, "field_id": 5615086, "location": "1-2　", "field_seq": null, "field_no": "荒北字大清水1664", "farmer_cd": "k5", "farmer": "佐藤透", "crop": null, "area": 9.9, "calc_area": 9.98, "remark": 2, "tiban": "1664" }, "geometry": { "type": "MultiPolygon", "coordinates": [ [ [ [ 140.490664399999986, 35.8184821 ], [ 140.490815199999986, 35.8185802 ], [ 140.491075200000012, 35.8183251 ], [ 140.4912053, 35.8181952 ], [ 140.491120599999988, 35.8181434 ], [ 140.4910428, 35.8180919 ], [ 140.490664399999986, 35.8184821 ] ] ] ] } },
{ "type": "Feature", "properties": { "fid": 369, "field_id": 5613618, "location": "1-2　", "field_seq": null, "field_no": "岩部字門前3255", "farmer_cd": "k33", "farmer": "佐藤和己", "crop": null, "area": 7.2, "calc_area": 8.1, "remark": 2, "tiban": "3255" }, "geometry": { "type": "MultiPolygon", "coordinates": [ [ [ [ 140.500758499999989, 35.8123005 ], [ 140.5007957, 35.8123068 ], [ 140.5009878, 35.8123338 ], [ 140.5010288, 35.8122497 ], [ 140.5011359, 35.8120193 ], [ 140.5009475, 35.8119548 ], [ 140.5009354, 35.8119506 ], [ 140.500866800000011, 35.8120776 ], [ 140.5008413, 35.81213 ], [ 140.500758499999989, 35.8123005 ] ] ] ] } },
{ "type": "Feature", "properties": { "fid": 370, "field_id": 5616780, "location": "1-2　", "field_seq": null, "field_no": "岩部字飯土井3481-1", "farmer_cd": "k33", "farmer": "佐藤和己", "crop": null, "area": 8.2, "calc_area": 8.6, "remark": 2, "tiban": "3481-1" }, "geometry": { "type": "MultiPolygon", "coordinates": [ [ [ [ 140.5069963, 35.8167932 ], [ 140.5069268, 35.8163897 ], [ 140.5067201, 35.8164194 ], [ 140.506787800000012, 35.8168229 ], [ 140.5069963, 35.8167932 ] ] ] ] } },
{ "type": "Feature", "properties": { "fid": 371, "field_id": 5613497, "location": "1-2　", "field_seq": null, "field_no": "岩部字門前3269", "farmer_cd": "k34", "farmer": "佐伯俊郎", "crop": null, "area": 9.9, "calc_area": 10.25, "remark": 2, "tiban": "3269" }, "geometry": { "type": "MultiPolygon", "coordinates": [ [ [ [ 140.5003683, 35.8127927 ], [ 140.5003357, 35.8129044 ], [ 140.5002199, 35.8132876 ], [ 140.5004157, 35.8133286 ], [ 140.5004442, 35.8132271 ], [ 140.5005635, 35.8128314 ], [ 140.5003683, 35.8127927 ] ] ] ] } },
{ "type": "Feature", "properties": { "fid": 372, "field_id": 5613501, "location": "1-2　", "field_seq": null, "field_no": "岩部字門前3266", "farmer_cd": "k34", "farmer": "佐伯俊郎", "crop": null, "area": 9.7, "calc_area": 11.26, "remark": 2, "tiban": "3266" }, "geometry": { "type": "MultiPolygon", "coordinates": [ [ [ [ 140.4996203, 35.8131585 ], [ 140.499818, 35.8132018 ], [ 140.49989020000001, 35.8129577 ], [ 140.4999627, 35.8127132 ], [ 140.499743200000012, 35.8126704 ], [ 140.499704400000013, 35.8127851 ], [ 140.4996664, 35.8129155 ], [ 140.4996357, 35.8130474 ], [ 140.4996203, 35.8131585 ] ] ] ] } },
{ "type": "Feature", "properties": { "fid": 373, "field_id": 5613604, "location": "1-2　", "field_seq": null, "field_no": "岩部字門前3267", "farmer_cd": "k34", "farmer": "佐伯俊郎", "crop": null, "area": 10.0, "calc_area": 10.33, "remark": 2, "tiban": "3267" }, "geometry": { "type": "MultiPolygon", "coordinates": [ [ [ [ 140.4999627, 35.8127132 ], [ 140.49989020000001, 35.8129577 ], [ 140.499818, 35.8132018 ], [ 140.500000199999988, 35.8132417 ], [ 140.5000115, 35.813244 ], [ 140.5001181, 35.8129017 ], [ 140.500165, 35.8127526 ], [ 140.4999627, 35.8127132 ] ] ] ] } },
{ "type": "Feature", "properties": { "fid": 374, "field_id": 5613655, "location": "1-3", "field_seq": null, "field_no": "岩部字ソリ町3166-1", "farmer_cd": "k34", "farmer": "佐伯俊郎", "crop": null, "area": 4.7, "calc_area": 5.11, "remark": 3, "tiban": "3166-1" }, "geometry": { "type": "MultiPolygon", "coordinates": [ [ [ [ 140.501479100000012, 35.8089821 ], [ 140.5016683, 35.8090417 ], [ 140.5016833, 35.8090167 ], [ 140.50173860000001, 35.8089244 ], [ 140.501794499999988, 35.8088217 ], [ 140.501606399999986, 35.8087515 ], [ 140.501506, 35.8089346 ], [ 140.501479100000012, 35.8089821 ] ] ] ] } },
{ "type": "Feature", "properties": { "fid": 375, "field_id": 5613742, "location": "1-3", "field_seq": null, "field_no": "岩部字ソリ町3165", "farmer_cd": "k34", "farmer": "佐伯俊郎", "crop": null, "area": 16.3, "calc_area": 20.07, "remark": 3, "tiban": "3165" }, "geometry": { "type": "MultiPolygon", "coordinates": [ [ [ [ 140.5009892, 35.8095096 ], [ 140.5010897, 35.8095119 ], [ 140.501177500000011, 35.8095173 ], [ 140.5013133, 35.8092755 ], [ 140.501479100000012, 35.8089821 ], [ 140.501506, 35.8089346 ], [ 140.501606399999986, 35.8087515 ], [ 140.5014079, 35.8086774 ], [ 140.501393900000011, 35.808681 ], [ 140.50138, 35.8086907 ], [ 140.5012178, 35.8089862 ], [ 140.5010593, 35.8092716 ], [ 140.501007499999986, 35.8094203 ], [ 140.500983100000013, 35.8094938 ], [ 140.5009892, 35.8095096 ] ] ] ] } },
{ "type": "Feature", "properties": { "fid": 376, "field_id": 5613758, "location": "1-3", "field_seq": null, "field_no": "岩部字ソリ町3166-2", "farmer_cd": "k34", "farmer": "佐伯俊郎", "crop": null, "area": 10.6, "calc_area": 10.55, "remark": 3, "tiban": "3166-2" }, "geometry": { "type": "MultiPolygon", "coordinates": [ [ [ [ 140.501177500000011, 35.8095173 ], [ 140.5011946, 35.8095184 ], [ 140.501267, 35.8095203 ], [ 140.501295699999986, 35.809519 ], [ 140.5013207, 35.8095019 ], [ 140.5013855, 35.8094442 ], [ 140.501449, 35.8094012 ], [ 140.5014717, 35.8093867 ], [ 140.5016683, 35.8090417 ], [ 140.501479100000012, 35.8089821 ], [ 140.5013133, 35.8092755 ], [ 140.501177500000011, 35.8095173 ] ] ] ] } },
{ "type": "Feature", "properties": { "fid": 377, "field_id": 5613516, "location": "1-3", "field_seq": null, "field_no": "岩部字ソリ町3160", "farmer_cd": "k41", "farmer": "佐伯静子", "crop": null, "area": 9.8, "calc_area": 10.6, "remark": 3, "tiban": "3160" }, "geometry": { "type": "MultiPolygon", "coordinates": [ [ [ [ 140.5024395, 35.8084756 ], [ 140.502183699999989, 35.8089371 ], [ 140.5023726, 35.8090065 ], [ 140.5026313, 35.8085451 ], [ 140.5024395, 35.8084756 ] ] ] ] } },
{ "type": "Feature", "properties": { "fid": 378, "field_id": 5613521, "location": "1-3", "field_seq": null, "field_no": "岩部字ソリ町3161", "farmer_cd": "k41", "farmer": "佐伯静子", "crop": null, "area": 9.9, "calc_area": 10.53, "remark": 3, "tiban": "3161" }, "geometry": { "type": "MultiPolygon", "coordinates": [ [ [ [ 140.502246500000012, 35.8084057 ], [ 140.5019977, 35.8088689 ], [ 140.502183699999989, 35.8089371 ], [ 140.5024395, 35.8084756 ], [ 140.502246500000012, 35.8084057 ] ] ] ] } },
{ "type": "Feature", "properties": { "fid": 379, "field_id": 5613534, "location": "1-3", "field_seq": null, "field_no": "岩部字ソリ町3159", "farmer_cd": "k41", "farmer": "佐伯静子", "crop": null, "area": 10.0, "calc_area": 10.35, "remark": 3, "tiban": "3159" }, "geometry": { "type": "MultiPolygon", "coordinates": [ [ [ [ 140.5026313, 35.8085451 ], [ 140.5023726, 35.8090065 ], [ 140.5023804, 35.8090093 ], [ 140.5025633, 35.8090732 ], [ 140.5027217, 35.8087827 ], [ 140.5028135, 35.808612 ], [ 140.502651, 35.8085522 ], [ 140.5026313, 35.8085451 ] ] ] ] } },
{ "type": "Feature", "properties": { "fid": 380, "field_id": 5613541, "location": "1-3", "field_seq": null, "field_no": "岩部字ソリ町3158", "farmer_cd": "k41", "farmer": "佐伯静子", "crop": null, "area": 9.9, "calc_area": 10.41, "remark": 3, "tiban": "3158" }, "geometry": { "type": "MultiPolygon", "coordinates": [ [ [ [ 140.5028135, 35.808612 ], [ 140.5027217, 35.8087827 ], [ 140.5025633, 35.8090732 ], [ 140.502636200000012, 35.8090987 ], [ 140.5026814, 35.8090971 ], [ 140.5027632, 35.8091254 ], [ 140.502927699999987, 35.8088271 ], [ 140.5030065, 35.8086828 ], [ 140.5029209, 35.8086516 ], [ 140.5028135, 35.808612 ] ] ] ] } },
{ "type": "Feature", "properties": { "fid": 381, "field_id": 5613599, "location": "1-3", "field_seq": null, "field_no": "岩部字ソリ町3164-1", "farmer_cd": "k41", "farmer": "佐伯静子", "crop": null, "area": 3.6, "calc_area": 3.63, "remark": 3, "tiban": "3164-1" }, "geometry": { "type": "MultiPolygon", "coordinates": [ [ [ [ 140.501424899999989, 35.808658 ], [ 140.5015138, 35.8086914 ], [ 140.5016187, 35.8087299 ], [ 140.5016913, 35.8085881 ], [ 140.5017067, 35.8085579 ], [ 140.501811800000013, 35.8083526 ], [ 140.5017035, 35.808563 ], [ 140.5016379, 35.8085445 ], [ 140.501510599999989, 35.8085075 ], [ 140.501424899999989, 35.808658 ] ] ] ] } },
{ "type": "Feature", "properties": { "fid": 382, "field_id": 5613704, "location": "1-3", "field_seq": null, "field_no": "岩部字ソリ町3163", "farmer_cd": "k41", "farmer": "佐伯静子", "crop": null, "area": 9.1, "calc_area": 10.19, "remark": 3, "tiban": "3163" }, "geometry": { "type": "MultiPolygon", "coordinates": [ [ [ [ 140.501811800000013, 35.8083526 ], [ 140.5017067, 35.8085579 ], [ 140.5016913, 35.8085881 ], [ 140.5016187, 35.8087299 ], [ 140.5018081, 35.8087993 ], [ 140.5020544, 35.8083349 ], [ 140.5019623, 35.8083008 ], [ 140.501911799999988, 35.8083177 ], [ 140.501811800000013, 35.8083526 ] ] ] ] } },
{ "type": "Feature", "properties": { "fid": 383, "field_id": 5613749, "location": "1-3", "field_seq": null, "field_no": "岩部字ソリ町3144-1", "farmer_cd": "k41", "farmer": "佐伯静子", "crop": null, "area": 8.7, "calc_area": 9.04, "remark": 3, "tiban": "3144-1" }, "geometry": { "type": "MultiPolygon", "coordinates": [ [ [ [ 140.5027052, 35.8079772 ], [ 140.5028763, 35.8080454 ], [ 140.5028895, 35.8080502 ], [ 140.5031128, 35.8076498 ], [ 140.5029266, 35.8075783 ], [ 140.5027052, 35.8079772 ] ] ] ] } },
{ "type": "Feature", "properties": { "fid": 384, "field_id": 5613953, "location": "1-3", "field_seq": null, "field_no": "岩部字大曲メ3101,3102-1", "farmer_cd": "k41", "farmer": "佐伯静子", "crop": null, "area": 15.2, "calc_area": 15.24, "remark": null, "tiban": "3101,3102-1" }, "geometry": { "type": "MultiPolygon", "coordinates": [ [ [ [ 140.50446950700001, 35.805191711 ], [ 140.504399653, 35.805685556 ], [ 140.504677447, 35.80571308 ], [ 140.50470382, 35.805715635 ], [ 140.504772108, 35.805221231 ], [ 140.504478046, 35.805192581 ], [ 140.50446950700001, 35.805191711 ] ] ] ] } },
{ "type": "Feature", "properties": { "fid": 385, "field_id": 5616691, "location": "1-3", "field_seq": null, "field_no": "岩部字ソリ町3164-2", "farmer_cd": "k41", "farmer": "佐伯静子", "crop": null, "area": 2.3, "calc_area": 3.16, "remark": 3, "tiban": "3164-2" }, "geometry": { "type": "MultiPolygon", "coordinates": [ [ [ [ 140.501510599999989, 35.8085052 ], [ 140.5017082, 35.8085592 ], [ 140.5018086, 35.8083543 ], [ 140.5015434, 35.8084314 ], [ 140.501510599999989, 35.8085052 ] ] ] ] } },
{ "type": "Feature", "properties": { "fid": 386, "field_id": null, "location": null, "field_seq": null, "field_no": "助沢下橋下127", "farmer_cd": null, "farmer": "斎藤　浩勝", "crop": null, "area": 800.0, "calc_area": 800.0, "remark": null, "tiban": "127" }, "geometry": { "type": "MultiPolygon", "coordinates": [ [ [ [ 140.505248287469072, 35.820885755616906 ], [ 140.505574432902591, 35.820231199851037 ], [ 140.505424949578895, 35.82017910717763 ], [ 140.505096539246551, 35.820833662943492 ], [ 140.505248287469072, 35.820885755616906 ] ] ] ] } },
{ "type": "Feature", "properties": { "fid": 387, "field_id": null, "location": null, "field_seq": null, "field_no": "助沢下橋下128-1", "farmer_cd": null, "farmer": "斎藤　浩勝", "crop": null, "area": 800.0, "calc_area": 800.0, "remark": null, "tiban": "128-1" }, "geometry": { "type": "MultiPolygon", "coordinates": [ [ [ [ 140.505096539246551, 35.820833662943492 ], [ 140.504944791024002, 35.820786100067778 ], [ 140.505282260951731, 35.820133809200755 ], [ 140.505424949578895, 35.82017910717763 ], [ 140.505096539246551, 35.820833662943492 ] ] ] ] } },
{ "type": "Feature", "properties": { "fid": 388, "field_id": 5614207, "location": "1-3", "field_seq": null, "field_no": "西田部字境町1338-1", "farmer_cd": "k164", "farmer": "斎藤　明", "crop": null, "area": 2.9, "calc_area": 6.69, "remark": 3, "tiban": "1338-1" }, "geometry": { "type": "MultiPolygon", "coordinates": [ [ [ [ 140.504763, 35.79829 ], [ 140.50455, 35.7983232 ], [ 140.504633399999989, 35.7986379 ], [ 140.5048266, 35.7986106 ], [ 140.504763, 35.79829 ] ] ] ] } },
{ "type": "Feature", "properties": { "fid": 389, "field_id": 5616000, "location": "1-3", "field_seq": null, "field_no": "西田部字谷ツ2429", "farmer_cd": "k164", "farmer": "斎藤　明", "crop": null, "area": 20.5, "calc_area": 20.46, "remark": null, "tiban": "2429" }, "geometry": { "type": "MultiPolygon", "coordinates": [ [ [ [ 140.512889731, 35.796885572 ], [ 140.512939496, 35.796859109 ], [ 140.513032016000011, 35.796821739 ], [ 140.513078302, 35.796805962 ], [ 140.513178367, 35.796816062 ], [ 140.513179393, 35.796796663 ], [ 140.5130384, 35.796579317 ], [ 140.512929327, 35.796406647 ], [ 140.51279538, 35.796240129 ], [ 140.51273788, 35.796167034 ], [ 140.51271559700001, 35.796151122 ], [ 140.512669800999987, 35.796119304 ], [ 140.512586551999988, 35.796180457 ], [ 140.512586898, 35.796221182 ], [ 140.512599295, 35.796279293 ], [ 140.512628321, 35.796333431 ], [ 140.512640514999987, 35.796367624 ], [ 140.512634530000014, 35.796410324 ], [ 140.512618937000013, 35.796442735 ], [ 140.512608465999989, 35.796455283 ], [ 140.512889731, 35.796885572 ] ] ] ] } },
{ "type": "Feature", "properties": { "fid": 390, "field_id": 5613794, "location": "1-3", "field_seq": null, "field_no": "岩部字荒句下3072", "farmer_cd": "k64", "farmer": "斎藤耕一", "crop": null, "area": 9.7, "calc_area": 11.33, "remark": 3, "tiban": "3072" }, "geometry": { "type": "MultiPolygon", "coordinates": [ [ [ [ 140.505598600000013, 35.8047528 ], [ 140.5055829, 35.8048592 ], [ 140.505523899999986, 35.8052709 ], [ 140.5057051, 35.8052884 ], [ 140.5057339, 35.8052912 ], [ 140.505818299999987, 35.8047744 ], [ 140.505598600000013, 35.8047528 ] ] ] ] } },
{ "type": "Feature", "properties": { "fid": 391, "field_id": 5613903, "location": "1-3", "field_seq": null, "field_no": "岩部字荒句下3073-1", "farmer_cd": "k64", "farmer": "斎藤耕一", "crop": null, "area": 8.8, "calc_area": 9.7, "remark": 3, "tiban": "3073-1" }, "geometry": { "type": "MultiPolygon", "coordinates": [ [ [ [ 140.5056827, 35.8057253 ], [ 140.505705400000011, 35.8055649 ], [ 140.5057396, 35.8053149 ], [ 140.5055131, 35.8052931 ], [ 140.50544690000001, 35.8057079 ], [ 140.5056827, 35.8057253 ] ] ] ] } },
{ "type": "Feature", "properties": { "fid": 392, "field_id": 5616667, "location": "1-3", "field_seq": null, "field_no": "岩部字正谷5303", "farmer_cd": "k64", "farmer": "斎藤耕一", "crop": null, "area": 4.6, "calc_area": 5.37, "remark": 3, "tiban": "5303" }, "geometry": { "type": "MultiPolygon", "coordinates": [ [ [ [ 140.50588, 35.8030072 ], [ 140.5062254, 35.8030113 ], [ 140.506238, 35.8029254 ], [ 140.505748899999986, 35.8028211 ], [ 140.50588, 35.8030072 ] ] ] ] } },
{ "type": "Feature", "properties": { "fid": 393, "field_id": 5616668, "location": "1-3", "field_seq": null, "field_no": "岩部字荒句下3073-2", "farmer_cd": "k64", "farmer": "斎藤耕一", "crop": null, "area": 0.8, "calc_area": 1.89, "remark": 3, "tiban": "3073-2" }, "geometry": { "type": "MultiPolygon", "coordinates": [ [ [ [ 140.5054369, 35.8057856 ], [ 140.505665, 35.8058112 ], [ 140.5056802, 35.8057243 ], [ 140.50544690000001, 35.805711 ], [ 140.5054369, 35.8057856 ] ] ] ] } },
{ "type": "Feature", "properties": { "fid": 394, "field_id": 5616020, "location": "1-3", "field_seq": null, "field_no": "岩部字正谷5344", "farmer_cd": "k52", "farmer": "斎藤仁", "crop": null, "area": 16.2, "calc_area": 15.66, "remark": 3, "tiban": "5344" }, "geometry": { "type": "MultiPolygon", "coordinates": [ [ [ [ 140.510780899999986, 35.8051767 ], [ 140.5106634, 35.805248 ], [ 140.5102195, 35.8055026 ], [ 140.5103011, 35.8055702 ], [ 140.510334, 35.8055985 ], [ 140.5103986, 35.8056642 ], [ 140.5110201, 35.8053072 ], [ 140.5109683, 35.8052807 ], [ 140.5108079, 35.8051905 ], [ 140.510780899999986, 35.8051767 ] ] ] ] } },
{ "type": "Feature", "properties": { "fid": 395, "field_id": 5615712, "location": "1-4", "field_seq": null, "field_no": "沢字スネヤ3084", "farmer_cd": "k107", "farmer": "斎藤晴夫", "crop": null, "area": 10.6, "calc_area": 8.08, "remark": 4, "tiban": "3084" }, "geometry": { "type": "MultiPolygon", "coordinates": [ [ [ [ 140.454997600000013, 35.809075 ], [ 140.4551353, 35.8089603 ], [ 140.455088100000012, 35.8089168 ], [ 140.4548177, 35.8086801 ], [ 140.454822, 35.8086819 ], [ 140.454807, 35.8086645 ], [ 140.4547253, 35.8087284 ], [ 140.45465, 35.8087731 ], [ 140.454997600000013, 35.809075 ] ] ] ] } },
{ "type": "Feature", "properties": { "fid": 396, "field_id": 5616651, "location": "1-4", "field_seq": null, "field_no": "沢字スネヤ3083", "farmer_cd": "k107", "farmer": "斎藤晴夫", "crop": null, "area": 3.9, "calc_area": 7.73, "remark": 4, "tiban": "3083" }, "geometry": { "type": "MultiPolygon", "coordinates": [ [ [ [ 140.4551396, 35.8089516 ], [ 140.4552941, 35.8088663 ], [ 140.4549572, 35.8085653 ], [ 140.4548048, 35.8086749 ], [ 140.4551396, 35.8089516 ] ] ] ] } },
{ "type": "Feature", "properties": { "fid": 397, "field_id": 5615110, "location": "1-2　", "field_seq": null, "field_no": "荒北字柳田1722", "farmer_cd": "k8", "farmer": "斎藤良一", "crop": null, "area": 9.8, "calc_area": 10.25, "remark": 2, "tiban": "1722" }, "geometry": { "type": "MultiPolygon", "coordinates": [ [ [ [ 140.49231180000001, 35.818242 ], [ 140.4919323, 35.8186303 ], [ 140.4920927, 35.818738 ], [ 140.492304600000011, 35.8185177 ], [ 140.4924706, 35.8183467 ], [ 140.49231180000001, 35.818242 ] ] ] ] } },
{ "type": "Feature", "properties": { "fid": 398, "field_id": 5615697, "location": "1-4", "field_seq": null, "field_no": "沢字スネヤ3086-1-2", "farmer_cd": "k115", "farmer": "斎藤知満", "crop": null, "area": 13.3, "calc_area": 6.9, "remark": 4, "tiban": "3086-1-2" }, "geometry": { "type": "MultiPolygon", "coordinates": [ [ [ [ 140.4544091, 35.8095706 ], [ 140.454437, 35.8095776 ], [ 140.4544627, 35.8095584 ], [ 140.4544713, 35.8095567 ], [ 140.454516500000011, 35.8095219 ], [ 140.454550399999988, 35.8094823 ], [ 140.4542217, 35.8091973 ], [ 140.4542089, 35.8092113 ], [ 140.45419, 35.8092298 ], [ 140.4541452, 35.809263 ], [ 140.4541073, 35.8092897 ], [ 140.4540958, 35.8092922 ], [ 140.4541001, 35.8092974 ], [ 140.4544091, 35.8095706 ] ] ] ] } },
{ "type": "Feature", "properties": { "fid": 399, "field_id": 5615706, "location": "1-4", "field_seq": null, "field_no": "沢字スネヤ3092", "farmer_cd": "k115", "farmer": "斎藤知満", "crop": null, "area": 18.1, "calc_area": 19.29, "remark": 4, "tiban": "3092" }, "geometry": { "type": "MultiPolygon", "coordinates": [ [ [ [ 140.4531284, 35.8101719 ], [ 140.453464, 35.8103821 ], [ 140.4534715, 35.8103667 ], [ 140.4535017, 35.8103453 ], [ 140.4535625, 35.8103011 ], [ 140.4536062, 35.8102698 ], [ 140.453620199999989, 35.8102515 ], [ 140.453668, 35.8101178 ], [ 140.453684399999986, 35.8100749 ], [ 140.4536986, 35.8100206 ], [ 140.453684, 35.8100065 ], [ 140.4536067, 35.8099413 ], [ 140.4535372, 35.8098748 ], [ 140.45348340000001, 35.8098142 ], [ 140.4534538, 35.8097722 ], [ 140.4534453, 35.8097544 ], [ 140.4534212, 35.8097571 ], [ 140.4532802, 35.8099661 ], [ 140.453224, 35.8100513 ], [ 140.4531284, 35.8101719 ] ] ] ] } },
{ "type": "Feature", "properties": { "fid": 400, "field_id": 5616658, "location": "1-4", "field_seq": null, "field_no": "沢字スネヤ3087", "farmer_cd": "k115", "farmer": "斎藤知満", "crop": null, "area": 2.4, "calc_area": 3.35, "remark": 4, "tiban": "3087" }, "geometry": { "type": "MultiPolygon", "coordinates": [ [ [ [ 140.454093699999987, 35.8092957 ], [ 140.4540271, 35.809334 ], [ 140.4543898, 35.8096472 ], [ 140.454437, 35.809595 ], [ 140.454093699999987, 35.8092957 ] ] ] ] } },
{ "type": "Feature", "properties": { "fid": 401, "field_id": 5616031, "location": "1-1", "field_seq": null, "field_no": "助沢字上代458-1", "farmer_cd": "k126", "farmer": "斎藤敏夫", "crop": null, "area": 29.5, "calc_area": 15.2, "remark": 1, "tiban": "458-1" }, "geometry": { "type": "MultiPolygon", "coordinates": [ [ [ [ 140.502357, 35.8321808 ], [ 140.502602599999989, 35.8324033 ], [ 140.502667800000012, 35.8323347 ], [ 140.5027545, 35.8322699 ], [ 140.50283730000001, 35.8322296 ], [ 140.502912900000013, 35.8322013 ], [ 140.502913799999988, 35.8321818 ], [ 140.5027681, 35.8319017 ], [ 140.5027524, 35.8318925 ], [ 140.5026933, 35.8319089 ], [ 140.5025971, 35.8319636 ], [ 140.5024813, 35.8320497 ], [ 140.502357, 35.8321808 ] ] ] ] } },
{ "type": "Feature", "properties": { "fid": 402, "field_id": 5616103, "location": "1-1", "field_seq": null, "field_no": "助沢字中橋上563-1", "farmer_cd": "k126", "farmer": "斎藤敏夫", "crop": null, "area": 16.3, "calc_area": 19.36, "remark": 1, "tiban": "563-1" }, "geometry": { "type": "MultiPolygon", "coordinates": [ [ [ [ 140.5060526, 35.829659 ], [ 140.5059654, 35.8304827 ], [ 140.506084, 35.8305097 ], [ 140.506105, 35.8303152 ], [ 140.5062499, 35.8303242 ], [ 140.506267, 35.8301112 ], [ 140.5063048, 35.8296586 ], [ 140.5060526, 35.829659 ] ] ] ] } },
{ "type": "Feature", "properties": { "fid": 403, "field_id": 5613882, "location": "1-3", "field_seq": null, "field_no": "岩部字田島3058", "farmer_cd": "k51", "farmer": "斎木充枝", "crop": null, "area": 9.9, "calc_area": 9.81, "remark": 3, "tiban": "3058" }, "geometry": { "type": "MultiPolygon", "coordinates": [ [ [ [ 140.505818799999986, 35.804761 ], [ 140.5060216, 35.8047811 ], [ 140.5060815, 35.8042927 ], [ 140.5060551, 35.8042943 ], [ 140.505884, 35.804279 ], [ 140.505818799999986, 35.804761 ] ] ] ] } },
{ "type": "Feature", "properties": { "fid": 404, "field_id": 5613988, "location": "1-3", "field_seq": null, "field_no": "岩部字橋本3124-2", "farmer_cd": "k51", "farmer": "斎木充枝", "crop": null, "area": 5.3, "calc_area": 7.77, "remark": 3, "tiban": "3124-2" }, "geometry": { "type": "MultiPolygon", "coordinates": [ [ [ [ 140.503724799999986, 35.8071833 ], [ 140.5037156, 35.8072575 ], [ 140.503852099999989, 35.8072612 ], [ 140.503924, 35.8067211 ], [ 140.5037774, 35.8067129 ], [ 140.5037522, 35.8069197 ], [ 140.503724799999986, 35.8071833 ] ] ] ] } },
{ "type": "Feature", "properties": { "fid": 405, "field_id": 5614043, "location": "1-3", "field_seq": null, "field_no": "岩部字境3011", "farmer_cd": "k51", "farmer": "斎木充枝", "crop": null, "area": 9.9, "calc_area": 10.24, "remark": 3, "tiban": "3011" }, "geometry": { "type": "MultiPolygon", "coordinates": [ [ [ [ 140.5043791, 35.8010026 ], [ 140.504554399999989, 35.8009752 ], [ 140.504568799999987, 35.8009728 ], [ 140.504464399999989, 35.8005413 ], [ 140.504451499999988, 35.8004717 ], [ 140.5042455, 35.8005043 ], [ 140.504282499999988, 35.8006448 ], [ 140.5043791, 35.8010026 ] ] ] ] } },
{ "type": "Feature", "properties": { "fid": 406, "field_id": 5614075, "location": "1-3", "field_seq": null, "field_no": "岩部字境3002", "farmer_cd": "k51", "farmer": "斎木充枝", "crop": null, "area": 10.0, "calc_area": 10.23, "remark": 3, "tiban": "3002" }, "geometry": { "type": "MultiPolygon", "coordinates": [ [ [ [ 140.5040424, 35.8005114 ], [ 140.5041197, 35.8005022 ], [ 140.5042406, 35.8004837 ], [ 140.504174299999988, 35.8002136 ], [ 140.5041209, 35.7999929 ], [ 140.503983, 35.8000163 ], [ 140.5039166, 35.8000277 ], [ 140.503965, 35.8002138 ], [ 140.5040424, 35.8005114 ] ] ] ] } },
{ "type": "Feature", "properties": { "fid": 407, "field_id": 5614102, "location": "1-3", "field_seq": null, "field_no": "岩部字境3001-2", "farmer_cd": "k51", "farmer": "斎木充枝", "crop": null, "area": 2.6, "calc_area": 3.9, "remark": 3, "tiban": "3001-2" }, "geometry": { "type": "MultiPolygon", "coordinates": [ [ [ [ 140.503765, 35.8002496 ], [ 140.503965, 35.8002138 ], [ 140.5039166, 35.8000277 ], [ 140.5037188, 35.8000615 ], [ 140.5037582, 35.8002216 ], [ 140.503765, 35.8002496 ] ] ] ] } },
{ "type": "Feature", "properties": { "fid": 408, "field_id": 5614173, "location": "1-3", "field_seq": null, "field_no": "岩部字境3009", "farmer_cd": "k51", "farmer": "斎木充枝", "crop": null, "area": 10.0, "calc_area": 11.08, "remark": 3, "tiban": "3009" }, "geometry": { "type": "MultiPolygon", "coordinates": [ [ [ [ 140.5047759, 35.8009387 ], [ 140.5049861, 35.800904 ], [ 140.504907300000013, 35.80058 ], [ 140.504863699999987, 35.8004066 ], [ 140.5046485, 35.8004406 ], [ 140.504712899999987, 35.8006941 ], [ 140.5047759, 35.8009387 ] ] ] ] } },
{ "type": "Feature", "properties": { "fid": 409, "field_id": 5614178, "location": "1-3", "field_seq": null, "field_no": "岩部字境3010", "farmer_cd": "k51", "farmer": "斎木充枝", "crop": null, "area": 9.9, "calc_area": 10.6, "remark": 3, "tiban": "3010" }, "geometry": { "type": "MultiPolygon", "coordinates": [ [ [ [ 140.504568799999987, 35.8009728 ], [ 140.5047759, 35.8009387 ], [ 140.504712899999987, 35.8006941 ], [ 140.5046485, 35.8004406 ], [ 140.504451499999988, 35.8004717 ], [ 140.504464399999989, 35.8005413 ], [ 140.504568799999987, 35.8009728 ] ] ] ] } },
{ "type": "Feature", "properties": { "fid": 410, "field_id": 5616669, "location": "1-3", "field_seq": null, "field_no": "岩部字橋本3125", "farmer_cd": "k51", "farmer": "斎木充枝", "crop": null, "area": 10.9, "calc_area": 9.0, "remark": 3, "tiban": "3125" }, "geometry": { "type": "MultiPolygon", "coordinates": [ [ [ [ 140.5037183, 35.8072561 ], [ 140.5037774, 35.8067094 ], [ 140.503629600000011, 35.806696 ], [ 140.5035431, 35.8072526 ], [ 140.5037183, 35.8072561 ] ] ] ] } },
{ "type": "Feature", "properties": { "fid": 411, "field_id": 5616575, "location": "1-1", "field_seq": null, "field_no": "高萩字谷堤七町1691-1", "farmer_cd": "k18", "farmer": "三谷正一", "crop": null, "area": 24.3, "calc_area": 24.43, "remark": 1, "tiban": "1691-1" }, "geometry": { "type": "MultiPolygon", "coordinates": [ [ [ [ 140.5415156, 35.808484 ], [ 140.5417654, 35.8086463 ], [ 140.542025599999988, 35.8088088 ], [ 140.5420374, 35.8088007 ], [ 140.5421394, 35.8087134 ], [ 140.5422457, 35.808641 ], [ 140.541802499999989, 35.8082001 ], [ 140.5417463, 35.8082236 ], [ 140.541692500000011, 35.8082365 ], [ 140.541640699999988, 35.8082394 ], [ 140.5415897, 35.8082488 ], [ 140.541548299999988, 35.8082647 ], [ 140.5414959, 35.8082975 ], [ 140.5414701, 35.8083321 ], [ 140.5414553, 35.8083644 ], [ 140.5414351, 35.8084213 ], [ 140.5415156, 35.808484 ] ] ] ] } },
{ "type": "Feature", "properties": { "fid": 412, "field_id": 5616576, "location": "1-1", "field_seq": null, "field_no": "高萩字谷堤七町1691-2", "farmer_cd": "k18", "farmer": "三谷正一", "crop": null, "area": 2.1, "calc_area": 4.58, "remark": 1, "tiban": "1691-2" }, "geometry": { "type": "MultiPolygon", "coordinates": [ [ [ [ 140.5422457, 35.808641 ], [ 140.5422711, 35.8086237 ], [ 140.542292800000013, 35.8086076 ], [ 140.542299899999989, 35.8085967 ], [ 140.542089299999986, 35.8083803 ], [ 140.5418775, 35.8081654 ], [ 140.5418362, 35.808186 ], [ 140.541802499999989, 35.8082001 ], [ 140.5422457, 35.808641 ] ] ] ] } },
{ "type": "Feature", "properties": { "fid": 413, "field_id": 5616194, "location": "1-1", "field_seq": null, "field_no": "岩部字大塚3574", "farmer_cd": "k40", "farmer": "秋山修", "crop": null, "area": 9.8, "calc_area": 10.08, "remark": 1, "tiban": "3574" }, "geometry": { "type": "MultiPolygon", "coordinates": [ [ [ [ 140.510031700000013, 35.8179653 ], [ 140.5102081, 35.8180536 ], [ 140.5105294, 35.8176319 ], [ 140.5104111, 35.8175711 ], [ 140.51039080000001, 35.8175793 ], [ 140.5103463, 35.8175614 ], [ 140.510031700000013, 35.8179653 ] ] ] ] } },
{ "type": "Feature", "properties": { "fid": 414, "field_id": 5616215, "location": "1-1", "field_seq": null, "field_no": "岩部字大塚3576", "farmer_cd": "k40", "farmer": "秋山修", "crop": null, "area": 9.9, "calc_area": 10.3, "remark": 1, "tiban": "3576" }, "geometry": { "type": "MultiPolygon", "coordinates": [ [ [ [ 140.5103832, 35.818144 ], [ 140.5105594, 35.8182362 ], [ 140.5108844, 35.8178146 ], [ 140.5108514, 35.8177976 ], [ 140.510712, 35.8177259 ], [ 140.5103832, 35.818144 ] ] ] ] } },
{ "type": "Feature", "properties": { "fid": 415, "field_id": 5616224, "location": "1-1", "field_seq": null, "field_no": "岩部字大塚3591", "farmer_cd": "k40", "farmer": "秋山修", "crop": null, "area": 9.8, "calc_area": 9.56, "remark": 1, "tiban": "3591" }, "geometry": { "type": "MultiPolygon", "coordinates": [ [ [ [ 140.511251, 35.8179756 ], [ 140.5112857, 35.8179303 ], [ 140.5114222, 35.8177521 ], [ 140.5115763, 35.8175498 ], [ 140.511443, 35.8174773 ], [ 140.5113671, 35.817542 ], [ 140.5111398, 35.8178172 ], [ 140.5110775, 35.8178804 ], [ 140.511074, 35.8178851 ], [ 140.511251, 35.8179756 ] ] ] ] } },
{ "type": "Feature", "properties": { "fid": 416, "field_id": 5616357, "location": "1-1", "field_seq": null, "field_no": "岩部字大塚3594-1", "farmer_cd": "k40", "farmer": "秋山修", "crop": null, "area": 9.5, "calc_area": 9.13, "remark": 1, "tiban": "3594-1" }, "geometry": { "type": "MultiPolygon", "coordinates": [ [ [ [ 140.5107236, 35.8177051 ], [ 140.51105290000001, 35.8172849 ], [ 140.510965199999987, 35.8172398 ], [ 140.510947499999986, 35.8172462 ], [ 140.5108602, 35.8172781 ], [ 140.510545799999989, 35.8176007 ], [ 140.5106815, 35.8176838 ], [ 140.5107236, 35.8177051 ] ] ] ] } },
{ "type": "Feature", "properties": { "fid": 417, "field_id": 5616693, "location": "1-1", "field_seq": null, "field_no": "岩部字大塚3592", "farmer_cd": "k40", "farmer": "秋山修", "crop": null, "area": 9.9, "calc_area": 9.92, "remark": 1, "tiban": "3592" }, "geometry": { "type": "MultiPolygon", "coordinates": [ [ [ [ 140.5110631, 35.8178775 ], [ 140.511430600000011, 35.8174748 ], [ 140.5112531, 35.8173826 ], [ 140.5109105, 35.8177879 ], [ 140.5110631, 35.8178775 ] ] ] ] } },
{ "type": "Feature", "properties": { "fid": 418, "field_id": 5616694, "location": "1-1", "field_seq": null, "field_no": "岩部字大塚3593", "farmer_cd": "k40", "farmer": "秋山修", "crop": null, "area": 9.9, "calc_area": 11.25, "remark": 1, "tiban": "3593" }, "geometry": { "type": "MultiPolygon", "coordinates": [ [ [ [ 140.5112509, 35.8173877 ], [ 140.511055199999987, 35.8172861 ], [ 140.5107217, 35.8177055 ], [ 140.510905400000013, 35.8178002 ], [ 140.5112509, 35.8173877 ] ] ] ] } },
{ "type": "Feature", "properties": { "fid": 419, "field_id": 5616695, "location": "1-1", "field_seq": null, "field_no": "岩部字大塚3595-1", "farmer_cd": "k40", "farmer": "秋山修", "crop": null, "area": 4.4, "calc_area": 5.21, "remark": 1, "tiban": "3595-1" }, "geometry": { "type": "MultiPolygon", "coordinates": [ [ [ [ 140.5105504, 35.8176007 ], [ 140.5108593, 35.8172809 ], [ 140.5103284, 35.8174943 ], [ 140.5105504, 35.8176007 ] ] ] ] } },
{ "type": "Feature", "properties": { "fid": 420, "field_id": 5613530, "location": "1-2　", "field_seq": null, "field_no": "荒北字堺町1958", "farmer_cd": "k90", "farmer": "渋谷武男", "crop": null, "area": 17.6, "calc_area": 19.3, "remark": 2, "tiban": "1958" }, "geometry": { "type": "MultiPolygon", "coordinates": [ [ [ [ 140.49788860000001, 35.8083403 ], [ 140.4979475, 35.808146 ], [ 140.4980016, 35.8079801 ], [ 140.4977953, 35.8080435 ], [ 140.497682700000013, 35.8080894 ], [ 140.4975176, 35.8081944 ], [ 140.4973508, 35.8083107 ], [ 140.497286699999989, 35.8083582 ], [ 140.49746110000001, 35.8085356 ], [ 140.497483499999987, 35.8085572 ], [ 140.4976925, 35.8084434 ], [ 140.49788860000001, 35.8083403 ] ] ] ] } },
{ "type": "Feature", "properties": { "fid": 421, "field_id": 5613594, "location": "1-2　", "field_seq": null, "field_no": "岩部字卜ケ崎3229", "farmer_cd": "k90", "farmer": "渋谷武男", "crop": null, "area": 10.0, "calc_area": 10.47, "remark": 2, "tiban": "3229" }, "geometry": { "type": "MultiPolygon", "coordinates": [ [ [ [ 140.498401, 35.8088556 ], [ 140.498752700000011, 35.8089317 ], [ 140.498997800000012, 35.8089865 ], [ 140.499001, 35.8089769 ], [ 140.49905, 35.8088182 ], [ 140.4984498, 35.8086953 ], [ 140.498401, 35.8088556 ] ] ] ] } },
{ "type": "Feature", "properties": { "fid": 422, "field_id": 5613630, "location": "1-2　", "field_seq": null, "field_no": "荒北字堺町1963", "farmer_cd": "k90", "farmer": "渋谷武男", "crop": null, "area": 9.9, "calc_area": 9.96, "remark": 2, "tiban": "1963" }, "geometry": { "type": "MultiPolygon", "coordinates": [ [ [ [ 140.4978453, 35.8085721 ], [ 140.498428100000012, 35.8086915 ], [ 140.498478299999988, 35.8085297 ], [ 140.4978945, 35.8084132 ], [ 140.49787950000001, 35.8084632 ], [ 140.4978453, 35.8085721 ] ] ] ] } },
{ "type": "Feature", "properties": { "fid": 423, "field_id": 5613735, "location": "1-2　", "field_seq": null, "field_no": "荒北字堺町1962", "farmer_cd": "k90", "farmer": "渋谷武男", "crop": null, "area": 9.7, "calc_area": 10.68, "remark": 2, "tiban": "1962" }, "geometry": { "type": "MultiPolygon", "coordinates": [ [ [ [ 140.4978945, 35.8084132 ], [ 140.498478299999988, 35.8085297 ], [ 140.4985177, 35.8084027 ], [ 140.49853, 35.8083599 ], [ 140.4984537, 35.8083439 ], [ 140.4979468, 35.8082396 ], [ 140.4978945, 35.8084132 ] ] ] ] } },
{ "type": "Feature", "properties": { "fid": 424, "field_id": 5613778, "location": "1-2　", "field_seq": null, "field_no": "荒北字堺町1964", "farmer_cd": "k90", "farmer": "渋谷武男", "crop": null, "area": 9.7, "calc_area": 10.37, "remark": 2, "tiban": "1964" }, "geometry": { "type": "MultiPolygon", "coordinates": [ [ [ [ 140.4977925, 35.8087402 ], [ 140.498223200000012, 35.8088265 ], [ 140.4983771, 35.8088557 ], [ 140.498428100000012, 35.8086915 ], [ 140.4978453, 35.8085721 ], [ 140.4977925, 35.8087402 ] ] ] ] } },
{ "type": "Feature", "properties": { "fid": 425, "field_id": 5615336, "location": "1-4", "field_seq": null, "field_no": "沢字五反田551-2", "farmer_cd": "k90", "farmer": "渋谷武男", "crop": null, "area": 5.7, "calc_area": 7.11, "remark": 4, "tiban": "551-2" }, "geometry": { "type": "MultiPolygon", "coordinates": [ [ [ [ 140.4820306, 35.7988411 ], [ 140.4817922, 35.7988232 ], [ 140.4817668, 35.7989748 ], [ 140.4817501, 35.7991055 ], [ 140.482003, 35.7991272 ], [ 140.4820306, 35.7988411 ] ] ] ] } },
{ "type": "Feature", "properties": { "fid": 426, "field_id": 5615344, "location": "1-4", "field_seq": null, "field_no": "沢字五反田579", "farmer_cd": "k90", "farmer": "渋谷武男", "crop": null, "area": 14.8, "calc_area": 17.02, "remark": 4, "tiban": "579" }, "geometry": { "type": "MultiPolygon", "coordinates": [ [ [ [ 140.481839, 35.8002945 ], [ 140.4818066, 35.8005906 ], [ 140.481752199999988, 35.8009918 ], [ 140.4818238, 35.8009999 ], [ 140.4819331, 35.8010088 ], [ 140.4819784, 35.8010083 ], [ 140.481992, 35.8010048 ], [ 140.481999300000012, 35.8009688 ], [ 140.4820263, 35.8008527 ], [ 140.482035200000013, 35.8008314 ], [ 140.4820498, 35.8005333 ], [ 140.4820619, 35.8003142 ], [ 140.4819363, 35.8003026 ], [ 140.481839, 35.8002945 ] ] ] ] } },
{ "type": "Feature", "properties": { "fid": 427, "field_id": 5615349, "location": "1-4", "field_seq": null, "field_no": "沢字五反田552-1", "farmer_cd": "k90", "farmer": "渋谷武男", "crop": null, "area": 11.2, "calc_area": 13.05, "remark": 4, "tiban": "552-1" }, "geometry": { "type": "MultiPolygon", "coordinates": [ [ [ [ 140.481696, 35.7993658 ], [ 140.4817167, 35.7992143 ], [ 140.4817447, 35.798986 ], [ 140.4817696, 35.7988216 ], [ 140.481697700000012, 35.7988128 ], [ 140.481534, 35.7987979 ], [ 140.4815304, 35.7988216 ], [ 140.4815022, 35.799043 ], [ 140.4814563, 35.7993436 ], [ 140.481696, 35.7993658 ] ] ] ] } },
{ "type": "Feature", "properties": { "fid": 428, "field_id": 5615374, "location": "1-4", "field_seq": null, "field_no": "沢字五反田553-1", "farmer_cd": "k90", "farmer": "渋谷武男", "crop": null, "area": 11.3, "calc_area": 17.02, "remark": 4, "tiban": "553-1" }, "geometry": { "type": "MultiPolygon", "coordinates": [ [ [ [ 140.4814563, 35.7993436 ], [ 140.4815022, 35.799043 ], [ 140.4815304, 35.7988216 ], [ 140.481534, 35.7987979 ], [ 140.4814297, 35.7987884 ], [ 140.4812928, 35.7987735 ], [ 140.4812293, 35.798763 ], [ 140.4811823, 35.7989406 ], [ 140.4811512, 35.7990657 ], [ 140.4811358, 35.7992119 ], [ 140.481230399999987, 35.7992141 ], [ 140.4812436, 35.7992174 ], [ 140.4812565, 35.7992257 ], [ 140.4812603, 35.7992339 ], [ 140.481254299999989, 35.799323 ], [ 140.4814563, 35.7993436 ] ] ] ] } },
{ "type": "Feature", "properties": { "fid": 429, "field_id": 5615380, "location": "1-4", "field_seq": null, "field_no": "沢字五反田551-1", "farmer_cd": "k90", "farmer": "渋谷武男", "crop": null, "area": 9.2, "calc_area": 11.42, "remark": 4, "tiban": "551-1" }, "geometry": { "type": "MultiPolygon", "coordinates": [ [ [ [ 140.481693, 35.7995468 ], [ 140.4819475, 35.7995703 ], [ 140.4819671, 35.7994137 ], [ 140.482003, 35.7991272 ], [ 140.4817501, 35.7991055 ], [ 140.4817358, 35.7992179 ], [ 140.4817061, 35.7994225 ], [ 140.481693, 35.7995468 ] ] ] ] } },
{ "type": "Feature", "properties": { "fid": 430, "field_id": 5615405, "location": "1-4", "field_seq": null, "field_no": "沢字五反田580", "farmer_cd": "k90", "farmer": "渋谷武男", "crop": null, "area": 14.8, "calc_area": 17.6, "remark": 4, "tiban": "580" }, "geometry": { "type": "MultiPolygon", "coordinates": [ [ [ [ 140.481597, 35.8002741 ], [ 140.4815623, 35.8005106 ], [ 140.4815275, 35.8007731 ], [ 140.481498499999987, 35.8009638 ], [ 140.481752199999988, 35.8009918 ], [ 140.4818066, 35.8005906 ], [ 140.481839, 35.8002945 ], [ 140.481597, 35.8002741 ] ] ] ] } },
{ "type": "Feature", "properties": { "fid": 431, "field_id": 5615415, "location": "1-4", "field_seq": null, "field_no": "沢字五反田578-2", "farmer_cd": "k90", "farmer": "渋谷武男", "crop": null, "area": 4.7, "calc_area": 4.46, "remark": 4, "tiban": "578-2" }, "geometry": { "type": "MultiPolygon", "coordinates": [ [ [ [ 140.4820619, 35.8003142 ], [ 140.4820498, 35.8005333 ], [ 140.482035200000013, 35.8008314 ], [ 140.4820962, 35.800685 ], [ 140.482152899999988, 35.8005735 ], [ 140.482181, 35.8004864 ], [ 140.4821916, 35.8003261 ], [ 140.4820619, 35.8003142 ] ] ] ] } },
{ "type": "Feature", "properties": { "fid": 432, "field_id": 5615663, "location": "1-4", "field_seq": null, "field_no": "沢字タキ2923", "farmer_cd": "k90", "farmer": "渋谷武男", "crop": null, "area": 11.9, "calc_area": 12.21, "remark": 4, "tiban": "2923" }, "geometry": { "type": "MultiPolygon", "coordinates": [ [ [ [ 140.48028930000001, 35.8062815 ], [ 140.47945630000001, 35.8059832 ], [ 140.479384900000014, 35.8060413 ], [ 140.4793276, 35.806081 ], [ 140.4801999, 35.8063922 ], [ 140.480271, 35.8063007 ], [ 140.48028930000001, 35.8062815 ] ] ] ] } },
{ "type": "Feature", "properties": { "fid": 433, "field_id": 5615670, "location": "1-4", "field_seq": null, "field_no": "沢字蓬2954", "farmer_cd": "k90", "farmer": "渋谷武男", "crop": null, "area": 15.2, "calc_area": 17.71, "remark": 4, "tiban": "2954" }, "geometry": { "type": "MultiPolygon", "coordinates": [ [ [ [ 140.4767888, 35.8113805 ], [ 140.4772305, 35.8114632 ], [ 140.4772069, 35.8110873 ], [ 140.477205, 35.8110703 ], [ 140.477194700000013, 35.8110606 ], [ 140.477176, 35.8110549 ], [ 140.476920799999988, 35.8110041 ], [ 140.4767517, 35.8109753 ], [ 140.4767374, 35.8109743 ], [ 140.4767309, 35.8109885 ], [ 140.4767329, 35.8110149 ], [ 140.476786299999986, 35.8111809 ], [ 140.4768049, 35.8112503 ], [ 140.4768038, 35.811284 ], [ 140.4767888, 35.8113805 ] ] ] ] } },
{ "type": "Feature", "properties": { "fid": 434, "field_id": 5615680, "location": "1-4", "field_seq": null, "field_no": "沢字蓬2955", "farmer_cd": "k90", "farmer": "渋谷武男", "crop": null, "area": 16.1, "calc_area": 17.87, "remark": 4, "tiban": "2955" }, "geometry": { "type": "MultiPolygon", "coordinates": [ [ [ [ 140.4767053, 35.8116705 ], [ 140.4771173, 35.8118841 ], [ 140.4771376, 35.8118524 ], [ 140.477222399999988, 35.8117012 ], [ 140.4772361, 35.811662 ], [ 140.4772346, 35.8115919 ], [ 140.4772305, 35.8114632 ], [ 140.4767888, 35.8113805 ], [ 140.476768600000014, 35.8114425 ], [ 140.4767611, 35.8114996 ], [ 140.476747, 35.8115687 ], [ 140.476727399999987, 35.8116296 ], [ 140.4767053, 35.8116705 ] ] ] ] } },
{ "type": "Feature", "properties": { "fid": 435, "field_id": 5615730, "location": "1-4", "field_seq": null, "field_no": "沢字新堤2043-2", "farmer_cd": "k90", "farmer": "渋谷武男", "crop": null, "area": 5.8, "calc_area": 5.59, "remark": 4, "tiban": "2043-2" }, "geometry": { "type": "MultiPolygon", "coordinates": [ [ [ [ 140.4674647, 35.7990339 ], [ 140.4670509, 35.7991758 ], [ 140.46712, 35.7993134 ], [ 140.467134, 35.7993003 ], [ 140.4671975, 35.7992632 ], [ 140.46751660000001, 35.7991417 ], [ 140.4674794, 35.7990631 ], [ 140.4674647, 35.7990339 ] ] ] ] } },
{ "type": "Feature", "properties": { "fid": 436, "field_id": 5615736, "location": "1-4", "field_seq": null, "field_no": "沢字馬渡3050", "farmer_cd": "k90", "farmer": "渋谷武男", "crop": null, "area": 15.0, "calc_area": 16.96, "remark": 4, "tiban": "3050" }, "geometry": { "type": "MultiPolygon", "coordinates": [ [ [ [ 140.4607095, 35.8034731 ], [ 140.461182400000013, 35.8034909 ], [ 140.461199599999986, 35.8034359 ], [ 140.461218, 35.8033638 ], [ 140.461236500000012, 35.8032991 ], [ 140.4612471, 35.8032317 ], [ 140.4612354, 35.8031484 ], [ 140.4607011, 35.8031452 ], [ 140.4607253, 35.8031905 ], [ 140.460732400000012, 35.8032176 ], [ 140.4607301, 35.8032718 ], [ 140.460712, 35.8034194 ], [ 140.4607095, 35.8034731 ] ] ] ] } },
{ "type": "Feature", "properties": { "fid": 437, "field_id": 5615741, "location": "1-4", "field_seq": null, "field_no": "沢字馬渡3049", "farmer_cd": "k90", "farmer": "渋谷武男", "crop": null, "area": 20.0, "calc_area": 23.97, "remark": 4, "tiban": "3049" }, "geometry": { "type": "MultiPolygon", "coordinates": [ [ [ [ 140.4607011, 35.8031452 ], [ 140.4612354, 35.8031484 ], [ 140.4612367, 35.8031293 ], [ 140.4612364, 35.8031119 ], [ 140.4612311, 35.8030502 ], [ 140.461245, 35.8029064 ], [ 140.461248, 35.8028754 ], [ 140.4612373, 35.8028348 ], [ 140.4612182, 35.8028217 ], [ 140.4610816, 35.80277 ], [ 140.4610199, 35.8027405 ], [ 140.460721799999988, 35.8026121 ], [ 140.460692599999987, 35.8026277 ], [ 140.4606817, 35.8027244 ], [ 140.460683499999988, 35.8027733 ], [ 140.4606853, 35.8028114 ], [ 140.4606858, 35.802877 ], [ 140.4606818, 35.8029247 ], [ 140.4606737, 35.803007 ], [ 140.4606772, 35.8030893 ], [ 140.4606977, 35.8031239 ], [ 140.4607011, 35.8031452 ] ] ] ] } },
{ "type": "Feature", "properties": { "fid": 438, "field_id": 5615744, "location": "1-4", "field_seq": null, "field_no": "沢字福良芝3039", "farmer_cd": "k90", "farmer": "渋谷武男", "crop": null, "area": 16.5, "calc_area": 18.34, "remark": 4, "tiban": "3039" }, "geometry": { "type": "MultiPolygon", "coordinates": [ [ [ [ 140.4625273, 35.8010039 ], [ 140.4625957, 35.8011194 ], [ 140.4628046, 35.8014708 ], [ 140.4629285, 35.8014544 ], [ 140.4631024, 35.8014352 ], [ 140.4628744, 35.8008952 ], [ 140.4627668, 35.800923 ], [ 140.4626825, 35.8009413 ], [ 140.4625945, 35.8009742 ], [ 140.4625273, 35.8010039 ] ] ] ] } },
{ "type": "Feature", "properties": { "fid": 439, "field_id": 5615747, "location": "1-4", "field_seq": null, "field_no": "沢字馬渡3051", "farmer_cd": "k90", "farmer": "渋谷武男", "crop": null, "area": 13.6, "calc_area": 15.39, "remark": 4, "tiban": "3051" }, "geometry": { "type": "MultiPolygon", "coordinates": [ [ [ [ 140.4606478, 35.8038108 ], [ 140.4611748, 35.8038236 ], [ 140.4611731, 35.8037973 ], [ 140.4611682, 35.8037843 ], [ 140.4611593, 35.8037233 ], [ 140.4611563, 35.8036005 ], [ 140.4611669, 35.803541 ], [ 140.461182400000013, 35.8034909 ], [ 140.4607095, 35.8034731 ], [ 140.4606968, 35.8035315 ], [ 140.460712300000012, 35.803575 ], [ 140.46073, 35.8036435 ], [ 140.4607301, 35.8036673 ], [ 140.4607259, 35.8036948 ], [ 140.4607187, 35.8037127 ], [ 140.4607145, 35.8037318 ], [ 140.460686900000013, 35.8037629 ], [ 140.460669599999989, 35.8037892 ], [ 140.4606478, 35.8038108 ] ] ] ] } },
{ "type": "Feature", "properties": { "fid": 440, "field_id": 5615761, "location": "1-4", "field_seq": null, "field_no": "沢字新堤2000", "farmer_cd": "k90", "farmer": "渋谷武男", "crop": null, "area": 14.6, "calc_area": 16.55, "remark": 4, "tiban": "2000" }, "geometry": { "type": "MultiPolygon", "coordinates": [ [ [ [ 140.4691092, 35.7984708 ], [ 140.469614799999988, 35.7983005 ], [ 140.4699028, 35.7982055 ], [ 140.4698095, 35.7980254 ], [ 140.4697041, 35.7980604 ], [ 140.4693426, 35.7981852 ], [ 140.4690196, 35.7982945 ], [ 140.4691092, 35.7984708 ] ] ] ] } },
{ "type": "Feature", "properties": { "fid": 441, "field_id": 5615771, "location": "1-4", "field_seq": null, "field_no": "沢字新堤2038", "farmer_cd": "k90", "farmer": "渋谷武男", "crop": null, "area": 14.8, "calc_area": 16.35, "remark": 4, "tiban": "2038" }, "geometry": { "type": "MultiPolygon", "coordinates": [ [ [ [ 140.4674846, 35.7990268 ], [ 140.467891400000013, 35.7988889 ], [ 140.468271499999986, 35.7987619 ], [ 140.468263, 35.7987468 ], [ 140.468176, 35.7985904 ], [ 140.4676232, 35.7987681 ], [ 140.4673938, 35.798848 ], [ 140.467410199999989, 35.798879 ], [ 140.4674846, 35.7990268 ] ] ] ] } },
{ "type": "Feature", "properties": { "fid": 442, "field_id": 5616804, "location": "1-4", "field_seq": null, "field_no": "沢字新堤1998-1", "farmer_cd": "k90", "farmer": "渋谷武男", "crop": null, "area": 6.9, "calc_area": 5.75, "remark": 4, "tiban": "1998-1" }, "geometry": { "type": "MultiPolygon", "coordinates": [ [ [ [ 140.4692838, 35.7988009 ], [ 140.4700683, 35.7985328 ], [ 140.4700418, 35.7984721 ], [ 140.46925, 35.7987366 ], [ 140.4692838, 35.7988009 ] ] ] ] } },
{ "type": "Feature", "properties": { "fid": 443, "field_id": 5615379, "location": "1-4", "field_seq": null, "field_no": "沢字平山545-1", "farmer_cd": "k101", "farmer": "小川元", "crop": null, "area": 16.3, "calc_area": 17.88, "remark": 4, "tiban": "545-1" }, "geometry": { "type": "MultiPolygon", "coordinates": [ [ [ [ 140.4760685, 35.7978545 ], [ 140.476706900000011, 35.7980868 ], [ 140.476965799999988, 35.7981788 ], [ 140.4769963, 35.7981404 ], [ 140.4770187, 35.798096 ], [ 140.477043, 35.7980274 ], [ 140.4770481, 35.7980131 ], [ 140.4767225, 35.7978935 ], [ 140.476154400000013, 35.7976887 ], [ 140.4761134, 35.7977674 ], [ 140.4760685, 35.7978545 ] ] ] ] } },
{ "type": "Feature", "properties": { "fid": 444, "field_id": 5615394, "location": "1-4", "field_seq": null, "field_no": "沢字瀬谷309", "farmer_cd": "k101", "farmer": "小川元", "crop": null, "area": 14.5, "calc_area": 18.06, "remark": 4, "tiban": "309" }, "geometry": { "type": "MultiPolygon", "coordinates": [ [ [ [ 140.4834435, 35.7977276 ], [ 140.484292399999987, 35.7977966 ], [ 140.484320700000012, 35.7975906 ], [ 140.4843174, 35.7975902 ], [ 140.484113400000012, 35.7975717 ], [ 140.4834693, 35.7975152 ], [ 140.4834435, 35.7977276 ] ] ] ] } },
{ "type": "Feature", "properties": { "fid": 445, "field_id": 5615395, "location": "1-4", "field_seq": null, "field_no": "沢字瀬谷320-1", "farmer_cd": "k101", "farmer": "小川元", "crop": null, "area": 3.4, "calc_area": 4.14, "remark": 4, "tiban": "320-1" }, "geometry": { "type": "MultiPolygon", "coordinates": [ [ [ [ 140.483069699999987, 35.7965536 ], [ 140.483069699999987, 35.7965363 ], [ 140.4830782, 35.7965052 ], [ 140.483043900000013, 35.7965119 ], [ 140.4829349, 35.7965474 ], [ 140.4828899, 35.7965679 ], [ 140.4828382, 35.7966069 ], [ 140.4827836, 35.7966489 ], [ 140.482749, 35.7966589 ], [ 140.4826534, 35.7966845 ], [ 140.4830462, 35.7967093 ], [ 140.483069699999987, 35.7965536 ] ] ] ] } },
{ "type": "Feature", "properties": { "fid": 446, "field_id": 5615432, "location": "1-4", "field_seq": null, "field_no": "沢字瀬谷323", "farmer_cd": "k101", "farmer": "小川元", "crop": null, "area": 13.3, "calc_area": 15.71, "remark": 4, "tiban": "323" }, "geometry": { "type": "MultiPolygon", "coordinates": [ [ [ [ 140.4818639, 35.7976336 ], [ 140.482160599999986, 35.7975512 ], [ 140.4825562, 35.7974662 ], [ 140.4825725, 35.79743 ], [ 140.482599599999986, 35.797242 ], [ 140.4822192, 35.7973349 ], [ 140.4817912, 35.7974414 ], [ 140.4818639, 35.7976336 ] ] ] ] } },
{ "type": "Feature", "properties": { "fid": 447, "field_id": 5615466, "location": "1-4", "field_seq": null, "field_no": "沢字瀬谷307-2", "farmer_cd": "k101", "farmer": "小川元", "crop": null, "area": 8.1, "calc_area": 8.94, "remark": 4, "tiban": "307-2" }, "geometry": { "type": "MultiPolygon", "coordinates": [ [ [ [ 140.4843478, 35.7972404 ], [ 140.4835215, 35.7971806 ], [ 140.483513499999987, 35.7972318 ], [ 140.483505900000011, 35.797285 ], [ 140.4843339, 35.7973494 ], [ 140.48434, 35.7972916 ], [ 140.4843478, 35.7972404 ] ] ] ] } },
{ "type": "Feature", "properties": { "fid": 448, "field_id": 5616555, "location": "1-4", "field_seq": null, "field_no": "沢字福良芝3029", "farmer_cd": "k101", "farmer": "小川元", "crop": null, "area": 11.4, "calc_area": 13.61, "remark": 4, "tiban": "3029" }, "geometry": { "type": "MultiPolygon", "coordinates": [ [ [ [ 140.4646301, 35.8007037 ], [ 140.4646543, 35.8007248 ], [ 140.4649795, 35.8010269 ], [ 140.465016, 35.8010025 ], [ 140.465094599999986, 35.8009594 ], [ 140.4652197, 35.8009091 ], [ 140.4647905, 35.8004765 ], [ 140.4647828, 35.8004978 ], [ 140.464774799999986, 35.8005318 ], [ 140.4647564, 35.8005802 ], [ 140.46472510000001, 35.8006242 ], [ 140.464636, 35.8006992 ], [ 140.4646301, 35.8007037 ] ] ] ] } },
{ "type": "Feature", "properties": { "fid": 449, "field_id": 5616556, "location": "1-4", "field_seq": null, "field_no": "沢字福良芝3028", "farmer_cd": "k101", "farmer": "小川元", "crop": null, "area": 18.1, "calc_area": 17.49, "remark": 4, "tiban": "3028" }, "geometry": { "type": "MultiPolygon", "coordinates": [ [ [ [ 140.4652197, 35.8009091 ], [ 140.46522010000001, 35.8009089 ], [ 140.465253100000012, 35.8008964 ], [ 140.4654515, 35.8007996 ], [ 140.465458899999987, 35.8007895 ], [ 140.4654845, 35.8007441 ], [ 140.4654855, 35.800742 ], [ 140.465490100000011, 35.8007315 ], [ 140.4650971, 35.80044 ], [ 140.4650795, 35.8004278 ], [ 140.4649489, 35.8003376 ], [ 140.46481270000001, 35.8004412 ], [ 140.4647936, 35.8004677 ], [ 140.4647905, 35.8004765 ], [ 140.4652197, 35.8009091 ] ] ] ] } },
{ "type": "Feature", "properties": { "fid": 450, "field_id": 5616560, "location": "1-4", "field_seq": null, "field_no": "沢字瀬谷311-2", "farmer_cd": "k101", "farmer": "小川元", "crop": null, "area": 5.1, "calc_area": 4.91, "remark": 4, "tiban": "311-2" }, "geometry": { "type": "MultiPolygon", "coordinates": [ [ [ [ 140.483925, 35.7981097 ], [ 140.4842284, 35.7981349 ], [ 140.484265, 35.7979807 ], [ 140.4839342, 35.7979585 ], [ 140.483925, 35.7981097 ] ] ] ] } },
{ "type": "Feature", "properties": { "fid": 451, "field_id": 5616720, "location": "1-4", "field_seq": null, "field_no": "沢字平山544", "farmer_cd": "k101", "farmer": "小川元", "crop": null, "area": 15.3, "calc_area": 14.95, "remark": 4, "tiban": "544" }, "geometry": { "type": "MultiPolygon", "coordinates": [ [ [ [ 140.4768058, 35.7981219 ], [ 140.476706900000011, 35.7980868 ], [ 140.4760685, 35.7978545 ], [ 140.4760403, 35.7979013 ], [ 140.475993, 35.7980086 ], [ 140.4760322, 35.7980175 ], [ 140.476032, 35.7980316 ], [ 140.4764202, 35.7981926 ], [ 140.4766971, 35.7982996 ], [ 140.4768058, 35.7981219 ] ] ] ] } },
{ "type": "Feature", "properties": { "fid": 452, "field_id": 5615332, "location": "1-4", "field_seq": null, "field_no": "沢字神田1968", "farmer_cd": "k94", "farmer": "小倉高之", "crop": null, "area": 14.6, "calc_area": 16.67, "remark": 4, "tiban": "1968" }, "geometry": { "type": "MultiPolygon", "coordinates": [ [ [ [ 140.4731735, 35.7970959 ], [ 140.473741, 35.796906 ], [ 140.4739593, 35.7968303 ], [ 140.4738654, 35.7966488 ], [ 140.4737254, 35.7966975 ], [ 140.4733158, 35.7968371 ], [ 140.473086599999988, 35.7969138 ], [ 140.4731735, 35.7970959 ] ] ] ] } },
{ "type": "Feature", "properties": { "fid": 453, "field_id": 5615353, "location": "1-4", "field_seq": null, "field_no": "沢字ソリ田1982-1", "farmer_cd": "k94", "farmer": "小倉高之", "crop": null, "area": 10.5, "calc_area": 9.52, "remark": 4, "tiban": "1982-1" }, "geometry": { "type": "MultiPolygon", "coordinates": [ [ [ [ 140.471639900000014, 35.797817 ], [ 140.4716637, 35.7978741 ], [ 140.4717096, 35.7978916 ], [ 140.471762899999987, 35.7978969 ], [ 140.4718762, 35.7978954 ], [ 140.471910799999989, 35.7978858 ], [ 140.472281, 35.7977079 ], [ 140.472463, 35.7976241 ], [ 140.4724271, 35.7975539 ], [ 140.4718957, 35.7977347 ], [ 140.471639900000014, 35.797817 ] ] ] ] } },
{ "type": "Feature", "properties": { "fid": 454, "field_id": 5615354, "location": "1-4", "field_seq": null, "field_no": "沢字ソリ田1980", "farmer_cd": "k94", "farmer": "小倉高之", "crop": null, "area": 14.7, "calc_area": 17.42, "remark": 4, "tiban": "1980" }, "geometry": { "type": "MultiPolygon", "coordinates": [ [ [ [ 140.4714643, 35.7974658 ], [ 140.471556099999987, 35.7976553 ], [ 140.4721192, 35.7974637 ], [ 140.4723429, 35.7973883 ], [ 140.4722475, 35.7971978 ], [ 140.4719169, 35.7973117 ], [ 140.4714643, 35.7974658 ] ] ] ] } },
{ "type": "Feature", "properties": { "fid": 455, "field_id": 5615364, "location": "1-4", "field_seq": null, "field_no": "沢字ソリ田1981-1", "farmer_cd": "k94", "farmer": "小倉高之", "crop": null, "area": 6.9, "calc_area": 5.29, "remark": 4, "tiban": "1981-1" }, "geometry": { "type": "MultiPolygon", "coordinates": [ [ [ [ 140.4723429, 35.7973883 ], [ 140.4721192, 35.7974637 ], [ 140.471556099999987, 35.7976553 ], [ 140.471586300000013, 35.7977143 ], [ 140.472368, 35.7974443 ], [ 140.4723429, 35.7973883 ] ] ] ] } },
{ "type": "Feature", "properties": { "fid": 456, "field_id": 5615373, "location": "1-4", "field_seq": null, "field_no": "沢字ソリ田1972-1", "farmer_cd": "k94", "farmer": "小倉高之", "crop": null, "area": 3.0, "calc_area": 4.15, "remark": 4, "tiban": "1972-1" }, "geometry": { "type": "MultiPolygon", "coordinates": [ [ [ [ 140.4724319, 35.7975113 ], [ 140.4728474, 35.7973682 ], [ 140.4732196, 35.797249 ], [ 140.4731998, 35.7972131 ], [ 140.473195299999986, 35.7972018 ], [ 140.4728828, 35.7973006 ], [ 140.4724108, 35.7974732 ], [ 140.4724319, 35.7975113 ] ] ] ] } },
{ "type": "Feature", "properties": { "fid": 457, "field_id": 5615381, "location": "1-4", "field_seq": null, "field_no": "沢字ソリ田1976", "farmer_cd": "k94", "farmer": "小倉高之", "crop": null, "area": 10.2, "calc_area": 10.66, "remark": 4, "tiban": "1976" }, "geometry": { "type": "MultiPolygon", "coordinates": [ [ [ [ 140.472080299999988, 35.7968287 ], [ 140.4723836, 35.7967246 ], [ 140.472651, 35.7966337 ], [ 140.4728668, 35.7965618 ], [ 140.47283920000001, 35.7965035 ], [ 140.4727868, 35.7964969 ], [ 140.4726853, 35.7964384 ], [ 140.472263, 35.7965855 ], [ 140.4722376, 35.7966869 ], [ 140.4722301, 35.7967083 ], [ 140.472205800000012, 35.796732 ], [ 140.472138300000012, 35.7967725 ], [ 140.4720716, 35.7968093 ], [ 140.4720786, 35.7968254 ], [ 140.472080299999988, 35.7968287 ] ] ] ] } },
{ "type": "Feature", "properties": { "fid": 458, "field_id": 5615442, "location": "1-4", "field_seq": null, "field_no": "沢字ソリ田1971-1", "farmer_cd": "k94", "farmer": "小倉高之", "crop": null, "area": 3.3, "calc_area": 4.04, "remark": 4, "tiban": "1971-1" }, "geometry": { "type": "MultiPolygon", "coordinates": [ [ [ [ 140.472484400000013, 35.7976128 ], [ 140.4727315, 35.7975074 ], [ 140.472849200000013, 35.7974766 ], [ 140.4728518, 35.7974786 ], [ 140.472807499999988, 35.7973923 ], [ 140.47280520000001, 35.7973815 ], [ 140.4724319, 35.7975113 ], [ 140.472484400000013, 35.7976128 ] ] ] ] } },
{ "type": "Feature", "properties": { "fid": 459, "field_id": 5615447, "location": "1-4", "field_seq": null, "field_no": "沢字ソリ田1974-2", "farmer_cd": "k94", "farmer": "小倉高之", "crop": null, "area": 7.5, "calc_area": 9.34, "remark": 4, "tiban": "1974-2" }, "geometry": { "type": "MultiPolygon", "coordinates": [ [ [ [ 140.472210100000012, 35.7970851 ], [ 140.4729931, 35.7968122 ], [ 140.472944899999987, 35.7967308 ], [ 140.47293160000001, 35.7967308 ], [ 140.472716600000012, 35.7967955 ], [ 140.4724795, 35.7968638 ], [ 140.4721604, 35.7969735 ], [ 140.472210100000012, 35.7970851 ] ] ] ] } },
{ "type": "Feature", "properties": { "fid": 460, "field_id": 5615451, "location": "1-4", "field_seq": null, "field_no": "沢字ソリ田1973", "farmer_cd": "k94", "farmer": "小倉高之", "crop": null, "area": 14.5, "calc_area": 16.76, "remark": 4, "tiban": "1973" }, "geometry": { "type": "MultiPolygon", "coordinates": [ [ [ [ 140.47236, 35.7973723 ], [ 140.4728149, 35.7972178 ], [ 140.4731473, 35.7971056 ], [ 140.4730506, 35.7969222 ], [ 140.4730448, 35.796925 ], [ 140.4725743, 35.7970889 ], [ 140.472267499999987, 35.7971903 ], [ 140.4723153, 35.7972859 ], [ 140.47236, 35.7973723 ] ] ] ] } },
{ "type": "Feature", "properties": { "fid": 461, "field_id": 5615752, "location": "1-4", "field_seq": null, "field_no": "沢字ソリ田1990-1", "farmer_cd": "k94", "farmer": "小倉高之", "crop": null, "area": 12.4, "calc_area": 13.96, "remark": 4, "tiban": "1990-1" }, "geometry": { "type": "MultiPolygon", "coordinates": [ [ [ [ 140.470673, 35.797719 ], [ 140.4709627, 35.7976184 ], [ 140.4711835, 35.797544 ], [ 140.4713238, 35.7974954 ], [ 140.4712936, 35.7974464 ], [ 140.471230600000013, 35.7973156 ], [ 140.4708229, 35.7974529 ], [ 140.4707774, 35.7974686 ], [ 140.470573800000011, 35.7975347 ], [ 140.470673, 35.797719 ] ] ] ] } },
{ "type": "Feature", "properties": { "fid": 462, "field_id": 5615758, "location": "1-4", "field_seq": null, "field_no": "沢字ソリ田1988", "farmer_cd": "k94", "farmer": "小倉高之", "crop": null, "area": 13.8, "calc_area": 14.24, "remark": 4, "tiban": "1988" }, "geometry": { "type": "MultiPolygon", "coordinates": [ [ [ [ 140.470849, 35.7980752 ], [ 140.4713702, 35.7978962 ], [ 140.4716085, 35.7978171 ], [ 140.4715811, 35.7977566 ], [ 140.471528400000011, 35.7976575 ], [ 140.470768600000014, 35.797914 ], [ 140.470849, 35.7980752 ] ] ] ] } },
{ "type": "Feature", "properties": { "fid": 463, "field_id": 5615759, "location": "1-4", "field_seq": null, "field_no": "沢字ソリ田1991-2", "farmer_cd": "k94", "farmer": "小倉高之", "crop": null, "area": 0.5, "calc_area": 2.18, "remark": 4, "tiban": "1991-2" }, "geometry": { "type": "MultiPolygon", "coordinates": [ [ [ [ 140.470573800000011, 35.7975347 ], [ 140.4707774, 35.7974686 ], [ 140.4708229, 35.7974529 ], [ 140.470799199999988, 35.7974221 ], [ 140.4707913, 35.7973991 ], [ 140.470783399999988, 35.7973837 ], [ 140.470778700000011, 35.7973683 ], [ 140.470772399999987, 35.7973504 ], [ 140.4707771, 35.7973466 ], [ 140.470766, 35.7973389 ], [ 140.470766, 35.7973338 ], [ 140.470755, 35.7973261 ], [ 140.470751799999988, 35.7973209 ], [ 140.4707199, 35.7973559 ], [ 140.4705648, 35.7975179 ], [ 140.470573800000011, 35.7975347 ] ] ] ] } },
{ "type": "Feature", "properties": { "fid": 464, "field_id": 5615767, "location": "1-4", "field_seq": null, "field_no": "沢字ソリ田1989", "farmer_cd": "k94", "farmer": "小倉高之", "crop": null, "area": 14.0, "calc_area": 16.12, "remark": 4, "tiban": "1989" }, "geometry": { "type": "MultiPolygon", "coordinates": [ [ [ [ 140.470768600000014, 35.797914 ], [ 140.471528400000011, 35.7976575 ], [ 140.4714309, 35.7974742 ], [ 140.4711313, 35.7975806 ], [ 140.47067770000001, 35.797733 ], [ 140.470716900000014, 35.7978101 ], [ 140.470768600000014, 35.797914 ] ] ] ] } },
{ "type": "Feature", "properties": { "fid": 465, "field_id": 5615772, "location": "1-4", "field_seq": null, "field_no": "沢字新堤1998-2", "farmer_cd": "k94", "farmer": "小倉高之", "crop": null, "area": 7.9, "calc_area": 10.04, "remark": 4, "tiban": "1998-2" }, "geometry": { "type": "MultiPolygon", "coordinates": [ [ [ [ 140.469245, 35.798735 ], [ 140.469704799999988, 35.7985786 ], [ 140.4700368, 35.7984646 ], [ 140.4699818, 35.7983583 ], [ 140.4691928, 35.7986251 ], [ 140.469245, 35.798735 ] ] ] ] } },
{ "type": "Feature", "properties": { "fid": 466, "field_id": 5615774, "location": "1-4", "field_seq": null, "field_no": "沢字新堤2007-1", "farmer_cd": "k94", "farmer": "小倉高之", "crop": null, "area": 5.5, "calc_area": 6.0, "remark": 4, "tiban": "2007-1" }, "geometry": { "type": "MultiPolygon", "coordinates": [ [ [ [ 140.468909599999989, 35.7987485 ], [ 140.468885199999988, 35.7987484 ], [ 140.4685754, 35.798853 ], [ 140.4683977, 35.7989123 ], [ 140.468403599999988, 35.7989212 ], [ 140.468449099999987, 35.7989166 ], [ 140.4685724, 35.7989134 ], [ 140.4687224, 35.7989312 ], [ 140.4688504, 35.7989368 ], [ 140.468968, 35.7989274 ], [ 140.4690138, 35.7989175 ], [ 140.468909599999989, 35.7987485 ] ] ] ] } },
{ "type": "Feature", "properties": { "fid": 467, "field_id": 5615776, "location": "1-4", "field_seq": null, "field_no": "沢字新堤1999-1", "farmer_cd": "k94", "farmer": "小倉高之", "crop": null, "area": 14.6, "calc_area": 14.41, "remark": 4, "tiban": "1999-1" }, "geometry": { "type": "MultiPolygon", "coordinates": [ [ [ [ 140.4691092, 35.7984708 ], [ 140.4691928, 35.7986251 ], [ 140.4699818, 35.7983583 ], [ 140.4699028, 35.7982055 ], [ 140.469614799999988, 35.7983005 ], [ 140.4691092, 35.7984708 ] ] ] ] } },
{ "type": "Feature", "properties": { "fid": 468, "field_id": 5616795, "location": "1-4", "field_seq": null, "field_no": "沢字ソリ田1971-2", "farmer_cd": "k94", "farmer": "小倉高之", "crop": null, "area": 3.4, "calc_area": 2.67, "remark": 4, "tiban": "1971-2" }, "geometry": { "type": "MultiPolygon", "coordinates": [ [ [ [ 140.4728518, 35.7974696 ], [ 140.4731022, 35.7974408 ], [ 140.473033500000014, 35.7973186 ], [ 140.4728141, 35.7973869 ], [ 140.4728518, 35.7974696 ] ] ] ] } },
{ "type": "Feature", "properties": { "fid": 469, "field_id": 5616796, "location": "1-4", "field_seq": null, "field_no": "沢字ソリ田1971-3", "farmer_cd": "k94", "farmer": "小倉高之", "crop": null, "area": 1.7, "calc_area": 3.13, "remark": 4, "tiban": "1971-3" }, "geometry": { "type": "MultiPolygon", "coordinates": [ [ [ [ 140.4730468, 35.797315 ], [ 140.4731066, 35.7974498 ], [ 140.4733127, 35.7974246 ], [ 140.473213, 35.7972593 ], [ 140.4730468, 35.797315 ] ] ] ] } },
{ "type": "Feature", "properties": { "fid": 470, "field_id": 5616797, "location": "1-4", "field_seq": null, "field_no": "沢字ソリ田1972-2", "farmer_cd": "k94", "farmer": "小倉高之", "crop": null, "area": 11.6, "calc_area": 9.25, "remark": 4, "tiban": "1972-2" }, "geometry": { "type": "MultiPolygon", "coordinates": [ [ [ [ 140.4724108, 35.7974768 ], [ 140.4731931, 35.7972036 ], [ 140.473146500000013, 35.7971047 ], [ 140.4723598, 35.7973743 ], [ 140.4724108, 35.7974768 ] ] ] ] } },
{ "type": "Feature", "properties": { "fid": 471, "field_id": 5616798, "location": "1-4", "field_seq": null, "field_no": "沢字ソリ田1975", "farmer_cd": "k94", "farmer": "小倉高之", "crop": null, "area": 14.5, "calc_area": 13.86, "remark": 4, "tiban": "1975" }, "geometry": { "type": "MultiPolygon", "coordinates": [ [ [ [ 140.472936, 35.7967272 ], [ 140.472871700000013, 35.7965601 ], [ 140.4720872, 35.7968333 ], [ 140.4721559, 35.7969753 ], [ 140.472936, 35.7967272 ] ] ] ] } },
{ "type": "Feature", "properties": { "fid": 472, "field_id": 5616799, "location": "1-4", "field_seq": null, "field_no": "沢字ソリ田1990-3", "farmer_cd": "k94", "farmer": "小倉高之", "crop": null, "area": 1.7, "calc_area": 2.16, "remark": 4, "tiban": "1990-3" }, "geometry": { "type": "MultiPolygon", "coordinates": [ [ [ [ 140.471316300000012, 35.7974852 ], [ 140.47143220000001, 35.7974443 ], [ 140.47134650000001, 35.7972829 ], [ 140.471238199999988, 35.7973176 ], [ 140.471316300000012, 35.7974852 ] ] ] ] } },
{ "type": "Feature", "properties": { "fid": 473, "field_id": 5616800, "location": "1-4", "field_seq": null, "field_no": "沢字ソリ田1991-1", "farmer_cd": "k94", "farmer": "小倉高之", "crop": null, "area": 12.7, "calc_area": 10.15, "remark": 4, "tiban": "1991-1" }, "geometry": { "type": "MultiPolygon", "coordinates": [ [ [ [ 140.470758100000012, 35.7973209 ], [ 140.4708197, 35.7974503 ], [ 140.471344, 35.7972812 ], [ 140.471239700000012, 35.7970763 ], [ 140.470758100000012, 35.7973209 ] ] ] ] } },
{ "type": "Feature", "properties": { "fid": 474, "field_id": 5616802, "location": "1-4", "field_seq": null, "field_no": "沢字新堤2007-2", "farmer_cd": "k94", "farmer": "小倉高之", "crop": null, "area": 6.4, "calc_area": 5.55, "remark": 4, "tiban": "2007-2" }, "geometry": { "type": "MultiPolygon", "coordinates": [ [ [ [ 140.4690201, 35.7989163 ], [ 140.4692727, 35.7988561 ], [ 140.469170100000014, 35.7986576 ], [ 140.468909599999989, 35.7987446 ], [ 140.4690201, 35.7989163 ] ] ] ] } },
{ "type": "Feature", "properties": { "fid": 475, "field_id": 5615638, "location": "1-4", "field_seq": null, "field_no": "沢字事尾田2994", "farmer_cd": "k112", "farmer": "小倉新一", "crop": null, "area": 18.5, "calc_area": 19.13, "remark": 4, "tiban": "2994" }, "geometry": { "type": "MultiPolygon", "coordinates": [ [ [ [ 140.474609, 35.8108178 ], [ 140.474617200000012, 35.8108206 ], [ 140.4746896, 35.8108398 ], [ 140.474775, 35.8108681 ], [ 140.4748123, 35.810893 ], [ 140.4748347, 35.81092 ], [ 140.4748523, 35.8109652 ], [ 140.4752498, 35.8104158 ], [ 140.4752057, 35.8103798 ], [ 140.4751611, 35.8103625 ], [ 140.4751097, 35.8103481 ], [ 140.4750077, 35.8103301 ], [ 140.4749323, 35.8103174 ], [ 140.4749266, 35.8103166 ], [ 140.4748966, 35.8103616 ], [ 140.474714799999987, 35.8106517 ], [ 140.474609, 35.8108178 ] ] ] ] } },
{ "type": "Feature", "properties": { "fid": 476, "field_id": 5615646, "location": "1-4", "field_seq": null, "field_no": "沢字事尾田2991.2992", "farmer_cd": "k112", "farmer": "小倉新一", "crop": null, "area": 24.6, "calc_area": 26.09, "remark": 4, "tiban": "2991.2992" }, "geometry": { "type": "MultiPolygon", "coordinates": [ [ [ [ 140.475035600000012, 35.8111527 ], [ 140.4750636, 35.811177 ], [ 140.4750903, 35.811193 ], [ 140.4751225, 35.8112069 ], [ 140.4751547, 35.811212 ], [ 140.475189300000011, 35.8112159 ], [ 140.4752603, 35.811221 ], [ 140.4753116, 35.8112233 ], [ 140.4754074, 35.8112353 ], [ 140.4754667, 35.8112476 ], [ 140.475522500000011, 35.8112669 ], [ 140.4755752, 35.8112922 ], [ 140.4756179, 35.8113136 ], [ 140.475652599999989, 35.811324 ], [ 140.475689100000011, 35.8113212 ], [ 140.475679, 35.810979 ], [ 140.4756726, 35.81087 ], [ 140.4756543, 35.810868 ], [ 140.4755886, 35.8108392 ], [ 140.4754743, 35.8107457 ], [ 140.4753661, 35.8106558 ], [ 140.4753608, 35.8106457 ], [ 140.4752536, 35.8108112 ], [ 140.475035600000012, 35.8111527 ] ] ] ] } },
{ "type": "Feature", "properties": { "fid": 477, "field_id": 5615647, "location": "1-4", "field_seq": null, "field_no": "沢字宿2970", "farmer_cd": "k112", "farmer": "小倉新一", "crop": null, "area": 15.3, "calc_area": 18.07, "remark": 4, "tiban": "2970" }, "geometry": { "type": "MultiPolygon", "coordinates": [ [ [ [ 140.4797471, 35.8099631 ], [ 140.479511, 35.8098818 ], [ 140.4793568, 35.8098294 ], [ 140.4793314, 35.8098261 ], [ 140.4792524, 35.8098256 ], [ 140.4791155, 35.809841 ], [ 140.4790907, 35.810132 ], [ 140.4791243, 35.8101374 ], [ 140.4791692, 35.8101437 ], [ 140.4792426, 35.8101388 ], [ 140.4792917, 35.8101398 ], [ 140.479342300000013, 35.8101499 ], [ 140.47942470000001, 35.8101752 ], [ 140.4795341, 35.8102126 ], [ 140.4795943, 35.8102322 ], [ 140.4797471, 35.8099631 ] ] ] ] } },
{ "type": "Feature", "properties": { "fid": 478, "field_id": 5615635, "location": "1-4", "field_seq": null, "field_no": "沢字事尾田2990", "farmer_cd": "k112", "farmer": "小倉新一", "crop": null, "area": 23.3, "calc_area": 24.62, "remark": 4, "tiban": "2990" }, "geometry": { "type": "MultiPolygon", "coordinates": [ [ [ [ 140.475689100000011, 35.8113212 ], [ 140.4756952, 35.8113207 ], [ 140.475762800000012, 35.8112861 ], [ 140.4758699, 35.8112403 ], [ 140.475936600000011, 35.8112167 ], [ 140.4760216, 35.8111725 ], [ 140.4760566, 35.8111673 ], [ 140.4763078, 35.810979 ], [ 140.4763015, 35.8105896 ], [ 140.4759435, 35.8108438 ], [ 140.475843200000014, 35.8108766 ], [ 140.475809199999986, 35.8108808 ], [ 140.475753, 35.810879 ], [ 140.4756726, 35.81087 ], [ 140.475679, 35.810979 ], [ 140.475689100000011, 35.8113212 ] ] ] ] } },
{ "type": "Feature", "properties": { "fid": 479, "field_id": 5615662, "location": "1-4", "field_seq": null, "field_no": "沢字事尾田2999", "farmer_cd": "k112", "farmer": "小倉新一", "crop": null, "area": 10.9, "calc_area": 11.1, "remark": 4, "tiban": "2999" }, "geometry": { "type": "MultiPolygon", "coordinates": [ [ [ [ 140.4736758, 35.8106031 ], [ 140.47371, 35.810605 ], [ 140.473823, 35.8106006 ], [ 140.4738731, 35.8105949 ], [ 140.4742199, 35.8100368 ], [ 140.4741678, 35.8100159 ], [ 140.4741334, 35.8100094 ], [ 140.4740898, 35.8100081 ], [ 140.474042700000012, 35.8100197 ], [ 140.473875099999987, 35.810289 ], [ 140.4736758, 35.8106031 ] ] ] ] } },
{ "type": "Feature", "properties": { "fid": 480, "field_id": 5615675, "location": "1-4", "field_seq": null, "field_no": "沢字蓬2960", "farmer_cd": "k112", "farmer": "小倉新一", "crop": null, "area": 12.8, "calc_area": 14.87, "remark": 4, "tiban": "2960" }, "geometry": { "type": "MultiPolygon", "coordinates": [ [ [ [ 140.475971, 35.8127661 ], [ 140.4763906, 35.8128833 ], [ 140.4763897, 35.8128633 ], [ 140.4763963, 35.8127807 ], [ 140.4764415, 35.8126805 ], [ 140.4764907, 35.8125924 ], [ 140.4759896, 35.8124571 ], [ 140.475971500000014, 35.8124777 ], [ 140.4759498, 35.8125153 ], [ 140.475940799999989, 35.8125545 ], [ 140.4759397, 35.8125909 ], [ 140.4759532, 35.8126567 ], [ 140.475970600000011, 35.8127473 ], [ 140.475971, 35.8127661 ] ] ] ] } },
{ "type": "Feature", "properties": { "fid": 481, "field_id": 5615678, "location": "1-4", "field_seq": null, "field_no": "沢字蓬2959", "farmer_cd": "k112", "farmer": "小倉新一", "crop": null, "area": 8.6, "calc_area": 8.96, "remark": 4, "tiban": "2959" }, "geometry": { "type": "MultiPolygon", "coordinates": [ [ [ [ 140.4759896, 35.8124571 ], [ 140.4764907, 35.8125924 ], [ 140.4765303, 35.8125357 ], [ 140.476580500000011, 35.8124794 ], [ 140.476146199999988, 35.8122658 ], [ 140.4761375, 35.8122948 ], [ 140.47611950000001, 35.8123272 ], [ 140.4760794, 35.812374 ], [ 140.476037, 35.8124182 ], [ 140.4759896, 35.8124571 ] ] ] ] } },
{ "type": "Feature", "properties": { "fid": 482, "field_id": 5615679, "location": "1-4", "field_seq": null, "field_no": "沢字蓬2957", "farmer_cd": "k112", "farmer": "小倉新一", "crop": null, "area": 12.8, "calc_area": 15.03, "remark": 4, "tiban": "2957" }, "geometry": { "type": "MultiPolygon", "coordinates": [ [ [ [ 140.476146199999988, 35.8122658 ], [ 140.476580500000011, 35.8124794 ], [ 140.476641199999989, 35.8124358 ], [ 140.47676580000001, 35.8123406 ], [ 140.476805500000012, 35.8123078 ], [ 140.47683, 35.8122816 ], [ 140.4768429, 35.8122672 ], [ 140.4764466, 35.81207 ], [ 140.4764341, 35.8120773 ], [ 140.4762962, 35.8121469 ], [ 140.4762417, 35.8121729 ], [ 140.4762054, 35.8121919 ], [ 140.476179300000013, 35.8122105 ], [ 140.476146199999988, 35.8122658 ] ] ] ] } },
{ "type": "Feature", "properties": { "fid": 483, "field_id": 5615681, "location": "1-4", "field_seq": null, "field_no": "沢字蓬2964", "farmer_cd": "k112", "farmer": "小倉新一", "crop": null, "area": 15.3, "calc_area": 16.92, "remark": 4, "tiban": "2964" }, "geometry": { "type": "MultiPolygon", "coordinates": [ [ [ [ 140.4763126, 35.814405 ], [ 140.4763237, 35.8143475 ], [ 140.4763317, 35.8142754 ], [ 140.4763016, 35.8142022 ], [ 140.4761844, 35.8140378 ], [ 140.47617790000001, 35.813979 ], [ 140.4759226, 35.8139208 ], [ 140.4757712, 35.8138806 ], [ 140.475776, 35.8139034 ], [ 140.47578630000001, 35.8139332 ], [ 140.475831, 35.8140485 ], [ 140.4758583, 35.8141293 ], [ 140.4758756, 35.8142063 ], [ 140.4758894, 35.814266 ], [ 140.4759042, 35.8142844 ], [ 140.475928399999987, 35.8143044 ], [ 140.4759625, 35.8143172 ], [ 140.4760875, 35.8143513 ], [ 140.4763126, 35.814405 ] ] ] ] } },
{ "type": "Feature", "properties": { "fid": 484, "field_id": 5615683, "location": "1-4", "field_seq": null, "field_no": "沢字蓬2963", "farmer_cd": "k112", "farmer": "小倉新一", "crop": null, "area": 16.9, "calc_area": 18.69, "remark": 4, "tiban": "2963" }, "geometry": { "type": "MultiPolygon", "coordinates": [ [ [ [ 140.4757712, 35.8138806 ], [ 140.4759226, 35.8139208 ], [ 140.47617790000001, 35.813979 ], [ 140.476184499999988, 35.8139294 ], [ 140.4762593, 35.8136602 ], [ 140.4762872, 35.8135706 ], [ 140.4761336, 35.8135299 ], [ 140.4758732, 35.8134643 ], [ 140.4758569, 35.8135382 ], [ 140.4758175, 35.8136152 ], [ 140.4757956, 35.813661 ], [ 140.475774800000011, 35.8137258 ], [ 140.4757658, 35.8137861 ], [ 140.4757641, 35.8138247 ], [ 140.4757712, 35.8138806 ] ] ] ] } },
{ "type": "Feature", "properties": { "fid": 485, "field_id": 5615685, "location": "1-4", "field_seq": null, "field_no": "沢字蓬2961", "farmer_cd": "k112", "farmer": "小倉新一", "crop": null, "area": 13.9, "calc_area": 21.35, "remark": 4, "tiban": "2961" }, "geometry": { "type": "MultiPolygon", "coordinates": [ [ [ [ 140.4758741, 35.8131407 ], [ 140.4763533, 35.8132684 ], [ 140.4763725, 35.8131597 ], [ 140.476386100000013, 35.8130852 ], [ 140.4763945, 35.8129668 ], [ 140.4763906, 35.8128833 ], [ 140.475971, 35.8127661 ], [ 140.4759716, 35.8127924 ], [ 140.4759644, 35.8128141 ], [ 140.4759474, 35.8128474 ], [ 140.475927500000012, 35.8128735 ], [ 140.475783400000012, 35.8129438 ], [ 140.4757502, 35.8129625 ], [ 140.4757349, 35.8129734 ], [ 140.4757277, 35.8129908 ], [ 140.47572790000001, 35.8130115 ], [ 140.475748900000013, 35.8130478 ], [ 140.475812, 35.8131001 ], [ 140.4758741, 35.8131407 ] ] ] ] } },
{ "type": "Feature", "properties": { "fid": 486, "field_id": 5615686, "location": "1-4", "field_seq": null, "field_no": "沢字蓬2962", "farmer_cd": "k112", "farmer": "小倉新一", "crop": null, "area": 17.8, "calc_area": 13.59, "remark": 4, "tiban": "2962" }, "geometry": { "type": "MultiPolygon", "coordinates": [ [ [ [ 140.4758732, 35.8134643 ], [ 140.4761336, 35.8135299 ], [ 140.4762872, 35.8135706 ], [ 140.4762992, 35.813532 ], [ 140.476314699999989, 35.8134627 ], [ 140.4763533, 35.8132684 ], [ 140.4758741, 35.8131407 ], [ 140.4759044, 35.8131797 ], [ 140.4759215, 35.8132296 ], [ 140.4759211, 35.8132665 ], [ 140.475895799999989, 35.813353 ], [ 140.4758732, 35.8134643 ] ] ] ] } },
{ "type": "Feature", "properties": { "fid": 487, "field_id": 5615333, "location": "1-4", "field_seq": null, "field_no": "沢字五反田557", "farmer_cd": "k92", "farmer": "小倉道夫", "crop": null, "area": 14.6, "calc_area": 16.51, "remark": 4, "tiban": "557" }, "geometry": { "type": "MultiPolygon", "coordinates": [ [ [ [ 140.4815987, 35.8002545 ], [ 140.481836, 35.8002734 ], [ 140.481892, 35.799862 ], [ 140.4819281, 35.7995883 ], [ 140.481691, 35.7995672 ], [ 140.4816582, 35.7998167 ], [ 140.481601, 35.8002371 ], [ 140.4815987, 35.8002545 ] ] ] ] } },
{ "type": "Feature", "properties": { "fid": 488, "field_id": 5615335, "location": "1-4", "field_seq": null, "field_no": "沢字瀬谷338", "farmer_cd": "k92", "farmer": "小倉道夫", "crop": null, "area": 14.7, "calc_area": 16.97, "remark": 4, "tiban": "338" }, "geometry": { "type": "MultiPolygon", "coordinates": [ [ [ [ 140.4810292, 35.7978386 ], [ 140.4810712, 35.7978281 ], [ 140.481556899999987, 35.7977101 ], [ 140.4817841, 35.7976558 ], [ 140.4818387, 35.7976406 ], [ 140.48176380000001, 35.7974482 ], [ 140.4816277, 35.797482 ], [ 140.48139230000001, 35.7975361 ], [ 140.4811894, 35.7975918 ], [ 140.480974300000014, 35.7976421 ], [ 140.4809999, 35.7977516 ], [ 140.4810292, 35.7978386 ] ] ] ] } },
{ "type": "Feature", "properties": { "fid": 489, "field_id": 5615338, "location": "1-4", "field_seq": null, "field_no": "沢字平山517-1", "farmer_cd": "k92", "farmer": "小倉道夫", "crop": null, "area": 15.1, "calc_area": 13.05, "remark": 4, "tiban": "517-1" }, "geometry": { "type": "MultiPolygon", "coordinates": [ [ [ [ 140.4793856, 35.7977781 ], [ 140.479535700000014, 35.797812 ], [ 140.480111599999987, 35.7979441 ], [ 140.4800581, 35.7977734 ], [ 140.4799802, 35.797551 ], [ 140.479892400000011, 35.7976029 ], [ 140.4797475, 35.7976675 ], [ 140.4796663, 35.7976888 ], [ 140.479404499999987, 35.7977277 ], [ 140.4793856, 35.7977781 ] ] ] ] } },
{ "type": "Feature", "properties": { "fid": 490, "field_id": 5615347, "location": "1-4", "field_seq": null, "field_no": "沢字平山532-1", "farmer_cd": "k92", "farmer": "小倉道夫", "crop": null, "area": 5.9, "calc_area": 4.54, "remark": 4, "tiban": "532-1" }, "geometry": { "type": "MultiPolygon", "coordinates": [ [ [ [ 140.479043499999989, 35.7975739 ], [ 140.4784168, 35.7974465 ], [ 140.478306800000013, 35.7974234 ], [ 140.4782803, 35.797475 ], [ 140.4791059, 35.7976402 ], [ 140.479123, 35.7975867 ], [ 140.479043499999989, 35.7975739 ] ] ] ] } },
{ "type": "Feature", "properties": { "fid": 491, "field_id": 5615359, "location": "1-4", "field_seq": null, "field_no": "沢字五反田556-1", "farmer_cd": "k92", "farmer": "小倉道夫", "crop": null, "area": 7.3, "calc_area": 7.34, "remark": 4, "tiban": "556-1" }, "geometry": { "type": "MultiPolygon", "coordinates": [ [ [ [ 140.4814227, 35.7995398 ], [ 140.481338099999988, 35.8002273 ], [ 140.4814419, 35.8002413 ], [ 140.4814529, 35.8001467 ], [ 140.4814915, 35.7998468 ], [ 140.4815286, 35.7995497 ], [ 140.4814227, 35.7995398 ] ] ] ] } },
{ "type": "Feature", "properties": { "fid": 492, "field_id": 5615361, "location": "1-4", "field_seq": null, "field_no": "沢字平山533-1", "farmer_cd": "k92", "farmer": "小倉道夫", "crop": null, "area": 6.3, "calc_area": 5.25, "remark": 4, "tiban": "533-1" }, "geometry": { "type": "MultiPolygon", "coordinates": [ [ [ [ 140.4785745, 35.7972158 ], [ 140.4784525, 35.7971846 ], [ 140.47839110000001, 35.7971901 ], [ 140.4783343, 35.7973294 ], [ 140.4786517, 35.7974023 ], [ 140.4787136, 35.7972733 ], [ 140.4785745, 35.7972158 ] ] ] ] } },
{ "type": "Feature", "properties": { "fid": 493, "field_id": 5615368, "location": "1-4", "field_seq": null, "field_no": "沢字平山531", "farmer_cd": "k92", "farmer": "小倉道夫", "crop": null, "area": 14.6, "calc_area": 21.08, "remark": 4, "tiban": "531" }, "geometry": { "type": "MultiPolygon", "coordinates": [ [ [ [ 140.4782003, 35.7976991 ], [ 140.478557200000012, 35.7977836 ], [ 140.4790071, 35.7978935 ], [ 140.4790071, 35.7978923 ], [ 140.4790518, 35.7977768 ], [ 140.4791059, 35.7976402 ], [ 140.4782803, 35.797475 ], [ 140.4782003, 35.7976991 ] ] ] ] } },
{ "type": "Feature", "properties": { "fid": 494, "field_id": 5615372, "location": "1-4", "field_seq": null, "field_no": "沢字平山514", "farmer_cd": "k92", "farmer": "小倉道夫", "crop": null, "area": 11.0, "calc_area": 8.02, "remark": 4, "tiban": "514" }, "geometry": { "type": "MultiPolygon", "coordinates": [ [ [ [ 140.480283899999989, 35.7984737 ], [ 140.480268, 35.7984737 ], [ 140.4802309, 35.7984758 ], [ 140.4801965, 35.7984758 ], [ 140.480140799999987, 35.7984801 ], [ 140.4800428, 35.7984758 ], [ 140.47978040000001, 35.7984522 ], [ 140.479775100000012, 35.7984586 ], [ 140.4797725, 35.7984436 ], [ 140.4797948, 35.7983804 ], [ 140.479753100000011, 35.7984891 ], [ 140.4797118, 35.7985966 ], [ 140.4802676, 35.7986332 ], [ 140.4803006, 35.7984355 ], [ 140.4802919, 35.7984737 ], [ 140.480283899999989, 35.7984737 ] ] ] ] } },
{ "type": "Feature", "properties": { "fid": 495, "field_id": 5615375, "location": "1-4", "field_seq": null, "field_no": "沢字瀬谷332", "farmer_cd": "k92", "farmer": "小倉道夫", "crop": null, "area": 14.6, "calc_area": 15.43, "remark": 4, "tiban": "332" }, "geometry": { "type": "MultiPolygon", "coordinates": [ [ [ [ 140.481273, 35.7985544 ], [ 140.4817957, 35.7986041 ], [ 140.4818014, 35.7986041 ], [ 140.4818094, 35.7985516 ], [ 140.4818268, 35.7984279 ], [ 140.480974300000014, 35.7983465 ], [ 140.480949399999986, 35.7985304 ], [ 140.481273, 35.7985544 ] ] ] ] } },
{ "type": "Feature", "properties": { "fid": 496, "field_id": 5615376, "location": "1-4", "field_seq": null, "field_no": "沢字五反田550-1", "farmer_cd": "k92", "farmer": "小倉道夫", "crop": null, "area": 10.8, "calc_area": 10.55, "remark": 4, "tiban": "550-1" }, "geometry": { "type": "MultiPolygon", "coordinates": [ [ [ [ 140.4819475, 35.7995703 ], [ 140.4821655, 35.7995892 ], [ 140.482235800000012, 35.7995846 ], [ 140.4823273, 35.7995772 ], [ 140.482243399999987, 35.7994796 ], [ 140.4822021, 35.7994087 ], [ 140.4821794, 35.7993177 ], [ 140.482167299999986, 35.7991935 ], [ 140.482167299999986, 35.7991381 ], [ 140.4821063, 35.7991381 ], [ 140.4820575, 35.7991361 ], [ 140.482003, 35.7991272 ], [ 140.4819671, 35.7994137 ], [ 140.4819475, 35.7995703 ] ] ] ] } },
{ "type": "Feature", "properties": { "fid": 497, "field_id": 5615384, "location": "1-4", "field_seq": null, "field_no": "沢字瀬谷335-1", "farmer_cd": "k92", "farmer": "小倉道夫", "crop": null, "area": 14.2, "calc_area": 19.94, "remark": 4, "tiban": "335-1" }, "geometry": { "type": "MultiPolygon", "coordinates": [ [ [ [ 140.4810186, 35.7980084 ], [ 140.481566500000014, 35.7980489 ], [ 140.4818742, 35.7980732 ], [ 140.4819182, 35.7977984 ], [ 140.4815553, 35.7978036 ], [ 140.481174399999986, 35.7978204 ], [ 140.4810393, 35.797856 ], [ 140.481032199999987, 35.7979039 ], [ 140.4810186, 35.7980084 ] ] ] ] } },
{ "type": "Feature", "properties": { "fid": 498, "field_id": 5615385, "location": "1-4", "field_seq": null, "field_no": "沢字瀬谷331", "farmer_cd": "k92", "farmer": "小倉道夫", "crop": null, "area": 11.2, "calc_area": 10.05, "remark": 4, "tiban": "331" }, "geometry": { "type": "MultiPolygon", "coordinates": [ [ [ [ 140.4817721, 35.7987825 ], [ 140.4818014, 35.7986041 ], [ 140.4817957, 35.7986041 ], [ 140.481273, 35.7985544 ], [ 140.4812459, 35.7987399 ], [ 140.4814404, 35.7987634 ], [ 140.4816764, 35.7987836 ], [ 140.4817721, 35.7987825 ] ] ] ] } },
{ "type": "Feature", "properties": { "fid": 499, "field_id": 5615390, "location": "1-4", "field_seq": null, "field_no": "沢字瀬谷333", "farmer_cd": "k92", "farmer": "小倉道夫", "crop": null, "area": 14.6, "calc_area": 15.78, "remark": 4, "tiban": "333" }, "geometry": { "type": "MultiPolygon", "coordinates": [ [ [ [ 140.480974300000014, 35.7983465 ], [ 140.4818268, 35.7984279 ], [ 140.4818448, 35.7983001 ], [ 140.4818515, 35.7982475 ], [ 140.4809986, 35.7981626 ], [ 140.480985, 35.7982676 ], [ 140.480974300000014, 35.7983465 ] ] ] ] } },
{ "type": "Feature", "properties": { "fid": 500, "field_id": 5615404, "location": "1-4", "field_seq": null, "field_no": "沢字平山513-2", "farmer_cd": "k92", "farmer": "小倉道夫", "crop": null, "area": 9.9, "calc_area": 8.99, "remark": 4, "tiban": "513-2" }, "geometry": { "type": "MultiPolygon", "coordinates": [ [ [ [ 140.4802676, 35.7986332 ], [ 140.4797118, 35.7985966 ], [ 140.4796823, 35.7986639 ], [ 140.4796442, 35.7987511 ], [ 140.480239899999987, 35.7987844 ], [ 140.4802676, 35.7986332 ] ] ] ] } },
{ "type": "Feature", "properties": { "fid": 501, "field_id": 5615417, "location": "1-4", "field_seq": null, "field_no": "沢字平山533-2", "farmer_cd": "k92", "farmer": "小倉道夫", "crop": null, "area": 2.0, "calc_area": 2.61, "remark": 4, "tiban": "533-2" }, "geometry": { "type": "MultiPolygon", "coordinates": [ [ [ [ 140.4787136, 35.7972733 ], [ 140.4786517, 35.7974023 ], [ 140.478844, 35.7974454 ], [ 140.4788756, 35.7973885 ], [ 140.4789001, 35.7973372 ], [ 140.4788065, 35.797302 ], [ 140.4787136, 35.7972733 ] ] ] ] } },
{ "type": "Feature", "properties": { "fid": 502, "field_id": 5615418, "location": "1-4", "field_seq": null, "field_no": "沢字平山518", "farmer_cd": "k92", "farmer": "小倉道夫", "crop": null, "area": 16.8, "calc_area": 20.06, "remark": 4, "tiban": "518" }, "geometry": { "type": "MultiPolygon", "coordinates": [ [ [ [ 140.4790384, 35.797902 ], [ 140.47908240000001, 35.7979118 ], [ 140.4794402, 35.7979995 ], [ 140.4796287, 35.7980399 ], [ 140.4797343, 35.7980541 ], [ 140.4798618, 35.7980688 ], [ 140.47992210000001, 35.7980721 ], [ 140.4800289, 35.7980599 ], [ 140.4801478, 35.7980439 ], [ 140.480111599999987, 35.7979441 ], [ 140.479535700000014, 35.797812 ], [ 140.4793856, 35.7977781 ], [ 140.4793022, 35.7977592 ], [ 140.4791074, 35.7977095 ], [ 140.47906660000001, 35.7978145 ], [ 140.4790384, 35.797902 ] ] ] ] } },
{ "type": "Feature", "properties": { "fid": 503, "field_id": 5615419, "location": "1-4", "field_seq": null, "field_no": "沢字五反田556-2", "farmer_cd": "k92", "farmer": "小倉道夫", "crop": null, "area": 7.1, "calc_area": 10.04, "remark": 4, "tiban": "556-2" }, "geometry": { "type": "MultiPolygon", "coordinates": [ [ [ [ 140.4814419, 35.8002413 ], [ 140.481581, 35.8002525 ], [ 140.48164220000001, 35.7998128 ], [ 140.4816717, 35.7995638 ], [ 140.4816716, 35.799559 ], [ 140.4815286, 35.7995497 ], [ 140.4814915, 35.7998468 ], [ 140.4814529, 35.8001467 ], [ 140.4814419, 35.8002413 ] ] ] ] } },
{ "type": "Feature", "properties": { "fid": 504, "field_id": 5615421, "location": "1-4", "field_seq": null, "field_no": "沢字平山513-1", "farmer_cd": "k92", "farmer": "小倉道夫", "crop": null, "area": 2.7, "calc_area": 3.63, "remark": 4, "tiban": "513-1" }, "geometry": { "type": "MultiPolygon", "coordinates": [ [ [ [ 140.4796039, 35.7988403 ], [ 140.4801582, 35.7988198 ], [ 140.480239899999987, 35.7987844 ], [ 140.4796442, 35.7987511 ], [ 140.4796379, 35.7987653 ], [ 140.4796039, 35.7988403 ] ] ] ] } },
{ "type": "Feature", "properties": { "fid": 505, "field_id": 5615440, "location": "1-4", "field_seq": null, "field_no": "沢字瀬谷320-3", "farmer_cd": "k92", "farmer": "小倉道夫", "crop": null, "area": 2.8, "calc_area": 2.92, "remark": 4, "tiban": "320-3" }, "geometry": { "type": "MultiPolygon", "coordinates": [ [ [ [ 140.4833968, 35.7964669 ], [ 140.4832925, 35.796469 ], [ 140.4832528, 35.7967296 ], [ 140.4833664, 35.7967381 ], [ 140.4833968, 35.7964669 ] ] ] ] } },
{ "type": "Feature", "properties": { "fid": 506, "field_id": 5615446, "location": "1-4", "field_seq": null, "field_no": "沢字五反田555-1", "farmer_cd": "k92", "farmer": "小倉道夫", "crop": null, "area": 7.1, "calc_area": 5.41, "remark": 4, "tiban": "555-1" }, "geometry": { "type": "MultiPolygon", "coordinates": [ [ [ [ 140.4814011, 35.7997365 ], [ 140.481340100000011, 35.7997345 ], [ 140.481306, 35.7997365 ], [ 140.4812632, 35.7997362 ], [ 140.481262500000014, 35.7998592 ], [ 140.4812575, 35.8000995 ], [ 140.481249600000012, 35.8001914 ], [ 140.4812498, 35.8002154 ], [ 140.481338099999988, 35.8002273 ], [ 140.4814011, 35.7997365 ] ] ] ] } },
{ "type": "Feature", "properties": { "fid": 507, "field_id": 5615453, "location": "1-4", "field_seq": null, "field_no": "沢字瀬谷319", "farmer_cd": "k92", "farmer": "小倉道夫", "crop": null, "area": 15.9, "calc_area": 16.02, "remark": 4, "tiban": "319" }, "geometry": { "type": "MultiPolygon", "coordinates": [ [ [ [ 140.4835324, 35.7969265 ], [ 140.4835531, 35.7967522 ], [ 140.4826534, 35.7966845 ], [ 140.4826358, 35.7968306 ], [ 140.4826402, 35.7968623 ], [ 140.4831697, 35.796901 ], [ 140.4835324, 35.7969265 ] ] ] ] } },
{ "type": "Feature", "properties": { "fid": 508, "field_id": 5615603, "location": "1-4", "field_seq": null, "field_no": "沢字タキ2921", "farmer_cd": "k92", "farmer": "小倉道夫", "crop": null, "area": 18.8, "calc_area": 19.78, "remark": 4, "tiban": "2921" }, "geometry": { "type": "MultiPolygon", "coordinates": [ [ [ [ 140.4796452, 35.805919 ], [ 140.4804313, 35.8061563 ], [ 140.4804729, 35.8061191 ], [ 140.4805212, 35.8060555 ], [ 140.480537199999986, 35.8060138 ], [ 140.4805524, 35.8059745 ], [ 140.4805594, 35.8059323 ], [ 140.4805547, 35.8058913 ], [ 140.4805355, 35.8058143 ], [ 140.4804882, 35.8057301 ], [ 140.4804704, 35.805723 ], [ 140.480419399999988, 35.8057328 ], [ 140.4803283, 35.8057654 ], [ 140.480265300000013, 35.8057875 ], [ 140.4801517, 35.8058178 ], [ 140.4799258, 35.8058665 ], [ 140.4797785, 35.8058942 ], [ 140.4797182, 35.8059095 ], [ 140.4796452, 35.805919 ] ] ] ] } },
{ "type": "Feature", "properties": { "fid": 509, "field_id": 5615605, "location": "1-4", "field_seq": null, "field_no": "沢字タキ609", "farmer_cd": "k92", "farmer": "小倉道夫", "crop": null, "area": 9.6, "calc_area": 11.66, "remark": 4, "tiban": "609" }, "geometry": { "type": "MultiPolygon", "coordinates": [ [ [ [ 140.480637300000012, 35.8043604 ], [ 140.480869500000011, 35.8044381 ], [ 140.4810349, 35.8041094 ], [ 140.481086800000014, 35.8040084 ], [ 140.4810582, 35.8039987 ], [ 140.4808897, 35.8039345 ], [ 140.4808625, 35.8039237 ], [ 140.4806447, 35.8043484 ], [ 140.480637300000012, 35.8043604 ] ] ] ] } },
{ "type": "Feature", "properties": { "fid": 510, "field_id": 5615618, "location": "1-4", "field_seq": null, "field_no": "沢字タキ608-1", "farmer_cd": "k92", "farmer": "小倉道夫", "crop": null, "area": 9.8, "calc_area": 11.34, "remark": 4, "tiban": "608-1" }, "geometry": { "type": "MultiPolygon", "coordinates": [ [ [ [ 140.4803983, 35.8042834 ], [ 140.4804622, 35.8043043 ], [ 140.4806242, 35.8043568 ], [ 140.480742099999986, 35.8041215 ], [ 140.4808055, 35.8039968 ], [ 140.48084, 35.8039285 ], [ 140.480844499999989, 35.8039221 ], [ 140.480616700000013, 35.8038543 ], [ 140.4803983, 35.8042834 ] ] ] ] } },
{ "type": "Feature", "properties": { "fid": 511, "field_id": 5615619, "location": "1-4", "field_seq": null, "field_no": "沢字タキ610", "farmer_cd": "k92", "farmer": "小倉道夫", "crop": null, "area": 14.3, "calc_area": 10.08, "remark": 4, "tiban": "610" }, "geometry": { "type": "MultiPolygon", "coordinates": [ [ [ [ 140.480869500000011, 35.8044381 ], [ 140.4809244, 35.8044564 ], [ 140.4810627, 35.8045048 ], [ 140.481253400000014, 35.804149 ], [ 140.481291700000014, 35.8040784 ], [ 140.481086800000014, 35.8040084 ], [ 140.4810349, 35.8041094 ], [ 140.480869500000011, 35.8044381 ] ] ] ] } },
{ "type": "Feature", "properties": { "fid": 512, "field_id": 5615629, "location": "1-4", "field_seq": null, "field_no": "沢字タキ611-1", "farmer_cd": "k92", "farmer": "小倉道夫", "crop": null, "area": 11.3, "calc_area": 12.0, "remark": 4, "tiban": "611-1" }, "geometry": { "type": "MultiPolygon", "coordinates": [ [ [ [ 140.4808663, 35.8044605 ], [ 140.4806475, 35.8048932 ], [ 140.4806614, 35.804898 ], [ 140.4807088, 35.8049009 ], [ 140.4808046, 35.8049296 ], [ 140.4808319, 35.8049359 ], [ 140.4808581, 35.8049376 ], [ 140.480866, 35.8049318 ], [ 140.4808802, 35.8049026 ], [ 140.480905799999988, 35.8048594 ], [ 140.4809381, 35.8048209 ], [ 140.480988599999989, 35.8047713 ], [ 140.4810477, 35.8047147 ], [ 140.481077199999987, 35.8046801 ], [ 140.4811028, 35.8046369 ], [ 140.481138499999986, 35.8045525 ], [ 140.4808663, 35.8044605 ] ] ] ] } },
{ "type": "Feature", "properties": { "fid": 513, "field_id": 5615641, "location": "1-4", "field_seq": null, "field_no": "沢字宿2967", "farmer_cd": "k92", "farmer": "小倉道夫", "crop": null, "area": 11.4, "calc_area": 12.98, "remark": 4, "tiban": "2967" }, "geometry": { "type": "MultiPolygon", "coordinates": [ [ [ [ 140.4783933, 35.8098816 ], [ 140.4783507, 35.8098767 ], [ 140.4782649, 35.809862 ], [ 140.478121, 35.8098275 ], [ 140.4780235, 35.8098011 ], [ 140.478008499999987, 35.8098129 ], [ 140.4779567, 35.8099211 ], [ 140.4779064, 35.8100591 ], [ 140.477905, 35.8100791 ], [ 140.4779067, 35.8100945 ], [ 140.478187, 35.8101482 ], [ 140.478372, 35.8101537 ], [ 140.4783933, 35.8098816 ] ] ] ] } },
{ "type": "Feature", "properties": { "fid": 514, "field_id": 5615651, "location": "1-4", "field_seq": null, "field_no": "沢字宿2968", "farmer_cd": "k92", "farmer": "小倉道夫", "crop": null, "area": 12.1, "calc_area": 13.81, "remark": 4, "tiban": "2968" }, "geometry": { "type": "MultiPolygon", "coordinates": [ [ [ [ 140.478909, 35.8098455 ], [ 140.4788743, 35.8098518 ], [ 140.478767800000014, 35.8098896 ], [ 140.4787019, 35.8098996 ], [ 140.4786303, 35.8099092 ], [ 140.4785564, 35.8099004 ], [ 140.4783933, 35.8098816 ], [ 140.478372, 35.8101537 ], [ 140.47855, 35.8101727 ], [ 140.4786234, 35.8101607 ], [ 140.4787141, 35.8101377 ], [ 140.4787694, 35.8101341 ], [ 140.4788524, 35.8101427 ], [ 140.478884099999988, 35.8101438 ], [ 140.4788993, 35.8101407 ], [ 140.478909, 35.8098455 ] ] ] ] } },
{ "type": "Feature", "properties": { "fid": 515, "field_id": 5615658, "location": "1-4", "field_seq": null, "field_no": "沢字宿2969", "farmer_cd": "k92", "farmer": "小倉道夫", "crop": null, "area": 5.0, "calc_area": 5.74, "remark": 4, "tiban": "2969" }, "geometry": { "type": "MultiPolygon", "coordinates": [ [ [ [ 140.4791155, 35.809841 ], [ 140.4790639, 35.8098438 ], [ 140.4789806, 35.8098382 ], [ 140.478909, 35.8098455 ], [ 140.4788993, 35.8101407 ], [ 140.4789519, 35.8101299 ], [ 140.4790017, 35.8101252 ], [ 140.479053099999987, 35.8101268 ], [ 140.4790907, 35.810132 ], [ 140.4791155, 35.809841 ] ] ] ] } },
{ "type": "Feature", "properties": { "fid": 516, "field_id": 5615674, "location": "1-4", "field_seq": null, "field_no": "沢字蓬2956", "farmer_cd": "k92", "farmer": "小倉道夫", "crop": null, "area": 19.0, "calc_area": 20.48, "remark": 4, "tiban": "2956" }, "geometry": { "type": "MultiPolygon", "coordinates": [ [ [ [ 140.4764466, 35.81207 ], [ 140.4768429, 35.8122672 ], [ 140.476886799999988, 35.8122183 ], [ 140.476929, 35.8121607 ], [ 140.47697740000001, 35.8120863 ], [ 140.4769992, 35.8120601 ], [ 140.4770704, 35.8119571 ], [ 140.4771173, 35.8118841 ], [ 140.4767053, 35.8116705 ], [ 140.4766871, 35.8117297 ], [ 140.4766435, 35.8117842 ], [ 140.4766291, 35.8118104 ], [ 140.4766167, 35.811849 ], [ 140.476588600000014, 35.811916 ], [ 140.47656760000001, 35.8119574 ], [ 140.4765382, 35.812005 ], [ 140.476516299999986, 35.8120258 ], [ 140.4764951, 35.8120416 ], [ 140.4764606, 35.8120619 ], [ 140.4764466, 35.81207 ] ] ] ] } },
{ "type": "Feature", "properties": { "fid": 517, "field_id": 5615739, "location": "1-4", "field_seq": null, "field_no": "沢字福良芝3036", "farmer_cd": "k92", "farmer": "小倉道夫", "crop": null, "area": 9.7, "calc_area": 9.67, "remark": null, "tiban": "3036" }, "geometry": { "type": "MultiPolygon", "coordinates": [ [ [ [ 140.463346722000011, 35.800940851 ], [ 140.463361778, 35.800990603 ], [ 140.463411599000011, 35.80116496 ], [ 140.463473373, 35.801404851 ], [ 140.463608177, 35.801402511 ], [ 140.463685233, 35.801407015 ], [ 140.463603617, 35.801084397 ], [ 140.463572226999986, 35.800958683 ], [ 140.463472382, 35.800956742 ], [ 140.463395223, 35.800948236 ], [ 140.463346722000011, 35.800940851 ] ] ] ] } },
{ "type": "Feature", "properties": { "fid": 518, "field_id": 5615757, "location": "1-4", "field_seq": null, "field_no": "沢字新堤2040-1", "farmer_cd": "k92", "farmer": "小倉道夫", "crop": null, "area": 11.6, "calc_area": 12.5, "remark": 4, "tiban": "2040-1" }, "geometry": { "type": "MultiPolygon", "coordinates": [ [ [ [ 140.4672962, 35.7986564 ], [ 140.468059399999987, 35.7983822 ], [ 140.4679978, 35.7982432 ], [ 140.4679984, 35.7982388 ], [ 140.4678628, 35.798246 ], [ 140.4678295, 35.7982501 ], [ 140.4676469, 35.7983207 ], [ 140.4674784, 35.7984509 ], [ 140.4672726, 35.7986113 ], [ 140.4672962, 35.7986564 ] ] ] ] } },
{ "type": "Feature", "properties": { "fid": 519, "field_id": 5615770, "location": "1-4", "field_seq": null, "field_no": "沢字新堤2039", "farmer_cd": "k92", "farmer": "小倉道夫", "crop": null, "area": 14.5, "calc_area": 16.57, "remark": 4, "tiban": "2039" }, "geometry": { "type": "MultiPolygon", "coordinates": [ [ [ [ 140.4673876, 35.7988317 ], [ 140.4678728, 35.7986655 ], [ 140.4681637, 35.7985671 ], [ 140.4681271, 35.7984919 ], [ 140.468059399999987, 35.7983822 ], [ 140.4672962, 35.7986564 ], [ 140.4673876, 35.7988317 ] ] ] ] } },
{ "type": "Feature", "properties": { "fid": 520, "field_id": 5616794, "location": "1-4", "field_seq": null, "field_no": "沢字瀬谷337", "farmer_cd": "k92", "farmer": "小倉道夫", "crop": null, "area": 6.9, "calc_area": 5.12, "remark": 4, "tiban": "337" }, "geometry": { "type": "MultiPolygon", "coordinates": [ [ [ [ 140.4811795, 35.7978158 ], [ 140.4819075, 35.7977897 ], [ 140.481928900000014, 35.7976486 ], [ 140.4811795, 35.7978158 ] ] ] ] } },
{ "type": "Feature", "properties": { "fid": 521, "field_id": 5616805, "location": "1-4", "field_seq": null, "field_no": "沢字平山515", "farmer_cd": "k92", "farmer": "小倉道夫", "crop": null, "area": 6.4, "calc_area": 9.06, "remark": 4, "tiban": "515" }, "geometry": { "type": "MultiPolygon", "coordinates": [ [ [ [ 140.479775100000012, 35.7984479 ], [ 140.4802786, 35.7984887 ], [ 140.480318399999987, 35.7982931 ], [ 140.4798281, 35.7982845 ], [ 140.479775100000012, 35.7984479 ] ] ] ] } },
{ "type": "Feature", "properties": { "fid": 522, "field_id": 5616806, "location": "1-4", "field_seq": null, "field_no": "沢字平山516", "farmer_cd": "k92", "farmer": "小倉道夫", "crop": null, "area": 8.2, "calc_area": 10.68, "remark": 4, "tiban": "516" }, "geometry": { "type": "MultiPolygon", "coordinates": [ [ [ [ 140.4798305, 35.7982772 ], [ 140.480318, 35.7983046 ], [ 140.480347200000011, 35.7980359 ], [ 140.479891400000014, 35.7980918 ], [ 140.4798305, 35.7982772 ] ] ] ] } },
{ "type": "Feature", "properties": { "fid": 523, "field_id": 5616807, "location": "1-4", "field_seq": null, "field_no": "沢字平山532-2", "farmer_cd": "k92", "farmer": "小倉道夫", "crop": null, "area": 8.7, "calc_area": 6.85, "remark": 4, "tiban": "532-2" }, "geometry": { "type": "MultiPolygon", "coordinates": [ [ [ [ 140.4783095, 35.7974207 ], [ 140.479121600000013, 35.7975916 ], [ 140.4791415, 35.7975185 ], [ 140.4783333, 35.7973347 ], [ 140.4783095, 35.7974207 ] ] ] ] } },
{ "type": "Feature", "properties": { "fid": 524, "field_id": 5616808, "location": "1-4", "field_seq": null, "field_no": "沢字平山533-3", "farmer_cd": "k92", "farmer": "小倉道夫", "crop": null, "area": 4.3, "calc_area": 1.75, "remark": 4, "tiban": "533-3" }, "geometry": { "type": "MultiPolygon", "coordinates": [ [ [ [ 140.4788433, 35.7974405 ], [ 140.4791505, 35.7975159 ], [ 140.478904699999987, 35.7973422 ], [ 140.4788433, 35.7974405 ] ] ] ] } },
{ "type": "Feature", "properties": { "fid": 525, "field_id": 5616809, "location": "1-4", "field_seq": null, "field_no": "沢字五反田550-4", "farmer_cd": "k92", "farmer": "小倉道夫", "crop": null, "area": 2.0, "calc_area": 1.99, "remark": 4, "tiban": "550-4" }, "geometry": { "type": "MultiPolygon", "coordinates": [ [ [ [ 140.4820063, 35.7991301 ], [ 140.482172100000014, 35.7991381 ], [ 140.482170700000012, 35.799013 ], [ 140.4820145, 35.7990087 ], [ 140.4820063, 35.7991301 ] ] ] ] } },
{ "type": "Feature", "properties": { "fid": 526, "field_id": 5616811, "location": "1-4", "field_seq": null, "field_no": "沢字五反田555-2", "farmer_cd": "k92", "farmer": "小倉道夫", "crop": null, "area": 2.0, "calc_area": 1.87, "remark": 4, "tiban": "555-2" }, "geometry": { "type": "MultiPolygon", "coordinates": [ [ [ [ 140.4812633, 35.7997415 ], [ 140.4813986, 35.7997395 ], [ 140.4814096, 35.7996357 ], [ 140.4812316, 35.799605 ], [ 140.4812633, 35.7997415 ] ] ] ] } },
{ "type": "Feature", "properties": { "fid": 527, "field_id": 5616812, "location": "1-4", "field_seq": null, "field_no": "沢字五反田555-3", "farmer_cd": "k92", "farmer": "小倉道夫", "crop": null, "area": 3.3, "calc_area": 1.56, "remark": 4, "tiban": "555-3" }, "geometry": { "type": "MultiPolygon", "coordinates": [ [ [ [ 140.4812336, 35.799602 ], [ 140.4814092, 35.7996317 ], [ 140.4814189, 35.7995407 ], [ 140.4812287, 35.7995239 ], [ 140.4812336, 35.799602 ] ] ] ] } },
{ "type": "Feature", "properties": { "fid": 528, "field_id": 5616823, "location": "1-4", "field_seq": null, "field_no": "沢字五反田（ヒイゴダ）550-3", "farmer_cd": "k92", "farmer": "小倉道夫", "crop": null, "area": 1.2, "calc_area": 2.52, "remark": 4, "tiban": "550-3" }, "geometry": { "type": "MultiPolygon", "coordinates": [ [ [ [ 140.4820187, 35.799007 ], [ 140.482170700000012, 35.7990142 ], [ 140.4821833, 35.7988498 ], [ 140.4820324, 35.7988404 ], [ 140.4820187, 35.799007 ] ] ] ] } },
{ "type": "Feature", "properties": { "fid": 529, "field_id": 5615183, "location": "1-2　", "field_seq": null, "field_no": "荒北字石ノ下1621", "farmer_cd": "k11", "farmer": "松田満雄", "crop": null, "area": 9.8, "calc_area": 10.52, "remark": 2, "tiban": "1621" }, "geometry": { "type": "MultiPolygon", "coordinates": [ [ [ [ 140.4896349, 35.8227998 ], [ 140.489567599999987, 35.8229591 ], [ 140.489430700000014, 35.8232744 ], [ 140.4896266, 35.8233324 ], [ 140.4897627, 35.823018 ], [ 140.4898311, 35.8228551 ], [ 140.4896649, 35.8228086 ], [ 140.4896349, 35.8227998 ] ] ] ] } },
{ "type": "Feature", "properties": { "fid": 530, "field_id": 5615220, "location": "1-2　", "field_seq": null, "field_no": "荒北字柳田1690", "farmer_cd": "k11", "farmer": "松田満雄", "crop": null, "area": 9.9, "calc_area": 10.19, "remark": 2, "tiban": "1690" }, "geometry": { "type": "MultiPolygon", "coordinates": [ [ [ [ 140.49116380000001, 35.821895 ], [ 140.491255599999988, 35.8218966 ], [ 140.4913668, 35.8218986 ], [ 140.4913698, 35.8213932 ], [ 140.491166600000014, 35.821394 ], [ 140.4911687, 35.8214477 ], [ 140.49116380000001, 35.821895 ] ] ] ] } },
{ "type": "Feature", "properties": { "fid": 531, "field_id": 5614303, "location": "1-5", "field_seq": null, "field_no": "苅毛字庄田1140", "farmer_cd": "k131", "farmer": "菅井武", "crop": null, "area": 9.6, "calc_area": 10.57, "remark": 5, "tiban": "1140" }, "geometry": { "type": "MultiPolygon", "coordinates": [ [ [ [ 140.5023731, 35.7979708 ], [ 140.502444200000014, 35.7978106 ], [ 140.5018523, 35.7976405 ], [ 140.5017895, 35.7978002 ], [ 140.5023731, 35.7979708 ] ] ] ] } },
{ "type": "Feature", "properties": { "fid": 532, "field_id": 5614360, "location": "1-5", "field_seq": null, "field_no": "苅毛字庄田1201", "farmer_cd": "k131", "farmer": "菅井武", "crop": null, "area": 9.3, "calc_area": 10.11, "remark": 5, "tiban": "1201" }, "geometry": { "type": "MultiPolygon", "coordinates": [ [ [ [ 140.4985223, 35.7998827 ], [ 140.4986953, 35.799864 ], [ 140.4987391, 35.799825 ], [ 140.4988701, 35.7997453 ], [ 140.498958, 35.7996936 ], [ 140.498992500000014, 35.799667 ], [ 140.4990373, 35.7996376 ], [ 140.4990546, 35.7996264 ], [ 140.4989319, 35.7995146 ], [ 140.4988961, 35.7994816 ], [ 140.498741599999988, 35.7996008 ], [ 140.49856650000001, 35.7997331 ], [ 140.4984465, 35.7998236 ], [ 140.4985223, 35.7998827 ] ] ] ] } },
{ "type": "Feature", "properties": { "fid": 533, "field_id": 5614363, "location": "1-5", "field_seq": null, "field_no": "苅毛字庄田1183", "farmer_cd": "k131", "farmer": "菅井武", "crop": null, "area": 9.9, "calc_area": 10.99, "remark": 5, "tiban": "1183" }, "geometry": { "type": "MultiPolygon", "coordinates": [ [ [ [ 140.4994428, 35.798383 ], [ 140.499588, 35.7985111 ], [ 140.500052399999987, 35.7981608 ], [ 140.4999872, 35.7981053 ], [ 140.4999056, 35.7980356 ], [ 140.4996927, 35.7981956 ], [ 140.4994428, 35.798383 ] ] ] ] } },
{ "type": "Feature", "properties": { "fid": 534, "field_id": 5614373, "location": "1-5", "field_seq": null, "field_no": "苅毛字和田下1263", "farmer_cd": "k131", "farmer": "菅井武", "crop": null, "area": 9.8, "calc_area": 12.03, "remark": 5, "tiban": "1263" }, "geometry": { "type": "MultiPolygon", "coordinates": [ [ [ [ 140.493458800000013, 35.80148 ], [ 140.4934639, 35.8014834 ], [ 140.4934553, 35.8014876 ], [ 140.493989699999986, 35.8017574 ], [ 140.494115599999986, 35.8016088 ], [ 140.4935851, 35.8013203 ], [ 140.493458800000013, 35.80148 ] ] ] ] } },
{ "type": "Feature", "properties": { "fid": 535, "field_id": 5614394, "location": "1-5", "field_seq": null, "field_no": "苅毛字和田下1260", "farmer_cd": "k131", "farmer": "菅井武", "crop": null, "area": 9.9, "calc_area": 10.99, "remark": 5, "tiban": "1260" }, "geometry": { "type": "MultiPolygon", "coordinates": [ [ [ [ 140.4931258, 35.8019125 ], [ 140.493648799999988, 35.8021805 ], [ 140.493767, 35.8020397 ], [ 140.4932403, 35.8017578 ], [ 140.4931258, 35.8019125 ] ] ] ] } },
{ "type": "Feature", "properties": { "fid": 536, "field_id": 5616642, "location": "1-5", "field_seq": null, "field_no": "苅毛字庄田1202", "farmer_cd": "k131", "farmer": "菅井武", "crop": null, "area": 5.4, "calc_area": 4.46, "remark": 5, "tiban": "1202" }, "geometry": { "type": "MultiPolygon", "coordinates": [ [ [ [ 140.4987098, 35.7998614 ], [ 140.4992356, 35.7997677 ], [ 140.4990563, 35.7996306 ], [ 140.4987098, 35.7998614 ] ] ] ] } },
{ "type": "Feature", "properties": { "fid": 537, "field_id": 5616643, "location": "1-5", "field_seq": null, "field_no": "苅毛字和田下1262", "farmer_cd": "k131", "farmer": "菅井武", "crop": null, "area": 10.0, "calc_area": 9.99, "remark": 5, "tiban": "1262" }, "geometry": { "type": "MultiPolygon", "coordinates": [ [ [ [ 140.493453499999987, 35.8014918 ], [ 140.493353500000012, 35.8016162 ], [ 140.4938794, 35.8018987 ], [ 140.493988, 35.8017547 ], [ 140.493453499999987, 35.8014918 ] ] ] ] } },
{ "type": "Feature", "properties": { "fid": 538, "field_id": 5613564, "location": "1-3", "field_seq": null, "field_no": "岩部字ソリ町3148", "farmer_cd": "k59", "farmer": "菅澤紀子", "crop": null, "area": 10.0, "calc_area": 10.78, "remark": 3, "tiban": "3148" }, "geometry": { "type": "MultiPolygon", "coordinates": [ [ [ [ 140.5024498, 35.8084551 ], [ 140.5026428, 35.8085259 ], [ 140.5026466, 35.8085218 ], [ 140.5028273, 35.8081997 ], [ 140.502851, 35.8081574 ], [ 140.5028993, 35.8080792 ], [ 140.5026968, 35.8080002 ], [ 140.5024498, 35.8084551 ] ] ] ] } },
{ "type": "Feature", "properties": { "fid": 539, "field_id": 5616661, "location": "1-3", "field_seq": null, "field_no": "岩部字ソリ町3149", "farmer_cd": "k59", "farmer": "菅澤紀子", "crop": null, "area": 9.8, "calc_area": 8.76, "remark": 3, "tiban": "3149" }, "geometry": { "type": "MultiPolygon", "coordinates": [ [ [ [ 140.5026562, 35.8085234 ], [ 140.5028182, 35.808586 ], [ 140.503065099999986, 35.8081433 ], [ 140.5028973, 35.8080854 ], [ 140.5026562, 35.8085234 ] ] ] ] } },
{ "type": "Feature", "properties": { "fid": 540, "field_id": 5619788, "location": "1-3", "field_seq": null, "field_no": "岩部西の山3194-1", "farmer_cd": "k59", "farmer": "菅澤紀子", "crop": null, "area": 7.0, "calc_area": 7.9, "remark": null, "tiban": "3194-1" }, "geometry": { "type": "MultiPolygon", "coordinates": [ [ [ [ 140.5015867, 35.8077968 ], [ 140.501661399999989, 35.8079697 ], [ 140.501867299999986, 35.8079121 ], [ 140.502048699999989, 35.8078037 ], [ 140.501931, 35.8076586 ], [ 140.5015867, 35.8077968 ] ] ] ] } },
{ "type": "Feature", "properties": { "fid": 541, "field_id": 5613488, "location": "1-3", "field_seq": null, "field_no": "岩部字ソリ町3154-1", "farmer_cd": "k47", "farmer": "菅澤久", "crop": null, "area": 5.5, "calc_area": 5.69, "remark": 3, "tiban": "3154-1" }, "geometry": { "type": "MultiPolygon", "coordinates": [ [ [ [ 140.5036906, 35.8086751 ], [ 140.503773200000012, 35.8087072 ], [ 140.503823, 35.8087246 ], [ 140.503849, 35.8087329 ], [ 140.503869400000013, 35.8087439 ], [ 140.504015, 35.808482 ], [ 140.503835900000013, 35.8084243 ], [ 140.5038261, 35.8084206 ], [ 140.5037168, 35.8086211 ], [ 140.5036906, 35.8086751 ] ] ] ] } },
{ "type": "Feature", "properties": { "fid": 542, "field_id": 5613563, "location": "1-3", "field_seq": null, "field_no": "岩部字ソリ町3162", "farmer_cd": "k47", "farmer": "菅澤久", "crop": null, "area": 9.9, "calc_area": 10.62, "remark": 3, "tiban": "3162" }, "geometry": { "type": "MultiPolygon", "coordinates": [ [ [ [ 140.5020544, 35.8083349 ], [ 140.5018081, 35.8087993 ], [ 140.5019977, 35.8088689 ], [ 140.502246500000012, 35.8084057 ], [ 140.502220599999987, 35.8083963 ], [ 140.5020544, 35.8083349 ] ] ] ] } },
{ "type": "Feature", "properties": { "fid": 543, "field_id": 5613826, "location": "1-3", "field_seq": null, "field_no": "岩部字神袋3120-1", "farmer_cd": "k47", "farmer": "菅澤久", "crop": null, "area": 7.2, "calc_area": 8.75, "remark": 3, "tiban": "3120-1" }, "geometry": { "type": "MultiPolygon", "coordinates": [ [ [ [ 140.5044588, 35.8066428 ], [ 140.5045352, 35.8066482 ], [ 140.5045992, 35.8066528 ], [ 140.5046385, 35.8066564 ], [ 140.50466320000001, 35.8066601 ], [ 140.5046822, 35.8066619 ], [ 140.5047073, 35.8064404 ], [ 140.5047285, 35.806269 ], [ 140.504668900000013, 35.8062623 ], [ 140.504514, 35.8062451 ], [ 140.5044588, 35.8066428 ] ] ] ] } },
{ "type": "Feature", "properties": { "fid": 544, "field_id": 5613945, "location": "1-3", "field_seq": null, "field_no": "岩部字橋本3123-1", "farmer_cd": "k47", "farmer": "菅澤久", "crop": null, "area": 9.2, "calc_area": 10.91, "remark": 3, "tiban": "3123-1" }, "geometry": { "type": "MultiPolygon", "coordinates": [ [ [ [ 140.5040406, 35.8067316 ], [ 140.5039631, 35.8072642 ], [ 140.5040027, 35.8072652 ], [ 140.5041716, 35.8072658 ], [ 140.504244, 35.8067498 ], [ 140.5040406, 35.8067316 ] ] ] ] } },
{ "type": "Feature", "properties": { "fid": 545, "field_id": 5616679, "location": "1-3", "field_seq": null, "field_no": "岩部字神袋3120-2", "farmer_cd": "k47", "farmer": "菅澤久", "crop": null, "area": 1.4, "calc_area": 1.3, "remark": 3, "tiban": "3120-2" }, "geometry": { "type": "MultiPolygon", "coordinates": [ [ [ [ 140.5044633, 35.8066455 ], [ 140.5044521, 35.8067001 ], [ 140.5046744, 35.8067229 ], [ 140.504685599999988, 35.8066628 ], [ 140.5044633, 35.8066455 ] ] ] ] } },
{ "type": "Feature", "properties": { "fid": 546, "field_id": 5616681, "location": "1-3", "field_seq": null, "field_no": "岩部字ソリ町3154-2", "farmer_cd": "k47", "farmer": "菅澤久", "crop": null, "area": 3.6, "calc_area": 3.98, "remark": 3, "tiban": "3154-2" }, "geometry": { "type": "MultiPolygon", "coordinates": [ [ [ [ 140.5036872, 35.808676 ], [ 140.5035842, 35.8088659 ], [ 140.503773200000012, 35.8089155 ], [ 140.5038705, 35.8087411 ], [ 140.5036872, 35.808676 ] ] ] ] } },
{ "type": "Feature", "properties": { "fid": 547, "field_id": 5613658, "location": "1-2　", "field_seq": null, "field_no": "荒北字備中1927", "farmer_cd": "k7", "farmer": "菅澤康一", "crop": null, "area": 9.7, "calc_area": 10.59, "remark": 2, "tiban": "1927" }, "geometry": { "type": "MultiPolygon", "coordinates": [ [ [ [ 140.4947196, 35.8122898 ], [ 140.4947182, 35.8123241 ], [ 140.4947036, 35.8125371 ], [ 140.4947084, 35.8125387 ], [ 140.4950355, 35.8125541 ], [ 140.4951259, 35.8125568 ], [ 140.4951341, 35.8123022 ], [ 140.4947196, 35.8122898 ] ] ] ] } },
{ "type": "Feature", "properties": { "fid": 548, "field_id": 5615009, "location": "1-2　", "field_seq": null, "field_no": "荒北字向1749", "farmer_cd": "k7", "farmer": "菅澤康一", "crop": null, "area": 9.9, "calc_area": 10.28, "remark": 2, "tiban": "1749" }, "geometry": { "type": "MultiPolygon", "coordinates": [ [ [ [ 140.4937306, 35.8170437 ], [ 140.4938899, 35.8171495 ], [ 140.4941005, 35.8169332 ], [ 140.4942699, 35.8167568 ], [ 140.4941074, 35.8166547 ], [ 140.4940119, 35.816753 ], [ 140.4937306, 35.8170437 ] ] ] ] } },
{ "type": "Feature", "properties": { "fid": 549, "field_id": 5615064, "location": "1-2　", "field_seq": null, "field_no": "荒北字杉山下1775", "farmer_cd": "k7", "farmer": "菅澤康一", "crop": null, "area": 9.7, "calc_area": 11.39, "remark": 2, "tiban": "1775" }, "geometry": { "type": "MultiPolygon", "coordinates": [ [ [ [ 140.4932533, 35.8163449 ], [ 140.4928758, 35.8167478 ], [ 140.493022700000012, 35.8168412 ], [ 140.49305, 35.8168423 ], [ 140.4930652, 35.8168377 ], [ 140.4931011, 35.8168011 ], [ 140.493436300000013, 35.816463 ], [ 140.4933086, 35.8163799 ], [ 140.4932533, 35.8163449 ] ] ] ] } },
{ "type": "Feature", "properties": { "fid": 550, "field_id": 5616563, "location": "1-2　", "field_seq": null, "field_no": "荒北字備中1928", "farmer_cd": "k7", "farmer": "菅澤康一", "crop": null, "area": 9.8, "calc_area": 10.21, "remark": 2, "tiban": "1928" }, "geometry": { "type": "MultiPolygon", "coordinates": [ [ [ [ 140.4947216, 35.8122868 ], [ 140.4951336, 35.8122991 ], [ 140.49514880000001, 35.8120513 ], [ 140.4947368, 35.8120412 ], [ 140.4947216, 35.8122868 ] ] ] ] } },
{ "type": "Feature", "properties": { "fid": 551, "field_id": 5613676, "location": "1-2　", "field_seq": null, "field_no": "苅毛字小池谷1019", "farmer_cd": "k57", "farmer": "菅澤昭", "crop": null, "area": 9.6, "calc_area": 11.15, "remark": 2, "tiban": "1019" }, "geometry": { "type": "MultiPolygon", "coordinates": [ [ [ [ 140.4969865, 35.8080668 ], [ 140.4968456, 35.8079299 ], [ 140.4963663, 35.8082657 ], [ 140.496434599999986, 35.8083316 ], [ 140.496506399999987, 35.8083943 ], [ 140.496725700000013, 35.8082474 ], [ 140.4969865, 35.8080668 ] ] ] ] } },
{ "type": "Feature", "properties": { "fid": 552, "field_id": 5613727, "location": "1-3", "field_seq": null, "field_no": "岩部西の山3194-2", "farmer_cd": "k57", "farmer": "菅澤昭", "crop": null, "area": 12.6, "calc_area": 4.56, "remark": null, "tiban": "3194-2" }, "geometry": { "type": "MultiPolygon", "coordinates": [ [ [ [ 140.5014253, 35.8080585 ], [ 140.501478600000013, 35.8080414 ], [ 140.5016223, 35.8079922 ], [ 140.501663, 35.8079778 ], [ 140.501661, 35.8079637 ], [ 140.501653299999987, 35.8079543 ], [ 140.5016301, 35.8079041 ], [ 140.5015856, 35.8078006 ], [ 140.501367499999986, 35.8078879 ], [ 140.5014253, 35.8080585 ] ] ] ] } },
{ "type": "Feature", "properties": { "fid": 553, "field_id": 5613902, "location": "1-3", "field_seq": null, "field_no": "岩部字橋本3130-1", "farmer_cd": "k57", "farmer": "菅澤昭", "crop": null, "area": 6.9, "calc_area": 7.47, "remark": 3, "tiban": "3130-1" }, "geometry": { "type": "MultiPolygon", "coordinates": [ [ [ [ 140.5035315, 35.8072974 ], [ 140.5033769, 35.8075817 ], [ 140.503458, 35.8076234 ], [ 140.5035382, 35.8076649 ], [ 140.5035767, 35.8076142 ], [ 140.5037185, 35.8073977 ], [ 140.503769, 35.8073139 ], [ 140.5035762, 35.8072988 ], [ 140.5035315, 35.8072974 ] ] ] ] } },
{ "type": "Feature", "properties": { "fid": 554, "field_id": 5613961, "location": "1-3", "field_seq": null, "field_no": "岩部字田島3053", "farmer_cd": "k57", "farmer": "菅澤昭", "crop": null, "area": 9.9, "calc_area": 10.23, "remark": 3, "tiban": "3053" }, "geometry": { "type": "MultiPolygon", "coordinates": [ [ [ [ 140.5047653, 35.8046569 ], [ 140.504962, 35.8046762 ], [ 140.505034599999988, 35.804172 ], [ 140.5048315, 35.8041537 ], [ 140.5047653, 35.8046569 ] ] ] ] } },
{ "type": "Feature", "properties": { "fid": 555, "field_id": 5614056, "location": "1-3", "field_seq": null, "field_no": "岩部字田島3048-2", "farmer_cd": "k57", "farmer": "菅澤昭", "crop": null, "area": 3.4, "calc_area": 3.6, "remark": 3, "tiban": "3048-2" }, "geometry": { "type": "MultiPolygon", "coordinates": [ [ [ [ 140.5040055, 35.8036804 ], [ 140.504271100000011, 35.8037017 ], [ 140.504296, 35.8035744 ], [ 140.504017800000014, 35.8035474 ], [ 140.5040158, 35.8035664 ], [ 140.5040055, 35.8036804 ] ] ] ] } },
{ "type": "Feature", "properties": { "fid": 556, "field_id": 5614170, "location": "1-3", "field_seq": null, "field_no": "岩部字正谷5340", "farmer_cd": "k57", "farmer": "菅澤昭", "crop": null, "area": 20.3, "calc_area": 21.25, "remark": 3, "tiban": "5340" }, "geometry": { "type": "MultiPolygon", "coordinates": [ [ [ [ 140.509008099999988, 35.8045967 ], [ 140.509071799999987, 35.8046576 ], [ 140.5092053, 35.8048135 ], [ 140.509256599999986, 35.8048772 ], [ 140.5093818, 35.8049702 ], [ 140.509752, 35.8047464 ], [ 140.509672099999989, 35.8046722 ], [ 140.509487799999988, 35.8044994 ], [ 140.509438, 35.8044911 ], [ 140.509321300000011, 35.8044863 ], [ 140.509194, 35.8044847 ], [ 140.509104799999989, 35.8044898 ], [ 140.509072, 35.8045181 ], [ 140.5090514, 35.804534 ], [ 140.5090042, 35.8045705 ], [ 140.5090251, 35.8045909 ], [ 140.509008099999988, 35.8045967 ] ] ] ] } },
{ "type": "Feature", "properties": { "fid": 557, "field_id": 5616662, "location": "1-3", "field_seq": null, "field_no": "岩部字田島3045-2", "farmer_cd": "k57", "farmer": "菅澤昭", "crop": null, "area": 2.2, "calc_area": 2.16, "remark": 3, "tiban": "3045-2" }, "geometry": { "type": "MultiPolygon", "coordinates": [ [ [ [ 140.504707700000012, 35.8036151 ], [ 140.5046897, 35.8037155 ], [ 140.5046892, 35.803719 ], [ 140.504898200000014, 35.8037362 ], [ 140.5049137, 35.8036356 ], [ 140.504707700000012, 35.8036151 ] ] ] ] } },
{ "type": "Feature", "properties": { "fid": 558, "field_id": 5616664, "location": "1-3", "field_seq": null, "field_no": "岩部字橋本3131-1", "farmer_cd": "k57", "farmer": "菅澤昭", "crop": null, "area": 9.0, "calc_area": 9.02, "remark": 3, "tiban": "3131-1" }, "geometry": { "type": "MultiPolygon", "coordinates": [ [ [ [ 140.5035454, 35.8076629 ], [ 140.503723400000013, 35.8077663 ], [ 140.5039734, 35.807308 ], [ 140.5037666, 35.80731 ], [ 140.5035454, 35.8076629 ] ] ] ] } },
{ "type": "Feature", "properties": { "fid": 559, "field_id": 5613959, "location": "1-3", "field_seq": null, "field_no": "岩部字田島3044", "farmer_cd": "k60", "farmer": "菅澤正子", "crop": null, "area": 9.9, "calc_area": 10.73, "remark": 3, "tiban": "3044" }, "geometry": { "type": "MultiPolygon", "coordinates": [ [ [ [ 140.5049137, 35.8036356 ], [ 140.5048793, 35.8038593 ], [ 140.504840800000011, 35.8041305 ], [ 140.5050491, 35.804151 ], [ 140.505095, 35.8038699 ], [ 140.505130799999989, 35.8036574 ], [ 140.5049137, 35.8036356 ] ] ] ] } },
{ "type": "Feature", "properties": { "fid": 560, "field_id": 5616663, "location": "1-3", "field_seq": null, "field_no": "岩部字田島3045-1", "farmer_cd": "k60", "farmer": "菅澤正子", "crop": null, "area": 7.7, "calc_area": 8.38, "remark": 3, "tiban": "3045-1" }, "geometry": { "type": "MultiPolygon", "coordinates": [ [ [ [ 140.5046892, 35.803719 ], [ 140.5046286, 35.8041098 ], [ 140.5048046, 35.8041269 ], [ 140.504840800000011, 35.8041305 ], [ 140.5048793, 35.8038593 ], [ 140.504898200000014, 35.8037362 ], [ 140.5046892, 35.803719 ] ] ] ] } },
{ "type": "Feature", "properties": { "fid": 561, "field_id": 5616170, "location": "1-1", "field_seq": null, "field_no": "岩部字大塚3564", "farmer_cd": "k39", "farmer": "菅澤富江", "crop": null, "area": 9.8, "calc_area": 11.49, "remark": 1, "tiban": "3564" }, "geometry": { "type": "MultiPolygon", "coordinates": [ [ [ [ 140.510808200000014, 35.8189868 ], [ 140.5108612, 35.819013 ], [ 140.5110032, 35.8190887 ], [ 140.5110109, 35.8190788 ], [ 140.511192099999988, 35.8188393 ], [ 140.5113244, 35.8186639 ], [ 140.5111319, 35.8185653 ], [ 140.511056200000013, 35.818662 ], [ 140.510808200000014, 35.8189868 ] ] ] ] } },
{ "type": "Feature", "properties": { "fid": 562, "field_id": 5616184, "location": "1-1", "field_seq": null, "field_no": "岩部字大塚3584-1", "farmer_cd": "k39", "farmer": "菅澤富江", "crop": null, "area": 4.0, "calc_area": 4.09, "remark": 1, "tiban": "3584-1" }, "geometry": { "type": "MultiPolygon", "coordinates": [ [ [ [ 140.5122553, 35.8184922 ], [ 140.5124429, 35.818365 ], [ 140.512603500000012, 35.8182726 ], [ 140.512520599999988, 35.8182347 ], [ 140.51243070000001, 35.8181911 ], [ 140.512398499999989, 35.8182315 ], [ 140.5122078, 35.8184676 ], [ 140.5122553, 35.8184922 ] ] ] ] } },
{ "type": "Feature", "properties": { "fid": 563, "field_id": 5616198, "location": "1-1", "field_seq": null, "field_no": "岩部字大塚3581", "farmer_cd": "k39", "farmer": "菅澤富江", "crop": null, "area": 9.8, "calc_area": 10.4, "remark": 1, "tiban": "3581" }, "geometry": { "type": "MultiPolygon", "coordinates": [ [ [ [ 140.5115224, 35.818737 ], [ 140.5118464, 35.8183117 ], [ 140.5117713, 35.8182731 ], [ 140.5116692, 35.8182202 ], [ 140.511554, 35.8183727 ], [ 140.5113509, 35.8186466 ], [ 140.5115224, 35.818737 ] ] ] ] } },
{ "type": "Feature", "properties": { "fid": 564, "field_id": 5616218, "location": "1-1", "field_seq": null, "field_no": "岩部字大塚3582", "farmer_cd": "k39", "farmer": "菅澤富江", "crop": null, "area": 9.8, "calc_area": 10.4, "remark": 1, "tiban": "3582" }, "geometry": { "type": "MultiPolygon", "coordinates": [ [ [ [ 140.511693400000013, 35.818827 ], [ 140.5118491, 35.8186279 ], [ 140.512023699999986, 35.8184026 ], [ 140.5119714, 35.8183758 ], [ 140.5118464, 35.8183117 ], [ 140.5115224, 35.818737 ], [ 140.511693400000013, 35.818827 ] ] ] ] } },
{ "type": "Feature", "properties": { "fid": 565, "field_id": 5616235, "location": "1-1", "field_seq": null, "field_no": "岩部字大塚3585", "farmer_cd": "k39", "farmer": "菅澤富江", "crop": null, "area": 9.8, "calc_area": 10.37, "remark": 1, "tiban": "3585" }, "geometry": { "type": "MultiPolygon", "coordinates": [ [ [ [ 140.5122078, 35.8184676 ], [ 140.512398499999989, 35.8182315 ], [ 140.51243070000001, 35.8181911 ], [ 140.5125459, 35.8180464 ], [ 140.5123678, 35.8179572 ], [ 140.5121322, 35.8182578 ], [ 140.5120379, 35.8183798 ], [ 140.5122078, 35.8184676 ] ] ] ] } },
{ "type": "Feature", "properties": { "fid": 566, "field_id": 5616240, "location": "1-1", "field_seq": null, "field_no": "岩部字大塚3580", "farmer_cd": "k39", "farmer": "菅澤富江", "crop": null, "area": 9.8, "calc_area": 11.65, "remark": 1, "tiban": "3580" }, "geometry": { "type": "MultiPolygon", "coordinates": [ [ [ [ 140.5113509, 35.8186466 ], [ 140.511554, 35.8183727 ], [ 140.5116692, 35.8182202 ], [ 140.5116116, 35.8181903 ], [ 140.511497100000014, 35.8181252 ], [ 140.511444899999987, 35.8181708 ], [ 140.5113979, 35.8182232 ], [ 140.5113412, 35.8182882 ], [ 140.5112704, 35.8183824 ], [ 140.5111502, 35.818543 ], [ 140.5112011, 35.8185677 ], [ 140.5113509, 35.8186466 ] ] ] ] } },
{ "type": "Feature", "properties": { "fid": 567, "field_id": 5616242, "location": "1-1", "field_seq": null, "field_no": "岩部字大塚3583-1", "farmer_cd": "k39", "farmer": "菅澤富江", "crop": null, "area": 4.9, "calc_area": 4.3, "remark": 1, "tiban": "3583-1" }, "geometry": { "type": "MultiPolygon", "coordinates": [ [ [ [ 140.512023699999986, 35.8184026 ], [ 140.5118491, 35.8186279 ], [ 140.5118632, 35.818635 ], [ 140.5119613, 35.8186216 ], [ 140.512054, 35.8186054 ], [ 140.512125700000013, 35.8185793 ], [ 140.5121824, 35.8185475 ], [ 140.512227700000011, 35.8185101 ], [ 140.5121317, 35.8184578 ], [ 140.512023699999986, 35.8184026 ] ] ] ] } },
{ "type": "Feature", "properties": { "fid": 568, "field_id": 5616250, "location": "1-1", "field_seq": null, "field_no": "岩部字大塚3586", "farmer_cd": "k39", "farmer": "菅澤富江", "crop": null, "area": 9.7, "calc_area": 12.06, "remark": 1, "tiban": "3586" }, "geometry": { "type": "MultiPolygon", "coordinates": [ [ [ [ 140.5121663, 35.8178517 ], [ 140.5118339, 35.8182755 ], [ 140.5119767, 35.8183481 ], [ 140.5120379, 35.8183798 ], [ 140.5121322, 35.8182578 ], [ 140.5123678, 35.8179572 ], [ 140.5121663, 35.8178517 ] ] ] ] } },
{ "type": "Feature", "properties": { "fid": 569, "field_id": 5616259, "location": "1-1", "field_seq": null, "field_no": "岩部字大塚3587", "farmer_cd": "k39", "farmer": "菅澤富江", "crop": null, "area": 9.4, "calc_area": 7.59, "remark": 1, "tiban": "3587" }, "geometry": { "type": "MultiPolygon", "coordinates": [ [ [ [ 140.5121663, 35.8178517 ], [ 140.5120772, 35.8178051 ], [ 140.51207, 35.8178077 ], [ 140.512052899999986, 35.8178123 ], [ 140.5120398, 35.8178302 ], [ 140.512017500000013, 35.8178471 ], [ 140.5119862, 35.8178724 ], [ 140.5119728, 35.8178821 ], [ 140.511935599999987, 35.8179183 ], [ 140.5118939, 35.8179654 ], [ 140.511803, 35.8180741 ], [ 140.5117315, 35.8181611 ], [ 140.5116956, 35.8182053 ], [ 140.5118339, 35.8182755 ], [ 140.5121663, 35.8178517 ] ] ] ] } },
{ "type": "Feature", "properties": { "fid": 570, "field_id": 5616272, "location": "1-1", "field_seq": null, "field_no": "岩部字九沢3619", "farmer_cd": "k39", "farmer": "菅澤富江", "crop": null, "area": 9.9, "calc_area": 10.52, "remark": 1, "tiban": "3619" }, "geometry": { "type": "MultiPolygon", "coordinates": [ [ [ [ 140.513648499999988, 35.8173123 ], [ 140.513637100000011, 35.8172618 ], [ 140.5136106, 35.8171466 ], [ 140.512998399999987, 35.8172462 ], [ 140.513027, 35.8173684 ], [ 140.513038099999989, 35.8174108 ], [ 140.513648499999988, 35.8173123 ] ] ] ] } },
{ "type": "Feature", "properties": { "fid": 571, "field_id": 5616284, "location": "1-1", "field_seq": null, "field_no": "岩部字九沢3661", "farmer_cd": "k39", "farmer": "菅澤富江", "crop": null, "area": 9.8, "calc_area": 9.47, "remark": 1, "tiban": "3661" }, "geometry": { "type": "MultiPolygon", "coordinates": [ [ [ [ 140.516305100000011, 35.8178594 ], [ 140.5163115, 35.8178788 ], [ 140.5162891, 35.8179331 ], [ 140.5162913, 35.8179534 ], [ 140.5163178, 35.8180099 ], [ 140.5163565, 35.8180436 ], [ 140.516447199999988, 35.8180862 ], [ 140.5165513, 35.8181076 ], [ 140.5166958, 35.8181127 ], [ 140.516847500000011, 35.8181144 ], [ 140.5168884, 35.8180422 ], [ 140.5163255, 35.8178254 ], [ 140.516305100000011, 35.8178594 ] ] ] ] } },
{ "type": "Feature", "properties": { "fid": 572, "field_id": 5616696, "location": "1-1", "field_seq": null, "field_no": "岩部字大塚3588", "farmer_cd": "k39", "farmer": "菅澤富江", "crop": null, "area": 3.9, "calc_area": 6.76, "remark": 1, "tiban": "3588" }, "geometry": { "type": "MultiPolygon", "coordinates": [ [ [ [ 140.5116973, 35.818207 ], [ 140.5120622, 35.8178 ], [ 140.5116928, 35.817963 ], [ 140.5115155, 35.8181067 ], [ 140.5116973, 35.818207 ] ] ] ] } },
{ "type": "Feature", "properties": { "fid": 573, "field_id": 5616697, "location": "1-2　", "field_seq": null, "field_no": "岩部字清水3460", "farmer_cd": "k39", "farmer": "菅澤富江", "crop": null, "area": 7.5, "calc_area": 7.11, "remark": 2, "tiban": "3460" }, "geometry": { "type": "MultiPolygon", "coordinates": [ [ [ [ 140.5060847, 35.8149005 ], [ 140.5065761, 35.8152136 ], [ 140.5066091, 35.8151722 ], [ 140.5065175, 35.8150296 ], [ 140.5061914, 35.8147908 ], [ 140.5060847, 35.8149005 ] ] ] ] } },
{ "type": "Feature", "properties": { "fid": 574, "field_id": 5614090, "location": "1-3", "field_seq": null, "field_no": "岩部字正谷5302", "farmer_cd": "k46", "farmer": "菅澤良一", "crop": null, "area": 3.2, "calc_area": 2.9, "remark": 3, "tiban": "5302" }, "geometry": { "type": "MultiPolygon", "coordinates": [ [ [ [ 140.5062355, 35.8030113 ], [ 140.506192700000014, 35.8030174 ], [ 140.506109400000014, 35.8030195 ], [ 140.505975799999987, 35.8030133 ], [ 140.5058699, 35.8030174 ], [ 140.5059574, 35.8031135 ], [ 140.5062196, 35.8031019 ], [ 140.5062355, 35.8030113 ] ] ] ] } },
{ "type": "Feature", "properties": { "fid": 575, "field_id": 5614031, "location": "1-5", "field_seq": null, "field_no": "苅毛字常盤下1107", "farmer_cd": "k139", "farmer": "成毛聖美", "crop": null, "area": 9.9, "calc_area": 9.96, "remark": 5, "tiban": "1107" }, "geometry": { "type": "MultiPolygon", "coordinates": [ [ [ [ 140.5030016, 35.8019514 ], [ 140.5030724, 35.8019553 ], [ 140.5032003, 35.8019626 ], [ 140.5032515, 35.8014691 ], [ 140.5030811, 35.8014565 ], [ 140.5030497, 35.8014545 ], [ 140.5030462, 35.8015113 ], [ 140.5030016, 35.8019514 ] ] ] ] } },
{ "type": "Feature", "properties": { "fid": 576, "field_id": 5614048, "location": "1-5", "field_seq": null, "field_no": "苅毛字常盤下1104-1", "farmer_cd": "k139", "farmer": "成毛聖美", "crop": null, "area": 5.4, "calc_area": 6.2, "remark": 5, "tiban": "1104-1" }, "geometry": { "type": "MultiPolygon", "coordinates": [ [ [ [ 140.502370899999988, 35.8019104 ], [ 140.5025235, 35.8019214 ], [ 140.5025827, 35.8019258 ], [ 140.502610299999986, 35.8016383 ], [ 140.502530799999988, 35.8016291 ], [ 140.5023946, 35.8016273 ], [ 140.502370899999988, 35.8019104 ] ] ] ] } },
{ "type": "Feature", "properties": { "fid": 577, "field_id": 5614150, "location": "1-5", "field_seq": null, "field_no": "苅毛字常盤下1105", "farmer_cd": "k139", "farmer": "成毛聖美", "crop": null, "area": 9.7, "calc_area": 10.23, "remark": 5, "tiban": "1105" }, "geometry": { "type": "MultiPolygon", "coordinates": [ [ [ [ 140.5025827, 35.8019258 ], [ 140.502723300000014, 35.801936 ], [ 140.5027867, 35.8019395 ], [ 140.5028317, 35.8015392 ], [ 140.5028432, 35.8014414 ], [ 140.502749200000011, 35.8014354 ], [ 140.5026408, 35.8014273 ], [ 140.5025827, 35.8019258 ] ] ] ] } },
{ "type": "Feature", "properties": { "fid": 578, "field_id": 5614175, "location": "1-5", "field_seq": null, "field_no": "苅毛字常盤下1109", "farmer_cd": "k139", "farmer": "成毛聖美", "crop": null, "area": 4.3, "calc_area": 5.43, "remark": 5, "tiban": "1109" }, "geometry": { "type": "MultiPolygon", "coordinates": [ [ [ [ 140.5034096, 35.801974 ], [ 140.5035784, 35.8019818 ], [ 140.503546199999988, 35.8017509 ], [ 140.5035133, 35.8015401 ], [ 140.5035014, 35.8014872 ], [ 140.5034545, 35.8014828 ], [ 140.503446200000013, 35.8015857 ], [ 140.5034096, 35.801974 ] ] ] ] } },
{ "type": "Feature", "properties": { "fid": 579, "field_id": 5616597, "location": "1-5", "field_seq": null, "field_no": "苅毛字常盤下1108-1", "farmer_cd": "k139", "farmer": "成毛聖美", "crop": null, "area": 5.3, "calc_area": 5.18, "remark": 5, "tiban": "1108-1" }, "geometry": { "type": "MultiPolygon", "coordinates": [ [ [ [ 140.5032003, 35.8019626 ], [ 140.5033655, 35.8019721 ], [ 140.5034096, 35.801974 ], [ 140.503433199999989, 35.801724 ], [ 140.503225500000013, 35.8017194 ], [ 140.5032003, 35.8019626 ] ] ] ] } },
{ "type": "Feature", "properties": { "fid": 580, "field_id": 5616598, "location": "1-5", "field_seq": null, "field_no": "苅毛字常盤下1108-2", "farmer_cd": "k139", "farmer": "成毛聖美", "crop": null, "area": 4.6, "calc_area": 5.09, "remark": 5, "tiban": "1108-2" }, "geometry": { "type": "MultiPolygon", "coordinates": [ [ [ [ 140.503433199999989, 35.801724 ], [ 140.503446200000013, 35.8015857 ], [ 140.5034545, 35.8014828 ], [ 140.5032515, 35.8014691 ], [ 140.503225500000013, 35.8017194 ], [ 140.503433199999989, 35.801724 ] ] ] ] } },
{ "type": "Feature", "properties": { "fid": 581, "field_id": 5614685, "location": "1-5", "field_seq": null, "field_no": "西田部字葛方1018", "farmer_cd": "k74", "farmer": "斉藤政二", "crop": null, "area": 10.0, "calc_area": 10.5, "remark": 5, "tiban": "1018" }, "geometry": { "type": "MultiPolygon", "coordinates": [ [ [ [ 140.50450570000001, 35.7920066 ], [ 140.5043393, 35.7924977 ], [ 140.5045351, 35.7925421 ], [ 140.504705800000011, 35.7920521 ], [ 140.50450570000001, 35.7920066 ] ] ] ] } },
{ "type": "Feature", "properties": { "fid": 582, "field_id": 5614760, "location": "1-5", "field_seq": null, "field_no": "西田部字葛方1019", "farmer_cd": "k74", "farmer": "斉藤政二", "crop": null, "area": 10.0, "calc_area": 10.64, "remark": 5, "tiban": "1019" }, "geometry": { "type": "MultiPolygon", "coordinates": [ [ [ [ 140.5043035, 35.7919607 ], [ 140.504140400000011, 35.7924525 ], [ 140.5043393, 35.7924977 ], [ 140.50450570000001, 35.7920066 ], [ 140.5043035, 35.7919607 ] ] ] ] } },
{ "type": "Feature", "properties": { "fid": 583, "field_id": 5614232, "location": "1-3", "field_seq": null, "field_no": "西田部字浅間2370", "farmer_cd": "k80", "farmer": "斉藤和雄", "crop": null, "area": 14.0, "calc_area": 14.82, "remark": 3, "tiban": "2370" }, "geometry": { "type": "MultiPolygon", "coordinates": [ [ [ [ 140.5063547, 35.7992719 ], [ 140.5063825, 35.799206 ], [ 140.5064175, 35.7991137 ], [ 140.5064788, 35.7990081 ], [ 140.5065394, 35.7989403 ], [ 140.5064342, 35.7985304 ], [ 140.5064309, 35.798531 ], [ 140.5061661, 35.7985738 ], [ 140.5063547, 35.7992719 ] ] ] ] } },
{ "type": "Feature", "properties": { "fid": 584, "field_id": 5614304, "location": "1-3", "field_seq": null, "field_no": "西田部字堀尻2408-1,2", "farmer_cd": "k80", "farmer": "斉藤和雄", "crop": null, "area": 19.4, "calc_area": 20.41, "remark": 3, "tiban": "2408-1,2" }, "geometry": { "type": "MultiPolygon", "coordinates": [ [ [ [ 140.508258500000011, 35.7974575 ], [ 140.5082478, 35.7974714 ], [ 140.5082035, 35.7975126 ], [ 140.5081147, 35.7975735 ], [ 140.508060199999989, 35.7976032 ], [ 140.5079983, 35.7976299 ], [ 140.5079594, 35.7976426 ], [ 140.5079337, 35.7976453 ], [ 140.5078926, 35.7976449 ], [ 140.5078258, 35.797638 ], [ 140.5078181, 35.7979137 ], [ 140.5081765, 35.7979488 ], [ 140.5085094, 35.7977577 ], [ 140.508258500000011, 35.7974575 ] ] ] ] } },
{ "type": "Feature", "properties": { "fid": 585, "field_id": 5614316, "location": "1-5", "field_seq": null, "field_no": "苅毛字庄田1135", "farmer_cd": "k130", "farmer": "斉木紀孝", "crop": null, "area": 10.0, "calc_area": 10.84, "remark": 5, "tiban": "1135" }, "geometry": { "type": "MultiPolygon", "coordinates": [ [ [ [ 140.502117, 35.7986245 ], [ 140.5027031, 35.7987839 ], [ 140.5027364, 35.7987095 ], [ 140.5027756, 35.7986219 ], [ 140.5027154, 35.7986051 ], [ 140.5021864, 35.7984578 ], [ 140.502117, 35.7986245 ] ] ] ] } },
{ "type": "Feature", "properties": { "fid": 586, "field_id": 5614333, "location": "1-5", "field_seq": null, "field_no": "苅毛字庄田1134", "farmer_cd": "k130", "farmer": "斉木紀孝", "crop": null, "area": 10.0, "calc_area": 10.18, "remark": 5, "tiban": "1134" }, "geometry": { "type": "MultiPolygon", "coordinates": [ [ [ [ 140.5020475, 35.7987786 ], [ 140.502634, 35.7989379 ], [ 140.5027031, 35.7987839 ], [ 140.502117, 35.7986245 ], [ 140.502050200000014, 35.7987687 ], [ 140.5020475, 35.7987786 ] ] ] ] } },
{ "type": "Feature", "properties": { "fid": 587, "field_id": 5613979, "location": "1-3", "field_seq": null, "field_no": "岩部字正谷5311", "farmer_cd": "k55", "farmer": "石井義明", "crop": null, "area": 21.4, "calc_area": 22.26, "remark": 3, "tiban": "5311" }, "geometry": { "type": "MultiPolygon", "coordinates": [ [ [ [ 140.506845199999987, 35.8041721 ], [ 140.5070835, 35.8043873 ], [ 140.5070972, 35.8043997 ], [ 140.5071513, 35.8044262 ], [ 140.50717370000001, 35.804443 ], [ 140.507282800000013, 35.8039906 ], [ 140.5073141, 35.8037621 ], [ 140.5070193, 35.8037259 ], [ 140.5069569, 35.8037178 ], [ 140.5069445, 35.8037635 ], [ 140.5069412, 35.8037984 ], [ 140.5068703, 35.804076 ], [ 140.506845199999987, 35.8041721 ] ] ] ] } },
{ "type": "Feature", "properties": { "fid": 588, "field_id": 5614258, "location": "1-5", "field_seq": null, "field_no": "苅毛字庄田1190", "farmer_cd": "k163", "farmer": "石橋一郎", "crop": null, "area": 4.0, "calc_area": 4.01, "remark": null, "tiban": "1190" }, "geometry": { "type": "MultiPolygon", "coordinates": [ [ [ [ 140.499904275, 35.798962968 ], [ 140.499534406, 35.799227424 ], [ 140.499624383999986, 35.799304944 ], [ 140.499730796, 35.799231696 ], [ 140.499793914, 35.799180486 ], [ 140.499822693999988, 35.799155804 ], [ 140.499832537, 35.799133044 ], [ 140.49988938300001, 35.798998312 ], [ 140.499904275, 35.798962968 ] ] ] ] } },
{ "type": "Feature", "properties": { "fid": 589, "field_id": 5614361, "location": "1-5", "field_seq": null, "field_no": "苅毛字庄田1191-3", "farmer_cd": "k163", "farmer": "石橋一郎", "crop": null, "area": 3.7, "calc_area": 3.74, "remark": null, "tiban": "1191-3" }, "geometry": { "type": "MultiPolygon", "coordinates": [ [ [ [ 140.499271161, 35.799767383 ], [ 140.499316188, 35.799744218 ], [ 140.499384937, 35.799699788 ], [ 140.499163173999989, 35.79951029 ], [ 140.499054588, 35.79959036 ], [ 140.499157832, 35.799679913 ], [ 140.499271161, 35.799767383 ] ] ] ] } },
{ "type": "Feature", "properties": { "fid": 590, "field_id": 5614042, "location": "1-5", "field_seq": null, "field_no": "苅毛字常盤下1111", "farmer_cd": "k137", "farmer": "石橋寛紀", "crop": null, "area": 9.8, "calc_area": 10.16, "remark": 5, "tiban": "1111" }, "geometry": { "type": "MultiPolygon", "coordinates": [ [ [ [ 140.503051699999986, 35.8014337 ], [ 140.503097700000012, 35.8014363 ], [ 140.5032546, 35.8014475 ], [ 140.503288700000013, 35.8010643 ], [ 140.5033032, 35.8009416 ], [ 140.5031042, 35.8009305 ], [ 140.503051699999986, 35.8014337 ] ] ] ] } },
{ "type": "Feature", "properties": { "fid": 591, "field_id": 5614117, "location": "1-5", "field_seq": null, "field_no": "苅毛字常盤下1112", "farmer_cd": "k137", "farmer": "石橋寛紀", "crop": null, "area": 9.9, "calc_area": 10.26, "remark": 5, "tiban": "1112" }, "geometry": { "type": "MultiPolygon", "coordinates": [ [ [ [ 140.502845799999989, 35.8014203 ], [ 140.5028611, 35.8014207 ], [ 140.503051699999986, 35.8014337 ], [ 140.5031042, 35.8009305 ], [ 140.503065099999986, 35.8009283 ], [ 140.5029046, 35.8009178 ], [ 140.5028915, 35.8010399 ], [ 140.502845799999989, 35.8014203 ] ] ] ] } },
{ "type": "Feature", "properties": { "fid": 592, "field_id": 5614243, "location": "1-5", "field_seq": null, "field_no": "苅毛字庄田1167", "farmer_cd": "k137", "farmer": "石橋寛紀", "crop": null, "area": 9.9, "calc_area": 9.92, "remark": 5, "tiban": "1167" }, "geometry": { "type": "MultiPolygon", "coordinates": [ [ [ [ 140.50065, 35.7976534 ], [ 140.5010905, 35.7977746 ], [ 140.5011428, 35.7976581 ], [ 140.501156400000013, 35.7976275 ], [ 140.5005712, 35.7974615 ], [ 140.5005021, 35.7976193 ], [ 140.50065, 35.7976534 ] ] ] ] } },
{ "type": "Feature", "properties": { "fid": 593, "field_id": 5614245, "location": "1-5", "field_seq": null, "field_no": "苅毛字庄田1177", "farmer_cd": "k137", "farmer": "石橋寛紀", "crop": null, "area": 5.4, "calc_area": 6.03, "remark": 5, "tiban": "1177" }, "geometry": { "type": "MultiPolygon", "coordinates": [ [ [ [ 140.5002184, 35.7975784 ], [ 140.5003745, 35.7977007 ], [ 140.5004468, 35.7976803 ], [ 140.5005415, 35.7974672 ], [ 140.500608199999988, 35.7973054 ], [ 140.5006032, 35.7973043 ], [ 140.5005433, 35.797339 ], [ 140.5002427, 35.7975601 ], [ 140.5002184, 35.7975784 ] ] ] ] } },
{ "type": "Feature", "properties": { "fid": 594, "field_id": 5614255, "location": "1-5", "field_seq": null, "field_no": "苅毛字庄田1178", "farmer_cd": "k137", "farmer": "石橋寛紀", "crop": null, "area": 9.2, "calc_area": 10.19, "remark": 5, "tiban": "1178" }, "geometry": { "type": "MultiPolygon", "coordinates": [ [ [ [ 140.4999247, 35.7980252 ], [ 140.500183, 35.7978371 ], [ 140.5003013, 35.797755 ], [ 140.5003745, 35.7977007 ], [ 140.5002184, 35.7975784 ], [ 140.5000054, 35.7977391 ], [ 140.499784299999988, 35.7979034 ], [ 140.4999247, 35.7980252 ] ] ] ] } },
{ "type": "Feature", "properties": { "fid": 595, "field_id": 5616605, "location": "1-5", "field_seq": null, "field_no": "苅毛字庄田1168", "farmer_cd": "k137", "farmer": "石橋寛紀", "crop": null, "area": 9.9, "calc_area": 10.75, "remark": 5, "tiban": "1168" }, "geometry": { "type": "MultiPolygon", "coordinates": [ [ [ [ 140.5005021, 35.7976256 ], [ 140.5004305, 35.7977784 ], [ 140.501020399999987, 35.7979501 ], [ 140.501082700000012, 35.7977733 ], [ 140.5005021, 35.7976256 ] ] ] ] } },
{ "type": "Feature", "properties": { "fid": 596, "field_id": 5616606, "location": "1-5", "field_seq": null, "field_no": "苅毛字庄田1169", "farmer_cd": "k137", "farmer": "石橋寛紀", "crop": null, "area": 9.8, "calc_area": 10.04, "remark": 5, "tiban": "1169" }, "geometry": { "type": "MultiPolygon", "coordinates": [ [ [ [ 140.500432100000012, 35.7977803 ], [ 140.5003667, 35.797933 ], [ 140.5009473, 35.7981009 ], [ 140.5010173, 35.7979494 ], [ 140.500432100000012, 35.7977803 ] ] ] ] } },
{ "type": "Feature", "properties": { "fid": 597, "field_id": 5616607, "location": "1-5", "field_seq": null, "field_no": "苅毛字庄田1179", "farmer_cd": "k137", "farmer": "石橋寛紀", "crop": null, "area": 8.7, "calc_area": 7.55, "remark": 5, "tiban": "1179" }, "geometry": { "type": "MultiPolygon", "coordinates": [ [ [ [ 140.4999316, 35.798029 ], [ 140.500076400000012, 35.7981452 ], [ 140.50030670000001, 35.7979457 ], [ 140.5004126, 35.7977235 ], [ 140.500379900000013, 35.797702 ], [ 140.4999316, 35.798029 ] ] ] ] } },
{ "type": "Feature", "properties": { "fid": 598, "field_id": 5613805, "location": "1-5", "field_seq": null, "field_no": "苅毛字常盤下1045", "farmer_cd": "k129", "farmer": "石橋喜美江", "crop": null, "area": 9.7, "calc_area": 10.41, "remark": 5, "tiban": "1045" }, "geometry": { "type": "MultiPolygon", "coordinates": [ [ [ [ 140.5031372, 35.8045879 ], [ 140.5031818, 35.8041962 ], [ 140.5031879, 35.8040913 ], [ 140.5029831, 35.8040762 ], [ 140.502932499999986, 35.8045752 ], [ 140.5030703, 35.8045843 ], [ 140.5031372, 35.8045879 ] ] ] ] } },
{ "type": "Feature", "properties": { "fid": 599, "field_id": 5613856, "location": "1-5", "field_seq": null, "field_no": "苅毛字常盤下1059", "farmer_cd": "k129", "farmer": "石橋喜美江", "crop": null, "area": 9.7, "calc_area": 10.63, "remark": 5, "tiban": "1059" }, "geometry": { "type": "MultiPolygon", "coordinates": [ [ [ [ 140.5026201, 35.8035241 ], [ 140.502609299999989, 35.8036486 ], [ 140.5025722, 35.8040231 ], [ 140.5026356, 35.804028 ], [ 140.5027794, 35.8040389 ], [ 140.5028351, 35.8035388 ], [ 140.5027095, 35.8035303 ], [ 140.5026201, 35.8035241 ] ] ] ] } },
{ "type": "Feature", "properties": { "fid": 600, "field_id": 5614395, "location": "1-5", "field_seq": null, "field_no": "苅毛字和田下1250", "farmer_cd": "k129", "farmer": "石橋喜美江", "crop": null, "area": 9.9, "calc_area": 11.88, "remark": 5, "tiban": "1250" }, "geometry": { "type": "MultiPolygon", "coordinates": [ [ [ [ 140.494625899999988, 35.8020876 ], [ 140.4950552, 35.8023274 ], [ 140.495105, 35.8022798 ], [ 140.495203299999986, 35.8021619 ], [ 140.4951054, 35.8021184 ], [ 140.494673, 35.8018955 ], [ 140.494543, 35.8020522 ], [ 140.4945528, 35.8020592 ], [ 140.494625899999988, 35.8020876 ] ] ] ] } },
{ "type": "Feature", "properties": { "fid": 601, "field_id": 5616650, "location": "1-5", "field_seq": null, "field_no": "苅毛字和田下1249", "farmer_cd": "k129", "farmer": "石橋喜美江", "crop": null, "area": 9.9, "calc_area": 9.76, "remark": 5, "tiban": "1249" }, "geometry": { "type": "MultiPolygon", "coordinates": [ [ [ [ 140.49454320000001, 35.8020618 ], [ 140.494438300000013, 35.8021985 ], [ 140.4949661, 35.8024615 ], [ 140.4950615, 35.8023274 ], [ 140.49454320000001, 35.8020618 ] ] ] ] } },
{ "type": "Feature", "properties": { "fid": 602, "field_id": 5613813, "location": "1-3", "field_seq": null, "field_no": "岩部字田島3051", "farmer_cd": "k58", "farmer": "石橋健一", "crop": null, "area": 9.6, "calc_area": 10.26, "remark": 3, "tiban": "3051" }, "geometry": { "type": "MultiPolygon", "coordinates": [ [ [ [ 140.5043565, 35.8046169 ], [ 140.5045555, 35.8046364 ], [ 140.504630100000014, 35.8041346 ], [ 140.504427, 35.8041153 ], [ 140.5043565, 35.8046169 ] ] ] ] } },
{ "type": "Feature", "properties": { "fid": 603, "field_id": 5613899, "location": "1-3", "field_seq": null, "field_no": "岩部字田島3046", "farmer_cd": "k58", "farmer": "石橋健一", "crop": null, "area": 9.9, "calc_area": 10.16, "remark": 3, "tiban": "3046" }, "geometry": { "type": "MultiPolygon", "coordinates": [ [ [ [ 140.5045034, 35.8035948 ], [ 140.5044876, 35.8036959 ], [ 140.5044287, 35.8040904 ], [ 140.5046286, 35.8041098 ], [ 140.5046897, 35.8037155 ], [ 140.504707700000012, 35.8036151 ], [ 140.504639, 35.8036082 ], [ 140.5045034, 35.8035948 ] ] ] ] } },
{ "type": "Feature", "properties": { "fid": 604, "field_id": 5613873, "location": "1-3", "field_seq": null, "field_no": "岩部字神袋3119", "farmer_cd": "k49", "farmer": "石橋健志", "crop": null, "area": 9.9, "calc_area": 10.47, "remark": 3, "tiban": "3119" }, "geometry": { "type": "MultiPolygon", "coordinates": [ [ [ [ 140.5042465, 35.8067262 ], [ 140.504447, 35.8067431 ], [ 140.504514, 35.8062451 ], [ 140.504384499999986, 35.8062307 ], [ 140.504302, 35.8062227 ], [ 140.5042741, 35.8064797 ], [ 140.5042465, 35.8067262 ] ] ] ] } },
{ "type": "Feature", "properties": { "fid": 605, "field_id": 5613886, "location": "1-3", "field_seq": null, "field_no": "岩部字田島3050", "farmer_cd": "k49", "farmer": "石橋健志", "crop": null, "area": 10.2, "calc_area": 11.01, "remark": 3, "tiban": "3050" }, "geometry": { "type": "MultiPolygon", "coordinates": [ [ [ [ 140.5041393, 35.8045955 ], [ 140.5043167, 35.804613 ], [ 140.5043565, 35.8046169 ], [ 140.504427, 35.8041153 ], [ 140.504223200000013, 35.8040959 ], [ 140.50421080000001, 35.8040948 ], [ 140.504188199999987, 35.8042627 ], [ 140.5041393, 35.8045955 ] ] ] ] } },
{ "type": "Feature", "properties": { "fid": 606, "field_id": 5613949, "location": "1-3", "field_seq": null, "field_no": "岩部字神袋3108", "farmer_cd": "k49", "farmer": "石橋健志", "crop": null, "area": 9.9, "calc_area": 10.78, "remark": 3, "tiban": "3108" }, "geometry": { "type": "MultiPolygon", "coordinates": [ [ [ [ 140.5049495, 35.8062695 ], [ 140.5050158, 35.8057689 ], [ 140.5049018, 35.8057575 ], [ 140.5048061, 35.8057481 ], [ 140.5047346, 35.8062455 ], [ 140.5049495, 35.8062695 ] ] ] ] } },
{ "type": "Feature", "properties": { "fid": 607, "field_id": 5613967, "location": "1-3", "field_seq": null, "field_no": "岩部字神袋3110", "farmer_cd": "k49", "farmer": "石橋健志", "crop": null, "area": 9.9, "calc_area": 10.14, "remark": 3, "tiban": "3110" }, "geometry": { "type": "MultiPolygon", "coordinates": [ [ [ [ 140.5045251, 35.8062221 ], [ 140.5045991, 35.8057277 ], [ 140.504397, 35.8057078 ], [ 140.5043236, 35.8062011 ], [ 140.504465900000014, 35.8062155 ], [ 140.5045251, 35.8062221 ] ] ] ] } },
{ "type": "Feature", "properties": { "fid": 608, "field_id": 5614109, "location": "1-3", "field_seq": null, "field_no": "岩部字正谷5315", "farmer_cd": "k49", "farmer": "石橋健志", "crop": null, "area": 9.5, "calc_area": 9.67, "remark": 3, "tiban": "5315" }, "geometry": { "type": "MultiPolygon", "coordinates": [ [ [ [ 140.5083847, 35.8042517 ], [ 140.5084015, 35.804257 ], [ 140.5084823, 35.8042901 ], [ 140.50851560000001, 35.8042983 ], [ 140.5085421, 35.804303 ], [ 140.508611699999989, 35.8043076 ], [ 140.508634, 35.8043118 ], [ 140.508659099999988, 35.804327 ], [ 140.508691199999987, 35.8041476 ], [ 140.508737, 35.8039843 ], [ 140.5087318, 35.8039732 ], [ 140.5087227, 35.8039664 ], [ 140.5086887, 35.8039633 ], [ 140.508567199999987, 35.8039515 ], [ 140.5085206, 35.8039324 ], [ 140.5084704, 35.8039248 ], [ 140.5083847, 35.8042517 ] ] ] ] } },
{ "type": "Feature", "properties": { "fid": 609, "field_id": 5616675, "location": "1-3", "field_seq": null, "field_no": "岩部字神袋3109-2", "farmer_cd": "k49", "farmer": "石橋健志", "crop": null, "area": 3.7, "calc_area": 3.11, "remark": 3, "tiban": "3109-2" }, "geometry": { "type": "MultiPolygon", "coordinates": [ [ [ [ 140.5048013, 35.8057476 ], [ 140.5045991, 35.8057277 ], [ 140.504576500000013, 35.8058789 ], [ 140.5047812, 35.8058968 ], [ 140.5048013, 35.8057476 ] ] ] ] } },
{ "type": "Feature", "properties": { "fid": 610, "field_id": 5616676, "location": "1-3", "field_seq": null, "field_no": "岩部字神袋3109-1", "farmer_cd": "k49", "farmer": "石橋健志", "crop": null, "area": 6.2, "calc_area": 7.28, "remark": 3, "tiban": "3109-1" }, "geometry": { "type": "MultiPolygon", "coordinates": [ [ [ [ 140.504576500000013, 35.8058789 ], [ 140.5045251, 35.8062221 ], [ 140.5047342, 35.8062455 ], [ 140.5047812, 35.8058968 ], [ 140.504576500000013, 35.8058789 ] ] ] ] } },
{ "type": "Feature", "properties": { "fid": 611, "field_id": 5616688, "location": "1-3", "field_seq": null, "field_no": "岩部字田島3049-1", "farmer_cd": "k49", "farmer": "石橋健志", "crop": null, "area": 8.8, "calc_area": 8.58, "remark": 3, "tiban": "3049-1" }, "geometry": { "type": "MultiPolygon", "coordinates": [ [ [ [ 140.50397190000001, 35.8040734 ], [ 140.5039521, 35.8042708 ], [ 140.5039296, 35.8044387 ], [ 140.50416, 35.8044547 ], [ 140.504188199999987, 35.8042627 ], [ 140.50421080000001, 35.8040948 ], [ 140.50397190000001, 35.8040734 ] ] ] ] } },
{ "type": "Feature", "properties": { "fid": 612, "field_id": 5829273, "location": "1-2　", "field_seq": null, "field_no": "小池谷1013-1", "farmer_cd": "k48", "farmer": "石橋幸雄", "crop": null, "area": 9.0, "calc_area": 9.7, "remark": null, "tiban": "1013-1" }, "geometry": { "type": "MultiPolygon", "coordinates": [ [ [ [ 140.495926, 35.8078724 ], [ 140.4957906, 35.8077625 ], [ 140.495334500000013, 35.8080748 ], [ 140.4954629, 35.8082018 ], [ 140.495926, 35.8078724 ] ] ] ] } },
{ "type": "Feature", "properties": { "fid": 613, "field_id": 5613865, "location": "1-3", "field_seq": null, "field_no": "岩部字苅毛下3187-1", "farmer_cd": "k48", "farmer": "石橋幸雄", "crop": null, "area": 6.4, "calc_area": 6.96, "remark": 3, "tiban": "3187-1" }, "geometry": { "type": "MultiPolygon", "coordinates": [ [ [ [ 140.502477699999986, 35.8066905 ], [ 140.502433, 35.8067763 ], [ 140.502297700000014, 35.8070443 ], [ 140.502347500000013, 35.8070503 ], [ 140.5024381, 35.8070446 ], [ 140.502483500000011, 35.8070345 ], [ 140.5025095, 35.8070002 ], [ 140.502547600000014, 35.8069594 ], [ 140.5025786, 35.8069251 ], [ 140.5026755, 35.8067607 ], [ 140.502477699999986, 35.8066905 ] ] ] ] } },
{ "type": "Feature", "properties": { "fid": 614, "field_id": 5613990, "location": "1-3", "field_seq": null, "field_no": "岩部字西の山3188-1", "farmer_cd": "k48", "farmer": "石橋幸雄", "crop": null, "area": 10.1, "calc_area": 10.1, "remark": null, "tiban": "3188-1" }, "geometry": { "type": "MultiPolygon", "coordinates": [ [ [ [ 140.501946968, 35.807646885 ], [ 140.502060855, 35.807758069 ], [ 140.50207970400001, 35.807775884 ], [ 140.502148304, 35.807698609 ], [ 140.50218755, 35.807656577 ], [ 140.502230356000013, 35.807601982 ], [ 140.502253481, 35.807561235 ], [ 140.50226784, 35.807524718 ], [ 140.502283361, 35.807451757 ], [ 140.502290875, 35.807386008 ], [ 140.502301956, 35.807343178 ], [ 140.502314221, 35.807319217 ], [ 140.502260403, 35.807284871 ], [ 140.502186042, 35.807249445 ], [ 140.502164733, 35.807241539 ], [ 140.502008065000012, 35.807532074 ], [ 140.501946968, 35.807646885 ] ] ] ] } },
{ "type": "Feature", "properties": { "fid": 615, "field_id": 5613995, "location": "1-3", "field_seq": null, "field_no": "岩部字田島3054-1", "farmer_cd": "k48", "farmer": "石橋幸雄", "crop": null, "area": 6.1, "calc_area": 6.39, "remark": 3, "tiban": "3054-1" }, "geometry": { "type": "MultiPolygon", "coordinates": [ [ [ [ 140.5049951, 35.8044598 ], [ 140.5051068, 35.8044743 ], [ 140.505211300000013, 35.804482 ], [ 140.5052513, 35.8041916 ], [ 140.505034599999988, 35.804172 ], [ 140.5049951, 35.8044598 ] ] ] ] } },
{ "type": "Feature", "properties": { "fid": 616, "field_id": 5614015, "location": "1-3", "field_seq": null, "field_no": "岩部字大曲メ3092", "farmer_cd": "k48", "farmer": "石橋幸雄", "crop": null, "area": 10.0, "calc_area": 11.02, "remark": 3, "tiban": "3092" }, "geometry": { "type": "MultiPolygon", "coordinates": [ [ [ [ 140.5049625, 35.8046901 ], [ 140.504887700000012, 35.8052089 ], [ 140.5050918, 35.805229 ], [ 140.5051413, 35.8049275 ], [ 140.5051747, 35.804711 ], [ 140.5049625, 35.8046901 ] ] ] ] } },
{ "type": "Feature", "properties": { "fid": 617, "field_id": 5614123, "location": "1-3", "field_seq": null, "field_no": "岩部字境3013-1", "farmer_cd": "k48", "farmer": "石橋幸雄", "crop": null, "area": 7.9, "calc_area": 8.35, "remark": 3, "tiban": "3013-1" }, "geometry": { "type": "MultiPolygon", "coordinates": [ [ [ [ 140.503962699999988, 35.8009597 ], [ 140.5039899, 35.8009548 ], [ 140.5041411, 35.8009254 ], [ 140.5040644, 35.8006164 ], [ 140.504042199999986, 35.8005365 ], [ 140.5040246, 35.8005393 ], [ 140.503841099999988, 35.8005675 ], [ 140.5038982, 35.800795 ], [ 140.5039325, 35.8009597 ], [ 140.503962699999988, 35.8009597 ] ] ] ] } },
{ "type": "Feature", "properties": { "fid": 618, "field_id": 5616677, "location": "1-3", "field_seq": null, "field_no": "岩部字田島3054-2", "farmer_cd": "k48", "farmer": "石橋幸雄", "crop": null, "area": 3.9, "calc_area": 4.66, "remark": 3, "tiban": "3054-2" }, "geometry": { "type": "MultiPolygon", "coordinates": [ [ [ [ 140.5049999, 35.8044589 ], [ 140.504961900000012, 35.8046775 ], [ 140.5051756, 35.8046948 ], [ 140.5052101, 35.804482 ], [ 140.5049999, 35.8044589 ] ] ] ] } },
{ "type": "Feature", "properties": { "fid": 619, "field_id": 5613914, "location": "1-2　", "field_seq": null, "field_no": "苅毛字小池谷1037", "farmer_cd": "k133", "farmer": "石橋正男", "crop": null, "area": 10.0, "calc_area": 10.85, "remark": 2, "tiban": "1037" }, "geometry": { "type": "MultiPolygon", "coordinates": [ [ [ [ 140.4989478, 35.8075095 ], [ 140.4989098, 35.8076377 ], [ 140.498894799999988, 35.8076878 ], [ 140.499142299999988, 35.8077342 ], [ 140.499455899999987, 35.8077952 ], [ 140.4994877, 35.8078016 ], [ 140.499533500000013, 35.8076312 ], [ 140.4989478, 35.8075095 ] ] ] ] } },
{ "type": "Feature", "properties": { "fid": 620, "field_id": 5613933, "location": "1-2　", "field_seq": null, "field_no": "苅毛字小池谷1039", "farmer_cd": "k133", "farmer": "石橋正男", "crop": null, "area": 5.5, "calc_area": 6.2, "remark": 2, "tiban": "1039" }, "geometry": { "type": "MultiPolygon", "coordinates": [ [ [ [ 140.4989967, 35.8073549 ], [ 140.4993593, 35.8074246 ], [ 140.4994298, 35.8074355 ], [ 140.4994575, 35.8073314 ], [ 140.499463100000014, 35.8072914 ], [ 140.499460699999986, 35.8072711 ], [ 140.49944880000001, 35.8072562 ], [ 140.499425300000013, 35.807248 ], [ 140.4994011, 35.8072481 ], [ 140.4993323, 35.8072604 ], [ 140.499259, 35.8072716 ], [ 140.4991967, 35.8072708 ], [ 140.499128399999989, 35.807261 ], [ 140.49903230000001, 35.8072353 ], [ 140.4989967, 35.8073549 ] ] ] ] } },
{ "type": "Feature", "properties": { "fid": 621, "field_id": 5613960, "location": "1-2　", "field_seq": null, "field_no": "苅毛字小池谷1038", "farmer_cd": "k133", "farmer": "石橋正男", "crop": null, "area": 8.6, "calc_area": 9.13, "remark": 2, "tiban": "1038" }, "geometry": { "type": "MultiPolygon", "coordinates": [ [ [ [ 140.4995453, 35.807566 ], [ 140.499525299999988, 35.8075591 ], [ 140.4995113, 35.8075451 ], [ 140.4995044, 35.807515 ], [ 140.4994869, 35.8074821 ], [ 140.4994648, 35.8074547 ], [ 140.4994298, 35.8074355 ], [ 140.4993593, 35.8074246 ], [ 140.4989967, 35.8073549 ], [ 140.4989478, 35.8075095 ], [ 140.499533500000013, 35.8076312 ], [ 140.4995346, 35.8076269 ], [ 140.4995423, 35.8075833 ], [ 140.4995453, 35.807566 ] ] ] ] } },
{ "type": "Feature", "properties": { "fid": 622, "field_id": 5614024, "location": "1-5", "field_seq": null, "field_no": "苅毛字常盤下1093", "farmer_cd": "k133", "farmer": "石橋正男", "crop": null, "area": 9.9, "calc_area": 10.71, "remark": 5, "tiban": "1093" }, "geometry": { "type": "MultiPolygon", "coordinates": [ [ [ [ 140.502323499999989, 35.8024413 ], [ 140.5025306, 35.8024533 ], [ 140.5025611, 35.8021336 ], [ 140.502582499999988, 35.8019481 ], [ 140.5025105, 35.8019439 ], [ 140.502366, 35.8019333 ], [ 140.5023407, 35.802258 ], [ 140.502323499999989, 35.8024413 ] ] ] ] } },
{ "type": "Feature", "properties": { "fid": 623, "field_id": 5614054, "location": "1-5", "field_seq": null, "field_no": "苅毛字常盤下1092", "farmer_cd": "k133", "farmer": "石橋正男", "crop": null, "area": 9.9, "calc_area": 10.59, "remark": 5, "tiban": "1092" }, "geometry": { "type": "MultiPolygon", "coordinates": [ [ [ [ 140.5025306, 35.8024533 ], [ 140.5025817, 35.8024563 ], [ 140.5027365, 35.8024674 ], [ 140.5027724, 35.8021156 ], [ 140.50279, 35.8019603 ], [ 140.502582499999988, 35.8019481 ], [ 140.5025611, 35.8021336 ], [ 140.5025306, 35.8024533 ] ] ] ] } },
{ "type": "Feature", "properties": { "fid": 624, "field_id": 5614070, "location": "1-5", "field_seq": null, "field_no": "苅毛字常盤下1094", "farmer_cd": "k133", "farmer": "石橋正男", "crop": null, "area": 9.8, "calc_area": 10.44, "remark": 5, "tiban": "1094" }, "geometry": { "type": "MultiPolygon", "coordinates": [ [ [ [ 140.502323499999989, 35.8024413 ], [ 140.5023407, 35.802258 ], [ 140.502366, 35.8019333 ], [ 140.5021626, 35.8019288 ], [ 140.502117, 35.8024279 ], [ 140.502323499999989, 35.8024413 ] ] ] ] } },
{ "type": "Feature", "properties": { "fid": 625, "field_id": 5614082, "location": "1-5", "field_seq": null, "field_no": "苅毛字常盤下1090", "farmer_cd": "k133", "farmer": "石橋正男", "crop": null, "area": 9.9, "calc_area": 10.25, "remark": 5, "tiban": "1090" }, "geometry": { "type": "MultiPolygon", "coordinates": [ [ [ [ 140.502948800000013, 35.8024826 ], [ 140.503009600000013, 35.8024869 ], [ 140.5031476, 35.8024945 ], [ 140.5031878, 35.8020749 ], [ 140.503197300000011, 35.8019843 ], [ 140.5029983, 35.8019726 ], [ 140.502981299999988, 35.8021351 ], [ 140.502948800000013, 35.8024826 ] ] ] ] } },
{ "type": "Feature", "properties": { "fid": 626, "field_id": 5614122, "location": "1-5", "field_seq": null, "field_no": "苅毛字常盤下1065-1", "farmer_cd": "k133", "farmer": "石橋正男", "crop": null, "area": 6.9, "calc_area": 7.13, "remark": 5, "tiban": "1065-1" }, "geometry": { "type": "MultiPolygon", "coordinates": [ [ [ [ 140.5030897, 35.8030328 ], [ 140.5030806, 35.8031268 ], [ 140.5030549, 35.8033629 ], [ 140.503172400000011, 35.8033758 ], [ 140.503272399999986, 35.8033758 ], [ 140.503289, 35.8031549 ], [ 140.5033014, 35.8030477 ], [ 140.5032601, 35.8030449 ], [ 140.5030897, 35.8030328 ] ] ] ] } },
{ "type": "Feature", "properties": { "fid": 627, "field_id": 5614132, "location": "1-5", "field_seq": null, "field_no": "苅毛字常盤下1106", "farmer_cd": "k133", "farmer": "石橋正男", "crop": null, "area": 9.9, "calc_area": 10.64, "remark": 5, "tiban": "1106" }, "geometry": { "type": "MultiPolygon", "coordinates": [ [ [ [ 140.5027867, 35.8019395 ], [ 140.5030016, 35.8019514 ], [ 140.5030462, 35.8015113 ], [ 140.5030497, 35.8014545 ], [ 140.5028432, 35.8014414 ], [ 140.5028317, 35.8015392 ], [ 140.5027867, 35.8019395 ] ] ] ] } },
{ "type": "Feature", "properties": { "fid": 628, "field_id": 5614138, "location": "1-5", "field_seq": null, "field_no": "苅毛字常盤下1091", "farmer_cd": "k133", "farmer": "石橋正男", "crop": null, "area": 9.8, "calc_area": 10.8, "remark": 5, "tiban": "1091" }, "geometry": { "type": "MultiPolygon", "coordinates": [ [ [ [ 140.5027365, 35.8024674 ], [ 140.502948800000013, 35.8024826 ], [ 140.502981299999988, 35.8021351 ], [ 140.5029983, 35.8019726 ], [ 140.50279, 35.8019603 ], [ 140.5027724, 35.8021156 ], [ 140.5027365, 35.8024674 ] ] ] ] } },
{ "type": "Feature", "properties": { "fid": 629, "field_id": 5616637, "location": "1-5", "field_seq": null, "field_no": "苅毛字常盤下1064-1", "farmer_cd": "k133", "farmer": "石橋正男", "crop": null, "area": 4.0, "calc_area": 4.12, "remark": 5, "tiban": "1064-1" }, "geometry": { "type": "MultiPolygon", "coordinates": [ [ [ [ 140.5033014, 35.8030477 ], [ 140.503289, 35.8031549 ], [ 140.5032804, 35.8032476 ], [ 140.5034882, 35.8032522 ], [ 140.5035114, 35.8030617 ], [ 140.5033014, 35.8030477 ] ] ] ] } },
{ "type": "Feature", "properties": { "fid": 630, "field_id": 5616638, "location": "1-5", "field_seq": null, "field_no": "苅毛字常盤下1064-2", "farmer_cd": "k133", "farmer": "石橋正男", "crop": null, "area": 2.9, "calc_area": 2.51, "remark": 5, "tiban": "1064-2" }, "geometry": { "type": "MultiPolygon", "coordinates": [ [ [ [ 140.5032804, 35.8032476 ], [ 140.5032692, 35.8033673 ], [ 140.5034733, 35.8033752 ], [ 140.5034882, 35.8032522 ], [ 140.5032804, 35.8032476 ] ] ] ] } },
{ "type": "Feature", "properties": { "fid": 631, "field_id": 5616639, "location": "1-5", "field_seq": null, "field_no": "苅毛字常盤下1065-2", "farmer_cd": "k133", "farmer": "石橋正男", "crop": null, "area": 3.0, "calc_area": 3.42, "remark": 5, "tiban": "1065-2" }, "geometry": { "type": "MultiPolygon", "coordinates": [ [ [ [ 140.5030607, 35.8033676 ], [ 140.5030433, 35.8035345 ], [ 140.5032492, 35.8035439 ], [ 140.5032637, 35.8033793 ], [ 140.5030607, 35.8033676 ] ] ] ] } },
{ "type": "Feature", "properties": { "fid": 632, "field_id": 5613503, "location": "1-3", "field_seq": null, "field_no": "岩部字ソリ町3150", "farmer_cd": "k158", "farmer": "石橋洋一", "crop": null, "area": 10.0, "calc_area": 12.6, "remark": 3, "tiban": "3150" }, "geometry": { "type": "MultiPolygon", "coordinates": [ [ [ [ 140.5028268, 35.8085916 ], [ 140.503051199999987, 35.8086744 ], [ 140.503079, 35.8086321 ], [ 140.5032018, 35.8084065 ], [ 140.5033027, 35.808227 ], [ 140.5032966, 35.8082217 ], [ 140.5030659, 35.808139 ], [ 140.5028268, 35.8085916 ] ] ] ] } },
{ "type": "Feature", "properties": { "fid": 633, "field_id": 5613559, "location": "1-3", "field_seq": null, "field_no": "岩部字ソリ町3156-1", "farmer_cd": "k158", "farmer": "石橋洋一", "crop": null, "area": 9.6, "calc_area": 9.97, "remark": 3, "tiban": "3156-1" }, "geometry": { "type": "MultiPolygon", "coordinates": [ [ [ [ 140.503197300000011, 35.8087525 ], [ 140.503092400000014, 35.808941 ], [ 140.502958400000011, 35.8091931 ], [ 140.5030941, 35.8092401 ], [ 140.503085700000014, 35.8092568 ], [ 140.5031062, 35.8092637 ], [ 140.503124500000013, 35.8092601 ], [ 140.5031416, 35.8092527 ], [ 140.5033038, 35.8089733 ], [ 140.503390700000011, 35.8088229 ], [ 140.5033765, 35.8088179 ], [ 140.503197300000011, 35.8087525 ] ] ] ] } },
{ "type": "Feature", "properties": { "fid": 634, "field_id": 5613571, "location": "1-3", "field_seq": null, "field_no": "岩部字ソリ町3157", "farmer_cd": "k158", "farmer": "石橋洋一", "crop": null, "area": 10.0, "calc_area": 10.14, "remark": 3, "tiban": "3157" }, "geometry": { "type": "MultiPolygon", "coordinates": [ [ [ [ 140.5030065, 35.8086828 ], [ 140.502927699999987, 35.8088271 ], [ 140.5027632, 35.8091254 ], [ 140.502958400000011, 35.8091931 ], [ 140.503092400000014, 35.808941 ], [ 140.503197300000011, 35.8087525 ], [ 140.5030065, 35.8086828 ] ] ] ] } },
{ "type": "Feature", "properties": { "fid": 635, "field_id": 5613592, "location": "1-3", "field_seq": null, "field_no": "岩部字ソリ町3152", "farmer_cd": "k158", "farmer": "石橋洋一", "crop": null, "area": 9.8, "calc_area": 9.95, "remark": 3, "tiban": "3152" }, "geometry": { "type": "MultiPolygon", "coordinates": [ [ [ [ 140.5032123, 35.8087324 ], [ 140.5034018, 35.8087994 ], [ 140.503576900000013, 35.8084664 ], [ 140.50363870000001, 35.8083491 ], [ 140.5036274, 35.8083448 ], [ 140.503460499999989, 35.8082827 ], [ 140.5033692, 35.8084459 ], [ 140.5032123, 35.8087324 ] ] ] ] } },
{ "type": "Feature", "properties": { "fid": 636, "field_id": 5613760, "location": "1-3", "field_seq": null, "field_no": "岩部字ソリ町3147", "farmer_cd": "k158", "farmer": "石橋洋一", "crop": null, "area": 9.6, "calc_area": 10.14, "remark": 3, "tiban": "3147" }, "geometry": { "type": "MultiPolygon", "coordinates": [ [ [ [ 140.5022596, 35.8083837 ], [ 140.5024498, 35.8084551 ], [ 140.5026968, 35.8080002 ], [ 140.5025411, 35.8079394 ], [ 140.5024694, 35.8080238 ], [ 140.502408, 35.8081121 ], [ 140.502390600000012, 35.8081431 ], [ 140.5022596, 35.8083837 ] ] ] ] } },
{ "type": "Feature", "properties": { "fid": 637, "field_id": 5616682, "location": "1-3", "field_seq": null, "field_no": "岩部字ソリ町3141-1", "farmer_cd": "k158", "farmer": "石橋洋一", "crop": null, "area": 7.4, "calc_area": 7.28, "remark": 3, "tiban": "3141-1" }, "geometry": { "type": "MultiPolygon", "coordinates": [ [ [ [ 140.5034796, 35.8078304 ], [ 140.503271500000011, 35.8081884 ], [ 140.503446, 35.8082525 ], [ 140.503636300000011, 35.8079268 ], [ 140.5034796, 35.8078304 ] ] ] ] } },
{ "type": "Feature", "properties": { "fid": 638, "field_id": 5616684, "location": "1-3", "field_seq": null, "field_no": "岩部字ソリ町3145-1", "farmer_cd": "k158", "farmer": "石橋洋一", "crop": null, "area": 2.8, "calc_area": 3.33, "remark": 3, "tiban": "3145-1" }, "geometry": { "type": "MultiPolygon", "coordinates": [ [ [ [ 140.5026722, 35.8077563 ], [ 140.5025204, 35.807901 ], [ 140.5027, 35.8079762 ], [ 140.502809, 35.8077929 ], [ 140.5026722, 35.8077563 ] ] ] ] } },
{ "type": "Feature", "properties": { "fid": 639, "field_id": 5616685, "location": "1-3", "field_seq": null, "field_no": "岩部字ソリ町3146-3", "farmer_cd": "k158", "farmer": "石橋洋一", "crop": null, "area": 1.2, "calc_area": 2.46, "remark": 3, "tiban": "3146-3" }, "geometry": { "type": "MultiPolygon", "coordinates": [ [ [ [ 140.502258500000011, 35.808207 ], [ 140.5023361, 35.8082409 ], [ 140.502528500000011, 35.8079476 ], [ 140.502508799999987, 35.8079401 ], [ 140.502310599999987, 35.8081008 ], [ 140.502258500000011, 35.808207 ] ] ] ] } },
{ "type": "Feature", "properties": { "fid": 640, "field_id": 5616687, "location": "1-3", "field_seq": null, "field_no": "岩部字ソリ町3151", "farmer_cd": "k158", "farmer": "石橋洋一", "crop": null, "area": 10.1, "calc_area": 8.53, "remark": 3, "tiban": "3151" }, "geometry": { "type": "MultiPolygon", "coordinates": [ [ [ [ 140.503305, 35.8082261 ], [ 140.50305, 35.8086744 ], [ 140.503211099999987, 35.8087326 ], [ 140.503458, 35.8082853 ], [ 140.503305, 35.8082261 ] ] ] ] } },
{ "type": "Feature", "properties": { "fid": 641, "field_id": 5616395, "location": "1-1", "field_seq": null, "field_no": "高萩字太田1306-1", "farmer_cd": "k19", "farmer": "石橋隆", "crop": null, "area": 10.3, "calc_area": 12.11, "remark": 1, "tiban": "1306-1" }, "geometry": { "type": "MultiPolygon", "coordinates": [ [ [ [ 140.5370419, 35.8135655 ], [ 140.5373558, 35.8134888 ], [ 140.537578599999989, 35.8134343 ], [ 140.53751170000001, 35.81324 ], [ 140.5373731, 35.8132734 ], [ 140.5371092, 35.8133381 ], [ 140.536903099999989, 35.8133902 ], [ 140.5370419, 35.8135655 ] ] ] ] } },
{ "type": "Feature", "properties": { "fid": 642, "field_id": 5616441, "location": "1-1", "field_seq": null, "field_no": "高萩字太田1307", "farmer_cd": "k19", "farmer": "石橋隆", "crop": null, "area": 14.7, "calc_area": 17.51, "remark": 1, "tiban": "1307" }, "geometry": { "type": "MultiPolygon", "coordinates": [ [ [ [ 140.5368861, 35.8133728 ], [ 140.5370873, 35.8133226 ], [ 140.537292400000013, 35.8132733 ], [ 140.537457, 35.8132348 ], [ 140.537703599999986, 35.8131731 ], [ 140.537702599999989, 35.813167 ], [ 140.537655300000011, 35.8130341 ], [ 140.5376336, 35.8129803 ], [ 140.5367537, 35.8132054 ], [ 140.536778, 35.8132354 ], [ 140.5368861, 35.8133728 ] ] ] ] } },
{ "type": "Feature", "properties": { "fid": 643, "field_id": 5616442, "location": "1-1", "field_seq": null, "field_no": "高萩字太田1299", "farmer_cd": "k19", "farmer": "石橋隆", "crop": null, "area": 9.3, "calc_area": 10.32, "remark": 1, "tiban": "1299" }, "geometry": { "type": "MultiPolygon", "coordinates": [ [ [ [ 140.5368565, 35.8133835 ], [ 140.5367575, 35.8132601 ], [ 140.5366462, 35.8131197 ], [ 140.5366257, 35.813096 ], [ 140.536496699999987, 35.8132359 ], [ 140.5363927, 35.8133441 ], [ 140.5364022, 35.8133571 ], [ 140.5365327, 35.8135362 ], [ 140.5366151, 35.8134932 ], [ 140.536758099999986, 35.813427 ], [ 140.5368565, 35.8133835 ] ] ] ] } },
{ "type": "Feature", "properties": { "fid": 644, "field_id": 5616464, "location": "1-1", "field_seq": null, "field_no": "高萩字太田1305-1", "farmer_cd": "k19", "farmer": "石橋隆", "crop": null, "area": 5.4, "calc_area": 5.5, "remark": 1, "tiban": "1305-1" }, "geometry": { "type": "MultiPolygon", "coordinates": [ [ [ [ 140.5373558, 35.8134888 ], [ 140.5374088, 35.8136112 ], [ 140.537540799999988, 35.8135741 ], [ 140.5378186, 35.8135062 ], [ 140.5378038, 35.8134565 ], [ 140.53777740000001, 35.8133857 ], [ 140.537578599999989, 35.8134343 ], [ 140.5373558, 35.8134888 ] ] ] ] } },
{ "type": "Feature", "properties": { "fid": 645, "field_id": 5616609, "location": "1-5", "field_seq": null, "field_no": "苅毛字和田下1226-2", "farmer_cd": "k136", "farmer": "石川由美", "crop": null, "area": 4.5, "calc_area": 5.27, "remark": 5, "tiban": "1226-2" }, "geometry": { "type": "MultiPolygon", "coordinates": [ [ [ [ 140.49771290000001, 35.8023631 ], [ 140.4977216, 35.8023545 ], [ 140.4977759, 35.8022966 ], [ 140.497816699999987, 35.8022427 ], [ 140.497836299999989, 35.8022032 ], [ 140.497815800000012, 35.8021658 ], [ 140.497672200000011, 35.8021375 ], [ 140.4975867, 35.8021114 ], [ 140.497556800000012, 35.8021826 ], [ 140.497503, 35.802305 ], [ 140.49771290000001, 35.8023631 ] ] ] ] } },
{ "type": "Feature", "properties": { "fid": 646, "field_id": 5615068, "location": "1-2　", "field_seq": null, "field_no": "荒北字大清水1669", "farmer_cd": "k9", "farmer": "石田正子", "crop": null, "area": 10.0, "calc_area": 11.14, "remark": 2, "tiban": "1669" }, "geometry": { "type": "MultiPolygon", "coordinates": [ [ [ [ 140.4911105, 35.817452 ], [ 140.49073150000001, 35.8178622 ], [ 140.49089810000001, 35.817969 ], [ 140.4910998, 35.8177591 ], [ 140.491208699999987, 35.8176488 ], [ 140.4912846, 35.8175724 ], [ 140.491166099999987, 35.8174959 ], [ 140.4911105, 35.817452 ] ] ] ] } },
{ "type": "Feature", "properties": { "fid": 647, "field_id": 5615164, "location": "1-2　", "field_seq": null, "field_no": "荒北字石ノ下1617", "farmer_cd": "k9", "farmer": "石田正子", "crop": null, "area": 9.9, "calc_area": 10.36, "remark": 2, "tiban": "1617" }, "geometry": { "type": "MultiPolygon", "coordinates": [ [ [ [ 140.4894218, 35.8238256 ], [ 140.4895539, 35.8238636 ], [ 140.489616399999989, 35.8238804 ], [ 140.4897432, 35.8235822 ], [ 140.489820400000013, 35.8234071 ], [ 140.4897704, 35.8233931 ], [ 140.4896243, 35.823351 ], [ 140.489582, 35.8234519 ], [ 140.4894218, 35.8238256 ] ] ] ] } },
{ "type": "Feature", "properties": { "fid": 648, "field_id": 5615233, "location": "1-2　", "field_seq": null, "field_no": "荒北字石ノ下1618", "farmer_cd": "k9", "farmer": "石田正子", "crop": null, "area": 10.0, "calc_area": 12.56, "remark": 2, "tiban": "1618" }, "geometry": { "type": "MultiPolygon", "coordinates": [ [ [ [ 140.489616399999989, 35.8238804 ], [ 140.4898162, 35.8239342 ], [ 140.48987, 35.8239469 ], [ 140.4899285, 35.8237698 ], [ 140.4899826, 35.8236284 ], [ 140.490047800000013, 35.823482 ], [ 140.4900433, 35.8234723 ], [ 140.4900146, 35.8234616 ], [ 140.489820400000013, 35.8234071 ], [ 140.4897432, 35.8235822 ], [ 140.489616399999989, 35.8238804 ] ] ] ] } },
{ "type": "Feature", "properties": { "fid": 649, "field_id": 5615314, "location": "1-2　", "field_seq": null, "field_no": "荒北字石ノ下1607", "farmer_cd": "k9", "farmer": "石田正子", "crop": null, "area": 9.7, "calc_area": 10.41, "remark": 2, "tiban": "1607" }, "geometry": { "type": "MultiPolygon", "coordinates": [ [ [ [ 140.4895977, 35.8244289 ], [ 140.489689199999987, 35.8242212 ], [ 140.4898078, 35.8239538 ], [ 140.4897691, 35.8239419 ], [ 140.4896089, 35.8238986 ], [ 140.489517400000011, 35.8241146 ], [ 140.4894076, 35.8243754 ], [ 140.4895977, 35.8244289 ] ] ] ] } },
{ "type": "Feature", "properties": { "fid": 650, "field_id": 5616655, "location": "1-4", "field_seq": null, "field_no": "沢字天神2947-1", "farmer_cd": "k144", "farmer": "川上亨", "crop": null, "area": 7.3, "calc_area": 6.82, "remark": 4, "tiban": "2947-1" }, "geometry": { "type": "MultiPolygon", "coordinates": [ [ [ [ 140.477243, 35.8100603 ], [ 140.4771834, 35.8101689 ], [ 140.4776703, 35.8102741 ], [ 140.47777450000001, 35.8101465 ], [ 140.477243, 35.8100603 ] ] ] ] } },
{ "type": "Feature", "properties": { "fid": 651, "field_id": 5616656, "location": "1-4", "field_seq": null, "field_no": "沢字天神2947-2", "farmer_cd": "k144", "farmer": "川上亨", "crop": null, "area": 6.7, "calc_area": 9.29, "remark": 4, "tiban": "2947-2" }, "geometry": { "type": "MultiPolygon", "coordinates": [ [ [ [ 140.477189, 35.8101761 ], [ 140.4770517, 35.8103257 ], [ 140.477566700000011, 35.8104441 ], [ 140.4776697, 35.8102735 ], [ 140.477189, 35.8101761 ] ] ] ] } },
{ "type": "Feature", "properties": { "fid": 652, "field_id": 5613764, "location": "1-3", "field_seq": null, "field_no": "岩部字ソリ町3167-2", "farmer_cd": "k43", "farmer": "前林克治", "crop": null, "area": 5.8, "calc_area": 5.71, "remark": 3, "tiban": "3167-2" }, "geometry": { "type": "MultiPolygon", "coordinates": [ [ [ [ 140.5014717, 35.8093867 ], [ 140.5015254, 35.8093523 ], [ 140.501664299999987, 35.8092827 ], [ 140.5017709, 35.8092342 ], [ 140.5017928, 35.8092298 ], [ 140.501872100000014, 35.8090847 ], [ 140.5016833, 35.8090167 ], [ 140.5016683, 35.8090417 ], [ 140.5014717, 35.8093867 ] ] ] ] } },
{ "type": "Feature", "properties": { "fid": 653, "field_id": 5616689, "location": "1-3", "field_seq": null, "field_no": "岩部字田島3049-2", "farmer_cd": "k43", "farmer": "前林克治", "crop": null, "area": 2.2, "calc_area": 3.2, "remark": 3, "tiban": "3049-2" }, "geometry": { "type": "MultiPolygon", "coordinates": [ [ [ [ 140.5039296, 35.8044387 ], [ 140.5039116, 35.8045732 ], [ 140.5041393, 35.8045955 ], [ 140.50416, 35.8044547 ], [ 140.5039296, 35.8044387 ] ] ] ] } },
{ "type": "Feature", "properties": { "fid": 654, "field_id": 5613547, "location": "1-2　", "field_seq": null, "field_no": "岩部字門前3254-2", "farmer_cd": "k31", "farmer": "滝田勝美", "crop": null, "area": 4.2, "calc_area": 4.26, "remark": 2, "tiban": "3254-2" }, "geometry": { "type": "MultiPolygon", "coordinates": [ [ [ [ 140.5009354, 35.8119506 ], [ 140.500743, 35.8118843 ], [ 140.500675199999989, 35.8120234 ], [ 140.5006414, 35.8120875 ], [ 140.5008413, 35.81213 ], [ 140.500866800000011, 35.8120776 ], [ 140.5009354, 35.8119506 ] ] ] ] } },
{ "type": "Feature", "properties": { "fid": 655, "field_id": 5613703, "location": "1-2　", "field_seq": null, "field_no": "岩部字門前3253-2", "farmer_cd": "k31", "farmer": "滝田勝美", "crop": null, "area": 4.7, "calc_area": 4.75, "remark": 2, "tiban": "3253-2" }, "geometry": { "type": "MultiPolygon", "coordinates": [ [ [ [ 140.500442, 35.8120305 ], [ 140.5005713, 35.8120691 ], [ 140.500636899999989, 35.8120865 ], [ 140.5006414, 35.8120875 ], [ 140.500675199999989, 35.8120234 ], [ 140.500743, 35.8118843 ], [ 140.5005827, 35.811829 ], [ 140.500552699999986, 35.8118193 ], [ 140.50046420000001, 35.8119862 ], [ 140.500442, 35.8120305 ] ] ] ] } },
{ "type": "Feature", "properties": { "fid": 656, "field_id": 5613711, "location": "1-2　", "field_seq": null, "field_no": "岩部字卜ケ崎3228", "farmer_cd": "k31", "farmer": "滝田勝美", "crop": null, "area": 9.9, "calc_area": 10.49, "remark": 2, "tiban": "3228" }, "geometry": { "type": "MultiPolygon", "coordinates": [ [ [ [ 140.4984498, 35.8086953 ], [ 140.49905, 35.8088182 ], [ 140.4990733, 35.8087429 ], [ 140.499101200000013, 35.8086517 ], [ 140.498498500000011, 35.808534 ], [ 140.498478299999988, 35.8086017 ], [ 140.4984498, 35.8086953 ] ] ] ] } },
{ "type": "Feature", "properties": { "fid": 657, "field_id": 5614862, "location": "1-2　", "field_seq": null, "field_no": "岩部字津堀3337", "farmer_cd": "k31", "farmer": "滝田勝美", "crop": null, "area": 9.8, "calc_area": 10.67, "remark": 2, "tiban": "3337" }, "geometry": { "type": "MultiPolygon", "coordinates": [ [ [ [ 140.5002397, 35.814909 ], [ 140.500315, 35.8148369 ], [ 140.5003764, 35.8147755 ], [ 140.4999139, 35.8144538 ], [ 140.4998335, 35.8145321 ], [ 140.499779, 35.814592 ], [ 140.5002397, 35.814909 ] ] ] ] } },
{ "type": "Feature", "properties": { "fid": 658, "field_id": 5615002, "location": "1-2　", "field_seq": null, "field_no": "岩部字津堀3355-2", "farmer_cd": "k31", "farmer": "滝田勝美", "crop": null, "area": 9.0, "calc_area": 1.79, "remark": 2, "tiban": "3355-2" }, "geometry": { "type": "MultiPolygon", "coordinates": [ [ [ [ 140.5029029, 35.816348 ], [ 140.5027896, 35.8163469 ], [ 140.5027754, 35.8165043 ], [ 140.5028958, 35.8164977 ], [ 140.5029002, 35.8164013 ], [ 140.5029029, 35.816348 ] ] ] ] } },
{ "type": "Feature", "properties": { "fid": 659, "field_id": 5616182, "location": "1-1", "field_seq": null, "field_no": "岩部字飯土井3527", "farmer_cd": "k31", "farmer": "滝田勝美", "crop": null, "area": 4.8, "calc_area": 5.18, "remark": 1, "tiban": "3527" }, "geometry": { "type": "MultiPolygon", "coordinates": [ [ [ [ 140.5087222, 35.8189326 ], [ 140.5089605, 35.8192359 ], [ 140.5089649, 35.8192217 ], [ 140.5089687, 35.8191734 ], [ 140.508987100000013, 35.8191415 ], [ 140.5089839, 35.8190368 ], [ 140.5089796, 35.8189988 ], [ 140.5089661, 35.8189589 ], [ 140.5089187, 35.8188836 ], [ 140.5088958, 35.8188469 ], [ 140.5088887, 35.8188451 ], [ 140.5088786, 35.8188483 ], [ 140.5088493, 35.8188591 ], [ 140.5087222, 35.8189326 ] ] ] ] } },
{ "type": "Feature", "properties": { "fid": 660, "field_id": 5616192, "location": "1-1", "field_seq": null, "field_no": "岩部字飯土井3526", "farmer_cd": "k31", "farmer": "滝田勝美", "crop": null, "area": 6.1, "calc_area": 8.27, "remark": 1, "tiban": "3526" }, "geometry": { "type": "MultiPolygon", "coordinates": [ [ [ [ 140.5088955, 35.8194244 ], [ 140.5089605, 35.8192359 ], [ 140.5087222, 35.8189326 ], [ 140.5085571, 35.8190262 ], [ 140.5087268, 35.8192344 ], [ 140.5088955, 35.8194244 ] ] ] ] } },
{ "type": "Feature", "properties": { "fid": 661, "field_id": 5616247, "location": "1-1", "field_seq": null, "field_no": "岩部字飯土井3510", "farmer_cd": "k31", "farmer": "滝田勝美", "crop": null, "area": 9.9, "calc_area": 10.54, "remark": 1, "tiban": "3510" }, "geometry": { "type": "MultiPolygon", "coordinates": [ [ [ [ 140.5079988, 35.8186713 ], [ 140.5081748, 35.8185758 ], [ 140.507828100000012, 35.8181638 ], [ 140.5076545, 35.8182601 ], [ 140.5079988, 35.8186713 ] ] ] ] } },
{ "type": "Feature", "properties": { "fid": 662, "field_id": 5616783, "location": "1-2　", "field_seq": null, "field_no": "岩部字飯土井3482-1", "farmer_cd": "k31", "farmer": "滝田勝美", "crop": null, "area": 6.7, "calc_area": 6.81, "remark": 2, "tiban": "3482-1" }, "geometry": { "type": "MultiPolygon", "coordinates": [ [ [ [ 140.506930899999986, 35.8163966 ], [ 140.507006, 35.8168768 ], [ 140.5071845, 35.8168606 ], [ 140.5071778, 35.8167673 ], [ 140.5069993, 35.8163844 ], [ 140.506930899999986, 35.8163966 ] ] ] ] } },
{ "type": "Feature", "properties": { "fid": 663, "field_id": 5616784, "location": "1-1", "field_seq": null, "field_no": "岩部字飯土井3511-1", "farmer_cd": "k31", "farmer": "滝田勝美", "crop": null, "area": 8.0, "calc_area": 9.21, "remark": 1, "tiban": "3511-1" }, "geometry": { "type": "MultiPolygon", "coordinates": [ [ [ [ 140.5081748, 35.8185758 ], [ 140.5082103, 35.8185566 ], [ 140.508348899999987, 35.8184774 ], [ 140.508280500000012, 35.8184041 ], [ 140.5082301, 35.8183467 ], [ 140.5081371, 35.8182171 ], [ 140.5080668, 35.8181266 ], [ 140.507866, 35.8182089 ], [ 140.5081748, 35.8185758 ] ] ] ] } },
{ "type": "Feature", "properties": { "fid": 664, "field_id": 5616785, "location": "1-1", "field_seq": null, "field_no": "岩部字飯土井3511-2", "farmer_cd": "k31", "farmer": "滝田勝美", "crop": null, "area": 1.1, "calc_area": 1.43, "remark": 1, "tiban": "3511-2" }, "geometry": { "type": "MultiPolygon", "coordinates": [ [ [ [ 140.5080668, 35.8181266 ], [ 140.508031499999987, 35.8180812 ], [ 140.5080246, 35.8180711 ], [ 140.5080121, 35.8180712 ], [ 140.507992, 35.8180827 ], [ 140.5079594, 35.8181013 ], [ 140.5079384, 35.8181027 ], [ 140.507828100000012, 35.8181638 ], [ 140.507866, 35.8182089 ], [ 140.5080668, 35.8181266 ] ] ] ] } },
{ "type": "Feature", "properties": { "fid": 665, "field_id": 5616786, "location": "1-2　", "field_seq": null, "field_no": "岩部字門前3254-1", "farmer_cd": "k31", "farmer": "滝田勝美", "crop": null, "area": 3.6, "calc_area": 3.54, "remark": 2, "tiban": "3254-1" }, "geometry": { "type": "MultiPolygon", "coordinates": [ [ [ [ 140.5006488, 35.8120923 ], [ 140.5005788, 35.8122711 ], [ 140.5007565, 35.8123044 ], [ 140.500842, 35.8121339 ], [ 140.5006488, 35.8120923 ] ] ] ] } },
{ "type": "Feature", "properties": { "fid": 666, "field_id": 5616654, "location": "1-4", "field_seq": null, "field_no": "沢字馬渡3056", "farmer_cd": "k109", "farmer": "中村春雄", "crop": null, "area": 13.5, "calc_area": 12.81, "remark": 4, "tiban": "3056" }, "geometry": { "type": "MultiPolygon", "coordinates": [ [ [ [ 140.4600691, 35.8046679 ], [ 140.4605497, 35.8051934 ], [ 140.4606935, 35.8049237 ], [ 140.4602021, 35.8046418 ], [ 140.4600691, 35.8046679 ] ] ] ] } },
{ "type": "Feature", "properties": { "fid": 667, "field_id": 5616438, "location": "1-1", "field_seq": null, "field_no": "高萩字小山1285", "farmer_cd": "k23", "farmer": "椎名啓祥", "crop": null, "area": 14.3, "calc_area": 17.55, "remark": 1, "tiban": "1285" }, "geometry": { "type": "MultiPolygon", "coordinates": [ [ [ [ 140.535530599999987, 35.8143574 ], [ 140.535478500000011, 35.8144021 ], [ 140.535248, 35.8145907 ], [ 140.534940400000011, 35.8148406 ], [ 140.5351233, 35.8149887 ], [ 140.5357161, 35.8145016 ], [ 140.535530599999987, 35.8143574 ] ] ] ] } },
{ "type": "Feature", "properties": { "fid": 668, "field_id": 5616488, "location": "1-1", "field_seq": null, "field_no": "高萩字廣町1759", "farmer_cd": "k23", "farmer": "椎名啓祥", "crop": null, "area": 19.5, "calc_area": 20.06, "remark": 1, "tiban": "1759" }, "geometry": { "type": "MultiPolygon", "coordinates": [ [ [ [ 140.5434294, 35.8100284 ], [ 140.5434966, 35.8098279 ], [ 140.5435603, 35.8096398 ], [ 140.543543699999987, 35.8096246 ], [ 140.543534, 35.8095979 ], [ 140.5432142, 35.8094622 ], [ 140.5431729, 35.8094808 ], [ 140.5431548, 35.8094788 ], [ 140.543086499999987, 35.8096883 ], [ 140.543051600000013, 35.8097937 ], [ 140.543014, 35.8099145 ], [ 140.543052, 35.8099315 ], [ 140.5430905, 35.8099424 ], [ 140.5431706, 35.8099594 ], [ 140.5432529, 35.8099721 ], [ 140.5432964, 35.8099818 ], [ 140.543385699999988, 35.8100119 ], [ 140.5434294, 35.8100284 ] ] ] ] } },
{ "type": "Feature", "properties": { "fid": 669, "field_id": 5616509, "location": "1-1", "field_seq": null, "field_no": "高萩字廣町1760", "farmer_cd": "k23", "farmer": "椎名啓祥", "crop": null, "area": 11.9, "calc_area": 12.4, "remark": 1, "tiban": "1760" }, "geometry": { "type": "MultiPolygon", "coordinates": [ [ [ [ 140.5438347, 35.8097384 ], [ 140.5436139, 35.8096368 ], [ 140.5435673, 35.8096463 ], [ 140.5435603, 35.8096398 ], [ 140.5434966, 35.8098279 ], [ 140.5434294, 35.8100284 ], [ 140.543500200000011, 35.8100551 ], [ 140.543602600000014, 35.8100914 ], [ 140.5436823, 35.8101283 ], [ 140.5437019, 35.8101388 ], [ 140.5438347, 35.8097384 ] ] ] ] } },
{ "type": "Feature", "properties": { "fid": 670, "field_id": 5616516, "location": "1-1", "field_seq": null, "field_no": "高萩字谷堤七町1701", "farmer_cd": "k23", "farmer": "椎名啓祥", "crop": null, "area": 21.9, "calc_area": 22.49, "remark": 1, "tiban": "1701" }, "geometry": { "type": "MultiPolygon", "coordinates": [ [ [ [ 140.5439264, 35.8071758 ], [ 140.54392, 35.8072152 ], [ 140.5439072, 35.8072611 ], [ 140.543875500000013, 35.8073316 ], [ 140.5438341, 35.8073825 ], [ 140.5438164, 35.8074148 ], [ 140.5437848, 35.8075009 ], [ 140.543755800000014, 35.8076006 ], [ 140.5438632, 35.8076173 ], [ 140.5442172, 35.8076852 ], [ 140.544253, 35.8076272 ], [ 140.5443444, 35.807455 ], [ 140.544378, 35.8073981 ], [ 140.544401099999988, 35.807365 ], [ 140.544450399999988, 35.8073196 ], [ 140.544484899999986, 35.8072868 ], [ 140.5439264, 35.8071758 ] ] ] ] } },
{ "type": "Feature", "properties": { "fid": 671, "field_id": 5616569, "location": "1-1", "field_seq": null, "field_no": "高萩字小山1287", "farmer_cd": "k23", "farmer": "椎名啓祥", "crop": null, "area": 5.2, "calc_area": 6.24, "remark": 1, "tiban": "1287" }, "geometry": { "type": "MultiPolygon", "coordinates": [ [ [ [ 140.5353117, 35.8151184 ], [ 140.535372099999989, 35.8151653 ], [ 140.5359654, 35.8146822 ], [ 140.5358874, 35.8146312 ], [ 140.5353117, 35.8151184 ] ] ] ] } },
{ "type": "Feature", "properties": { "fid": 672, "field_id": 5614227, "location": "1-3", "field_seq": null, "field_no": "西田部字向田2389", "farmer_cd": "k79", "farmer": "椎名幸男", "crop": null, "area": 7.5, "calc_area": 8.24, "remark": 3, "tiban": "2389" }, "geometry": { "type": "MultiPolygon", "coordinates": [ [ [ [ 140.507347900000013, 35.7978921 ], [ 140.5072615, 35.7979107 ], [ 140.5070303, 35.7980342 ], [ 140.5072228, 35.7982703 ], [ 140.5073854, 35.7981841 ], [ 140.507401499999986, 35.7981802 ], [ 140.507347900000013, 35.7978921 ] ] ] ] } },
{ "type": "Feature", "properties": { "fid": 673, "field_id": 5616008, "location": "1-3", "field_seq": null, "field_no": "西田部字京部田2458", "farmer_cd": "k79", "farmer": "椎名幸男", "crop": null, "area": 22.6, "calc_area": 32.87, "remark": 3, "tiban": "2458" }, "geometry": { "type": "MultiPolygon", "coordinates": [ [ [ [ 140.5120216, 35.8005233 ], [ 140.51238810000001, 35.8002517 ], [ 140.5122666, 35.800141 ], [ 140.5122036, 35.8000451 ], [ 140.5121552, 35.7999581 ], [ 140.5121208, 35.799892 ], [ 140.512079199999988, 35.7998415 ], [ 140.511602900000014, 35.8001322 ], [ 140.5115602, 35.8001658 ], [ 140.511502900000011, 35.8002057 ], [ 140.5114912, 35.8002288 ], [ 140.511491400000011, 35.8002535 ], [ 140.5115313, 35.8003256 ], [ 140.5115657, 35.8003783 ], [ 140.5115832, 35.8003969 ], [ 140.511615400000011, 35.8004138 ], [ 140.5116447, 35.8004166 ], [ 140.5117526, 35.8004093 ], [ 140.5118003, 35.800412 ], [ 140.5118606, 35.8004239 ], [ 140.511912099999989, 35.8004475 ], [ 140.5120216, 35.8005233 ] ] ] ] } },
{ "type": "Feature", "properties": { "fid": 674, "field_id": 5616382, "location": "1-1", "field_seq": null, "field_no": "高萩字小山1109", "farmer_cd": "k22", "farmer": "椎名伸朗", "crop": null, "area": 16.5, "calc_area": 19.29, "remark": 1, "tiban": "1109" }, "geometry": { "type": "MultiPolygon", "coordinates": [ [ [ [ 140.5333899, 35.8156613 ], [ 140.5334794, 35.8157832 ], [ 140.533515599999987, 35.8158393 ], [ 140.5338476, 35.8156811 ], [ 140.5340052, 35.8156062 ], [ 140.534334699999988, 35.8154493 ], [ 140.5342101, 35.8152735 ], [ 140.5341601, 35.8152969 ], [ 140.534000099999986, 35.8153775 ], [ 140.533819, 35.8154572 ], [ 140.533717200000012, 35.8155084 ], [ 140.5333899, 35.8156613 ] ] ] ] } },
{ "type": "Feature", "properties": { "fid": 675, "field_id": 5616392, "location": "1-1", "field_seq": null, "field_no": "高萩字小山1290", "farmer_cd": "k22", "farmer": "椎名伸朗", "crop": null, "area": 10.9, "calc_area": 11.2, "remark": 1, "tiban": "1290" }, "geometry": { "type": "MultiPolygon", "coordinates": [ [ [ [ 140.536015, 35.8147025 ], [ 140.53659780000001, 35.814216 ], [ 140.536589600000013, 35.8141978 ], [ 140.536486599999989, 35.8141162 ], [ 140.535901599999988, 35.8146106 ], [ 140.536015, 35.8147025 ] ] ] ] } },
{ "type": "Feature", "properties": { "fid": 676, "field_id": 5616402, "location": "1-1", "field_seq": null, "field_no": "高萩字小山1291", "farmer_cd": "k22", "farmer": "椎名伸朗", "crop": null, "area": 15.3, "calc_area": 16.31, "remark": 1, "tiban": "1291" }, "geometry": { "type": "MultiPolygon", "coordinates": [ [ [ [ 140.5357305, 35.8144736 ], [ 140.535880600000013, 35.8145935 ], [ 140.535901599999988, 35.8146106 ], [ 140.536486599999989, 35.8141162 ], [ 140.536386599999986, 35.8140368 ], [ 140.5363199, 35.8139825 ], [ 140.5357305, 35.8144736 ] ] ] ] } },
{ "type": "Feature", "properties": { "fid": 677, "field_id": 5616404, "location": "1-1", "field_seq": null, "field_no": "高萩字小山1110-1", "farmer_cd": "k22", "farmer": "椎名伸朗", "crop": null, "area": 16.9, "calc_area": 16.37, "remark": 1, "tiban": "1110-1" }, "geometry": { "type": "MultiPolygon", "coordinates": [ [ [ [ 140.534334699999988, 35.8154493 ], [ 140.5340052, 35.8156062 ], [ 140.5338476, 35.8156811 ], [ 140.533515599999987, 35.8158393 ], [ 140.5335642, 35.8159146 ], [ 140.5336017, 35.8159921 ], [ 140.534450600000014, 35.8155935 ], [ 140.534334699999988, 35.8154493 ] ] ] ] } },
{ "type": "Feature", "properties": { "fid": 678, "field_id": 5616410, "location": "1-1", "field_seq": null, "field_no": "高萩字小山1112-1", "farmer_cd": "k22", "farmer": "椎名伸朗", "crop": null, "area": 5.5, "calc_area": 4.95, "remark": 1, "tiban": "1112-1" }, "geometry": { "type": "MultiPolygon", "coordinates": [ [ [ [ 140.5354432, 35.8153485 ], [ 140.5348318, 35.8156434 ], [ 140.5349412, 35.8156147 ], [ 140.53534590000001, 35.8155213 ], [ 140.5354767, 35.8154869 ], [ 140.5354862, 35.8154552 ], [ 140.535473700000011, 35.8153904 ], [ 140.5354432, 35.8153485 ] ] ] ] } },
{ "type": "Feature", "properties": { "fid": 679, "field_id": 5616415, "location": "1-1", "field_seq": null, "field_no": "高萩字小山1111-1", "farmer_cd": "k22", "farmer": "椎名伸朗", "crop": null, "area": 15.6, "calc_area": 9.75, "remark": 1, "tiban": "1111-1" }, "geometry": { "type": "MultiPolygon", "coordinates": [ [ [ [ 140.5336371, 35.8160026 ], [ 140.533643500000011, 35.8160104 ], [ 140.5337031, 35.8160654 ], [ 140.5337283, 35.8160811 ], [ 140.534026, 35.8159314 ], [ 140.5343154, 35.8157986 ], [ 140.5345276, 35.8157215 ], [ 140.534451600000011, 35.8156143 ], [ 140.5336371, 35.8160026 ] ] ] ] } },
{ "type": "Feature", "properties": { "fid": 680, "field_id": 5616428, "location": "1-1", "field_seq": null, "field_no": "高萩字根崎814-1", "farmer_cd": "k22", "farmer": "椎名伸朗", "crop": null, "area": 13.8, "calc_area": 16.69, "remark": 1, "tiban": "814-1" }, "geometry": { "type": "MultiPolygon", "coordinates": [ [ [ [ 140.5327464, 35.816207 ], [ 140.5330869, 35.8160409 ], [ 140.533434, 35.8158735 ], [ 140.5334253, 35.8158607 ], [ 140.5333186, 35.8156932 ], [ 140.5332122, 35.8157439 ], [ 140.5327657, 35.8159526 ], [ 140.532618500000012, 35.8160282 ], [ 140.5327464, 35.816207 ] ] ] ] } },
{ "type": "Feature", "properties": { "fid": 681, "field_id": 5616437, "location": "1-1", "field_seq": null, "field_no": "高萩字小山1113", "farmer_cd": "k22", "farmer": "椎名伸朗", "crop": null, "area": 12.8, "calc_area": 13.0, "remark": 1, "tiban": "1113" }, "geometry": { "type": "MultiPolygon", "coordinates": [ [ [ [ 140.534559699999988, 35.815715 ], [ 140.5348318, 35.8156434 ], [ 140.5354432, 35.8153485 ], [ 140.535379400000011, 35.8152609 ], [ 140.5353758, 35.815224 ], [ 140.5345048, 35.8156376 ], [ 140.534559699999988, 35.815715 ] ] ] ] } },
{ "type": "Feature", "properties": { "fid": 682, "field_id": 5616449, "location": "1-1", "field_seq": null, "field_no": "高萩字太田1315", "farmer_cd": "k22", "farmer": "椎名伸朗", "crop": null, "area": 7.7, "calc_area": 8.99, "remark": 1, "tiban": "1315" }, "geometry": { "type": "MultiPolygon", "coordinates": [ [ [ [ 140.5387743, 35.8132336 ], [ 140.5378366, 35.8134595 ], [ 140.537854900000013, 35.8135061 ], [ 140.5378676, 35.8135209 ], [ 140.537981800000011, 35.8135015 ], [ 140.5380193, 35.8135045 ], [ 140.5380436, 35.813511 ], [ 140.5388083, 35.8133236 ], [ 140.5387743, 35.8132336 ] ] ] ] } },
{ "type": "Feature", "properties": { "fid": 683, "field_id": 5616453, "location": "1-1", "field_seq": null, "field_no": "高萩字太田1317", "farmer_cd": "k22", "farmer": "椎名伸朗", "crop": null, "area": 5.1, "calc_area": 7.33, "remark": 1, "tiban": "1317" }, "geometry": { "type": "MultiPolygon", "coordinates": [ [ [ [ 140.5388412, 35.8134141 ], [ 140.5382291, 35.8135843 ], [ 140.5383625, 35.8136393 ], [ 140.5384387, 35.8136669 ], [ 140.53847110000001, 35.8136665 ], [ 140.5384851, 35.8136622 ], [ 140.5386666, 35.8135998 ], [ 140.538881300000014, 35.813524 ], [ 140.5388412, 35.8134141 ] ] ] ] } },
{ "type": "Feature", "properties": { "fid": 684, "field_id": 5616460, "location": "1-1", "field_seq": null, "field_no": "高萩字太田1316", "farmer_cd": "k22", "farmer": "椎名伸朗", "crop": null, "area": 8.1, "calc_area": 7.59, "remark": 1, "tiban": "1316" }, "geometry": { "type": "MultiPolygon", "coordinates": [ [ [ [ 140.5388083, 35.8133236 ], [ 140.5380436, 35.813511 ], [ 140.538108599999987, 35.8135347 ], [ 140.5382291, 35.8135843 ], [ 140.5388412, 35.8134141 ], [ 140.5388083, 35.8133236 ] ] ] ] } },
{ "type": "Feature", "properties": { "fid": 685, "field_id": 5615901, "location": "1-5", "field_seq": null, "field_no": "西田部字突抜2349", "farmer_cd": "k83", "farmer": "椎名哲夫", "crop": null, "area": 21.2, "calc_area": 23.36, "remark": 5, "tiban": "2349" }, "geometry": { "type": "MultiPolygon", "coordinates": [ [ [ [ 140.5083654, 35.7913645 ], [ 140.5085128, 35.791014 ], [ 140.5085498, 35.7909253 ], [ 140.5085372, 35.7909207 ], [ 140.5083473, 35.7908734 ], [ 140.508183699999989, 35.7908411 ], [ 140.5080415, 35.7908078 ], [ 140.5079723, 35.7907916 ], [ 140.507963600000011, 35.790794 ], [ 140.5079565, 35.7908772 ], [ 140.5079242, 35.7910801 ], [ 140.5079197, 35.791183 ], [ 140.508035299999989, 35.791231 ], [ 140.5082488, 35.7913071 ], [ 140.5083396, 35.7913481 ], [ 140.5083654, 35.7913645 ] ] ] ] } },
{ "type": "Feature", "properties": { "fid": 686, "field_id": 5614692, "location": "1-3", "field_seq": null, "field_no": "西田部字部田1377,1376-2", "farmer_cd": "k72", "farmer": "椎名利雄", "crop": null, "area": 9.8, "calc_area": 11.15, "remark": 3, "tiban": "1377,1376-2" }, "geometry": { "type": "MultiPolygon", "coordinates": [ [ [ [ 140.502872200000013, 35.7958857 ], [ 140.5029154, 35.7958792 ], [ 140.5030889, 35.7958536 ], [ 140.5029669, 35.7953629 ], [ 140.502746, 35.7953978 ], [ 140.502872200000013, 35.7958857 ] ] ] ] } },
{ "type": "Feature", "properties": { "fid": 687, "field_id": 5615782, "location": "1-5", "field_seq": null, "field_no": "西田部字杉谷原2322-1,2", "farmer_cd": "k72", "farmer": "椎名利雄", "crop": null, "area": 16.7, "calc_area": 18.4, "remark": 5, "tiban": "2322-1,2" }, "geometry": { "type": "MultiPolygon", "coordinates": [ [ [ [ 140.5109567, 35.7890747 ], [ 140.5108845, 35.789124 ], [ 140.5108224, 35.7891453 ], [ 140.510747400000014, 35.7891594 ], [ 140.5106735, 35.7891759 ], [ 140.510615300000012, 35.7891891 ], [ 140.510658299999989, 35.7897133 ], [ 140.5107716, 35.789688 ], [ 140.510844600000013, 35.7896731 ], [ 140.5109354, 35.7896543 ], [ 140.5109941, 35.7896409 ], [ 140.5109567, 35.7890747 ] ] ] ] } },
{ "type": "Feature", "properties": { "fid": 688, "field_id": 5615809, "location": "1-5", "field_seq": null, "field_no": "西田部字杉谷原2336", "farmer_cd": "k72", "farmer": "椎名利雄", "crop": null, "area": 18.8, "calc_area": 21.42, "remark": 5, "tiban": "2336" }, "geometry": { "type": "MultiPolygon", "coordinates": [ [ [ [ 140.507455, 35.7899441 ], [ 140.5080088, 35.7902112 ], [ 140.5080753, 35.7902236 ], [ 140.5081075, 35.7901895 ], [ 140.508234, 35.7900239 ], [ 140.50772520000001, 35.7896569 ], [ 140.5076168, 35.7897688 ], [ 140.5074924, 35.7898983 ], [ 140.507455, 35.7899441 ] ] ] ] } },
{ "type": "Feature", "properties": { "fid": 689, "field_id": 5615850, "location": "1-5", "field_seq": null, "field_no": "西田部字杉谷原2326", "farmer_cd": "k72", "farmer": "椎名利雄", "crop": null, "area": 15.9, "calc_area": 17.55, "remark": 5, "tiban": "2326" }, "geometry": { "type": "MultiPolygon", "coordinates": [ [ [ [ 140.5095551, 35.7898437 ], [ 140.5095484, 35.7898255 ], [ 140.5093568, 35.7891614 ], [ 140.5091941, 35.7892418 ], [ 140.5091785, 35.7892435 ], [ 140.5091983, 35.7898419 ], [ 140.5093417, 35.7898419 ], [ 140.509419799999989, 35.7898462 ], [ 140.509474399999988, 35.7898444 ], [ 140.5095551, 35.7898437 ] ] ] ] } },
{ "type": "Feature", "properties": { "fid": 690, "field_id": 5615985, "location": "1-3", "field_seq": null, "field_no": "西田部字向田2397", "farmer_cd": "k72", "farmer": "椎名利雄", "crop": null, "area": 12.4, "calc_area": 12.74, "remark": 3, "tiban": "2397" }, "geometry": { "type": "MultiPolygon", "coordinates": [ [ [ [ 140.5104756, 35.7976638 ], [ 140.51049230000001, 35.7976449 ], [ 140.5105537, 35.79758 ], [ 140.5107812, 35.7973407 ], [ 140.51037070000001, 35.7972083 ], [ 140.5102449, 35.7974925 ], [ 140.5104086, 35.7975919 ], [ 140.510453500000011, 35.7976309 ], [ 140.5104756, 35.7976638 ] ] ] ] } },
{ "type": "Feature", "properties": { "fid": 691, "field_id": 5616016, "location": "1-3", "field_seq": null, "field_no": "西田部字向田2396", "farmer_cd": "k72", "farmer": "椎名利雄", "crop": null, "area": 12.2, "calc_area": 12.54, "remark": 3, "tiban": "2396" }, "geometry": { "type": "MultiPolygon", "coordinates": [ [ [ [ 140.51037070000001, 35.7972083 ], [ 140.5101158, 35.7971261 ], [ 140.510003399999988, 35.7970931 ], [ 140.5099654, 35.7970812 ], [ 140.5099085, 35.7970835 ], [ 140.5098796, 35.7970884 ], [ 140.5099085, 35.7973625 ], [ 140.5099811, 35.7973735 ], [ 140.510089, 35.7974142 ], [ 140.5102449, 35.7974925 ], [ 140.51037070000001, 35.7972083 ] ] ] ] } },
{ "type": "Feature", "properties": { "fid": 692, "field_id": 5616017, "location": "1-3", "field_seq": null, "field_no": "西田部字堀尻2399", "farmer_cd": "k72", "farmer": "椎名利雄", "crop": null, "area": 14.9, "calc_area": 15.3, "remark": 3, "tiban": "2399" }, "geometry": { "type": "MultiPolygon", "coordinates": [ [ [ [ 140.5100823, 35.7967356 ], [ 140.5100534, 35.7968459 ], [ 140.5100108, 35.7969841 ], [ 140.5099894, 35.7970601 ], [ 140.5104275, 35.7972034 ], [ 140.5105557, 35.7969409 ], [ 140.5103876, 35.7968689 ], [ 140.5100823, 35.7967356 ] ] ] ] } },
{ "type": "Feature", "properties": { "fid": 693, "field_id": 5613743, "location": "1-3", "field_seq": null, "field_no": "岩部字ソリ町3167-1", "farmer_cd": "k152", "farmer": "石橋映子", "crop": null, "area": 3.9, "calc_area": 4.45, "remark": 3, "tiban": "3167-1" }, "geometry": { "type": "MultiPolygon", "coordinates": [ [ [ [ 140.501794499999988, 35.8088217 ], [ 140.50173860000001, 35.8089244 ], [ 140.5016833, 35.8090167 ], [ 140.501872100000014, 35.8090847 ], [ 140.501986100000011, 35.8088902 ], [ 140.501963, 35.8088817 ], [ 140.501887399999987, 35.8088564 ], [ 140.501794499999988, 35.8088217 ] ] ] ] } },
{ "type": "Feature", "properties": { "fid": 694, "field_id": 5616450, "location": "1-1", "field_seq": null, "field_no": "高萩字中上1386", "farmer_cd": "k24", "farmer": "藤崎孝浩", "crop": null, "area": 10.0, "calc_area": 11.97, "remark": 1, "tiban": "1386" }, "geometry": { "type": "MultiPolygon", "coordinates": [ [ [ [ 140.539888100000013, 35.8108539 ], [ 140.539872699999989, 35.8108995 ], [ 140.5397907, 35.8111307 ], [ 140.540068600000012, 35.8111941 ], [ 140.5401172, 35.8112061 ], [ 140.540143199999989, 35.8112121 ], [ 140.5401602, 35.811212 ], [ 140.5401766, 35.8112074 ], [ 140.54018880000001, 35.8111962 ], [ 140.5402171, 35.8111521 ], [ 140.5403206, 35.8109724 ], [ 140.539888100000013, 35.8108539 ] ] ] ] } },
{ "type": "Feature", "properties": { "fid": 695, "field_id": 5616456, "location": "1-1", "field_seq": null, "field_no": "高萩字中上1390", "farmer_cd": "k24", "farmer": "藤崎孝浩", "crop": null, "area": 16.5, "calc_area": 15.46, "remark": 1, "tiban": "1390" }, "geometry": { "type": "MultiPolygon", "coordinates": [ [ [ [ 140.5400607, 35.8103263 ], [ 140.53999730000001, 35.8105032 ], [ 140.5399619, 35.8105999 ], [ 140.5404681, 35.8107194 ], [ 140.5404743, 35.8107089 ], [ 140.5405528, 35.8105802 ], [ 140.5405931, 35.8105051 ], [ 140.5406074, 35.8104778 ], [ 140.5406097, 35.8104713 ], [ 140.5400607, 35.8103263 ] ] ] ] } },
{ "type": "Feature", "properties": { "fid": 696, "field_id": 5616458, "location": "1-1", "field_seq": null, "field_no": "高萩字中上1387", "farmer_cd": "k24", "farmer": "藤崎孝浩", "crop": null, "area": 11.4, "calc_area": 13.12, "remark": 1, "tiban": "1387" }, "geometry": { "type": "MultiPolygon", "coordinates": [ [ [ [ 140.5399619, 35.8105999 ], [ 140.539958899999988, 35.8106081 ], [ 140.5399625, 35.8106337 ], [ 140.539888100000013, 35.8108539 ], [ 140.5403206, 35.8109724 ], [ 140.5404681, 35.8107194 ], [ 140.5399619, 35.8105999 ] ] ] ] } },
{ "type": "Feature", "properties": { "fid": 697, "field_id": 5616483, "location": "1-1", "field_seq": null, "field_no": "高萩字中上1397", "farmer_cd": "k24", "farmer": "藤崎孝浩", "crop": null, "area": 9.3, "calc_area": 11.42, "remark": 1, "tiban": "1397" }, "geometry": { "type": "MultiPolygon", "coordinates": [ [ [ [ 140.540863300000012, 35.8093962 ], [ 140.540721499999989, 35.8095306 ], [ 140.5406386, 35.8096034 ], [ 140.5409138, 35.809821 ], [ 140.5410793, 35.8097127 ], [ 140.5411707, 35.8096295 ], [ 140.540863300000012, 35.8093962 ] ] ] ] } },
{ "type": "Feature", "properties": { "fid": 698, "field_id": 5616496, "location": "1-1", "field_seq": null, "field_no": "高萩字廣町1754", "farmer_cd": "k24", "farmer": "藤崎孝浩", "crop": null, "area": 18.9, "calc_area": 19.48, "remark": 1, "tiban": "1754" }, "geometry": { "type": "MultiPolygon", "coordinates": [ [ [ [ 140.542608699999988, 35.8097677 ], [ 140.5426367, 35.8096817 ], [ 140.542695900000012, 35.8094995 ], [ 140.5427508, 35.8093419 ], [ 140.5426898, 35.8093266 ], [ 140.5423788, 35.8092517 ], [ 140.5423418, 35.8092688 ], [ 140.5423228, 35.8092739 ], [ 140.54231, 35.809274 ], [ 140.542232899999988, 35.8095156 ], [ 140.5421816, 35.8096647 ], [ 140.5422308, 35.8096743 ], [ 140.5423197, 35.8096916 ], [ 140.5424472, 35.8097281 ], [ 140.542561, 35.8097593 ], [ 140.542608699999988, 35.8097677 ] ] ] ] } },
{ "type": "Feature", "properties": { "fid": 699, "field_id": 5616503, "location": "1-1", "field_seq": null, "field_no": "高萩字廣町1756", "farmer_cd": "k24", "farmer": "藤崎孝浩", "crop": null, "area": 19.7, "calc_area": 19.74, "remark": 1, "tiban": "1756" }, "geometry": { "type": "MultiPolygon", "coordinates": [ [ [ [ 140.543014, 35.8099145 ], [ 140.543051600000013, 35.8097937 ], [ 140.543086499999987, 35.8096883 ], [ 140.5431548, 35.8094788 ], [ 140.5431417, 35.8094774 ], [ 140.5431295, 35.8094592 ], [ 140.543118, 35.8094339 ], [ 140.5427508, 35.8093419 ], [ 140.542695900000012, 35.8094995 ], [ 140.5426367, 35.8096817 ], [ 140.542608699999988, 35.8097677 ], [ 140.54262270000001, 35.8097702 ], [ 140.5427094, 35.8097927 ], [ 140.542775, 35.8098144 ], [ 140.5428398, 35.8098422 ], [ 140.542888299999987, 35.8098532 ], [ 140.54294440000001, 35.8098763 ], [ 140.5429982, 35.8099075 ], [ 140.543014, 35.8099145 ] ] ] ] } },
{ "type": "Feature", "properties": { "fid": 700, "field_id": 5616505, "location": "1-1", "field_seq": null, "field_no": "高萩字中上1402-1", "farmer_cd": "k24", "farmer": "藤崎孝浩", "crop": null, "area": 9.3, "calc_area": 12.01, "remark": 1, "tiban": "1402-1" }, "geometry": { "type": "MultiPolygon", "coordinates": [ [ [ [ 140.5412317, 35.8095245 ], [ 140.5412622, 35.8093453 ], [ 140.541300299999989, 35.809162 ], [ 140.5411822, 35.8091459 ], [ 140.541146199999986, 35.8091406 ], [ 140.5411411, 35.8091392 ], [ 140.5410214, 35.8092464 ], [ 140.540863300000012, 35.8093962 ], [ 140.5411707, 35.8096295 ], [ 140.5412139, 35.8096048 ], [ 140.5412241, 35.8096048 ], [ 140.541226599999987, 35.8095801 ], [ 140.5412317, 35.8095245 ] ] ] ] } },
{ "type": "Feature", "properties": { "fid": 701, "field_id": 5616507, "location": "1-1", "field_seq": null, "field_no": "高萩字廣町1762", "farmer_cd": "k24", "farmer": "藤崎孝浩", "crop": null, "area": 7.3, "calc_area": 7.7, "remark": 1, "tiban": "1762" }, "geometry": { "type": "MultiPolygon", "coordinates": [ [ [ [ 140.5438347, 35.8097384 ], [ 140.5437019, 35.8101388 ], [ 140.5438623, 35.8102249 ], [ 140.5439021, 35.8101139 ], [ 140.543961700000011, 35.8099408 ], [ 140.5439917, 35.8098469 ], [ 140.543966399999988, 35.8098391 ], [ 140.5439627, 35.8098137 ], [ 140.543957299999988, 35.8097948 ], [ 140.5438347, 35.8097384 ] ] ] ] } },
{ "type": "Feature", "properties": { "fid": 702, "field_id": 5616510, "location": "1-1", "field_seq": null, "field_no": "高萩字中上1392", "farmer_cd": "k24", "farmer": "藤崎孝浩", "crop": null, "area": 10.7, "calc_area": 13.04, "remark": 1, "tiban": "1392" }, "geometry": { "type": "MultiPolygon", "coordinates": [ [ [ [ 140.5404309, 35.8097924 ], [ 140.540357199999988, 35.8098663 ], [ 140.5402851, 35.8099409 ], [ 140.540208, 35.8100348 ], [ 140.540170499999988, 35.8100873 ], [ 140.5406963, 35.8102151 ], [ 140.540724, 35.8101248 ], [ 140.540748400000012, 35.8100464 ], [ 140.5404309, 35.8097924 ] ] ] ] } },
{ "type": "Feature", "properties": { "fid": 703, "field_id": 5616512, "location": "1-1", "field_seq": null, "field_no": "高萩字廣町1765", "farmer_cd": "k24", "farmer": "藤崎孝浩", "crop": null, "area": 23.3, "calc_area": 24.61, "remark": 1, "tiban": "1765" }, "geometry": { "type": "MultiPolygon", "coordinates": [ [ [ [ 140.5443524, 35.8104631 ], [ 140.5444052, 35.8103362 ], [ 140.5444689, 35.8101464 ], [ 140.544507399999986, 35.810033 ], [ 140.5444302, 35.8100132 ], [ 140.54432, 35.8099731 ], [ 140.544065, 35.8098462 ], [ 140.544028700000013, 35.8098436 ], [ 140.5439917, 35.8098469 ], [ 140.543961700000011, 35.8099408 ], [ 140.5439021, 35.8101139 ], [ 140.5438623, 35.8102249 ], [ 140.5439145, 35.8102563 ], [ 140.5439857, 35.8103097 ], [ 140.5440289, 35.810338 ], [ 140.5441059, 35.8103747 ], [ 140.54416950000001, 35.8103996 ], [ 140.544287200000014, 35.8104371 ], [ 140.5443524, 35.8104631 ] ] ] ] } },
{ "type": "Feature", "properties": { "fid": 704, "field_id": 5616522, "location": "1-1", "field_seq": null, "field_no": "高萩字廣町1766-1", "farmer_cd": "k24", "farmer": "藤崎孝浩", "crop": null, "area": 24.1, "calc_area": 21.14, "remark": 1, "tiban": "1766-1" }, "geometry": { "type": "MultiPolygon", "coordinates": [ [ [ [ 140.5448255, 35.8105174 ], [ 140.5448231, 35.8104816 ], [ 140.544854, 35.810461 ], [ 140.544972199999989, 35.8101378 ], [ 140.5449668, 35.8101224 ], [ 140.54492350000001, 35.8101128 ], [ 140.5445757, 35.8100504 ], [ 140.544507399999986, 35.810033 ], [ 140.5444689, 35.8101464 ], [ 140.5444052, 35.8103362 ], [ 140.5443524, 35.8104631 ], [ 140.5443716, 35.8104708 ], [ 140.544507900000013, 35.810501 ], [ 140.5445846, 35.8105141 ], [ 140.544625, 35.8105186 ], [ 140.5446792, 35.8105202 ], [ 140.5448255, 35.8105174 ] ] ] ] } },
{ "type": "Feature", "properties": { "fid": 705, "field_id": 5616530, "location": "1-1", "field_seq": null, "field_no": "高萩字中上1391", "farmer_cd": "k24", "farmer": "藤崎孝浩", "crop": null, "area": 10.1, "calc_area": 14.84, "remark": 1, "tiban": "1391" }, "geometry": { "type": "MultiPolygon", "coordinates": [ [ [ [ 140.540170499999988, 35.8100873 ], [ 140.5401649, 35.8100952 ], [ 140.5401225, 35.8101738 ], [ 140.5401014, 35.8102199 ], [ 140.5400773, 35.8102817 ], [ 140.5400607, 35.8103263 ], [ 140.5406097, 35.8104713 ], [ 140.540676600000012, 35.8102794 ], [ 140.5406963, 35.8102151 ], [ 140.540170499999988, 35.8100873 ] ] ] ] } },
{ "type": "Feature", "properties": { "fid": 706, "field_id": 5616567, "location": "1-1", "field_seq": null, "field_no": "高萩字中上1402-4", "farmer_cd": "k24", "farmer": "藤崎孝浩", "crop": null, "area": 0.4, "calc_area": 3.42, "remark": 1, "tiban": "1402-4" }, "geometry": { "type": "MultiPolygon", "coordinates": [ [ [ [ 140.5412241, 35.8095945 ], [ 140.541302800000011, 35.8095883 ], [ 140.5413917, 35.8091764 ], [ 140.541310399999986, 35.809162 ], [ 140.5412241, 35.8095945 ] ] ] ] } },
{ "type": "Feature", "properties": { "fid": 707, "field_id": 5616568, "location": "1-1", "field_seq": null, "field_no": "高萩字中上1403-1", "farmer_cd": "k24", "farmer": "藤崎孝浩", "crop": null, "area": 8.9, "calc_area": 3.5, "remark": 1, "tiban": "1403-1" }, "geometry": { "type": "MultiPolygon", "coordinates": [ [ [ [ 140.5413092, 35.8095886 ], [ 140.5413854, 35.8095803 ], [ 140.5414908, 35.8091952 ], [ 140.541393, 35.8091797 ], [ 140.5413092, 35.8095886 ] ] ] ] } },
{ "type": "Feature", "properties": { "fid": 708, "field_id": 5616399, "location": "1-1", "field_seq": null, "field_no": "高萩字根崎811-1", "farmer_cd": "k16", "farmer": "藤崎克則", "crop": null, "area": 10.8, "calc_area": 9.5, "remark": 1, "tiban": "811-1" }, "geometry": { "type": "MultiPolygon", "coordinates": [ [ [ [ 140.5330482, 35.816622 ], [ 140.533055499999989, 35.8166243 ], [ 140.53319350000001, 35.8165721 ], [ 140.5333654, 35.8164813 ], [ 140.533546, 35.8163965 ], [ 140.533550600000012, 35.8163884 ], [ 140.5336445, 35.8162139 ], [ 140.533646800000014, 35.8161904 ], [ 140.5329664, 35.8165123 ], [ 140.5330482, 35.816622 ] ] ] ] } },
{ "type": "Feature", "properties": { "fid": 709, "field_id": 5616422, "location": "1-1", "field_seq": null, "field_no": "高萩字根崎796-1", "farmer_cd": "k16", "farmer": "藤崎克則", "crop": null, "area": 12.4, "calc_area": 13.83, "remark": 1, "tiban": "796-1" }, "geometry": { "type": "MultiPolygon", "coordinates": [ [ [ [ 140.5317752, 35.8161016 ], [ 140.5319395, 35.8160088 ], [ 140.532183, 35.8159113 ], [ 140.5323855, 35.8158185 ], [ 140.5324119, 35.8158138 ], [ 140.532399, 35.8157785 ], [ 140.532386, 35.8157662 ], [ 140.5323535, 35.8157541 ], [ 140.5322955, 35.8156657 ], [ 140.5322205, 35.8157215 ], [ 140.532171, 35.8157438 ], [ 140.5321171, 35.8157529 ], [ 140.5320599, 35.815755 ], [ 140.5320126, 35.8157667 ], [ 140.5319287, 35.8158093 ], [ 140.531788, 35.8158849 ], [ 140.5317029, 35.8159471 ], [ 140.5316354, 35.816002 ], [ 140.5316086, 35.8160276 ], [ 140.531659100000013, 35.8161065 ], [ 140.5316989, 35.8161468 ], [ 140.5317282, 35.816123 ], [ 140.5317752, 35.8161016 ] ] ] ] } },
{ "type": "Feature", "properties": { "fid": 710, "field_id": 5616426, "location": "1-1", "field_seq": null, "field_no": "高萩字根崎803", "farmer_cd": "k16", "farmer": "藤崎克則", "crop": null, "area": 16.6, "calc_area": 16.41, "remark": 1, "tiban": "803" }, "geometry": { "type": "MultiPolygon", "coordinates": [ [ [ [ 140.532825, 35.8163665 ], [ 140.5327651, 35.816284 ], [ 140.5327059, 35.8162 ], [ 140.531971700000014, 35.8165434 ], [ 140.532028200000013, 35.8166277 ], [ 140.5320882, 35.8167092 ], [ 140.53232, 35.816605 ], [ 140.5326071, 35.8164677 ], [ 140.532825, 35.8163665 ] ] ] ] } },
{ "type": "Feature", "properties": { "fid": 711, "field_id": 5616429, "location": "1-1", "field_seq": null, "field_no": "高萩字根崎804-1", "farmer_cd": "k16", "farmer": "藤崎克則", "crop": null, "area": 4.3, "calc_area": 6.53, "remark": 1, "tiban": "804-1" }, "geometry": { "type": "MultiPolygon", "coordinates": [ [ [ [ 140.5320896, 35.8167112 ], [ 140.5321164, 35.816713 ], [ 140.5321629, 35.8167562 ], [ 140.53220060000001, 35.8167395 ], [ 140.5323664, 35.8166705 ], [ 140.532563, 35.8165861 ], [ 140.5328754, 35.8164362 ], [ 140.532825, 35.8163665 ], [ 140.5326071, 35.8164677 ], [ 140.53232, 35.816605 ], [ 140.5320882, 35.8167092 ], [ 140.5320896, 35.8167112 ] ] ] ] } },
{ "type": "Feature", "properties": { "fid": 712, "field_id": 5616430, "location": "1-1", "field_seq": null, "field_no": "高萩字根崎1657-1", "farmer_cd": "k16", "farmer": "藤崎克則", "crop": null, "area": 7.5, "calc_area": 8.29, "remark": 1, "tiban": "1657-1" }, "geometry": { "type": "MultiPolygon", "coordinates": [ [ [ [ 140.533139, 35.816793 ], [ 140.5331046, 35.8168184 ], [ 140.5331314, 35.8168389 ], [ 140.533235600000012, 35.8168826 ], [ 140.5337921, 35.8165834 ], [ 140.5337108, 35.8164836 ], [ 140.5336091, 35.8165397 ], [ 140.5333472, 35.8166839 ], [ 140.533139, 35.816793 ] ] ] ] } },
{ "type": "Feature", "properties": { "fid": 713, "field_id": 5616443, "location": "1-1", "field_seq": null, "field_no": "高萩字根崎802-1", "farmer_cd": "k16", "farmer": "藤崎克則", "crop": null, "area": 11.8, "calc_area": 15.87, "remark": 1, "tiban": "802-1" }, "geometry": { "type": "MultiPolygon", "coordinates": [ [ [ [ 140.5327059, 35.8162 ], [ 140.532592599999987, 35.8160391 ], [ 140.532255600000013, 35.8161927 ], [ 140.531859700000012, 35.8163828 ], [ 140.531971700000014, 35.8165434 ], [ 140.5327059, 35.8162 ] ] ] ] } },
{ "type": "Feature", "properties": { "fid": 714, "field_id": 5616452, "location": "1-1", "field_seq": null, "field_no": "高萩字太田1384-1", "farmer_cd": "k16", "farmer": "藤崎克則", "crop": null, "area": 9.6, "calc_area": 10.97, "remark": 1, "tiban": "1384-1" }, "geometry": { "type": "MultiPolygon", "coordinates": [ [ [ [ 140.53925430000001, 35.8112854 ], [ 140.5394445, 35.8113183 ], [ 140.5396609, 35.811355 ], [ 140.5396892, 35.8112696 ], [ 140.5397489, 35.8111391 ], [ 140.539701900000011, 35.8111273 ], [ 140.539465400000012, 35.8110705 ], [ 140.53927920000001, 35.8110307 ], [ 140.5392544, 35.8111976 ], [ 140.53925430000001, 35.8112854 ] ] ] ] } },
{ "type": "Feature", "properties": { "fid": 715, "field_id": 5616466, "location": "1-1", "field_seq": null, "field_no": "高萩字多々良田1675", "farmer_cd": "k16", "farmer": "藤崎克則", "crop": null, "area": 16.5, "calc_area": 17.42, "remark": 1, "tiban": "1675" }, "geometry": { "type": "MultiPolygon", "coordinates": [ [ [ [ 140.5357157, 35.8179966 ], [ 140.5357214, 35.8181552 ], [ 140.535728400000011, 35.8183478 ], [ 140.5357396, 35.8183449 ], [ 140.535808300000014, 35.8183353 ], [ 140.535914600000012, 35.8183293 ], [ 140.5360086, 35.8183298 ], [ 140.53609, 35.818335 ], [ 140.5361829, 35.8183464 ], [ 140.536267400000014, 35.8179972 ], [ 140.5361617, 35.8179978 ], [ 140.5360594, 35.8179876 ], [ 140.535917399999988, 35.8179854 ], [ 140.5358642, 35.817988 ], [ 140.5357157, 35.8179966 ] ] ] ] } },
{ "type": "Feature", "properties": { "fid": 716, "field_id": 5616468, "location": "1-1", "field_seq": null, "field_no": "高萩字多々良田1677", "farmer_cd": "k16", "farmer": "藤崎克則", "crop": null, "area": 18.2, "calc_area": 19.78, "remark": 1, "tiban": "1677" }, "geometry": { "type": "MultiPolygon", "coordinates": [ [ [ [ 140.53672610000001, 35.8180785 ], [ 140.5366836, 35.8182636 ], [ 140.5366478, 35.8184239 ], [ 140.536851399999989, 35.8184625 ], [ 140.53711770000001, 35.8185102 ], [ 140.537126199999989, 35.818504 ], [ 140.537163099999987, 35.8183997 ], [ 140.5372946, 35.8180698 ], [ 140.5372908, 35.818066 ], [ 140.5372243, 35.8180332 ], [ 140.5371744, 35.8180713 ], [ 140.537132, 35.8180939 ], [ 140.5370509, 35.8181175 ], [ 140.5369734, 35.8181287 ], [ 140.5368985, 35.818123 ], [ 140.5368037, 35.8181004 ], [ 140.53672610000001, 35.8180785 ] ] ] ] } },
{ "type": "Feature", "properties": { "fid": 717, "field_id": 5616470, "location": "1-1", "field_seq": null, "field_no": "高萩字多々良田1676", "farmer_cd": "k16", "farmer": "藤崎克則", "crop": null, "area": 16.2, "calc_area": 17.23, "remark": 1, "tiban": "1676" }, "geometry": { "type": "MultiPolygon", "coordinates": [ [ [ [ 140.536267400000014, 35.8179972 ], [ 140.5361829, 35.8183464 ], [ 140.536189799999988, 35.8183472 ], [ 140.536292800000012, 35.818362 ], [ 140.5364959, 35.8183952 ], [ 140.5366478, 35.8184239 ], [ 140.5366836, 35.8182636 ], [ 140.53672610000001, 35.8180785 ], [ 140.53660880000001, 35.8180453 ], [ 140.5364874, 35.8180136 ], [ 140.5363936, 35.8179996 ], [ 140.5362989, 35.817997 ], [ 140.536267400000014, 35.8179972 ] ] ] ] } },
{ "type": "Feature", "properties": { "fid": 718, "field_id": 5616471, "location": "1-1", "field_seq": null, "field_no": "高萩字多々良田1674", "farmer_cd": "k16", "farmer": "藤崎克則", "crop": null, "area": 17.8, "calc_area": 19.82, "remark": 1, "tiban": "1674" }, "geometry": { "type": "MultiPolygon", "coordinates": [ [ [ [ 140.5351248, 35.8183885 ], [ 140.5351353, 35.818396 ], [ 140.535165, 35.8184036 ], [ 140.5352004, 35.8184064 ], [ 140.5352464, 35.8184041 ], [ 140.5353536, 35.8183958 ], [ 140.535531600000013, 35.8183775 ], [ 140.5356275, 35.8183677 ], [ 140.5356735, 35.8183618 ], [ 140.535728400000011, 35.8183478 ], [ 140.5357214, 35.8181552 ], [ 140.5357157, 35.8179966 ], [ 140.5355831, 35.817985 ], [ 140.5353891, 35.8179823 ], [ 140.5352551, 35.8181434 ], [ 140.5351296, 35.8182952 ], [ 140.535120400000011, 35.8183215 ], [ 140.5351248, 35.8183885 ] ] ] ] } },
{ "type": "Feature", "properties": { "fid": 719, "field_id": 5616478, "location": "1-1", "field_seq": null, "field_no": "高萩字谷堤七町1690", "farmer_cd": "k16", "farmer": "藤崎克則", "crop": null, "area": 15.7, "calc_area": 17.72, "remark": 1, "tiban": "1690" }, "geometry": { "type": "MultiPolygon", "coordinates": [ [ [ [ 140.5412105, 35.8087907 ], [ 140.541534399999989, 35.8088633 ], [ 140.5417167, 35.8088965 ], [ 140.5418991, 35.8089279 ], [ 140.541935, 35.8088851 ], [ 140.5419899, 35.808833 ], [ 140.542025599999988, 35.8088088 ], [ 140.5417654, 35.8086463 ], [ 140.5415156, 35.808484 ], [ 140.541512399999988, 35.8084873 ], [ 140.5414374, 35.8085846 ], [ 140.5413374, 35.8086642 ], [ 140.5412105, 35.8087907 ] ] ] ] } },
{ "type": "Feature", "properties": { "fid": 720, "field_id": 5616479, "location": "1-1", "field_seq": null, "field_no": "高萩字駒ケ谷1790", "farmer_cd": "k16", "farmer": "藤崎克則", "crop": null, "area": 13.1, "calc_area": 15.43, "remark": 1, "tiban": "1790" }, "geometry": { "type": "MultiPolygon", "coordinates": [ [ [ [ 140.548383300000012, 35.8083363 ], [ 140.548565599999989, 35.8083999 ], [ 140.5486358, 35.808364 ], [ 140.5487501, 35.8082786 ], [ 140.5488135, 35.8082185 ], [ 140.5488413, 35.808176 ], [ 140.5488512, 35.8081405 ], [ 140.5488458, 35.8081072 ], [ 140.5488345, 35.8080809 ], [ 140.5488278, 35.8079969 ], [ 140.5488511, 35.8079419 ], [ 140.548616399999986, 35.8078793 ], [ 140.5484715, 35.8081011 ], [ 140.548383300000012, 35.8083363 ] ] ] ] } },
{ "type": "Feature", "properties": { "fid": 721, "field_id": 5616481, "location": "1-1", "field_seq": null, "field_no": "高萩字谷堤七町1694", "farmer_cd": "k16", "farmer": "藤崎克則", "crop": null, "area": 24.2, "calc_area": 26.7, "remark": 1, "tiban": "1694" }, "geometry": { "type": "MultiPolygon", "coordinates": [ [ [ [ 140.5431154, 35.8085371 ], [ 140.5431878, 35.80809 ], [ 140.543173599999989, 35.8080862 ], [ 140.543146400000012, 35.8080779 ], [ 140.5430847, 35.8080542 ], [ 140.5428133, 35.807947 ], [ 140.54270360000001, 35.8079099 ], [ 140.54267, 35.8079072 ], [ 140.5426353, 35.8081423 ], [ 140.5425904, 35.8084566 ], [ 140.5426544, 35.8084618 ], [ 140.5427479, 35.8084658 ], [ 140.5428182, 35.8084726 ], [ 140.542899799999986, 35.8084864 ], [ 140.5430173, 35.8085091 ], [ 140.5431154, 35.8085371 ] ] ] ] } },
{ "type": "Feature", "properties": { "fid": 722, "field_id": 5616484, "location": "1-1", "field_seq": null, "field_no": "高萩字谷堤七町1692", "farmer_cd": "k16", "farmer": "藤崎克則", "crop": null, "area": 25.0, "calc_area": 26.25, "remark": 1, "tiban": "1692" }, "geometry": { "type": "MultiPolygon", "coordinates": [ [ [ [ 140.5424994, 35.8084432 ], [ 140.54256860000001, 35.8079023 ], [ 140.5425065, 35.8079254 ], [ 140.542413900000014, 35.8079569 ], [ 140.5423326, 35.8079743 ], [ 140.5422433, 35.8079859 ], [ 140.5421978, 35.8079946 ], [ 140.542127, 35.8080249 ], [ 140.542041899999987, 35.8080526 ], [ 140.541959600000013, 35.8081053 ], [ 140.5418775, 35.8081654 ], [ 140.542089299999986, 35.8083803 ], [ 140.542299899999989, 35.8085967 ], [ 140.542303299999986, 35.8085915 ], [ 140.5423132, 35.8085627 ], [ 140.5423283, 35.8085249 ], [ 140.5423519, 35.8084913 ], [ 140.5423921, 35.8084595 ], [ 140.542433, 35.8084449 ], [ 140.5424649, 35.8084395 ], [ 140.5424994, 35.8084432 ] ] ] ] } },
{ "type": "Feature", "properties": { "fid": 723, "field_id": 5616486, "location": "1-1", "field_seq": null, "field_no": "高萩字中上1404-1", "farmer_cd": "k16", "farmer": "藤崎克則", "crop": null, "area": 7.9, "calc_area": 10.18, "remark": 1, "tiban": "1404-1" }, "geometry": { "type": "MultiPolygon", "coordinates": [ [ [ [ 140.541383599999989, 35.8096116 ], [ 140.5414366, 35.8096092 ], [ 140.5415404, 35.8096023 ], [ 140.5416023, 35.8096035 ], [ 140.5416282, 35.8095989 ], [ 140.5416472, 35.8095899 ], [ 140.5416621, 35.8095742 ], [ 140.541669399999989, 35.809553 ], [ 140.54169490000001, 35.8094292 ], [ 140.541735, 35.8092437 ], [ 140.541728299999988, 35.8092411 ], [ 140.541492299999987, 35.8091958 ], [ 140.541443, 35.8093777 ], [ 140.541383599999989, 35.8096116 ] ] ] ] } },
{ "type": "Feature", "properties": { "fid": 724, "field_id": 5616492, "location": "1-1", "field_seq": null, "field_no": "高萩字廣町1753", "farmer_cd": "k16", "farmer": "藤崎克則", "crop": null, "area": 20.2, "calc_area": 21.49, "remark": 1, "tiban": "1753" }, "geometry": { "type": "MultiPolygon", "coordinates": [ [ [ [ 140.5421816, 35.8096647 ], [ 140.542232899999988, 35.8095156 ], [ 140.54231, 35.809274 ], [ 140.5423055, 35.809274 ], [ 140.5422882, 35.8092642 ], [ 140.5422748, 35.8092228 ], [ 140.541951899999987, 35.8091592 ], [ 140.5419397, 35.8091997 ], [ 140.54183230000001, 35.809182 ], [ 140.5418266, 35.809213 ], [ 140.5418138, 35.80923 ], [ 140.5418, 35.8092836 ], [ 140.5417526, 35.8094821 ], [ 140.5417337, 35.8095667 ], [ 140.541732200000013, 35.8095855 ], [ 140.5417386, 35.8095939 ], [ 140.5418309, 35.8096103 ], [ 140.5418904, 35.8096268 ], [ 140.5419118, 35.8096337 ], [ 140.541945199999986, 35.8096359 ], [ 140.5420507, 35.8096402 ], [ 140.5420795, 35.8096447 ], [ 140.5421816, 35.8096647 ] ] ] ] } },
{ "type": "Feature", "properties": { "fid": 725, "field_id": 5616506, "location": "1-1", "field_seq": null, "field_no": "高萩字谷堤七町1693", "farmer_cd": "k16", "farmer": "藤崎克則", "crop": null, "area": 4.5, "calc_area": 5.32, "remark": 1, "tiban": "1693" }, "geometry": { "type": "MultiPolygon", "coordinates": [ [ [ [ 140.54256860000001, 35.8079023 ], [ 140.5424994, 35.8084432 ], [ 140.5425809, 35.8084558 ], [ 140.5425904, 35.8084566 ], [ 140.5426353, 35.8081423 ], [ 140.54267, 35.8079072 ], [ 140.5426357, 35.8079045 ], [ 140.54256860000001, 35.8079023 ] ] ] ] } },
{ "type": "Feature", "properties": { "fid": 726, "field_id": 5616511, "location": "1-1", "field_seq": null, "field_no": "高萩字中上1405-1", "farmer_cd": "k16", "farmer": "藤崎克則", "crop": null, "area": 6.0, "calc_area": 6.1, "remark": 1, "tiban": "1405-1" }, "geometry": { "type": "MultiPolygon", "coordinates": [ [ [ [ 140.5411627, 35.8091248 ], [ 140.541291300000012, 35.8091469 ], [ 140.541516300000012, 35.8091851 ], [ 140.541521499999988, 35.8091813 ], [ 140.541555499999987, 35.8090599 ], [ 140.5415729, 35.809007 ], [ 140.5415764, 35.8089865 ], [ 140.541529200000014, 35.8089775 ], [ 140.5413572, 35.8089463 ], [ 140.5412461, 35.8090493 ], [ 140.5411627, 35.8091248 ] ] ] ] } },
{ "type": "Feature", "properties": { "fid": 727, "field_id": 5616577, "location": "1-1", "field_seq": null, "field_no": "高萩字駒ケ谷1791", "farmer_cd": "k16", "farmer": "藤崎克則", "crop": null, "area": 7.9, "calc_area": 10.55, "remark": 1, "tiban": "1791" }, "geometry": { "type": "MultiPolygon", "coordinates": [ [ [ [ 140.548616399999986, 35.8078793 ], [ 140.5488511, 35.8079419 ], [ 140.5490249, 35.8077618 ], [ 140.5490695, 35.8076856 ], [ 140.5490814, 35.8076338 ], [ 140.5488164, 35.807552 ], [ 140.548775299999988, 35.8076391 ], [ 140.5487697, 35.8076414 ], [ 140.5487024, 35.8077039 ], [ 140.5486438, 35.8077802 ], [ 140.548616399999986, 35.8078793 ] ] ] ] } },
{ "type": "Feature", "properties": { "fid": 728, "field_id": 5616578, "location": "1-1", "field_seq": null, "field_no": "高萩字駒ケ谷1792", "farmer_cd": "k16", "farmer": "藤崎克則", "crop": null, "area": 5.0, "calc_area": 2.95, "remark": 1, "tiban": "1792" }, "geometry": { "type": "MultiPolygon", "coordinates": [ [ [ [ 140.5490814, 35.8076338 ], [ 140.5491048, 35.8075313 ], [ 140.548866800000013, 35.8074453 ], [ 140.5488164, 35.807552 ], [ 140.5490814, 35.8076338 ] ] ] ] } },
{ "type": "Feature", "properties": { "fid": 729, "field_id": 5616579, "location": "1-1", "field_seq": null, "field_no": "高萩字廣町1751", "farmer_cd": "k16", "farmer": "藤崎克則", "crop": null, "area": 0.1, "calc_area": 0.59, "remark": 1, "tiban": "1751" }, "geometry": { "type": "MultiPolygon", "coordinates": [ [ [ [ 140.5418288, 35.8091791 ], [ 140.5419403, 35.8092029 ], [ 140.5419609, 35.8091505 ], [ 140.5418494, 35.8091339 ], [ 140.5418288, 35.8091791 ] ] ] ] } },
{ "type": "Feature", "properties": { "fid": 730, "field_id": 5616580, "location": "1-1", "field_seq": null, "field_no": "高萩字根崎797-1", "farmer_cd": "k16", "farmer": "藤崎克則", "crop": null, "area": 10.9, "calc_area": 9.5, "remark": 1, "tiban": "797-1" }, "geometry": { "type": "MultiPolygon", "coordinates": [ [ [ [ 140.5317077, 35.8161421 ], [ 140.5317928, 35.8162491 ], [ 140.5324881, 35.8159018 ], [ 140.5324177, 35.8158138 ], [ 140.5317077, 35.8161421 ] ] ] ] } },
{ "type": "Feature", "properties": { "fid": 731, "field_id": 5616581, "location": "1-1", "field_seq": null, "field_no": "高萩字根崎798-2", "farmer_cd": "k16", "farmer": "藤崎克則", "crop": null, "area": 10.9, "calc_area": 9.35, "remark": 1, "tiban": "798-2" }, "geometry": { "type": "MultiPolygon", "coordinates": [ [ [ [ 140.5318016, 35.8162515 ], [ 140.5318661, 35.8163586 ], [ 140.5325556, 35.815997 ], [ 140.5324793, 35.8159042 ], [ 140.5318016, 35.8162515 ] ] ] ] } },
{ "type": "Feature", "properties": { "fid": 732, "field_id": 5616582, "location": "1-1", "field_seq": null, "field_no": "高萩字根崎807-1", "farmer_cd": "k16", "farmer": "藤崎克則", "crop": null, "area": 10.3, "calc_area": 6.15, "remark": 1, "tiban": "807-1" }, "geometry": { "type": "MultiPolygon", "coordinates": [ [ [ [ 140.53217570000001, 35.8167467 ], [ 140.5326451, 35.8166646 ], [ 140.53294, 35.8165278 ], [ 140.532874, 35.8164386 ], [ 140.53217570000001, 35.8167467 ] ] ] ] } },
{ "type": "Feature", "properties": { "fid": 733, "field_id": 5616584, "location": "1-1", "field_seq": null, "field_no": "高萩字中上1405-2", "farmer_cd": "k16", "farmer": "藤崎克則", "crop": null, "area": 2.6, "calc_area": 4.0, "remark": 1, "tiban": "1405-2" }, "geometry": { "type": "MultiPolygon", "coordinates": [ [ [ [ 140.5415241, 35.8091856 ], [ 140.5416347, 35.8092046 ], [ 140.5417565, 35.8091453 ], [ 140.541784400000012, 35.8090127 ], [ 140.5415798, 35.8089901 ], [ 140.5415241, 35.8091856 ] ] ] ] } },
{ "type": "Feature", "properties": { "fid": 734, "field_id": 5616385, "location": "1-1", "field_seq": null, "field_no": "高萩字太田1300", "farmer_cd": "k157", "farmer": "藤崎善史", "crop": null, "area": 9.4, "calc_area": 11.64, "remark": 1, "tiban": "1300" }, "geometry": { "type": "MultiPolygon", "coordinates": [ [ [ [ 140.5361815, 35.8138294 ], [ 140.536278399999986, 35.8139073 ], [ 140.5369456, 35.8134963 ], [ 140.5368698, 35.8134004 ], [ 140.5367767, 35.8134419 ], [ 140.5366694, 35.8134883 ], [ 140.5365602, 35.8135449 ], [ 140.5364995, 35.8135778 ], [ 140.5364137, 35.8136389 ], [ 140.5363336, 35.813705 ], [ 140.5361815, 35.8138294 ] ] ] ] } },
{ "type": "Feature", "properties": { "fid": 735, "field_id": 5616418, "location": "1-1", "field_seq": null, "field_no": "高萩字太田1301-2", "farmer_cd": "k157", "farmer": "藤崎善史", "crop": null, "area": 8.2, "calc_area": 8.81, "remark": 1, "tiban": "1301-2" }, "geometry": { "type": "MultiPolygon", "coordinates": [ [ [ [ 140.5369456, 35.8134963 ], [ 140.536278399999986, 35.8139073 ], [ 140.536373200000014, 35.8139843 ], [ 140.537016099999988, 35.8135855 ], [ 140.5369456, 35.8134963 ] ] ] ] } },
{ "type": "Feature", "properties": { "fid": 736, "field_id": 5616444, "location": "1-1", "field_seq": null, "field_no": "高萩字太田1305-2", "farmer_cd": "k157", "farmer": "藤崎善史", "crop": null, "area": 4.3, "calc_area": 4.15, "remark": 1, "tiban": "1305-2" }, "geometry": { "type": "MultiPolygon", "coordinates": [ [ [ [ 140.537138700000014, 35.8136876 ], [ 140.537161700000013, 35.8136808 ], [ 140.5374088, 35.8136112 ], [ 140.5373558, 35.8134888 ], [ 140.5370419, 35.8135655 ], [ 140.537138700000014, 35.8136876 ] ] ] ] } },
{ "type": "Feature", "properties": { "fid": 737, "field_id": 5613734, "location": "1-2　", "field_seq": null, "field_no": "荒北字コジヤ1856-1", "farmer_cd": "k2", "farmer": "藤崎茂之", "crop": null, "area": 9.4, "calc_area": 8.61, "remark": 2, "tiban": "1856-1" }, "geometry": { "type": "MultiPolygon", "coordinates": [ [ [ [ 140.4929268, 35.8099834 ], [ 140.4929808, 35.8104255 ], [ 140.4930079, 35.8104227 ], [ 140.4930483, 35.8104463 ], [ 140.4931681, 35.8104372 ], [ 140.4931096, 35.809966 ], [ 140.4929268, 35.8099834 ] ] ] ] } },
{ "type": "Feature", "properties": { "fid": 738, "field_id": 5616585, "location": "1-1", "field_seq": null, "field_no": "高萩字小山1117", "farmer_cd": "k15", "farmer": "藤崎隆夫", "crop": null, "area": 12.0, "calc_area": 13.84, "remark": 1, "tiban": "1117" }, "geometry": { "type": "MultiPolygon", "coordinates": [ [ [ [ 140.5342282, 35.8152504 ], [ 140.534276299999988, 35.8152318 ], [ 140.5344169, 35.8151653 ], [ 140.5345738, 35.8150896 ], [ 140.534631100000013, 35.8150567 ], [ 140.5347121, 35.8150004 ], [ 140.534905, 35.8148481 ], [ 140.53479, 35.8147568 ], [ 140.5347832, 35.8147514 ], [ 140.5341345, 35.8151087 ], [ 140.5342282, 35.8152504 ] ] ] ] } },
{ "type": "Feature", "properties": { "fid": 739, "field_id": 5616586, "location": "1-1", "field_seq": null, "field_no": "高萩字小山1118-3", "farmer_cd": "k15", "farmer": "藤崎隆夫", "crop": null, "area": 8.2, "calc_area": 10.97, "remark": 1, "tiban": "1118-3" }, "geometry": { "type": "MultiPolygon", "coordinates": [ [ [ [ 140.5347832, 35.8147514 ], [ 140.5346614, 35.8146553 ], [ 140.534628, 35.8146366 ], [ 140.5345635, 35.8147053 ], [ 140.5344863, 35.8147592 ], [ 140.5343475, 35.8148134 ], [ 140.5342726, 35.8148514 ], [ 140.5341803, 35.8149095 ], [ 140.5340428, 35.8149776 ], [ 140.5341144, 35.8150783 ], [ 140.5341345, 35.8151087 ], [ 140.5347832, 35.8147514 ] ] ] ] } },
{ "type": "Feature", "properties": { "fid": 740, "field_id": 5616587, "location": "1-1", "field_seq": null, "field_no": "高萩字小山1284-5", "farmer_cd": "k15", "farmer": "藤崎隆夫", "crop": null, "area": 7.1, "calc_area": 9.93, "remark": 1, "tiban": "1284-5" }, "geometry": { "type": "MultiPolygon", "coordinates": [ [ [ [ 140.5349228, 35.8148343 ], [ 140.5352212, 35.8145921 ], [ 140.5353916, 35.8144518 ], [ 140.5353213, 35.8143782 ], [ 140.535276399999987, 35.8143336 ], [ 140.5347978, 35.8147345 ], [ 140.534798599999988, 35.8147351 ], [ 140.5348158, 35.8147488 ], [ 140.5349228, 35.8148343 ] ] ] ] } },
{ "type": "Feature", "properties": { "fid": 741, "field_id": 5616589, "location": "1-1", "field_seq": null, "field_no": "高萩字小山1284-7", "farmer_cd": "k15", "farmer": "藤崎隆夫", "crop": null, "area": 1.4, "calc_area": 1.81, "remark": 1, "tiban": "1284-7" }, "geometry": { "type": "MultiPolygon", "coordinates": [ [ [ [ 140.535276399999987, 35.8143336 ], [ 140.535255400000011, 35.8143127 ], [ 140.534775200000013, 35.8147165 ], [ 140.5347978, 35.8147345 ], [ 140.535276399999987, 35.8143336 ] ] ] ] } },
{ "type": "Feature", "properties": { "fid": 742, "field_id": 5616590, "location": "1-1", "field_seq": null, "field_no": "高萩字小山1283-1", "farmer_cd": "k15", "farmer": "藤崎隆夫", "crop": null, "area": 4.3, "calc_area": 10.43, "remark": 1, "tiban": "1283-1" }, "geometry": { "type": "MultiPolygon", "coordinates": [ [ [ [ 140.535255400000011, 35.8143127 ], [ 140.5351526, 35.8142108 ], [ 140.5351226, 35.8142352 ], [ 140.5350684, 35.8142724 ], [ 140.5349931, 35.8143232 ], [ 140.5348708, 35.8144087 ], [ 140.534831700000012, 35.8144419 ], [ 140.534741200000013, 35.8145262 ], [ 140.534663, 35.8145934 ], [ 140.5346518, 35.8146071 ], [ 140.5346518, 35.8146164 ], [ 140.5346877, 35.8146469 ], [ 140.534775200000013, 35.8147165 ], [ 140.535255400000011, 35.8143127 ] ] ] ] } },
{ "type": "Feature", "properties": { "fid": 743, "field_id": 5616036, "location": "1-1", "field_seq": null, "field_no": "助沢字中橋上581-1,582-1", "farmer_cd": "k161", "farmer": "八代金吾", "crop": null, "area": 19.4, "calc_area": 22.48, "remark": 1, "tiban": "581-1,582-1" }, "geometry": { "type": "MultiPolygon", "coordinates": [ [ [ [ 140.5045381, 35.8316254 ], [ 140.504849400000012, 35.8317017 ], [ 140.5048644, 35.8316547 ], [ 140.504948, 35.8314299 ], [ 140.505017900000013, 35.8312395 ], [ 140.5050555, 35.8311411 ], [ 140.5050896, 35.8310386 ], [ 140.5047793, 35.8309638 ], [ 140.5045381, 35.8316254 ] ] ] ] } },
{ "type": "Feature", "properties": { "fid": 744, "field_id": 5616053, "location": "1-1", "field_seq": null, "field_no": "助沢字中橋上584-1", "farmer_cd": "k161", "farmer": "八代金吾", "crop": null, "area": 5.2, "calc_area": 5.73, "remark": 1, "tiban": "584-1" }, "geometry": { "type": "MultiPolygon", "coordinates": [ [ [ [ 140.5043949, 35.8316154 ], [ 140.5040745, 35.8315404 ], [ 140.504041300000011, 35.8315378 ], [ 140.504050400000011, 35.8316653 ], [ 140.5040559, 35.8317132 ], [ 140.504333300000013, 35.8317852 ], [ 140.5043949, 35.8316154 ] ] ] ] } },
{ "type": "Feature", "properties": { "fid": 745, "field_id": 5616146, "location": "1-1", "field_seq": null, "field_no": "助沢字森山889-1", "farmer_cd": "k38", "farmer": "八代成義", "crop": null, "area": 6.0, "calc_area": 6.62, "remark": 1, "tiban": "889-1" }, "geometry": { "type": "MultiPolygon", "coordinates": [ [ [ [ 140.5094082, 35.8212137 ], [ 140.5094685, 35.8212075 ], [ 140.509540500000014, 35.8211936 ], [ 140.5096016, 35.8211959 ], [ 140.5096748, 35.8211937 ], [ 140.5100136, 35.8211132 ], [ 140.509987599999988, 35.8210211 ], [ 140.509978100000012, 35.8209878 ], [ 140.5093908, 35.8211507 ], [ 140.5094082, 35.8212137 ] ] ] ] } },
{ "type": "Feature", "properties": { "fid": 746, "field_id": 5616164, "location": "1-1", "field_seq": null, "field_no": "助沢字森山887", "farmer_cd": "k38", "farmer": "八代成義", "crop": null, "area": 9.5, "calc_area": 10.55, "remark": 1, "tiban": "887" }, "geometry": { "type": "MultiPolygon", "coordinates": [ [ [ [ 140.5099112, 35.82069 ], [ 140.5099079, 35.8206822 ], [ 140.509769799999987, 35.8207236 ], [ 140.509502700000013, 35.8207974 ], [ 140.509312200000011, 35.8208503 ], [ 140.509316500000011, 35.8208673 ], [ 140.509353299999987, 35.8210153 ], [ 140.509935899999988, 35.8208507 ], [ 140.5099375, 35.8208558 ], [ 140.509957, 35.8208505 ], [ 140.5099112, 35.82069 ] ] ] ] } },
{ "type": "Feature", "properties": { "fid": 747, "field_id": 5616171, "location": "1-1", "field_seq": null, "field_no": "岩部字大塚3563", "farmer_cd": "k38", "farmer": "八代成義", "crop": null, "area": 10.0, "calc_area": 10.26, "remark": 1, "tiban": "3563" }, "geometry": { "type": "MultiPolygon", "coordinates": [ [ [ [ 140.5113244, 35.8186639 ], [ 140.511192099999988, 35.8188393 ], [ 140.5110109, 35.8190788 ], [ 140.511131, 35.8191282 ], [ 140.5111953, 35.8191571 ], [ 140.511209, 35.8191522 ], [ 140.51138850000001, 35.81891 ], [ 140.511502900000011, 35.8187553 ], [ 140.5113244, 35.8186639 ] ] ] ] } },
{ "type": "Feature", "properties": { "fid": 748, "field_id": 5616179, "location": "1-1", "field_seq": null, "field_no": "助沢字森山881", "farmer_cd": "k38", "farmer": "八代成義", "crop": null, "area": 8.9, "calc_area": 9.59, "remark": 1, "tiban": "881" }, "geometry": { "type": "MultiPolygon", "coordinates": [ [ [ [ 140.5103791, 35.8207378 ], [ 140.509957, 35.8208505 ], [ 140.5099375, 35.8208558 ], [ 140.509978100000012, 35.8209878 ], [ 140.509987599999988, 35.8210211 ], [ 140.5104657, 35.8209053 ], [ 140.510480800000011, 35.8208657 ], [ 140.51048560000001, 35.8207753 ], [ 140.5104757, 35.8207102 ], [ 140.5103791, 35.8207378 ] ] ] ] } },
{ "type": "Feature", "properties": { "fid": 749, "field_id": 5616183, "location": "1-1", "field_seq": null, "field_no": "助沢字森山888", "farmer_cd": "k38", "farmer": "八代成義", "crop": null, "area": 8.1, "calc_area": 8.65, "remark": 1, "tiban": "888" }, "geometry": { "type": "MultiPolygon", "coordinates": [ [ [ [ 140.5093908, 35.8211507 ], [ 140.509978100000012, 35.8209878 ], [ 140.5099375, 35.8208558 ], [ 140.509935899999988, 35.8208507 ], [ 140.509353299999987, 35.8210153 ], [ 140.5093908, 35.8211507 ] ] ] ] } },
{ "type": "Feature", "properties": { "fid": 750, "field_id": 5616201, "location": "1-1", "field_seq": null, "field_no": "岩部字大塚3568", "farmer_cd": "k38", "farmer": "八代成義", "crop": null, "area": 9.8, "calc_area": 9.76, "remark": 1, "tiban": "3568" }, "geometry": { "type": "MultiPolygon", "coordinates": [ [ [ [ 140.5102334, 35.8186575 ], [ 140.510330900000014, 35.8185317 ], [ 140.5105465, 35.8182583 ], [ 140.5103718, 35.8181678 ], [ 140.5103302, 35.8182193 ], [ 140.5100631, 35.818562 ], [ 140.5102334, 35.8186575 ] ] ] ] } },
{ "type": "Feature", "properties": { "fid": 751, "field_id": 5616223, "location": "1-1", "field_seq": null, "field_no": "助沢字森山882", "farmer_cd": "k38", "farmer": "八代成義", "crop": null, "area": 7.0, "calc_area": 7.19, "remark": 1, "tiban": "882" }, "geometry": { "type": "MultiPolygon", "coordinates": [ [ [ [ 140.509957, 35.8208505 ], [ 140.5103791, 35.8207378 ], [ 140.510369700000012, 35.8207249 ], [ 140.5103229, 35.8205865 ], [ 140.5103159, 35.8205798 ], [ 140.5102579, 35.8205966 ], [ 140.5099112, 35.82069 ], [ 140.509957, 35.8208505 ] ] ] ] } },
{ "type": "Feature", "properties": { "fid": 752, "field_id": 5616243, "location": "1-1", "field_seq": null, "field_no": "助沢字森山880", "farmer_cd": "k38", "farmer": "八代成義", "crop": null, "area": 7.4, "calc_area": 7.42, "remark": 1, "tiban": "880" }, "geometry": { "type": "MultiPolygon", "coordinates": [ [ [ [ 140.5100136, 35.8211132 ], [ 140.510041, 35.8212016 ], [ 140.510056600000013, 35.8212178 ], [ 140.510299800000013, 35.8211134 ], [ 140.5103892, 35.8210551 ], [ 140.5104341, 35.8209879 ], [ 140.5104657, 35.8209053 ], [ 140.509987599999988, 35.8210211 ], [ 140.5100136, 35.8211132 ] ] ] ] } },
{ "type": "Feature", "properties": { "fid": 753, "field_id": 5616254, "location": "1-1", "field_seq": null, "field_no": "岩部字大塚3562", "farmer_cd": "k38", "farmer": "八代成義", "crop": null, "area": 8.6, "calc_area": 7.33, "remark": 1, "tiban": "3562" }, "geometry": { "type": "MultiPolygon", "coordinates": [ [ [ [ 140.511502900000011, 35.8187553 ], [ 140.51138850000001, 35.81891 ], [ 140.511209, 35.8191522 ], [ 140.511523, 35.8190398 ], [ 140.511557399999987, 35.8190273 ], [ 140.5116856, 35.8188528 ], [ 140.5115581, 35.8187836 ], [ 140.511502900000011, 35.8187553 ] ] ] ] } },
{ "type": "Feature", "properties": { "fid": 754, "field_id": 5616258, "location": "1-1", "field_seq": null, "field_no": "助沢字森山886", "farmer_cd": "k38", "farmer": "八代成義", "crop": null, "area": 10.7, "calc_area": 12.05, "remark": 1, "tiban": "886" }, "geometry": { "type": "MultiPolygon", "coordinates": [ [ [ [ 140.5099079, 35.8206822 ], [ 140.5098625, 35.8205761 ], [ 140.5098496, 35.820567 ], [ 140.50984170000001, 35.8205481 ], [ 140.509828, 35.8204984 ], [ 140.5092626, 35.8206579 ], [ 140.509312200000011, 35.8208503 ], [ 140.509502700000013, 35.8207974 ], [ 140.509769799999987, 35.8207236 ], [ 140.5099079, 35.8206822 ] ] ] ] } },
{ "type": "Feature", "properties": { "fid": 755, "field_id": 5616359, "location": "1-1", "field_seq": null, "field_no": "岩部字九沢3617", "farmer_cd": "k38", "farmer": "八代成義", "crop": null, "area": 9.7, "calc_area": 11.52, "remark": 1, "tiban": "3617" }, "geometry": { "type": "MultiPolygon", "coordinates": [ [ [ [ 140.513742400000012, 35.8177262 ], [ 140.513699, 35.8175373 ], [ 140.5133629, 35.8175945 ], [ 140.5133, 35.817604 ], [ 140.513177899999988, 35.8176288 ], [ 140.5130962, 35.8176382 ], [ 140.5131394, 35.8178172 ], [ 140.513419, 35.8177766 ], [ 140.513742400000012, 35.8177262 ] ] ] ] } },
{ "type": "Feature", "properties": { "fid": 756, "field_id": 5616698, "location": "1-1", "field_seq": null, "field_no": "助沢字森山892", "farmer_cd": "k38", "farmer": "八代成義", "crop": null, "area": 9.7, "calc_area": 9.08, "remark": 1, "tiban": "892" }, "geometry": { "type": "MultiPolygon", "coordinates": [ [ [ [ 140.5087054, 35.8210629 ], [ 140.508992299999989, 35.8210186 ], [ 140.5092929, 35.8209693 ], [ 140.5093127, 35.8209511 ], [ 140.509280499999988, 35.8208264 ], [ 140.5086737, 35.8209157 ], [ 140.5087054, 35.8210629 ] ] ] ] } },
{ "type": "Feature", "properties": { "fid": 757, "field_id": 5616700, "location": "1-1", "field_seq": null, "field_no": "助沢字森山893", "farmer_cd": "k38", "farmer": "八代成義", "crop": null, "area": 9.8, "calc_area": 10.54, "remark": 1, "tiban": "893" }, "geometry": { "type": "MultiPolygon", "coordinates": [ [ [ [ 140.509280499999988, 35.8208264 ], [ 140.509239, 35.8206658 ], [ 140.508634300000011, 35.8207397 ], [ 140.5086469, 35.820791 ], [ 140.5086737, 35.8209157 ], [ 140.509280499999988, 35.8208264 ] ] ] ] } },
{ "type": "Feature", "properties": { "fid": 758, "field_id": 5616702, "location": "1-1", "field_seq": null, "field_no": "助沢字森山894", "farmer_cd": "k38", "farmer": "八代成義", "crop": null, "area": 10.2, "calc_area": 13.36, "remark": 1, "tiban": "894" }, "geometry": { "type": "MultiPolygon", "coordinates": [ [ [ [ 140.509239, 35.8206658 ], [ 140.5091947, 35.8204945 ], [ 140.5091864, 35.8204795 ], [ 140.50904460000001, 35.8204785 ], [ 140.50857640000001, 35.8205043 ], [ 140.508634300000011, 35.8207397 ], [ 140.509239, 35.8206658 ] ] ] ] } },
{ "type": "Feature", "properties": { "fid": 759, "field_id": 5616703, "location": "1-1", "field_seq": null, "field_no": "助沢字森山895", "farmer_cd": "k38", "farmer": "八代成義", "crop": null, "area": 3.2, "calc_area": 2.14, "remark": 1, "tiban": "895" }, "geometry": { "type": "MultiPolygon", "coordinates": [ [ [ [ 140.50904460000001, 35.8204785 ], [ 140.508993299999986, 35.8204782 ], [ 140.5088749, 35.8204686 ], [ 140.508769, 35.8204499 ], [ 140.5086771, 35.8204252 ], [ 140.5085458, 35.8203789 ], [ 140.5085611, 35.8204421 ], [ 140.50857640000001, 35.8205043 ], [ 140.50904460000001, 35.8204785 ] ] ] ] } },
{ "type": "Feature", "properties": { "fid": 760, "field_id": 5616032, "location": "1-1", "field_seq": null, "field_no": "助沢字中橋上573", "farmer_cd": "k121", "farmer": "八代忠雄", "crop": null, "area": 14.5, "calc_area": 15.21, "remark": 1, "tiban": "573" }, "geometry": { "type": "MultiPolygon", "coordinates": [ [ [ [ 140.50535450000001, 35.8310742 ], [ 140.50556370000001, 35.8311234 ], [ 140.5058066, 35.8304671 ], [ 140.5055917, 35.8304145 ], [ 140.50535450000001, 35.8310742 ] ] ] ] } },
{ "type": "Feature", "properties": { "fid": 761, "field_id": 5616035, "location": "1-1", "field_seq": null, "field_no": "助沢字中橋上577", "farmer_cd": "k121", "farmer": "八代忠雄", "crop": null, "area": 14.6, "calc_area": 15.75, "remark": 1, "tiban": "577" }, "geometry": { "type": "MultiPolygon", "coordinates": [ [ [ [ 140.505310400000013, 35.8318158 ], [ 140.50544020000001, 35.8318493 ], [ 140.505485, 35.8318591 ], [ 140.5055171, 35.8318589 ], [ 140.505527199999989, 35.8318604 ], [ 140.5056688, 35.8314686 ], [ 140.5057567, 35.8312332 ], [ 140.5058018, 35.8312413 ], [ 140.5058034, 35.8312025 ], [ 140.5055556, 35.8311467 ], [ 140.5054705, 35.8313809 ], [ 140.505310400000013, 35.8318158 ] ] ] ] } },
{ "type": "Feature", "properties": { "fid": 762, "field_id": 5616045, "location": "1-1", "field_seq": null, "field_no": "助沢字中橋上572", "farmer_cd": "k121", "farmer": "八代忠雄", "crop": null, "area": 14.6, "calc_area": 16.91, "remark": 1, "tiban": "572" }, "geometry": { "type": "MultiPolygon", "coordinates": [ [ [ [ 140.505125099999987, 35.8310203 ], [ 140.50535450000001, 35.8310742 ], [ 140.5055917, 35.8304145 ], [ 140.5054949, 35.8303908 ], [ 140.5055015, 35.8303688 ], [ 140.5053753, 35.8303393 ], [ 140.505354399999987, 35.8304008 ], [ 140.5053179, 35.8304779 ], [ 140.5052926, 35.8305376 ], [ 140.5052785, 35.8305782 ], [ 140.505237599999987, 35.8307134 ], [ 140.505212699999987, 35.8307789 ], [ 140.5051834, 35.8308376 ], [ 140.505168700000013, 35.830875 ], [ 140.5051592, 35.8309049 ], [ 140.505125099999987, 35.8310203 ] ] ] ] } },
{ "type": "Feature", "properties": { "fid": 763, "field_id": 5616047, "location": "1-1", "field_seq": null, "field_no": "助沢字中橋上576-1", "farmer_cd": "k121", "farmer": "八代忠雄", "crop": null, "area": 7.4, "calc_area": 8.69, "remark": 1, "tiban": "576-1" }, "geometry": { "type": "MultiPolygon", "coordinates": [ [ [ [ 140.505527199999989, 35.8318604 ], [ 140.5056099, 35.8318725 ], [ 140.5056473, 35.8318807 ], [ 140.5056653, 35.8318811 ], [ 140.505676200000011, 35.8318742 ], [ 140.5056907, 35.8318406 ], [ 140.5057448, 35.8316963 ], [ 140.5058081, 35.8314995 ], [ 140.5058209, 35.8314497 ], [ 140.5058263, 35.8314062 ], [ 140.5058268, 35.83138 ], [ 140.50582, 35.8313428 ], [ 140.505807299999987, 35.8312884 ], [ 140.50580260000001, 35.831256 ], [ 140.5058018, 35.8312413 ], [ 140.5057567, 35.8312332 ], [ 140.5056688, 35.8314686 ], [ 140.505527199999989, 35.8318604 ] ] ] ] } },
{ "type": "Feature", "properties": { "fid": 764, "field_id": 5616049, "location": "1-1", "field_seq": null, "field_no": "助沢字中橋上579", "farmer_cd": "k121", "farmer": "八代忠雄", "crop": null, "area": 14.4, "calc_area": 15.45, "remark": 1, "tiban": "579" }, "geometry": { "type": "MultiPolygon", "coordinates": [ [ [ [ 140.505099699999988, 35.8317614 ], [ 140.505310400000013, 35.8318158 ], [ 140.5054705, 35.8313809 ], [ 140.5055556, 35.8311467 ], [ 140.50555270000001, 35.8311461 ], [ 140.5053433, 35.8310965 ], [ 140.505099699999988, 35.8317614 ] ] ] ] } },
{ "type": "Feature", "properties": { "fid": 765, "field_id": 5616061, "location": "1-1", "field_seq": null, "field_no": "助沢字新田橋上598-1", "farmer_cd": "k121", "farmer": "八代忠雄", "crop": null, "area": 15.7, "calc_area": 20.47, "remark": 1, "tiban": "598-1" }, "geometry": { "type": "MultiPolygon", "coordinates": [ [ [ [ 140.50420170000001, 35.8340821 ], [ 140.5043356, 35.8340746 ], [ 140.504376900000011, 35.834085 ], [ 140.504450100000014, 35.834077 ], [ 140.5044039, 35.83373 ], [ 140.5043487, 35.8333085 ], [ 140.5043325, 35.8332018 ], [ 140.504172, 35.8332117 ], [ 140.5041281, 35.8332085 ], [ 140.5040855, 35.8332072 ], [ 140.5041484, 35.8335844 ], [ 140.5042034, 35.8338736 ], [ 140.5042133, 35.8339515 ], [ 140.5042129, 35.834022 ], [ 140.50420170000001, 35.8340821 ] ] ] ] } },
{ "type": "Feature", "properties": { "fid": 766, "field_id": 5616046, "location": "1-1", "field_seq": null, "field_no": "助沢字中橋上574", "farmer_cd": "k121", "farmer": "八代忠雄", "crop": null, "area": 16.5, "calc_area": 16.81, "remark": 1, "tiban": "574" }, "geometry": { "type": "MultiPolygon", "coordinates": [ [ [ [ 140.50556370000001, 35.8311234 ], [ 140.5057697, 35.8311718 ], [ 140.5057928, 35.8310581 ], [ 140.50582270000001, 35.8309802 ], [ 140.5058602, 35.8308939 ], [ 140.5059158, 35.8308148 ], [ 140.5059494, 35.8307803 ], [ 140.506147199999987, 35.8305405 ], [ 140.5058646, 35.8304813 ], [ 140.5058066, 35.8304671 ], [ 140.50556370000001, 35.8311234 ] ] ] ] } },
{ "type": "Feature", "properties": { "fid": 767, "field_id": 5616541, "location": "1-1", "field_seq": null, "field_no": "中橋上563-2", "farmer_cd": "k121", "farmer": "八代忠雄", "crop": null, "area": 2.0, "calc_area": 2.36, "remark": 1, "tiban": "563-2" }, "geometry": { "type": "MultiPolygon", "coordinates": [ [ [ [ 140.5060923, 35.8304966 ], [ 140.5062141, 35.8305268 ], [ 140.5062327, 35.8303279 ], [ 140.5061058, 35.8303211 ], [ 140.5060923, 35.8304966 ] ] ] ] } },
{ "type": "Feature", "properties": { "fid": 768, "field_id": 5613820, "location": "1-3", "field_seq": null, "field_no": "岩部字荒句下3068", "farmer_cd": "k61", "farmer": "畔蒜健二", "crop": null, "area": 9.7, "calc_area": 10.13, "remark": 3, "tiban": "3068" }, "geometry": { "type": "MultiPolygon", "coordinates": [ [ [ [ 140.5064214, 35.8048339 ], [ 140.5063959, 35.8050132 ], [ 140.506349300000011, 35.8053219 ], [ 140.5065576, 35.8053379 ], [ 140.5065955, 35.8050808 ], [ 140.5066238, 35.8048582 ], [ 140.5065228, 35.8048467 ], [ 140.5064214, 35.8048339 ] ] ] ] } },
{ "type": "Feature", "properties": { "fid": 769, "field_id": 5613869, "location": "1-3", "field_seq": null, "field_no": "岩部字荒句下3066", "farmer_cd": "k61", "farmer": "畔蒜健二", "crop": null, "area": 8.3, "calc_area": 8.32, "remark": null, "tiban": "3066" }, "geometry": { "type": "MultiPolygon", "coordinates": [ [ [ [ 140.506758884, 35.805355833 ], [ 140.506921172, 35.805370263 ], [ 140.506931372999986, 35.805303568 ], [ 140.506949655, 35.805301712 ], [ 140.506996433000012, 35.804977907 ], [ 140.507012866, 35.804900749 ], [ 140.506840558, 35.804877542 ], [ 140.506758884, 35.805355833 ] ] ] ] } },
{ "type": "Feature", "properties": { "fid": 770, "field_id": 5613877, "location": "1-3", "field_seq": null, "field_no": "岩部字田島3057", "farmer_cd": "k61", "farmer": "畔蒜健二", "crop": null, "area": 9.5, "calc_area": 10.96, "remark": 3, "tiban": "3057" }, "geometry": { "type": "MultiPolygon", "coordinates": [ [ [ [ 140.5055965, 35.804739 ], [ 140.505818799999986, 35.804761 ], [ 140.505884, 35.804279 ], [ 140.505676, 35.8042605 ], [ 140.505667100000011, 35.8042316 ], [ 140.505659799999989, 35.8042507 ], [ 140.5055965, 35.804739 ] ] ] ] } },
{ "type": "Feature", "properties": { "fid": 771, "field_id": 5613878, "location": "1-3", "field_seq": null, "field_no": "岩部字大曲メ3105", "farmer_cd": "k61", "farmer": "畔蒜健二", "crop": null, "area": 10.9, "calc_area": 10.89, "remark": null, "tiban": "3105" }, "geometry": { "type": "MultiPolygon", "coordinates": [ [ [ [ 140.505436674, 35.805788527 ], [ 140.505513058, 35.805293089 ], [ 140.505289392, 35.805271584 ], [ 140.50525065, 35.80558269 ], [ 140.505227772000012, 35.805766403 ], [ 140.505242138, 35.805767795 ], [ 140.505436674, 35.805788527 ] ] ] ] } },
{ "type": "Feature", "properties": { "fid": 772, "field_id": 5613895, "location": "1-3", "field_seq": null, "field_no": "岩部字苅毛下3186", "farmer_cd": "k61", "farmer": "畔蒜健二", "crop": null, "area": 8.2, "calc_area": 8.18, "remark": null, "tiban": "3186" }, "geometry": { "type": "MultiPolygon", "coordinates": [ [ [ [ 140.502293345999988, 35.80662648 ], [ 140.502242478999989, 35.80672144 ], [ 140.502094728, 35.807010411 ], [ 140.502117348000013, 35.80701264 ], [ 140.502132847000013, 35.807024501 ], [ 140.502297715, 35.807044323 ], [ 140.502432984, 35.806776294 ], [ 140.502477713, 35.806690504 ], [ 140.502471737, 35.806688382 ], [ 140.502293345999988, 35.80662648 ] ] ] ] } },
{ "type": "Feature", "properties": { "fid": 773, "field_id": 5613905, "location": "1-3", "field_seq": null, "field_no": "岩部字田島3062-1", "farmer_cd": "k61", "farmer": "畔蒜健二", "crop": null, "area": 7.6, "calc_area": 7.49, "remark": 3, "tiban": "3062-1" }, "geometry": { "type": "MultiPolygon", "coordinates": [ [ [ [ 140.506629, 35.8048424 ], [ 140.5068664, 35.804597 ], [ 140.50694, 35.8045253 ], [ 140.5069576, 35.8045046 ], [ 140.5069279, 35.8044833 ], [ 140.5067761, 35.8043585 ], [ 140.5067118, 35.8043078 ], [ 140.506653300000011, 35.8046594 ], [ 140.506629, 35.8048424 ] ] ] ] } },
{ "type": "Feature", "properties": { "fid": 774, "field_id": 5613931, "location": "1-3", "field_seq": null, "field_no": "岩部字大曲メ3104-1", "farmer_cd": "k61", "farmer": "畔蒜健二", "crop": null, "area": 4.0, "calc_area": 3.97, "remark": null, "tiban": "3104-1" }, "geometry": { "type": "MultiPolygon", "coordinates": [ [ [ [ 140.505012191, 35.805745515 ], [ 140.505227772000012, 35.805766403 ], [ 140.50525065, 35.80558269 ], [ 140.505037005, 35.805564441 ], [ 140.505012191, 35.805745515 ] ] ] ] } },
{ "type": "Feature", "properties": { "fid": 775, "field_id": 5613935, "location": "1-3", "field_seq": null, "field_no": "岩部字西の山3192", "farmer_cd": "k61", "farmer": "畔蒜健二", "crop": null, "area": 8.4, "calc_area": 8.36, "remark": null, "tiban": "3192" }, "geometry": { "type": "MultiPolygon", "coordinates": [ [ [ [ 140.501320162000013, 35.80771527 ], [ 140.501802301, 35.807521239 ], [ 140.501671085, 35.807381862 ], [ 140.501480277000013, 35.807462277 ], [ 140.501272388, 35.807547724 ], [ 140.50129406, 35.807619246 ], [ 140.501320162000013, 35.80771527 ] ] ] ] } },
{ "type": "Feature", "properties": { "fid": 776, "field_id": 5613941, "location": "1-3", "field_seq": null, "field_no": "岩部字苅毛下3181", "farmer_cd": "k61", "farmer": "畔蒜健二", "crop": null, "area": 10.1, "calc_area": 10.07, "remark": null, "tiban": "3181" }, "geometry": { "type": "MultiPolygon", "coordinates": [ [ [ [ 140.50230166, 35.806607914 ], [ 140.502400311, 35.806642419 ], [ 140.502485122, 35.806672393 ], [ 140.502624688, 35.806411189 ], [ 140.502732142000013, 35.806212489 ], [ 140.502634291, 35.806177647 ], [ 140.502548176, 35.806146757 ], [ 140.502493805, 35.806248854 ], [ 140.50230166, 35.806607914 ] ] ] ] } },
{ "type": "Feature", "properties": { "fid": 777, "field_id": 5613965, "location": "1-3", "field_seq": null, "field_no": "岩部字田島3061-1", "farmer_cd": "k61", "farmer": "畔蒜健二", "crop": null, "area": 8.4, "calc_area": 7.99, "remark": 3, "tiban": "3061-1" }, "geometry": { "type": "MultiPolygon", "coordinates": [ [ [ [ 140.5064631, 35.8046402 ], [ 140.506653300000011, 35.8046594 ], [ 140.5067118, 35.8043078 ], [ 140.5065993, 35.8042194 ], [ 140.506521099999986, 35.8042619 ], [ 140.5065078, 35.8042635 ], [ 140.5064631, 35.8046402 ] ] ] ] } },
{ "type": "Feature", "properties": { "fid": 778, "field_id": 5613982, "location": "1-3", "field_seq": null, "field_no": "岩部字西の山3193", "farmer_cd": "k61", "farmer": "畔蒜健二", "crop": null, "area": 10.0, "calc_area": 10.02, "remark": null, "tiban": "3193" }, "geometry": { "type": "MultiPolygon", "coordinates": [ [ [ [ 140.501367460000012, 35.807887876 ], [ 140.501934619, 35.807656825 ], [ 140.501839582, 35.807560838 ], [ 140.501802301, 35.807521239 ], [ 140.501320162000013, 35.80771527 ], [ 140.501365559, 35.807882271 ], [ 140.501367460000012, 35.807887876 ] ] ] ] } },
{ "type": "Feature", "properties": { "fid": 779, "field_id": 5613985, "location": "1-3", "field_seq": null, "field_no": "岩部字苅毛下3180-1", "farmer_cd": "k61", "farmer": "畔蒜健二", "crop": null, "area": 10.7, "calc_area": 10.73, "remark": null, "tiban": "3180-1" }, "geometry": { "type": "MultiPolygon", "coordinates": [ [ [ [ 140.502485122, 35.806672393 ], [ 140.50268435000001, 35.806742802 ], [ 140.502801243, 35.80651636 ], [ 140.502923337, 35.80628057 ], [ 140.502732142000013, 35.806212489 ], [ 140.502624688, 35.806411189 ], [ 140.502485122, 35.806672393 ] ] ] ] } },
{ "type": "Feature", "properties": { "fid": 780, "field_id": 5613991, "location": "1-3", "field_seq": null, "field_no": "岩部字田島3060", "farmer_cd": "k61", "farmer": "畔蒜健二", "crop": null, "area": 11.2, "calc_area": 7.82, "remark": 3, "tiban": "3060" }, "geometry": { "type": "MultiPolygon", "coordinates": [ [ [ [ 140.5062485, 35.8046185 ], [ 140.5064631, 35.8046402 ], [ 140.5065078, 35.8042635 ], [ 140.506446899999986, 35.8042711 ], [ 140.506342499999988, 35.8042629 ], [ 140.5062955, 35.8042632 ], [ 140.5062754, 35.8044161 ], [ 140.5062485, 35.8046185 ] ] ] ] } },
{ "type": "Feature", "properties": { "fid": 781, "field_id": 5613999, "location": "1-3", "field_seq": null, "field_no": "岩部字田島3059", "farmer_cd": "k61", "farmer": "畔蒜健二", "crop": null, "area": 10.5, "calc_area": 10.74, "remark": 3, "tiban": "3059" }, "geometry": { "type": "MultiPolygon", "coordinates": [ [ [ [ 140.5060216, 35.8047811 ], [ 140.506224300000014, 35.8048012 ], [ 140.5062485, 35.8046185 ], [ 140.5062754, 35.8044161 ], [ 140.5062955, 35.8042632 ], [ 140.506237, 35.8042635 ], [ 140.5061177, 35.8042905 ], [ 140.5060815, 35.8042927 ], [ 140.5060216, 35.8047811 ] ] ] ] } },
{ "type": "Feature", "properties": { "fid": 782, "field_id": 5614002, "location": "1-3", "field_seq": null, "field_no": "岩部字田島3063-1", "farmer_cd": "k61", "farmer": "畔蒜健二", "crop": null, "area": 8.5, "calc_area": 8.78, "remark": 3, "tiban": "3063-1" }, "geometry": { "type": "MultiPolygon", "coordinates": [ [ [ [ 140.506649, 35.8048422 ], [ 140.5070058, 35.804877 ], [ 140.5071331, 35.8046565 ], [ 140.5070246, 35.8045625 ], [ 140.50697550000001, 35.8045226 ], [ 140.506952, 35.8045457 ], [ 140.5069241, 35.8045822 ], [ 140.5068839, 35.8046188 ], [ 140.506649, 35.8048422 ] ] ] ] } },
{ "type": "Feature", "properties": { "fid": 783, "field_id": 5614004, "location": "1-3", "field_seq": null, "field_no": "岩部字田島3061-2", "farmer_cd": "k61", "farmer": "畔蒜健二", "crop": null, "area": 3.6, "calc_area": 7.52, "remark": 3, "tiban": "3061-2" }, "geometry": { "type": "MultiPolygon", "coordinates": [ [ [ [ 140.506224300000014, 35.8048012 ], [ 140.5062872, 35.8048074 ], [ 140.506629, 35.8048424 ], [ 140.506653300000011, 35.8046594 ], [ 140.5064631, 35.8046402 ], [ 140.5062485, 35.8046185 ], [ 140.506224300000014, 35.8048012 ] ] ] ] } },
{ "type": "Feature", "properties": { "fid": 784, "field_id": 5614019, "location": "1-3", "field_seq": null, "field_no": "岩部字正谷5322", "farmer_cd": "k61", "farmer": "畔蒜健二", "crop": null, "area": 7.1, "calc_area": 7.91, "remark": 3, "tiban": "5322" }, "geometry": { "type": "MultiPolygon", "coordinates": [ [ [ [ 140.5081439, 35.8033416 ], [ 140.5081031, 35.8035087 ], [ 140.5080313, 35.8038335 ], [ 140.508151199999986, 35.8038512 ], [ 140.508192900000012, 35.8038573 ], [ 140.5082648, 35.8035354 ], [ 140.5082936, 35.8034065 ], [ 140.508220099999988, 35.8033725 ], [ 140.5081439, 35.8033416 ] ] ] ] } },
{ "type": "Feature", "properties": { "fid": 785, "field_id": 5614071, "location": "1-3", "field_seq": null, "field_no": "岩部字正谷5317", "farmer_cd": "k61", "farmer": "畔蒜健二", "crop": null, "area": 25.0, "calc_area": 26.7, "remark": 3, "tiban": "5317" }, "geometry": { "type": "MultiPolygon", "coordinates": [ [ [ [ 140.5069229, 35.8036622 ], [ 140.5072087, 35.8037114 ], [ 140.5073281, 35.8037292 ], [ 140.507457100000011, 35.8031753 ], [ 140.5074333, 35.8031712 ], [ 140.5071608, 35.8031333 ], [ 140.506962499999986, 35.8031061 ], [ 140.506952, 35.8031148 ], [ 140.50692810000001, 35.8033098 ], [ 140.5068961, 35.8035989 ], [ 140.5069264, 35.8036055 ], [ 140.506930399999987, 35.803616 ], [ 140.5069345, 35.803631 ], [ 140.5069229, 35.8036622 ] ] ] ] } },
{ "type": "Feature", "properties": { "fid": 786, "field_id": 5614172, "location": "1-3", "field_seq": null, "field_no": "岩部字正谷5328", "farmer_cd": "k61", "farmer": "畔蒜健二", "crop": null, "area": 16.7, "calc_area": 16.43, "remark": 3, "tiban": "5328" }, "geometry": { "type": "MultiPolygon", "coordinates": [ [ [ [ 140.509278599999988, 35.8039281 ], [ 140.50925, 35.8040648 ], [ 140.509187, 35.8043698 ], [ 140.5093262, 35.8043659 ], [ 140.5094683, 35.8043706 ], [ 140.509545300000013, 35.8043833 ], [ 140.5096287, 35.8039285 ], [ 140.509524699999986, 35.8039146 ], [ 140.5093709, 35.8038924 ], [ 140.5093339, 35.8038926 ], [ 140.5093085, 35.8039125 ], [ 140.509278599999988, 35.8039281 ] ] ] ] } },
{ "type": "Feature", "properties": { "fid": 787, "field_id": 5616021, "location": "1-3", "field_seq": null, "field_no": "岩部字正谷5343", "farmer_cd": "k61", "farmer": "畔蒜健二", "crop": null, "area": 18.0, "calc_area": 20.46, "remark": 3, "tiban": "5343" }, "geometry": { "type": "MultiPolygon", "coordinates": [ [ [ [ 140.510444299999989, 35.8050113 ], [ 140.5098874, 35.8053165 ], [ 140.509893299999987, 35.8053473 ], [ 140.5099361, 35.8053549 ], [ 140.5099949, 35.8053702 ], [ 140.5100564, 35.8053963 ], [ 140.5101173, 35.8054323 ], [ 140.5102195, 35.8055026 ], [ 140.5106634, 35.805248 ], [ 140.510780899999986, 35.8051767 ], [ 140.5106618, 35.8051159 ], [ 140.5104666, 35.8050212 ], [ 140.510444299999989, 35.8050113 ] ] ] ] } },
{ "type": "Feature", "properties": { "fid": 788, "field_id": 5616546, "location": "1-3", "field_seq": null, "field_no": "岩部字大曲3102-2", "farmer_cd": "k61", "farmer": "畔蒜健二", "crop": null, "area": 3.0, "calc_area": 3.75, "remark": null, "tiban": "3102-2" }, "geometry": { "type": "MultiPolygon", "coordinates": [ [ [ [ 140.504714299999989, 35.8057134 ], [ 140.504791, 35.8057156 ], [ 140.5048621, 35.8052341 ], [ 140.5047854, 35.8052273 ], [ 140.504714299999989, 35.8057134 ] ] ] ] } },
{ "type": "Feature", "properties": { "fid": 789, "field_id": 5616027, "location": "1-1", "field_seq": null, "field_no": "助沢字新田橋上862-1", "farmer_cd": "k122", "farmer": "畔蒜司", "crop": null, "area": 16.7, "calc_area": 20.41, "remark": 1, "tiban": "862-1" }, "geometry": { "type": "MultiPolygon", "coordinates": [ [ [ [ 140.5071939, 35.8356304 ], [ 140.507298, 35.8357477 ], [ 140.5073487, 35.8358114 ], [ 140.5076932, 35.8354717 ], [ 140.5078973, 35.8352686 ], [ 140.507895600000012, 35.8352632 ], [ 140.507893, 35.8352385 ], [ 140.507891, 35.8350361 ], [ 140.507882, 35.8350012 ], [ 140.5078737, 35.8349879 ], [ 140.507860599999987, 35.8349849 ], [ 140.507848599999988, 35.8349881 ], [ 140.507639, 35.8351943 ], [ 140.5074107, 35.8354197 ], [ 140.5071939, 35.8356304 ] ] ] ] } },
{ "type": "Feature", "properties": { "fid": 790, "field_id": 5616028, "location": "1-1", "field_seq": null, "field_no": "助沢字新田橋上863-1", "farmer_cd": "k122", "farmer": "畔蒜司", "crop": null, "area": 14.7, "calc_area": 13.74, "remark": 1, "tiban": "863-1" }, "geometry": { "type": "MultiPolygon", "coordinates": [ [ [ [ 140.5073487, 35.8358114 ], [ 140.507381400000014, 35.8358526 ], [ 140.507427299999989, 35.835913 ], [ 140.507460900000012, 35.8359484 ], [ 140.5076612, 35.8357512 ], [ 140.507864399999988, 35.8355538 ], [ 140.50802, 35.8353998 ], [ 140.5079575, 35.8353473 ], [ 140.5079153, 35.8353079 ], [ 140.507904, 35.8352895 ], [ 140.5078973, 35.8352686 ], [ 140.5076932, 35.8354717 ], [ 140.5073487, 35.8358114 ] ] ] ] } },
{ "type": "Feature", "properties": { "fid": 791, "field_id": 5616040, "location": "1-1", "field_seq": null, "field_no": "助沢字新田橋上708-1,711", "farmer_cd": "k122", "farmer": "畔蒜司", "crop": null, "area": 33.6, "calc_area": 38.11, "remark": 1, "tiban": "708-1,711" }, "geometry": { "type": "MultiPolygon", "coordinates": [ [ [ [ 140.505535400000014, 35.8347384 ], [ 140.5055449, 35.8347041 ], [ 140.505594, 35.8345722 ], [ 140.5056478, 35.8344372 ], [ 140.5056592, 35.8343953 ], [ 140.505553, 35.8343379 ], [ 140.50531620000001, 35.834196 ], [ 140.50503040000001, 35.8340231 ], [ 140.5046946, 35.8338206 ], [ 140.5046293, 35.8338262 ], [ 140.5046312, 35.8338421 ], [ 140.504641600000014, 35.8338875 ], [ 140.504646900000012, 35.8339129 ], [ 140.5046595, 35.8339396 ], [ 140.5046688, 35.8339594 ], [ 140.504669400000012, 35.8339754 ], [ 140.5046604, 35.8339971 ], [ 140.5046578, 35.8340105 ], [ 140.504660199999989, 35.8340206 ], [ 140.5046749, 35.8340386 ], [ 140.5046795, 35.8340986 ], [ 140.5046848, 35.8341213 ], [ 140.5046963, 35.8341343 ], [ 140.5047119, 35.8341406 ], [ 140.5047227, 35.834164 ], [ 140.5047379, 35.8341785 ], [ 140.5047596, 35.8341966 ], [ 140.5047753, 35.8342163 ], [ 140.504787, 35.8342405 ], [ 140.5047932, 35.8342722 ], [ 140.5048246, 35.8343019 ], [ 140.504901600000011, 35.8343704 ], [ 140.5049455, 35.834409 ], [ 140.50496480000001, 35.8344186 ], [ 140.5049862, 35.834424 ], [ 140.505019299999987, 35.8344372 ], [ 140.505038, 35.8344556 ], [ 140.5050594, 35.8344767 ], [ 140.5050794, 35.834485 ], [ 140.505107, 35.8344932 ], [ 140.5051353, 35.8345127 ], [ 140.5051574, 35.8345276 ], [ 140.505176, 35.8345359 ], [ 140.505203099999989, 35.8345441 ], [ 140.50526, 35.8345873 ], [ 140.5053025, 35.8346122 ], [ 140.5053417, 35.8346204 ], [ 140.5053627, 35.8346266 ], [ 140.505401799999987, 35.8346553 ], [ 140.5054888, 35.834716 ], [ 140.5055178, 35.8347302 ], [ 140.505535400000014, 35.8347384 ] ] ] ] } },
{ "type": "Feature", "properties": { "fid": 792, "field_id": 5616066, "location": "1-1", "field_seq": null, "field_no": "助沢字新田橋上604-1", "farmer_cd": "k122", "farmer": "畔蒜司", "crop": null, "area": 10.4, "calc_area": 10.45, "remark": 1, "tiban": "604-1" }, "geometry": { "type": "MultiPolygon", "coordinates": [ [ [ [ 140.50492650000001, 35.8338007 ], [ 140.5057013, 35.834275 ], [ 140.5057263, 35.8342071 ], [ 140.505711600000012, 35.834182 ], [ 140.5056497, 35.8341078 ], [ 140.505584, 35.8340534 ], [ 140.5055032, 35.8339968 ], [ 140.505405200000013, 35.8339436 ], [ 140.505314700000014, 35.8338865 ], [ 140.505203099999989, 35.8337755 ], [ 140.50494230000001, 35.8337993 ], [ 140.50492650000001, 35.8338007 ] ] ] ] } },
{ "type": "Feature", "properties": { "fid": 793, "field_id": 5616068, "location": "1-1", "field_seq": null, "field_no": "助沢字新田橋上707-1", "farmer_cd": "k122", "farmer": "畔蒜司", "crop": null, "area": 13.4, "calc_area": 13.61, "remark": 1, "tiban": "707-1" }, "geometry": { "type": "MultiPolygon", "coordinates": [ [ [ [ 140.5046946, 35.8338206 ], [ 140.50503040000001, 35.8340231 ], [ 140.50531620000001, 35.834196 ], [ 140.505553, 35.8343379 ], [ 140.5056592, 35.8343953 ], [ 140.5056648, 35.8343744 ], [ 140.5057013, 35.834275 ], [ 140.50492650000001, 35.8338007 ], [ 140.5046946, 35.8338206 ] ] ] ] } },
{ "type": "Feature", "properties": { "fid": 794, "field_id": 5616069, "location": "1-1", "field_seq": null, "field_no": "助沢字新田橋上721-1", "farmer_cd": "k122", "farmer": "畔蒜司", "crop": null, "area": 16.6, "calc_area": 20.89, "remark": 1, "tiban": "721-1" }, "geometry": { "type": "MultiPolygon", "coordinates": [ [ [ [ 140.505571, 35.8347465 ], [ 140.5058291, 35.8348256 ], [ 140.505989699999986, 35.8348695 ], [ 140.5061871, 35.8349243 ], [ 140.506402799999989, 35.8349791 ], [ 140.5064872, 35.8350034 ], [ 140.5065011, 35.8350018 ], [ 140.5065257, 35.834986 ], [ 140.5065366, 35.8349822 ], [ 140.506623499999989, 35.8348713 ], [ 140.5066481, 35.8348399 ], [ 140.5056419, 35.8345538 ], [ 140.5056368, 35.8345658 ], [ 140.5056343, 35.8345739 ], [ 140.505615400000011, 35.8346355 ], [ 140.505568, 35.8347414 ], [ 140.505571, 35.8347465 ] ] ] ] } },
{ "type": "Feature", "properties": { "fid": 795, "field_id": 5616070, "location": "1-1", "field_seq": null, "field_no": "助沢字新田橋上742-1", "farmer_cd": "k122", "farmer": "畔蒜司", "crop": null, "area": 16.0, "calc_area": 16.72, "remark": 1, "tiban": "742-1" }, "geometry": { "type": "MultiPolygon", "coordinates": [ [ [ [ 140.5066481, 35.8348399 ], [ 140.506750399999987, 35.8347077 ], [ 140.5064497, 35.8346209 ], [ 140.5060561, 35.8345093 ], [ 140.505702899999989, 35.8344076 ], [ 140.5056911, 35.8344393 ], [ 140.5056419, 35.8345538 ], [ 140.5066481, 35.8348399 ] ] ] ] } },
{ "type": "Feature", "properties": { "fid": 796, "field_id": 5616071, "location": "1-1", "field_seq": null, "field_no": "助沢字新田橋上742-3", "farmer_cd": "k122", "farmer": "畔蒜司", "crop": null, "area": 16.0, "calc_area": 19.11, "remark": 1, "tiban": "742-3" }, "geometry": { "type": "MultiPolygon", "coordinates": [ [ [ [ 140.505702899999989, 35.8344076 ], [ 140.5060561, 35.8345093 ], [ 140.5064497, 35.8346209 ], [ 140.506750399999987, 35.8347077 ], [ 140.506754, 35.834703 ], [ 140.506842400000011, 35.8345889 ], [ 140.5068631, 35.8345622 ], [ 140.505768499999988, 35.8342486 ], [ 140.5057562, 35.8342751 ], [ 140.5057353, 35.8343203 ], [ 140.505702899999989, 35.8344076 ] ] ] ] } },
{ "type": "Feature", "properties": { "fid": 797, "field_id": 5616072, "location": "1-1", "field_seq": null, "field_no": "助沢字新田橋上744-1", "farmer_cd": "k122", "farmer": "畔蒜司", "crop": null, "area": 17.9, "calc_area": 16.97, "remark": 1, "tiban": "744-1" }, "geometry": { "type": "MultiPolygon", "coordinates": [ [ [ [ 140.5068631, 35.8345622 ], [ 140.5069987, 35.834387 ], [ 140.506790599999988, 35.8343315 ], [ 140.5063016, 35.8342045 ], [ 140.5061738, 35.8342546 ], [ 140.5061495, 35.8342602 ], [ 140.5059199, 35.8342586 ], [ 140.505855700000012, 35.8342559 ], [ 140.5057755, 35.8342335 ], [ 140.505768499999988, 35.8342486 ], [ 140.5068631, 35.8345622 ] ] ] ] } },
{ "type": "Feature", "properties": { "fid": 798, "field_id": 5616075, "location": "1-1", "field_seq": null, "field_no": "助沢字新田橋上749-2", "farmer_cd": "k122", "farmer": "畔蒜司", "crop": null, "area": 15.9, "calc_area": 17.22, "remark": 1, "tiban": "749-2" }, "geometry": { "type": "MultiPolygon", "coordinates": [ [ [ [ 140.5067709, 35.834701 ], [ 140.5073401, 35.8354527 ], [ 140.5074071, 35.835387 ], [ 140.5074687, 35.835328 ], [ 140.5072745, 35.8350601 ], [ 140.50715550000001, 35.8349149 ], [ 140.5070489, 35.8347734 ], [ 140.5068882, 35.8345565 ], [ 140.506823700000012, 35.8346345 ], [ 140.5067709, 35.834701 ] ] ] ] } },
{ "type": "Feature", "properties": { "fid": 799, "field_id": 5616076, "location": "1-1", "field_seq": null, "field_no": "助沢字新田橋上750", "farmer_cd": "k122", "farmer": "畔蒜司", "crop": null, "area": 19.6, "calc_area": 23.6, "remark": 1, "tiban": "750" }, "geometry": { "type": "MultiPolygon", "coordinates": [ [ [ [ 140.5065452, 35.834992 ], [ 140.5065409, 35.8350103 ], [ 140.5065492, 35.8350193 ], [ 140.506566099999986, 35.8350251 ], [ 140.506611099999986, 35.8350351 ], [ 140.506659500000012, 35.8350525 ], [ 140.5067185, 35.8350785 ], [ 140.5067608, 35.8351136 ], [ 140.5068616, 35.8352217 ], [ 140.5069527, 35.8353241 ], [ 140.5070708, 35.8354678 ], [ 140.5071791, 35.8356104 ], [ 140.5072122, 35.8355784 ], [ 140.5073401, 35.8354527 ], [ 140.5067709, 35.834701 ], [ 140.506752799999987, 35.8347239 ], [ 140.5065452, 35.834992 ] ] ] ] } },
{ "type": "Feature", "properties": { "fid": 800, "field_id": 5616077, "location": "1-1", "field_seq": null, "field_no": "助沢字新田橋上864", "farmer_cd": "k122", "farmer": "畔蒜司", "crop": null, "area": 14.9, "calc_area": 17.75, "remark": 1, "tiban": "864" }, "geometry": { "type": "MultiPolygon", "coordinates": [ [ [ [ 140.507460900000012, 35.8359484 ], [ 140.5075601, 35.8360531 ], [ 140.5076075, 35.8361009 ], [ 140.5079725, 35.8357625 ], [ 140.5081993, 35.8355449 ], [ 140.5081356, 35.8354919 ], [ 140.508049699999987, 35.8354248 ], [ 140.50802, 35.8353998 ], [ 140.507864399999988, 35.8355538 ], [ 140.5076612, 35.8357512 ], [ 140.507460900000012, 35.8359484 ] ] ] ] } },
{ "type": "Feature", "properties": { "fid": 801, "field_id": 5614950, "location": "1-2　", "field_seq": null, "field_no": "岩部字辻ノ内3436", "farmer_cd": "k30", "farmer": "畔蒜清", "crop": null, "area": 10.0, "calc_area": 10.52, "remark": 2, "tiban": "3436" }, "geometry": { "type": "MultiPolygon", "coordinates": [ [ [ [ 140.5039155, 35.8152605 ], [ 140.5039078, 35.815416 ], [ 140.5039071, 35.8154294 ], [ 140.504518600000011, 35.8154506 ], [ 140.504527599999989, 35.815277 ], [ 140.5039155, 35.8152605 ] ] ] ] } },
{ "type": "Feature", "properties": { "fid": 802, "field_id": 5614958, "location": "1-2　", "field_seq": null, "field_no": "岩部字辻ノ内3437", "farmer_cd": "k30", "farmer": "畔蒜清", "crop": null, "area": 10.1, "calc_area": 10.8, "remark": 2, "tiban": "3437" }, "geometry": { "type": "MultiPolygon", "coordinates": [ [ [ [ 140.5039071, 35.8154294 ], [ 140.5038984, 35.8156057 ], [ 140.504509399999989, 35.815626 ], [ 140.5045135, 35.8155493 ], [ 140.504518600000011, 35.8154506 ], [ 140.5039071, 35.8154294 ] ] ] ] } },
{ "type": "Feature", "properties": { "fid": 803, "field_id": 5614965, "location": "1-2　", "field_seq": null, "field_no": "岩部字勧浄寺3407", "farmer_cd": "k30", "farmer": "畔蒜清", "crop": null, "area": 9.7, "calc_area": 9.98, "remark": 2, "tiban": "3407" }, "geometry": { "type": "MultiPolygon", "coordinates": [ [ [ [ 140.5018765, 35.8149931 ], [ 140.5023287, 35.8153017 ], [ 140.5023572, 35.8152736 ], [ 140.502460500000012, 35.8151732 ], [ 140.5020108, 35.8148628 ], [ 140.5018765, 35.8149931 ] ] ] ] } },
{ "type": "Feature", "properties": { "fid": 804, "field_id": 5614971, "location": "1-2　", "field_seq": null, "field_no": "岩部字勧浄寺3405", "farmer_cd": "k30", "farmer": "畔蒜清", "crop": null, "area": 7.4, "calc_area": 6.96, "remark": 2, "tiban": "3405" }, "geometry": { "type": "MultiPolygon", "coordinates": [ [ [ [ 140.5021422, 35.814732 ], [ 140.502595500000012, 35.8150421 ], [ 140.5026795, 35.8149605 ], [ 140.502659, 35.814954 ], [ 140.5025636, 35.8149162 ], [ 140.5024804, 35.8148593 ], [ 140.5024163, 35.8147722 ], [ 140.5024055, 35.8146957 ], [ 140.5022662, 35.8146084 ], [ 140.5021422, 35.814732 ] ] ] ] } },
{ "type": "Feature", "properties": { "fid": 805, "field_id": 5613492, "location": "1-2　", "field_seq": null, "field_no": "荒北字コジヤ1874", "farmer_cd": "k154", "farmer": "富澤輝和", "crop": null, "area": 10.8, "calc_area": 12.0, "remark": 2, "tiban": "1874" }, "geometry": { "type": "MultiPolygon", "coordinates": [ [ [ [ 140.4948779, 35.8092888 ], [ 140.4945118, 35.8095447 ], [ 140.4944179, 35.8096091 ], [ 140.4946091, 35.8097914 ], [ 140.4946521, 35.8097395 ], [ 140.494745200000011, 35.8096406 ], [ 140.4948401, 35.8095618 ], [ 140.4950215, 35.8094277 ], [ 140.4948779, 35.8092888 ] ] ] ] } },
{ "type": "Feature", "properties": { "fid": 806, "field_id": 5613493, "location": "1-2　", "field_seq": null, "field_no": "荒北字コジヤ1872", "farmer_cd": "k154", "farmer": "富澤輝和", "crop": null, "area": 8.8, "calc_area": 9.77, "remark": 2, "tiban": "1872" }, "geometry": { "type": "MultiPolygon", "coordinates": [ [ [ [ 140.4938239, 35.8098789 ], [ 140.493966699999987, 35.8098652 ], [ 140.4940669, 35.8098553 ], [ 140.4943911, 35.8096207 ], [ 140.4942572, 35.8094929 ], [ 140.4940048, 35.8096717 ], [ 140.4937742, 35.8098336 ], [ 140.4938239, 35.8098789 ] ] ] ] } },
{ "type": "Feature", "properties": { "fid": 807, "field_id": 5613500, "location": "1-2　", "field_seq": null, "field_no": "荒北字コジヤ1882", "farmer_cd": "k154", "farmer": "富澤輝和", "crop": null, "area": 9.8, "calc_area": 11.25, "remark": 2, "tiban": "1882" }, "geometry": { "type": "MultiPolygon", "coordinates": [ [ [ [ 140.494329, 35.8085357 ], [ 140.494208, 35.8086171 ], [ 140.4943597, 35.80876 ], [ 140.494833, 35.8084332 ], [ 140.494697, 35.8083051 ], [ 140.494329, 35.8085357 ] ] ] ] } },
{ "type": "Feature", "properties": { "fid": 808, "field_id": 5613504, "location": "1-2　", "field_seq": null, "field_no": "荒北字コジヤ1883", "farmer_cd": "k154", "farmer": "富澤輝和", "crop": null, "area": 10.0, "calc_area": 11.15, "remark": 2, "tiban": "1883" }, "geometry": { "type": "MultiPolygon", "coordinates": [ [ [ [ 140.4943597, 35.80876 ], [ 140.494408600000014, 35.8088062 ], [ 140.4945033, 35.8088967 ], [ 140.494976, 35.808568 ], [ 140.494943, 35.8085368 ], [ 140.494833, 35.8084332 ], [ 140.4943597, 35.80876 ] ] ] ] } },
{ "type": "Feature", "properties": { "fid": 809, "field_id": 5613520, "location": "1-2　", "field_seq": null, "field_no": "荒北字備中1919", "farmer_cd": "k154", "farmer": "富澤輝和", "crop": null, "area": 10.3, "calc_area": 10.34, "remark": null, "tiban": "1919" }, "geometry": { "type": "MultiPolygon", "coordinates": [ [ [ [ 140.4957077, 35.8131285 ], [ 140.4956793, 35.8136296 ], [ 140.49588510000001, 35.8136389 ], [ 140.4959132, 35.8131393 ], [ 140.495772, 35.8131321 ], [ 140.4957077, 35.8131285 ] ] ] ] } },
{ "type": "Feature", "properties": { "fid": 810, "field_id": 5613550, "location": "1-2　", "field_seq": null, "field_no": "荒北字備中1924", "farmer_cd": "k154", "farmer": "富澤輝和", "crop": null, "area": 10.0, "calc_area": 10.03, "remark": 2, "tiban": "1924" }, "geometry": { "type": "MultiPolygon", "coordinates": [ [ [ [ 140.4950963, 35.8130761 ], [ 140.495294800000011, 35.8130854 ], [ 140.495319, 35.8125864 ], [ 140.4951714, 35.8125824 ], [ 140.4951183, 35.8125799 ], [ 140.495106099999987, 35.8128011 ], [ 140.4950963, 35.8130761 ] ] ] ] } },
{ "type": "Feature", "properties": { "fid": 811, "field_id": 5613572, "location": "1-2　", "field_seq": null, "field_no": "荒北字備中1918", "farmer_cd": "k154", "farmer": "富澤輝和", "crop": null, "area": 10.2, "calc_area": 10.19, "remark": null, "tiban": "1918" }, "geometry": { "type": "MultiPolygon", "coordinates": [ [ [ [ 140.495473299999986, 35.8136203 ], [ 140.4956793, 35.8136296 ], [ 140.4957077, 35.8131285 ], [ 140.49551, 35.8131176 ], [ 140.495473299999986, 35.8136203 ] ] ] ] } },
{ "type": "Feature", "properties": { "fid": 812, "field_id": 5613596, "location": "1-2　", "field_seq": null, "field_no": "荒北字コジヤ1875", "farmer_cd": "k154", "farmer": "富澤輝和", "crop": null, "area": 10.0, "calc_area": 11.58, "remark": 2, "tiban": "1875" }, "geometry": { "type": "MultiPolygon", "coordinates": [ [ [ [ 140.4944155, 35.8093605 ], [ 140.4942622, 35.8094606 ], [ 140.4944179, 35.8096091 ], [ 140.4945118, 35.8095447 ], [ 140.4948779, 35.8092888 ], [ 140.4947328, 35.809149 ], [ 140.494721199999987, 35.8091503 ], [ 140.4944155, 35.8093605 ] ] ] ] } },
{ "type": "Feature", "properties": { "fid": 813, "field_id": 5613611, "location": "1-2　", "field_seq": null, "field_no": "荒北字備中1917", "farmer_cd": "k154", "farmer": "富澤輝和", "crop": null, "area": 9.9, "calc_area": 11.03, "remark": 2, "tiban": "1917" }, "geometry": { "type": "MultiPolygon", "coordinates": [ [ [ [ 140.4952908, 35.8131085 ], [ 140.4952561, 35.8136113 ], [ 140.495445100000012, 35.813619 ], [ 140.495473299999986, 35.8136203 ], [ 140.49551, 35.8131176 ], [ 140.4952908, 35.8131085 ] ] ] ] } },
{ "type": "Feature", "properties": { "fid": 814, "field_id": 5613623, "location": "1-2　", "field_seq": null, "field_no": "荒北字コジヤ1863", "farmer_cd": "k154", "farmer": "富澤輝和", "crop": null, "area": 2.9, "calc_area": 5.26, "remark": 2, "tiban": "1863" }, "geometry": { "type": "MultiPolygon", "coordinates": [ [ [ [ 140.4943817, 35.8098453 ], [ 140.4944331, 35.8103088 ], [ 140.4944501, 35.810307 ], [ 140.4944623, 35.8102981 ], [ 140.494492900000012, 35.8101538 ], [ 140.494559900000013, 35.8099377 ], [ 140.4945916, 35.809838 ], [ 140.49456, 35.8098605 ], [ 140.4945218, 35.8098327 ], [ 140.4943817, 35.8098453 ] ] ] ] } },
{ "type": "Feature", "properties": { "fid": 815, "field_id": 5613645, "location": "1-2　", "field_seq": null, "field_no": "荒北字コジヤ1884", "farmer_cd": "k154", "farmer": "富澤輝和", "crop": null, "area": 9.9, "calc_area": 9.78, "remark": 2, "tiban": "1884" }, "geometry": { "type": "MultiPolygon", "coordinates": [ [ [ [ 140.4945033, 35.8088967 ], [ 140.494628799999987, 35.8090166 ], [ 140.494676700000014, 35.8089829 ], [ 140.4951012, 35.8086863 ], [ 140.494976, 35.808568 ], [ 140.4945033, 35.8088967 ] ] ] ] } },
{ "type": "Feature", "properties": { "fid": 816, "field_id": 5613657, "location": "1-2　", "field_seq": null, "field_no": "荒北字コジヤ1871", "farmer_cd": "k154", "farmer": "富澤輝和", "crop": null, "area": 9.9, "calc_area": 11.01, "remark": 2, "tiban": "1871" }, "geometry": { "type": "MultiPolygon", "coordinates": [ [ [ [ 140.4937742, 35.8098336 ], [ 140.4940048, 35.8096717 ], [ 140.4942572, 35.8094929 ], [ 140.4942366, 35.8094733 ], [ 140.494121, 35.8093666 ], [ 140.4936319, 35.8097035 ], [ 140.4936612, 35.8097308 ], [ 140.4937742, 35.8098336 ] ] ] ] } },
{ "type": "Feature", "properties": { "fid": 817, "field_id": 5613660, "location": "1-2　", "field_seq": null, "field_no": "荒北字コジヤ1887", "farmer_cd": "k154", "farmer": "富澤輝和", "crop": null, "area": 9.8, "calc_area": 10.73, "remark": 2, "tiban": "1887" }, "geometry": { "type": "MultiPolygon", "coordinates": [ [ [ [ 140.4948981, 35.8092769 ], [ 140.4949034, 35.809282 ], [ 140.49504060000001, 35.8094135 ], [ 140.4952193, 35.8092813 ], [ 140.495436399999988, 35.8091328 ], [ 140.4955019, 35.8090891 ], [ 140.4953697, 35.8089514 ], [ 140.4948981, 35.8092769 ] ] ] ] } },
{ "type": "Feature", "properties": { "fid": 818, "field_id": 5613677, "location": "1-2　", "field_seq": null, "field_no": "荒北字コジヤ1877", "farmer_cd": "k154", "farmer": "富澤輝和", "crop": null, "area": 9.9, "calc_area": 10.49, "remark": 2, "tiban": "1877" }, "geometry": { "type": "MultiPolygon", "coordinates": [ [ [ [ 140.494335299999989, 35.8090009 ], [ 140.4940038, 35.8092215 ], [ 140.4941476, 35.8093546 ], [ 140.4946096, 35.8090303 ], [ 140.4944759, 35.8089035 ], [ 140.494335299999989, 35.8090009 ] ] ] ] } },
{ "type": "Feature", "properties": { "fid": 819, "field_id": 5613694, "location": "1-2　", "field_seq": null, "field_no": "荒北字コジヤ1862-1", "farmer_cd": "k154", "farmer": "富澤輝和", "crop": null, "area": 7.1, "calc_area": 7.87, "remark": 2, "tiban": "1862-1" }, "geometry": { "type": "MultiPolygon", "coordinates": [ [ [ [ 140.494233400000013, 35.8103297 ], [ 140.4944331, 35.8103088 ], [ 140.4943903, 35.8099217 ], [ 140.4943305, 35.8099352 ], [ 140.4941843, 35.8099527 ], [ 140.4941926, 35.8100254 ], [ 140.494233400000013, 35.8103297 ] ] ] ] } },
{ "type": "Feature", "properties": { "fid": 820, "field_id": 5613737, "location": "1-2　", "field_seq": null, "field_no": "荒北字備中1916", "farmer_cd": "k154", "farmer": "富澤輝和", "crop": null, "area": 9.9, "calc_area": 10.41, "remark": 2, "tiban": "1916" }, "geometry": { "type": "MultiPolygon", "coordinates": [ [ [ [ 140.4950859, 35.8130982 ], [ 140.4950724, 35.8132898 ], [ 140.4950662, 35.8133729 ], [ 140.4950493, 35.813603 ], [ 140.4952561, 35.8136113 ], [ 140.4952908, 35.8131085 ], [ 140.495152600000011, 35.8131027 ], [ 140.4950859, 35.8130982 ] ] ] ] } },
{ "type": "Feature", "properties": { "fid": 821, "field_id": 5613748, "location": "1-2　", "field_seq": null, "field_no": "荒北字堺町1945", "farmer_cd": "k154", "farmer": "富澤輝和", "crop": null, "area": 9.9, "calc_area": 10.17, "remark": 2, "tiban": "1945" }, "geometry": { "type": "MultiPolygon", "coordinates": [ [ [ [ 140.4954846, 35.8098049 ], [ 140.4955617, 35.8097663 ], [ 140.4958504, 35.8095801 ], [ 140.4959475, 35.8095176 ], [ 140.4957981, 35.8093781 ], [ 140.4955725, 35.8095378 ], [ 140.495352200000013, 35.8096971 ], [ 140.4953559, 35.8097008 ], [ 140.4954846, 35.8098049 ] ] ] ] } },
{ "type": "Feature", "properties": { "fid": 822, "field_id": 5613770, "location": "1-2　", "field_seq": null, "field_no": "荒北字神天496-1", "farmer_cd": "k154", "farmer": "富澤輝和", "crop": null, "area": 20.8, "calc_area": 20.9, "remark": 2, "tiban": "496-1" }, "geometry": { "type": "MultiPolygon", "coordinates": [ [ [ [ 140.491715699999986, 35.8102598 ], [ 140.491982299999989, 35.8103897 ], [ 140.4920768, 35.8104387 ], [ 140.492143, 35.8104642 ], [ 140.492177, 35.8104646 ], [ 140.4921898, 35.8104463 ], [ 140.492200700000012, 35.810448 ], [ 140.492222700000013, 35.8103082 ], [ 140.492239500000011, 35.8102374 ], [ 140.4922671, 35.8101671 ], [ 140.492293100000012, 35.8100721 ], [ 140.4923066, 35.810021 ], [ 140.4923057, 35.8100016 ], [ 140.492251900000014, 35.8099718 ], [ 140.4922207, 35.8099644 ], [ 140.492086699999987, 35.8099409 ], [ 140.4919997, 35.809919 ], [ 140.4919257, 35.8098988 ], [ 140.491838699999988, 35.8100495 ], [ 140.491715699999986, 35.8102598 ] ] ] ] } },
{ "type": "Feature", "properties": { "fid": 823, "field_id": 5614051, "location": "1-5", "field_seq": null, "field_no": "苅毛字庄田1129", "farmer_cd": "k154", "farmer": "富澤輝和", "crop": null, "area": 10.0, "calc_area": 10.47, "remark": 5, "tiban": "1129" }, "geometry": { "type": "MultiPolygon", "coordinates": [ [ [ [ 140.50172950000001, 35.7995398 ], [ 140.5017425, 35.7995441 ], [ 140.5019891, 35.7996502 ], [ 140.5022654, 35.7997741 ], [ 140.502274699999987, 35.7997711 ], [ 140.5022844, 35.7997544 ], [ 140.5023554, 35.7995747 ], [ 140.501780700000012, 35.7994139 ], [ 140.50172950000001, 35.7995398 ] ] ] ] } },
{ "type": "Feature", "properties": { "fid": 824, "field_id": 5614141, "location": "1-5", "field_seq": null, "field_no": "苅毛字庄田1131", "farmer_cd": "k154", "farmer": "富澤輝和", "crop": null, "area": 9.9, "calc_area": 10.44, "remark": 5, "tiban": "1131" }, "geometry": { "type": "MultiPolygon", "coordinates": [ [ [ [ 140.5018488, 35.7992555 ], [ 140.502420199999989, 35.7994234 ], [ 140.5024904, 35.7992607 ], [ 140.5019154, 35.7990946 ], [ 140.5019014, 35.7991313 ], [ 140.5018488, 35.7992555 ] ] ] ] } },
{ "type": "Feature", "properties": { "fid": 825, "field_id": 5614169, "location": "1-5", "field_seq": null, "field_no": "苅毛字庄田1130", "farmer_cd": "k154", "farmer": "富澤輝和", "crop": null, "area": 9.9, "calc_area": 9.99, "remark": 5, "tiban": "1130" }, "geometry": { "type": "MultiPolygon", "coordinates": [ [ [ [ 140.501780700000012, 35.7994139 ], [ 140.5023554, 35.7995747 ], [ 140.5023593, 35.7995648 ], [ 140.502420199999989, 35.7994234 ], [ 140.5018488, 35.7992555 ], [ 140.501780700000012, 35.7994139 ] ] ] ] } },
{ "type": "Feature", "properties": { "fid": 826, "field_id": 5614188, "location": "1-3", "field_seq": null, "field_no": "西田部字境町1334", "farmer_cd": "k154", "farmer": "富澤輝和", "crop": null, "area": 9.8, "calc_area": 11.01, "remark": 3, "tiban": "1334" }, "geometry": { "type": "MultiPolygon", "coordinates": [ [ [ [ 140.5039566, 35.7984114 ], [ 140.503746299999989, 35.7984406 ], [ 140.5038638, 35.798944 ], [ 140.504070899999988, 35.7989108 ], [ 140.5040401, 35.7987503 ], [ 140.5039566, 35.7984114 ] ] ] ] } },
{ "type": "Feature", "properties": { "fid": 827, "field_id": 5614193, "location": "1-3", "field_seq": null, "field_no": "西田部字浅間2372", "farmer_cd": "k154", "farmer": "富澤輝和", "crop": null, "area": 9.2, "calc_area": 10.62, "remark": 3, "tiban": "2372" }, "geometry": { "type": "MultiPolygon", "coordinates": [ [ [ [ 140.5058879, 35.7992397 ], [ 140.5059458, 35.7992412 ], [ 140.5059925, 35.799249 ], [ 140.5060675, 35.7992647 ], [ 140.506053, 35.7992234 ], [ 140.5059053, 35.7986189 ], [ 140.505737399999987, 35.798644 ], [ 140.5058879, 35.7992397 ] ] ] ] } },
{ "type": "Feature", "properties": { "fid": 828, "field_id": 5614198, "location": "1-5", "field_seq": null, "field_no": "苅毛字庄田1132", "farmer_cd": "k154", "farmer": "富澤輝和", "crop": null, "area": 9.9, "calc_area": 10.64, "remark": 5, "tiban": "1132" }, "geometry": { "type": "MultiPolygon", "coordinates": [ [ [ [ 140.5019154, 35.7990946 ], [ 140.5024904, 35.7992607 ], [ 140.502516500000013, 35.7992001 ], [ 140.5025609, 35.7991011 ], [ 140.5020414, 35.7989447 ], [ 140.501975499999986, 35.7989338 ], [ 140.5019154, 35.7990946 ] ] ] ] } },
{ "type": "Feature", "properties": { "fid": 829, "field_id": 5614200, "location": "1-3", "field_seq": null, "field_no": "西田部字境町1335-1", "farmer_cd": "k154", "farmer": "富澤輝和", "crop": null, "area": 6.9, "calc_area": 8.15, "remark": 3, "tiban": "1335-1" }, "geometry": { "type": "MultiPolygon", "coordinates": [ [ [ [ 140.5041903, 35.7988872 ], [ 140.504220800000013, 35.7988794 ], [ 140.504232, 35.7988755 ], [ 140.504230400000012, 35.7988586 ], [ 140.5041229, 35.7984252 ], [ 140.5041149, 35.79839 ], [ 140.5039566, 35.7984114 ], [ 140.5040401, 35.7987503 ], [ 140.504070899999988, 35.7989126 ], [ 140.5040995, 35.7989055 ], [ 140.5041347, 35.7988983 ], [ 140.504151799999988, 35.7988963 ], [ 140.5041903, 35.7988872 ] ] ] ] } },
{ "type": "Feature", "properties": { "fid": 830, "field_id": 5614234, "location": "1-3", "field_seq": null, "field_no": "西田部字浅間2374", "farmer_cd": "k154", "farmer": "富澤輝和", "crop": null, "area": 5.0, "calc_area": 5.56, "remark": 3, "tiban": "2374" }, "geometry": { "type": "MultiPolygon", "coordinates": [ [ [ [ 140.5057554, 35.7988381 ], [ 140.5057094, 35.7986503 ], [ 140.5054935, 35.7986843 ], [ 140.5054745, 35.7986844 ], [ 140.5054345, 35.7987139 ], [ 140.5054691, 35.7988873 ], [ 140.5057554, 35.7988381 ] ] ] ] } },
{ "type": "Feature", "properties": { "fid": 831, "field_id": 5614256, "location": "1-5", "field_seq": null, "field_no": "苅毛字庄田1138", "farmer_cd": "k154", "farmer": "富澤輝和", "crop": null, "area": 5.3, "calc_area": 6.19, "remark": 5, "tiban": "1138" }, "geometry": { "type": "MultiPolygon", "coordinates": [ [ [ [ 140.5023266, 35.7981403 ], [ 140.5026225, 35.7982206 ], [ 140.5026897, 35.7982378 ], [ 140.5026727, 35.7981658 ], [ 140.50260320000001, 35.7979897 ], [ 140.502413499999989, 35.7979501 ], [ 140.5023266, 35.7981403 ] ] ] ] } },
{ "type": "Feature", "properties": { "fid": 832, "field_id": 5614287, "location": "1-3", "field_seq": null, "field_no": "西田部字部田1357", "farmer_cd": "k154", "farmer": "富澤輝和", "crop": null, "area": 10.0, "calc_area": 10.39, "remark": 3, "tiban": "1357" }, "geometry": { "type": "MultiPolygon", "coordinates": [ [ [ [ 140.5035612, 35.7968659 ], [ 140.503610400000014, 35.7970609 ], [ 140.5036869, 35.7973644 ], [ 140.5038868, 35.7973316 ], [ 140.503759699999989, 35.7968321 ], [ 140.5035612, 35.7968659 ] ] ] ] } },
{ "type": "Feature", "properties": { "fid": 833, "field_id": 5614288, "location": "1-5", "field_seq": null, "field_no": "苅毛字庄田1142", "farmer_cd": "k154", "farmer": "富澤輝和", "crop": null, "area": 9.9, "calc_area": 10.14, "remark": 5, "tiban": "1142" }, "geometry": { "type": "MultiPolygon", "coordinates": [ [ [ [ 140.5022279, 35.7982904 ], [ 140.502261800000014, 35.7982217 ], [ 140.5023022, 35.7981308 ], [ 140.501719900000012, 35.7979678 ], [ 140.5016877, 35.7980382 ], [ 140.5016512, 35.7981289 ], [ 140.501735700000012, 35.7981396 ], [ 140.5022279, 35.7982904 ] ] ] ] } },
{ "type": "Feature", "properties": { "fid": 834, "field_id": 5614309, "location": "1-5", "field_seq": null, "field_no": "苅毛字庄田1141-1", "farmer_cd": "k154", "farmer": "富澤輝和", "crop": null, "area": 8.0, "calc_area": 6.68, "remark": 5, "tiban": "1141-1" }, "geometry": { "type": "MultiPolygon", "coordinates": [ [ [ [ 140.5020795, 35.7980665 ], [ 140.502156500000012, 35.7979095 ], [ 140.5017895, 35.7978002 ], [ 140.501719900000012, 35.7979678 ], [ 140.5020795, 35.7980665 ] ] ] ] } },
{ "type": "Feature", "properties": { "fid": 835, "field_id": 5614339, "location": "1-5", "field_seq": null, "field_no": "苅毛字庄田1160-1", "farmer_cd": "k154", "farmer": "富澤輝和", "crop": null, "area": 8.0, "calc_area": 6.77, "remark": 5, "tiban": "1160-1" }, "geometry": { "type": "MultiPolygon", "coordinates": [ [ [ [ 140.501310600000011, 35.7978458 ], [ 140.5016899, 35.7979574 ], [ 140.501744800000012, 35.797781 ], [ 140.501383800000013, 35.797692 ], [ 140.501310600000011, 35.7978458 ] ] ] ] } },
{ "type": "Feature", "properties": { "fid": 836, "field_id": 5614379, "location": "1-5", "field_seq": null, "field_no": "苅毛字和田下1252", "farmer_cd": "k154", "farmer": "富澤輝和", "crop": null, "area": 9.8, "calc_area": 10.46, "remark": 5, "tiban": "1252" }, "geometry": { "type": "MultiPolygon", "coordinates": [ [ [ [ 140.49453170000001, 35.802043 ], [ 140.4940163, 35.8017634 ], [ 140.493899199999987, 35.8019108 ], [ 140.49442590000001, 35.8021788 ], [ 140.49453170000001, 35.802043 ] ] ] ] } },
{ "type": "Feature", "properties": { "fid": 837, "field_id": 5614383, "location": "1-5", "field_seq": null, "field_no": "苅毛字和田下1251", "farmer_cd": "k154", "farmer": "富澤輝和", "crop": null, "area": 10.0, "calc_area": 11.17, "remark": 5, "tiban": "1251" }, "geometry": { "type": "MultiPolygon", "coordinates": [ [ [ [ 140.49453170000001, 35.802043 ], [ 140.494660900000014, 35.8018858 ], [ 140.494135199999988, 35.8016221 ], [ 140.4940163, 35.8017634 ], [ 140.49453170000001, 35.802043 ] ] ] ] } },
{ "type": "Feature", "properties": { "fid": 838, "field_id": 5614412, "location": "1-5", "field_seq": null, "field_no": "苅毛字和田下1233", "farmer_cd": "k154", "farmer": "富澤輝和", "crop": null, "area": 5.9, "calc_area": 7.8, "remark": 5, "tiban": "1233" }, "geometry": { "type": "MultiPolygon", "coordinates": [ [ [ [ 140.4953116, 35.8030307 ], [ 140.495287, 35.8030635 ], [ 140.4953401, 35.8030899 ], [ 140.495404799999989, 35.8031137 ], [ 140.4955277, 35.8031294 ], [ 140.4956357, 35.8031357 ], [ 140.4957383, 35.8031291 ], [ 140.495846199999988, 35.8031147 ], [ 140.4959053, 35.8031034 ], [ 140.4959041, 35.8031005 ], [ 140.4958875, 35.8030898 ], [ 140.4958661, 35.8030802 ], [ 140.495663799999988, 35.8029991 ], [ 140.49560790000001, 35.802975 ], [ 140.495483, 35.802922 ], [ 140.4954169, 35.8028918 ], [ 140.4953116, 35.8030307 ] ] ] ] } },
{ "type": "Feature", "properties": { "fid": 839, "field_id": 5614420, "location": "1-5", "field_seq": null, "field_no": "苅毛字和田下1235", "farmer_cd": "k154", "farmer": "富澤輝和", "crop": null, "area": 9.8, "calc_area": 12.15, "remark": 5, "tiban": "1235" }, "geometry": { "type": "MultiPolygon", "coordinates": [ [ [ [ 140.4960476, 35.8030326 ], [ 140.496059699999989, 35.8030374 ], [ 140.4960893, 35.8029989 ], [ 140.496187, 35.8028739 ], [ 140.4961623, 35.8028554 ], [ 140.4956579, 35.8026093 ], [ 140.4955282, 35.8027691 ], [ 140.4955927, 35.8027989 ], [ 140.4960476, 35.8030326 ] ] ] ] } },
{ "type": "Feature", "properties": { "fid": 840, "field_id": 5614428, "location": "1-5", "field_seq": null, "field_no": "苅毛字和田下1256", "farmer_cd": "k154", "farmer": "富澤輝和", "crop": null, "area": 4.8, "calc_area": 5.54, "remark": 5, "tiban": "1256" }, "geometry": { "type": "MultiPolygon", "coordinates": [ [ [ [ 140.4935664, 35.8023298 ], [ 140.4935141, 35.8023955 ], [ 140.493604800000014, 35.8024486 ], [ 140.4937677, 35.8025453 ], [ 140.4939085, 35.802623 ], [ 140.494006899999988, 35.8026692 ], [ 140.4940339, 35.8026718 ], [ 140.4940474, 35.8026676 ], [ 140.494093, 35.8026085 ], [ 140.4935664, 35.8023298 ] ] ] ] } },
{ "type": "Feature", "properties": { "fid": 841, "field_id": 5614434, "location": "1-5", "field_seq": null, "field_no": "苅毛字和田下1242", "farmer_cd": "k154", "farmer": "富澤輝和", "crop": null, "area": 9.9, "calc_area": 10.75, "remark": 5, "tiban": "1242" }, "geometry": { "type": "MultiPolygon", "coordinates": [ [ [ [ 140.494776300000012, 35.8027619 ], [ 140.495195700000011, 35.8029798 ], [ 140.4953116, 35.8030307 ], [ 140.4954169, 35.8028918 ], [ 140.4953183, 35.8028398 ], [ 140.4948905, 35.802617 ], [ 140.4947933, 35.8027416 ], [ 140.494776300000012, 35.8027619 ] ] ] ] } },
{ "type": "Feature", "properties": { "fid": 842, "field_id": 5614454, "location": "1-5", "field_seq": null, "field_no": "苅毛字和田下1254", "farmer_cd": "k154", "farmer": "富澤輝和", "crop": null, "area": 9.7, "calc_area": 10.5, "remark": 5, "tiban": "1254" }, "geometry": { "type": "MultiPolygon", "coordinates": [ [ [ [ 140.493788099999989, 35.8020506 ], [ 140.4936767, 35.8021909 ], [ 140.4942029, 35.8024661 ], [ 140.494313, 35.8023236 ], [ 140.493788099999989, 35.8020506 ] ] ] ] } },
{ "type": "Feature", "properties": { "fid": 843, "field_id": 5614467, "location": "1-5", "field_seq": null, "field_no": "苅毛字和田下1255", "farmer_cd": "k154", "farmer": "富澤輝和", "crop": null, "area": 9.7, "calc_area": 10.48, "remark": 5, "tiban": "1255" }, "geometry": { "type": "MultiPolygon", "coordinates": [ [ [ [ 140.4936767, 35.8021909 ], [ 140.4935664, 35.8023298 ], [ 140.494093, 35.8026085 ], [ 140.4942029, 35.8024661 ], [ 140.4936767, 35.8021909 ] ] ] ] } },
{ "type": "Feature", "properties": { "fid": 844, "field_id": 5614483, "location": "1-5", "field_seq": null, "field_no": "苅毛字和田下1239", "farmer_cd": "k154", "farmer": "富澤輝和", "crop": null, "area": 13.4, "calc_area": 14.74, "remark": 5, "tiban": "1239" }, "geometry": { "type": "MultiPolygon", "coordinates": [ [ [ [ 140.4956329, 35.8025959 ], [ 140.495803099999989, 35.8023808 ], [ 140.4958561, 35.8023069 ], [ 140.4957221, 35.8023071 ], [ 140.4955497, 35.8022822 ], [ 140.4954507, 35.8022569 ], [ 140.4953706, 35.802231 ], [ 140.4952381, 35.8021714 ], [ 140.4951113, 35.8023339 ], [ 140.4956329, 35.8025959 ] ] ] ] } },
{ "type": "Feature", "properties": { "fid": 845, "field_id": 5614495, "location": "1-5", "field_seq": null, "field_no": "苅毛字和田下1246", "farmer_cd": "k154", "farmer": "富澤輝和", "crop": null, "area": 12.0, "calc_area": 13.42, "remark": 5, "tiban": "1246" }, "geometry": { "type": "MultiPolygon", "coordinates": [ [ [ [ 140.4941066, 35.802618 ], [ 140.4940531, 35.8026868 ], [ 140.4941727, 35.8027418 ], [ 140.4944013, 35.8028231 ], [ 140.4945664, 35.8028768 ], [ 140.4946114, 35.8028746 ], [ 140.4946372, 35.8028613 ], [ 140.4947122, 35.8027806 ], [ 140.4947435, 35.8027524 ], [ 140.4945602, 35.8026546 ], [ 140.4942165, 35.8024756 ], [ 140.4941066, 35.802618 ] ] ] ] } },
{ "type": "Feature", "properties": { "fid": 846, "field_id": 5614501, "location": "1-5", "field_seq": null, "field_no": "苅毛字和田下1259", "farmer_cd": "k154", "farmer": "富澤輝和", "crop": null, "area": 10.5, "calc_area": 10.16, "remark": 5, "tiban": "1259" }, "geometry": { "type": "MultiPolygon", "coordinates": [ [ [ [ 140.493090200000012, 35.8019585 ], [ 140.493097299999988, 35.8019821 ], [ 140.4931569, 35.8020423 ], [ 140.4931929, 35.8020985 ], [ 140.4932187, 35.8021603 ], [ 140.493240899999989, 35.8021863 ], [ 140.4933005, 35.8022479 ], [ 140.493480299999987, 35.8023487 ], [ 140.4935274, 35.8023251 ], [ 140.493648799999988, 35.8021805 ], [ 140.4931258, 35.8019125 ], [ 140.493090200000012, 35.8019585 ] ] ] ] } },
{ "type": "Feature", "properties": { "fid": 847, "field_id": 5614503, "location": "1-5", "field_seq": null, "field_no": "苅毛字和田下1253", "farmer_cd": "k154", "farmer": "富澤輝和", "crop": null, "area": 9.9, "calc_area": 10.54, "remark": 5, "tiban": "1253" }, "geometry": { "type": "MultiPolygon", "coordinates": [ [ [ [ 140.493899199999987, 35.8019108 ], [ 140.493788099999989, 35.8020506 ], [ 140.494313, 35.8023236 ], [ 140.49442590000001, 35.8021788 ], [ 140.493899199999987, 35.8019108 ] ] ] ] } },
{ "type": "Feature", "properties": { "fid": 848, "field_id": 5614525, "location": "1-5", "field_seq": null, "field_no": "苅毛字和田下1261", "farmer_cd": "k154", "farmer": "富澤輝和", "crop": null, "area": 9.8, "calc_area": 10.48, "remark": 5, "tiban": "1261" }, "geometry": { "type": "MultiPolygon", "coordinates": [ [ [ [ 140.4932403, 35.8017578 ], [ 140.493767, 35.8020397 ], [ 140.4938799, 35.8019005 ], [ 140.4933517, 35.8016203 ], [ 140.4932403, 35.8017578 ] ] ] ] } },
{ "type": "Feature", "properties": { "fid": 849, "field_id": 5614528, "location": "1-5", "field_seq": null, "field_no": "苅毛字和田下1240", "farmer_cd": "k154", "farmer": "富澤輝和", "crop": null, "area": 9.9, "calc_area": 10.55, "remark": 5, "tiban": "1240" }, "geometry": { "type": "MultiPolygon", "coordinates": [ [ [ [ 140.4949996, 35.802477 ], [ 140.495418699999988, 35.8026916 ], [ 140.495517400000011, 35.8027423 ], [ 140.495622200000014, 35.8026095 ], [ 140.4956329, 35.8025959 ], [ 140.4951113, 35.8023339 ], [ 140.4949996, 35.802477 ] ] ] ] } },
{ "type": "Feature", "properties": { "fid": 850, "field_id": 5614896, "location": "1-2　", "field_seq": null, "field_no": "荒北字備中1913-1", "farmer_cd": "k154", "farmer": "富澤輝和", "crop": null, "area": 9.6, "calc_area": 10.35, "remark": 2, "tiban": "1913-1" }, "geometry": { "type": "MultiPolygon", "coordinates": [ [ [ [ 140.4946072, 35.8141065 ], [ 140.4948221, 35.8141164 ], [ 140.494848499999989, 35.8136182 ], [ 140.4947746, 35.8136155 ], [ 140.4946444, 35.8136246 ], [ 140.4946281, 35.8138347 ], [ 140.4946072, 35.8141065 ] ] ] ] } },
{ "type": "Feature", "properties": { "fid": 851, "field_id": 5614906, "location": "1-2　", "field_seq": null, "field_no": "荒北字備中1897-1", "farmer_cd": "k154", "farmer": "富澤輝和", "crop": null, "area": 7.7, "calc_area": 7.96, "remark": 2, "tiban": "1897-1" }, "geometry": { "type": "MultiPolygon", "coordinates": [ [ [ [ 140.4949867, 35.8146734 ], [ 140.494983, 35.8147526 ], [ 140.4949779, 35.8148938 ], [ 140.4949679, 35.8150187 ], [ 140.4951596, 35.8151289 ], [ 140.495189900000014, 35.8146797 ], [ 140.4949867, 35.8146734 ] ] ] ] } },
{ "type": "Feature", "properties": { "fid": 852, "field_id": 5615505, "location": "1-5", "field_seq": null, "field_no": "沢字遠瀬谷269-1", "farmer_cd": "k154", "farmer": "富澤輝和", "crop": null, "area": 5.2, "calc_area": 5.9, "remark": 5, "tiban": "269-1" }, "geometry": { "type": "MultiPolygon", "coordinates": [ [ [ [ 140.4885942, 35.7993477 ], [ 140.4886593, 35.7992735 ], [ 140.4881574, 35.7989788 ], [ 140.4880866, 35.7990594 ], [ 140.4885942, 35.7993477 ] ] ] ] } },
{ "type": "Feature", "properties": { "fid": 853, "field_id": 5615587, "location": "1-5", "field_seq": null, "field_no": "沢字遠瀬谷253", "farmer_cd": "k154", "farmer": "富澤輝和", "crop": null, "area": 10.0, "calc_area": 10.71, "remark": 5, "tiban": "253" }, "geometry": { "type": "MultiPolygon", "coordinates": [ [ [ [ 140.4902333, 35.8001931 ], [ 140.4903535, 35.8000552 ], [ 140.489847700000013, 35.799757 ], [ 140.489724700000011, 35.7998979 ], [ 140.4902333, 35.8001931 ] ] ] ] } },
{ "type": "Feature", "properties": { "fid": 854, "field_id": 5615591, "location": "1-5", "field_seq": null, "field_no": "沢字遠瀬谷252", "farmer_cd": "k154", "farmer": "富澤輝和", "crop": null, "area": 9.8, "calc_area": 10.81, "remark": 5, "tiban": "252" }, "geometry": { "type": "MultiPolygon", "coordinates": [ [ [ [ 140.4901094, 35.800335 ], [ 140.4902333, 35.8001931 ], [ 140.489724700000011, 35.7998979 ], [ 140.489603, 35.8000375 ], [ 140.4901094, 35.800335 ] ] ] ] } },
{ "type": "Feature", "properties": { "fid": 855, "field_id": 5615836, "location": "1-5", "field_seq": null, "field_no": "西田部字たり免1116-1", "farmer_cd": "k154", "farmer": "富澤輝和", "crop": null, "area": 9.0, "calc_area": 10.42, "remark": 5, "tiban": "1116-1" }, "geometry": { "type": "MultiPolygon", "coordinates": [ [ [ [ 140.5038883, 35.789861 ], [ 140.5037413, 35.7893671 ], [ 140.5035447, 35.7894064 ], [ 140.5036866, 35.7898994 ], [ 140.5038883, 35.789861 ] ] ] ] } },
{ "type": "Feature", "properties": { "fid": 856, "field_id": 5615922, "location": "1-5", "field_seq": null, "field_no": "西田部字たり免1115-1", "farmer_cd": "k154", "farmer": "富澤輝和", "crop": null, "area": 9.9, "calc_area": 10.42, "remark": 5, "tiban": "1115-1" }, "geometry": { "type": "MultiPolygon", "coordinates": [ [ [ [ 140.5036866, 35.7898994 ], [ 140.5035447, 35.7894064 ], [ 140.5033427, 35.7894469 ], [ 140.5034884, 35.7899362 ], [ 140.5036866, 35.7898994 ] ] ] ] } },
{ "type": "Feature", "properties": { "fid": 857, "field_id": 5616731, "location": "1-5", "field_seq": null, "field_no": "苅毛字庄田1141-2", "farmer_cd": "k154", "farmer": "富澤輝和", "crop": null, "area": 2.0, "calc_area": 4.08, "remark": 5, "tiban": "1141-2" }, "geometry": { "type": "MultiPolygon", "coordinates": [ [ [ [ 140.5020776, 35.7980649 ], [ 140.502303, 35.7981365 ], [ 140.5023669, 35.7979598 ], [ 140.502154600000011, 35.7979095 ], [ 140.5020776, 35.7980649 ] ] ] ] } },
{ "type": "Feature", "properties": { "fid": 858, "field_id": 5616732, "location": "1-5", "field_seq": null, "field_no": "苅毛字庄田1143", "farmer_cd": "k154", "farmer": "富澤輝和", "crop": null, "area": 9.9, "calc_area": 10.05, "remark": 5, "tiban": "1143" }, "geometry": { "type": "MultiPolygon", "coordinates": [ [ [ [ 140.5016587, 35.7981365 ], [ 140.501591100000013, 35.7982843 ], [ 140.5021659, 35.7984535 ], [ 140.502226, 35.7982859 ], [ 140.5016587, 35.7981365 ] ] ] ] } },
{ "type": "Feature", "properties": { "fid": 859, "field_id": 5616733, "location": "1-5", "field_seq": null, "field_no": "苅毛字庄田1160-3", "farmer_cd": "k154", "farmer": "富澤輝和", "crop": null, "area": 8.0, "calc_area": 3.43, "remark": 5, "tiban": "1160-3" }, "geometry": { "type": "MultiPolygon", "coordinates": [ [ [ [ 140.5011155, 35.7977855 ], [ 140.5013184, 35.7978511 ], [ 140.5013841, 35.7976941 ], [ 140.501183200000014, 35.7976423 ], [ 140.5011155, 35.7977855 ] ] ] ] } },
{ "type": "Feature", "properties": { "fid": 860, "field_id": 5616734, "location": "1-5", "field_seq": null, "field_no": "苅毛字庄田1161", "farmer_cd": "k154", "farmer": "富澤輝和", "crop": null, "area": 9.5, "calc_area": 9.88, "remark": 5, "tiban": "1161" }, "geometry": { "type": "MultiPolygon", "coordinates": [ [ [ [ 140.5017373, 35.7977779 ], [ 140.5018106, 35.7976332 ], [ 140.501254499999988, 35.7974793 ], [ 140.50117560000001, 35.7976484 ], [ 140.5017373, 35.7977779 ] ] ] ] } },
{ "type": "Feature", "properties": { "fid": 861, "field_id": 5616735, "location": "1-5", "field_seq": null, "field_no": "苅毛字庄田1139", "farmer_cd": "k154", "farmer": "富澤輝和", "crop": null, "area": 3.1, "calc_area": 1.9, "remark": 5, "tiban": "1139" }, "geometry": { "type": "MultiPolygon", "coordinates": [ [ [ [ 140.502421, 35.7979486 ], [ 140.5025995, 35.7979928 ], [ 140.5025788, 35.7978526 ], [ 140.502483, 35.7978236 ], [ 140.502421, 35.7979486 ] ] ] ] } },
{ "type": "Feature", "properties": { "fid": 862, "field_id": 5616736, "location": "1-5", "field_seq": null, "field_no": "苅毛字庄田1133-2", "farmer_cd": "k154", "farmer": "富澤輝和", "crop": null, "area": 1.2, "calc_area": 2.69, "remark": 5, "tiban": "1133-2" }, "geometry": { "type": "MultiPolygon", "coordinates": [ [ [ [ 140.501975499999986, 35.7989338 ], [ 140.5020414, 35.7989447 ], [ 140.5021437, 35.7989755 ], [ 140.5022117, 35.7988336 ], [ 140.5020408, 35.7987878 ], [ 140.501975499999986, 35.7989338 ] ] ] ] } },
{ "type": "Feature", "properties": { "fid": 863, "field_id": 5616737, "location": "1-5", "field_seq": null, "field_no": "苅毛字庄田1133-1", "farmer_cd": "k154", "farmer": "富澤輝和", "crop": null, "area": 8.7, "calc_area": 7.24, "remark": 5, "tiban": "1133-1" }, "geometry": { "type": "MultiPolygon", "coordinates": [ [ [ [ 140.5021437, 35.7989755 ], [ 140.5025609, 35.7991011 ], [ 140.502634, 35.7989379 ], [ 140.5022117, 35.7988336 ], [ 140.5021437, 35.7989755 ] ] ] ] } },
{ "type": "Feature", "properties": { "fid": 864, "field_id": 5616738, "location": "1-5", "field_seq": null, "field_no": "苅毛字和田下1234", "farmer_cd": "k154", "farmer": "富澤輝和", "crop": null, "area": 9.7, "calc_area": 8.43, "remark": 5, "tiban": "1234" }, "geometry": { "type": "MultiPolygon", "coordinates": [ [ [ [ 140.4954152, 35.802893 ], [ 140.4959553, 35.8031265 ], [ 140.4960576, 35.8030426 ], [ 140.4955127, 35.8027618 ], [ 140.4954152, 35.802893 ] ] ] ] } },
{ "type": "Feature", "properties": { "fid": 865, "field_id": 5616739, "location": "1-5", "field_seq": null, "field_no": "苅毛字和田下1236-1", "farmer_cd": "k154", "farmer": "富澤輝和", "crop": null, "area": 5.6, "calc_area": 4.55, "remark": 5, "tiban": "1236-1" }, "geometry": { "type": "MultiPolygon", "coordinates": [ [ [ [ 140.4956611, 35.8026101 ], [ 140.496188100000012, 35.8028716 ], [ 140.496234500000014, 35.8028166 ], [ 140.495711, 35.8025416 ], [ 140.4956611, 35.8026101 ] ] ] ] } },
{ "type": "Feature", "properties": { "fid": 866, "field_id": 5616740, "location": "1-2　", "field_seq": null, "field_no": "荒北字コジヤ1885-1", "farmer_cd": "k154", "farmer": "富澤輝和", "crop": null, "area": 7.2, "calc_area": 6.63, "remark": 2, "tiban": "1885-1" }, "geometry": { "type": "MultiPolygon", "coordinates": [ [ [ [ 140.4948564, 35.8089353 ], [ 140.494884, 35.8089627 ], [ 140.494922800000012, 35.8089952 ], [ 140.4949428, 35.8090196 ], [ 140.4952376, 35.8088178 ], [ 140.4951989, 35.8087786 ], [ 140.4951012, 35.8086863 ], [ 140.494798800000012, 35.8088967 ], [ 140.4948564, 35.8089353 ] ] ] ] } },
{ "type": "Feature", "properties": { "fid": 867, "field_id": 5616741, "location": "1-2　", "field_seq": null, "field_no": "荒北字コジヤ1886", "farmer_cd": "k154", "farmer": "富澤輝和", "crop": null, "area": 9.9, "calc_area": 10.76, "remark": 2, "tiban": "1886" }, "geometry": { "type": "MultiPolygon", "coordinates": [ [ [ [ 140.4947602, 35.8091434 ], [ 140.4948981, 35.8092769 ], [ 140.4953697, 35.8089514 ], [ 140.4952376, 35.8088178 ], [ 140.4947602, 35.8091434 ] ] ] ] } },
{ "type": "Feature", "properties": { "fid": 868, "field_id": 5616743, "location": "1-2　", "field_seq": null, "field_no": "荒北字備中1898-1", "farmer_cd": "k154", "farmer": "富澤輝和", "crop": null, "area": 5.8, "calc_area": 6.29, "remark": 2, "tiban": "1898-1" }, "geometry": { "type": "MultiPolygon", "coordinates": [ [ [ [ 140.4947675, 35.8149283 ], [ 140.4949642, 35.8150218 ], [ 140.494988, 35.8146774 ], [ 140.4947788, 35.8146642 ], [ 140.4947675, 35.8149283 ] ] ] ] } },
{ "type": "Feature", "properties": { "fid": 869, "field_id": 5616744, "location": "1-2　", "field_seq": null, "field_no": "荒北字堺町1946", "farmer_cd": "k154", "farmer": "富澤輝和", "crop": null, "area": 9.6, "calc_area": 9.13, "remark": 2, "tiban": "1946" }, "geometry": { "type": "MultiPolygon", "coordinates": [ [ [ [ 140.4954893, 35.8098057 ], [ 140.495621699999987, 35.8099339 ], [ 140.4960656, 35.8096273 ], [ 140.4959437, 35.8095183 ], [ 140.4954893, 35.8098057 ] ] ] ] } },
{ "type": "Feature", "properties": { "fid": 870, "field_id": 5616745, "location": "1-2　", "field_seq": null, "field_no": "荒北字コジヤ1862-2", "farmer_cd": "k154", "farmer": "富澤輝和", "crop": null, "area": 2.4, "calc_area": 1.74, "remark": 2, "tiban": "1862-2" }, "geometry": { "type": "MultiPolygon", "coordinates": [ [ [ [ 140.4941859, 35.8099527 ], [ 140.4943969, 35.8099298 ], [ 140.4943787, 35.809853 ], [ 140.494176, 35.8098638 ], [ 140.4941859, 35.8099527 ] ] ] ] } },
{ "type": "Feature", "properties": { "fid": 871, "field_id": 5616746, "location": "1-2　", "field_seq": null, "field_no": "荒北字コジヤ1876", "farmer_cd": "k154", "farmer": "富澤輝和", "crop": null, "area": 10.0, "calc_area": 9.0, "remark": 2, "tiban": "1876" }, "geometry": { "type": "MultiPolygon", "coordinates": [ [ [ [ 140.4941513, 35.8093525 ], [ 140.4942676, 35.8094602 ], [ 140.4947312, 35.8091503 ], [ 140.494604900000013, 35.8090331 ], [ 140.4941513, 35.8093525 ] ] ] ] } },
{ "type": "Feature", "properties": { "fid": 872, "field_id": 5616825, "location": "1-2　", "field_seq": null, "field_no": "荒北字コジヤ(川ソコ)1885-2", "farmer_cd": "k154", "farmer": "富澤輝和", "crop": null, "area": 3.0, "calc_area": 3.63, "remark": null, "tiban": "()1885-2" }, "geometry": { "type": "MultiPolygon", "coordinates": [ [ [ [ 140.4946386, 35.8090156 ], [ 140.4947625, 35.8091421 ], [ 140.4949394, 35.8090182 ], [ 140.4948027, 35.8089021 ], [ 140.4946386, 35.8090156 ] ] ] ] } },
{ "type": "Feature", "properties": { "fid": 873, "field_id": 5613858, "location": "1-2　", "field_seq": null, "field_no": "苅毛字小池谷1022", "farmer_cd": "k132", "farmer": "富澤清", "crop": null, "area": 10.0, "calc_area": 11.13, "remark": 2, "tiban": "1022" }, "geometry": { "type": "MultiPolygon", "coordinates": [ [ [ [ 140.496714700000012, 35.807804 ], [ 140.496776399999987, 35.8077621 ], [ 140.4969165, 35.8076693 ], [ 140.4972024, 35.8074725 ], [ 140.4970616, 35.8073411 ], [ 140.4967724, 35.8075389 ], [ 140.4965745, 35.8076733 ], [ 140.4965852, 35.807684 ], [ 140.496714700000012, 35.807804 ] ] ] ] } },
{ "type": "Feature", "properties": { "fid": 874, "field_id": 5614030, "location": "1-5", "field_seq": null, "field_no": "苅毛字常盤下1082", "farmer_cd": "k132", "farmer": "富澤清", "crop": null, "area": 10.0, "calc_area": 10.25, "remark": 5, "tiban": "1082" }, "geometry": { "type": "MultiPolygon", "coordinates": [ [ [ [ 140.5023201, 35.8024634 ], [ 140.502269399999989, 35.8029544 ], [ 140.502476699999988, 35.8029682 ], [ 140.5025192, 35.8025453 ], [ 140.50252660000001, 35.8024764 ], [ 140.5024331, 35.8024709 ], [ 140.5023201, 35.8024634 ] ] ] ] } },
{ "type": "Feature", "properties": { "fid": 875, "field_id": 5614044, "location": "1-5", "field_seq": null, "field_no": "苅毛字常盤下1080", "farmer_cd": "k132", "farmer": "富澤清", "crop": null, "area": 9.9, "calc_area": 10.04, "remark": 5, "tiban": "1080" }, "geometry": { "type": "MultiPolygon", "coordinates": [ [ [ [ 140.501911799999988, 35.8024394 ], [ 140.5018939, 35.8026004 ], [ 140.501856299999986, 35.8029268 ], [ 140.502061200000014, 35.8029405 ], [ 140.5021137, 35.8024498 ], [ 140.502085599999987, 35.8024479 ], [ 140.501911799999988, 35.8024394 ] ] ] ] } },
{ "type": "Feature", "properties": { "fid": 876, "field_id": 5614330, "location": "1-5", "field_seq": null, "field_no": "苅毛字庄田1148", "farmer_cd": "k132", "farmer": "富澤清", "crop": null, "area": 9.9, "calc_area": 10.33, "remark": 5, "tiban": "1148" }, "geometry": { "type": "MultiPolygon", "coordinates": [ [ [ [ 140.5018221, 35.7992465 ], [ 140.501888799999989, 35.7990868 ], [ 140.501729899999987, 35.7990403 ], [ 140.5013073, 35.798921 ], [ 140.501283699999988, 35.7989742 ], [ 140.50124120000001, 35.7990754 ], [ 140.50173860000001, 35.7992222 ], [ 140.5018221, 35.7992465 ] ] ] ] } },
{ "type": "Feature", "properties": { "fid": 877, "field_id": 5614334, "location": "1-5", "field_seq": null, "field_no": "苅毛字庄田1174", "farmer_cd": "k132", "farmer": "富澤清", "crop": null, "area": 9.8, "calc_area": 10.15, "remark": 5, "tiban": "1174" }, "geometry": { "type": "MultiPolygon", "coordinates": [ [ [ [ 140.5000315, 35.7987323 ], [ 140.5006032, 35.798897 ], [ 140.5006726, 35.7987398 ], [ 140.5000973, 35.7985754 ], [ 140.5000492, 35.798691 ], [ 140.5000315, 35.7987323 ] ] ] ] } },
{ "type": "Feature", "properties": { "fid": 878, "field_id": 5614350, "location": "1-5", "field_seq": null, "field_no": "苅毛字庄田1176-1", "farmer_cd": "k132", "farmer": "富澤清", "crop": null, "area": 7.9, "calc_area": 7.77, "remark": 5, "tiban": "1176-1" }, "geometry": { "type": "MultiPolygon", "coordinates": [ [ [ [ 140.4998771, 35.7991016 ], [ 140.500041399999986, 35.7990921 ], [ 140.500217600000013, 35.7990968 ], [ 140.500410499999987, 35.7991229 ], [ 140.50044, 35.7991302 ], [ 140.5004736, 35.7990408 ], [ 140.5003417, 35.7990038 ], [ 140.4999633, 35.7988918 ], [ 140.4998771, 35.7991016 ] ] ] ] } },
{ "type": "Feature", "properties": { "fid": 879, "field_id": 5614362, "location": "1-5", "field_seq": null, "field_no": "苅毛字庄田1175", "farmer_cd": "k132", "farmer": "富澤清", "crop": null, "area": 9.9, "calc_area": 10.39, "remark": 5, "tiban": "1175" }, "geometry": { "type": "MultiPolygon", "coordinates": [ [ [ [ 140.5004736, 35.7990408 ], [ 140.5005362, 35.7990583 ], [ 140.5005985, 35.7989078 ], [ 140.5006032, 35.798897 ], [ 140.5000315, 35.7987323 ], [ 140.4999633, 35.7988918 ], [ 140.5003417, 35.7990038 ], [ 140.5004736, 35.7990408 ] ] ] ] } },
{ "type": "Feature", "properties": { "fid": 880, "field_id": 5615429, "location": "1-4", "field_seq": null, "field_no": "沢字神田1911", "farmer_cd": "k148", "farmer": "富澤勗", "crop": null, "area": 14.6, "calc_area": 14.96, "remark": 4, "tiban": "1911" }, "geometry": { "type": "MultiPolygon", "coordinates": [ [ [ [ 140.4754294, 35.7972246 ], [ 140.475517200000013, 35.7970689 ], [ 140.4752887, 35.796985 ], [ 140.47494660000001, 35.7968604 ], [ 140.4747346, 35.796787 ], [ 140.474646799999988, 35.7969432 ], [ 140.4749338, 35.7970492 ], [ 140.4754294, 35.7972246 ] ] ] ] } },
{ "type": "Feature", "properties": { "fid": 881, "field_id": 5615604, "location": "1-4", "field_seq": null, "field_no": "沢字五反田587-1", "farmer_cd": "k148", "farmer": "富澤勗", "crop": null, "area": 17.2, "calc_area": 17.17, "remark": null, "tiban": "587-1" }, "geometry": { "type": "MultiPolygon", "coordinates": [ [ [ [ 140.481492870000011, 35.800980345 ], [ 140.481475396, 35.801074235 ], [ 140.481440638, 35.80124713 ], [ 140.48139235, 35.80149338 ], [ 140.481356524, 35.801674013 ], [ 140.481449827, 35.801682717 ], [ 140.481601788, 35.801699459 ], [ 140.481651653, 35.80143324 ], [ 140.481670427000012, 35.801341987 ], [ 140.481734100000011, 35.801012013 ], [ 140.481492870000011, 35.800980345 ] ] ] ] } },
{ "type": "Feature", "properties": { "fid": 882, "field_id": 5615628, "location": "1-4", "field_seq": null, "field_no": "沢字五反田590", "farmer_cd": "k148", "farmer": "富澤勗", "crop": null, "area": 22.3, "calc_area": 16.3, "remark": null, "tiban": "590" }, "geometry": { "type": "MultiPolygon", "coordinates": [ [ [ [ 140.4812282, 35.8023713 ], [ 140.48147, 35.8023917 ], [ 140.4815006, 35.80219 ], [ 140.4815142, 35.8021392 ], [ 140.48152060000001, 35.8020929 ], [ 140.4815242, 35.8020451 ], [ 140.4815302, 35.8020186 ], [ 140.481545, 35.8019249 ], [ 140.4815657, 35.8018119 ], [ 140.481574599999988, 35.8017542 ], [ 140.4815806, 35.801735 ], [ 140.4815835, 35.801711 ], [ 140.4813529, 35.801695 ], [ 140.4813011, 35.8019601 ], [ 140.4812282, 35.8023713 ] ] ] ] } },
{ "type": "Feature", "properties": { "fid": 883, "field_id": 5615631, "location": "1-4", "field_seq": null, "field_no": "沢字五反田587-2,588-2", "farmer_cd": "k148", "farmer": "富澤勗", "crop": null, "area": 9.1, "calc_area": 9.07, "remark": null, "tiban": "587-2,588-2" }, "geometry": { "type": "MultiPolygon", "coordinates": [ [ [ [ 140.481734100000011, 35.801012013 ], [ 140.481670427000012, 35.801341987 ], [ 140.481651653, 35.80143324 ], [ 140.481834257, 35.801438007 ], [ 140.481892054000014, 35.801396966 ], [ 140.481914800999988, 35.801154126 ], [ 140.481927500000012, 35.801115901 ], [ 140.481977645, 35.801042496 ], [ 140.481734100000011, 35.801012013 ] ] ] ] } },
{ "type": "Feature", "properties": { "fid": 884, "field_id": 5615639, "location": "1-4", "field_seq": null, "field_no": "沢字事尾田3006", "farmer_cd": "k148", "farmer": "富澤勗", "crop": null, "area": 28.9, "calc_area": 28.95, "remark": null, "tiban": "3006" }, "geometry": { "type": "MultiPolygon", "coordinates": [ [ [ [ 140.473218403, 35.80985014 ], [ 140.473105159, 35.809991437 ], [ 140.472928762, 35.810206698 ], [ 140.472912551, 35.810229302 ], [ 140.472966447, 35.810255777 ], [ 140.473066867, 35.810305316 ], [ 140.473106744, 35.810340748 ], [ 140.473146721, 35.810403414 ], [ 140.473188641, 35.810433743 ], [ 140.473255583, 35.810466203 ], [ 140.473370611, 35.810518209 ], [ 140.473429133, 35.810539963 ], [ 140.473439073, 35.810543272 ], [ 140.473545205, 35.810381267 ], [ 140.473671561, 35.810191614 ], [ 140.47369692, 35.810149045 ], [ 140.47369957, 35.810133189 ], [ 140.473693201, 35.810118512 ], [ 140.473677149, 35.810108979 ], [ 140.473641685, 35.810104076 ], [ 140.473596415, 35.81008904 ], [ 140.473514778, 35.810043081 ], [ 140.473359714999987, 35.80993584 ], [ 140.473262207, 35.80986943 ], [ 140.473218403, 35.80985014 ] ] ] ] } },
{ "type": "Feature", "properties": { "fid": 885, "field_id": 5615664, "location": "1-4", "field_seq": null, "field_no": "沢字事尾田2989", "farmer_cd": "k148", "farmer": "富澤勗", "crop": null, "area": 12.0, "calc_area": 12.0, "remark": null, "tiban": "2989" }, "geometry": { "type": "MultiPolygon", "coordinates": [ [ [ [ 140.476360836999987, 35.810997208 ], [ 140.476395914, 35.810983372 ], [ 140.47645089400001, 35.810965432 ], [ 140.476551369, 35.810944777 ], [ 140.47666549600001, 35.810932599 ], [ 140.476657214, 35.810900959 ], [ 140.476653993000014, 35.810807935 ], [ 140.476649110000011, 35.810624472 ], [ 140.476641446, 35.810592828 ], [ 140.476629272999986, 35.810576297 ], [ 140.476594879, 35.810560639 ], [ 140.47655039, 35.81055635 ], [ 140.476423501999989, 35.810555521 ], [ 140.476386531, 35.810564771 ], [ 140.476343385, 35.810590622 ], [ 140.476353307000011, 35.810893438 ], [ 140.476360836999987, 35.810997208 ] ] ] ] } },
{ "type": "Feature", "properties": { "fid": 886, "field_id": 5615760, "location": "1-4", "field_seq": null, "field_no": "沢字新堤2037-1-2", "farmer_cd": "k148", "farmer": "富澤勗", "crop": null, "area": 11.2, "calc_area": 11.48, "remark": 4, "tiban": "2037-1-2" }, "geometry": { "type": "MultiPolygon", "coordinates": [ [ [ [ 140.4675356, 35.7991283 ], [ 140.467621400000013, 35.7990952 ], [ 140.4679424, 35.7990183 ], [ 140.4681431, 35.798964 ], [ 140.4683575, 35.7989159 ], [ 140.468271499999986, 35.7987619 ], [ 140.467891400000013, 35.7988889 ], [ 140.4674846, 35.7990268 ], [ 140.4675356, 35.7991283 ] ] ] ] } },
{ "type": "Feature", "properties": { "fid": 887, "field_id": 5615763, "location": "1-4", "field_seq": null, "field_no": "沢字新堤2004-1", "farmer_cd": "k148", "farmer": "富澤勗", "crop": null, "area": 6.5, "calc_area": 8.61, "remark": 4, "tiban": "2004-1" }, "geometry": { "type": "MultiPolygon", "coordinates": [ [ [ [ 140.468220300000013, 35.7985692 ], [ 140.468269099999986, 35.7986583 ], [ 140.4690459, 35.7983967 ], [ 140.468998199999987, 35.7983023 ], [ 140.4687442, 35.7983865 ], [ 140.468509399999988, 35.798466 ], [ 140.468220300000013, 35.7985692 ] ] ] ] } },
{ "type": "Feature", "properties": { "fid": 888, "field_id": 5615768, "location": "1-4", "field_seq": null, "field_no": "沢字ソリ田1993", "farmer_cd": "k148", "farmer": "富澤勗", "crop": null, "area": 17.7, "calc_area": 17.71, "remark": null, "tiban": "1993" }, "geometry": { "type": "MultiPolygon", "coordinates": [ [ [ [ 140.470745865, 35.797919727 ], [ 140.470655136, 35.797741784 ], [ 140.4698271, 35.798016944 ], [ 140.469910043, 35.798172236 ], [ 140.469926101999988, 35.798203288 ], [ 140.470364523, 35.798051739 ], [ 140.470745865, 35.797919727 ] ] ] ] } },
{ "type": "Feature", "properties": { "fid": 889, "field_id": 5615773, "location": "1-4", "field_seq": null, "field_no": "沢字新堤2004-2", "farmer_cd": "k148", "farmer": "富澤勗", "crop": null, "area": 8.1, "calc_area": 8.28, "remark": 4, "tiban": "2004-2" }, "geometry": { "type": "MultiPolygon", "coordinates": [ [ [ [ 140.4690459, 35.7983967 ], [ 140.468269099999986, 35.7986583 ], [ 140.4682952, 35.7987106 ], [ 140.46831610000001, 35.7987496 ], [ 140.468714, 35.7986155 ], [ 140.46909070000001, 35.7984853 ], [ 140.4690459, 35.7983967 ] ] ] ] } },
{ "type": "Feature", "properties": { "fid": 890, "field_id": 5615780, "location": "1-4", "field_seq": null, "field_no": "沢字新堤2006", "farmer_cd": "k148", "farmer": "富澤勗", "crop": null, "area": 14.6, "calc_area": 14.95, "remark": 4, "tiban": "2006" }, "geometry": { "type": "MultiPolygon", "coordinates": [ [ [ [ 140.46831610000001, 35.7987496 ], [ 140.4683709, 35.7988718 ], [ 140.4683977, 35.7989123 ], [ 140.4685754, 35.798853 ], [ 140.468885199999988, 35.7987484 ], [ 140.469173899999987, 35.7986508 ], [ 140.4691073, 35.7985181 ], [ 140.46909070000001, 35.7984853 ], [ 140.468714, 35.7986155 ], [ 140.46831610000001, 35.7987496 ] ] ] ] } },
{ "type": "Feature", "properties": { "fid": 891, "field_id": 5614353, "location": "1-5", "field_seq": null, "field_no": "西田部字部田野1401,1004-3", "farmer_cd": "k143", "farmer": "冨澤正吾", "crop": null, "area": 7.1, "calc_area": 7.67, "remark": 5, "tiban": "1401,1004-3" }, "geometry": { "type": "MultiPolygon", "coordinates": [ [ [ [ 140.502490599999987, 35.7974478 ], [ 140.5024431, 35.797254 ], [ 140.5020773, 35.7971468 ], [ 140.5020092, 35.7973081 ], [ 140.502490599999987, 35.7974478 ] ] ] ] } },
{ "type": "Feature", "properties": { "fid": 892, "field_id": 5614364, "location": "1-5", "field_seq": null, "field_no": "西田部字部田野1402", "farmer_cd": "k143", "farmer": "冨澤正吾", "crop": null, "area": 5.3, "calc_area": 5.73, "remark": 5, "tiban": "1402" }, "geometry": { "type": "MultiPolygon", "coordinates": [ [ [ [ 140.5024431, 35.797254 ], [ 140.502422200000012, 35.7971641 ], [ 140.5024027, 35.7970555 ], [ 140.5021458, 35.7969847 ], [ 140.5020773, 35.7971468 ], [ 140.5024431, 35.797254 ] ] ] ] } },
{ "type": "Feature", "properties": { "fid": 893, "field_id": 5614367, "location": "1-5", "field_seq": null, "field_no": "西田部字部田野1400-1", "farmer_cd": "k143", "farmer": "冨澤正吾", "crop": null, "area": 9.1, "calc_area": 9.56, "remark": 5, "tiban": "1400-1" }, "geometry": { "type": "MultiPolygon", "coordinates": [ [ [ [ 140.502521, 35.7976324 ], [ 140.5025279, 35.7976161 ], [ 140.5025292, 35.7976019 ], [ 140.502490599999987, 35.7974478 ], [ 140.5020092, 35.7973081 ], [ 140.5019854, 35.7973645 ], [ 140.501941499999987, 35.7974677 ], [ 140.502386300000012, 35.797594 ], [ 140.502521, 35.7976324 ] ] ] ] } },
{ "type": "Feature", "properties": { "fid": 894, "field_id": 5615489, "location": "1-5", "field_seq": null, "field_no": "沢字遠瀬谷256", "farmer_cd": "k119", "farmer": "冨澤千春", "crop": null, "area": 10.0, "calc_area": 12.18, "remark": 5, "tiban": "256" }, "geometry": { "type": "MultiPolygon", "coordinates": [ [ [ [ 140.489442, 35.7993163 ], [ 140.4899433, 35.7996067 ], [ 140.490082199999989, 35.7994461 ], [ 140.4895835, 35.7991545 ], [ 140.489442, 35.7993163 ] ] ] ] } },
{ "type": "Feature", "properties": { "fid": 895, "field_id": 5615520, "location": "1-5", "field_seq": null, "field_no": "沢字遠瀬谷254-1,2", "farmer_cd": "k119", "farmer": "冨澤千春", "crop": null, "area": 10.0, "calc_area": 7.33, "remark": 5, "tiban": "254-1,2" }, "geometry": { "type": "MultiPolygon", "coordinates": [ [ [ [ 140.490210600000012, 35.7999573 ], [ 140.490333, 35.799828 ], [ 140.4899668, 35.7996205 ], [ 140.489847700000013, 35.799757 ], [ 140.490210600000012, 35.7999573 ] ] ] ] } },
{ "type": "Feature", "properties": { "fid": 896, "field_id": 5616781, "location": "1-2　", "field_seq": null, "field_no": "岩部字飯土井3481-2", "farmer_cd": "k32", "farmer": "平山スイ", "crop": null, "area": 1.7, "calc_area": 1.61, "remark": 2, "tiban": "3481-2" }, "geometry": { "type": "MultiPolygon", "coordinates": [ [ [ [ 140.5068097, 35.816903 ], [ 140.5070091, 35.8168763 ], [ 140.5069963, 35.8167962 ], [ 140.5067932, 35.8168274 ], [ 140.5068097, 35.816903 ] ] ] ] } },
{ "type": "Feature", "properties": { "fid": 897, "field_id": 5616782, "location": "1-2　", "field_seq": null, "field_no": "岩部字飯土井3480", "farmer_cd": "k32", "farmer": "平山スイ", "crop": null, "area": 10.0, "calc_area": 10.88, "remark": 2, "tiban": "3480" }, "geometry": { "type": "MultiPolygon", "coordinates": [ [ [ [ 140.506719, 35.8164304 ], [ 140.5065021, 35.8164493 ], [ 140.5066022, 35.8169499 ], [ 140.5068158, 35.816912 ], [ 140.506719, 35.8164304 ] ] ] ] } },
{ "type": "Feature", "properties": { "fid": 898, "field_id": 5613528, "location": "1-3", "field_seq": null, "field_no": "岩部字ソリ町3142-1", "farmer_cd": "k53", "farmer": "平山英勝", "crop": null, "area": 8.0, "calc_area": 8.62, "remark": 3, "tiban": "3142-1" }, "geometry": { "type": "MultiPolygon", "coordinates": [ [ [ [ 140.503069900000014, 35.8081204 ], [ 140.5032166, 35.8081682 ], [ 140.503271500000011, 35.8081884 ], [ 140.5034796, 35.8078304 ], [ 140.503370499999988, 35.8077635 ], [ 140.503306900000013, 35.8077495 ], [ 140.503287199999988, 35.8077803 ], [ 140.503069900000014, 35.8081204 ] ] ] ] } },
{ "type": "Feature", "properties": { "fid": 899, "field_id": 5616666, "location": "1-3", "field_seq": null, "field_no": "岩部字ソリ町3143-1", "farmer_cd": "k53", "farmer": "平山英勝", "crop": null, "area": 8.4, "calc_area": 8.99, "remark": 3, "tiban": "3143-1" }, "geometry": { "type": "MultiPolygon", "coordinates": [ [ [ [ 140.503068399999989, 35.808113 ], [ 140.50331, 35.8077458 ], [ 140.5031079, 35.8076522 ], [ 140.502895200000012, 35.8080452 ], [ 140.503068399999989, 35.808113 ] ] ] ] } },
{ "type": "Feature", "properties": { "fid": 900, "field_id": 5614038, "location": "1-5", "field_seq": null, "field_no": "苅毛字庄田1124-1", "farmer_cd": "k138", "farmer": "平山英雄", "crop": null, "area": 9.7, "calc_area": 10.87, "remark": 5, "tiban": "1124-1" }, "geometry": { "type": "MultiPolygon", "coordinates": [ [ [ [ 140.5029353, 35.8000844 ], [ 140.5031453, 35.8000532 ], [ 140.5031443, 35.8000493 ], [ 140.5031363, 35.8000164 ], [ 140.503092, 35.7998322 ], [ 140.5030229, 35.7995627 ], [ 140.5030118, 35.799562 ], [ 140.5029496, 35.7995726 ], [ 140.5028088, 35.7995964 ], [ 140.5028298, 35.7996756 ], [ 140.5029353, 35.8000844 ] ] ] ] } },
{ "type": "Feature", "properties": { "fid": 901, "field_id": 5614074, "location": "1-5", "field_seq": null, "field_no": "苅毛字庄田1123", "farmer_cd": "k138", "farmer": "平山英雄", "crop": null, "area": 9.7, "calc_area": 10.33, "remark": 5, "tiban": "1123" }, "geometry": { "type": "MultiPolygon", "coordinates": [ [ [ [ 140.5027274, 35.8001089 ], [ 140.5028987, 35.8000898 ], [ 140.5029353, 35.8000844 ], [ 140.5028298, 35.7996756 ], [ 140.5028088, 35.7995964 ], [ 140.5026063, 35.7996307 ], [ 140.5026397, 35.7997622 ], [ 140.5027274, 35.8001089 ] ] ] ] } },
{ "type": "Feature", "properties": { "fid": 902, "field_id": 5614130, "location": "1-5", "field_seq": null, "field_no": "苅毛字庄田1122", "farmer_cd": "k138", "farmer": "平山英雄", "crop": null, "area": 8.2, "calc_area": 8.48, "remark": 5, "tiban": "1122" }, "geometry": { "type": "MultiPolygon", "coordinates": [ [ [ [ 140.5027274, 35.8001089 ], [ 140.5026397, 35.7997622 ], [ 140.5026063, 35.7996307 ], [ 140.5025796, 35.7996352 ], [ 140.5023534, 35.7996702 ], [ 140.502347500000013, 35.7996728 ], [ 140.5023002, 35.7997872 ], [ 140.5023449, 35.7998036 ], [ 140.5024434, 35.7998556 ], [ 140.5025592, 35.7999431 ], [ 140.5026583, 35.8000278 ], [ 140.5027274, 35.8001089 ] ] ] ] } },
{ "type": "Feature", "properties": { "fid": 903, "field_id": 5614206, "location": "1-5", "field_seq": null, "field_no": "苅毛字庄田1193-1", "farmer_cd": "k138", "farmer": "平山英雄", "crop": null, "area": 5.8, "calc_area": 6.44, "remark": 5, "tiban": "1193-1" }, "geometry": { "type": "MultiPolygon", "coordinates": [ [ [ [ 140.498976699999986, 35.7992187 ], [ 140.4991149, 35.7993391 ], [ 140.4993933, 35.7991339 ], [ 140.4992471, 35.7990057 ], [ 140.4990077, 35.7991914 ], [ 140.498976699999986, 35.7992187 ] ] ] ] } },
{ "type": "Feature", "properties": { "fid": 904, "field_id": 5614260, "location": "1-5", "field_seq": null, "field_no": "苅毛字庄田1137-2", "farmer_cd": "k138", "farmer": "平山英雄", "crop": null, "area": 4.4, "calc_area": 4.68, "remark": 5, "tiban": "1137-2" }, "geometry": { "type": "MultiPolygon", "coordinates": [ [ [ [ 140.5022598, 35.7982943 ], [ 140.5025113, 35.798369 ], [ 140.5025717, 35.7982536 ], [ 140.5025932, 35.7982047 ], [ 140.5023266, 35.7981403 ], [ 140.5022598, 35.7982943 ] ] ] ] } },
{ "type": "Feature", "properties": { "fid": 905, "field_id": 5614264, "location": "1-5", "field_seq": null, "field_no": "苅毛字庄田1203", "farmer_cd": "k138", "farmer": "平山英雄", "crop": null, "area": 5.8, "calc_area": 6.09, "remark": 5, "tiban": "1203" }, "geometry": { "type": "MultiPolygon", "coordinates": [ [ [ [ 140.4981122, 35.7999938 ], [ 140.498206399999987, 35.8000116 ], [ 140.4982569, 35.7999792 ], [ 140.4983187, 35.7999397 ], [ 140.4983899, 35.7999056 ], [ 140.4984763, 35.7998891 ], [ 140.4985223, 35.7998827 ], [ 140.4984465, 35.7998236 ], [ 140.498428600000011, 35.7998096 ], [ 140.498304499999989, 35.7997022 ], [ 140.4982669, 35.7996695 ], [ 140.498229900000013, 35.7997439 ], [ 140.4981122, 35.7999938 ] ] ] ] } },
{ "type": "Feature", "properties": { "fid": 906, "field_id": 5614271, "location": "1-5", "field_seq": null, "field_no": "苅毛字庄田1194", "farmer_cd": "k138", "farmer": "平山英雄", "crop": null, "area": 9.9, "calc_area": 11.19, "remark": 5, "tiban": "1194" }, "geometry": { "type": "MultiPolygon", "coordinates": [ [ [ [ 140.4987998, 35.7993525 ], [ 140.498976699999986, 35.7992187 ], [ 140.4990077, 35.7991914 ], [ 140.4992471, 35.7990057 ], [ 140.4991004, 35.7988769 ], [ 140.498646900000011, 35.7992151 ], [ 140.4987998, 35.7993525 ] ] ] ] } },
{ "type": "Feature", "properties": { "fid": 907, "field_id": 5614275, "location": "1-5", "field_seq": null, "field_no": "苅毛字庄田1186", "farmer_cd": "k138", "farmer": "平山英雄", "crop": null, "area": 9.9, "calc_area": 10.56, "remark": 5, "tiban": "1186" }, "geometry": { "type": "MultiPolygon", "coordinates": [ [ [ [ 140.4989779, 35.7987378 ], [ 140.4991234, 35.7988666 ], [ 140.499262499999986, 35.7987623 ], [ 140.4995683, 35.7985216 ], [ 140.4995237, 35.7984821 ], [ 140.4994323, 35.7984005 ], [ 140.499267800000013, 35.7985214 ], [ 140.4989779, 35.7987378 ] ] ] ] } },
{ "type": "Feature", "properties": { "fid": 908, "field_id": 5614278, "location": "1-5", "field_seq": null, "field_no": "苅毛字庄田1182", "farmer_cd": "k138", "farmer": "平山英雄", "crop": null, "area": 9.9, "calc_area": 11.04, "remark": 5, "tiban": "1182" }, "geometry": { "type": "MultiPolygon", "coordinates": [ [ [ [ 140.4997289, 35.7986354 ], [ 140.499967199999986, 35.7984619 ], [ 140.5001809, 35.7983058 ], [ 140.5001921, 35.7982796 ], [ 140.500052399999987, 35.7981608 ], [ 140.499588, 35.7985111 ], [ 140.4997289, 35.7986354 ] ] ] ] } },
{ "type": "Feature", "properties": { "fid": 909, "field_id": 5614282, "location": "1-5", "field_seq": null, "field_no": "苅毛字庄田1196", "farmer_cd": "k138", "farmer": "平山英雄", "crop": null, "area": 9.6, "calc_area": 10.54, "remark": 5, "tiban": "1196" }, "geometry": { "type": "MultiPolygon", "coordinates": [ [ [ [ 140.498958499999986, 35.7987508 ], [ 140.498818300000011, 35.7986255 ], [ 140.498588899999987, 35.7987957 ], [ 140.498364, 35.7989614 ], [ 140.498507, 35.7990895 ], [ 140.4987801, 35.7988852 ], [ 140.498958499999986, 35.7987508 ] ] ] ] } },
{ "type": "Feature", "properties": { "fid": 910, "field_id": 5614312, "location": "1-5", "field_seq": null, "field_no": "西田部字部田野1398", "farmer_cd": "k138", "farmer": "平山英雄", "crop": null, "area": 10.0, "calc_area": 10.41, "remark": 5, "tiban": "1398" }, "geometry": { "type": "MultiPolygon", "coordinates": [ [ [ [ 140.501875500000011, 35.7976275 ], [ 140.5024532, 35.7977926 ], [ 140.502521, 35.7976324 ], [ 140.502386300000012, 35.797594 ], [ 140.501941499999987, 35.7974677 ], [ 140.5018742, 35.7976261 ], [ 140.501875500000011, 35.7976275 ] ] ] ] } },
{ "type": "Feature", "properties": { "fid": 911, "field_id": 5614317, "location": "1-5", "field_seq": null, "field_no": "苅毛字庄田1197", "farmer_cd": "k138", "farmer": "平山英雄", "crop": null, "area": 8.9, "calc_area": 9.92, "remark": 5, "tiban": "1197" }, "geometry": { "type": "MultiPolygon", "coordinates": [ [ [ [ 140.4980201, 35.7994545 ], [ 140.4981971, 35.7993242 ], [ 140.498486500000013, 35.7991093 ], [ 140.4983399, 35.7989792 ], [ 140.4983262, 35.7989894 ], [ 140.4982027, 35.7990843 ], [ 140.4981214, 35.7991516 ], [ 140.4980617, 35.7992087 ], [ 140.498028799999986, 35.7992472 ], [ 140.4979692, 35.7993287 ], [ 140.4979401, 35.7993805 ], [ 140.4980201, 35.7994545 ] ] ] ] } },
{ "type": "Feature", "properties": { "fid": 912, "field_id": 5614343, "location": "1-5", "field_seq": null, "field_no": "苅毛字庄田1195", "farmer_cd": "k138", "farmer": "平山英雄", "crop": null, "area": 10.0, "calc_area": 10.48, "remark": 5, "tiban": "1195" }, "geometry": { "type": "MultiPolygon", "coordinates": [ [ [ [ 140.4991004, 35.7988769 ], [ 140.499053300000014, 35.7988356 ], [ 140.498958499999986, 35.7987508 ], [ 140.4987801, 35.7988852 ], [ 140.498507, 35.7990895 ], [ 140.498515700000013, 35.7990973 ], [ 140.498646900000011, 35.7992151 ], [ 140.4991004, 35.7988769 ] ] ] ] } },
{ "type": "Feature", "properties": { "fid": 913, "field_id": 5614354, "location": "1-5", "field_seq": null, "field_no": "苅毛字庄田1184", "farmer_cd": "k138", "farmer": "平山英雄", "crop": null, "area": 9.5, "calc_area": 10.48, "remark": 5, "tiban": "1184" }, "geometry": { "type": "MultiPolygon", "coordinates": [ [ [ [ 140.49930470000001, 35.7982612 ], [ 140.4994428, 35.798383 ], [ 140.4996927, 35.7981956 ], [ 140.4999056, 35.7980356 ], [ 140.4997672, 35.7979174 ], [ 140.4997639, 35.7979147 ], [ 140.4995577, 35.7980704 ], [ 140.49930470000001, 35.7982612 ] ] ] ] } },
{ "type": "Feature", "properties": { "fid": 914, "field_id": 5614359, "location": "1-5", "field_seq": null, "field_no": "苅毛字庄田1185", "farmer_cd": "k138", "farmer": "平山英雄", "crop": null, "area": 9.6, "calc_area": 10.54, "remark": 5, "tiban": "1185" }, "geometry": { "type": "MultiPolygon", "coordinates": [ [ [ [ 140.498836899999986, 35.798613 ], [ 140.4989779, 35.7987378 ], [ 140.499267800000013, 35.7985214 ], [ 140.4994323, 35.7984005 ], [ 140.4992891, 35.7982726 ], [ 140.4990343, 35.7984648 ], [ 140.498836899999986, 35.798613 ] ] ] ] } },
{ "type": "Feature", "properties": { "fid": 915, "field_id": 5614389, "location": "1-5", "field_seq": null, "field_no": "苅毛字和田下1232", "farmer_cd": "k138", "farmer": "平山英雄", "crop": null, "area": 5.9, "calc_area": 6.62, "remark": 5, "tiban": "1232" }, "geometry": { "type": "MultiPolygon", "coordinates": [ [ [ [ 140.4963013, 35.8027612 ], [ 140.4962582, 35.8028161 ], [ 140.4960931, 35.803032 ], [ 140.496072, 35.8030605 ], [ 140.49607420000001, 35.8030699 ], [ 140.496262, 35.8029973 ], [ 140.496393899999987, 35.8029458 ], [ 140.4965702, 35.8029008 ], [ 140.4966767, 35.8028764 ], [ 140.4963013, 35.8027612 ] ] ] ] } },
{ "type": "Feature", "properties": { "fid": 916, "field_id": 5614457, "location": "1-5", "field_seq": null, "field_no": "苅毛字庄田1204", "farmer_cd": "k138", "farmer": "平山英雄", "crop": null, "area": 7.9, "calc_area": 8.58, "remark": 5, "tiban": "1204" }, "geometry": { "type": "MultiPolygon", "coordinates": [ [ [ [ 140.497909600000014, 35.7999413 ], [ 140.498027400000012, 35.7999758 ], [ 140.4980849, 35.7999901 ], [ 140.4981122, 35.7999938 ], [ 140.498229900000013, 35.7997439 ], [ 140.4982669, 35.7996695 ], [ 140.4981851, 35.7995987 ], [ 140.4980993, 35.7995257 ], [ 140.4980179, 35.7997057 ], [ 140.497909600000014, 35.7999413 ] ] ] ] } },
{ "type": "Feature", "properties": { "fid": 917, "field_id": 5614466, "location": "1-5", "field_seq": null, "field_no": "苅毛字和田下1238", "farmer_cd": "k138", "farmer": "平山英雄", "crop": null, "area": 9.3, "calc_area": 11.45, "remark": 5, "tiban": "1238" }, "geometry": { "type": "MultiPolygon", "coordinates": [ [ [ [ 140.4958662, 35.8023365 ], [ 140.4964171, 35.802578 ], [ 140.4965779, 35.8023766 ], [ 140.4965779, 35.8023689 ], [ 140.4965683, 35.8023629 ], [ 140.496469600000012, 35.8023333 ], [ 140.4962554, 35.8022758 ], [ 140.496199100000013, 35.8022546 ], [ 140.496159, 35.802266 ], [ 140.4960834, 35.8022852 ], [ 140.4959767, 35.8023007 ], [ 140.495888900000011, 35.8023063 ], [ 140.4958662, 35.8023365 ] ] ] ] } },
{ "type": "Feature", "properties": { "fid": 918, "field_id": 5614478, "location": "1-5", "field_seq": null, "field_no": "苅毛字和田下1231", "farmer_cd": "k138", "farmer": "平山英雄", "crop": null, "area": 8.9, "calc_area": 9.74, "remark": 5, "tiban": "1231" }, "geometry": { "type": "MultiPolygon", "coordinates": [ [ [ [ 140.4964401, 35.8025842 ], [ 140.4963013, 35.8027612 ], [ 140.4966767, 35.8028764 ], [ 140.4967593, 35.8028575 ], [ 140.4968083, 35.8028427 ], [ 140.4968721, 35.8027105 ], [ 140.4964401, 35.8025842 ] ] ] ] } },
{ "type": "Feature", "properties": { "fid": 919, "field_id": 5614490, "location": "1-5", "field_seq": null, "field_no": "苅毛字和田下1237", "farmer_cd": "k138", "farmer": "平山英雄", "crop": null, "area": 11.0, "calc_area": 11.35, "remark": 5, "tiban": "1237" }, "geometry": { "type": "MultiPolygon", "coordinates": [ [ [ [ 140.4957604, 35.8024744 ], [ 140.4962844, 35.8027476 ], [ 140.4963601, 35.8026494 ], [ 140.4964171, 35.802578 ], [ 140.4958662, 35.8023365 ], [ 140.4958062, 35.8024163 ], [ 140.4957604, 35.8024744 ] ] ] ] } },
{ "type": "Feature", "properties": { "fid": 920, "field_id": 5614504, "location": "1-5", "field_seq": null, "field_no": "苅毛字和田下1230-1", "farmer_cd": "k138", "farmer": "平山英雄", "crop": null, "area": 8.9, "calc_area": 10.58, "remark": 5, "tiban": "1230-1" }, "geometry": { "type": "MultiPolygon", "coordinates": [ [ [ [ 140.4966115, 35.802367 ], [ 140.496486800000014, 35.8025246 ], [ 140.4964401, 35.8025842 ], [ 140.4968721, 35.8027105 ], [ 140.4968811, 35.8026917 ], [ 140.4969758, 35.8024816 ], [ 140.496811, 35.8024302 ], [ 140.496629899999988, 35.802372 ], [ 140.4966115, 35.802367 ] ] ] ] } },
{ "type": "Feature", "properties": { "fid": 921, "field_id": 5614519, "location": "1-5", "field_seq": null, "field_no": "苅毛字庄田1205", "farmer_cd": "k138", "farmer": "平山英雄", "crop": null, "area": 9.6, "calc_area": 10.44, "remark": 5, "tiban": "1205" }, "geometry": { "type": "MultiPolygon", "coordinates": [ [ [ [ 140.497714300000013, 35.7998841 ], [ 140.497909600000014, 35.7999413 ], [ 140.4980179, 35.7997057 ], [ 140.4980993, 35.7995257 ], [ 140.4980717, 35.7995023 ], [ 140.4980201, 35.7994545 ], [ 140.4979401, 35.7993805 ], [ 140.4978777, 35.7995025 ], [ 140.4977898, 35.7997119 ], [ 140.497714300000013, 35.7998841 ] ] ] ] } },
{ "type": "Feature", "properties": { "fid": 922, "field_id": 5616603, "location": "1-5", "field_seq": null, "field_no": "苅毛字庄田1137-1", "farmer_cd": "k138", "farmer": "平山英雄", "crop": null, "area": 2.8, "calc_area": 2.76, "remark": 5, "tiban": "1137-1" }, "geometry": { "type": "MultiPolygon", "coordinates": [ [ [ [ 140.5025243, 35.798362 ], [ 140.5027462, 35.7984301 ], [ 140.502690199999989, 35.7982379 ], [ 140.5025932, 35.7982134 ], [ 140.5025243, 35.798362 ] ] ] ] } },
{ "type": "Feature", "properties": { "fid": 923, "field_id": 5616604, "location": "1-5", "field_seq": null, "field_no": "苅毛字庄田1181-2", "farmer_cd": "k138", "farmer": "平山英雄", "crop": null, "area": 1.7, "calc_area": 1.87, "remark": 5, "tiban": "1181-2" }, "geometry": { "type": "MultiPolygon", "coordinates": [ [ [ [ 140.4998792, 35.7985269 ], [ 140.5000322, 35.7986536 ], [ 140.5000742, 35.7985374 ], [ 140.499972899999989, 35.7984587 ], [ 140.4998792, 35.7985269 ] ] ] ] } },
{ "type": "Feature", "properties": { "fid": 924, "field_id": 5616030, "location": "1-1", "field_seq": null, "field_no": "助沢字上代457-1", "farmer_cd": "k120", "farmer": "平山幸夫", "crop": null, "area": 8.1, "calc_area": 6.85, "remark": 1, "tiban": "457-1" }, "geometry": { "type": "MultiPolygon", "coordinates": [ [ [ [ 140.5029082, 35.8318366 ], [ 140.503025400000013, 35.8320556 ], [ 140.503065, 35.8321277 ], [ 140.5030883, 35.8321225 ], [ 140.5032981, 35.832037 ], [ 140.50324280000001, 35.8319676 ], [ 140.503093799999988, 35.8317944 ], [ 140.503025, 35.8318157 ], [ 140.5029082, 35.8318366 ] ] ] ] } },
{ "type": "Feature", "properties": { "fid": 925, "field_id": 5616037, "location": "1-1", "field_seq": null, "field_no": "助沢字中橋上583-4", "farmer_cd": "k120", "farmer": "平山幸夫", "crop": null, "area": 8.7, "calc_area": 8.09, "remark": 1, "tiban": "583-4" }, "geometry": { "type": "MultiPolygon", "coordinates": [ [ [ [ 140.5040467, 35.8315008 ], [ 140.50409830000001, 35.8315194 ], [ 140.5041775, 35.8315382 ], [ 140.5044086, 35.8308708 ], [ 140.50435490000001, 35.8308573 ], [ 140.5042416, 35.8310466 ], [ 140.5041732, 35.8311782 ], [ 140.5041058, 35.8313148 ], [ 140.5040775, 35.8313824 ], [ 140.50406, 35.831439 ], [ 140.5040491, 35.8314747 ], [ 140.5040467, 35.8315008 ] ] ] ] } },
{ "type": "Feature", "properties": { "fid": 926, "field_id": 5616039, "location": "1-1", "field_seq": null, "field_no": "助沢字中橋上597-1", "farmer_cd": "k120", "farmer": "平山幸夫", "crop": null, "area": 15.0, "calc_area": 15.91, "remark": 1, "tiban": "597-1" }, "geometry": { "type": "MultiPolygon", "coordinates": [ [ [ [ 140.5042799, 35.8331384 ], [ 140.5043044, 35.8328192 ], [ 140.504330399999986, 35.832562 ], [ 140.504356, 35.8323504 ], [ 140.504280200000011, 35.8323331 ], [ 140.504180600000012, 35.8323127 ], [ 140.50418160000001, 35.832333 ], [ 140.5041812, 35.8323825 ], [ 140.504216500000013, 35.8323977 ], [ 140.50422, 35.8324054 ], [ 140.5042153, 35.8324599 ], [ 140.5042024, 35.8325577 ], [ 140.504118299999988, 35.8325603 ], [ 140.5040965, 35.8327499 ], [ 140.5040764, 35.8329099 ], [ 140.5040712, 35.8330063 ], [ 140.504073, 35.8331201 ], [ 140.5040775, 35.8331432 ], [ 140.5040888, 35.8331536 ], [ 140.5042096, 35.833148 ], [ 140.5042799, 35.8331384 ] ] ] ] } },
{ "type": "Feature", "properties": { "fid": 927, "field_id": 5616034, "location": "1-1", "field_seq": null, "field_no": "助沢字上代456-1", "farmer_cd": "k120", "farmer": "平山幸夫", "crop": null, "area": 29.5, "calc_area": 26.59, "remark": 1, "tiban": "456-1" }, "geometry": { "type": "MultiPolygon", "coordinates": [ [ [ [ 140.5032926, 35.8320353 ], [ 140.503788899999989, 35.8318381 ], [ 140.5038958, 35.8317588 ], [ 140.5038968, 35.8316915 ], [ 140.5038705, 35.8315368 ], [ 140.5038577, 35.8314975 ], [ 140.503763099999986, 35.8313622 ], [ 140.5037551, 35.8313407 ], [ 140.5035512, 35.8315602 ], [ 140.5030926, 35.8317944 ], [ 140.5032926, 35.8320353 ] ] ] ] } },
{ "type": "Feature", "properties": { "fid": 928, "field_id": 5616041, "location": "1-1", "field_seq": null, "field_no": "助沢字中橋上594", "farmer_cd": "k120", "farmer": "平山幸夫", "crop": null, "area": 13.2, "calc_area": 15.44, "remark": 1, "tiban": "594" }, "geometry": { "type": "MultiPolygon", "coordinates": [ [ [ [ 140.5045163, 35.8331044 ], [ 140.5045045, 35.8330706 ], [ 140.5044955, 35.8329977 ], [ 140.5044964, 35.8328202 ], [ 140.5045087, 35.8327224 ], [ 140.504509899999988, 35.8326581 ], [ 140.5045213, 35.8326019 ], [ 140.504552, 35.83251 ], [ 140.5045945, 35.8324036 ], [ 140.5045407, 35.8323946 ], [ 140.5044478, 35.8323713 ], [ 140.504356, 35.8323504 ], [ 140.504330399999986, 35.832562 ], [ 140.5043044, 35.8328192 ], [ 140.5042799, 35.8331384 ], [ 140.5043741, 35.8331254 ], [ 140.5045163, 35.8331044 ] ] ] ] } },
{ "type": "Feature", "properties": { "fid": 929, "field_id": 5616048, "location": "1-1", "field_seq": null, "field_no": "助沢字中橋上593", "farmer_cd": "k120", "farmer": "平山幸夫", "crop": null, "area": 15.0, "calc_area": 17.8, "remark": 1, "tiban": "593" }, "geometry": { "type": "MultiPolygon", "coordinates": [ [ [ [ 140.5045361, 35.8330983 ], [ 140.5046391, 35.8330826 ], [ 140.5047635, 35.8330663 ], [ 140.5048094, 35.8327886 ], [ 140.504838799999987, 35.8326086 ], [ 140.504858399999989, 35.832474 ], [ 140.5046165, 35.8324126 ], [ 140.5045997, 35.8324483 ], [ 140.504565500000012, 35.8325312 ], [ 140.5045493, 35.832583 ], [ 140.5045399, 35.8326208 ], [ 140.5045317, 35.8326625 ], [ 140.5045295, 35.8327445 ], [ 140.5045188, 35.8328148 ], [ 140.504514300000011, 35.8328842 ], [ 140.5045146, 35.8329224 ], [ 140.504516, 35.8329554 ], [ 140.5045188, 35.8330108 ], [ 140.5045218, 35.8330378 ], [ 140.5045261, 35.8330648 ], [ 140.5045361, 35.8330983 ] ] ] ] } },
{ "type": "Feature", "properties": { "fid": 930, "field_id": 5616051, "location": "1-1", "field_seq": null, "field_no": "助沢字中橋上582-3", "farmer_cd": "k120", "farmer": "平山幸夫", "crop": null, "area": 9.7, "calc_area": 9.9, "remark": 1, "tiban": "582-3" }, "geometry": { "type": "MultiPolygon", "coordinates": [ [ [ [ 140.5044012, 35.8315919 ], [ 140.5045381, 35.8316254 ], [ 140.5047793, 35.8309638 ], [ 140.504668400000014, 35.8309356 ], [ 140.5046437, 35.8309295 ], [ 140.5045622, 35.8311496 ], [ 140.5044012, 35.8315919 ] ] ] ] } },
{ "type": "Feature", "properties": { "fid": 931, "field_id": 5616059, "location": "1-1", "field_seq": null, "field_no": "助沢字中橋上591", "farmer_cd": "k120", "farmer": "平山幸夫", "crop": null, "area": 5.0, "calc_area": 6.3, "remark": 1, "tiban": "591" }, "geometry": { "type": "MultiPolygon", "coordinates": [ [ [ [ 140.505067200000013, 35.8325242 ], [ 140.5050283, 35.8327485 ], [ 140.504975300000012, 35.8330362 ], [ 140.5049989, 35.8330326 ], [ 140.5050319, 35.8330217 ], [ 140.5050558, 35.8330062 ], [ 140.505067700000012, 35.8329894 ], [ 140.505079200000011, 35.8329566 ], [ 140.5050898, 35.8329041 ], [ 140.5051043, 35.8328615 ], [ 140.5051292, 35.8328259 ], [ 140.505195, 35.8327551 ], [ 140.505199299999987, 35.832725 ], [ 140.505219899999986, 35.83256 ], [ 140.505067200000013, 35.8325242 ] ] ] ] } },
{ "type": "Feature", "properties": { "fid": 932, "field_id": 5616060, "location": "1-1", "field_seq": null, "field_no": "助沢字中橋上592", "farmer_cd": "k120", "farmer": "平山幸夫", "crop": null, "area": 11.6, "calc_area": 11.71, "remark": 1, "tiban": "592" }, "geometry": { "type": "MultiPolygon", "coordinates": [ [ [ [ 140.504858399999989, 35.832474 ], [ 140.504838799999987, 35.8326086 ], [ 140.5048094, 35.8327886 ], [ 140.5047635, 35.8330663 ], [ 140.5048658, 35.8330529 ], [ 140.504975300000012, 35.8330362 ], [ 140.5050283, 35.8327485 ], [ 140.505067200000013, 35.8325242 ], [ 140.50494230000001, 35.8324953 ], [ 140.504858399999989, 35.832474 ] ] ] ] } },
{ "type": "Feature", "properties": { "fid": 933, "field_id": 5616561, "location": "1-1", "field_seq": null, "field_no": "助沢字中橋上583-1", "farmer_cd": "k120", "farmer": "平山幸夫", "crop": null, "area": 5.8, "calc_area": 8.66, "remark": 1, "tiban": "583-1" }, "geometry": { "type": "MultiPolygon", "coordinates": [ [ [ [ 140.5041775, 35.8315382 ], [ 140.504289300000011, 35.8315648 ], [ 140.5045361, 35.8309049 ], [ 140.5044074, 35.8308743 ], [ 140.5041775, 35.8315382 ] ] ] ] } },
{ "type": "Feature", "properties": { "fid": 934, "field_id": 5616562, "location": "1-1", "field_seq": null, "field_no": "助沢字中橋上583-2", "farmer_cd": "k120", "farmer": "平山幸夫", "crop": null, "area": 8.7, "calc_area": 7.93, "remark": 1, "tiban": "583-2" }, "geometry": { "type": "MultiPolygon", "coordinates": [ [ [ [ 140.504289300000011, 35.8315648 ], [ 140.504325200000011, 35.8315733 ], [ 140.5044012, 35.8315919 ], [ 140.5045622, 35.8311496 ], [ 140.5046437, 35.8309295 ], [ 140.5044086, 35.8308708 ], [ 140.5044074, 35.8308743 ], [ 140.5045361, 35.8309049 ], [ 140.504289300000011, 35.8315648 ] ] ] ] } },
{ "type": "Feature", "properties": { "fid": 935, "field_id": 5614850, "location": "1-2　", "field_seq": null, "field_no": "岩部字勧浄寺3386", "farmer_cd": "k35", "farmer": "平山寿光", "crop": null, "area": 3.4, "calc_area": 3.97, "remark": 2, "tiban": "3386" }, "geometry": { "type": "MultiPolygon", "coordinates": [ [ [ [ 140.5014041, 35.8137727 ], [ 140.5013903, 35.8137574 ], [ 140.5013715, 35.8137482 ], [ 140.501352700000012, 35.8137462 ], [ 140.50132880000001, 35.8137279 ], [ 140.501305, 35.8137004 ], [ 140.501273, 35.8136751 ], [ 140.501239, 35.8136914 ], [ 140.5011618, 35.8137423 ], [ 140.501127200000013, 35.8137625 ], [ 140.5010919, 35.813776 ], [ 140.5010633, 35.8137806 ], [ 140.5010598, 35.8137802 ], [ 140.5012634, 35.8139146 ], [ 140.501402899999988, 35.8137818 ], [ 140.5013978, 35.8137818 ], [ 140.5014041, 35.8137727 ] ] ] ] } },
{ "type": "Feature", "properties": { "fid": 936, "field_id": 5614857, "location": "1-2　", "field_seq": null, "field_no": "岩部字勧浄寺3395", "farmer_cd": "k35", "farmer": "平山寿光", "crop": null, "area": 9.8, "calc_area": 10.95, "remark": 2, "tiban": "3395" }, "geometry": { "type": "MultiPolygon", "coordinates": [ [ [ [ 140.500612499999988, 35.8145893 ], [ 140.5007871, 35.8147051 ], [ 140.500994, 35.8148526 ], [ 140.5010775, 35.8149101 ], [ 140.50122, 35.8147701 ], [ 140.5007534, 35.8144514 ], [ 140.500612499999988, 35.8145893 ] ] ] ] } },
{ "type": "Feature", "properties": { "fid": 937, "field_id": 5614861, "location": "1-2　", "field_seq": null, "field_no": "岩部字勧浄寺3396", "farmer_cd": "k35", "farmer": "平山寿光", "crop": null, "area": 9.8, "calc_area": 10.98, "remark": 2, "tiban": "3396" }, "geometry": { "type": "MultiPolygon", "coordinates": [ [ [ [ 140.501100900000012, 35.8149262 ], [ 140.501575699999989, 35.8152506 ], [ 140.5017148, 35.815111 ], [ 140.5015938, 35.8150316 ], [ 140.5012409, 35.8147917 ], [ 140.5011585, 35.8148704 ], [ 140.501100900000012, 35.8149262 ] ] ] ] } },
{ "type": "Feature", "properties": { "fid": 938, "field_id": 5614868, "location": "1-2　", "field_seq": null, "field_no": "岩部字勧浄寺3383", "farmer_cd": "k35", "farmer": "平山寿光", "crop": null, "area": 9.9, "calc_area": 10.35, "remark": 2, "tiban": "3383" }, "geometry": { "type": "MultiPolygon", "coordinates": [ [ [ [ 140.5006588, 35.813725 ], [ 140.5005831, 35.8137994 ], [ 140.500526900000011, 35.8138536 ], [ 140.5009963, 35.8141758 ], [ 140.50113060000001, 35.8140445 ], [ 140.500941399999988, 35.8139191 ], [ 140.5006588, 35.813725 ] ] ] ] } },
{ "type": "Feature", "properties": { "fid": 939, "field_id": 5614869, "location": "1-2　", "field_seq": null, "field_no": "岩部字勧浄寺3392-2", "farmer_cd": "k35", "farmer": "平山寿光", "crop": null, "area": 7.0, "calc_area": 7.26, "remark": 2, "tiban": "3392-2" }, "geometry": { "type": "MultiPolygon", "coordinates": [ [ [ [ 140.5015478, 35.8144499 ], [ 140.501083200000011, 35.8141273 ], [ 140.500988400000011, 35.8142208 ], [ 140.501456100000013, 35.8145388 ], [ 140.5015478, 35.8144499 ] ] ] ] } },
{ "type": "Feature", "properties": { "fid": 940, "field_id": 5614872, "location": "1-2　", "field_seq": null, "field_no": "岩部字勧浄寺3392-1", "farmer_cd": "k35", "farmer": "平山寿光", "crop": null, "area": 5.0, "calc_area": 5.39, "remark": 2, "tiban": "3392-1" }, "geometry": { "type": "MultiPolygon", "coordinates": [ [ [ [ 140.501151099999987, 35.8140604 ], [ 140.501083200000011, 35.8141273 ], [ 140.5015478, 35.8144499 ], [ 140.5016183, 35.8143816 ], [ 140.501151099999987, 35.8140604 ] ] ] ] } },
{ "type": "Feature", "properties": { "fid": 941, "field_id": 5614875, "location": "1-2　", "field_seq": null, "field_no": "岩部字勧浄寺3389", "farmer_cd": "k35", "farmer": "平山寿光", "crop": null, "area": 9.8, "calc_area": 10.59, "remark": 2, "tiban": "3389" }, "geometry": { "type": "MultiPolygon", "coordinates": [ [ [ [ 140.5020208, 35.8139909 ], [ 140.5017746, 35.8138244 ], [ 140.5015425, 35.8136703 ], [ 140.501413899999989, 35.8138006 ], [ 140.5015998, 35.8139301 ], [ 140.5017157, 35.8140083 ], [ 140.5018853, 35.8141226 ], [ 140.5020208, 35.8139909 ] ] ] ] } },
{ "type": "Feature", "properties": { "fid": 942, "field_id": 5614876, "location": "1-2　", "field_seq": null, "field_no": "岩部字勧浄寺3382-2", "farmer_cd": "k35", "farmer": "平山寿光", "crop": null, "area": 5.0, "calc_area": 5.31, "remark": 2, "tiban": "3382-2" }, "geometry": { "type": "MultiPolygon", "coordinates": [ [ [ [ 140.500526900000011, 35.8138536 ], [ 140.50045750000001, 35.8139204 ], [ 140.5009297, 35.814241 ], [ 140.5009963, 35.8141758 ], [ 140.500526900000011, 35.8138536 ] ] ] ] } },
{ "type": "Feature", "properties": { "fid": 943, "field_id": 5614886, "location": "1-2　", "field_seq": null, "field_no": "岩部字勧浄寺3393-1", "farmer_cd": "k35", "farmer": "平山寿光", "crop": null, "area": 5.8, "calc_area": 6.31, "remark": 2, "tiban": "3393-1" }, "geometry": { "type": "MultiPolygon", "coordinates": [ [ [ [ 140.5013523, 35.8146401 ], [ 140.50140110000001, 35.8145921 ], [ 140.501456100000013, 35.8145388 ], [ 140.5010893, 35.8142889 ], [ 140.5010019, 35.8143732 ], [ 140.500984100000011, 35.8143881 ], [ 140.5013523, 35.8146401 ] ] ] ] } },
{ "type": "Feature", "properties": { "fid": 944, "field_id": 5614889, "location": "1-2　", "field_seq": null, "field_no": "岩部字勧浄寺3391-1", "farmer_cd": "k35", "farmer": "平山寿光", "crop": null, "area": 9.0, "calc_area": 9.65, "remark": 2, "tiban": "3391-1" }, "geometry": { "type": "MultiPolygon", "coordinates": [ [ [ [ 140.5011936, 35.81409 ], [ 140.5016183, 35.8143816 ], [ 140.5017517, 35.8142523 ], [ 140.501583900000014, 35.8141369 ], [ 140.5012817, 35.8139255 ], [ 140.5012735, 35.8140191 ], [ 140.5011936, 35.81409 ] ] ] ] } },
{ "type": "Feature", "properties": { "fid": 945, "field_id": 5614894, "location": "1-2　", "field_seq": null, "field_no": "岩部字勧浄寺3394", "farmer_cd": "k35", "farmer": "平山寿光", "crop": null, "area": 9.8, "calc_area": 10.29, "remark": 2, "tiban": "3394" }, "geometry": { "type": "MultiPolygon", "coordinates": [ [ [ [ 140.5007534, 35.8144514 ], [ 140.50122, 35.8147701 ], [ 140.5013523, 35.8146401 ], [ 140.5008856, 35.814322 ], [ 140.5007534, 35.8144514 ] ] ] ] } },
{ "type": "Feature", "properties": { "fid": 946, "field_id": 5614900, "location": "1-2　", "field_seq": null, "field_no": "岩部字勧浄寺3390", "farmer_cd": "k35", "farmer": "平山寿光", "crop": null, "area": 9.8, "calc_area": 10.4, "remark": 2, "tiban": "3390" }, "geometry": { "type": "MultiPolygon", "coordinates": [ [ [ [ 140.501884600000011, 35.8141191 ], [ 140.5015998, 35.8139301 ], [ 140.501413899999989, 35.8138006 ], [ 140.5013434, 35.813872 ], [ 140.5012817, 35.8139255 ], [ 140.5017536, 35.8142577 ], [ 140.501884600000011, 35.8141191 ] ] ] ] } },
{ "type": "Feature", "properties": { "fid": 947, "field_id": 5614920, "location": "1-2　", "field_seq": null, "field_no": "岩部字勧浄寺3397", "farmer_cd": "k35", "farmer": "平山寿光", "crop": null, "area": 9.8, "calc_area": 10.5, "remark": 2, "tiban": "3397" }, "geometry": { "type": "MultiPolygon", "coordinates": [ [ [ [ 140.5017148, 35.815111 ], [ 140.5018473, 35.8149781 ], [ 140.5013816, 35.814665 ], [ 140.5012409, 35.8147917 ], [ 140.5015938, 35.8150316 ], [ 140.5017148, 35.815111 ] ] ] ] } },
{ "type": "Feature", "properties": { "fid": 948, "field_id": 5614935, "location": "1-2　", "field_seq": null, "field_no": "岩部字勧浄寺3388", "farmer_cd": "k35", "farmer": "平山寿光", "crop": null, "area": 4.0, "calc_area": 8.96, "remark": 2, "tiban": "3388" }, "geometry": { "type": "MultiPolygon", "coordinates": [ [ [ [ 140.5015429, 35.8136709 ], [ 140.502020499999986, 35.8139906 ], [ 140.502103799999986, 35.8139111 ], [ 140.5021309, 35.8138808 ], [ 140.502138, 35.8138624 ], [ 140.5021275, 35.8138493 ], [ 140.5020156, 35.8137581 ], [ 140.5019371, 35.8137087 ], [ 140.501709, 35.813641 ], [ 140.501588700000013, 35.8136349 ], [ 140.5015429, 35.8136709 ] ] ] ] } },
{ "type": "Feature", "properties": { "fid": 949, "field_id": 5616761, "location": "1-2　", "field_seq": null, "field_no": "岩部字勧浄寺3384-1", "farmer_cd": "k35", "farmer": "平山寿光", "crop": null, "area": 5.7, "calc_area": 5.5, "remark": 2, "tiban": "3384-1" }, "geometry": { "type": "MultiPolygon", "coordinates": [ [ [ [ 140.5007936, 35.8135926 ], [ 140.5006588, 35.813725 ], [ 140.5009097, 35.8138973 ], [ 140.5010328, 35.8137762 ], [ 140.5010067, 35.8137665 ], [ 140.5009957, 35.8137532 ], [ 140.5009881, 35.8137411 ], [ 140.500982, 35.8137257 ], [ 140.5007936, 35.8135926 ] ] ] ] } },
{ "type": "Feature", "properties": { "fid": 950, "field_id": 5616762, "location": "1-2　", "field_seq": null, "field_no": "岩部字勧浄寺3384-2", "farmer_cd": "k35", "farmer": "平山寿光", "crop": null, "area": 4.1, "calc_area": 4.82, "remark": 2, "tiban": "3384-2" }, "geometry": { "type": "MultiPolygon", "coordinates": [ [ [ [ 140.5009097, 35.8138973 ], [ 140.500941399999988, 35.8139191 ], [ 140.50113060000001, 35.8140445 ], [ 140.5012634, 35.8139146 ], [ 140.5010598, 35.8137802 ], [ 140.5010347, 35.8137769 ], [ 140.5010328, 35.8137762 ], [ 140.5009097, 35.8138973 ] ] ] ] } },
{ "type": "Feature", "properties": { "fid": 951, "field_id": 5616763, "location": "1-2　", "field_seq": null, "field_no": "岩部字勧浄寺3387", "farmer_cd": "k35", "farmer": "平山寿光", "crop": null, "area": 2.3, "calc_area": 2.31, "remark": 2, "tiban": "3387" }, "geometry": { "type": "MultiPolygon", "coordinates": [ [ [ [ 140.5012749, 35.8136821 ], [ 140.501399099999986, 35.8137798 ], [ 140.501554700000014, 35.8136221 ], [ 140.5014443, 35.813615 ], [ 140.501348900000011, 35.8136374 ], [ 140.5012749, 35.8136821 ] ] ] ] } },
{ "type": "Feature", "properties": { "fid": 952, "field_id": 5616764, "location": "1-2　", "field_seq": null, "field_no": "岩部字勧浄寺3391-2", "farmer_cd": "k35", "farmer": "平山寿光", "crop": null, "area": 1.1, "calc_area": 1.03, "remark": 2, "tiban": "3391-2" }, "geometry": { "type": "MultiPolygon", "coordinates": [ [ [ [ 140.5012841, 35.8139267 ], [ 140.5011529, 35.8140596 ], [ 140.5011958, 35.8140886 ], [ 140.5013324, 35.8139634 ], [ 140.5012841, 35.8139267 ] ] ] ] } },
{ "type": "Feature", "properties": { "fid": 953, "field_id": 5616765, "location": "1-2　", "field_seq": null, "field_no": "岩部字勧浄寺3393-2", "farmer_cd": "k35", "farmer": "平山寿光", "crop": null, "area": 1.9, "calc_area": 1.64, "remark": 2, "tiban": "3393-2" }, "geometry": { "type": "MultiPolygon", "coordinates": [ [ [ [ 140.5008885, 35.8143233 ], [ 140.5009834, 35.8143881 ], [ 140.5010886, 35.8142884 ], [ 140.5009875, 35.8142236 ], [ 140.5008885, 35.8143233 ] ] ] ] } },
{ "type": "Feature", "properties": { "fid": 954, "field_id": 5613821, "location": "1-3", "field_seq": null, "field_no": "岩部字荒句下3071", "farmer_cd": "k44", "farmer": "平山正憲", "crop": null, "area": 9.8, "calc_area": 10.56, "remark": 3, "tiban": "3071" }, "geometry": { "type": "MultiPolygon", "coordinates": [ [ [ [ 140.505818299999987, 35.8047744 ], [ 140.5057339, 35.8052912 ], [ 140.5059349, 35.8053109 ], [ 140.5059367, 35.8052922 ], [ 140.5059909, 35.8049677 ], [ 140.5060192, 35.8047942 ], [ 140.505818299999987, 35.8047744 ] ] ] ] } },
{ "type": "Feature", "properties": { "fid": 955, "field_id": 5613825, "location": "1-3", "field_seq": null, "field_no": "岩部字荒句下3070", "farmer_cd": "k44", "farmer": "平山正憲", "crop": null, "area": 9.8, "calc_area": 10.07, "remark": 3, "tiban": "3070" }, "geometry": { "type": "MultiPolygon", "coordinates": [ [ [ [ 140.5060192, 35.8047942 ], [ 140.5059909, 35.8049677 ], [ 140.5059367, 35.8052922 ], [ 140.5061254, 35.8053047 ], [ 140.5061474, 35.8053064 ], [ 140.506186, 35.8049891 ], [ 140.5062129, 35.8048133 ], [ 140.50614010000001, 35.8048061 ], [ 140.5060192, 35.8047942 ] ] ] ] } },
{ "type": "Feature", "properties": { "fid": 956, "field_id": 5613911, "location": "1-3", "field_seq": null, "field_no": "岩部字田島3055", "farmer_cd": "k44", "farmer": "平山正憲", "crop": null, "area": 9.8, "calc_area": 10.54, "remark": 3, "tiban": "3055" }, "geometry": { "type": "MultiPolygon", "coordinates": [ [ [ [ 140.505179199999986, 35.8046976 ], [ 140.5053877, 35.8047183 ], [ 140.505452100000014, 35.8042097 ], [ 140.5052513, 35.8041916 ], [ 140.505179199999986, 35.8046976 ] ] ] ] } },
{ "type": "Feature", "properties": { "fid": 957, "field_id": 5613786, "location": "1-2　", "field_seq": null, "field_no": "苅毛字小池谷1029-2", "farmer_cd": "k140", "farmer": "平山米", "crop": null, "area": 4.0, "calc_area": 4.82, "remark": 2, "tiban": "1029-2" }, "geometry": { "type": "MultiPolygon", "coordinates": [ [ [ [ 140.4973434, 35.807584 ], [ 140.49751710000001, 35.8077545 ], [ 140.4975667, 35.807725 ], [ 140.4976427, 35.8076917 ], [ 140.4976895, 35.8076747 ], [ 140.4976968, 35.8076722 ], [ 140.4975028, 35.8074746 ], [ 140.4973434, 35.807584 ] ] ] ] } },
{ "type": "Feature", "properties": { "fid": 958, "field_id": 5614421, "location": "1-5", "field_seq": null, "field_no": "苅毛字和田下1245-1,2", "farmer_cd": "k140", "farmer": "平山米", "crop": null, "area": 7.1, "calc_area": 3.8, "remark": null, "tiban": "1245-1,2" }, "geometry": { "type": "MultiPolygon", "coordinates": [ [ [ [ 140.493934, 35.8027032 ], [ 140.4939292, 35.8027109 ], [ 140.493968599999988, 35.802731 ], [ 140.4939798, 35.80274 ], [ 140.4939814, 35.8027387 ], [ 140.494082600000013, 35.8027822 ], [ 140.4941114, 35.8028289 ], [ 140.494142900000014, 35.8028891 ], [ 140.4942328, 35.8029093 ], [ 140.494256400000012, 35.8029358 ], [ 140.4942804, 35.8029475 ], [ 140.4945218, 35.8029047 ], [ 140.49410420000001, 35.8027654 ], [ 140.4939999, 35.8027181 ], [ 140.4939623, 35.8026998 ], [ 140.4939468, 35.8026993 ], [ 140.493942, 35.8027019 ], [ 140.493934, 35.8027032 ] ] ] ] } },
{ "type": "Feature", "properties": { "fid": 959, "field_id": 5614451, "location": "1-5", "field_seq": null, "field_no": "苅毛字和田下1244", "farmer_cd": "k140", "farmer": "平山米", "crop": null, "area": 1.4, "calc_area": 1.42, "remark": null, "tiban": "1244" }, "geometry": { "type": "MultiPolygon", "coordinates": [ [ [ [ 140.494941652, 35.803009258 ], [ 140.494939978, 35.803058446 ], [ 140.494968288, 35.803065763 ], [ 140.49509748, 35.80310344 ], [ 140.495159492, 35.803118824 ], [ 140.49521178, 35.803125474 ], [ 140.495237301, 35.803122096 ], [ 140.49525825, 35.803115043 ], [ 140.495188147, 35.80308259 ], [ 140.495130047, 35.803059785 ], [ 140.495070858, 35.803042536 ], [ 140.494941652, 35.803009258 ] ] ] ] } },
{ "type": "Feature", "properties": { "fid": 960, "field_id": 5616596, "location": "1-2　", "field_seq": null, "field_no": "苅毛字小池谷1014-1", "farmer_cd": "k140", "farmer": "平山米", "crop": null, "area": 4.5, "calc_area": 7.82, "remark": 2, "tiban": "1014-1" }, "geometry": { "type": "MultiPolygon", "coordinates": [ [ [ [ 140.4953267, 35.8080622 ], [ 140.4956703, 35.8078392 ], [ 140.495606900000013, 35.8077749 ], [ 140.495115199999987, 35.8078521 ], [ 140.4953267, 35.8080622 ] ] ] ] } },
{ "type": "Feature", "properties": { "fid": 961, "field_id": 5613787, "location": "1-3", "field_seq": null, "field_no": "岩部字荒句下3067", "farmer_cd": "k50", "farmer": "平山睦", "crop": null, "area": 9.4, "calc_area": 10.12, "remark": 3, "tiban": "3067" }, "geometry": { "type": "MultiPolygon", "coordinates": [ [ [ [ 140.5066238, 35.8048582 ], [ 140.5065955, 35.8050808 ], [ 140.5065576, 35.8053379 ], [ 140.5067589, 35.8053558 ], [ 140.5068406, 35.8048775 ], [ 140.5066238, 35.8048582 ] ] ] ] } },
{ "type": "Feature", "properties": { "fid": 962, "field_id": 5613795, "location": "1-3", "field_seq": null, "field_no": "岩部字大曲メ3094", "farmer_cd": "k50", "farmer": "平山睦", "crop": null, "area": 9.9, "calc_area": 11.05, "remark": 3, "tiban": "3094" }, "geometry": { "type": "MultiPolygon", "coordinates": [ [ [ [ 140.504554, 35.8046499 ], [ 140.504536699999989, 35.8047657 ], [ 140.504478799999987, 35.8051687 ], [ 140.5046551, 35.8051861 ], [ 140.504687600000011, 35.8051893 ], [ 140.504745500000013, 35.8047915 ], [ 140.504764599999987, 35.8046706 ], [ 140.504554, 35.8046499 ] ] ] ] } },
{ "type": "Feature", "properties": { "fid": 963, "field_id": 5613799, "location": "1-3", "field_seq": null, "field_no": "岩部字大曲メ3093", "farmer_cd": "k50", "farmer": "平山睦", "crop": null, "area": 9.9, "calc_area": 10.53, "remark": 3, "tiban": "3093" }, "geometry": { "type": "MultiPolygon", "coordinates": [ [ [ [ 140.504764599999987, 35.8046706 ], [ 140.504745500000013, 35.8047915 ], [ 140.504687600000011, 35.8051893 ], [ 140.504887700000012, 35.8052089 ], [ 140.5049625, 35.8046901 ], [ 140.504764599999987, 35.8046706 ] ] ] ] } },
{ "type": "Feature", "properties": { "fid": 964, "field_id": 5613880, "location": "1-3", "field_seq": null, "field_no": "岩部字大曲メ3095", "farmer_cd": "k50", "farmer": "平山睦", "crop": null, "area": 9.9, "calc_area": 10.65, "remark": 3, "tiban": "3095" }, "geometry": { "type": "MultiPolygon", "coordinates": [ [ [ [ 140.5043547, 35.80463 ], [ 140.5042741, 35.8051486 ], [ 140.504478799999987, 35.8051687 ], [ 140.504536699999989, 35.8047657 ], [ 140.504554, 35.8046499 ], [ 140.5044892, 35.8046435 ], [ 140.5043547, 35.80463 ] ] ] ] } },
{ "type": "Feature", "properties": { "fid": 965, "field_id": 5613962, "location": "1-3", "field_seq": null, "field_no": "岩部字大曲メ3099", "farmer_cd": "k50", "farmer": "平山睦", "crop": null, "area": 10.1, "calc_area": 10.63, "remark": 3, "tiban": "3099" }, "geometry": { "type": "MultiPolygon", "coordinates": [ [ [ [ 140.5040522, 35.8051492 ], [ 140.5039808, 35.8056441 ], [ 140.504040800000013, 35.80565 ], [ 140.504191100000014, 35.8056649 ], [ 140.504264299999988, 35.8051708 ], [ 140.5040522, 35.8051492 ] ] ] ] } },
{ "type": "Feature", "properties": { "fid": 966, "field_id": 5614168, "location": "1-3", "field_seq": null, "field_no": "岩部字正谷5305", "farmer_cd": "k50", "farmer": "平山睦", "crop": null, "area": 15.1, "calc_area": 14.94, "remark": 3, "tiban": "5305" }, "geometry": { "type": "MultiPolygon", "coordinates": [ [ [ [ 140.5065117, 35.8036129 ], [ 140.5067828, 35.803613 ], [ 140.506821, 35.8033031 ], [ 140.506833699999987, 35.8031472 ], [ 140.5068118, 35.8031218 ], [ 140.506767599999989, 35.803093 ], [ 140.5066735, 35.8030546 ], [ 140.5066056, 35.8030258 ], [ 140.506575199999986, 35.803013 ], [ 140.5065459, 35.8032808 ], [ 140.5065117, 35.8036129 ] ] ] ] } },
{ "type": "Feature", "properties": { "fid": 967, "field_id": 5616022, "location": "1-3", "field_seq": null, "field_no": "岩部字正谷5341", "farmer_cd": "k50", "farmer": "平山睦", "crop": null, "area": 14.6, "calc_area": 15.34, "remark": 3, "tiban": "5341" }, "geometry": { "type": "MultiPolygon", "coordinates": [ [ [ [ 140.509752, 35.8047464 ], [ 140.5093818, 35.8049702 ], [ 140.5095119, 35.8051333 ], [ 140.5095524, 35.8051802 ], [ 140.5095675, 35.8052079 ], [ 140.510121199999986, 35.8049099 ], [ 140.5100196, 35.8048839 ], [ 140.5099807, 35.8048826 ], [ 140.5098901, 35.8048769 ], [ 140.509752, 35.8047464 ] ] ] ] } },
{ "type": "Feature", "properties": { "fid": 968, "field_id": 5616024, "location": "1-3", "field_seq": null, "field_no": "岩部字正谷5342", "farmer_cd": "k50", "farmer": "平山睦", "crop": null, "area": 16.6, "calc_area": 16.69, "remark": 3, "tiban": "5342" }, "geometry": { "type": "MultiPolygon", "coordinates": [ [ [ [ 140.510121199999986, 35.8049099 ], [ 140.5095675, 35.8052079 ], [ 140.5095977, 35.8052355 ], [ 140.509611400000011, 35.8052681 ], [ 140.5096374, 35.8052882 ], [ 140.5096671, 35.805299 ], [ 140.5098874, 35.8053165 ], [ 140.510444299999989, 35.8050113 ], [ 140.5104122, 35.8049971 ], [ 140.510329, 35.804969 ], [ 140.510121199999986, 35.8049099 ] ] ] ] } },
{ "type": "Feature", "properties": { "fid": 969, "field_id": 5616672, "location": "1-3", "field_seq": null, "field_no": "岩部字大曲メ3100-2", "farmer_cd": "k50", "farmer": "平山睦", "crop": null, "area": 3.4, "calc_area": 2.94, "remark": 3, "tiban": "3100-2" }, "geometry": { "type": "MultiPolygon", "coordinates": [ [ [ [ 140.5041914, 35.8056649 ], [ 140.5043997, 35.8056856 ], [ 140.50442, 35.8055416 ], [ 140.504212200000012, 35.8055299 ], [ 140.5041914, 35.8056649 ] ] ] ] } },
{ "type": "Feature", "properties": { "fid": 970, "field_id": 5616673, "location": "1-3", "field_seq": null, "field_no": "岩部字大曲メ3100-1", "farmer_cd": "k50", "farmer": "平山睦", "crop": null, "area": 6.5, "calc_area": 7.37, "remark": 3, "tiban": "3100-1" }, "geometry": { "type": "MultiPolygon", "coordinates": [ [ [ [ 140.50442, 35.8055416 ], [ 140.5044695, 35.8051917 ], [ 140.5042675, 35.8051711 ], [ 140.504212200000012, 35.8055299 ], [ 140.50442, 35.8055416 ] ] ] ] } },
{ "type": "Feature", "properties": { "fid": 971, "field_id": 5613808, "location": "1-3", "field_seq": null, "field_no": "岩部字大曲メ3096", "farmer_cd": "k45", "farmer": "平山利夫", "crop": null, "area": 10.1, "calc_area": 11.26, "remark": 3, "tiban": "3096" }, "geometry": { "type": "MultiPolygon", "coordinates": [ [ [ [ 140.504142, 35.8046087 ], [ 140.5041258, 35.8047063 ], [ 140.5040615, 35.8051276 ], [ 140.5042741, 35.8051486 ], [ 140.5043547, 35.80463 ], [ 140.504142, 35.8046087 ] ] ] ] } },
{ "type": "Feature", "properties": { "fid": 972, "field_id": 5613847, "location": "1-3", "field_seq": null, "field_no": "岩部字大曲メ3097", "farmer_cd": "k45", "farmer": "平山利夫", "crop": null, "area": 11.2, "calc_area": 12.47, "remark": 3, "tiban": "3097" }, "geometry": { "type": "MultiPolygon", "coordinates": [ [ [ [ 140.503816199999989, 35.8051032 ], [ 140.5039979, 35.8051214 ], [ 140.5040615, 35.8051276 ], [ 140.5041258, 35.8047063 ], [ 140.504142, 35.8046087 ], [ 140.5039171, 35.8045862 ], [ 140.503904, 35.8046625 ], [ 140.5038604, 35.8048548 ], [ 140.503816199999989, 35.8051032 ] ] ] ] } },
{ "type": "Feature", "properties": { "fid": 973, "field_id": 5614032, "location": "1-5", "field_seq": null, "field_no": "苅毛字常盤下1067-1", "farmer_cd": "k153", "farmer": "平山和世", "crop": null, "area": 5.8, "calc_area": 6.62, "remark": 5, "tiban": "1067-1" }, "geometry": { "type": "MultiPolygon", "coordinates": [ [ [ [ 140.5026729, 35.8030037 ], [ 140.50263480000001, 35.8032962 ], [ 140.5027098, 35.8033004 ], [ 140.502782200000013, 35.8033109 ], [ 140.502865, 35.8033192 ], [ 140.502877500000011, 35.8031237 ], [ 140.5028869, 35.8030184 ], [ 140.5027868, 35.8030113 ], [ 140.5026729, 35.8030037 ] ] ] ] } },
{ "type": "Feature", "properties": { "fid": 974, "field_id": 5614067, "location": "1-5", "field_seq": null, "field_no": "苅毛字常盤下1110-1", "farmer_cd": "k153", "farmer": "平山和世", "crop": null, "area": 5.2, "calc_area": 5.62, "remark": 5, "tiban": "1110-1" }, "geometry": { "type": "MultiPolygon", "coordinates": [ [ [ [ 140.5032546, 35.8014475 ], [ 140.503445, 35.8014587 ], [ 140.5034947, 35.8014623 ], [ 140.5034722, 35.8013369 ], [ 140.503424, 35.8011691 ], [ 140.5033985, 35.8011691 ], [ 140.503312099999988, 35.8011673 ], [ 140.5032799, 35.8011637 ], [ 140.5032546, 35.8014475 ] ] ] ] } },
{ "type": "Feature", "properties": { "fid": 975, "field_id": 5614077, "location": "1-5", "field_seq": null, "field_no": "苅毛字常盤下1086", "farmer_cd": "k153", "farmer": "平山和世", "crop": null, "area": 10.0, "calc_area": 10.59, "remark": 5, "tiban": "1086" }, "geometry": { "type": "MultiPolygon", "coordinates": [ [ [ [ 140.5031457, 35.8025132 ], [ 140.503092400000014, 35.8030107 ], [ 140.5031562, 35.8030152 ], [ 140.5033028, 35.8030256 ], [ 140.5033559, 35.8025264 ], [ 140.503179499999987, 35.8025152 ], [ 140.5031457, 35.8025132 ] ] ] ] } },
{ "type": "Feature", "properties": { "fid": 976, "field_id": 5614128, "location": "1-5", "field_seq": null, "field_no": "苅毛字常盤下1085", "farmer_cd": "k153", "farmer": "平山和世", "crop": null, "area": 9.9, "calc_area": 10.09, "remark": 5, "tiban": "1085" }, "geometry": { "type": "MultiPolygon", "coordinates": [ [ [ [ 140.5029452, 35.8025013 ], [ 140.5029298, 35.8026484 ], [ 140.502888899999988, 35.8029963 ], [ 140.503092400000014, 35.8030107 ], [ 140.5031457, 35.8025132 ], [ 140.5029452, 35.8025013 ] ] ] ] } },
{ "type": "Feature", "properties": { "fid": 977, "field_id": 5614273, "location": "1-5", "field_seq": null, "field_no": "苅毛字庄田1162-1", "farmer_cd": "k153", "farmer": "平山和世", "crop": null, "area": 9.1, "calc_area": 10.31, "remark": 5, "tiban": "1162-1" }, "geometry": { "type": "MultiPolygon", "coordinates": [ [ [ [ 140.5012544, 35.7974524 ], [ 140.5018316, 35.7976151 ], [ 140.5018964, 35.7974542 ], [ 140.5013162, 35.7972934 ], [ 140.5012544, 35.7974524 ] ] ] ] } },
{ "type": "Feature", "properties": { "fid": 978, "field_id": 5614369, "location": "1-5", "field_seq": null, "field_no": "苅毛字和田下1241", "farmer_cd": "k153", "farmer": "平山和世", "crop": null, "area": 9.9, "calc_area": 10.48, "remark": 5, "tiban": "1241" }, "geometry": { "type": "MultiPolygon", "coordinates": [ [ [ [ 140.4948905, 35.802617 ], [ 140.4953183, 35.8028398 ], [ 140.4954169, 35.8028918 ], [ 140.4955147, 35.8027629 ], [ 140.4955056, 35.8027573 ], [ 140.495517400000011, 35.8027423 ], [ 140.495418699999988, 35.8026916 ], [ 140.4949996, 35.802477 ], [ 140.4949124, 35.8025888 ], [ 140.4948905, 35.802617 ] ] ] ] } },
{ "type": "Feature", "properties": { "fid": 979, "field_id": 5614402, "location": "1-5", "field_seq": null, "field_no": "苅毛字和田下1227", "farmer_cd": "k153", "farmer": "平山和世", "crop": null, "area": 8.0, "calc_area": 8.83, "remark": 5, "tiban": "1227" }, "geometry": { "type": "MultiPolygon", "coordinates": [ [ [ [ 140.496886, 35.8028807 ], [ 140.49698380000001, 35.8029061 ], [ 140.497082, 35.8029447 ], [ 140.4971155, 35.8029529 ], [ 140.4971466, 35.8029551 ], [ 140.49725620000001, 35.8029552 ], [ 140.497306400000014, 35.8029496 ], [ 140.497330799999986, 35.8029414 ], [ 140.4973674, 35.8029272 ], [ 140.4973958, 35.8029106 ], [ 140.497426, 35.8028831 ], [ 140.4974597, 35.8028441 ], [ 140.4974848, 35.8028083 ], [ 140.4975235, 35.802741 ], [ 140.4975512, 35.8026808 ], [ 140.4975784, 35.8025938 ], [ 140.4975816, 35.802567 ], [ 140.4975565, 35.802598 ], [ 140.4975294, 35.8026273 ], [ 140.4974943, 35.8026609 ], [ 140.4974458, 35.8026898 ], [ 140.497381499999989, 35.8027204 ], [ 140.4972784, 35.802765 ], [ 140.4972057, 35.80279 ], [ 140.4971059, 35.802825 ], [ 140.497029700000013, 35.802846 ], [ 140.496886, 35.8028807 ] ] ] ] } },
{ "type": "Feature", "properties": { "fid": 980, "field_id": 5614445, "location": "1-5", "field_seq": null, "field_no": "苅毛字和田下1212", "farmer_cd": "k153", "farmer": "平山和世", "crop": null, "area": 19.8, "calc_area": 22.98, "remark": 5, "tiban": "1212" }, "geometry": { "type": "MultiPolygon", "coordinates": [ [ [ [ 140.497425, 35.8014902 ], [ 140.497535, 35.8012434 ], [ 140.4976435, 35.8010054 ], [ 140.497223600000012, 35.8008832 ], [ 140.4972224, 35.8008871 ], [ 140.4970061, 35.8013663 ], [ 140.497066, 35.8013831 ], [ 140.4972036, 35.8014237 ], [ 140.497425, 35.8014902 ] ] ] ] } },
{ "type": "Feature", "properties": { "fid": 981, "field_id": 5614485, "location": "1-5", "field_seq": null, "field_no": "苅毛字和田下1247", "farmer_cd": "k153", "farmer": "平山和世", "crop": null, "area": 9.8, "calc_area": 10.63, "remark": 5, "tiban": "1247" }, "geometry": { "type": "MultiPolygon", "coordinates": [ [ [ [ 140.4947435, 35.8027524 ], [ 140.4947746, 35.8027057 ], [ 140.494853299999988, 35.8026087 ], [ 140.4943254, 35.8023298 ], [ 140.4942165, 35.8024756 ], [ 140.4945602, 35.8026546 ], [ 140.4947435, 35.8027524 ] ] ] ] } },
{ "type": "Feature", "properties": { "fid": 982, "field_id": 5616591, "location": "1-5", "field_seq": null, "field_no": "苅毛字常盤下1048", "farmer_cd": "k153", "farmer": "平山和世", "crop": null, "area": 5.0, "calc_area": 5.0, "remark": 5, "tiban": "1048" }, "geometry": { "type": "MultiPolygon", "coordinates": [ [ [ [ 140.5025329, 35.8043752 ], [ 140.502560499999987, 35.8040976 ], [ 140.5025675, 35.8040446 ], [ 140.502367600000014, 35.804029 ], [ 140.5023683, 35.8042381 ], [ 140.5024785, 35.804325 ], [ 140.5025329, 35.8043752 ] ] ] ] } },
{ "type": "Feature", "properties": { "fid": 983, "field_id": 5616592, "location": "1-5", "field_seq": null, "field_no": "苅毛字常盤下1049", "farmer_cd": "k153", "farmer": "平山和世", "crop": null, "area": 2.1, "calc_area": 2.74, "remark": 5, "tiban": "1049" }, "geometry": { "type": "MultiPolygon", "coordinates": [ [ [ [ 140.502367600000014, 35.804029 ], [ 140.5023488, 35.8040275 ], [ 140.5023199, 35.8040296 ], [ 140.502121100000011, 35.8040314 ], [ 140.5021121, 35.8040362 ], [ 140.5023683, 35.8042381 ], [ 140.502367600000014, 35.804029 ] ] ] ] } },
{ "type": "Feature", "properties": { "fid": 984, "field_id": 5616593, "location": "1-5", "field_seq": null, "field_no": "苅毛字常盤下1064-5", "farmer_cd": "k153", "farmer": "平山和世", "crop": null, "area": 0.8, "calc_area": 0.94, "remark": 5, "tiban": "1064-5" }, "geometry": { "type": "MultiPolygon", "coordinates": [ [ [ [ 140.5032617, 35.8034499 ], [ 140.5032539, 35.8034984 ], [ 140.5034578, 35.8035029 ], [ 140.5034622, 35.8034589 ], [ 140.5032617, 35.8034499 ] ] ] ] } },
{ "type": "Feature", "properties": { "fid": 985, "field_id": 5616594, "location": "1-5", "field_seq": null, "field_no": "苅毛字常盤下1064-6", "farmer_cd": "k153", "farmer": "平山和世", "crop": null, "area": 0.9, "calc_area": 1.02, "remark": 5, "tiban": "1064-6" }, "geometry": { "type": "MultiPolygon", "coordinates": [ [ [ [ 140.5032539, 35.8035002 ], [ 140.5032506, 35.8035487 ], [ 140.5034456, 35.8035586 ], [ 140.503456699999987, 35.8035056 ], [ 140.5032539, 35.8035002 ] ] ] ] } },
{ "type": "Feature", "properties": { "fid": 986, "field_id": 5616595, "location": "1-5", "field_seq": null, "field_no": "苅毛字常盤下1110-2", "farmer_cd": "k153", "farmer": "平山和世", "crop": null, "area": 1.4, "calc_area": 2.33, "remark": 5, "tiban": "1110-2" }, "geometry": { "type": "MultiPolygon", "coordinates": [ [ [ [ 140.5032821, 35.8011637 ], [ 140.5034284, 35.80117 ], [ 140.5033708, 35.8009462 ], [ 140.503305399999988, 35.8009471 ], [ 140.5032821, 35.8011637 ] ] ] ] } },
{ "type": "Feature", "properties": { "fid": 987, "field_id": 5616824, "location": "1-5", "field_seq": null, "field_no": "苅毛和田下1067-2", "farmer_cd": "k153", "farmer": "平山和世", "crop": null, "area": 4.1, "calc_area": 3.7, "remark": 5, "tiban": "1067-2" }, "geometry": { "type": "MultiPolygon", "coordinates": [ [ [ [ 140.502609, 35.8034912 ], [ 140.5028159, 35.8035143 ], [ 140.5028417, 35.8033402 ], [ 140.50263480000001, 35.803315 ], [ 140.502609, 35.8034912 ] ] ] ] } },
{ "type": "Feature", "properties": { "fid": 988, "field_id": 5613663, "location": "1-2　", "field_seq": null, "field_no": "岩部字門前3253-1", "farmer_cd": "k29", "farmer": "平山和美", "crop": null, "area": 3.6, "calc_area": 4.53, "remark": 2, "tiban": "3253-1" }, "geometry": { "type": "MultiPolygon", "coordinates": [ [ [ [ 140.5005976, 35.8122184 ], [ 140.5006454, 35.8120854 ], [ 140.5006414, 35.8120875 ], [ 140.500636899999989, 35.8120865 ], [ 140.5005713, 35.8120691 ], [ 140.500442, 35.8120305 ], [ 140.5003439, 35.8122269 ], [ 140.5005753, 35.8122683 ], [ 140.5005822, 35.8122628 ], [ 140.5005873, 35.8122489 ], [ 140.5005976, 35.8122184 ] ] ] ] } },
{ "type": "Feature", "properties": { "fid": 989, "field_id": 5614953, "location": "1-2　", "field_seq": null, "field_no": "岩部字津堀3364", "farmer_cd": "k29", "farmer": "平山和美", "crop": null, "area": 9.9, "calc_area": 11.67, "remark": 2, "tiban": "3364" }, "geometry": { "type": "MultiPolygon", "coordinates": [ [ [ [ 140.503571599999987, 35.8161985 ], [ 140.5038307, 35.8162074 ], [ 140.504198300000013, 35.8162157 ], [ 140.504216, 35.8160352 ], [ 140.503973, 35.8160277 ], [ 140.503586, 35.8160089 ], [ 140.503571599999987, 35.8161985 ] ] ] ] } },
{ "type": "Feature", "properties": { "fid": 990, "field_id": 5614954, "location": "1-2　", "field_seq": null, "field_no": "岩部字津堀3359", "farmer_cd": "k29", "farmer": "平山和美", "crop": null, "area": 9.8, "calc_area": 10.39, "remark": 2, "tiban": "3359" }, "geometry": { "type": "MultiPolygon", "coordinates": [ [ [ [ 140.5029233, 35.8163498 ], [ 140.503392100000013, 35.8163587 ], [ 140.503401700000012, 35.8163703 ], [ 140.5035499, 35.8163357 ], [ 140.5035512, 35.8161947 ], [ 140.5029322, 35.816181 ], [ 140.5029274, 35.8162569 ], [ 140.5029233, 35.8163498 ] ] ] ] } },
{ "type": "Feature", "properties": { "fid": 991, "field_id": 5614961, "location": "1-2　", "field_seq": null, "field_no": "岩部字津堀3360", "farmer_cd": "k29", "farmer": "平山和美", "crop": null, "area": 3.6, "calc_area": 3.79, "remark": 2, "tiban": "3360" }, "geometry": { "type": "MultiPolygon", "coordinates": [ [ [ [ 140.5029166, 35.8165025 ], [ 140.5032476, 35.8164063 ], [ 140.503401700000012, 35.8163703 ], [ 140.503392100000013, 35.8163587 ], [ 140.5029233, 35.8163498 ], [ 140.5029166, 35.8165025 ] ] ] ] } },
{ "type": "Feature", "properties": { "fid": 992, "field_id": 5614986, "location": "1-2　", "field_seq": null, "field_no": "岩部字津堀3365", "farmer_cd": "k29", "farmer": "平山和美", "crop": null, "area": 8.4, "calc_area": 8.43, "remark": 2, "tiban": "3365" }, "geometry": { "type": "MultiPolygon", "coordinates": [ [ [ [ 140.504198300000013, 35.8162157 ], [ 140.5041972, 35.8162371 ], [ 140.5043798, 35.8162044 ], [ 140.5048582, 35.8161075 ], [ 140.504858, 35.8160513 ], [ 140.504519, 35.8160446 ], [ 140.504216, 35.8160352 ], [ 140.504198300000013, 35.8162157 ] ] ] ] } },
{ "type": "Feature", "properties": { "fid": 993, "field_id": 5616459, "location": "1-1", "field_seq": null, "field_no": "高萩字太田1314", "farmer_cd": "k21", "farmer": "平川進", "crop": null, "area": 6.7, "calc_area": 7.11, "remark": 1, "tiban": "1314" }, "geometry": { "type": "MultiPolygon", "coordinates": [ [ [ [ 140.538747300000011, 35.8131624 ], [ 140.5378102, 35.8133925 ], [ 140.5378366, 35.8134595 ], [ 140.5387743, 35.8132336 ], [ 140.538747300000011, 35.8131624 ] ] ] ] } },
{ "type": "Feature", "properties": { "fid": 994, "field_id": 5614220, "location": "1-3", "field_seq": null, "field_no": "西田部字堀尻2409", "farmer_cd": "k75", "farmer": "平野安敏", "crop": null, "area": 9.2, "calc_area": 9.78, "remark": 3, "tiban": "2409" }, "geometry": { "type": "MultiPolygon", "coordinates": [ [ [ [ 140.5074572, 35.7978784 ], [ 140.5078181, 35.7979137 ], [ 140.5078258, 35.797638 ], [ 140.5077401, 35.7976291 ], [ 140.507495, 35.7975928 ], [ 140.5074572, 35.7978784 ] ] ] ] } },
{ "type": "Feature", "properties": { "fid": 995, "field_id": 5614226, "location": "1-3", "field_seq": null, "field_no": "西田部字堀尻2410", "farmer_cd": "k75", "farmer": "平野安敏", "crop": null, "area": 20.2, "calc_area": 20.77, "remark": 3, "tiban": "2410" }, "geometry": { "type": "MultiPolygon", "coordinates": [ [ [ [ 140.5070091, 35.7980184 ], [ 140.5071973, 35.7979167 ], [ 140.5072673, 35.7978806 ], [ 140.5073055, 35.7978713 ], [ 140.507347900000013, 35.7978699 ], [ 140.5074572, 35.7978784 ], [ 140.507495, 35.7975928 ], [ 140.507274700000011, 35.7975423 ], [ 140.5072448, 35.797532 ], [ 140.5071843, 35.7975062 ], [ 140.5071498, 35.7974891 ], [ 140.5071072, 35.7974709 ], [ 140.507063100000011, 35.7975368 ], [ 140.5070074, 35.7976371 ], [ 140.5069713, 35.7976858 ], [ 140.506934, 35.797718 ], [ 140.5068891, 35.7977455 ], [ 140.506834700000013, 35.7977755 ], [ 140.5068402, 35.797797 ], [ 140.5069422, 35.7979317 ], [ 140.5070091, 35.7980184 ] ] ] ] } },
{ "type": "Feature", "properties": { "fid": 996, "field_id": 5614565, "location": "1-5", "field_seq": null, "field_no": "西田部字清水999", "farmer_cd": "k75", "farmer": "平野安敏", "crop": null, "area": 10.0, "calc_area": 10.94, "remark": 5, "tiban": "999" }, "geometry": { "type": "MultiPolygon", "coordinates": [ [ [ [ 140.5039533, 35.7929795 ], [ 140.503785, 35.7934721 ], [ 140.5039902, 35.7935177 ], [ 140.5041599, 35.7930261 ], [ 140.5039533, 35.7929795 ] ] ] ] } },
{ "type": "Feature", "properties": { "fid": 997, "field_id": 5614618, "location": "1-5", "field_seq": null, "field_no": "西田部字清水998-1", "farmer_cd": "k75", "farmer": "平野安敏", "crop": null, "area": 10.0, "calc_area": 10.41, "remark": 5, "tiban": "998-1" }, "geometry": { "type": "MultiPolygon", "coordinates": [ [ [ [ 140.5041599, 35.7930261 ], [ 140.5039902, 35.7935177 ], [ 140.504188199999987, 35.7935617 ], [ 140.504354, 35.7930715 ], [ 140.5041651, 35.7930273 ], [ 140.5041599, 35.7930261 ] ] ] ] } },
{ "type": "Feature", "properties": { "fid": 998, "field_id": 5616009, "location": "1-3", "field_seq": null, "field_no": "西田部字京部田2467", "farmer_cd": "k75", "farmer": "平野安敏", "crop": null, "area": 12.0, "calc_area": 12.58, "remark": 3, "tiban": "2467" }, "geometry": { "type": "MultiPolygon", "coordinates": [ [ [ [ 140.5127793, 35.8003665 ], [ 140.5125469, 35.8003322 ], [ 140.5123324, 35.8007598 ], [ 140.5126175, 35.8008316 ], [ 140.5127793, 35.8003665 ] ] ] ] } },
{ "type": "Feature", "properties": { "fid": 999, "field_id": 5614021, "location": "1-3", "field_seq": null, "field_no": "西田部字浅間2379", "farmer_cd": "k71", "farmer": "平野和伯", "crop": null, "area": 6.8, "calc_area": 8.23, "remark": 3, "tiban": "2379" }, "geometry": { "type": "MultiPolygon", "coordinates": [ [ [ [ 140.5061451, 35.7996138 ], [ 140.506168699999989, 35.7996516 ], [ 140.5062409, 35.7996667 ], [ 140.506319499999989, 35.7997008 ], [ 140.5063639, 35.7996816 ], [ 140.506382699999989, 35.799647 ], [ 140.5063556, 35.7994016 ], [ 140.506320499999987, 35.7993566 ], [ 140.5062405, 35.7993316 ], [ 140.506132900000011, 35.7993237 ], [ 140.506084499999986, 35.7993409 ], [ 140.506109900000013, 35.7994569 ], [ 140.5061451, 35.7996138 ] ] ] ] } },
{ "type": "Feature", "properties": { "fid": 1000, "field_id": 5614119, "location": "1-3", "field_seq": null, "field_no": "岩部字境3003-1", "farmer_cd": "k71", "farmer": "平野和伯", "crop": null, "area": 7.8, "calc_area": 10.4, "remark": 3, "tiban": "3003-1" }, "geometry": { "type": "MultiPolygon", "coordinates": [ [ [ [ 140.5041209, 35.7999929 ], [ 140.504174299999988, 35.8002136 ], [ 140.5042406, 35.8004837 ], [ 140.5044421, 35.8004528 ], [ 140.504358599999989, 35.8001051 ], [ 140.5043263, 35.7999579 ], [ 140.5041209, 35.7999929 ] ] ] ] } },
{ "type": "Feature", "properties": { "fid": 1001, "field_id": 5614120, "location": "1-3", "field_seq": null, "field_no": "岩部字境3005", "farmer_cd": "k71", "farmer": "平野和伯", "crop": null, "area": 9.9, "calc_area": 10.77, "remark": 3, "tiban": "3005" }, "geometry": { "type": "MultiPolygon", "coordinates": [ [ [ [ 140.5045289, 35.7999233 ], [ 140.5046504, 35.8004207 ], [ 140.504854, 35.800386 ], [ 140.5048045, 35.8001683 ], [ 140.5047395, 35.7998874 ], [ 140.5045289, 35.7999233 ] ] ] ] } },
{ "type": "Feature", "properties": { "fid": 1002, "field_id": 5614177, "location": "1-3", "field_seq": null, "field_no": "岩部字境3004", "farmer_cd": "k71", "farmer": "平野和伯", "crop": null, "area": 10.0, "calc_area": 10.68, "remark": 3, "tiban": "3004" }, "geometry": { "type": "MultiPolygon", "coordinates": [ [ [ [ 140.5043263, 35.7999579 ], [ 140.504358599999989, 35.8001051 ], [ 140.5044421, 35.8004528 ], [ 140.5046388, 35.8004227 ], [ 140.5046504, 35.8004207 ], [ 140.5045289, 35.7999233 ], [ 140.5043818, 35.7999484 ], [ 140.5043263, 35.7999579 ] ] ] ] } },
{ "type": "Feature", "properties": { "fid": 1003, "field_id": 5614342, "location": "1-3", "field_seq": null, "field_no": "西田部字浅間2383", "farmer_cd": "k71", "farmer": "平野和伯", "crop": null, "area": 8.9, "calc_area": 10.09, "remark": 3, "tiban": "2383" }, "geometry": { "type": "MultiPolygon", "coordinates": [ [ [ [ 140.5070416, 35.7988805 ], [ 140.507177500000012, 35.7989476 ], [ 140.5072299, 35.7989897 ], [ 140.5072439, 35.7990094 ], [ 140.5072647, 35.7990065 ], [ 140.507477599999987, 35.7987452 ], [ 140.5074634, 35.7987058 ], [ 140.5072266, 35.7986025 ], [ 140.5071852, 35.7986338 ], [ 140.507037700000012, 35.7988353 ], [ 140.5070416, 35.7988805 ] ] ] ] } },
{ "type": "Feature", "properties": { "fid": 1004, "field_id": 5615726, "location": "1-4", "field_seq": null, "field_no": "沢字馬渡3055", "farmer_cd": "k97", "farmer": "並木良平", "crop": null, "area": 20.1, "calc_area": 22.52, "remark": 4, "tiban": "3055" }, "geometry": { "type": "MultiPolygon", "coordinates": [ [ [ [ 140.4601911, 35.8046425 ], [ 140.4605426, 35.8048346 ], [ 140.4606925, 35.8049173 ], [ 140.460709400000013, 35.8048257 ], [ 140.4607551, 35.8046765 ], [ 140.460813300000012, 35.8045942 ], [ 140.460848, 35.8045391 ], [ 140.4608739, 35.8044794 ], [ 140.4602988, 35.804313 ], [ 140.4602798, 35.804439 ], [ 140.4602759, 35.8044718 ], [ 140.4602385, 35.8045773 ], [ 140.4602035, 35.8046233 ], [ 140.4601911, 35.8046425 ] ] ] ] } },
{ "type": "Feature", "properties": { "fid": 1005, "field_id": 5614370, "location": "1-5", "field_seq": null, "field_no": "苅毛字和田下1225", "farmer_cd": "k135", "farmer": "堀越栄治", "crop": null, "area": 9.9, "calc_area": 11.12, "remark": 5, "tiban": "1225" }, "geometry": { "type": "MultiPolygon", "coordinates": [ [ [ [ 140.4973809, 35.8020481 ], [ 140.4971701, 35.8025156 ], [ 140.4972033, 35.8025251 ], [ 140.4973861, 35.8025752 ], [ 140.4974844, 35.8023472 ], [ 140.497556800000012, 35.8021826 ], [ 140.4975867, 35.8021114 ], [ 140.4974518, 35.8020702 ], [ 140.4973809, 35.8020481 ] ] ] ] } },
{ "type": "Feature", "properties": { "fid": 1006, "field_id": 5614425, "location": "1-5", "field_seq": null, "field_no": "苅毛字和田下1214-2", "farmer_cd": "k135", "farmer": "堀越栄治", "crop": null, "area": 3.4, "calc_area": 4.13, "remark": 5, "tiban": "1214-2" }, "geometry": { "type": "MultiPolygon", "coordinates": [ [ [ [ 140.4977075, 35.8013704 ], [ 140.4975042, 35.8013125 ], [ 140.497425, 35.8014902 ], [ 140.4976239, 35.8015531 ], [ 140.497664, 35.8014655 ], [ 140.4977075, 35.8013704 ] ] ] ] } },
{ "type": "Feature", "properties": { "fid": 1007, "field_id": 5614427, "location": "1-5", "field_seq": null, "field_no": "苅毛字和田下1248", "farmer_cd": "k135", "farmer": "堀越栄治", "crop": null, "area": 9.9, "calc_area": 10.65, "remark": 5, "tiban": "1248" }, "geometry": { "type": "MultiPolygon", "coordinates": [ [ [ [ 140.4943254, 35.8023298 ], [ 140.494853299999988, 35.8026087 ], [ 140.4949617, 35.8024626 ], [ 140.4944353, 35.8021878 ], [ 140.4943254, 35.8023298 ] ] ] ] } },
{ "type": "Feature", "properties": { "fid": 1008, "field_id": 5614433, "location": "1-5", "field_seq": null, "field_no": "苅毛字和田下1217", "farmer_cd": "k135", "farmer": "堀越栄治", "crop": null, "area": 9.9, "calc_area": 10.51, "remark": 5, "tiban": "1217" }, "geometry": { "type": "MultiPolygon", "coordinates": [ [ [ [ 140.4974058, 35.8020339 ], [ 140.497462, 35.8020507 ], [ 140.497597500000012, 35.8020903 ], [ 140.497676899999988, 35.8019228 ], [ 140.497762099999989, 35.8017218 ], [ 140.4978137, 35.8016073 ], [ 140.4976239, 35.8015531 ], [ 140.4976006, 35.8015991 ], [ 140.4975459, 35.801726 ], [ 140.4974058, 35.8020339 ] ] ] ] } },
{ "type": "Feature", "properties": { "fid": 1009, "field_id": 5614470, "location": "1-5", "field_seq": null, "field_no": "苅毛字和田下1215-2", "farmer_cd": "k135", "farmer": "堀越栄治", "crop": null, "area": 2.6, "calc_area": 2.99, "remark": 5, "tiban": "1215-2" }, "geometry": { "type": "MultiPolygon", "coordinates": [ [ [ [ 140.4976239, 35.8015531 ], [ 140.4978137, 35.8016073 ], [ 140.497947, 35.8016464 ], [ 140.4979473, 35.8015484 ], [ 140.497664, 35.8014655 ], [ 140.4976239, 35.8015531 ] ] ] ] } },
{ "type": "Feature", "properties": { "fid": 1010, "field_id": 5614489, "location": "1-5", "field_seq": null, "field_no": "苅毛字和田下1236-2", "farmer_cd": "k135", "farmer": "堀越栄治", "crop": null, "area": 4.5, "calc_area": 4.96, "remark": 5, "tiban": "1236-2" }, "geometry": { "type": "MultiPolygon", "coordinates": [ [ [ [ 140.4957068, 35.8025425 ], [ 140.4962334, 35.8028136 ], [ 140.4962844, 35.8027476 ], [ 140.4957604, 35.8024744 ], [ 140.4957068, 35.8025425 ] ] ] ] } },
{ "type": "Feature", "properties": { "fid": 1011, "field_id": 5614497, "location": "1-5", "field_seq": null, "field_no": "苅毛字和田下1219", "farmer_cd": "k135", "farmer": "堀越栄治", "crop": null, "area": 10.0, "calc_area": 11.4, "remark": 5, "tiban": "1219" }, "geometry": { "type": "MultiPolygon", "coordinates": [ [ [ [ 140.4969961, 35.8019066 ], [ 140.4972128, 35.8019762 ], [ 140.497369, 35.8016188 ], [ 140.497425, 35.8014902 ], [ 140.4972235, 35.8014331 ], [ 140.4972046, 35.80147 ], [ 140.4971894, 35.8015028 ], [ 140.497125, 35.8016432 ], [ 140.497034, 35.8018318 ], [ 140.4969961, 35.8019066 ] ] ] ] } },
{ "type": "Feature", "properties": { "fid": 1012, "field_id": 5614505, "location": "1-5", "field_seq": null, "field_no": "苅毛字和田下1218", "farmer_cd": "k135", "farmer": "堀越栄治", "crop": null, "area": 10.0, "calc_area": 10.79, "remark": 5, "tiban": "1218" }, "geometry": { "type": "MultiPolygon", "coordinates": [ [ [ [ 140.4972128, 35.8019762 ], [ 140.4972286, 35.801981 ], [ 140.4974058, 35.8020339 ], [ 140.4975459, 35.801726 ], [ 140.4976006, 35.8015991 ], [ 140.4976239, 35.8015531 ], [ 140.497425, 35.8014902 ], [ 140.497369, 35.8016188 ], [ 140.4972128, 35.8019762 ] ] ] ] } },
{ "type": "Feature", "properties": { "fid": 1013, "field_id": 5615551, "location": "1-5", "field_seq": null, "field_no": "苅毛字小池1277", "farmer_cd": "k135", "farmer": "堀越栄治", "crop": null, "area": 9.9, "calc_area": 10.56, "remark": 5, "tiban": "1277" }, "geometry": { "type": "MultiPolygon", "coordinates": [ [ [ [ 140.4914709, 35.8010495 ], [ 140.4914937, 35.8010405 ], [ 140.491516100000013, 35.8010122 ], [ 140.491592700000012, 35.8009135 ], [ 140.4911837, 35.800697 ], [ 140.491062699999986, 35.8006343 ], [ 140.490956, 35.8007751 ], [ 140.4910738, 35.800838 ], [ 140.4914709, 35.8010495 ] ] ] ] } },
{ "type": "Feature", "properties": { "fid": 1014, "field_id": 5615556, "location": "1-5", "field_seq": null, "field_no": "苅毛字小池1275", "farmer_cd": "k135", "farmer": "堀越栄治", "crop": null, "area": 11.6, "calc_area": 11.12, "remark": 5, "tiban": "1275" }, "geometry": { "type": "MultiPolygon", "coordinates": [ [ [ [ 140.4919467, 35.8014312 ], [ 140.4919684, 35.8013904 ], [ 140.492019, 35.8013355 ], [ 140.4918918, 35.8012725 ], [ 140.491498299999989, 35.8010707 ], [ 140.4914891, 35.8010827 ], [ 140.4914932, 35.8011031 ], [ 140.4913951, 35.8012616 ], [ 140.4913852, 35.8012821 ], [ 140.491521299999988, 35.8013346 ], [ 140.491762, 35.8014167 ], [ 140.4919467, 35.8014312 ] ] ] ] } },
{ "type": "Feature", "properties": { "fid": 1015, "field_id": 5615566, "location": "1-5", "field_seq": null, "field_no": "苅毛字小池1278", "farmer_cd": "k135", "farmer": "堀越栄治", "crop": null, "area": 9.8, "calc_area": 10.86, "remark": 5, "tiban": "1278" }, "geometry": { "type": "MultiPolygon", "coordinates": [ [ [ [ 140.491062699999986, 35.8006343 ], [ 140.4911837, 35.800697 ], [ 140.491592700000012, 35.8009135 ], [ 140.4917064, 35.8007669 ], [ 140.491197, 35.8005022 ], [ 140.491172799999987, 35.8004898 ], [ 140.491062699999986, 35.8006343 ] ] ] ] } },
{ "type": "Feature", "properties": { "fid": 1016, "field_id": 5615580, "location": "1-5", "field_seq": null, "field_no": "苅毛字小池1274", "farmer_cd": "k135", "farmer": "堀越栄治", "crop": null, "area": 9.9, "calc_area": 10.56, "remark": 5, "tiban": "1274" }, "geometry": { "type": "MultiPolygon", "coordinates": [ [ [ [ 140.491498299999989, 35.8010707 ], [ 140.4918918, 35.8012725 ], [ 140.492019, 35.8013355 ], [ 140.492132700000013, 35.8011945 ], [ 140.492006800000013, 35.80113 ], [ 140.4916111, 35.800925 ], [ 140.491498299999989, 35.8010707 ] ] ] ] } },
{ "type": "Feature", "properties": { "fid": 1017, "field_id": 5615594, "location": "1-5", "field_seq": null, "field_no": "苅毛字小池1283", "farmer_cd": "k135", "farmer": "堀越栄治", "crop": null, "area": 9.8, "calc_area": 10.74, "remark": 5, "tiban": "1283" }, "geometry": { "type": "MultiPolygon", "coordinates": [ [ [ [ 140.4905267, 35.8003568 ], [ 140.491062699999986, 35.8006343 ], [ 140.491172799999987, 35.8004898 ], [ 140.490635700000013, 35.8002149 ], [ 140.49063, 35.8002223 ], [ 140.4905267, 35.8003568 ] ] ] ] } },
{ "type": "Feature", "properties": { "fid": 1018, "field_id": 5615596, "location": "1-5", "field_seq": null, "field_no": "苅毛字小池1267-1", "farmer_cd": "k135", "farmer": "堀越栄治", "crop": null, "area": 3.8, "calc_area": 3.32, "remark": 5, "tiban": "1267-1" }, "geometry": { "type": "MultiPolygon", "coordinates": [ [ [ [ 140.4919467, 35.8014312 ], [ 140.4920548, 35.8014372 ], [ 140.4921219, 35.8014305 ], [ 140.49215430000001, 35.8013618 ], [ 140.4922316, 35.8012546 ], [ 140.492132700000013, 35.8011945 ], [ 140.492019, 35.8013355 ], [ 140.4919684, 35.8013904 ], [ 140.4919467, 35.8014312 ] ] ] ] } },
{ "type": "Feature", "properties": { "fid": 1019, "field_id": 5616614, "location": "1-5", "field_seq": null, "field_no": "苅毛字和田下1220", "farmer_cd": "k135", "farmer": "堀越栄治", "crop": null, "area": 9.9, "calc_area": 11.19, "remark": 5, "tiban": "1220" }, "geometry": { "type": "MultiPolygon", "coordinates": [ [ [ [ 140.496992299999988, 35.8019056 ], [ 140.4972261, 35.8014341 ], [ 140.4970087, 35.8013726 ], [ 140.496795100000014, 35.8018379 ], [ 140.496992299999988, 35.8019056 ] ] ] ] } },
{ "type": "Feature", "properties": { "fid": 1020, "field_id": 5616615, "location": "1-5", "field_seq": null, "field_no": "苅毛字小池1267-2", "farmer_cd": "k135", "farmer": "堀越栄治", "crop": null, "area": 1.9, "calc_area": 2.61, "remark": 5, "tiban": "1267-2" }, "geometry": { "type": "MultiPolygon", "coordinates": [ [ [ [ 140.492126899999988, 35.8014346 ], [ 140.4922989, 35.8014386 ], [ 140.492378699999989, 35.8013375 ], [ 140.4922391, 35.8012546 ], [ 140.492126899999988, 35.8014346 ] ] ] ] } },
{ "type": "Feature", "properties": { "fid": 1021, "field_id": 5616608, "location": "1-5", "field_seq": null, "field_no": "苅毛字和田下1226-1", "farmer_cd": "k135", "farmer": "堀越栄治", "crop": null, "area": 4.5, "calc_area": 4.84, "remark": 5, "tiban": "1226-1" }, "geometry": { "type": "MultiPolygon", "coordinates": [ [ [ [ 140.4973861, 35.8025752 ], [ 140.4974834, 35.8026019 ], [ 140.4975792, 35.8024869 ], [ 140.497638200000011, 35.8024364 ], [ 140.49771290000001, 35.8023631 ], [ 140.4976959, 35.8023546 ], [ 140.497517, 35.8022788 ], [ 140.4974844, 35.8023472 ], [ 140.4973861, 35.8025752 ] ] ] ] } },
{ "type": "Feature", "properties": { "fid": 1022, "field_id": 5613872, "location": "1-5", "field_seq": null, "field_no": "苅毛字常盤下1058", "farmer_cd": "k146", "farmer": "堀越克己", "crop": null, "area": 9.8, "calc_area": 11.09, "remark": 5, "tiban": "1058" }, "geometry": { "type": "MultiPolygon", "coordinates": [ [ [ [ 140.5023955, 35.8035117 ], [ 140.5023792, 35.8036907 ], [ 140.502356099999986, 35.8040034 ], [ 140.5025722, 35.8040231 ], [ 140.502609299999989, 35.8036486 ], [ 140.5026201, 35.8035241 ], [ 140.5023955, 35.8035117 ] ] ] ] } },
{ "type": "Feature", "properties": { "fid": 1023, "field_id": 5614215, "location": "1-5", "field_seq": null, "field_no": "苅毛字庄田1173", "farmer_cd": "k146", "farmer": "堀越克己", "crop": null, "area": 10.0, "calc_area": 10.48, "remark": 5, "tiban": "1173" }, "geometry": { "type": "MultiPolygon", "coordinates": [ [ [ [ 140.5000973, 35.7985754 ], [ 140.5006726, 35.7987398 ], [ 140.500743300000011, 35.7985793 ], [ 140.500164899999987, 35.7984133 ], [ 140.5000973, 35.7985754 ] ] ] ] } },
{ "type": "Feature", "properties": { "fid": 1024, "field_id": 5614291, "location": "1-5", "field_seq": null, "field_no": "苅毛字庄田1181-1", "farmer_cd": "k146", "farmer": "堀越克己", "crop": null, "area": 3.8, "calc_area": 4.66, "remark": 5, "tiban": "1181-1" }, "geometry": { "type": "MultiPolygon", "coordinates": [ [ [ [ 140.4997289, 35.7986354 ], [ 140.4998555, 35.7987471 ], [ 140.4999564, 35.7988384 ], [ 140.500020299999989, 35.7986825 ], [ 140.5000322, 35.7986519 ], [ 140.4998792, 35.7985269 ], [ 140.4997289, 35.7986354 ] ] ] ] } },
{ "type": "Feature", "properties": { "fid": 1025, "field_id": 5616645, "location": "1-5", "field_seq": null, "field_no": "苅毛字常盤下1057", "farmer_cd": "k146", "farmer": "堀越克己", "crop": null, "area": 9.6, "calc_area": 12.09, "remark": 5, "tiban": "1057" }, "geometry": { "type": "MultiPolygon", "coordinates": [ [ [ [ 140.502119, 35.8039801 ], [ 140.5021605, 35.8039835 ], [ 140.502219599999989, 35.8039929 ], [ 140.5022789, 35.8039942 ], [ 140.502356099999986, 35.8040034 ], [ 140.5023792, 35.8036907 ], [ 140.5023955, 35.8035117 ], [ 140.5022827, 35.8035004 ], [ 140.502143, 35.8034916 ], [ 140.502119, 35.8039801 ] ] ] ] } },
{ "type": "Feature", "properties": { "fid": 1026, "field_id": 5616646, "location": "1-5", "field_seq": null, "field_no": "苅毛字常盤下1056-1", "farmer_cd": "k146", "farmer": "堀越克己", "crop": null, "area": 5.8, "calc_area": 11.86, "remark": 5, "tiban": "1056-1" }, "geometry": { "type": "MultiPolygon", "coordinates": [ [ [ [ 140.501742900000011, 35.8034665 ], [ 140.5017575, 35.8035299 ], [ 140.501794, 35.803656 ], [ 140.501820400000014, 35.8037279 ], [ 140.501879800000012, 35.803823 ], [ 140.501884100000012, 35.8038284 ], [ 140.50212590000001, 35.8038401 ], [ 140.502143, 35.8034916 ], [ 140.501742900000011, 35.8034665 ] ] ] ] } },
{ "type": "Feature", "properties": { "fid": 1027, "field_id": 5616647, "location": "1-5", "field_seq": null, "field_no": "苅毛字常盤下1056-2", "farmer_cd": "k146", "farmer": "堀越克己", "crop": null, "area": 0.7, "calc_area": 2.37, "remark": 5, "tiban": "1056-2" }, "geometry": { "type": "MultiPolygon", "coordinates": [ [ [ [ 140.501884100000012, 35.8038284 ], [ 140.5019256, 35.8038812 ], [ 140.502007099999986, 35.8039526 ], [ 140.5020345, 35.8039733 ], [ 140.502119, 35.8039801 ], [ 140.50212590000001, 35.8038401 ], [ 140.501884100000012, 35.8038284 ] ] ] ] } },
{ "type": "Feature", "properties": { "fid": 1028, "field_id": 5613532, "location": "1-2　", "field_seq": null, "field_no": "荒北字コジヤ1853", "farmer_cd": "k1", "farmer": "堀越成一", "crop": null, "area": 6.9, "calc_area": 8.71, "remark": 2, "tiban": "1853" }, "geometry": { "type": "MultiPolygon", "coordinates": [ [ [ [ 140.4923446, 35.8100428 ], [ 140.4923937, 35.8104936 ], [ 140.4925246, 35.8104876 ], [ 140.4925839, 35.8104826 ], [ 140.492549, 35.8101814 ], [ 140.4925264, 35.8100169 ], [ 140.4923446, 35.8100428 ] ] ] ] } },
{ "type": "Feature", "properties": { "fid": 1029, "field_id": 5613568, "location": "1-2　", "field_seq": null, "field_no": "荒北字根崎1849-1", "farmer_cd": "k1", "farmer": "堀越成一", "crop": null, "area": 5.3, "calc_area": 6.19, "remark": 2, "tiban": "1849-1" }, "geometry": { "type": "MultiPolygon", "coordinates": [ [ [ [ 140.4928382, 35.8109037 ], [ 140.492848900000013, 35.8108957 ], [ 140.4929596, 35.8108987 ], [ 140.4929632, 35.8108026 ], [ 140.4929929, 35.8105702 ], [ 140.4929299, 35.8105831 ], [ 140.4928873, 35.8105986 ], [ 140.492764200000011, 35.810648 ], [ 140.492761699999988, 35.8106892 ], [ 140.4927601, 35.8109014 ], [ 140.4928382, 35.8109037 ] ] ] ] } },
{ "type": "Feature", "properties": { "fid": 1030, "field_id": 5613668, "location": "1-2　", "field_seq": null, "field_no": "荒北字備中1929", "farmer_cd": "k1", "farmer": "堀越成一", "crop": null, "area": 10.0, "calc_area": 10.32, "remark": 2, "tiban": "1929" }, "geometry": { "type": "MultiPolygon", "coordinates": [ [ [ [ 140.4951498, 35.8120543 ], [ 140.4951393, 35.8123022 ], [ 140.4951341, 35.8123022 ], [ 140.4951259, 35.8125568 ], [ 140.4953298, 35.8125627 ], [ 140.495339800000011, 35.8123697 ], [ 140.4953542, 35.8120637 ], [ 140.4951498, 35.8120543 ] ] ] ] } },
{ "type": "Feature", "properties": { "fid": 1031, "field_id": 5613741, "location": "1-2　", "field_seq": null, "field_no": "荒北字根崎1854-1", "farmer_cd": "k1", "farmer": "堀越成一", "crop": null, "area": 9.6, "calc_area": 9.15, "remark": 2, "tiban": "1854-1" }, "geometry": { "type": "MultiPolygon", "coordinates": [ [ [ [ 140.4925264, 35.8100169 ], [ 140.492549, 35.8101814 ], [ 140.4925839, 35.8104826 ], [ 140.49268, 35.8104744 ], [ 140.492739300000011, 35.8104705 ], [ 140.492794800000013, 35.8104767 ], [ 140.4927064, 35.810002 ], [ 140.4925264, 35.8100169 ] ] ] ] } },
{ "type": "Feature", "properties": { "fid": 1032, "field_id": 5613780, "location": "1-2　", "field_seq": null, "field_no": "荒北字コジヤ1855-1", "farmer_cd": "k1", "farmer": "堀越成一", "crop": null, "area": 8.9, "calc_area": 9.75, "remark": 2, "tiban": "1855-1" }, "geometry": { "type": "MultiPolygon", "coordinates": [ [ [ [ 140.4929268, 35.8099834 ], [ 140.4928832, 35.8099875 ], [ 140.4927064, 35.810002 ], [ 140.492794800000013, 35.8104767 ], [ 140.4929574, 35.8104493 ], [ 140.4929808, 35.8104255 ], [ 140.4929268, 35.8099834 ] ] ] ] } },
{ "type": "Feature", "properties": { "fid": 1033, "field_id": 5614852, "location": "1-2　", "field_seq": null, "field_no": "荒北字備中1894", "farmer_cd": "k1", "farmer": "堀越成一", "crop": null, "area": 4.9, "calc_area": 10.24, "remark": 2, "tiban": "1894" }, "geometry": { "type": "MultiPolygon", "coordinates": [ [ [ [ 140.4955732, 35.8152065 ], [ 140.4956335, 35.8152097 ], [ 140.4956541, 35.8152071 ], [ 140.4957761, 35.8152176 ], [ 140.495790199999988, 35.8149788 ], [ 140.495807, 35.8147074 ], [ 140.495611200000013, 35.8146983 ], [ 140.4956047, 35.8147546 ], [ 140.4955732, 35.8152065 ] ] ] ] } },
{ "type": "Feature", "properties": { "fid": 1034, "field_id": 5614867, "location": "1-2　", "field_seq": null, "field_no": "荒北字備中1902", "farmer_cd": "k1", "farmer": "堀越成一", "crop": null, "area": 9.9, "calc_area": 9.94, "remark": 2, "tiban": "1902" }, "geometry": { "type": "MultiPolygon", "coordinates": [ [ [ [ 140.495024300000011, 35.8141456 ], [ 140.494992700000012, 35.8146464 ], [ 140.495188500000012, 35.814655 ], [ 140.495210899999989, 35.8143211 ], [ 140.4952266, 35.8141558 ], [ 140.495079800000013, 35.8141481 ], [ 140.495024300000011, 35.8141456 ] ] ] ] } },
{ "type": "Feature", "properties": { "fid": 1035, "field_id": 5614883, "location": "1-2　", "field_seq": null, "field_no": "荒北字備中1900-1", "farmer_cd": "k1", "farmer": "堀越成一", "crop": null, "area": 9.0, "calc_area": 9.09, "remark": 2, "tiban": "1900-1" }, "geometry": { "type": "MultiPolygon", "coordinates": [ [ [ [ 140.4947804, 35.8146103 ], [ 140.4948063, 35.8142797 ], [ 140.4948162, 35.8141384 ], [ 140.4946128, 35.8141296 ], [ 140.4946103, 35.8141356 ], [ 140.494602, 35.814206 ], [ 140.4945978, 35.8144077 ], [ 140.4946238, 35.8145878 ], [ 140.494633599999986, 35.814597 ], [ 140.4947804, 35.8146103 ] ] ] ] } },
{ "type": "Feature", "properties": { "fid": 1036, "field_id": 5614885, "location": "1-2　", "field_seq": null, "field_no": "荒北字備中1901", "farmer_cd": "k1", "farmer": "堀越成一", "crop": null, "area": 9.7, "calc_area": 10.62, "remark": 2, "tiban": "1901" }, "geometry": { "type": "MultiPolygon", "coordinates": [ [ [ [ 140.494780600000013, 35.8146383 ], [ 140.4948455, 35.81464 ], [ 140.494992700000012, 35.8146464 ], [ 140.495024300000011, 35.8141456 ], [ 140.494829399999986, 35.8141366 ], [ 140.4948162, 35.8141384 ], [ 140.4948063, 35.8142797 ], [ 140.4947804, 35.8146103 ], [ 140.494780600000013, 35.8146383 ] ] ] ] } },
{ "type": "Feature", "properties": { "fid": 1037, "field_id": 5614891, "location": "1-2　", "field_seq": null, "field_no": "荒北字備中1895", "farmer_cd": "k1", "farmer": "堀越成一", "crop": null, "area": 4.9, "calc_area": 10.45, "remark": 2, "tiban": "1895" }, "geometry": { "type": "MultiPolygon", "coordinates": [ [ [ [ 140.4954009, 35.8146886 ], [ 140.495372, 35.8151964 ], [ 140.495406300000013, 35.8151979 ], [ 140.4955732, 35.8152065 ], [ 140.4956047, 35.8147546 ], [ 140.495611200000013, 35.8146983 ], [ 140.4954009, 35.8146886 ] ] ] ] } },
{ "type": "Feature", "properties": { "fid": 1038, "field_id": 5614895, "location": "1-2　", "field_seq": null, "field_no": "杉山下1786-1", "farmer_cd": "k1", "farmer": "堀越成一", "crop": null, "area": 6.3, "calc_area": 6.64, "remark": 2, "tiban": "1786-1" }, "geometry": { "type": "MultiPolygon", "coordinates": [ [ [ [ 140.493157700000012, 35.8149298 ], [ 140.4929377, 35.8151439 ], [ 140.4927691, 35.815314 ], [ 140.492854099999988, 35.815368 ], [ 140.4928794, 35.8153844 ], [ 140.4932552, 35.8149907 ], [ 140.4931956, 35.8149527 ], [ 140.493157700000012, 35.8149298 ] ] ] ] } },
{ "type": "Feature", "properties": { "fid": 1039, "field_id": 5615015, "location": "1-2　", "field_seq": null, "field_no": "荒北字杉山下1787", "farmer_cd": "k1", "farmer": "堀越成一", "crop": null, "area": 9.8, "calc_area": 10.39, "remark": 2, "tiban": "1787" }, "geometry": { "type": "MultiPolygon", "coordinates": [ [ [ [ 140.4934192, 35.8150951 ], [ 140.4932552, 35.8149907 ], [ 140.4928794, 35.8153844 ], [ 140.493042, 35.8154896 ], [ 140.4933661, 35.8151495 ], [ 140.4934192, 35.8150951 ] ] ] ] } },
{ "type": "Feature", "properties": { "fid": 1040, "field_id": 5615602, "location": "1-4", "field_seq": null, "field_no": "沢字タキ601-1", "farmer_cd": "k99", "farmer": "堀越正幸", "crop": null, "area": 12.2, "calc_area": 12.59, "remark": 4, "tiban": "601-1" }, "geometry": { "type": "MultiPolygon", "coordinates": [ [ [ [ 140.4813837, 35.8039958 ], [ 140.4813911, 35.8039967 ], [ 140.4815865, 35.8040223 ], [ 140.481614, 35.8039676 ], [ 140.4816224, 35.8039517 ], [ 140.481683299999986, 35.8036275 ], [ 140.481716299999988, 35.8034585 ], [ 140.4815, 35.8034321 ], [ 140.4814218, 35.8038281 ], [ 140.4813895, 35.8039819 ], [ 140.4813837, 35.8039958 ] ] ] ] } },
{ "type": "Feature", "properties": { "fid": 1041, "field_id": 5615608, "location": "1-4", "field_seq": null, "field_no": "沢字タキ624-1", "farmer_cd": "k99", "farmer": "堀越正幸", "crop": null, "area": 10.1, "calc_area": 12.73, "remark": 4, "tiban": "624-1" }, "geometry": { "type": "MultiPolygon", "coordinates": [ [ [ [ 140.479663, 35.8057236 ], [ 140.479913399999987, 35.8056872 ], [ 140.4799151, 35.8056733 ], [ 140.4799619, 35.8056651 ], [ 140.480160899999987, 35.8052827 ], [ 140.479921100000013, 35.8051975 ], [ 140.479663, 35.8057236 ] ] ] ] } },
{ "type": "Feature", "properties": { "fid": 1042, "field_id": 5615609, "location": "1-4", "field_seq": null, "field_no": "沢字タキ602,603", "farmer_cd": "k99", "farmer": "堀越正幸", "crop": null, "area": 37.5, "calc_area": 41.04, "remark": 4, "tiban": "602,603" }, "geometry": { "type": "MultiPolygon", "coordinates": [ [ [ [ 140.4813837, 35.8039958 ], [ 140.4813895, 35.8039819 ], [ 140.4814218, 35.8038281 ], [ 140.4815, 35.8034321 ], [ 140.481557, 35.8031666 ], [ 140.4814287, 35.8031483 ], [ 140.481095399999987, 35.8031071 ], [ 140.481023, 35.8034748 ], [ 140.4809919, 35.8036395 ], [ 140.4809766, 35.8036872 ], [ 140.4808732, 35.8038986 ], [ 140.4811986, 35.8040021 ], [ 140.4813811, 35.8040692 ], [ 140.4813911, 35.8039967 ], [ 140.4813837, 35.8039958 ] ] ] ] } },
{ "type": "Feature", "properties": { "fid": 1043, "field_id": 5615633, "location": "1-4", "field_seq": null, "field_no": "沢字タキ2922", "farmer_cd": "k99", "farmer": "堀越正幸", "crop": null, "area": 11.1, "calc_area": 12.24, "remark": 4, "tiban": "2922" }, "geometry": { "type": "MultiPolygon", "coordinates": [ [ [ [ 140.47945630000001, 35.8059832 ], [ 140.48028930000001, 35.8062815 ], [ 140.480356199999989, 35.806211 ], [ 140.4804313, 35.8061563 ], [ 140.4796452, 35.805919 ], [ 140.479505, 35.8059472 ], [ 140.4794757, 35.8059674 ], [ 140.47945630000001, 35.8059832 ] ] ] ] } },
{ "type": "Feature", "properties": { "fid": 1044, "field_id": 5613672, "location": "1-2　", "field_seq": null, "field_no": "荒北字根崎1821-1", "farmer_cd": "k4", "farmer": "堀越清行", "crop": null, "area": 10.3, "calc_area": 9.0, "remark": 2, "tiban": "1821-1" }, "geometry": { "type": "MultiPolygon", "coordinates": [ [ [ [ 140.4933021, 35.8119887 ], [ 140.4932694, 35.8119881 ], [ 140.4930515, 35.8119769 ], [ 140.493087300000013, 35.8121891 ], [ 140.493135099999989, 35.8124675 ], [ 140.493249600000013, 35.812484 ], [ 140.4933021, 35.8119887 ] ] ] ] } },
{ "type": "Feature", "properties": { "fid": 1045, "field_id": 5615011, "location": "1-2　", "field_seq": null, "field_no": "荒北字向1744", "farmer_cd": "k4", "farmer": "堀越清行", "crop": null, "area": 9.9, "calc_area": 10.58, "remark": 2, "tiban": "1744" }, "geometry": { "type": "MultiPolygon", "coordinates": [ [ [ [ 140.4933359, 35.8174565 ], [ 140.4933762, 35.8174826 ], [ 140.4934997, 35.8175651 ], [ 140.4938785, 35.8171677 ], [ 140.493717, 35.8170604 ], [ 140.4933359, 35.8174565 ] ] ] ] } },
{ "type": "Feature", "properties": { "fid": 1046, "field_id": 5615034, "location": "1-2　", "field_seq": null, "field_no": "荒北字杉山下1772", "farmer_cd": "k4", "farmer": "堀越清行", "crop": null, "area": 9.8, "calc_area": 10.39, "remark": 2, "tiban": "1772" }, "geometry": { "type": "MultiPolygon", "coordinates": [ [ [ [ 140.4923915, 35.8164329 ], [ 140.492551099999986, 35.8165372 ], [ 140.4929342, 35.8161425 ], [ 140.4927702, 35.816038 ], [ 140.4923915, 35.8164329 ] ] ] ] } },
{ "type": "Feature", "properties": { "fid": 1047, "field_id": 5615042, "location": "1-2　", "field_seq": null, "field_no": "荒北字向1746-2", "farmer_cd": "k4", "farmer": "堀越清行", "crop": null, "area": 3.8, "calc_area": 4.84, "remark": 2, "tiban": "1746-2" }, "geometry": { "type": "MultiPolygon", "coordinates": [ [ [ [ 140.493550199999987, 35.8169545 ], [ 140.4934605, 35.8168998 ], [ 140.4933863, 35.8168575 ], [ 140.4933561, 35.8168685 ], [ 140.4932077, 35.8170247 ], [ 140.4933791, 35.8171308 ], [ 140.493550199999987, 35.8169545 ] ] ] ] } },
{ "type": "Feature", "properties": { "fid": 1048, "field_id": 5615059, "location": "1-2　", "field_seq": null, "field_no": "荒北字向1750", "farmer_cd": "k4", "farmer": "堀越清行", "crop": null, "area": 8.2, "calc_area": 9.33, "remark": 2, "tiban": "1750" }, "geometry": { "type": "MultiPolygon", "coordinates": [ [ [ [ 140.494315199999988, 35.8167749 ], [ 140.494278900000012, 35.8167487 ], [ 140.4942699, 35.8167568 ], [ 140.4941005, 35.8169332 ], [ 140.4938899, 35.8171495 ], [ 140.4939943, 35.8172189 ], [ 140.4940785, 35.8172741 ], [ 140.4941057, 35.8172791 ], [ 140.494122800000014, 35.8172753 ], [ 140.4941479, 35.8172479 ], [ 140.4942097, 35.8171169 ], [ 140.4942757, 35.8169069 ], [ 140.494315199999988, 35.8167749 ] ] ] ] } },
{ "type": "Feature", "properties": { "fid": 1049, "field_id": 5615060, "location": "1-2　", "field_seq": null, "field_no": "荒北字杉山下1773", "farmer_cd": "k4", "farmer": "堀越清行", "crop": null, "area": 9.9, "calc_area": 10.77, "remark": 2, "tiban": "1773" }, "geometry": { "type": "MultiPolygon", "coordinates": [ [ [ [ 140.4929342, 35.8161425 ], [ 140.492551099999986, 35.8165372 ], [ 140.492716, 35.8166452 ], [ 140.4929811, 35.8163749 ], [ 140.493102599999986, 35.8162496 ], [ 140.4930503, 35.8162165 ], [ 140.4929342, 35.8161425 ] ] ] ] } },
{ "type": "Feature", "properties": { "fid": 1050, "field_id": 5615061, "location": "1-2　", "field_seq": null, "field_no": "荒北字向1745", "farmer_cd": "k4", "farmer": "堀越清行", "crop": null, "area": 10.0, "calc_area": 10.74, "remark": 2, "tiban": "1745" }, "geometry": { "type": "MultiPolygon", "coordinates": [ [ [ [ 140.4931681, 35.8173483 ], [ 140.4932435, 35.8173967 ], [ 140.4933359, 35.8174565 ], [ 140.493717, 35.8170604 ], [ 140.4936418, 35.8170104 ], [ 140.493550199999987, 35.8169545 ], [ 140.4933791, 35.8171308 ], [ 140.4931681, 35.8173483 ] ] ] ] } },
{ "type": "Feature", "properties": { "fid": 1051, "field_id": 5615731, "location": "1-4", "field_seq": null, "field_no": "沢字新堤2045-1", "farmer_cd": "k116", "farmer": "堀越宣幸", "crop": null, "area": 10.6, "calc_area": 10.64, "remark": null, "tiban": "2045-1" }, "geometry": { "type": "MultiPolygon", "coordinates": [ [ [ [ 140.466253282999986, 35.799633747 ], [ 140.466232065000014, 35.799654668 ], [ 140.466307911, 35.799666257 ], [ 140.466439344, 35.799673512 ], [ 140.466553116999989, 35.799668144 ], [ 140.466661607, 35.799636472 ], [ 140.466761394, 35.79958985 ], [ 140.466795389999987, 35.799549379 ], [ 140.466754989, 35.799485997 ], [ 140.466732328, 35.799451187 ], [ 140.466644570999989, 35.799292699 ], [ 140.46652845, 35.799395463 ], [ 140.466273326, 35.799618807 ], [ 140.466253282999986, 35.799633747 ] ] ] ] } },
{ "type": "Feature", "properties": { "fid": 1052, "field_id": 5615740, "location": "1-4", "field_seq": null, "field_no": "沢字福良芝3026", "farmer_cd": "k116", "farmer": "堀越宣幸", "crop": null, "area": 11.4, "calc_area": 11.47, "remark": 4, "tiban": "3026" }, "geometry": { "type": "MultiPolygon", "coordinates": [ [ [ [ 140.465316699999988, 35.8001379 ], [ 140.4656678, 35.8004653 ], [ 140.4656802, 35.8004562 ], [ 140.4658449, 35.8003444 ], [ 140.46585, 35.8003219 ], [ 140.46558, 35.800019 ], [ 140.4655497, 35.8000169 ], [ 140.4654907, 35.8000438 ], [ 140.465415299999989, 35.8000924 ], [ 140.4653879, 35.8001065 ], [ 140.465316699999988, 35.8001379 ] ] ] ] } },
{ "type": "Feature", "properties": { "fid": 1053, "field_id": 5615745, "location": "1-4", "field_seq": null, "field_no": "沢字新堤2046-1", "farmer_cd": "k116", "farmer": "堀越宣幸", "crop": null, "area": 15.8, "calc_area": 15.76, "remark": null, "tiban": "2046-1" }, "geometry": { "type": "MultiPolygon", "coordinates": [ [ [ [ 140.465999313, 35.79959928 ], [ 140.46606279, 35.799609568 ], [ 140.466147841, 35.799618305 ], [ 140.466229815, 35.799621758 ], [ 140.466241065, 35.799618873 ], [ 140.466258749, 35.799607124 ], [ 140.466318174, 35.799555594 ], [ 140.466635843, 35.799274293 ], [ 140.466554623, 35.799120009 ], [ 140.46652864, 35.799068185 ], [ 140.466446639, 35.799143323 ], [ 140.466274779, 35.799286754 ], [ 140.466089807, 35.799417007 ], [ 140.466057097, 35.799445126 ], [ 140.465974525, 35.799530334 ], [ 140.465957212, 35.799540147 ], [ 140.465962634, 35.799567675 ], [ 140.465999313, 35.79959928 ] ] ] ] } },
{ "type": "Feature", "properties": { "fid": 1054, "field_id": 5616721, "location": "1-4", "field_seq": null, "field_no": "沢字福良芝3025-1", "farmer_cd": "k116", "farmer": "堀越宣幸", "crop": null, "area": 12.6, "calc_area": 9.34, "remark": 4, "tiban": "3025-1" }, "geometry": { "type": "MultiPolygon", "coordinates": [ [ [ [ 140.4658626, 35.8003239 ], [ 140.46600140000001, 35.8002339 ], [ 140.4658121, 35.7998614 ], [ 140.4655749, 35.8000169 ], [ 140.4658626, 35.8003239 ] ] ] ] } },
{ "type": "Feature", "properties": { "fid": 1055, "field_id": 5615617, "location": "1-4", "field_seq": null, "field_no": "沢字タキ604", "farmer_cd": "k98", "farmer": "堀越忠則", "crop": null, "area": 16.1, "calc_area": 20.33, "remark": 4, "tiban": "604" }, "geometry": { "type": "MultiPolygon", "coordinates": [ [ [ [ 140.4808497, 35.8039062 ], [ 140.480899099999988, 35.8038085 ], [ 140.4809435, 35.8037187 ], [ 140.480964300000011, 35.8036738 ], [ 140.4809723, 35.8036449 ], [ 140.4810287, 35.8033486 ], [ 140.481077199999987, 35.8031065 ], [ 140.480817800000011, 35.803076 ], [ 140.4808185, 35.803079 ], [ 140.480781900000011, 35.8032625 ], [ 140.4807131, 35.8036056 ], [ 140.4806639, 35.8038501 ], [ 140.4808497, 35.8039062 ] ] ] ] } },
{ "type": "Feature", "properties": { "fid": 1056, "field_id": 5615632, "location": "1-4", "field_seq": null, "field_no": "沢字タキ597", "farmer_cd": "k98", "farmer": "堀越忠則", "crop": null, "area": 14.6, "calc_area": 17.39, "remark": 4, "tiban": "597" }, "geometry": { "type": "MultiPolygon", "coordinates": [ [ [ [ 140.4811, 35.8030898 ], [ 140.4813507, 35.803119 ], [ 140.481379800000013, 35.8029475 ], [ 140.4813853, 35.8029153 ], [ 140.481470800000011, 35.8024424 ], [ 140.4812282, 35.8024147 ], [ 140.481218899999988, 35.8024134 ], [ 140.4811459, 35.8028198 ], [ 140.4811066, 35.8030516 ], [ 140.4811, 35.8030898 ] ] ] ] } },
{ "type": "Feature", "properties": { "fid": 1057, "field_id": 5613600, "location": "1-2　", "field_seq": null, "field_no": "苅毛字小池谷1018", "farmer_cd": "k134", "farmer": "堀越豊文", "crop": null, "area": 9.9, "calc_area": 10.4, "remark": 2, "tiban": "1018" }, "geometry": { "type": "MultiPolygon", "coordinates": [ [ [ [ 140.4968456, 35.8079299 ], [ 140.496743400000014, 35.8078306 ], [ 140.496714700000012, 35.807804 ], [ 140.4964185, 35.8080129 ], [ 140.4962376, 35.8081416 ], [ 140.4963663, 35.8082657 ], [ 140.4968456, 35.8079299 ] ] ] ] } },
{ "type": "Feature", "properties": { "fid": 1058, "field_id": 5613622, "location": "1-2　", "field_seq": null, "field_no": "苅毛字小池谷1012", "farmer_cd": "k134", "farmer": "堀越豊文", "crop": null, "area": 10.0, "calc_area": 10.58, "remark": 2, "tiban": "1012" }, "geometry": { "type": "MultiPolygon", "coordinates": [ [ [ [ 140.49561460000001, 35.8083472 ], [ 140.4960806, 35.8080203 ], [ 140.495945799999987, 35.8078902 ], [ 140.495751500000011, 35.808026 ], [ 140.495476599999989, 35.8082144 ], [ 140.4955453, 35.8082802 ], [ 140.49561460000001, 35.8083472 ] ] ] ] } },
{ "type": "Feature", "properties": { "fid": 1059, "field_id": 5613671, "location": "1-2　", "field_seq": null, "field_no": "苅毛字小池谷1004", "farmer_cd": "k134", "farmer": "堀越豊文", "crop": null, "area": 10.1, "calc_area": 11.39, "remark": 2, "tiban": "1004" }, "geometry": { "type": "MultiPolygon", "coordinates": [ [ [ [ 140.495002699999986, 35.8085636 ], [ 140.495468, 35.8082401 ], [ 140.495355, 35.8081359 ], [ 140.4953193, 35.8081011 ], [ 140.494851399999988, 35.8084228 ], [ 140.495002699999986, 35.8085636 ] ] ] ] } },
{ "type": "Feature", "properties": { "fid": 1060, "field_id": 5613714, "location": "1-2　", "field_seq": null, "field_no": "苅毛字小池谷1021", "farmer_cd": "k134", "farmer": "堀越豊文", "crop": null, "area": 9.8, "calc_area": 10.18, "remark": 2, "tiban": "1021" }, "geometry": { "type": "MultiPolygon", "coordinates": [ [ [ [ 140.4968456, 35.8079299 ], [ 140.4970762, 35.8077674 ], [ 140.4973258, 35.8075951 ], [ 140.4972205, 35.8074894 ], [ 140.4972024, 35.8074725 ], [ 140.4969165, 35.8076693 ], [ 140.496776399999987, 35.8077621 ], [ 140.496714700000012, 35.807804 ], [ 140.496743400000014, 35.8078306 ], [ 140.4968456, 35.8079299 ] ] ] ] } },
{ "type": "Feature", "properties": { "fid": 1061, "field_id": 5613723, "location": "1-2　", "field_seq": null, "field_no": "苅毛字小池谷1017", "farmer_cd": "k134", "farmer": "堀越豊文", "crop": null, "area": 9.9, "calc_area": 11.18, "remark": 2, "tiban": "1017" }, "geometry": { "type": "MultiPolygon", "coordinates": [ [ [ [ 140.496714700000012, 35.807804 ], [ 140.4965852, 35.807684 ], [ 140.4965745, 35.8076733 ], [ 140.4962237, 35.8079137 ], [ 140.4960953, 35.8080042 ], [ 140.4962376, 35.8081416 ], [ 140.4964185, 35.8080129 ], [ 140.496714700000012, 35.807804 ] ] ] ] } },
{ "type": "Feature", "properties": { "fid": 1062, "field_id": 5613730, "location": "1-2　", "field_seq": null, "field_no": "苅毛字小池谷1011", "farmer_cd": "k134", "farmer": "堀越豊文", "crop": null, "area": 9.8, "calc_area": 10.2, "remark": 2, "tiban": "1011" }, "geometry": { "type": "MultiPolygon", "coordinates": [ [ [ [ 140.4957436, 35.8084718 ], [ 140.496213399999988, 35.8081485 ], [ 140.4960806, 35.8080203 ], [ 140.49561460000001, 35.8083472 ], [ 140.4957436, 35.8084718 ] ] ] ] } },
{ "type": "Feature", "properties": { "fid": 1063, "field_id": 5613766, "location": "1-2　", "field_seq": null, "field_no": "苅毛字小池谷1016-1", "farmer_cd": "k134", "farmer": "堀越豊文", "crop": null, "area": 8.4, "calc_area": 10.06, "remark": 2, "tiban": "1016-1" }, "geometry": { "type": "MultiPolygon", "coordinates": [ [ [ [ 140.4965745, 35.8076733 ], [ 140.4964529, 35.8075519 ], [ 140.496227, 35.8077026 ], [ 140.495966900000013, 35.8078811 ], [ 140.496032500000013, 35.8079437 ], [ 140.4960953, 35.8080042 ], [ 140.4962237, 35.8079137 ], [ 140.4965745, 35.8076733 ] ] ] ] } },
{ "type": "Feature", "properties": { "fid": 1064, "field_id": 5613777, "location": "1-2　", "field_seq": null, "field_no": "苅毛字小池谷1010", "farmer_cd": "k134", "farmer": "堀越豊文", "crop": null, "area": 9.8, "calc_area": 10.72, "remark": 2, "tiban": "1010" }, "geometry": { "type": "MultiPolygon", "coordinates": [ [ [ [ 140.4958842, 35.8086064 ], [ 140.496192, 35.8083892 ], [ 140.4963501, 35.8082791 ], [ 140.4962644, 35.8081978 ], [ 140.496213399999988, 35.8081485 ], [ 140.4957436, 35.8084718 ], [ 140.495809400000013, 35.8085353 ], [ 140.4958842, 35.8086064 ] ] ] ] } },
{ "type": "Feature", "properties": { "fid": 1065, "field_id": 5613859, "location": "1-5", "field_seq": null, "field_no": "苅毛字常盤下1046", "farmer_cd": "k134", "farmer": "堀越豊文", "crop": null, "area": 10.1, "calc_area": 10.34, "remark": 5, "tiban": "1046" }, "geometry": { "type": "MultiPolygon", "coordinates": [ [ [ [ 140.5027445, 35.8045695 ], [ 140.5027715, 35.8045645 ], [ 140.502932499999986, 35.8045752 ], [ 140.5029831, 35.8040762 ], [ 140.5027904, 35.804062 ], [ 140.502775899999989, 35.8040608 ], [ 140.5027585, 35.8042587 ], [ 140.5027301, 35.8045563 ], [ 140.5027445, 35.8045695 ] ] ] ] } },
{ "type": "Feature", "properties": { "fid": 1066, "field_id": 5613900, "location": "1-5", "field_seq": null, "field_no": "苅毛字常盤下1044", "farmer_cd": "k134", "farmer": "堀越豊文", "crop": null, "area": 10.4, "calc_area": 11.1, "remark": 5, "tiban": "1044" }, "geometry": { "type": "MultiPolygon", "coordinates": [ [ [ [ 140.5031372, 35.8045879 ], [ 140.5033633, 35.8046001 ], [ 140.503374, 35.8044975 ], [ 140.50338690000001, 35.8043644 ], [ 140.5034095, 35.8041083 ], [ 140.5033162, 35.8041007 ], [ 140.5031879, 35.8040913 ], [ 140.5031818, 35.8041962 ], [ 140.5031372, 35.8045879 ] ] ] ] } },
{ "type": "Feature", "properties": { "fid": 1067, "field_id": 5613908, "location": "1-5", "field_seq": null, "field_no": "苅毛字常盤下1047", "farmer_cd": "k134", "farmer": "堀越豊文", "crop": null, "area": 8.1, "calc_area": 8.85, "remark": 5, "tiban": "1047" }, "geometry": { "type": "MultiPolygon", "coordinates": [ [ [ [ 140.5027301, 35.8045563 ], [ 140.5027585, 35.8042587 ], [ 140.502775899999989, 35.8040608 ], [ 140.5025675, 35.8040446 ], [ 140.502560499999987, 35.8040976 ], [ 140.5025329, 35.8043752 ], [ 140.5026713, 35.8045027 ], [ 140.5027301, 35.8045563 ] ] ] ] } },
{ "type": "Feature", "properties": { "fid": 1068, "field_id": 5613971, "location": "1-2　", "field_seq": null, "field_no": "苅毛字小池谷1023", "farmer_cd": "k134", "farmer": "堀越豊文", "crop": null, "area": 9.9, "calc_area": 9.71, "remark": 2, "tiban": "1023" }, "geometry": { "type": "MultiPolygon", "coordinates": [ [ [ [ 140.4965745, 35.8076733 ], [ 140.4967724, 35.8075389 ], [ 140.4970616, 35.8073411 ], [ 140.497049800000013, 35.8073302 ], [ 140.4970396, 35.8073368 ], [ 140.496926800000011, 35.8072312 ], [ 140.4965886, 35.8074598 ], [ 140.4964529, 35.8075519 ], [ 140.4965745, 35.8076733 ] ] ] ] } },
{ "type": "Feature", "properties": { "fid": 1069, "field_id": 5613984, "location": "1-2　", "field_seq": null, "field_no": "苅毛字小池谷1024", "farmer_cd": "k134", "farmer": "堀越豊文", "crop": null, "area": 9.9, "calc_area": 11.19, "remark": 2, "tiban": "1024" }, "geometry": { "type": "MultiPolygon", "coordinates": [ [ [ [ 140.4964529, 35.8075519 ], [ 140.4965886, 35.8074598 ], [ 140.496926800000011, 35.8072312 ], [ 140.496780199999989, 35.807094 ], [ 140.496593100000013, 35.8072201 ], [ 140.4964874, 35.8072917 ], [ 140.4963109, 35.8074104 ], [ 140.4964529, 35.8075519 ] ] ] ] } },
{ "type": "Feature", "properties": { "fid": 1070, "field_id": 5614374, "location": "1-5", "field_seq": null, "field_no": "苅毛字和田下1206", "farmer_cd": "k134", "farmer": "堀越豊文", "crop": null, "area": 10.0, "calc_area": 10.53, "remark": 5, "tiban": "1206" }, "geometry": { "type": "MultiPolygon", "coordinates": [ [ [ [ 140.4974866, 35.8003768 ], [ 140.4976842, 35.8004368 ], [ 140.4978247, 35.8001269 ], [ 140.4978989, 35.7999633 ], [ 140.4977034, 35.7999069 ], [ 140.497591699999987, 35.8001519 ], [ 140.4974866, 35.8003768 ] ] ] ] } },
{ "type": "Feature", "properties": { "fid": 1071, "field_id": 5614392, "location": "1-5", "field_seq": null, "field_no": "苅毛字和田下1210", "farmer_cd": "k134", "farmer": "堀越豊文", "crop": null, "area": 10.0, "calc_area": 10.32, "remark": 5, "tiban": "1210" }, "geometry": { "type": "MultiPolygon", "coordinates": [ [ [ [ 140.497465299999988, 35.8009301 ], [ 140.4976584, 35.8009879 ], [ 140.4977883, 35.8006919 ], [ 140.4978657, 35.800514 ], [ 140.4976772, 35.8004552 ], [ 140.4976293, 35.8005624 ], [ 140.497465299999988, 35.8009301 ] ] ] ] } },
{ "type": "Feature", "properties": { "fid": 1072, "field_id": 5614407, "location": "1-5", "field_seq": null, "field_no": "苅毛字和田下1214-1", "farmer_cd": "k134", "farmer": "堀越豊文", "crop": null, "area": 6.4, "calc_area": 7.05, "remark": 5, "tiban": "1214-1" }, "geometry": { "type": "MultiPolygon", "coordinates": [ [ [ [ 140.4975042, 35.8013125 ], [ 140.4977075, 35.8013704 ], [ 140.4977589, 35.8012581 ], [ 140.4978446, 35.8010654 ], [ 140.4976652, 35.8010117 ], [ 140.4976435, 35.8010054 ], [ 140.497535, 35.8012434 ], [ 140.4975042, 35.8013125 ] ] ] ] } },
{ "type": "Feature", "properties": { "fid": 1073, "field_id": 5614408, "location": "1-5", "field_seq": null, "field_no": "苅毛字和田下1209-1,2", "farmer_cd": "k134", "farmer": "堀越豊文", "crop": null, "area": 9.6, "calc_area": 11.29, "remark": 5, "tiban": "1209-1,2" }, "geometry": { "type": "MultiPolygon", "coordinates": [ [ [ [ 140.4976584, 35.8009879 ], [ 140.4978245, 35.8010356 ], [ 140.497883800000011, 35.8010501 ], [ 140.497924899999987, 35.8010467 ], [ 140.4979409, 35.8009491 ], [ 140.4979491, 35.8008903 ], [ 140.497998200000012, 35.8007076 ], [ 140.4980272, 35.8006133 ], [ 140.4980488, 35.8005712 ], [ 140.4978657, 35.800514 ], [ 140.4977883, 35.8006919 ], [ 140.4976584, 35.8009879 ] ] ] ] } },
{ "type": "Feature", "properties": { "fid": 1074, "field_id": 5614463, "location": "1-5", "field_seq": null, "field_no": "苅毛字和田下1211", "farmer_cd": "k134", "farmer": "堀越豊文", "crop": null, "area": 9.8, "calc_area": 11.14, "remark": 5, "tiban": "1211" }, "geometry": { "type": "MultiPolygon", "coordinates": [ [ [ [ 140.4972526, 35.8008665 ], [ 140.497465299999988, 35.8009301 ], [ 140.4976293, 35.8005624 ], [ 140.4976772, 35.8004552 ], [ 140.4975603, 35.8004187 ], [ 140.497479199999987, 35.8003946 ], [ 140.497308299999986, 35.8007486 ], [ 140.4972526, 35.8008665 ] ] ] ] } },
{ "type": "Feature", "properties": { "fid": 1075, "field_id": 5614465, "location": "1-5", "field_seq": null, "field_no": "苅毛字和田下1221-1", "farmer_cd": "k134", "farmer": "堀越豊文", "crop": null, "area": 5.6, "calc_area": 5.94, "remark": 5, "tiban": "1221-1" }, "geometry": { "type": "MultiPolygon", "coordinates": [ [ [ [ 140.4967016, 35.8020667 ], [ 140.4966866, 35.8020614 ], [ 140.4966608, 35.8020475 ], [ 140.49664150000001, 35.8020388 ], [ 140.4966265, 35.8020353 ], [ 140.496597799999989, 35.8020551 ], [ 140.4965023, 35.8021254 ], [ 140.4964446, 35.8021581 ], [ 140.496346, 35.8022039 ], [ 140.496258899999987, 35.8022405 ], [ 140.4963893, 35.8022793 ], [ 140.4965537, 35.8023278 ], [ 140.4965537, 35.8023243 ], [ 140.4965708, 35.8023139 ], [ 140.496573, 35.8023017 ], [ 140.496588, 35.8022826 ], [ 140.49662, 35.8022494 ], [ 140.4967189, 35.8020842 ], [ 140.496733799999987, 35.8020719 ], [ 140.496703700000012, 35.8020649 ], [ 140.4967059, 35.8020667 ], [ 140.4967016, 35.8020667 ] ] ] ] } },
{ "type": "Feature", "properties": { "fid": 1076, "field_id": 5614484, "location": "1-5", "field_seq": null, "field_no": "苅毛字和田下1224", "farmer_cd": "k134", "farmer": "堀越豊文", "crop": null, "area": 10.0, "calc_area": 9.65, "remark": 5, "tiban": "1224" }, "geometry": { "type": "MultiPolygon", "coordinates": [ [ [ [ 140.4973809, 35.8020481 ], [ 140.4972003, 35.8019918 ], [ 140.4971222, 35.8021728 ], [ 140.49698570000001, 35.8024628 ], [ 140.4971701, 35.8025156 ], [ 140.4973809, 35.8020481 ] ] ] ] } },
{ "type": "Feature", "properties": { "fid": 1077, "field_id": 5616617, "location": "1-5", "field_seq": null, "field_no": "苅毛字和田下1221-2", "farmer_cd": "k134", "farmer": "堀越豊文", "crop": null, "area": 0.6, "calc_area": 1.11, "remark": 5, "tiban": "1221-2" }, "geometry": { "type": "MultiPolygon", "coordinates": [ [ [ [ 140.4967275, 35.8020685 ], [ 140.496796100000012, 35.8018736 ], [ 140.496626600000013, 35.8020337 ], [ 140.4967275, 35.8020685 ] ] ] ] } },
{ "type": "Feature", "properties": { "fid": 1078, "field_id": 5616618, "location": "1-5", "field_seq": null, "field_no": "苅毛字和田下1222-2", "farmer_cd": "k134", "farmer": "堀越豊文", "crop": null, "area": 2.9, "calc_area": 3.53, "remark": 5, "tiban": "1222-2" }, "geometry": { "type": "MultiPolygon", "coordinates": [ [ [ [ 140.496568700000012, 35.8023261 ], [ 140.4967768, 35.8023957 ], [ 140.4968476, 35.8022338 ], [ 140.4966652, 35.8021799 ], [ 140.496568700000012, 35.8023261 ] ] ] ] } },
{ "type": "Feature", "properties": { "fid": 1079, "field_id": 5616619, "location": "1-5", "field_seq": null, "field_no": "苅毛字和田下1222-1", "farmer_cd": "k134", "farmer": "堀越豊文", "crop": null, "area": 7.1, "calc_area": 6.19, "remark": 5, "tiban": "1222-1" }, "geometry": { "type": "MultiPolygon", "coordinates": [ [ [ [ 140.4968519, 35.8022286 ], [ 140.496982800000012, 35.8019258 ], [ 140.496809, 35.8018736 ], [ 140.4966652, 35.8021764 ], [ 140.4968519, 35.8022286 ] ] ] ] } },
{ "type": "Feature", "properties": { "fid": 1080, "field_id": 5616620, "location": "1-5", "field_seq": null, "field_no": "苅毛字和田下1223", "farmer_cd": "k134", "farmer": "堀越豊文", "crop": null, "area": 9.9, "calc_area": 11.01, "remark": 5, "tiban": "1223" }, "geometry": { "type": "MultiPolygon", "coordinates": [ [ [ [ 140.4967833, 35.8023887 ], [ 140.496982800000012, 35.8024566 ], [ 140.4971952, 35.8019884 ], [ 140.496978500000012, 35.8019275 ], [ 140.4967833, 35.8023887 ] ] ] ] } },
{ "type": "Feature", "properties": { "fid": 1081, "field_id": 5616624, "location": "1-2　", "field_seq": null, "field_no": "苅毛字小池谷1020-2", "farmer_cd": "k134", "farmer": "堀越豊文", "crop": null, "area": 3.1, "calc_area": 3.46, "remark": 2, "tiban": "1020-2" }, "geometry": { "type": "MultiPolygon", "coordinates": [ [ [ [ 140.496856, 35.807933 ], [ 140.4969894, 35.8080613 ], [ 140.4971454, 35.8079311 ], [ 140.496998499999989, 35.8078229 ], [ 140.496856, 35.807933 ] ] ] ] } },
{ "type": "Feature", "properties": { "fid": 1082, "field_id": 5616625, "location": "1-2　", "field_seq": null, "field_no": "苅毛字小池谷1020-1", "farmer_cd": "k134", "farmer": "堀越豊文", "crop": null, "area": 6.8, "calc_area": 7.38, "remark": 2, "tiban": "1020-1" }, "geometry": { "type": "MultiPolygon", "coordinates": [ [ [ [ 140.497003, 35.8078266 ], [ 140.4971545, 35.8079385 ], [ 140.497477800000013, 35.8077496 ], [ 140.497324099999986, 35.807601 ], [ 140.497003, 35.8078266 ] ] ] ] } },
{ "type": "Feature", "properties": { "fid": 1083, "field_id": 5616626, "location": "1-2　", "field_seq": null, "field_no": "苅毛字小池谷1005", "farmer_cd": "k134", "farmer": "堀越豊文", "crop": null, "area": 9.9, "calc_area": 9.18, "remark": 2, "tiban": "1005" }, "geometry": { "type": "MultiPolygon", "coordinates": [ [ [ [ 140.4950122, 35.808554 ], [ 140.4951285, 35.8086714 ], [ 140.4955938, 35.8083557 ], [ 140.495470399999988, 35.8082401 ], [ 140.4950122, 35.808554 ] ] ] ] } },
{ "type": "Feature", "properties": { "fid": 1084, "field_id": 5616627, "location": "1-2　", "field_seq": null, "field_no": "苅毛字小池谷1009-4", "farmer_cd": "k134", "farmer": "堀越豊文", "crop": null, "area": 2.4, "calc_area": 1.35, "remark": 2, "tiban": "1009-4" }, "geometry": { "type": "MultiPolygon", "coordinates": [ [ [ [ 140.4960247, 35.80874 ], [ 140.496083199999987, 35.8086985 ], [ 140.4959414, 35.8085661 ], [ 140.4958842, 35.8086064 ], [ 140.4960247, 35.80874 ] ] ] ] } },
{ "type": "Feature", "properties": { "fid": 1085, "field_id": 5616629, "location": "1-2　", "field_seq": null, "field_no": "苅毛字小池谷1009-3", "farmer_cd": "k134", "farmer": "堀越豊文", "crop": null, "area": 1.6, "calc_area": 1.5, "remark": 2, "tiban": "1009-3" }, "geometry": { "type": "MultiPolygon", "coordinates": [ [ [ [ 140.496083199999987, 35.8086985 ], [ 140.4961451, 35.8086547 ], [ 140.4960082, 35.8085189 ], [ 140.4959414, 35.8085661 ], [ 140.496083199999987, 35.8086985 ] ] ] ] } },
{ "type": "Feature", "properties": { "fid": 1086, "field_id": 5616631, "location": "1-2　", "field_seq": null, "field_no": "苅毛字小池谷1009-2", "farmer_cd": "k134", "farmer": "堀越豊文", "crop": null, "area": 1.1, "calc_area": 1.43, "remark": 2, "tiban": "1009-2" }, "geometry": { "type": "MultiPolygon", "coordinates": [ [ [ [ 140.4961451, 35.8086547 ], [ 140.496206300000011, 35.8086114 ], [ 140.49607, 35.8084753 ], [ 140.4960082, 35.8085189 ], [ 140.4961451, 35.8086547 ] ] ] ] } },
{ "type": "Feature", "properties": { "fid": 1087, "field_id": 5616632, "location": "1-2　", "field_seq": null, "field_no": "苅毛字小池谷1009-1", "farmer_cd": "k134", "farmer": "堀越豊文", "crop": null, "area": 4.5, "calc_area": 6.46, "remark": 2, "tiban": "1009-1" }, "geometry": { "type": "MultiPolygon", "coordinates": [ [ [ [ 140.496206300000011, 35.8086114 ], [ 140.496213399999988, 35.8086063 ], [ 140.4964846, 35.80841 ], [ 140.4964616, 35.8083851 ], [ 140.4963501, 35.8082791 ], [ 140.496192, 35.8083892 ], [ 140.49607, 35.8084753 ], [ 140.496206300000011, 35.8086114 ] ] ] ] } },
{ "type": "Feature", "properties": { "fid": 1088, "field_id": 5615122, "location": "1-2　", "field_seq": null, "field_no": "荒北字柳田1732-1", "farmer_cd": "k3", "farmer": "堀越茂", "crop": null, "area": 9.7, "calc_area": 10.08, "remark": 2, "tiban": "1732-1" }, "geometry": { "type": "MultiPolygon", "coordinates": [ [ [ [ 140.4923268, 35.8182181 ], [ 140.4924924, 35.8183271 ], [ 140.4928525, 35.8179546 ], [ 140.4926987, 35.8178411 ], [ 140.4923268, 35.8182181 ] ] ] ] } },
{ "type": "Feature", "properties": { "fid": 1089, "field_id": 5615334, "location": "1-4", "field_seq": null, "field_no": "沢字瀬谷315", "farmer_cd": "k91", "farmer": "名上正伸", "crop": null, "area": 13.3, "calc_area": 17.5, "remark": 4, "tiban": "315" }, "geometry": { "type": "MultiPolygon", "coordinates": [ [ [ [ 140.4834193, 35.7977251 ], [ 140.4834353, 35.7976114 ], [ 140.4834419, 35.7975131 ], [ 140.4830445, 35.7974825 ], [ 140.482880599999987, 35.7974699 ], [ 140.4827915, 35.797465 ], [ 140.4826938, 35.7974726 ], [ 140.4826222, 35.7974823 ], [ 140.482606, 35.7975374 ], [ 140.4825831, 35.797661 ], [ 140.4834193, 35.7977251 ] ] ] ] } },
{ "type": "Feature", "properties": { "fid": 1090, "field_id": 5615351, "location": "1-4", "field_seq": null, "field_no": "沢字瀬谷322-1", "farmer_cd": "k91", "farmer": "名上正伸", "crop": null, "area": 8.3, "calc_area": 9.43, "remark": 4, "tiban": "322-1" }, "geometry": { "type": "MultiPolygon", "coordinates": [ [ [ [ 140.4817601, 35.7973487 ], [ 140.4821887, 35.7972518 ], [ 140.482598200000012, 35.7971549 ], [ 140.482628799999986, 35.7970274 ], [ 140.4817315, 35.7972611 ], [ 140.4817601, 35.7973487 ] ] ] ] } },
{ "type": "Feature", "properties": { "fid": 1091, "field_id": 5615357, "location": "1-4", "field_seq": null, "field_no": "沢字瀬谷310-2", "farmer_cd": "k91", "farmer": "名上正伸", "crop": null, "area": 8.6, "calc_area": 8.49, "remark": 4, "tiban": "310-2" }, "geometry": { "type": "MultiPolygon", "coordinates": [ [ [ [ 140.4834213, 35.7979101 ], [ 140.4842667, 35.7979743 ], [ 140.4842813, 35.7978744 ], [ 140.4834332, 35.7978121 ], [ 140.4834213, 35.7979101 ] ] ] ] } },
{ "type": "Feature", "properties": { "fid": 1092, "field_id": 5615369, "location": "1-4", "field_seq": null, "field_no": "沢字神田1909", "farmer_cd": "k91", "farmer": "名上正伸", "crop": null, "area": 14.5, "calc_area": 16.76, "remark": 4, "tiban": "1909" }, "geometry": { "type": "MultiPolygon", "coordinates": [ [ [ [ 140.474841199999986, 35.7965786 ], [ 140.4754244, 35.7967932 ], [ 140.475623899999988, 35.7968662 ], [ 140.4757281, 35.7966803 ], [ 140.4754192, 35.7965752 ], [ 140.4751537, 35.7964867 ], [ 140.474937, 35.7964075 ], [ 140.474841199999986, 35.7965786 ] ] ] ] } },
{ "type": "Feature", "properties": { "fid": 1093, "field_id": 5615393, "location": "1-4", "field_seq": null, "field_no": "沢字瀬谷324", "farmer_cd": "k91", "farmer": "名上正伸", "crop": null, "area": 7.6, "calc_area": 10.25, "remark": 4, "tiban": "324" }, "geometry": { "type": "MultiPolygon", "coordinates": [ [ [ [ 140.482533499999988, 35.7977603 ], [ 140.4825668, 35.7975114 ], [ 140.4825667, 35.7974941 ], [ 140.4822866, 35.797555 ], [ 140.482019400000013, 35.7976235 ], [ 140.481991, 35.7976301 ], [ 140.481991599999986, 35.7976352 ], [ 140.4819764, 35.7976371 ], [ 140.481974900000012, 35.7976297 ], [ 140.4819535, 35.7976372 ], [ 140.48194380000001, 35.7977101 ], [ 140.482533499999988, 35.7977603 ] ] ] ] } },
{ "type": "Feature", "properties": { "fid": 1094, "field_id": 5615397, "location": "1-4", "field_seq": null, "field_no": "沢字瀬谷314", "farmer_cd": "k91", "farmer": "名上正伸", "crop": null, "area": 14.6, "calc_area": 15.34, "remark": 4, "tiban": "314" }, "geometry": { "type": "MultiPolygon", "coordinates": [ [ [ [ 140.482554, 35.7978413 ], [ 140.483276600000011, 35.7978964 ], [ 140.483393799999988, 35.7979059 ], [ 140.4834193, 35.7977251 ], [ 140.4825831, 35.797661 ], [ 140.4825758, 35.7977007 ], [ 140.482554, 35.7978413 ] ] ] ] } },
{ "type": "Feature", "properties": { "fid": 1095, "field_id": 5615399, "location": "1-4", "field_seq": null, "field_no": "沢字瀬谷320-4", "farmer_cd": "k91", "farmer": "名上正伸", "crop": null, "area": 4.2, "calc_area": 5.17, "remark": 4, "tiban": "320-4" }, "geometry": { "type": "MultiPolygon", "coordinates": [ [ [ [ 140.4833968, 35.7964669 ], [ 140.4833664, 35.7967381 ], [ 140.4835531, 35.7967522 ], [ 140.483571, 35.7966007 ], [ 140.4835836, 35.7964777 ], [ 140.483404900000011, 35.7964667 ], [ 140.4833968, 35.7964669 ] ] ] ] } },
{ "type": "Feature", "properties": { "fid": 1096, "field_id": 5615408, "location": "1-4", "field_seq": null, "field_no": "沢字瀬谷312-2", "farmer_cd": "k91", "farmer": "名上正伸", "crop": null, "area": 2.8, "calc_area": 2.69, "remark": 4, "tiban": "312-2" }, "geometry": { "type": "MultiPolygon", "coordinates": [ [ [ [ 140.4825133, 35.79816 ], [ 140.4827874, 35.7981737 ], [ 140.48283570000001, 35.7981113 ], [ 140.4828618, 35.7980912 ], [ 140.4825224, 35.79807 ], [ 140.4825133, 35.79816 ] ] ] ] } },
{ "type": "Feature", "properties": { "fid": 1097, "field_id": 5615413, "location": "1-4", "field_seq": null, "field_no": "沢字瀬谷313", "farmer_cd": "k91", "farmer": "名上正伸", "crop": null, "area": 11.3, "calc_area": 11.47, "remark": 4, "tiban": "313" }, "geometry": { "type": "MultiPolygon", "coordinates": [ [ [ [ 140.4829321, 35.7980485 ], [ 140.4830072, 35.7980115 ], [ 140.483122400000013, 35.7979732 ], [ 140.4832117, 35.7979563 ], [ 140.4833243, 35.7979664 ], [ 140.4833836, 35.7979783 ], [ 140.483393799999988, 35.7979059 ], [ 140.483276600000011, 35.7978964 ], [ 140.482554, 35.7978413 ], [ 140.4825322, 35.7979822 ], [ 140.482526299999989, 35.7980229 ], [ 140.4829321, 35.7980485 ] ] ] ] } },
{ "type": "Feature", "properties": { "fid": 1098, "field_id": 5615416, "location": "1-4", "field_seq": null, "field_no": "沢字瀬谷316-1", "farmer_cd": "k91", "farmer": "名上正伸", "crop": null, "area": 12.1, "calc_area": 9.5, "remark": 4, "tiban": "316-1" }, "geometry": { "type": "MultiPolygon", "coordinates": [ [ [ [ 140.4834564, 35.7974572 ], [ 140.48348, 35.7972809 ], [ 140.4831457, 35.7972551 ], [ 140.4830236, 35.7972467 ], [ 140.4827489, 35.7973892 ], [ 140.4829854, 35.7973955 ], [ 140.4834564, 35.7974572 ] ] ] ] } },
{ "type": "Feature", "properties": { "fid": 1099, "field_id": 5615423, "location": "1-4", "field_seq": null, "field_no": "沢字瀬谷310-1", "farmer_cd": "k91", "farmer": "名上正伸", "crop": null, "area": 6.0, "calc_area": 6.98, "remark": 4, "tiban": "310-1" }, "geometry": { "type": "MultiPolygon", "coordinates": [ [ [ [ 140.4834332, 35.7978121 ], [ 140.4842813, 35.7978744 ], [ 140.4842878, 35.7978303 ], [ 140.484292399999987, 35.7977966 ], [ 140.4834435, 35.7977276 ], [ 140.4834332, 35.7978121 ] ] ] ] } },
{ "type": "Feature", "properties": { "fid": 1100, "field_id": 5615431, "location": "1-4", "field_seq": null, "field_no": "沢字瀬谷311-1", "farmer_cd": "k91", "farmer": "名上正伸", "crop": null, "area": 7.1, "calc_area": 6.46, "remark": 4, "tiban": "311-1" }, "geometry": { "type": "MultiPolygon", "coordinates": [ [ [ [ 140.483934799999986, 35.7979491 ], [ 140.4834213, 35.7979101 ], [ 140.4834119, 35.7979876 ], [ 140.4835592, 35.7980274 ], [ 140.4838068, 35.7980915 ], [ 140.4839227, 35.7981089 ], [ 140.483934799999986, 35.7979491 ] ] ] ] } },
{ "type": "Feature", "properties": { "fid": 1101, "field_id": 5615460, "location": "1-4", "field_seq": null, "field_no": "沢字瀬谷294-3", "farmer_cd": "k91", "farmer": "名上正伸", "crop": null, "area": 3.4, "calc_area": 4.47, "remark": 4, "tiban": "294-3" }, "geometry": { "type": "MultiPolygon", "coordinates": [ [ [ [ 140.484320200000013, 35.7977997 ], [ 140.484727600000014, 35.7978351 ], [ 140.4847431, 35.7977219 ], [ 140.4846618, 35.7977189 ], [ 140.4843362, 35.7976943 ], [ 140.484330199999988, 35.7977233 ], [ 140.484320200000013, 35.7977997 ] ] ] ] } },
{ "type": "Feature", "properties": { "fid": 1102, "field_id": 5615470, "location": "1-4", "field_seq": null, "field_no": "沢字瀬谷307-1", "farmer_cd": "k91", "farmer": "名上正伸", "crop": null, "area": 6.4, "calc_area": 5.82, "remark": 4, "tiban": "307-1" }, "geometry": { "type": "MultiPolygon", "coordinates": [ [ [ [ 140.4835215, 35.7971806 ], [ 140.4843478, 35.7972404 ], [ 140.4843577, 35.7971752 ], [ 140.4840551, 35.7971511 ], [ 140.4835333, 35.7971052 ], [ 140.4835215, 35.7971806 ] ] ] ] } },
{ "type": "Feature", "properties": { "fid": 1103, "field_id": 5615510, "location": "1-4", "field_seq": null, "field_no": "沢字瀬谷294-2", "farmer_cd": "k91", "farmer": "名上正伸", "crop": null, "area": 6.5, "calc_area": 7.27, "remark": 4, "tiban": "294-2" }, "geometry": { "type": "MultiPolygon", "coordinates": [ [ [ [ 140.4842971, 35.7979764 ], [ 140.4844182, 35.797987 ], [ 140.4846996, 35.7980122 ], [ 140.4847235, 35.7978613 ], [ 140.484727600000014, 35.7978351 ], [ 140.484320200000013, 35.7977997 ], [ 140.4842971, 35.7979764 ] ] ] ] } },
{ "type": "Feature", "properties": { "fid": 1104, "field_id": 5615513, "location": "1-4", "field_seq": null, "field_no": "沢字瀬谷295-1", "farmer_cd": "k91", "farmer": "名上正伸", "crop": null, "area": 4.0, "calc_area": 4.45, "remark": 4, "tiban": "295-1" }, "geometry": { "type": "MultiPolygon", "coordinates": [ [ [ [ 140.4843587, 35.7975202 ], [ 140.484705600000012, 35.7975503 ], [ 140.4847331, 35.7975445 ], [ 140.4847523, 35.7974318 ], [ 140.4847507, 35.7974395 ], [ 140.4845255, 35.7974134 ], [ 140.4843779, 35.7974011 ], [ 140.4843587, 35.7975202 ] ] ] ] } },
{ "type": "Feature", "properties": { "fid": 1105, "field_id": 5615521, "location": "1-4", "field_seq": null, "field_no": "沢字瀬谷305", "farmer_cd": "k91", "farmer": "名上正伸", "crop": null, "area": 14.6, "calc_area": 15.71, "remark": 4, "tiban": "305" }, "geometry": { "type": "MultiPolygon", "coordinates": [ [ [ [ 140.483602, 35.7969454 ], [ 140.4840131, 35.7969697 ], [ 140.4843498, 35.7969888 ], [ 140.484387700000013, 35.7969962 ], [ 140.484402, 35.7968535 ], [ 140.4844066, 35.7968108 ], [ 140.4841559, 35.7967921 ], [ 140.4835804, 35.7967466 ], [ 140.483577700000012, 35.7967691 ], [ 140.4835615, 35.7969433 ], [ 140.483602, 35.7969454 ] ] ] ] } },
{ "type": "Feature", "properties": { "fid": 1106, "field_id": 5615545, "location": "1-4", "field_seq": null, "field_no": "沢字瀬谷308", "farmer_cd": "k91", "farmer": "名上正伸", "crop": null, "area": 13.1, "calc_area": 14.86, "remark": 4, "tiban": "308" }, "geometry": { "type": "MultiPolygon", "coordinates": [ [ [ [ 140.4834812, 35.7974598 ], [ 140.483924300000012, 35.7974967 ], [ 140.4843133, 35.7975265 ], [ 140.4843162, 35.7975112 ], [ 140.484330199999988, 35.7973837 ], [ 140.4843339, 35.7973494 ], [ 140.483505900000011, 35.797285 ], [ 140.4834812, 35.7974598 ] ] ] ] } },
{ "type": "Feature", "properties": { "fid": 1107, "field_id": 5615688, "location": "1-4", "field_seq": null, "field_no": "沢字馬渡3058", "farmer_cd": "k91", "farmer": "名上正伸", "crop": null, "area": 22.5, "calc_area": 22.71, "remark": 4, "tiban": "3058" }, "geometry": { "type": "MultiPolygon", "coordinates": [ [ [ [ 140.459487700000011, 35.8049368 ], [ 140.4595113, 35.8049607 ], [ 140.4598365, 35.8052737 ], [ 140.4600872, 35.8055156 ], [ 140.460174599999988, 35.805488 ], [ 140.4602409, 35.8054469 ], [ 140.460306, 35.8053925 ], [ 140.4602875, 35.8053724 ], [ 140.4600405, 35.8051041 ], [ 140.4597276, 35.8047678 ], [ 140.4597226, 35.8047711 ], [ 140.4596535, 35.8048144 ], [ 140.4595798, 35.8048844 ], [ 140.4595404, 35.8049169 ], [ 140.459504399999986, 35.8049323 ], [ 140.459487700000011, 35.8049368 ] ] ] ] } },
{ "type": "Feature", "properties": { "fid": 1108, "field_id": 5615725, "location": "1-4", "field_seq": null, "field_no": "沢字福良芝3032", "farmer_cd": "k91", "farmer": "名上正伸", "crop": null, "area": 8.7, "calc_area": 7.35, "remark": 4, "tiban": "3032" }, "geometry": { "type": "MultiPolygon", "coordinates": [ [ [ [ 140.464119399999987, 35.8011916 ], [ 140.4641722, 35.8013368 ], [ 140.4641993, 35.8013783 ], [ 140.4642153, 35.8014042 ], [ 140.464228100000014, 35.8014236 ], [ 140.4642457, 35.8014418 ], [ 140.4643261, 35.8014307 ], [ 140.4643649, 35.8014209 ], [ 140.4642091, 35.8010687 ], [ 140.4641421, 35.8009218 ], [ 140.4641359, 35.800923 ], [ 140.4640594, 35.8009316 ], [ 140.4640124, 35.800935 ], [ 140.4640571, 35.8010568 ], [ 140.464119399999987, 35.8011916 ] ] ] ] } },
{ "type": "Feature", "properties": { "fid": 1109, "field_id": 5615729, "location": "1-4", "field_seq": null, "field_no": "沢字福良芝3031", "farmer_cd": "k91", "farmer": "名上正伸", "crop": null, "area": 15.6, "calc_area": 17.2, "remark": 4, "tiban": "3031" }, "geometry": { "type": "MultiPolygon", "coordinates": [ [ [ [ 140.4641421, 35.8009218 ], [ 140.4642091, 35.8010687 ], [ 140.4643649, 35.8014209 ], [ 140.4644748, 35.8013929 ], [ 140.4645357, 35.8013716 ], [ 140.464608700000014, 35.8013276 ], [ 140.4647115, 35.8012622 ], [ 140.4644783, 35.8009514 ], [ 140.464407599999987, 35.8008558 ], [ 140.4643675, 35.8008727 ], [ 140.464313, 35.8008902 ], [ 140.4641421, 35.8009218 ] ] ] ] } },
{ "type": "Feature", "properties": { "fid": 1110, "field_id": 5615749, "location": "1-4", "field_seq": null, "field_no": "沢字神田1917-3", "farmer_cd": "k91", "farmer": "名上正伸", "crop": null, "area": 5.0, "calc_area": 5.09, "remark": 4, "tiban": "1917-3" }, "geometry": { "type": "MultiPolygon", "coordinates": [ [ [ [ 140.4747069, 35.7960687 ], [ 140.4746922, 35.7962287 ], [ 140.4749967, 35.7962564 ], [ 140.4750665, 35.7961255 ], [ 140.475036, 35.7961197 ], [ 140.474887200000012, 35.7960947 ], [ 140.4747494, 35.7960726 ], [ 140.4747069, 35.7960687 ] ] ] ] } },
{ "type": "Feature", "properties": { "fid": 1111, "field_id": 5615750, "location": "1-4", "field_seq": null, "field_no": "沢字神田1916-1", "farmer_cd": "k91", "farmer": "名上正伸", "crop": null, "area": 9.8, "calc_area": 11.38, "remark": 4, "tiban": "1916-1" }, "geometry": { "type": "MultiPolygon", "coordinates": [ [ [ [ 140.474255, 35.7964991 ], [ 140.4744159, 35.7964416 ], [ 140.474433800000014, 35.7964395 ], [ 140.4744655, 35.7964427 ], [ 140.4748222, 35.7965724 ], [ 140.4749249, 35.7963912 ], [ 140.4749354, 35.7963716 ], [ 140.4747449, 35.7963527 ], [ 140.474142699999987, 35.7962918 ], [ 140.474255, 35.7964991 ] ] ] ] } },
{ "type": "Feature", "properties": { "fid": 1112, "field_id": 5615751, "location": "1-4", "field_seq": null, "field_no": "沢字神田1907-1", "farmer_cd": "k91", "farmer": "名上正伸", "crop": null, "area": 10.4, "calc_area": 11.07, "remark": 4, "tiban": "1907-1" }, "geometry": { "type": "MultiPolygon", "coordinates": [ [ [ [ 140.475503300000014, 35.7964027 ], [ 140.4755586, 35.7962921 ], [ 140.475543499999986, 35.7962765 ], [ 140.4754925, 35.7961974 ], [ 140.4754625, 35.7960974 ], [ 140.4754472, 35.7960834 ], [ 140.4751541, 35.7960541 ], [ 140.4750946, 35.7961267 ], [ 140.4750331, 35.7962356 ], [ 140.475428, 35.7963757 ], [ 140.475503300000014, 35.7964027 ] ] ] ] } },
{ "type": "Feature", "properties": { "fid": 1113, "field_id": 5615754, "location": "1-4", "field_seq": null, "field_no": "沢字神田1908-1", "farmer_cd": "k91", "farmer": "名上正伸", "crop": null, "area": 7.2, "calc_area": 8.46, "remark": 4, "tiban": "1908-1" }, "geometry": { "type": "MultiPolygon", "coordinates": [ [ [ [ 140.4757631, 35.7966042 ], [ 140.475799200000012, 35.7965537 ], [ 140.4758172, 35.7965152 ], [ 140.475503300000014, 35.7964027 ], [ 140.475428, 35.7963757 ], [ 140.4750331, 35.7962356 ], [ 140.4749841, 35.7963272 ], [ 140.475272, 35.7964188 ], [ 140.4754752, 35.7965081 ], [ 140.4757631, 35.7966042 ] ] ] ] } },
{ "type": "Feature", "properties": { "fid": 1114, "field_id": 5615766, "location": "1-4", "field_seq": null, "field_no": "沢字神田1916-2", "farmer_cd": "k91", "farmer": "名上正伸", "crop": null, "area": 8.8, "calc_area": 10.04, "remark": 4, "tiban": "1916-2" }, "geometry": { "type": "MultiPolygon", "coordinates": [ [ [ [ 140.4749967, 35.7962564 ], [ 140.474079100000012, 35.796173 ], [ 140.4740923, 35.7961988 ], [ 140.474142699999987, 35.7962918 ], [ 140.4747449, 35.7963527 ], [ 140.4749354, 35.7963716 ], [ 140.4749967, 35.7962564 ] ] ] ] } },
{ "type": "Feature", "properties": { "fid": 1115, "field_id": 5616652, "location": "1-4", "field_seq": null, "field_no": "沢字馬渡3057-1", "farmer_cd": "k91", "farmer": "名上正伸", "crop": null, "area": 13.9, "calc_area": 11.55, "remark": 4, "tiban": "3057-1" }, "geometry": { "type": "MultiPolygon", "coordinates": [ [ [ [ 140.460307300000011, 35.8053779 ], [ 140.460427399999986, 35.8052874 ], [ 140.4598652, 35.8047218 ], [ 140.4597279, 35.8047705 ], [ 140.460307300000011, 35.8053779 ] ] ] ] } },
{ "type": "Feature", "properties": { "fid": 1116, "field_id": 5616653, "location": "1-4", "field_seq": null, "field_no": "沢字馬渡3057-2", "farmer_cd": "k91", "farmer": "名上正伸", "crop": null, "area": 8.6, "calc_area": 12.29, "remark": 4, "tiban": "3057-2" }, "geometry": { "type": "MultiPolygon", "coordinates": [ [ [ [ 140.460423100000014, 35.8052909 ], [ 140.460547600000012, 35.8051986 ], [ 140.4600584, 35.8046748 ], [ 140.4598695, 35.8047253 ], [ 140.460423100000014, 35.8052909 ] ] ] ] } },
{ "type": "Feature", "properties": { "fid": 1117, "field_id": 5616813, "location": "1-4", "field_seq": null, "field_no": "沢字神田1908-2", "farmer_cd": "k91", "farmer": "名上正伸", "crop": null, "area": 7.2, "calc_area": 7.06, "remark": 4, "tiban": "1908-2" }, "geometry": { "type": "MultiPolygon", "coordinates": [ [ [ [ 140.4749404, 35.7964065 ], [ 140.475727799999987, 35.7966801 ], [ 140.4757603, 35.7966068 ], [ 140.474987, 35.7963275 ], [ 140.4749404, 35.7964065 ] ] ] ] } },
{ "type": "Feature", "properties": { "fid": 1118, "field_id": 5616814, "location": "1-4", "field_seq": null, "field_no": "沢字福良芝3034", "farmer_cd": "k91", "farmer": "名上正伸", "crop": null, "area": 7.7, "calc_area": 10.21, "remark": 4, "tiban": "3034" }, "geometry": { "type": "MultiPolygon", "coordinates": [ [ [ [ 140.4642457, 35.8014405 ], [ 140.464014, 35.8009376 ], [ 140.463854199999986, 35.8009143 ], [ 140.464010800000011, 35.8014534 ], [ 140.4642457, 35.8014405 ] ] ] ] } },
{ "type": "Feature", "properties": { "fid": 1119, "field_id": 5616815, "location": "1-4", "field_seq": null, "field_no": "沢字瀬谷294-4", "farmer_cd": "k91", "farmer": "名上正伸", "crop": null, "area": 3.1, "calc_area": 3.16, "remark": 4, "tiban": "294-4" }, "geometry": { "type": "MultiPolygon", "coordinates": [ [ [ [ 140.4843419, 35.7976943 ], [ 140.4847412, 35.7977189 ], [ 140.48475830000001, 35.7976483 ], [ 140.4843457, 35.7976114 ], [ 140.4843419, 35.7976943 ] ] ] ] } },
{ "type": "Feature", "properties": { "fid": 1120, "field_id": 5616816, "location": "1-4", "field_seq": null, "field_no": "沢字瀬谷295-2", "farmer_cd": "k91", "farmer": "名上正伸", "crop": null, "area": 1.3, "calc_area": 1.87, "remark": 4, "tiban": "295-2" }, "geometry": { "type": "MultiPolygon", "coordinates": [ [ [ [ 140.4843873, 35.7974057 ], [ 140.4847469, 35.797441 ], [ 140.4847507, 35.7973904 ], [ 140.4843873, 35.7973535 ], [ 140.4843873, 35.7974057 ] ] ] ] } },
{ "type": "Feature", "properties": { "fid": 1121, "field_id": 5616817, "location": "1-4", "field_seq": null, "field_no": "沢字瀬谷306", "farmer_cd": "k91", "farmer": "名上正伸", "crop": null, "area": 14.6, "calc_area": 14.17, "remark": 4, "tiban": "306" }, "geometry": { "type": "MultiPolygon", "coordinates": [ [ [ [ 140.4835622, 35.7969443 ], [ 140.4835348, 35.7971031 ], [ 140.484357, 35.7971741 ], [ 140.484387, 35.7969941 ], [ 140.4835622, 35.7969443 ] ] ] ] } },
{ "type": "Feature", "properties": { "fid": 1122, "field_id": 5616818, "location": "1-4", "field_seq": null, "field_no": "沢字瀬谷312-3", "farmer_cd": "k91", "farmer": "名上正伸", "crop": null, "area": 1.3, "calc_area": 1.62, "remark": 4, "tiban": "312-3" }, "geometry": { "type": "MultiPolygon", "coordinates": [ [ [ [ 140.482529, 35.7980711 ], [ 140.4828592, 35.7980933 ], [ 140.482932299999987, 35.7980509 ], [ 140.482529, 35.7980298 ], [ 140.482529, 35.7980711 ] ] ] ] } },
{ "type": "Feature", "properties": { "fid": 1123, "field_id": 5616820, "location": "1-4", "field_seq": null, "field_no": "沢字瀬谷322-2", "farmer_cd": "k91", "farmer": "名上正伸", "crop": null, "area": 7.0, "calc_area": 7.44, "remark": 4, "tiban": "322-2" }, "geometry": { "type": "MultiPolygon", "coordinates": [ [ [ [ 140.481796300000013, 35.7974404 ], [ 140.482598200000012, 35.7972449 ], [ 140.482598200000012, 35.7971567 ], [ 140.4817622, 35.7973556 ], [ 140.481796300000013, 35.7974404 ] ] ] ] } },
{ "type": "Feature", "properties": { "fid": 1124, "field_id": 5615341, "location": "1-4", "field_seq": null, "field_no": "沢字平山509-1-2511", "farmer_cd": "k111", "farmer": "明石智", "crop": null, "area": 29.4, "calc_area": 34.23, "remark": 4, "tiban": "509-1-2511" }, "geometry": { "type": "MultiPolygon", "coordinates": [ [ [ [ 140.4810042, 35.7979232 ], [ 140.480987199999987, 35.797868 ], [ 140.4809321, 35.7978829 ], [ 140.4808006, 35.7979155 ], [ 140.480602800000014, 35.7979596 ], [ 140.4803693, 35.7980171 ], [ 140.480359099999987, 35.7981111 ], [ 140.480331400000011, 35.7983659 ], [ 140.480318, 35.7984708 ], [ 140.4809225, 35.7985199 ], [ 140.4809313, 35.7984423 ], [ 140.4809718, 35.7981584 ], [ 140.4809736, 35.7981455 ], [ 140.4810042, 35.7979232 ] ] ] ] } },
{ "type": "Feature", "properties": { "fid": 1125, "field_id": 5615358, "location": "1-4", "field_seq": null, "field_no": "沢字五反田559-1", "farmer_cd": "k111", "farmer": "明石智", "crop": null, "area": 12.0, "calc_area": 11.1, "remark": 4, "tiban": "559-1" }, "geometry": { "type": "MultiPolygon", "coordinates": [ [ [ [ 140.4820618, 35.8002956 ], [ 140.48210850000001, 35.8003008 ], [ 140.482176, 35.8003066 ], [ 140.4821753, 35.8002148 ], [ 140.4821814, 35.8001333 ], [ 140.4821928, 35.8000814 ], [ 140.4822144, 35.8000281 ], [ 140.4822403, 35.7999769 ], [ 140.482268, 35.7999415 ], [ 140.482296600000012, 35.7999193 ], [ 140.4823288, 35.7998952 ], [ 140.482349, 35.7998785 ], [ 140.4823616, 35.7998612 ], [ 140.482373, 35.7998094 ], [ 140.4823758, 35.7997334 ], [ 140.482375499999989, 35.7997003 ], [ 140.4823701, 35.7996644 ], [ 140.482359800000012, 35.7996465 ], [ 140.4823271, 35.7996384 ], [ 140.4822354, 35.7996179 ], [ 140.4821521, 35.7996113 ], [ 140.4821302, 35.7998209 ], [ 140.482107, 35.7999826 ], [ 140.4820618, 35.8002956 ] ] ] ] } },
{ "type": "Feature", "properties": { "fid": 1126, "field_id": 5615383, "location": "1-4", "field_seq": null, "field_no": "沢字瀬谷325", "farmer_cd": "k111", "farmer": "明石智", "crop": null, "area": 11.7, "calc_area": 13.06, "remark": 4, "tiban": "325" }, "geometry": { "type": "MultiPolygon", "coordinates": [ [ [ [ 140.4825054, 35.7979792 ], [ 140.48250920000001, 35.7979552 ], [ 140.482523500000013, 35.7978357 ], [ 140.482533499999988, 35.7977603 ], [ 140.48194380000001, 35.7977101 ], [ 140.4819329, 35.7977922 ], [ 140.481914499999988, 35.7979261 ], [ 140.48227510000001, 35.7979597 ], [ 140.4825054, 35.7979792 ] ] ] ] } },
{ "type": "Feature", "properties": { "fid": 1127, "field_id": 5615420, "location": "1-4", "field_seq": null, "field_no": "沢字五反田558", "farmer_cd": "k111", "farmer": "明石智", "crop": null, "area": 14.7, "calc_area": 15.83, "remark": 4, "tiban": "558" }, "geometry": { "type": "MultiPolygon", "coordinates": [ [ [ [ 140.481836, 35.8002734 ], [ 140.4819244, 35.8002804 ], [ 140.4820618, 35.8002956 ], [ 140.482107, 35.7999826 ], [ 140.4821302, 35.7998209 ], [ 140.4821521, 35.7996113 ], [ 140.4820705, 35.7996005 ], [ 140.481954699999989, 35.7995907 ], [ 140.4819281, 35.7995883 ], [ 140.481892, 35.799862 ], [ 140.481836, 35.8002734 ] ] ] ] } },
{ "type": "Feature", "properties": { "fid": 1128, "field_id": 5615422, "location": "1-4", "field_seq": null, "field_no": "沢字瀬谷327", "farmer_cd": "k111", "farmer": "明石智", "crop": null, "area": 9.7, "calc_area": 10.39, "remark": 4, "tiban": "327" }, "geometry": { "type": "MultiPolygon", "coordinates": [ [ [ [ 140.4823055, 35.7982901 ], [ 140.4824355, 35.7982921 ], [ 140.482470799999987, 35.7981898 ], [ 140.4824773, 35.7981552 ], [ 140.482482, 35.7981259 ], [ 140.481894399999987, 35.7980716 ], [ 140.481882500000012, 35.7981582 ], [ 140.4818698, 35.7982488 ], [ 140.4823055, 35.7982901 ] ] ] ] } },
{ "type": "Feature", "properties": { "fid": 1129, "field_id": 5615425, "location": "1-4", "field_seq": null, "field_no": "沢字落合1898-1", "farmer_cd": "k111", "farmer": "明石智", "crop": null, "area": 7.6, "calc_area": 7.53, "remark": 4, "tiban": "1898-1" }, "geometry": { "type": "MultiPolygon", "coordinates": [ [ [ [ 140.4759593, 35.798395 ], [ 140.4760803, 35.7984589 ], [ 140.4762298, 35.7985104 ], [ 140.476362099999989, 35.7985473 ], [ 140.4764157, 35.7985605 ], [ 140.4764538, 35.798567 ], [ 140.476467899999989, 35.7985557 ], [ 140.476479899999987, 35.7985387 ], [ 140.476501899999988, 35.7985077 ], [ 140.4765351, 35.7984564 ], [ 140.476515400000011, 35.798457 ], [ 140.4764295, 35.7984646 ], [ 140.4763859, 35.7984591 ], [ 140.476325300000013, 35.7984325 ], [ 140.4762347, 35.7983672 ], [ 140.476081099999988, 35.7982704 ], [ 140.476045, 35.7982545 ], [ 140.475993100000011, 35.7982335 ], [ 140.4759779, 35.798239 ], [ 140.4759679, 35.7982913 ], [ 140.4759631, 35.7983344 ], [ 140.4759593, 35.798395 ] ] ] ] } },
{ "type": "Feature", "properties": { "fid": 1130, "field_id": 5615426, "location": "1-4", "field_seq": null, "field_no": "沢字平山340-2.341", "farmer_cd": "k111", "farmer": "明石智", "crop": null, "area": 14.3, "calc_area": 16.39, "remark": 4, "tiban": "340-2.341" }, "geometry": { "type": "MultiPolygon", "coordinates": [ [ [ [ 140.4801077, 35.7978485 ], [ 140.480932200000012, 35.797656 ], [ 140.4808952, 35.7975555 ], [ 140.4808839, 35.797555 ], [ 140.4808662, 35.797509 ], [ 140.480856, 35.797498 ], [ 140.4805541, 35.7975639 ], [ 140.4802307, 35.7976368 ], [ 140.4801924, 35.7975566 ], [ 140.4800232, 35.7975923 ], [ 140.4800258, 35.7976007 ], [ 140.4801077, 35.7978485 ] ] ] ] } },
{ "type": "Feature", "properties": { "fid": 1131, "field_id": 5615433, "location": "1-4", "field_seq": null, "field_no": "沢字平山512", "farmer_cd": "k111", "farmer": "明石智", "crop": null, "area": 7.5, "calc_area": 8.28, "remark": 4, "tiban": "512" }, "geometry": { "type": "MultiPolygon", "coordinates": [ [ [ [ 140.4802807, 35.798797 ], [ 140.4803733, 35.798738 ], [ 140.480584099999987, 35.798607 ], [ 140.480685200000011, 35.7985713 ], [ 140.4808026, 35.7985578 ], [ 140.480919300000011, 35.7985486 ], [ 140.4809225, 35.7985199 ], [ 140.480318, 35.7984708 ], [ 140.4802783, 35.7987814 ], [ 140.4802807, 35.798797 ] ] ] ] } },
{ "type": "Feature", "properties": { "fid": 1132, "field_id": 5615448, "location": "1-4", "field_seq": null, "field_no": "沢字平山342", "farmer_cd": "k111", "farmer": "明石智", "crop": null, "area": 14.7, "calc_area": 17.4, "remark": 4, "tiban": "342" }, "geometry": { "type": "MultiPolygon", "coordinates": [ [ [ [ 140.4801718, 35.7980427 ], [ 140.480245, 35.7980286 ], [ 140.4803753, 35.7979976 ], [ 140.48065410000001, 35.7979309 ], [ 140.481, 35.7978456 ], [ 140.4809884, 35.7978097 ], [ 140.4809506, 35.7977062 ], [ 140.480932200000012, 35.797656 ], [ 140.4801077, 35.7978485 ], [ 140.4801718, 35.7980427 ] ] ] ] } },
{ "type": "Feature", "properties": { "fid": 1133, "field_id": 5615600, "location": "1-4", "field_seq": null, "field_no": "沢字タキ613-1", "farmer_cd": "k111", "farmer": "明石智", "crop": null, "area": 9.6, "calc_area": 11.7, "remark": 4, "tiban": "613-1" }, "geometry": { "type": "MultiPolygon", "coordinates": [ [ [ [ 140.4803839, 35.8043 ], [ 140.4802872, 35.8044886 ], [ 140.480164699999989, 35.8047349 ], [ 140.4803954, 35.804807 ], [ 140.480536, 35.8045337 ], [ 140.480613299999987, 35.8043754 ], [ 140.480396899999988, 35.8043043 ], [ 140.4803839, 35.8043 ] ] ] ] } },
{ "type": "Feature", "properties": { "fid": 1134, "field_id": 5615606, "location": "1-4", "field_seq": null, "field_no": "沢字タキ595", "farmer_cd": "k111", "farmer": "明石智", "crop": null, "area": 14.7, "calc_area": 15.38, "remark": 4, "tiban": "595" }, "geometry": { "type": "MultiPolygon", "coordinates": [ [ [ [ 140.480621500000012, 35.8030382 ], [ 140.4807878, 35.8030559 ], [ 140.4808442, 35.8030614 ], [ 140.480894799999987, 35.8027581 ], [ 140.480973299999988, 35.8023689 ], [ 140.480892399999988, 35.8023619 ], [ 140.4807535, 35.8023421 ], [ 140.4806951, 35.8026674 ], [ 140.480621500000012, 35.8030382 ] ] ] ] } },
{ "type": "Feature", "properties": { "fid": 1135, "field_id": 5615607, "location": "1-4", "field_seq": null, "field_no": "沢字タキ612", "farmer_cd": "k111", "farmer": "明石智", "crop": null, "area": 9.5, "calc_area": 11.78, "remark": 4, "tiban": "612" }, "geometry": { "type": "MultiPolygon", "coordinates": [ [ [ [ 140.480418899999989, 35.8048143 ], [ 140.4806475, 35.8048932 ], [ 140.4808663, 35.8044605 ], [ 140.4806313, 35.804381 ], [ 140.480418899999989, 35.8048143 ] ] ] ] } },
{ "type": "Feature", "properties": { "fid": 1136, "field_id": 5615614, "location": "1-4", "field_seq": null, "field_no": "沢字タキ619", "farmer_cd": "k111", "farmer": "明石智", "crop": null, "area": 9.8, "calc_area": 11.59, "remark": 4, "tiban": "619" }, "geometry": { "type": "MultiPolygon", "coordinates": [ [ [ [ 140.4799394, 35.8051838 ], [ 140.4801666, 35.8052646 ], [ 140.4803827, 35.8048296 ], [ 140.4801532, 35.8047537 ], [ 140.4799394, 35.8051838 ] ] ] ] } },
{ "type": "Feature", "properties": { "fid": 1137, "field_id": 5615615, "location": "1-4", "field_seq": null, "field_no": "沢字タキ620", "farmer_cd": "k111", "farmer": "明石智", "crop": null, "area": 9.9, "calc_area": 11.52, "remark": 4, "tiban": "620" }, "geometry": { "type": "MultiPolygon", "coordinates": [ [ [ [ 140.480188, 35.8052721 ], [ 140.4804106, 35.8053448 ], [ 140.4806351, 35.8049116 ], [ 140.480433799999986, 35.8048438 ], [ 140.4804029, 35.80484 ], [ 140.480188, 35.8052721 ] ] ] ] } },
{ "type": "Feature", "properties": { "fid": 1138, "field_id": 5615616, "location": "1-4", "field_seq": null, "field_no": "沢字タキ596", "farmer_cd": "k111", "farmer": "明石智", "crop": null, "area": 14.5, "calc_area": 16.78, "remark": 4, "tiban": "596" }, "geometry": { "type": "MultiPolygon", "coordinates": [ [ [ [ 140.4808442, 35.8030614 ], [ 140.4809965, 35.8030762 ], [ 140.4810821, 35.8030847 ], [ 140.4811527, 35.8026915 ], [ 140.481204600000012, 35.8023989 ], [ 140.4809899, 35.8023703 ], [ 140.480973299999988, 35.8023689 ], [ 140.480894799999987, 35.8027581 ], [ 140.4808442, 35.8030614 ] ] ] ] } },
{ "type": "Feature", "properties": { "fid": 1139, "field_id": 5615621, "location": "1-4", "field_seq": null, "field_no": "沢字五反田586", "farmer_cd": "k111", "farmer": "明石智", "crop": null, "area": 14.6, "calc_area": 16.93, "remark": 4, "tiban": "586" }, "geometry": { "type": "MultiPolygon", "coordinates": [ [ [ [ 140.4813374, 35.8016692 ], [ 140.4813896, 35.8014258 ], [ 140.4814005, 35.8013686 ], [ 140.4814686, 35.8010179 ], [ 140.481475, 35.8009803 ], [ 140.481234, 35.8009461 ], [ 140.4812262, 35.8009939 ], [ 140.4811761, 35.8012638 ], [ 140.4811047, 35.8016402 ], [ 140.4813374, 35.8016692 ] ] ] ] } },
{ "type": "Feature", "properties": { "fid": 1140, "field_id": 5615624, "location": "1-4", "field_seq": null, "field_no": "沢字タキ598-1", "farmer_cd": "k111", "farmer": "明石智", "crop": null, "area": 11.1, "calc_area": 10.91, "remark": 4, "tiban": "598-1" }, "geometry": { "type": "MultiPolygon", "coordinates": [ [ [ [ 140.481379800000013, 35.8029475 ], [ 140.481671299999988, 35.8029753 ], [ 140.481678499999987, 35.8028151 ], [ 140.4816463, 35.8027117 ], [ 140.4815974, 35.8025727 ], [ 140.4815774, 35.8024661 ], [ 140.481558299999989, 35.80246 ], [ 140.481470800000011, 35.8024424 ], [ 140.4813853, 35.8029153 ], [ 140.481379800000013, 35.8029475 ] ] ] ] } },
{ "type": "Feature", "properties": { "fid": 1141, "field_id": 5615625, "location": "1-4", "field_seq": null, "field_no": "沢字五反田584-1", "farmer_cd": "k111", "farmer": "明石智", "crop": null, "area": 6.7, "calc_area": 6.92, "remark": 4, "tiban": "584-1" }, "geometry": { "type": "MultiPolygon", "coordinates": [ [ [ [ 140.48102, 35.8009169 ], [ 140.4809493, 35.8009074 ], [ 140.480949399999986, 35.8009122 ], [ 140.4809496, 35.8009405 ], [ 140.480936500000013, 35.8010055 ], [ 140.480921099999989, 35.8010905 ], [ 140.4809147, 35.8011341 ], [ 140.4808988, 35.8011874 ], [ 140.480859400000014, 35.8012549 ], [ 140.480825399999986, 35.8013103 ], [ 140.4808117, 35.8013597 ], [ 140.480803, 35.8014067 ], [ 140.480780900000013, 35.8015055 ], [ 140.480754, 35.8016019 ], [ 140.4808904, 35.8016166 ], [ 140.48102, 35.8009169 ] ] ] ] } },
{ "type": "Feature", "properties": { "fid": 1142, "field_id": 5615627, "location": "1-4", "field_seq": null, "field_no": "沢字五反田585", "farmer_cd": "k111", "farmer": "明石智", "crop": null, "area": 14.7, "calc_area": 15.37, "remark": 4, "tiban": "585" }, "geometry": { "type": "MultiPolygon", "coordinates": [ [ [ [ 140.48102, 35.8009169 ], [ 140.4808904, 35.8016166 ], [ 140.4810716, 35.8016361 ], [ 140.4811047, 35.8016402 ], [ 140.4811761, 35.8012638 ], [ 140.4812262, 35.8009939 ], [ 140.481234, 35.8009461 ], [ 140.481063, 35.8009227 ], [ 140.48102, 35.8009169 ] ] ] ] } },
{ "type": "Feature", "properties": { "fid": 1143, "field_id": 5615630, "location": "1-4", "field_seq": null, "field_no": "沢字五反田592-1-2-3", "farmer_cd": "k111", "farmer": "明石智", "crop": null, "area": 14.6, "calc_area": 15.2, "remark": 4, "tiban": "592-1-2-3" }, "geometry": { "type": "MultiPolygon", "coordinates": [ [ [ [ 140.48075750000001, 35.8023216 ], [ 140.4808716, 35.8023372 ], [ 140.4809727, 35.8023478 ], [ 140.481009699999987, 35.8021203 ], [ 140.481074799999988, 35.8017896 ], [ 140.4811001, 35.8016608 ], [ 140.4808868, 35.8016361 ], [ 140.4808346, 35.8018909 ], [ 140.4807841, 35.8021358 ], [ 140.48075750000001, 35.8023216 ] ] ] ] } },
{ "type": "Feature", "properties": { "fid": 1144, "field_id": 5615634, "location": "1-4", "field_seq": null, "field_no": "沢字タキ621-1-2", "farmer_cd": "k111", "farmer": "明石智", "crop": null, "area": 8.9, "calc_area": 9.88, "remark": 4, "tiban": "621-1-2" }, "geometry": { "type": "MultiPolygon", "coordinates": [ [ [ [ 140.4806351, 35.8049116 ], [ 140.4804106, 35.8053448 ], [ 140.480543899999986, 35.8053883 ], [ 140.4808482, 35.8050437 ], [ 140.4808552, 35.8050211 ], [ 140.48085420000001, 35.8049736 ], [ 140.480655899999988, 35.8049186 ], [ 140.4806351, 35.8049116 ] ] ] ] } },
{ "type": "Feature", "properties": { "fid": 1145, "field_id": 5615637, "location": "1-4", "field_seq": null, "field_no": "沢字天神2938", "farmer_cd": "k111", "farmer": "明石智", "crop": null, "area": 17.9, "calc_area": 18.7, "remark": 4, "tiban": "2938" }, "geometry": { "type": "MultiPolygon", "coordinates": [ [ [ [ 140.4785247, 35.8084853 ], [ 140.4786013, 35.8083648 ], [ 140.478636599999987, 35.8082381 ], [ 140.4785344, 35.8082051 ], [ 140.4780145, 35.8080521 ], [ 140.4780106, 35.8080608 ], [ 140.47798610000001, 35.8081141 ], [ 140.4779642, 35.8081476 ], [ 140.4779246, 35.8081949 ], [ 140.47787550000001, 35.8082427 ], [ 140.4778225, 35.808281 ], [ 140.478284800000012, 35.8084165 ], [ 140.4785247, 35.8084853 ] ] ] ] } },
{ "type": "Feature", "properties": { "fid": 1146, "field_id": 5615640, "location": "1-4", "field_seq": null, "field_no": "沢字タキ2928", "farmer_cd": "k111", "farmer": "明石智", "crop": null, "area": 35.6, "calc_area": 36.06, "remark": 4, "tiban": "2928" }, "geometry": { "type": "MultiPolygon", "coordinates": [ [ [ [ 140.478359, 35.8067318 ], [ 140.4783262, 35.8068003 ], [ 140.4783275, 35.8069318 ], [ 140.4791801, 35.807216 ], [ 140.4792036, 35.8071906 ], [ 140.4792271, 35.8070994 ], [ 140.4792507, 35.8070421 ], [ 140.4792847, 35.8069912 ], [ 140.4793004, 35.8069594 ], [ 140.479337, 35.8069234 ], [ 140.4793788, 35.8068873 ], [ 140.4793448, 35.8068746 ], [ 140.478539399999988, 35.806584 ], [ 140.4784915, 35.8066097 ], [ 140.478442699999988, 35.8066523 ], [ 140.478359, 35.8067318 ] ] ] ] } },
{ "type": "Feature", "properties": { "fid": 1147, "field_id": 5615642, "location": "1-4", "field_seq": null, "field_no": "沢字天神2940.2941", "farmer_cd": "k111", "farmer": "明石智", "crop": null, "area": 26.2, "calc_area": 27.63, "remark": 4, "tiban": "2940.2941" }, "geometry": { "type": "MultiPolygon", "coordinates": [ [ [ [ 140.4781802, 35.8091479 ], [ 140.47827860000001, 35.8089602 ], [ 140.4783176, 35.8088379 ], [ 140.4783632, 35.8087395 ], [ 140.4782535, 35.808715 ], [ 140.4777009, 35.8086028 ], [ 140.4777172, 35.8086895 ], [ 140.477711, 35.8087373 ], [ 140.4776948, 35.8088008 ], [ 140.477663400000012, 35.8088749 ], [ 140.4776352, 35.8089276 ], [ 140.4775751, 35.8090039 ], [ 140.4775573, 35.809032 ], [ 140.4781802, 35.8091479 ] ] ] ] } },
{ "type": "Feature", "properties": { "fid": 1148, "field_id": 5615643, "location": "1-4", "field_seq": null, "field_no": "沢字事尾田3007.3008", "farmer_cd": "k111", "farmer": "明石智", "crop": null, "area": 20.6, "calc_area": 22.37, "remark": 4, "tiban": "3007.3008" }, "geometry": { "type": "MultiPolygon", "coordinates": [ [ [ [ 140.4728349, 35.8096319 ], [ 140.4725914, 35.8098711 ], [ 140.472461399999986, 35.8100009 ], [ 140.4724809, 35.8100189 ], [ 140.4725242, 35.8100452 ], [ 140.4726273, 35.8100837 ], [ 140.4727303, 35.8101132 ], [ 140.4728077, 35.8101439 ], [ 140.4728601, 35.8101849 ], [ 140.4729126, 35.8102293 ], [ 140.4729288, 35.8102067 ], [ 140.4731052, 35.8099914 ], [ 140.4732184, 35.8098501 ], [ 140.4731371, 35.8098178 ], [ 140.4730836, 35.809794 ], [ 140.473026800000014, 35.8097638 ], [ 140.4728349, 35.8096319 ] ] ] ] } },
{ "type": "Feature", "properties": { "fid": 1149, "field_id": 5615644, "location": "1-4", "field_seq": null, "field_no": "沢字天神2936.2937-1-2", "farmer_cd": "k111", "farmer": "明石智", "crop": null, "area": 37.1, "calc_area": 39.18, "remark": 4, "tiban": "2936.2937-1-2" }, "geometry": { "type": "MultiPolygon", "coordinates": [ [ [ [ 140.478636599999987, 35.8082381 ], [ 140.4786413, 35.8082212 ], [ 140.478719, 35.8081032 ], [ 140.4787771, 35.8080336 ], [ 140.478762499999988, 35.8080197 ], [ 140.4787921, 35.807973 ], [ 140.478816599999988, 35.807981 ], [ 140.4788321, 35.8079764 ], [ 140.47884590000001, 35.8079596 ], [ 140.4788809, 35.807882 ], [ 140.4789002, 35.8077944 ], [ 140.4788991, 35.8077612 ], [ 140.478892300000012, 35.8077484 ], [ 140.478878, 35.8077295 ], [ 140.4787753, 35.80769 ], [ 140.4782596, 35.8075014 ], [ 140.478244600000011, 35.8075046 ], [ 140.478245, 35.8075485 ], [ 140.478228, 35.8076489 ], [ 140.4782079, 35.8076961 ], [ 140.478145899999987, 35.807797 ], [ 140.478101400000014, 35.8078738 ], [ 140.4780657, 35.8079384 ], [ 140.4780145, 35.8080521 ], [ 140.4785344, 35.8082051 ], [ 140.478636599999987, 35.8082381 ] ] ] ] } },
{ "type": "Feature", "properties": { "fid": 1150, "field_id": 5615645, "location": "1-4", "field_seq": null, "field_no": "沢字事尾田2993", "farmer_cd": "k111", "farmer": "明石智", "crop": null, "area": 14.8, "calc_area": 15.93, "remark": 4, "tiban": "2993" }, "geometry": { "type": "MultiPolygon", "coordinates": [ [ [ [ 140.4748523, 35.8109652 ], [ 140.4748529, 35.8110092 ], [ 140.4748729, 35.8110342 ], [ 140.4749028, 35.8110607 ], [ 140.475016399999987, 35.811136 ], [ 140.475035600000012, 35.8111527 ], [ 140.4752536, 35.8108112 ], [ 140.4753608, 35.8106457 ], [ 140.4753441, 35.810614 ], [ 140.475301300000012, 35.8105041 ], [ 140.4752723, 35.8104469 ], [ 140.4752498, 35.8104158 ], [ 140.4748523, 35.8109652 ] ] ] ] } },
{ "type": "Feature", "properties": { "fid": 1151, "field_id": 5615648, "location": "1-4", "field_seq": null, "field_no": "沢字天神2946", "farmer_cd": "k111", "farmer": "明石智", "crop": null, "area": 3.1, "calc_area": 2.66, "remark": 4, "tiban": "2946" }, "geometry": { "type": "MultiPolygon", "coordinates": [ [ [ [ 140.4776023, 35.8101207 ], [ 140.4776852, 35.810131 ], [ 140.47774050000001, 35.8101414 ], [ 140.477755300000013, 35.8101448 ], [ 140.4777889, 35.8100958 ], [ 140.477256, 35.8100143 ], [ 140.4772408, 35.8100586 ], [ 140.4773748, 35.810081 ], [ 140.4776023, 35.8101207 ] ] ] ] } },
{ "type": "Feature", "properties": { "fid": 1152, "field_id": 5615650, "location": "1-4", "field_seq": null, "field_no": "沢字事尾田3013", "farmer_cd": "k111", "farmer": "明石智", "crop": null, "area": 21.0, "calc_area": 21.46, "remark": 4, "tiban": "3013" }, "geometry": { "type": "MultiPolygon", "coordinates": [ [ [ [ 140.471863500000012, 35.8088602 ], [ 140.4715175, 35.8090627 ], [ 140.471524100000011, 35.8090883 ], [ 140.471509200000014, 35.8091707 ], [ 140.4714798, 35.8092753 ], [ 140.4714832, 35.8093126 ], [ 140.4715171, 35.8093611 ], [ 140.4716158, 35.8094567 ], [ 140.4717096, 35.8095439 ], [ 140.4720584, 35.8091997 ], [ 140.4720292, 35.809186 ], [ 140.4719873, 35.8091512 ], [ 140.4719426, 35.809092 ], [ 140.471892, 35.8090193 ], [ 140.4718722, 35.8089775 ], [ 140.47186, 35.8089267 ], [ 140.471861600000011, 35.8088695 ], [ 140.471863500000012, 35.8088602 ] ] ] ] } },
{ "type": "Feature", "properties": { "fid": 1153, "field_id": 5615652, "location": "1-4", "field_seq": null, "field_no": "沢字事尾田2997", "farmer_cd": "k111", "farmer": "明石智", "crop": null, "area": 8.2, "calc_area": 8.14, "remark": 4, "tiban": "2997" }, "geometry": { "type": "MultiPolygon", "coordinates": [ [ [ [ 140.4741244, 35.810671 ], [ 140.4741709, 35.8106795 ], [ 140.4741995, 35.8106858 ], [ 140.4742353, 35.8106852 ], [ 140.474260500000014, 35.810679 ], [ 140.47429120000001, 35.8106582 ], [ 140.4745911, 35.8101972 ], [ 140.4744957, 35.8101555 ], [ 140.474466, 35.8101424 ], [ 140.474381099999988, 35.8102714 ], [ 140.4742766, 35.8104378 ], [ 140.4741244, 35.810671 ] ] ] ] } },
{ "type": "Feature", "properties": { "fid": 1154, "field_id": 5615653, "location": "1-4", "field_seq": null, "field_no": "沢字タキ2925.2926", "farmer_cd": "k111", "farmer": "明石智", "crop": null, "area": 23.5, "calc_area": 25.98, "remark": 4, "tiban": "2925.2926" }, "geometry": { "type": "MultiPolygon", "coordinates": [ [ [ [ 140.478676400000012, 35.8063569 ], [ 140.479640499999988, 35.8067226 ], [ 140.4796825, 35.8067052 ], [ 140.479745400000013, 35.8066648 ], [ 140.4797929, 35.8066222 ], [ 140.4798293, 35.8065947 ], [ 140.4799117, 35.8065426 ], [ 140.47909, 35.8062391 ], [ 140.4790227, 35.8062577 ], [ 140.478901900000011, 35.8062687 ], [ 140.4787867, 35.8062727 ], [ 140.4787404, 35.8062867 ], [ 140.4787181, 35.8063029 ], [ 140.4786944, 35.806327 ], [ 140.478676400000012, 35.8063569 ] ] ] ] } },
{ "type": "Feature", "properties": { "fid": 1155, "field_id": 5615659, "location": "1-4", "field_seq": null, "field_no": "沢字タキ2929.2930", "farmer_cd": "k111", "farmer": "明石智", "crop": null, "area": 42.7, "calc_area": 43.52, "remark": 4, "tiban": "2929.2930" }, "geometry": { "type": "MultiPolygon", "coordinates": [ [ [ [ 140.479185300000012, 35.8072224 ], [ 140.4783301, 35.8069234 ], [ 140.478275599999989, 35.8071034 ], [ 140.4782504, 35.807286 ], [ 140.4782389, 35.8074395 ], [ 140.478299600000014, 35.8074598 ], [ 140.4787126, 35.8076047 ], [ 140.4789278, 35.8076695 ], [ 140.4789637, 35.8076025 ], [ 140.4789881, 35.8075646 ], [ 140.4790243, 35.8075081 ], [ 140.4791241, 35.8073961 ], [ 140.4791512, 35.8073634 ], [ 140.479185300000012, 35.8072224 ] ] ] ] } },
{ "type": "Feature", "properties": { "fid": 1156, "field_id": 5615660, "location": "1-4", "field_seq": null, "field_no": "沢字天神2939", "farmer_cd": "k111", "farmer": "明石智", "crop": null, "area": 21.4, "calc_area": 22.67, "remark": 4, "tiban": "2939" }, "geometry": { "type": "MultiPolygon", "coordinates": [ [ [ [ 140.4783632, 35.8087395 ], [ 140.4785247, 35.8084853 ], [ 140.478284800000012, 35.8084165 ], [ 140.4778225, 35.808281 ], [ 140.4777844, 35.8082961 ], [ 140.4777728, 35.8083102 ], [ 140.477747599999987, 35.808413 ], [ 140.4777009, 35.8086028 ], [ 140.4782535, 35.808715 ], [ 140.4783632, 35.8087395 ] ] ] ] } },
{ "type": "Feature", "properties": { "fid": 1157, "field_id": 5615665, "location": "1-4", "field_seq": null, "field_no": "沢字天神2948.2949", "farmer_cd": "k111", "farmer": "明石智", "crop": null, "area": 20.0, "calc_area": 20.83, "remark": 4, "tiban": "2948.2949" }, "geometry": { "type": "MultiPolygon", "coordinates": [ [ [ [ 140.476742800000011, 35.8106049 ], [ 140.477352700000012, 35.8107226 ], [ 140.4773955, 35.8106921 ], [ 140.477417300000013, 35.8106748 ], [ 140.4774324, 35.8106596 ], [ 140.4775325, 35.8105092 ], [ 140.4775458, 35.8104837 ], [ 140.477567, 35.8104461 ], [ 140.477058699999986, 35.8103261 ], [ 140.4770326, 35.8103513 ], [ 140.476993, 35.810368 ], [ 140.4769152, 35.8103989 ], [ 140.4768651, 35.8104212 ], [ 140.476839, 35.8104372 ], [ 140.4768211, 35.8104502 ], [ 140.476785400000011, 35.8104846 ], [ 140.4767549, 35.810522 ], [ 140.4767468, 35.8105343 ], [ 140.4767424, 35.8105569 ], [ 140.476742800000011, 35.8106049 ] ] ] ] } },
{ "type": "Feature", "properties": { "fid": 1158, "field_id": 5615667, "location": "1-4", "field_seq": null, "field_no": "沢字天神2944-1.2945", "farmer_cd": "k111", "farmer": "明石智", "crop": null, "area": 28.5, "calc_area": 28.16, "remark": 4, "tiban": "2944-1.2945" }, "geometry": { "type": "MultiPolygon", "coordinates": [ [ [ [ 140.4774367, 35.8095455 ], [ 140.4773583, 35.809533 ], [ 140.4773634, 35.8095632 ], [ 140.4773476, 35.8096592 ], [ 140.477330599999988, 35.8097182 ], [ 140.477319200000011, 35.8097579 ], [ 140.4772874, 35.8098437 ], [ 140.4772831, 35.80989 ], [ 140.4772819, 35.809937 ], [ 140.4772609, 35.8099966 ], [ 140.4777975, 35.8100769 ], [ 140.4778431, 35.8099917 ], [ 140.477884, 35.8099022 ], [ 140.4779202, 35.8098175 ], [ 140.4779242, 35.8098027 ], [ 140.4779495, 35.8097094 ], [ 140.4779639, 35.8096334 ], [ 140.4779718, 35.8096003 ], [ 140.4777901, 35.8095903 ], [ 140.47759, 35.8095689 ], [ 140.4774367, 35.8095455 ] ] ] ] } },
{ "type": "Feature", "properties": { "fid": 1159, "field_id": 5615668, "location": "1-4", "field_seq": null, "field_no": "沢字タキ2927", "farmer_cd": "k111", "farmer": "明石智", "crop": null, "area": 18.7, "calc_area": 21.27, "remark": 4, "tiban": "2927" }, "geometry": { "type": "MultiPolygon", "coordinates": [ [ [ [ 140.478555699999987, 35.8065521 ], [ 140.4794492, 35.8068679 ], [ 140.479595, 35.8067758 ], [ 140.479640499999988, 35.8067226 ], [ 140.478676400000012, 35.8063569 ], [ 140.4786135, 35.8064744 ], [ 140.478555699999987, 35.8065521 ] ] ] ] } },
{ "type": "Feature", "properties": { "fid": 1160, "field_id": 5615687, "location": "1-4", "field_seq": null, "field_no": "沢字馬渡3060", "farmer_cd": "k111", "farmer": "明石智", "crop": null, "area": 21.1, "calc_area": 22.56, "remark": 4, "tiban": "3060" }, "geometry": { "type": "MultiPolygon", "coordinates": [ [ [ [ 140.4591738, 35.8050983 ], [ 140.4596895, 35.8056321 ], [ 140.459816, 35.8057647 ], [ 140.4598653, 35.8056674 ], [ 140.4599428, 35.8055779 ], [ 140.4599925, 35.8055399 ], [ 140.4599115, 35.805477 ], [ 140.4597858, 35.8053555 ], [ 140.4597082, 35.8052828 ], [ 140.4595256, 35.8051025 ], [ 140.4594377, 35.8050173 ], [ 140.4593826, 35.8049782 ], [ 140.4593409, 35.8049762 ], [ 140.45931, 35.8049927 ], [ 140.459246, 35.805038 ], [ 140.4591738, 35.8050983 ] ] ] ] } },
{ "type": "Feature", "properties": { "fid": 1161, "field_id": 5615721, "location": "1-4", "field_seq": null, "field_no": "沢字福良芝3030", "farmer_cd": "k111", "farmer": "明石智", "crop": null, "area": 13.3, "calc_area": 15.27, "remark": 4, "tiban": "3030" }, "geometry": { "type": "MultiPolygon", "coordinates": [ [ [ [ 140.464407599999987, 35.8008558 ], [ 140.4644783, 35.8009514 ], [ 140.4647115, 35.8012622 ], [ 140.4647237, 35.8012544 ], [ 140.4648148, 35.8011776 ], [ 140.4648918, 35.8011043 ], [ 140.4649593, 35.8010403 ], [ 140.4649795, 35.8010269 ], [ 140.4646543, 35.8007248 ], [ 140.4646301, 35.8007037 ], [ 140.4645361, 35.8007748 ], [ 140.4644848, 35.800815 ], [ 140.464427300000011, 35.8008475 ], [ 140.464407599999987, 35.8008558 ] ] ] ] } },
{ "type": "Feature", "properties": { "fid": 1162, "field_id": 5615728, "location": "1-4", "field_seq": null, "field_no": "沢字福良芝3043,3044-3", "farmer_cd": "k111", "farmer": "明石智", "crop": null, "area": 28.7, "calc_area": 32.39, "remark": 4, "tiban": "3043,3044-3" }, "geometry": { "type": "MultiPolygon", "coordinates": [ [ [ [ 140.4611143, 35.8021425 ], [ 140.461308800000012, 35.8022401 ], [ 140.4616283, 35.802407 ], [ 140.4616543, 35.8023753 ], [ 140.4617542, 35.8022634 ], [ 140.4617766, 35.8022289 ], [ 140.461857, 35.8020907 ], [ 140.4618858, 35.8020417 ], [ 140.4619323, 35.8019889 ], [ 140.461968500000012, 35.8019594 ], [ 140.4618034, 35.8018133 ], [ 140.4615928, 35.8016301 ], [ 140.4615823, 35.8016366 ], [ 140.461560100000014, 35.8016677 ], [ 140.4614478, 35.801843 ], [ 140.461396799999989, 35.8019188 ], [ 140.4613808, 35.8019329 ], [ 140.4612349, 35.8019943 ], [ 140.461217799999986, 35.8020093 ], [ 140.4611911, 35.8020548 ], [ 140.4611607, 35.8020966 ], [ 140.4611143, 35.8021425 ] ] ] ] } },
{ "type": "Feature", "properties": { "fid": 1163, "field_id": 5616714, "location": "1-4", "field_seq": null, "field_no": "沢字神田1904-2", "farmer_cd": "k111", "farmer": "明石智", "crop": null, "area": 7.9, "calc_area": 5.99, "remark": 4, "tiban": "1904-2" }, "geometry": { "type": "MultiPolygon", "coordinates": [ [ [ [ 140.4763735, 35.7972294 ], [ 140.476386, 35.7972057 ], [ 140.4764078, 35.797165 ], [ 140.47619, 35.7970875 ], [ 140.4756435, 35.7968899 ], [ 140.4756231, 35.796927 ], [ 140.475606699999986, 35.7969571 ], [ 140.4763735, 35.7972294 ] ] ] ] } },
{ "type": "Feature", "properties": { "fid": 1164, "field_id": 5616537, "location": "1-1", "field_seq": null, "field_no": "高萩字肥田1729", "farmer_cd": "k20", "farmer": "高木正義", "crop": null, "area": 11.1, "calc_area": 11.58, "remark": 1, "tiban": "1729" }, "geometry": { "type": "MultiPolygon", "coordinates": [ [ [ [ 140.54345330000001, 35.8041577 ], [ 140.5432085, 35.8040316 ], [ 140.5431671, 35.8040905 ], [ 140.5431115, 35.8041713 ], [ 140.543051600000013, 35.8042267 ], [ 140.5429706, 35.8042722 ], [ 140.5428344, 35.8043147 ], [ 140.542813, 35.8043309 ], [ 140.542821300000014, 35.8043499 ], [ 140.5428618, 35.8043621 ], [ 140.5430256, 35.8044021 ], [ 140.543202900000011, 35.8044457 ], [ 140.5432624, 35.8043649 ], [ 140.54333170000001, 35.8042811 ], [ 140.5433748, 35.804227 ], [ 140.543431, 35.8041761 ], [ 140.54345330000001, 35.8041577 ] ] ] ] } },
{ "type": "Feature", "properties": { "fid": 1165, "field_id": 5615696, "location": "1-4", "field_seq": null, "field_no": "沢字スネヤ3085", "farmer_cd": "k106", "farmer": "齋藤勝幸", "crop": null, "area": 19.8, "calc_area": 28.44, "remark": 4, "tiban": "3085" }, "geometry": { "type": "MultiPolygon", "coordinates": [ [ [ [ 140.454550399999988, 35.8094823 ], [ 140.454617500000012, 35.8094039 ], [ 140.4546851, 35.8093313 ], [ 140.4547686, 35.8092511 ], [ 140.4548696, 35.8091672 ], [ 140.454997600000013, 35.809075 ], [ 140.45465, 35.8087731 ], [ 140.4545779, 35.8088071 ], [ 140.4545352, 35.8088277 ], [ 140.4545057, 35.8088443 ], [ 140.454482, 35.8088604 ], [ 140.4544377, 35.8088973 ], [ 140.4544034, 35.8089257 ], [ 140.454363199999989, 35.8089716 ], [ 140.4543153, 35.8090401 ], [ 140.454275200000012, 35.8091047 ], [ 140.4542543, 35.8091539 ], [ 140.4542502, 35.8091658 ], [ 140.4542217, 35.8091973 ], [ 140.454550399999988, 35.8094823 ] ] ] ] } },
{ "type": "Feature", "properties": { "fid": 1166, "field_id": 5614187, "location": "1-3", "field_seq": null, "field_no": "西田部字部田1360-1-2", "farmer_cd": "k147", "farmer": "齋藤禎久", "crop": null, "area": 8.7, "calc_area": 10.58, "remark": 3, "tiban": "1360-1-2" }, "geometry": { "type": "MultiPolygon", "coordinates": [ [ [ [ 140.503073199999989, 35.7974524 ], [ 140.5030835, 35.7974632 ], [ 140.5031354, 35.7974548 ], [ 140.5032823, 35.7974307 ], [ 140.5031509, 35.7969349 ], [ 140.5029486, 35.7969689 ], [ 140.503073199999989, 35.7974524 ] ] ] ] } },
{ "type": "Feature", "properties": { "fid": 1167, "field_id": 5614201, "location": "1-3", "field_seq": null, "field_no": "西田部字境町1339-1", "farmer_cd": "k147", "farmer": "齋藤禎久", "crop": null, "area": 19.7, "calc_area": 20.1, "remark": 3, "tiban": "1339-1" }, "geometry": { "type": "MultiPolygon", "coordinates": [ [ [ [ 140.5052727, 35.79872 ], [ 140.5052619, 35.7986342 ], [ 140.5052393, 35.7985293 ], [ 140.5052029, 35.798389 ], [ 140.505138100000011, 35.7982407 ], [ 140.5050829, 35.7982438 ], [ 140.5049407, 35.7982623 ], [ 140.504763, 35.79829 ], [ 140.5048861, 35.7987824 ], [ 140.5052727, 35.79872 ] ] ] ] } },
{ "type": "Feature", "properties": { "fid": 1168, "field_id": 5614548, "location": "1-5", "field_seq": null, "field_no": "西田部字突抜2350-1-2", "farmer_cd": "k147", "farmer": "齋藤禎久", "crop": null, "area": 34.4, "calc_area": 36.73, "remark": 5, "tiban": "2350-1-2" }, "geometry": { "type": "MultiPolygon", "coordinates": [ [ [ [ 140.509087, 35.7916665 ], [ 140.5092515, 35.791295 ], [ 140.509273400000012, 35.7912425 ], [ 140.5092534, 35.7912359 ], [ 140.5090497, 35.7911792 ], [ 140.508998, 35.7911573 ], [ 140.5088955, 35.7911008 ], [ 140.508746, 35.7910098 ], [ 140.508665, 35.7909675 ], [ 140.5085498, 35.7909253 ], [ 140.5085128, 35.791014 ], [ 140.5083654, 35.7913645 ], [ 140.508445099999989, 35.7914152 ], [ 140.5086719, 35.7915031 ], [ 140.5090317, 35.7916458 ], [ 140.509087, 35.7916665 ] ] ] ] } },
{ "type": "Feature", "properties": { "fid": 1169, "field_id": 5614604, "location": "1-5", "field_seq": null, "field_no": "西田部字葛方1023", "farmer_cd": "k147", "farmer": "齋藤禎久", "crop": null, "area": 10.1, "calc_area": 11.05, "remark": 5, "tiban": "1023" }, "geometry": { "type": "MultiPolygon", "coordinates": [ [ [ [ 140.503496, 35.7917779 ], [ 140.503328399999987, 35.7922684 ], [ 140.503537, 35.7923157 ], [ 140.503704199999987, 35.7918246 ], [ 140.5036871, 35.7918207 ], [ 140.503496, 35.7917779 ] ] ] ] } },
{ "type": "Feature", "properties": { "fid": 1170, "field_id": 5614767, "location": "1-3", "field_seq": null, "field_no": "西田部字部田1392-2", "farmer_cd": "k147", "farmer": "齋藤禎久", "crop": null, "area": 3.9, "calc_area": 4.67, "remark": 3, "tiban": "1392-2" }, "geometry": { "type": "MultiPolygon", "coordinates": [ [ [ [ 140.5028414, 35.7948212 ], [ 140.502782200000013, 35.7946682 ], [ 140.5025483, 35.7946992 ], [ 140.5025432, 35.7947162 ], [ 140.5025249, 35.7948768 ], [ 140.5028414, 35.7948212 ] ] ] ] } },
{ "type": "Feature", "properties": { "fid": 1171, "field_id": 5615790, "location": "1-5", "field_seq": null, "field_no": "西田部字突抜2351-1-2", "farmer_cd": "k147", "farmer": "齋藤禎久", "crop": null, "area": 33.0, "calc_area": 37.28, "remark": 5, "tiban": "2351-1-2" }, "geometry": { "type": "MultiPolygon", "coordinates": [ [ [ [ 140.509842600000013, 35.7919289 ], [ 140.5098949, 35.791813 ], [ 140.510032700000011, 35.7915072 ], [ 140.5100069, 35.7914996 ], [ 140.509913, 35.7914688 ], [ 140.5097733, 35.7914205 ], [ 140.5095861, 35.791354 ], [ 140.509437600000012, 35.7912966 ], [ 140.509273400000012, 35.7912425 ], [ 140.5092515, 35.791295 ], [ 140.509087, 35.7916665 ], [ 140.5093242, 35.791755 ], [ 140.509504600000014, 35.791819 ], [ 140.509660599999989, 35.7918688 ], [ 140.509842600000013, 35.7919289 ] ] ] ] } },
{ "type": "Feature", "properties": { "fid": 1172, "field_id": 5615793, "location": "1-5", "field_seq": null, "field_no": "西田部字たり免1103-1.1104-1", "farmer_cd": "k147", "farmer": "齋藤禎久", "crop": null, "area": 18.7, "calc_area": 19.13, "remark": 5, "tiban": "1103-1.1104-1" }, "geometry": { "type": "MultiPolygon", "coordinates": [ [ [ [ 140.5046973, 35.7897167 ], [ 140.504795800000011, 35.7900326 ], [ 140.5048502, 35.7902137 ], [ 140.5049558, 35.7901934 ], [ 140.505211800000012, 35.7901437 ], [ 140.5050593, 35.7896446 ], [ 140.5046973, 35.7897167 ] ] ] ] } },
{ "type": "Feature", "properties": { "fid": 1173, "field_id": 5615796, "location": "1-5", "field_seq": null, "field_no": "西田部字たり免1123-1", "farmer_cd": "k147", "farmer": "齋藤禎久", "crop": null, "area": 10.0, "calc_area": 9.87, "remark": 5, "tiban": "1123-1" }, "geometry": { "type": "MultiPolygon", "coordinates": [ [ [ [ 140.5035452, 35.7893825 ], [ 140.503728200000012, 35.7893472 ], [ 140.5035715, 35.788851 ], [ 140.5033805, 35.788892 ], [ 140.5035452, 35.7893825 ] ] ] ] } },
{ "type": "Feature", "properties": { "fid": 1174, "field_id": 5615802, "location": "1-5", "field_seq": null, "field_no": "西田部字たり免1124-1-2", "farmer_cd": "k147", "farmer": "齋藤禎久", "crop": null, "area": 9.9, "calc_area": 10.85, "remark": 5, "tiban": "1124-1-2" }, "geometry": { "type": "MultiPolygon", "coordinates": [ [ [ [ 140.50333950000001, 35.7894221 ], [ 140.5035452, 35.7893825 ], [ 140.5033805, 35.788892 ], [ 140.5031718, 35.7889328 ], [ 140.50333950000001, 35.7894221 ] ] ] ] } },
{ "type": "Feature", "properties": { "fid": 1175, "field_id": 5615811, "location": "1-5", "field_seq": null, "field_no": "西田部字たり免1121-1.1122-1", "farmer_cd": "k147", "farmer": "齋藤禎久", "crop": null, "area": 18.1, "calc_area": 18.65, "remark": 5, "tiban": "1121-1.1122-1" }, "geometry": { "type": "MultiPolygon", "coordinates": [ [ [ [ 140.505065699999989, 35.7896241 ], [ 140.5050531, 35.7895941 ], [ 140.505017, 35.7894924 ], [ 140.5049043, 35.7891356 ], [ 140.504552499999988, 35.7892056 ], [ 140.5046998, 35.7896987 ], [ 140.505065699999989, 35.7896241 ] ] ] ] } },
{ "type": "Feature", "properties": { "fid": 1176, "field_id": 5615823, "location": "1-5", "field_seq": null, "field_no": "西田部字杉谷原2325", "farmer_cd": "k147", "farmer": "齋藤禎久", "crop": null, "area": 17.0, "calc_area": 17.99, "remark": 5, "tiban": "2325" }, "geometry": { "type": "MultiPolygon", "coordinates": [ [ [ [ 140.509769799999987, 35.7898457 ], [ 140.509699899999987, 35.7892609 ], [ 140.5094303, 35.7891315 ], [ 140.5094073, 35.7891375 ], [ 140.5093568, 35.7891614 ], [ 140.5095484, 35.7898255 ], [ 140.5095551, 35.7898437 ], [ 140.5096586, 35.7898463 ], [ 140.509717099999989, 35.7898444 ], [ 140.509769799999987, 35.7898457 ] ] ] ] } },
{ "type": "Feature", "properties": { "fid": 1177, "field_id": 5615828, "location": "1-5", "field_seq": null, "field_no": "西田部字突抜2354", "farmer_cd": "k147", "farmer": "齋藤禎久", "crop": null, "area": 16.9, "calc_area": 17.86, "remark": 5, "tiban": "2354" }, "geometry": { "type": "MultiPolygon", "coordinates": [ [ [ [ 140.510254800000013, 35.7921142 ], [ 140.5102733, 35.7921243 ], [ 140.510313200000013, 35.7921823 ], [ 140.510352399999988, 35.7922484 ], [ 140.5109013, 35.7920375 ], [ 140.510904399999987, 35.7919401 ], [ 140.5109007, 35.7918443 ], [ 140.5108894, 35.791777 ], [ 140.510867600000012, 35.7917233 ], [ 140.51084, 35.7916807 ], [ 140.5108287, 35.7916665 ], [ 140.510254800000013, 35.7921142 ] ] ] ] } },
{ "type": "Feature", "properties": { "fid": 1178, "field_id": 5615851, "location": "1-5", "field_seq": null, "field_no": "西田部字たり免1106-1", "farmer_cd": "k147", "farmer": "齋藤禎久", "crop": null, "area": 10.0, "calc_area": 10.03, "remark": null, "tiban": "1106-1" }, "geometry": { "type": "MultiPolygon", "coordinates": [ [ [ [ 140.504297331, 35.789796377 ], [ 140.504447676000012, 35.790290901 ], [ 140.504638225, 35.790254345 ], [ 140.504487961, 35.789758402 ], [ 140.504297331, 35.789796377 ] ] ] ] } },
{ "type": "Feature", "properties": { "fid": 1179, "field_id": 5615860, "location": "1-5", "field_seq": null, "field_no": "西田部字南2345", "farmer_cd": "k147", "farmer": "齋藤禎久", "crop": null, "area": 16.2, "calc_area": 16.35, "remark": 5, "tiban": "2345" }, "geometry": { "type": "MultiPolygon", "coordinates": [ [ [ [ 140.507428299999987, 35.7910567 ], [ 140.507686400000011, 35.7910801 ], [ 140.507724, 35.7910807 ], [ 140.5077556, 35.7910821 ], [ 140.5078067, 35.7910808 ], [ 140.507828499999988, 35.7910727 ], [ 140.5078349, 35.7910575 ], [ 140.507851499999987, 35.7909745 ], [ 140.50787, 35.7908188 ], [ 140.5078629, 35.7908052 ], [ 140.507865399999986, 35.7907448 ], [ 140.50786020000001, 35.7907158 ], [ 140.507782, 35.7906206 ], [ 140.507569100000012, 35.7906034 ], [ 140.507430199999988, 35.7910438 ], [ 140.507428299999987, 35.7910567 ] ] ] ] } },
{ "type": "Feature", "properties": { "fid": 1180, "field_id": 5615869, "location": "1-5", "field_seq": null, "field_no": "西田部字杉谷原2324", "farmer_cd": "k147", "farmer": "齋藤禎久", "crop": null, "area": 13.4, "calc_area": 13.42, "remark": 5, "tiban": "2324" }, "geometry": { "type": "MultiPolygon", "coordinates": [ [ [ [ 140.5099863, 35.7898495 ], [ 140.509976599999987, 35.7893129 ], [ 140.509883300000013, 35.7893114 ], [ 140.50983, 35.7893026 ], [ 140.5097931, 35.7892942 ], [ 140.509717099999989, 35.7892721 ], [ 140.509699899999987, 35.7892609 ], [ 140.509769799999987, 35.7898457 ], [ 140.5099143, 35.7898469 ], [ 140.5099863, 35.7898495 ] ] ] ] } },
{ "type": "Feature", "properties": { "fid": 1181, "field_id": 5615877, "location": "1-5", "field_seq": null, "field_no": "西田部字たり免1126-1", "farmer_cd": "k147", "farmer": "齋藤禎久", "crop": null, "area": 9.9, "calc_area": 12.22, "remark": 5, "tiban": "1126-1" }, "geometry": { "type": "MultiPolygon", "coordinates": [ [ [ [ 140.502924, 35.7895023 ], [ 140.50313460000001, 35.7894617 ], [ 140.5029729, 35.7889687 ], [ 140.5027503, 35.7890124 ], [ 140.5028834, 35.7894834 ], [ 140.502924, 35.7895023 ] ] ] ] } },
{ "type": "Feature", "properties": { "fid": 1182, "field_id": 5615881, "location": "1-5", "field_seq": null, "field_no": "西田部字たり免1105-1", "farmer_cd": "k147", "farmer": "齋藤禎久", "crop": null, "area": 9.9, "calc_area": 11.15, "remark": 5, "tiban": "1105-1" }, "geometry": { "type": "MultiPolygon", "coordinates": [ [ [ [ 140.504488, 35.7897584 ], [ 140.504638199999988, 35.7902543 ], [ 140.5048502, 35.7902137 ], [ 140.504795800000011, 35.7900326 ], [ 140.5046973, 35.7897167 ], [ 140.504488, 35.7897584 ] ] ] ] } },
{ "type": "Feature", "properties": { "fid": 1183, "field_id": 5615894, "location": "1-5", "field_seq": null, "field_no": "西田部字たり免1125-1", "farmer_cd": "k147", "farmer": "齋藤禎久", "crop": null, "area": 10.0, "calc_area": 10.57, "remark": 5, "tiban": "1125-1" }, "geometry": { "type": "MultiPolygon", "coordinates": [ [ [ [ 140.50313460000001, 35.7894617 ], [ 140.50333950000001, 35.7894221 ], [ 140.5031718, 35.7889328 ], [ 140.5029729, 35.7889687 ], [ 140.50313460000001, 35.7894617 ] ] ] ] } },
{ "type": "Feature", "properties": { "fid": 1184, "field_id": 5615895, "location": "1-5", "field_seq": null, "field_no": "西田部字杉谷原2323", "farmer_cd": "k147", "farmer": "齋藤禎久", "crop": null, "area": 32.0, "calc_area": 34.84, "remark": 5, "tiban": "2323" }, "geometry": { "type": "MultiPolygon", "coordinates": [ [ [ [ 140.510658299999989, 35.7897133 ], [ 140.510615300000012, 35.7891891 ], [ 140.510542, 35.7891959 ], [ 140.5104916, 35.7892391 ], [ 140.5104737, 35.7892446 ], [ 140.510342, 35.7892485 ], [ 140.5103005, 35.7892628 ], [ 140.5102219, 35.7893169 ], [ 140.5101999, 35.7893203 ], [ 140.509976599999987, 35.7893129 ], [ 140.5099863, 35.7898495 ], [ 140.5101248, 35.7898357 ], [ 140.5102796, 35.789814 ], [ 140.5103703, 35.7897917 ], [ 140.510437599999989, 35.7897744 ], [ 140.5105165, 35.7897522 ], [ 140.510658299999989, 35.7897133 ] ] ] ] } },
{ "type": "Feature", "properties": { "fid": 1185, "field_id": 5613922, "location": "1-3", "field_seq": null, "field_no": "岩部字田島3047", "farmer_cd": "k56", "farmer": "齋木英夫", "crop": null, "area": 10.0, "calc_area": 10.62, "remark": 3, "tiban": "3047" }, "geometry": { "type": "MultiPolygon", "coordinates": [ [ [ [ 140.5042302, 35.8040186 ], [ 140.504214499999989, 35.8040711 ], [ 140.5044287, 35.8040904 ], [ 140.5044876, 35.8036959 ], [ 140.5045034, 35.8035948 ], [ 140.5043244, 35.8035772 ], [ 140.504296, 35.8035744 ], [ 140.504271100000011, 35.8037017 ], [ 140.5042523, 35.8038269 ], [ 140.5042413, 35.8039343 ], [ 140.5042302, 35.8040186 ] ] ] ] } },
{ "type": "Feature", "properties": { "fid": 1186, "field_id": 5616665, "location": "1-3", "field_seq": null, "field_no": "岩部字田島3048-1", "farmer_cd": "k56", "farmer": "齋木英夫", "crop": null, "area": 8.9, "calc_area": 9.61, "remark": 3, "tiban": "3048-1" }, "geometry": { "type": "MultiPolygon", "coordinates": [ [ [ [ 140.5039591, 35.8040365 ], [ 140.504220800000013, 35.8040698 ], [ 140.504274400000014, 35.8037067 ], [ 140.5040064, 35.8036862 ], [ 140.5039591, 35.8040365 ] ] ] ] } },
{ "type": "Feature", "properties": { "fid": 1187, "field_id": 5613837, "location": "1-3", "field_seq": null, "field_no": "岩部字田島3052", "farmer_cd": "k63", "farmer": "齋木俊宏", "crop": null, "area": 9.9, "calc_area": 10.5, "remark": 3, "tiban": "3052" }, "geometry": { "type": "MultiPolygon", "coordinates": [ [ [ [ 140.5045555, 35.8046364 ], [ 140.5047653, 35.8046569 ], [ 140.5048315, 35.8041537 ], [ 140.504797, 35.8041505 ], [ 140.504630100000014, 35.8041346 ], [ 140.5045555, 35.8046364 ] ] ] ] } },
{ "type": "Feature", "properties": { "fid": 1188, "field_id": 5614085, "location": "1-3", "field_seq": null, "field_no": "岩部字正谷5304", "farmer_cd": "k63", "farmer": "齋木俊宏", "crop": null, "area": 21.2, "calc_area": 21.6, "remark": 3, "tiban": "5304" }, "geometry": { "type": "MultiPolygon", "coordinates": [ [ [ [ 140.506318099999987, 35.8036114 ], [ 140.5064352, 35.8036129 ], [ 140.5065117, 35.8036129 ], [ 140.5065459, 35.8032808 ], [ 140.506575199999986, 35.803013 ], [ 140.506452599999989, 35.8029612 ], [ 140.5063868, 35.8029424 ], [ 140.50634, 35.8029364 ], [ 140.5062488, 35.8029296 ], [ 140.5062429, 35.8029286 ], [ 140.5062196, 35.8031019 ], [ 140.5061866, 35.8033465 ], [ 140.506125, 35.8033422 ], [ 140.506318099999987, 35.8036114 ] ] ] ] } },
{ "type": "Feature", "properties": { "fid": 1189, "field_id": 5614092, "location": "1-3", "field_seq": null, "field_no": "岩部字正谷5318", "farmer_cd": "k63", "farmer": "齋木俊宏", "crop": null, "area": 13.6, "calc_area": 15.31, "remark": 3, "tiban": "5318" }, "geometry": { "type": "MultiPolygon", "coordinates": [ [ [ [ 140.507457100000011, 35.8031753 ], [ 140.5073281, 35.8037292 ], [ 140.507549, 35.8037622 ], [ 140.507601, 35.8037699 ], [ 140.5076837, 35.8033833 ], [ 140.507719, 35.8032218 ], [ 140.5076014, 35.8032004 ], [ 140.507457100000011, 35.8031753 ] ] ] ] } },
{ "type": "Feature", "properties": { "fid": 1190, "field_id": 5614111, "location": "1-3", "field_seq": null, "field_no": "岩部字正谷5319", "farmer_cd": "k63", "farmer": "齋木俊宏", "crop": null, "area": 6.1, "calc_area": 9.8, "remark": 3, "tiban": "5319" }, "geometry": { "type": "MultiPolygon", "coordinates": [ [ [ [ 140.507719, 35.8032218 ], [ 140.5076837, 35.8033833 ], [ 140.507601, 35.8037699 ], [ 140.5077795, 35.8037897 ], [ 140.507831, 35.803523 ], [ 140.507878, 35.8033215 ], [ 140.507900299999989, 35.803258 ], [ 140.5078533, 35.8032453 ], [ 140.5078411, 35.803244 ], [ 140.507719, 35.8032218 ] ] ] ] } },
{ "type": "Feature", "properties": { "fid": 1191, "field_id": 5614151, "location": "1-3", "field_seq": null, "field_no": "岩部字正谷5312", "farmer_cd": "k63", "farmer": "齋木俊宏", "crop": null, "area": 14.4, "calc_area": 16.51, "remark": 3, "tiban": "5312" }, "geometry": { "type": "MultiPolygon", "coordinates": [ [ [ [ 140.50717370000001, 35.804443 ], [ 140.50725460000001, 35.8045368 ], [ 140.507340199999987, 35.8044831 ], [ 140.507360799999987, 35.8044673 ], [ 140.5074118, 35.8043932 ], [ 140.507427, 35.8043674 ], [ 140.5074923, 35.8040713 ], [ 140.50755190000001, 35.8037891 ], [ 140.5073643, 35.8037672 ], [ 140.5073141, 35.8037621 ], [ 140.507282800000013, 35.8039906 ], [ 140.50717370000001, 35.804443 ] ] ] ] } },
{ "type": "Feature", "properties": { "fid": 1192, "field_id": 5616725, "location": "1-3", "field_seq": null, "field_no": "岩部字正谷5320", "farmer_cd": "k63", "farmer": "齋木俊宏", "crop": null, "area": 8.5, "calc_area": 6.64, "remark": 3, "tiban": "5320" }, "geometry": { "type": "MultiPolygon", "coordinates": [ [ [ [ 140.5079026, 35.8032653 ], [ 140.5077728, 35.8037915 ], [ 140.507907, 35.8038097 ], [ 140.5080122, 35.8033034 ], [ 140.5079026, 35.8032653 ] ] ] ] } },
{ "type": "Feature", "properties": { "fid": 1193, "field_id": 5616726, "location": "1-3", "field_seq": null, "field_no": "岩部字正谷5321", "farmer_cd": "k63", "farmer": "齋木俊宏", "crop": null, "area": 7.7, "calc_area": 6.79, "remark": 3, "tiban": "5321" }, "geometry": { "type": "MultiPolygon", "coordinates": [ [ [ [ 140.5080077, 35.803298 ], [ 140.5079115, 35.8038097 ], [ 140.508030100000013, 35.8038296 ], [ 140.5081465, 35.8033433 ], [ 140.5080077, 35.803298 ] ] ] ] } },
{ "type": "Feature", "properties": { "fid": 1194, "field_id": 5613863, "location": "1-3", "field_seq": null, "field_no": "岩部字大曲メ3104-2", "farmer_cd": "k62", "farmer": "齋木明夫", "crop": null, "area": 2.9, "calc_area": 3.4, "remark": 3, "tiban": "3104-2" }, "geometry": { "type": "MultiPolygon", "coordinates": [ [ [ [ 140.5050799, 35.8052512 ], [ 140.505037, 35.8055644 ], [ 140.5051444, 35.805577 ], [ 140.505181099999987, 35.8052893 ], [ 140.5051867, 35.8052614 ], [ 140.5050799, 35.8052512 ] ] ] ] } },
{ "type": "Feature", "properties": { "fid": 1195, "field_id": 5613885, "location": "1-3", "field_seq": null, "field_no": "岩部字大曲メ3098", "farmer_cd": "k62", "farmer": "齋木明夫", "crop": null, "area": 11.1, "calc_area": 11.59, "remark": 3, "tiban": "3098" }, "geometry": { "type": "MultiPolygon", "coordinates": [ [ [ [ 140.503749699999986, 35.8056214 ], [ 140.5039808, 35.8056441 ], [ 140.5040522, 35.8051492 ], [ 140.5038166, 35.8051252 ], [ 140.503814799999986, 35.8051389 ], [ 140.5037911, 35.8053647 ], [ 140.503749699999986, 35.8056214 ] ] ] ] } },
{ "type": "Feature", "properties": { "fid": 1196, "field_id": 5613929, "location": "1-3", "field_seq": null, "field_no": "岩部字大曲メ3090", "farmer_cd": "k62", "farmer": "齋木明夫", "crop": null, "area": 9.9, "calc_area": 11.7, "remark": 3, "tiban": "3090" }, "geometry": { "type": "MultiPolygon", "coordinates": [ [ [ [ 140.505382200000014, 35.8047315 ], [ 140.505368299999986, 35.8048118 ], [ 140.5052968, 35.8052489 ], [ 140.505523899999986, 35.8052709 ], [ 140.5055829, 35.8048592 ], [ 140.505598600000013, 35.8047528 ], [ 140.5054658, 35.8047397 ], [ 140.505382200000014, 35.8047315 ] ] ] ] } },
{ "type": "Feature", "properties": { "fid": 1197, "field_id": 5613983, "location": "1-3", "field_seq": null, "field_no": "岩部字大曲メ3091", "farmer_cd": "k62", "farmer": "齋木明夫", "crop": null, "area": 9.9, "calc_area": 10.83, "remark": 3, "tiban": "3091" }, "geometry": { "type": "MultiPolygon", "coordinates": [ [ [ [ 140.5051747, 35.804711 ], [ 140.5051413, 35.8049275 ], [ 140.5050918, 35.805229 ], [ 140.505173500000012, 35.805237 ], [ 140.5052968, 35.8052489 ], [ 140.505368299999986, 35.8048118 ], [ 140.505382200000014, 35.8047315 ], [ 140.5051747, 35.804711 ] ] ] ] } },
{ "type": "Feature", "properties": { "fid": 1198, "field_id": 5614131, "location": "1-3", "field_seq": null, "field_no": "岩部字正谷5323", "farmer_cd": "k62", "farmer": "齋木明夫", "crop": null, "area": 9.8, "calc_area": 11.93, "remark": 3, "tiban": "5323" }, "geometry": { "type": "MultiPolygon", "coordinates": [ [ [ [ 140.5082936, 35.8034065 ], [ 140.5082648, 35.8035354 ], [ 140.508192900000012, 35.8038573 ], [ 140.5084804, 35.8038992 ], [ 140.5085613, 35.8035756 ], [ 140.5084707, 35.8035084 ], [ 140.5083529, 35.8034339 ], [ 140.5082936, 35.8034065 ] ] ] ] } },
{ "type": "Feature", "properties": { "fid": 1199, "field_id": 5614133, "location": "1-3", "field_seq": null, "field_no": "岩部字正谷5314", "farmer_cd": "k62", "farmer": "齋木明夫", "crop": null, "area": 13.7, "calc_area": 15.41, "remark": 3, "tiban": "5314" }, "geometry": { "type": "MultiPolygon", "coordinates": [ [ [ [ 140.5079175, 35.8041802 ], [ 140.507956900000011, 35.8041795 ], [ 140.5080299, 35.8041831 ], [ 140.508101399999987, 35.8041919 ], [ 140.5081839, 35.8042034 ], [ 140.5082774, 35.8042214 ], [ 140.508334600000012, 35.8042355 ], [ 140.5083847, 35.8042517 ], [ 140.5084704, 35.8039248 ], [ 140.508298599999989, 35.803899 ], [ 140.507994200000013, 35.8038546 ], [ 140.5079657, 35.8039858 ], [ 140.5079175, 35.8041802 ] ] ] ] } },
{ "type": "Feature", "properties": { "fid": 1200, "field_id": 5614164, "location": "1-3", "field_seq": null, "field_no": "岩部字正谷5313", "farmer_cd": "k62", "farmer": "齋木明夫", "crop": null, "area": 16.9, "calc_area": 18.51, "remark": 3, "tiban": "5313" }, "geometry": { "type": "MultiPolygon", "coordinates": [ [ [ [ 140.507427, 35.8043674 ], [ 140.5074409, 35.8043441 ], [ 140.5074639, 35.8043185 ], [ 140.507488099999989, 35.804299 ], [ 140.5075272, 35.8042778 ], [ 140.5075923, 35.80425 ], [ 140.507691200000011, 35.8042138 ], [ 140.507758, 35.8041931 ], [ 140.5077967, 35.8041864 ], [ 140.5078473, 35.8041815 ], [ 140.5079175, 35.8041802 ], [ 140.5079657, 35.8039858 ], [ 140.507994200000013, 35.8038546 ], [ 140.507726600000012, 35.8038156 ], [ 140.50755190000001, 35.8037891 ], [ 140.5074923, 35.8040713 ], [ 140.507427, 35.8043674 ] ] ] ] } },
{ "type": "Feature", "properties": { "fid": 1201, "field_id": 5616023, "location": "1-3", "field_seq": null, "field_no": "岩部字正谷5345", "farmer_cd": "k62", "farmer": "齋木明夫", "crop": null, "area": 9.6, "calc_area": 11.19, "remark": 3, "tiban": "5345" }, "geometry": { "type": "MultiPolygon", "coordinates": [ [ [ [ 140.5110201, 35.8053072 ], [ 140.5103986, 35.8056642 ], [ 140.5104675, 35.8057415 ], [ 140.510487500000011, 35.8057553 ], [ 140.5105232, 35.8057666 ], [ 140.5105558, 35.8057526 ], [ 140.510588399999989, 35.8057327 ], [ 140.5106662, 35.8056824 ], [ 140.5109584, 35.8055179 ], [ 140.5111632, 35.8054021 ], [ 140.5110779, 35.8053451 ], [ 140.5110201, 35.8053072 ] ] ] ] } },
{ "type": "Feature", "properties": { "fid": 1202, "field_id": 5616660, "location": "1-3", "field_seq": null, "field_no": "岩部字大曲メ3104-3", "farmer_cd": "k62", "farmer": "齋木明夫", "crop": null, "area": 3.3, "calc_area": 3.11, "remark": 3, "tiban": "3104-3" }, "geometry": { "type": "MultiPolygon", "coordinates": [ [ [ [ 140.505146700000012, 35.8055725 ], [ 140.5052468, 35.8055797 ], [ 140.5052857, 35.8052722 ], [ 140.5051867, 35.8052632 ], [ 140.505146700000012, 35.8055725 ] ] ] ] } },
{ "type": "Feature", "properties": { "fid": 1203, "field_id": 5619746, "location": "1-3", "field_seq": null, "field_no": "境町1338-2", "farmer_cd": null, "farmer": null, "crop": null, "area": 2.0, "calc_area": 2.92, "remark": null, "tiban": "1338-2" }, "geometry": { "type": "MultiPolygon", "coordinates": [ [ [ [ 140.504633399999989, 35.7986429 ], [ 140.504673200000013, 35.7987959 ], [ 140.5048512, 35.7987661 ], [ 140.5048251, 35.7986143 ], [ 140.504633399999989, 35.7986429 ] ] ] ] } }
]
}
