{
"type": "FeatureCollection",
"name": "酒々井",
"crs": { "type": "name", "properties": { "name": "urn:ogc:def:crs:OGC:1.3:CRS84" } },
"features": [
{"type":"Feature","properties":{"fid":1,"polygon_uuid":null,"Adress":"本佐倉五良340","Tiban":"340","group":"1班","geometry_ID":"d354b9afdc","area":17.0,"auxiliary_storage_labeling_positionx":null,"auxiliary_storage_labeling_positiony":null,"auxiliary_storage_labeling_lineanchorpercent":null,"auxiliary_storage_labeling_lineanchorclipping":null,"auxiliary_storage_labeling_lineanchortype":null,"auxiliary_storage_labeling_lineanchortextpoint":null},"geometry":{"type":"MultiPolygon","coordinates":[[[[140.258229336085464,35.717392524812119],[140.258372228984115,35.717475701275518],[140.258572705588222,35.717535417710785],[140.258645218402478,35.717424515759582],[140.258651616591948,35.717339206566351],[140.258704934837738,35.717119535393778],[140.258350901685816,35.717032093470714],[140.258267725222424,35.717170720909721],[140.258229336085464,35.717392524812119]]]]}},
{"type":"Feature","properties":{"fid":2,"polygon_uuid":null,"Adress":"中川広町1","Tiban":"1","group":"1班","geometry_ID":"8ab3e54900","area":7.0,"auxiliary_storage_labeling_positionx":null,"auxiliary_storage_labeling_positiony":null,"auxiliary_storage_labeling_lineanchorpercent":null,"auxiliary_storage_labeling_lineanchorclipping":null,"auxiliary_storage_labeling_lineanchortype":null,"auxiliary_storage_labeling_lineanchortextpoint":null},"geometry":{"type":"MultiPolygon","coordinates":[[[[140.268544283912206,35.734032082951998],[140.269045475422445,35.734221895906941],[140.269117988236673,35.734110993955738],[140.268825804249872,35.733987295625553],[140.268734096867149,35.733897720972656],[140.268544283912206,35.734032082951998]]]]}},
{"type":"Feature","properties":{"fid":3,"polygon_uuid":null,"Adress":"酒々井川場428","Tiban":"428","group":"11班","geometry_ID":"55475bb710","area":21.0,"auxiliary_storage_labeling_positionx":null,"auxiliary_storage_labeling_positiony":null,"auxiliary_storage_labeling_lineanchorpercent":null,"auxiliary_storage_labeling_lineanchorclipping":null,"auxiliary_storage_labeling_lineanchortype":null,"auxiliary_storage_labeling_lineanchortextpoint":null},"geometry":{"type":"MultiPolygon","coordinates":[[[[140.26376163726647,35.734920364926502],[140.264614729198797,35.735127239720086],[140.264697905662189,35.734905435817687],[140.263842681000028,35.734690030104773],[140.26376163726647,35.734920364926502]]]]}},
{"type":"Feature","properties":{"fid":4,"polygon_uuid":"0810d19a-295c-4a36-b9e6-9032fd45a872","Adress":"印旛沼新田334","Tiban":"334","group":"11班","geometry_ID":"8e759c4515","area":26.0,"auxiliary_storage_labeling_positionx":null,"auxiliary_storage_labeling_positiony":null,"auxiliary_storage_labeling_lineanchorpercent":null,"auxiliary_storage_labeling_lineanchorclipping":null,"auxiliary_storage_labeling_lineanchortype":null,"auxiliary_storage_labeling_lineanchortextpoint":null},"geometry":{"type":"MultiPolygon","coordinates":[[[[140.260072107835754,35.737272137260319],[140.259974756835732,35.73752646426032],[140.260926012835739,35.737761826260325],[140.261011419835739,35.737511036260322],[140.260072107835754,35.737272137260319]]]]}},
{"type":"Feature","properties":{"fid":5,"polygon_uuid":"241ab41e-7f73-4531-8887-5788de5f4f66","Adress":"印旛沼新田188","Tiban":"188","group":"11班","geometry_ID":"0eb54bfd95","area":30.0,"auxiliary_storage_labeling_positionx":null,"auxiliary_storage_labeling_positiony":null,"auxiliary_storage_labeling_lineanchorpercent":null,"auxiliary_storage_labeling_lineanchorclipping":null,"auxiliary_storage_labeling_lineanchortype":null,"auxiliary_storage_labeling_lineanchortextpoint":null},"geometry":{"type":"MultiPolygon","coordinates":[[[[140.266854963835755,35.742638628260323],[140.267130962835751,35.743562218260323],[140.267426902835751,35.74349009726032],[140.267177100835738,35.742577603260322],[140.266854963835755,35.742638628260323]]]]}},
{"type":"Feature","properties":{"fid":6,"polygon_uuid":"82532a08-4c43-4a4b-b20d-97eec81d86ee","Adress":"印旛沼新田187","Tiban":"187","group":"11班","geometry_ID":"c5ff68fd7a","area":31.0,"auxiliary_storage_labeling_positionx":null,"auxiliary_storage_labeling_positiony":null,"auxiliary_storage_labeling_lineanchorpercent":null,"auxiliary_storage_labeling_lineanchorclipping":null,"auxiliary_storage_labeling_lineanchortype":null,"auxiliary_storage_labeling_lineanchortextpoint":null},"geometry":{"type":"MultiPolygon","coordinates":[[[[140.267177100835738,35.742577603260322],[140.267426902835751,35.74349009726032],[140.267764690835747,35.74342066626032],[140.267485785835731,35.742519125260323],[140.267177100835738,35.742577603260322]]]]}},
{"type":"Feature","properties":{"fid":7,"polygon_uuid":"9a7859dc-a310-40db-b52e-aaa16e132059","Adress":"印旛沼新田190,印旛沼新田189","Tiban":"190,189","group":"11班","geometry_ID":"6ae087c481","area":41.0,"auxiliary_storage_labeling_positionx":null,"auxiliary_storage_labeling_positiony":null,"auxiliary_storage_labeling_lineanchorpercent":null,"auxiliary_storage_labeling_lineanchorclipping":null,"auxiliary_storage_labeling_lineanchortype":null,"auxiliary_storage_labeling_lineanchortextpoint":null},"geometry":{"type":"MultiPolygon","coordinates":[[[[140.266717710835735,35.743660380260323],[140.267130962835751,35.743562218260323],[140.266854963835755,35.742638628260323],[140.266440636835739,35.74271711726032],[140.266717710835735,35.743660380260323]]]]}},
{"type":"Feature","properties":{"fid":8,"polygon_uuid":"bf935d1a-347c-494f-99e3-4ab6992d75dd","Adress":"印旛沼新田192","Tiban":"192","group":"11班","geometry_ID":"9a1a294d54","area":27.0,"auxiliary_storage_labeling_positionx":null,"auxiliary_storage_labeling_positiony":null,"auxiliary_storage_labeling_lineanchorpercent":null,"auxiliary_storage_labeling_lineanchorclipping":null,"auxiliary_storage_labeling_lineanchortype":null,"auxiliary_storage_labeling_lineanchortextpoint":null},"geometry":{"type":"MultiPolygon","coordinates":[[[[140.265960489835749,35.742881565260326],[140.266200738835749,35.743796531260323],[140.266468972835753,35.743727929260324],[140.266206569835731,35.742761456260325],[140.266111662835755,35.742779434260321],[140.265998148835735,35.742844107260325],[140.265960489835749,35.742881565260326]]]]}},
{"type":"Feature","properties":{"fid":9,"polygon_uuid":"5384c105-db8c-40dc-911f-53e9643927c9","Adress":"印旛沼新田196","Tiban":"196","group":"11班","geometry_ID":"7d9d893086","area":6.0,"auxiliary_storage_labeling_positionx":null,"auxiliary_storage_labeling_positiony":null,"auxiliary_storage_labeling_lineanchorpercent":null,"auxiliary_storage_labeling_lineanchorclipping":null,"auxiliary_storage_labeling_lineanchortype":null,"auxiliary_storage_labeling_lineanchortextpoint":null},"geometry":{"type":"MultiPolygon","coordinates":[[[[140.265621083835754,35.743945697260322],[140.265451903835753,35.743387405260322],[140.265359275835749,35.743479532260324],[140.265359571835745,35.74353427626032],[140.265468906835736,35.743776662260323],[140.265519156835751,35.743954286260326],[140.265569813835754,35.743954736260321],[140.265621083835754,35.743945697260322]]]]}},
{"type":"Feature","properties":{"fid":10,"polygon_uuid":"981680d0-7112-4a1a-90d8-60ab10ae2c85","Adress":"印旛沼新田204","Tiban":"204","group":"11班","geometry_ID":"7fe1cd9865","area":27.0,"auxiliary_storage_labeling_positionx":null,"auxiliary_storage_labeling_positiony":null,"auxiliary_storage_labeling_lineanchorpercent":null,"auxiliary_storage_labeling_lineanchorclipping":null,"auxiliary_storage_labeling_lineanchortype":null,"auxiliary_storage_labeling_lineanchortextpoint":null},"geometry":{"type":"MultiPolygon","coordinates":[[[[140.266958891835742,35.741835960260325],[140.267163075835754,35.742542139260323],[140.267482574835753,35.742476997260326],[140.267220264835743,35.741580636260323],[140.266958891835742,35.741835960260325]]]]}},
{"type":"Feature","properties":{"fid":11,"polygon_uuid":"0bc5e41d-5a40-4b04-b8c4-e50aad6fa4ff","Adress":"印旛沼新田205","Tiban":"205","group":"11班","geometry_ID":"e6bbde28d3","area":9.0,"auxiliary_storage_labeling_positionx":null,"auxiliary_storage_labeling_positiony":null,"auxiliary_storage_labeling_lineanchorpercent":null,"auxiliary_storage_labeling_lineanchorclipping":null,"auxiliary_storage_labeling_lineanchortype":null,"auxiliary_storage_labeling_lineanchortextpoint":null},"geometry":{"type":"MultiPolygon","coordinates":[[[[140.267220264835743,35.741580636260323],[140.267482574835753,35.742476997260326],[140.267580551835749,35.742457597260319],[140.267288815835741,35.741502735260326],[140.267220264835743,35.741580636260323]]]]}},
{"type":"Feature","properties":{"fid":12,"polygon_uuid":"604b3be5-db2e-4f38-8274-649ada691ff8","Adress":"印旛沼新田214,印旛沼新田215","Tiban":"214,215","group":"11班","geometry_ID":"52c5b7918c","area":28.0,"auxiliary_storage_labeling_positionx":null,"auxiliary_storage_labeling_positiony":null,"auxiliary_storage_labeling_lineanchorpercent":null,"auxiliary_storage_labeling_lineanchorclipping":null,"auxiliary_storage_labeling_lineanchortype":null,"auxiliary_storage_labeling_lineanchortextpoint":null},"geometry":{"type":"MultiPolygon","coordinates":[[[[140.266638016835742,35.740951039260324],[140.266346325835741,35.741162407260326],[140.266972051835751,35.741691444260326],[140.267224079835756,35.741451796260321],[140.266638016835742,35.740951039260324]]]]}},
{"type":"Feature","properties":{"fid":13,"polygon_uuid":"d237a2d9-811f-4ed4-b0f7-ad3c61caf29a","Adress":"印旛沼新田165,印旛沼新田166","Tiban":"165,166","group":"11班","geometry_ID":"1c89809af7","area":28.0,"auxiliary_storage_labeling_positionx":null,"auxiliary_storage_labeling_positiony":null,"auxiliary_storage_labeling_lineanchorpercent":null,"auxiliary_storage_labeling_lineanchorclipping":null,"auxiliary_storage_labeling_lineanchortype":null,"auxiliary_storage_labeling_lineanchortextpoint":null},"geometry":{"type":"MultiPolygon","coordinates":[[[[140.266617337835754,35.743911927260321],[140.266225192835748,35.74400754426032],[140.266429276835737,35.744662302260323],[140.26681610083574,35.74458798026032],[140.266617337835754,35.743911927260321]]]]}},
{"type":"Feature","properties":{"fid":14,"polygon_uuid":"595185df-d79b-4be3-8376-1f484b7fa9aa","Adress":"印旛沼新田159","Tiban":"159","group":"11班","geometry_ID":"7913dbfc4c","area":33.0,"auxiliary_storage_labeling_positionx":null,"auxiliary_storage_labeling_positiony":null,"auxiliary_storage_labeling_lineanchorpercent":null,"auxiliary_storage_labeling_lineanchorclipping":null,"auxiliary_storage_labeling_lineanchortype":null,"auxiliary_storage_labeling_lineanchortextpoint":null},"geometry":{"type":"MultiPolygon","coordinates":[[[[140.265955714835741,35.745723161260322],[140.266348427835737,35.745638651260322],[140.266085266835745,35.744772412260325],[140.265797952835754,35.744823897260325],[140.26576536883573,35.744857253260321],[140.265855163835738,35.745218644260326],[140.265879714835734,35.745304242260325],[140.26589545783574,35.745380946260326],[140.265909184835749,35.745489790260322],[140.265927397835753,35.745618255260325],[140.265955714835741,35.745723161260322]]]]}},
{"type":"Feature","properties":{"fid":15,"polygon_uuid":"2a1b1312-2fd7-4723-b0fd-fb251e5fccba","Adress":"印旛沼新田186","Tiban":"186","group":"11班","geometry_ID":"ef1cd742eb","area":31.0,"auxiliary_storage_labeling_positionx":null,"auxiliary_storage_labeling_positiony":null,"auxiliary_storage_labeling_lineanchorpercent":null,"auxiliary_storage_labeling_lineanchorclipping":null,"auxiliary_storage_labeling_lineanchortype":null,"auxiliary_storage_labeling_lineanchortextpoint":null},"geometry":{"type":"MultiPolygon","coordinates":[[[[140.267485785835731,35.742519125260323],[140.267764690835747,35.74342066626032],[140.268074542835734,35.743342810260323],[140.267818298835749,35.742456133260326],[140.267485785835731,35.742519125260323]]]]}},
{"type":"Feature","properties":{"fid":16,"polygon_uuid":"ed9fcdee-ba23-4f27-acec-551782d097aa","Adress":"印旛沼新田139,印旛沼新田140","Tiban":"139,140","group":"11班","geometry_ID":"e1156bc11d","area":48.0,"auxiliary_storage_labeling_positionx":null,"auxiliary_storage_labeling_positiony":null,"auxiliary_storage_labeling_lineanchorpercent":null,"auxiliary_storage_labeling_lineanchorclipping":null,"auxiliary_storage_labeling_lineanchortype":null,"auxiliary_storage_labeling_lineanchortextpoint":null},"geometry":{"type":"MultiPolygon","coordinates":[[[[140.267243819835755,35.746280026260322],[140.267872852835751,35.746138271260321],[140.267687121835735,35.74545575826032],[140.267025216835748,35.745576857260325],[140.267243819835755,35.746280026260322]]]]}},
{"type":"Feature","properties":{"fid":17,"polygon_uuid":"4ea5fa8b-a66a-4eef-ba21-967feb505e52","Adress":"印旛沼新田138,印旛沼新田137","Tiban":"138,137","group":"11班","geometry_ID":"07a1600657","area":48.0,"auxiliary_storage_labeling_positionx":null,"auxiliary_storage_labeling_positiony":null,"auxiliary_storage_labeling_lineanchorpercent":null,"auxiliary_storage_labeling_lineanchorclipping":null,"auxiliary_storage_labeling_lineanchortype":null,"auxiliary_storage_labeling_lineanchortextpoint":null},"geometry":{"type":"MultiPolygon","coordinates":[[[[140.266603765835754,35.746404011260324],[140.267243819835755,35.746280026260322],[140.267025216835748,35.745576857260325],[140.266396028835743,35.745689525260325],[140.266603765835754,35.746404011260324]]]]}},
{"type":"Feature","properties":{"fid":18,"polygon_uuid":"4f522464-a8b5-42be-a012-a68a49bc9ba5","Adress":"印旛沼新田141","Tiban":"141","group":"11班","geometry_ID":"3654db3ad9","area":23.0,"auxiliary_storage_labeling_positionx":null,"auxiliary_storage_labeling_positiony":null,"auxiliary_storage_labeling_lineanchorpercent":null,"auxiliary_storage_labeling_lineanchorclipping":null,"auxiliary_storage_labeling_lineanchortype":null,"auxiliary_storage_labeling_lineanchortextpoint":null},"geometry":{"type":"MultiPolygon","coordinates":[[[[140.267872852835751,35.746138271260321],[140.268196477835744,35.746068842260321],[140.267992593835743,35.745395893260323],[140.267687121835735,35.74545575826032],[140.267872852835751,35.746138271260321]]]]}},
{"type":"Feature","properties":{"fid":19,"polygon_uuid":"dccd9148-17dd-4701-8151-013f340d9ef7","Adress":"印旛沼新田148,印旛沼新田147","Tiban":"148,147","group":"11班","geometry_ID":"c833c0734f","area":22.0,"auxiliary_storage_labeling_positionx":null,"auxiliary_storage_labeling_positiony":null,"auxiliary_storage_labeling_lineanchorpercent":null,"auxiliary_storage_labeling_lineanchorclipping":null,"auxiliary_storage_labeling_lineanchortype":null,"auxiliary_storage_labeling_lineanchortextpoint":null},"geometry":{"type":"MultiPolygon","coordinates":[[[[140.269074557835751,35.744197745260323],[140.268961853835748,35.744224863260321],[140.268776406835741,35.744264116260325],[140.26859091183573,35.744294465260325],[140.268812785835735,35.745002144260326],[140.268875345835738,35.744902992260322],[140.269033818835737,35.744589812260323],[140.269080394835754,35.744229552260322],[140.269074557835751,35.744197745260323]]]]}},
{"type":"Feature","properties":{"fid":20,"polygon_uuid":"fde33b65-e9fa-47fe-9aad-aca92032e3bf","Adress":"印旛沼新田154,印旛沼新田153","Tiban":"154,153","group":"11班","geometry_ID":"d86009c4c9","area":48.0,"auxiliary_storage_labeling_positionx":null,"auxiliary_storage_labeling_positiony":null,"auxiliary_storage_labeling_lineanchorpercent":null,"auxiliary_storage_labeling_lineanchorclipping":null,"auxiliary_storage_labeling_lineanchortype":null,"auxiliary_storage_labeling_lineanchortextpoint":null},"geometry":{"type":"MultiPolygon","coordinates":[[[[140.26742491783574,35.745438898260325],[140.267937710835753,35.745345045260322],[140.267689951835735,35.744462187260325],[140.267165667835741,35.744565276260325],[140.26742491783574,35.745438898260325]]]]}},
{"type":"Feature","properties":{"fid":21,"polygon_uuid":"da5647df-9ab4-4495-986b-0c71780bfd43","Adress":"印旛沼新田158","Tiban":"158","group":"11班","geometry_ID":"802cd8d16e","area":28.0,"auxiliary_storage_labeling_positionx":null,"auxiliary_storage_labeling_positiony":null,"auxiliary_storage_labeling_lineanchorpercent":null,"auxiliary_storage_labeling_lineanchorclipping":null,"auxiliary_storage_labeling_lineanchortype":null,"auxiliary_storage_labeling_lineanchortextpoint":null},"geometry":{"type":"MultiPolygon","coordinates":[[[[140.266085266835745,35.744772412260325],[140.266348427835737,35.745638651260322],[140.266657538835744,35.745578182260324],[140.266397004835738,35.744718261260324],[140.266085266835745,35.744772412260325]]]]}},
{"type":"Feature","properties":{"fid":22,"polygon_uuid":"010fca9c-7cf9-4d63-b2e4-635cae4686f1","Adress":"印旛沼新田156,印旛沼新田155","Tiban":"156,155","group":"11班","geometry_ID":"c9c6e950fb","area":41.0,"auxiliary_storage_labeling_positionx":null,"auxiliary_storage_labeling_positiony":null,"auxiliary_storage_labeling_lineanchorpercent":null,"auxiliary_storage_labeling_lineanchorclipping":null,"auxiliary_storage_labeling_lineanchortype":null,"auxiliary_storage_labeling_lineanchortextpoint":null},"geometry":{"type":"MultiPolygon","coordinates":[[[[140.26698485083574,35.745517647260321],[140.26742491783574,35.745438898260325],[140.267165667835741,35.744565276260325],[140.26672579983574,35.744651764260325],[140.26698485083574,35.745517647260321]]]]}},
{"type":"Feature","properties":{"fid":23,"polygon_uuid":"df676827-ba78-4a69-86db-0ccb85a2c24e","Adress":"印旛沼新田325,印旛沼新田327,印旛沼新田326","Tiban":"325,327,326","group":"11班","geometry_ID":"f459a6005c","area":52.0,"auxiliary_storage_labeling_positionx":null,"auxiliary_storage_labeling_positiony":null,"auxiliary_storage_labeling_lineanchorpercent":null,"auxiliary_storage_labeling_lineanchorclipping":null,"auxiliary_storage_labeling_lineanchortype":null,"auxiliary_storage_labeling_lineanchortextpoint":null},"geometry":{"type":"MultiPolygon","coordinates":[[[[140.259295503835745,35.73948895526032],[140.25961461183573,35.739586900260321],[140.259969918835736,35.739698105260324],[140.260198836835741,35.73976589726032],[140.260393236835739,35.739233280260322],[140.259465587835734,35.738997559260326],[140.259295503835745,35.73948895526032]]]]}},
{"type":"Feature","properties":{"fid":24,"polygon_uuid":"e4ff7097-1b2b-4f62-a29d-e55631634bb6","Adress":"印旛沼新田330","Tiban":"330","group":"11班","geometry_ID":"900c542362","area":40.0,"auxiliary_storage_labeling_positionx":null,"auxiliary_storage_labeling_positiony":null,"auxiliary_storage_labeling_lineanchorpercent":null,"auxiliary_storage_labeling_lineanchorclipping":null,"auxiliary_storage_labeling_lineanchortype":null,"auxiliary_storage_labeling_lineanchortextpoint":null},"geometry":{"type":"MultiPolygon","coordinates":[[[[140.259704501835756,35.73830729526032],[140.259567410835729,35.738703378260325],[140.260505966835751,35.738925610260324],[140.260646961835732,35.738531593260326],[140.259704501835756,35.73830729526032]]]]}},
{"type":"Feature","properties":{"fid":25,"polygon_uuid":"5649947e-ea5a-4e3a-9a88-873638c9069c","Adress":"印旛沼新田329,印旛沼新田328","Tiban":"329,328","group":"11班","geometry_ID":"fcafac216e","area":31.0,"auxiliary_storage_labeling_positionx":null,"auxiliary_storage_labeling_positiony":null,"auxiliary_storage_labeling_lineanchorpercent":null,"auxiliary_storage_labeling_lineanchorclipping":null,"auxiliary_storage_labeling_lineanchortype":null,"auxiliary_storage_labeling_lineanchortextpoint":null},"geometry":{"type":"MultiPolygon","coordinates":[[[[140.259567410835729,35.738703378260325],[140.259465587835734,35.738997559260326],[140.260393236835739,35.739233280260322],[140.260505966835751,35.738925610260324],[140.259567410835729,35.738703378260325]]]]}},
{"type":"Feature","properties":{"fid":26,"polygon_uuid":"dbe69899-2b13-4268-82ff-1ecdeeda5b3b","Adress":"印旛沼新田333","Tiban":"333","group":"11班","geometry_ID":"710258217d","area":26.0,"auxiliary_storage_labeling_positionx":null,"auxiliary_storage_labeling_positiony":null,"auxiliary_storage_labeling_lineanchorpercent":null,"auxiliary_storage_labeling_lineanchorclipping":null,"auxiliary_storage_labeling_lineanchortype":null,"auxiliary_storage_labeling_lineanchortextpoint":null},"geometry":{"type":"MultiPolygon","coordinates":[[[[140.260841874835734,35.738007006260325],[140.260926012835739,35.737761826260325],[140.259974756835732,35.73752646426032],[140.259883583835745,35.737789888260323],[140.260841874835734,35.738007006260325]]]]}},
{"type":"Feature","properties":{"fid":27,"polygon_uuid":"13ace0ca-c253-4914-abe2-151857e544e5","Adress":"印旛沼新田332","Tiban":"332","group":"11班","geometry_ID":"85ffa0bc47","area":27.0,"auxiliary_storage_labeling_positionx":null,"auxiliary_storage_labeling_positiony":null,"auxiliary_storage_labeling_lineanchorpercent":null,"auxiliary_storage_labeling_lineanchorclipping":null,"auxiliary_storage_labeling_lineanchortype":null,"auxiliary_storage_labeling_lineanchortextpoint":null},"geometry":{"type":"MultiPolygon","coordinates":[[[[140.260743666835737,35.738274503260321],[140.260841874835734,35.738007006260325],[140.259883583835745,35.737789888260323],[140.259795492835735,35.738044400260321],[140.260743666835737,35.738274503260321]]]]}},
{"type":"Feature","properties":{"fid":28,"polygon_uuid":"629f4459-524c-466b-a086-829a6c790cce","Adress":"印旛沼新田284","Tiban":"284","group":"11班","geometry_ID":"4c180d0ff4","area":27.0,"auxiliary_storage_labeling_positionx":null,"auxiliary_storage_labeling_positiony":null,"auxiliary_storage_labeling_lineanchorpercent":null,"auxiliary_storage_labeling_lineanchorclipping":null,"auxiliary_storage_labeling_lineanchortype":null,"auxiliary_storage_labeling_lineanchortextpoint":null},"geometry":{"type":"MultiPolygon","coordinates":[[[[140.264209079835751,35.73851421226032],[140.264680311835747,35.738170294260321],[140.263638846835732,35.737914830260323],[140.263612685835739,35.737985976260326],[140.264209079835751,35.73851421226032]]]]}},
{"type":"Feature","properties":{"fid":29,"polygon_uuid":"66cb6ddc-ea52-49a4-b69d-8493fef3839a","Adress":"印旛沼新田279,印旛沼新田280","Tiban":"279,280","group":"11班","geometry_ID":"99c475ee09","area":18.0,"auxiliary_storage_labeling_positionx":null,"auxiliary_storage_labeling_positiony":null,"auxiliary_storage_labeling_lineanchorpercent":null,"auxiliary_storage_labeling_lineanchorclipping":null,"auxiliary_storage_labeling_lineanchortype":null,"auxiliary_storage_labeling_lineanchortextpoint":null},"geometry":{"type":"MultiPolygon","coordinates":[[[[140.265239826835739,35.739037547260324],[140.265390592835729,35.738923702260323],[140.264608418835735,35.738245175260325],[140.264483241835734,35.738342985260324],[140.265239826835739,35.739037547260324]]]]}},
{"type":"Feature","properties":{"fid":30,"polygon_uuid":"4f7cbf25-bc8b-4c76-a0a0-ee8c1548a5d4","Adress":"印旛沼新田285","Tiban":"285","group":"11班","geometry_ID":"66c4eae328","area":13.0,"auxiliary_storage_labeling_positionx":null,"auxiliary_storage_labeling_positiony":null,"auxiliary_storage_labeling_lineanchorpercent":null,"auxiliary_storage_labeling_lineanchorclipping":null,"auxiliary_storage_labeling_lineanchortype":null,"auxiliary_storage_labeling_lineanchortextpoint":null},"geometry":{"type":"MultiPolygon","coordinates":[[[[140.264209079835751,35.73851421226032],[140.263612685835739,35.737985976260326],[140.263544252835743,35.738153924260324],[140.264065451835734,35.73861872026032],[140.264209079835751,35.73851421226032]]]]}},
{"type":"Feature","properties":{"fid":31,"polygon_uuid":"8f05e961-9092-4d2f-904f-ba1b1ff0387a","Adress":"印旛沼新田246,印旛沼新田245","Tiban":"246,245","group":"11班","geometry_ID":"40d828535f","area":21.0,"auxiliary_storage_labeling_positionx":null,"auxiliary_storage_labeling_positiony":null,"auxiliary_storage_labeling_lineanchorpercent":null,"auxiliary_storage_labeling_lineanchorclipping":null,"auxiliary_storage_labeling_lineanchortype":null,"auxiliary_storage_labeling_lineanchortextpoint":null},"geometry":{"type":"MultiPolygon","coordinates":[[[[140.266067611835751,35.739755056260321],[140.266828878835753,35.740435079260322],[140.266996681835735,35.740317331260322],[140.266239379835753,35.739633758260325],[140.266067611835751,35.739755056260321]]]]}},
{"type":"Feature","properties":{"fid":32,"polygon_uuid":"deaa6531-7954-4e22-a0c4-af930fc52361","Adress":"印旛沼新田263","Tiban":"263","group":"11班","geometry_ID":"ffd8c6a040","area":16.0,"auxiliary_storage_labeling_positionx":null,"auxiliary_storage_labeling_positiony":null,"auxiliary_storage_labeling_lineanchorpercent":null,"auxiliary_storage_labeling_lineanchorclipping":null,"auxiliary_storage_labeling_lineanchortype":null,"auxiliary_storage_labeling_lineanchortextpoint":null},"geometry":{"type":"MultiPolygon","coordinates":[[[[140.263857976835737,35.741378798260321],[140.263087796835748,35.740708358260321],[140.262918404835744,35.740835563260326],[140.263759740835752,35.741445464260323],[140.263857976835737,35.741378798260321]]]]}},
{"type":"Feature","properties":{"fid":33,"polygon_uuid":"3111b04c-d493-47c5-a587-788f682e04b5","Adress":"印旛沼新田260","Tiban":"260","group":"11班","geometry_ID":"6b15eebf2e","area":32.0,"auxiliary_storage_labeling_positionx":null,"auxiliary_storage_labeling_positiony":null,"auxiliary_storage_labeling_lineanchorpercent":null,"auxiliary_storage_labeling_lineanchorclipping":null,"auxiliary_storage_labeling_lineanchortype":null,"auxiliary_storage_labeling_lineanchortextpoint":null},"geometry":{"type":"MultiPolygon","coordinates":[[[[140.264333083835737,35.741023001260324],[140.264584630835742,35.740831612260322],[140.263819357835729,35.740157141260326],[140.263558718835753,35.740350989260321],[140.264333083835737,35.741023001260324]]]]}},
{"type":"Feature","properties":{"fid":34,"polygon_uuid":"c79eb44b-d7a7-463f-a0f0-3b00bf7463fa","Adress":"印旛沼新田270,印旛沼新田271","Tiban":"270,271","group":"11班","geometry_ID":"b9f087b1b9","area":29.0,"auxiliary_storage_labeling_positionx":null,"auxiliary_storage_labeling_positiony":null,"auxiliary_storage_labeling_lineanchorpercent":null,"auxiliary_storage_labeling_lineanchorclipping":null,"auxiliary_storage_labeling_lineanchortype":null,"auxiliary_storage_labeling_lineanchortextpoint":null},"geometry":{"type":"MultiPolygon","coordinates":[[[[140.262805496835739,35.74007471126032],[140.263300069835736,35.740504432260323],[140.263609396835733,35.740275093260323],[140.262955319835754,35.73970592026032],[140.262805496835739,35.74007471126032]]]]}},
{"type":"Feature","properties":{"fid":35,"polygon_uuid":"39b94a40-4a9b-474a-97c1-aeb2b2c2e47b","Adress":"印旛沼新田268,印旛沼新田269","Tiban":"268,269","group":"11班","geometry_ID":"c776af1e44","area":18.0,"auxiliary_storage_labeling_positionx":null,"auxiliary_storage_labeling_positiony":null,"auxiliary_storage_labeling_lineanchorpercent":null,"auxiliary_storage_labeling_lineanchorclipping":null,"auxiliary_storage_labeling_lineanchortype":null,"auxiliary_storage_labeling_lineanchortextpoint":null},"geometry":{"type":"MultiPolygon","coordinates":[[[[140.262681678835747,35.74037949126032],[140.263047269835738,35.740691861260323],[140.263300069835736,35.740504432260323],[140.262805496835739,35.74007471126032],[140.262681678835747,35.74037949126032]]]]}},
{"type":"Feature","properties":{"fid":36,"polygon_uuid":"983df504-0a04-4091-8ede-cf4b59e29f6d","Adress":"印旛沼新田278","Tiban":"278","group":"11班","geometry_ID":"e44e55aeb1","area":30.0,"auxiliary_storage_labeling_positionx":null,"auxiliary_storage_labeling_positiony":null,"auxiliary_storage_labeling_lineanchorpercent":null,"auxiliary_storage_labeling_lineanchorclipping":null,"auxiliary_storage_labeling_lineanchortype":null,"auxiliary_storage_labeling_lineanchortextpoint":null},"geometry":{"type":"MultiPolygon","coordinates":[[[[140.264242023835749,35.73851867826032],[140.26500338683573,35.73921608226032],[140.265239826835739,35.739037547260324],[140.264483241835734,35.738342985260324],[140.264242023835749,35.73851867826032]]]]}},
{"type":"Feature","properties":{"fid":37,"polygon_uuid":"79f0c857-47c6-43d7-965d-138e2737080e","Adress":"印旛沼新田277","Tiban":"277","group":"11班","geometry_ID":"06b765d5de","area":31.0,"auxiliary_storage_labeling_positionx":null,"auxiliary_storage_labeling_positiony":null,"auxiliary_storage_labeling_lineanchorpercent":null,"auxiliary_storage_labeling_lineanchorclipping":null,"auxiliary_storage_labeling_lineanchortype":null,"auxiliary_storage_labeling_lineanchortextpoint":null},"geometry":{"type":"MultiPolygon","coordinates":[[[[140.264000142835755,35.738704706260322],[140.264761934835747,35.739398402260321],[140.26500338683573,35.73921608226032],[140.264242023835749,35.73851867826032],[140.264000142835755,35.738704706260322]]]]}},
{"type":"Feature","properties":{"fid":38,"polygon_uuid":"d273b024-9510-4ed8-b17a-85452162b1e9","Adress":"印旛沼新田222,印旛沼新田224,印旛沼新田223","Tiban":"222,224,223","group":"11班","geometry_ID":"c9ea6a22ce","area":51.0,"auxiliary_storage_labeling_positionx":null,"auxiliary_storage_labeling_positiony":null,"auxiliary_storage_labeling_lineanchorpercent":null,"auxiliary_storage_labeling_lineanchorclipping":null,"auxiliary_storage_labeling_lineanchortype":null,"auxiliary_storage_labeling_lineanchortextpoint":null},"geometry":{"type":"MultiPolygon","coordinates":[[[[140.265083888835733,35.742240703260322],[140.265784426835751,35.742850953260323],[140.266177615835744,35.742454292260319],[140.265458331835731,35.741858513260325],[140.265083888835733,35.742240703260322]]]]}},
{"type":"Feature","properties":{"fid":39,"polygon_uuid":"9209ea53-d547-46b1-a74f-25529c20fac5","Adress":"印旛沼新田220,印旛沼新田219","Tiban":"220,219","group":"11班","geometry_ID":"d81444dca8","area":31.0,"auxiliary_storage_labeling_positionx":null,"auxiliary_storage_labeling_positiony":null,"auxiliary_storage_labeling_lineanchorpercent":null,"auxiliary_storage_labeling_lineanchorclipping":null,"auxiliary_storage_labeling_lineanchortype":null,"auxiliary_storage_labeling_lineanchortextpoint":null},"geometry":{"type":"MultiPolygon","coordinates":[[[[140.265912060835745,35.741483236260322],[140.265634008835747,35.74168167026032],[140.266323264835734,35.74231166226032],[140.266570606835757,35.742064453260326],[140.265912060835745,35.741483236260322]]]]}},
{"type":"Feature","properties":{"fid":40,"polygon_uuid":"346a3eff-ec62-4700-9db9-5f24438b74fe","Adress":"印旛沼新田238-1","Tiban":"238-1","group":"11班","geometry_ID":"d6cdce9363","area":31.0,"auxiliary_storage_labeling_positionx":null,"auxiliary_storage_labeling_positiony":null,"auxiliary_storage_labeling_lineanchorpercent":null,"auxiliary_storage_labeling_lineanchorclipping":null,"auxiliary_storage_labeling_lineanchortype":null,"auxiliary_storage_labeling_lineanchortextpoint":null},"geometry":{"type":"MultiPolygon","coordinates":[[[[140.264348972835734,35.741038539260323],[140.265126377835742,35.741722484260322],[140.265373109835735,35.741536836260323],[140.264594143835751,35.740856767260325],[140.264348972835734,35.741038539260323]]]]}},
{"type":"Feature","properties":{"fid":41,"polygon_uuid":"aaff8916-3984-44e3-b22e-8a62b5a8d35e","Adress":"印旛沼新田237-1","Tiban":"237-1","group":"11班","geometry_ID":"bbef8e0c12","area":30.0,"auxiliary_storage_labeling_positionx":null,"auxiliary_storage_labeling_positiony":null,"auxiliary_storage_labeling_lineanchorpercent":null,"auxiliary_storage_labeling_lineanchorclipping":null,"auxiliary_storage_labeling_lineanchortype":null,"auxiliary_storage_labeling_lineanchortextpoint":null},"geometry":{"type":"MultiPolygon","coordinates":[[[[140.264115737835738,35.741222192260324],[140.264887452835751,35.741902254260324],[140.265126377835742,35.741722484260322],[140.264348972835734,35.741038539260323],[140.264115737835738,35.741222192260324]]]]}},
{"type":"Feature","properties":{"fid":42,"polygon_uuid":"cc09db4a-2d86-4a0c-a1a5-ff16527fcfc0","Adress":"印旛沼新田240","Tiban":"240","group":"11班","geometry_ID":"6f885e21ac","area":31.0,"auxiliary_storage_labeling_positionx":null,"auxiliary_storage_labeling_positiony":null,"auxiliary_storage_labeling_lineanchorpercent":null,"auxiliary_storage_labeling_lineanchorclipping":null,"auxiliary_storage_labeling_lineanchortype":null,"auxiliary_storage_labeling_lineanchortextpoint":null},"geometry":{"type":"MultiPolygon","coordinates":[[[[140.264839267835754,35.740666515260322],[140.26561506683575,35.741354782260323],[140.265860080835751,35.741170426260325],[140.265085615835744,35.740484024260326],[140.264839267835754,35.740666515260322]]]]}},
{"type":"Feature","properties":{"fid":43,"polygon_uuid":"9d774565-ca5a-4980-9ac6-72629c144a1e","Adress":"印旛沼新田239-1","Tiban":"239-1","group":"11班","geometry_ID":"50f6496ec6","area":31.0,"auxiliary_storage_labeling_positionx":null,"auxiliary_storage_labeling_positiony":null,"auxiliary_storage_labeling_lineanchorpercent":null,"auxiliary_storage_labeling_lineanchorclipping":null,"auxiliary_storage_labeling_lineanchortype":null,"auxiliary_storage_labeling_lineanchortextpoint":null},"geometry":{"type":"MultiPolygon","coordinates":[[[[140.264594143835751,35.740856767260325],[140.265373109835735,35.741536836260323],[140.26561506683575,35.741354782260323],[140.264839267835754,35.740666515260322],[140.264594143835751,35.740856767260325]]]]}},
{"type":"Feature","properties":{"fid":44,"polygon_uuid":"1d06559f-896b-40fe-89fb-b1542c294f3d","Adress":"印旛沼新田242","Tiban":"242","group":"11班","geometry_ID":"200e20b49a","area":30.0,"auxiliary_storage_labeling_positionx":null,"auxiliary_storage_labeling_positiony":null,"auxiliary_storage_labeling_lineanchorpercent":null,"auxiliary_storage_labeling_lineanchorclipping":null,"auxiliary_storage_labeling_lineanchortype":null,"auxiliary_storage_labeling_lineanchortextpoint":null},"geometry":{"type":"MultiPolygon","coordinates":[[[[140.26532617883575,35.740300293260326],[140.266099988835748,35.740983286260324],[140.266331566835731,35.740802643260324],[140.265572840835745,35.740118433260321],[140.26532617883575,35.740300293260326]]]]}},
{"type":"Feature","properties":{"fid":45,"polygon_uuid":"d29e0349-aeb1-4e82-8a82-d1a4356466a6","Adress":"印旛沼新田241","Tiban":"241","group":"11班","geometry_ID":"2f5dd1b9ea","area":31.0,"auxiliary_storage_labeling_positionx":null,"auxiliary_storage_labeling_positiony":null,"auxiliary_storage_labeling_lineanchorpercent":null,"auxiliary_storage_labeling_lineanchorclipping":null,"auxiliary_storage_labeling_lineanchortype":null,"auxiliary_storage_labeling_lineanchortextpoint":null},"geometry":{"type":"MultiPolygon","coordinates":[[[[140.265085615835744,35.740484024260326],[140.265860080835751,35.741170426260325],[140.266099988835748,35.740983286260324],[140.26532617883575,35.740300293260326],[140.265085615835744,35.740484024260326]]]]}},
{"type":"Feature","properties":{"fid":46,"polygon_uuid":"816e7009-cb9e-4647-99b5-4c14cee4b12c","Adress":"柏木土手下175-6,柏木土手下175-5","Tiban":"175-6,175-5","group":"11班","geometry_ID":"6bcc26300b","area":21.0,"auxiliary_storage_labeling_positionx":null,"auxiliary_storage_labeling_positiony":null,"auxiliary_storage_labeling_lineanchorpercent":null,"auxiliary_storage_labeling_lineanchorclipping":null,"auxiliary_storage_labeling_lineanchortype":null,"auxiliary_storage_labeling_lineanchortextpoint":null},"geometry":{"type":"MultiPolygon","coordinates":[[[[140.269670316835743,35.74394073426032],[140.26938975683575,35.743916193260326],[140.269280913835729,35.744635913260325],[140.269572177835755,35.744663940260324],[140.269670316835743,35.74394073426032]]]]}},
{"type":"Feature","properties":{"fid":47,"polygon_uuid":"aa784e4a-b2c1-44ae-b769-4deab50a6e6f","Adress":"柏木土手下179-1,柏木土手下179-2","Tiban":"179-1,179-2","group":"11班","geometry_ID":"1657c6f003","area":21.0,"auxiliary_storage_labeling_positionx":null,"auxiliary_storage_labeling_positiony":null,"auxiliary_storage_labeling_lineanchorpercent":null,"auxiliary_storage_labeling_lineanchorclipping":null,"auxiliary_storage_labeling_lineanchortype":null,"auxiliary_storage_labeling_lineanchortextpoint":null},"geometry":{"type":"MultiPolygon","coordinates":[[[[140.270509338835751,35.744014119260321],[140.270235246835739,35.74399014726032],[140.270130782835736,35.74471769326032],[140.270410956835747,35.744744652260323],[140.270509338835751,35.744014119260321]]]]}},
{"type":"Feature","properties":{"fid":48,"polygon_uuid":"15247e86-faf9-41cc-9267-caaca8889c25","Adress":"柏木土手下178-3,柏木土手下178-2","Tiban":"178-3,178-2","group":"11班","geometry_ID":"487ebc79f2","area":21.0,"auxiliary_storage_labeling_positionx":null,"auxiliary_storage_labeling_positiony":null,"auxiliary_storage_labeling_lineanchorpercent":null,"auxiliary_storage_labeling_lineanchorclipping":null,"auxiliary_storage_labeling_lineanchortype":null,"auxiliary_storage_labeling_lineanchortextpoint":null},"geometry":{"type":"MultiPolygon","coordinates":[[[[140.270235246835739,35.74399014726032],[140.269944791835741,35.743964742260324],[140.269847191835737,35.744690405260322],[140.270130782835736,35.74471769326032],[140.270235246835739,35.74399014726032]]]]}},
{"type":"Feature","properties":{"fid":49,"polygon_uuid":"3a646ef0-dc05-4bcf-9932-dd9af82fbe3b","Adress":"柏木土手下181-2","Tiban":"181-2","group":"11班","geometry_ID":"5f6ed32047","area":11.0,"auxiliary_storage_labeling_positionx":null,"auxiliary_storage_labeling_positiony":null,"auxiliary_storage_labeling_lineanchorpercent":null,"auxiliary_storage_labeling_lineanchorclipping":null,"auxiliary_storage_labeling_lineanchortype":null,"auxiliary_storage_labeling_lineanchortextpoint":null},"geometry":{"type":"MultiPolygon","coordinates":[[[[140.271119112835748,35.744297835260326],[140.271343251835731,35.744088687260323],[140.271316194835748,35.744078837260325],[140.270781681835729,35.74403793826032],[140.270751864835745,35.744255592260323],[140.271119112835748,35.744297835260326]]]]}},
{"type":"Feature","properties":{"fid":50,"polygon_uuid":"eff45b7e-9c77-4cdb-86c6-b92230c138d5","Adress":"柏木土手下180","Tiban":"180","group":"11班","geometry_ID":"a35c3257c4","area":19.0,"auxiliary_storage_labeling_positionx":null,"auxiliary_storage_labeling_positiony":null,"auxiliary_storage_labeling_lineanchorpercent":null,"auxiliary_storage_labeling_lineanchorclipping":null,"auxiliary_storage_labeling_lineanchortype":null,"auxiliary_storage_labeling_lineanchortextpoint":null},"geometry":{"type":"MultiPolygon","coordinates":[[[[140.270699206835729,35.744639960260322],[140.270751864835745,35.744255592260323],[140.270781681835729,35.74403793826032],[140.270509338835751,35.744014119260321],[140.270410956835747,35.744744652260323],[140.270551428835745,35.744758168260326],[140.270699206835729,35.744639960260322]]]]}},
{"type":"Feature","properties":{"fid":51,"polygon_uuid":"d431f1b9-eebc-489c-84b0-390b701d1f4e","Adress":"柏木土手下182-1","Tiban":"182-1","group":"11班","geometry_ID":"26b275ccd2","area":2.0,"auxiliary_storage_labeling_positionx":null,"auxiliary_storage_labeling_positiony":null,"auxiliary_storage_labeling_lineanchorpercent":null,"auxiliary_storage_labeling_lineanchorclipping":null,"auxiliary_storage_labeling_lineanchortype":null,"auxiliary_storage_labeling_lineanchortextpoint":null},"geometry":{"type":"MultiPolygon","coordinates":[[[[140.270141698555392,35.745103616686187],[140.270120371257093,35.745099351226528],[140.270090755835753,35.745098378260323],[140.270033700835739,35.745490637260325],[140.270214211369648,35.745114280335343],[140.270195016801154,35.745114280335343],[140.270165158583524,35.745101483956361],[140.270141698555392,35.745103616686187]]]]}},
{"type":"Feature","properties":{"fid":52,"polygon_uuid":"3f4a8b01-04c1-4465-b75b-352301266ff6","Adress":"柏木土手下185-3,柏木土手下185-4,柏木土手下185-1,柏木土手下185-2","Tiban":"185-3,185-4,185-1,185-2","group":"11班","geometry_ID":"a1aba4cf07","area":25.0,"auxiliary_storage_labeling_positionx":null,"auxiliary_storage_labeling_positiony":null,"auxiliary_storage_labeling_lineanchorpercent":null,"auxiliary_storage_labeling_lineanchorclipping":null,"auxiliary_storage_labeling_lineanchortype":null,"auxiliary_storage_labeling_lineanchortextpoint":null},"geometry":{"type":"MultiPolygon","coordinates":[[[[140.269140397835741,35.745406205260323],[140.269473466835734,35.745437686260324],[140.269563811835752,35.744717319260324],[140.269220635835751,35.744683844260322],[140.269140397835741,35.745406205260323]]]]}},
{"type":"Feature","properties":{"fid":53,"polygon_uuid":"f72a5409-42a1-4a78-82d9-1ccfa528b7e4","Adress":"柏木土手下184-1","Tiban":"184-1","group":"11班","geometry_ID":"ab87f48c99","area":13.0,"auxiliary_storage_labeling_positionx":null,"auxiliary_storage_labeling_positiony":null,"auxiliary_storage_labeling_lineanchorpercent":null,"auxiliary_storage_labeling_lineanchorclipping":null,"auxiliary_storage_labeling_lineanchortype":null,"auxiliary_storage_labeling_lineanchortextpoint":null},"geometry":{"type":"MultiPolygon","coordinates":[[[[140.26984152983573,35.744744408260324],[140.269673042835734,35.744727974260321],[140.269581060835748,35.745447855260323],[140.269763282835754,35.745465078260324],[140.269805854835738,35.745072985260322],[140.26984152983573,35.744744408260324]]]]}},
{"type":"Feature","properties":{"fid":54,"polygon_uuid":"a7a9b3df-5790-43d5-9412-50dae8202c82","Adress":"柏木土手下186","Tiban":"186","group":"11班","geometry_ID":"a2cc958a57","area":18.0,"auxiliary_storage_labeling_positionx":null,"auxiliary_storage_labeling_positiony":null,"auxiliary_storage_labeling_lineanchorpercent":null,"auxiliary_storage_labeling_lineanchorclipping":null,"auxiliary_storage_labeling_lineanchortype":null,"auxiliary_storage_labeling_lineanchortextpoint":null},"geometry":{"type":"MultiPolygon","coordinates":[[[[140.269220635835751,35.744683844260322],[140.269095429835744,35.744671630260321],[140.268761773835735,35.745370416260322],[140.269140397835741,35.745406205260323],[140.269220635835751,35.744683844260322]]]]}},
{"type":"Feature","properties":{"fid":55,"polygon_uuid":"3c6b9cb8-1a48-4ff3-b01d-b6f7dc1095ae","Adress":"柏木土手下216","Tiban":"216","group":"11班","geometry_ID":"681eb0e75c","area":8.0,"auxiliary_storage_labeling_positionx":null,"auxiliary_storage_labeling_positiony":null,"auxiliary_storage_labeling_lineanchorpercent":null,"auxiliary_storage_labeling_lineanchorclipping":null,"auxiliary_storage_labeling_lineanchortype":null,"auxiliary_storage_labeling_lineanchortextpoint":null},"geometry":{"type":"MultiPolygon","coordinates":[[[[140.269765156835746,35.745493986260321],[140.269700862835748,35.745955760260323],[140.270021730835737,35.74563012926032],[140.270044246835738,35.74552063126032],[140.269765156835746,35.745493986260321]]]]}},
{"type":"Feature","properties":{"fid":56,"polygon_uuid":"2353d526-7192-4430-a30c-05629b6b6608","Adress":"柏木土手下165-2","Tiban":"165-2","group":"11班","geometry_ID":"9e9eb96a94","area":7.0,"auxiliary_storage_labeling_positionx":null,"auxiliary_storage_labeling_positiony":null,"auxiliary_storage_labeling_lineanchorpercent":null,"auxiliary_storage_labeling_lineanchorclipping":null,"auxiliary_storage_labeling_lineanchortype":null,"auxiliary_storage_labeling_lineanchortextpoint":null},"geometry":{"type":"MultiPolygon","coordinates":[[[[140.271629114835747,35.743691239260322],[140.27166866883573,35.743380467260323],[140.271445311835748,35.743365452260321],[140.271409200835734,35.743684522260324],[140.271629114835747,35.743691239260322]]]]}},
{"type":"Feature","properties":{"fid":57,"polygon_uuid":"837aefbf-1df1-4b96-ae53-882d8e18d6ac","Adress":"柏木土手下166-1","Tiban":"166-1","group":"11班","geometry_ID":"0770bf9332","area":20.0,"auxiliary_storage_labeling_positionx":null,"auxiliary_storage_labeling_positiony":null,"auxiliary_storage_labeling_lineanchorpercent":null,"auxiliary_storage_labeling_lineanchorclipping":null,"auxiliary_storage_labeling_lineanchortype":null,"auxiliary_storage_labeling_lineanchortextpoint":null},"geometry":{"type":"MultiPolygon","coordinates":[[[[140.271367619835729,35.744068505260323],[140.271409200835734,35.743684522260324],[140.271445311835748,35.743365452260321],[140.27117337583573,35.743342898260323],[140.271087393835757,35.744039650260326],[140.271367619835729,35.744068505260323]]]]}},
{"type":"Feature","properties":{"fid":58,"polygon_uuid":"ea473466-00a7-46b6-826d-a300cc0990ec","Adress":"柏木土手下167-2,柏木土手下167-1","Tiban":"167-2,167-1","group":"11班","geometry_ID":"513f5d8fac","area":20.0,"auxiliary_storage_labeling_positionx":null,"auxiliary_storage_labeling_positiony":null,"auxiliary_storage_labeling_lineanchorpercent":null,"auxiliary_storage_labeling_lineanchorclipping":null,"auxiliary_storage_labeling_lineanchortype":null,"auxiliary_storage_labeling_lineanchortextpoint":null},"geometry":{"type":"MultiPolygon","coordinates":[[[[140.270898999835737,35.743317978260322],[140.270798455835745,35.744014980260324],[140.271087393835757,35.744039650260326],[140.27117337583573,35.743342898260323],[140.270898999835737,35.743317978260322]]]]}},
{"type":"Feature","properties":{"fid":59,"polygon_uuid":"6dfe2d06-26b0-491f-8cda-9703104ff963","Adress":"柏木土手下169-1,柏木土手下169-2,柏木土手下170-1","Tiban":"169-1,169-2,170-1","group":"11班","geometry_ID":"304addae83","area":29.0,"auxiliary_storage_labeling_positionx":null,"auxiliary_storage_labeling_positiony":null,"auxiliary_storage_labeling_lineanchorpercent":null,"auxiliary_storage_labeling_lineanchorclipping":null,"auxiliary_storage_labeling_lineanchortype":null,"auxiliary_storage_labeling_lineanchortextpoint":null},"geometry":{"type":"MultiPolygon","coordinates":[[[[140.270194866835737,35.743257223260322],[140.270111304835751,35.743954164260323],[140.270511943835743,35.743990300260322],[140.270602739835738,35.743285420260321],[140.270194866835737,35.743257223260322]]]]}},
{"type":"Feature","properties":{"fid":60,"polygon_uuid":"333435dc-ff61-45bd-923a-8eef5f19bcb0","Adress":"柏木土手下172-2,柏木土手下172-1","Tiban":"172-2,172-1","group":"11班","geometry_ID":"706585dced","area":16.0,"auxiliary_storage_labeling_positionx":null,"auxiliary_storage_labeling_positiony":null,"auxiliary_storage_labeling_lineanchorpercent":null,"auxiliary_storage_labeling_lineanchorclipping":null,"auxiliary_storage_labeling_lineanchortype":null,"auxiliary_storage_labeling_lineanchortextpoint":null},"geometry":{"type":"MultiPolygon","coordinates":[[[[140.269527223835752,35.743212161260324],[140.269446019835755,35.743897419260321],[140.26967182483574,35.743915990260319],[140.269767567835743,35.743227118260322],[140.269527223835752,35.743212161260324]]]]}},
{"type":"Feature","properties":{"fid":61,"polygon_uuid":"7180ef03-f64b-4832-a97c-4713f7a768d9","Adress":"上岩橋大鷲178-1","Tiban":"178-1","group":"11班","geometry_ID":"9318876033","area":7.0,"auxiliary_storage_labeling_positionx":null,"auxiliary_storage_labeling_positiony":null,"auxiliary_storage_labeling_lineanchorpercent":null,"auxiliary_storage_labeling_lineanchorclipping":null,"auxiliary_storage_labeling_lineanchortype":null,"auxiliary_storage_labeling_lineanchortextpoint":null},"geometry":{"type":"MultiPolygon","coordinates":[[[[140.270434862835742,35.741624606260324],[140.27073163183573,35.741395608260326],[140.270733995835741,35.741383717260319],[140.27061675683575,35.741267296260325],[140.270578063835757,35.741299124260323],[140.27050792183573,35.741354832260321],[140.270454695835753,35.741394634260324],[140.270396645835746,35.741440395260319],[140.270355500835734,35.74146827026032],[140.270303823835746,35.741501793260326],[140.270434862835742,35.741624606260324]]]]}},
{"type":"Feature","properties":{"fid":62,"polygon_uuid":"62a5cdbb-a643-4482-b5ac-63b0eb3f4455","Adress":"上岩橋大鷲166","Tiban":"166","group":"11班","geometry_ID":"ac5d7c92bb","area":6.0,"auxiliary_storage_labeling_positionx":null,"auxiliary_storage_labeling_positiony":null,"auxiliary_storage_labeling_lineanchorpercent":null,"auxiliary_storage_labeling_lineanchorclipping":null,"auxiliary_storage_labeling_lineanchortype":null,"auxiliary_storage_labeling_lineanchortextpoint":null},"geometry":{"type":"MultiPolygon","coordinates":[[[[140.271424181835755,35.741536604260325],[140.271184279835751,35.741711826260321],[140.271520900835753,35.742004553260323],[140.271424181835755,35.741536604260325]]]]}},
{"type":"Feature","properties":{"fid":63,"polygon_uuid":"f4f31dbc-381c-4e62-9081-3ab1ccb73b20","Adress":"上岩橋大鷲171-2,上岩橋大鷲171-6","Tiban":"171-2,171-6","group":"11班","geometry_ID":"7728ea83d8","area":21.0,"auxiliary_storage_labeling_positionx":null,"auxiliary_storage_labeling_positiony":null,"auxiliary_storage_labeling_lineanchorpercent":null,"auxiliary_storage_labeling_lineanchorclipping":null,"auxiliary_storage_labeling_lineanchortype":null,"auxiliary_storage_labeling_lineanchortextpoint":null},"geometry":{"type":"MultiPolygon","coordinates":[[[[140.270129142835742,35.740844436260325],[140.270006763835738,35.740734985260325],[140.26903319683575,35.741458522260324],[140.269168642835751,35.741577401260322],[140.270129142835742,35.740844436260325]]]]}},
{"type":"Feature","properties":{"fid":64,"polygon_uuid":"7b3f803f-ebf0-453f-ad60-eb8051184f78","Adress":"上岩橋大鷲161-1","Tiban":"161-1","group":"11班","geometry_ID":"7ade07d0df","area":11.0,"auxiliary_storage_labeling_positionx":null,"auxiliary_storage_labeling_positiony":null,"auxiliary_storage_labeling_lineanchorpercent":null,"auxiliary_storage_labeling_lineanchorclipping":null,"auxiliary_storage_labeling_lineanchortype":null,"auxiliary_storage_labeling_lineanchortextpoint":null},"geometry":{"type":"MultiPolygon","coordinates":[[[[140.270644441835742,35.741229516260326],[140.271081524835751,35.74162039526032],[140.271120596835743,35.74165788226032],[140.271137622835738,35.741661781260326],[140.271178842835752,35.741647768260322],[140.271219964835751,35.74161593126032],[140.271273201835754,35.741578109260324],[140.270796899835744,35.741133138260324],[140.270644441835742,35.741229516260326]]]]}},
{"type":"Feature","properties":{"fid":65,"polygon_uuid":"46f95ff0-9a8e-4719-8dfa-ab29f687ce56","Adress":"中川西方580-2,中川西方580-1","Tiban":"580-2,580-1","group":"11班","geometry_ID":"510471f4e9","area":21.0,"auxiliary_storage_labeling_positionx":null,"auxiliary_storage_labeling_positiony":null,"auxiliary_storage_labeling_lineanchorpercent":null,"auxiliary_storage_labeling_lineanchorclipping":null,"auxiliary_storage_labeling_lineanchortype":null,"auxiliary_storage_labeling_lineanchortextpoint":null},"geometry":{"type":"MultiPolygon","coordinates":[[[[140.268277692683569,35.740222331285878],[140.268689309540918,35.739904554541091],[140.268656649540901,35.739881936541089],[140.268672684540917,35.739872673541093],[140.268530364835755,35.739769080260324],[140.267720357835742,35.740397277260321],[140.26783071236656,35.740508284571007],[140.267861810366554,35.740535842571006],[140.268277692683569,35.740222331285878]]]]}},
{"type":"Feature","properties":{"fid":66,"polygon_uuid":"22afc6b1-5d1b-415e-9bb8-c8ca1c40498c","Adress":"中川西方584-2,中川西方585","Tiban":"584-2,585","group":"11班","geometry_ID":"0d295bfd4b","area":11.0,"auxiliary_storage_labeling_positionx":null,"auxiliary_storage_labeling_positiony":null,"auxiliary_storage_labeling_lineanchorpercent":null,"auxiliary_storage_labeling_lineanchorclipping":null,"auxiliary_storage_labeling_lineanchortype":null,"auxiliary_storage_labeling_lineanchortextpoint":null},"geometry":{"type":"MultiPolygon","coordinates":[[[[140.269197460835755,35.739950887260321],[140.269231360835732,35.73993095926032],[140.269270327835756,35.739949303260325],[140.269376805835748,35.739874980260325],[140.26892924583575,35.739468628260326],[140.268887285835746,35.739495186260321],[140.268838890835752,35.739529689260323],[140.268806645835753,35.739556212260325],[140.268776028835731,35.739584049260323],[140.269197460835755,35.739950887260321]]]]}},
{"type":"Feature","properties":{"fid":67,"polygon_uuid":"371663ab-338e-4ae8-98e7-6d7bdd8e70ee","Adress":"本佐倉東山868","Tiban":"868","group":"1班","geometry_ID":"9c268c8d15","area":11.0,"auxiliary_storage_labeling_positionx":null,"auxiliary_storage_labeling_positiony":null,"auxiliary_storage_labeling_lineanchorpercent":null,"auxiliary_storage_labeling_lineanchorclipping":null,"auxiliary_storage_labeling_lineanchortype":null,"auxiliary_storage_labeling_lineanchortextpoint":null},"geometry":{"type":"MultiPolygon","coordinates":[[[[140.262457636835734,35.729304655260322],[140.262691560835748,35.729293927260322],[140.262647515835738,35.728837609260324],[140.262415363835743,35.728855396260322],[140.262457636835734,35.729304655260322]]]]}},
{"type":"Feature","properties":{"fid":68,"polygon_uuid":"28d6af60-5ce7-44f5-9a26-eafce25f3fc4","Adress":"本佐倉東山867","Tiban":"867","group":"1班","geometry_ID":"f042067921","area":10.0,"auxiliary_storage_labeling_positionx":null,"auxiliary_storage_labeling_positiony":null,"auxiliary_storage_labeling_lineanchorpercent":null,"auxiliary_storage_labeling_lineanchorclipping":null,"auxiliary_storage_labeling_lineanchortype":null,"auxiliary_storage_labeling_lineanchortextpoint":null},"geometry":{"type":"MultiPolygon","coordinates":[[[[140.262474369835729,35.72932632226032],[140.262492430835749,35.729706940260321],[140.262737656835753,35.72977137926032],[140.262698586835739,35.729314325260326],[140.262474369835729,35.72932632226032]]]]}},
{"type":"Feature","properties":{"fid":69,"polygon_uuid":"c8d86375-ab29-4ddc-b882-1e1224191fd1","Adress":"本佐倉東山870","Tiban":"870","group":"1班","geometry_ID":"22093ca549","area":10.0,"auxiliary_storage_labeling_positionx":null,"auxiliary_storage_labeling_positiony":null,"auxiliary_storage_labeling_lineanchorpercent":null,"auxiliary_storage_labeling_lineanchorclipping":null,"auxiliary_storage_labeling_lineanchortype":null,"auxiliary_storage_labeling_lineanchortextpoint":null},"geometry":{"type":"MultiPolygon","coordinates":[[[[140.261961388835743,35.728878212260319],[140.262005407835744,35.729330292260322],[140.262231219835741,35.729314262260324],[140.262183833835735,35.728863248260325],[140.261961388835743,35.728878212260319]]]]}},
{"type":"Feature","properties":{"fid":70,"polygon_uuid":"39986546-0502-4739-9af9-756731f8b4f3","Adress":"本佐倉東山869","Tiban":"869","group":"1班","geometry_ID":"f9a785a932","area":10.0,"auxiliary_storage_labeling_positionx":null,"auxiliary_storage_labeling_positiony":null,"auxiliary_storage_labeling_lineanchorpercent":null,"auxiliary_storage_labeling_lineanchorclipping":null,"auxiliary_storage_labeling_lineanchortype":null,"auxiliary_storage_labeling_lineanchortextpoint":null},"geometry":{"type":"MultiPolygon","coordinates":[[[[140.262231219835741,35.729314262260324],[140.262457636835734,35.729304655260322],[140.262415363835743,35.728855396260322],[140.262183833835735,35.728863248260325],[140.262231219835741,35.729314262260324]]]]}},
{"type":"Feature","properties":{"fid":71,"polygon_uuid":"cb55da88-0da5-4fdd-a57f-9d396dfa808d","Adress":"本佐倉東山873","Tiban":"873","group":"1班","geometry_ID":"95919996c3","area":6.0,"auxiliary_storage_labeling_positionx":null,"auxiliary_storage_labeling_positiony":null,"auxiliary_storage_labeling_lineanchorpercent":null,"auxiliary_storage_labeling_lineanchorclipping":null,"auxiliary_storage_labeling_lineanchortype":null,"auxiliary_storage_labeling_lineanchortextpoint":null},"geometry":{"type":"MultiPolygon","coordinates":[[[[140.261732063835751,35.728849881260324],[140.261705741835755,35.728659398260326],[140.261676411835737,35.728389854260321],[140.261630033835729,35.728390601260323],[140.261595235835756,35.728554998260321],[140.261554528835745,35.728726398260321],[140.261533713835746,35.728837022260322],[140.261544524835756,35.728857347260323],[140.261732063835751,35.728849881260324]]]]}},
{"type":"Feature","properties":{"fid":72,"polygon_uuid":"0a7c8300-7fb8-4e30-89f9-9ffccfa9e12e","Adress":"本佐倉東山871,本佐倉東山872","Tiban":"871,872","group":"1班","geometry_ID":"f6d69d9f43","area":14.0,"auxiliary_storage_labeling_positionx":null,"auxiliary_storage_labeling_positiony":null,"auxiliary_storage_labeling_lineanchorpercent":null,"auxiliary_storage_labeling_lineanchorclipping":null,"auxiliary_storage_labeling_lineanchortype":null,"auxiliary_storage_labeling_lineanchortextpoint":null},"geometry":{"type":"MultiPolygon","coordinates":[[[[140.261526531835756,35.728910851260324],[140.261535514835742,35.728970175260322],[140.261558394835731,35.729035103260323],[140.261592079835737,35.729105533260324],[140.261665702835757,35.729178049260319],[140.261793476835749,35.729240599260322],[140.261887316835754,35.72928690226032],[140.261966360835743,35.729337463260322],[140.262005407835744,35.729330292260322],[140.261961388835743,35.728878212260319],[140.261526531835756,35.728910851260324]]]]}},
{"type":"Feature","properties":{"fid":73,"polygon_uuid":"3c5b40d3-64e0-4252-97da-1a9e8a187cf4","Adress":"本佐倉東山877","Tiban":"877","group":"1班","geometry_ID":"a0d71f062b","area":11.0,"auxiliary_storage_labeling_positionx":null,"auxiliary_storage_labeling_positiony":null,"auxiliary_storage_labeling_lineanchorpercent":null,"auxiliary_storage_labeling_lineanchorclipping":null,"auxiliary_storage_labeling_lineanchortype":null,"auxiliary_storage_labeling_lineanchortextpoint":null},"geometry":{"type":"MultiPolygon","coordinates":[[[[140.262402617835733,35.728812582260325],[140.262615771835755,35.728802135260324],[140.262640579835733,35.728771015260321],[140.262598092835731,35.728339140260324],[140.262364475835739,35.728353064260325],[140.262402617835733,35.728812582260325]]]]}},
{"type":"Feature","properties":{"fid":74,"polygon_uuid":"b6108e8b-3d91-4f5d-aa41-f6399786bdfc","Adress":"本佐倉東山875,本佐倉東山876","Tiban":"875,876","group":"1班","geometry_ID":"6328d1ffeb","area":21.0,"auxiliary_storage_labeling_positionx":null,"auxiliary_storage_labeling_positiony":null,"auxiliary_storage_labeling_lineanchorpercent":null,"auxiliary_storage_labeling_lineanchorclipping":null,"auxiliary_storage_labeling_lineanchortype":null,"auxiliary_storage_labeling_lineanchortextpoint":null},"geometry":{"type":"MultiPolygon","coordinates":[[[[140.262364475835739,35.728353064260325],[140.26191685583575,35.728379387260325],[140.26195674783574,35.728833081260326],[140.262402617835733,35.728812582260325],[140.262364475835739,35.728353064260325]]]]}},
{"type":"Feature","properties":{"fid":75,"polygon_uuid":"5cb577e8-4817-4492-a4e7-c8ff1fe0a106","Adress":"本佐倉東山881","Tiban":"881","group":"1班","geometry_ID":"9512a8b3fd","area":10.0,"auxiliary_storage_labeling_positionx":null,"auxiliary_storage_labeling_positiony":null,"auxiliary_storage_labeling_lineanchorpercent":null,"auxiliary_storage_labeling_lineanchorclipping":null,"auxiliary_storage_labeling_lineanchortype":null,"auxiliary_storage_labeling_lineanchortextpoint":null},"geometry":{"type":"MultiPolygon","coordinates":[[[[140.261916481835755,35.728359519260323],[140.261875504835729,35.727935265260321],[140.261870044835746,35.727904880260326],[140.261719005835744,35.727904448260325],[140.261702453835738,35.72792293226032],[140.261684753835738,35.728036611260322],[140.261661720835747,35.728195260260321],[140.261651902835752,35.728254761260324],[140.261644149835746,35.72836145926032],[140.261654930835732,35.728375966260323],[140.261916481835755,35.728359519260323]]]]}},
{"type":"Feature","properties":{"fid":76,"polygon_uuid":"fcfcae69-d9c5-4bfb-9e63-e4bd2c62d65c","Adress":"中川拾壱石460","Tiban":"460","group":"11班","geometry_ID":"776ea33249","area":20.0,"auxiliary_storage_labeling_positionx":null,"auxiliary_storage_labeling_positiony":null,"auxiliary_storage_labeling_lineanchorpercent":null,"auxiliary_storage_labeling_lineanchorclipping":null,"auxiliary_storage_labeling_lineanchortype":null,"auxiliary_storage_labeling_lineanchortextpoint":null},"geometry":{"type":"MultiPolygon","coordinates":[[[[140.266818557835734,35.737513522260322],[140.26623214983573,35.736984575260323],[140.266027411835751,35.737138907260324],[140.266625249835755,35.737666849260322],[140.266818557835734,35.737513522260322]]]]}},
{"type":"Feature","properties":{"fid":77,"polygon_uuid":"76b2c967-4535-42fc-80a9-903a48e22f2d","Adress":"中川拾壱石458-2,中川拾壱石458-1","Tiban":"458-2,458-1","group":"11班","geometry_ID":"060c5be406","area":21.0,"auxiliary_storage_labeling_positionx":null,"auxiliary_storage_labeling_positiony":null,"auxiliary_storage_labeling_lineanchorpercent":null,"auxiliary_storage_labeling_lineanchorclipping":null,"auxiliary_storage_labeling_lineanchortype":null,"auxiliary_storage_labeling_lineanchortextpoint":null},"geometry":{"type":"MultiPolygon","coordinates":[[[[140.266860529835753,35.737542216260323],[140.267459363835741,35.738078572260321],[140.267673381835749,35.73791741126032],[140.267060261835752,35.73739112026032],[140.266860529835753,35.737542216260323]]]]}},
{"type":"Feature","properties":{"fid":78,"polygon_uuid":"391fb93c-47a7-436d-9289-b10747fbbcd1","Adress":"中川拾壱石471-3","Tiban":"471-3","group":"11班","geometry_ID":"27408aec6c","area":20.0,"auxiliary_storage_labeling_positionx":null,"auxiliary_storage_labeling_positiony":null,"auxiliary_storage_labeling_lineanchorpercent":null,"auxiliary_storage_labeling_lineanchorclipping":null,"auxiliary_storage_labeling_lineanchortype":null,"auxiliary_storage_labeling_lineanchortextpoint":null},"geometry":{"type":"MultiPolygon","coordinates":[[[[140.267242447835741,35.737201957260325],[140.26664331683574,35.736674636260325],[140.266441136835738,35.736827040260323],[140.267032665835757,35.737360121260323],[140.267242447835741,35.737201957260325]]]]}},
{"type":"Feature","properties":{"fid":79,"polygon_uuid":"33e6928e-57f9-4f7a-ab95-8fc6d6c9bfce","Adress":"中川拾壱石474-1,中川拾壱石473-1,中川拾壱石473-2","Tiban":"474-1,473-1,473-2","group":"11班","geometry_ID":"b88925698b","area":31.0,"auxiliary_storage_labeling_positionx":null,"auxiliary_storage_labeling_positiony":null,"auxiliary_storage_labeling_lineanchorpercent":null,"auxiliary_storage_labeling_lineanchorclipping":null,"auxiliary_storage_labeling_lineanchortype":null,"auxiliary_storage_labeling_lineanchortextpoint":null},"geometry":{"type":"MultiPolygon","coordinates":[[[[140.267159556835736,35.736285486260321],[140.266848781835733,35.736519754260321],[140.267451525835753,35.737050326260324],[140.267764640835736,35.73681197226032],[140.267159556835736,35.736285486260321]]]]}},
{"type":"Feature","properties":{"fid":80,"polygon_uuid":"bcc62899-fec6-4314-adbe-9ef3b3cd496e","Adress":"中川拾壱石491-2,中川拾壱石491-5","Tiban":"491-2,491-5","group":"11班","geometry_ID":"3895fe3cd5","area":22.0,"auxiliary_storage_labeling_positionx":null,"auxiliary_storage_labeling_positiony":null,"auxiliary_storage_labeling_lineanchorpercent":null,"auxiliary_storage_labeling_lineanchorclipping":null,"auxiliary_storage_labeling_lineanchortype":null,"auxiliary_storage_labeling_lineanchortextpoint":null},"geometry":{"type":"MultiPolygon","coordinates":[[[[140.267647640835747,35.735855242260321],[140.26704350083574,35.735324501260322],[140.266822310835749,35.735489427260326],[140.26742735183575,35.73602071626032],[140.267647640835747,35.735855242260321]]]]}},
{"type":"Feature","properties":{"fid":81,"polygon_uuid":"e1c5b0fe-b73b-42d5-8ee2-dcee9bb16dc5","Adress":"中川拾壱石399-1,中川拾壱石401-2,中川拾壱石401-1","Tiban":"399-1,401-2,401-1","group":"11班","geometry_ID":"7c3f38686d","area":32.0,"auxiliary_storage_labeling_positionx":null,"auxiliary_storage_labeling_positiony":null,"auxiliary_storage_labeling_lineanchorpercent":null,"auxiliary_storage_labeling_lineanchorclipping":null,"auxiliary_storage_labeling_lineanchortype":null,"auxiliary_storage_labeling_lineanchortextpoint":null},"geometry":{"type":"MultiPolygon","coordinates":[[[[140.268491368835754,35.737968322260322],[140.268701426835747,35.737816534260325],[140.268986549835745,35.73761050126032],[140.268824368835737,35.737423728260325],[140.268701293835733,35.737213303260326],[140.268112425835739,35.737637172260321],[140.268491368835754,35.737968322260322]]]]}},
{"type":"Feature","properties":{"fid":82,"polygon_uuid":"8e33a284-de7a-4ae2-8e74-880353c52d4d","Adress":"中川拾壱石394-2,中川拾壱石394-1","Tiban":"394-2,394-1","group":"11班","geometry_ID":"8f5dad7710","area":21.0,"auxiliary_storage_labeling_positionx":null,"auxiliary_storage_labeling_positiony":null,"auxiliary_storage_labeling_lineanchorpercent":null,"auxiliary_storage_labeling_lineanchorclipping":null,"auxiliary_storage_labeling_lineanchortype":null,"auxiliary_storage_labeling_lineanchortextpoint":null},"geometry":{"type":"MultiPolygon","coordinates":[[[[140.268732242835739,35.738173635260324],[140.268491368835754,35.737968322260322],[140.268112425835739,35.737637172260321],[140.267904364835744,35.737796038260321],[140.268517887835742,35.738331162260323],[140.268732242835739,35.738173635260324]]]]}},
{"type":"Feature","properties":{"fid":83,"polygon_uuid":"25fc3bac-c2ee-4f62-b2eb-3bcf2d0bc843","Adress":"中川拾壱石407-2,中川拾壱石409-1,中川拾壱石407-3,中川拾壱石410-1,中川拾壱石409-2,中川拾壱石410-2,中川拾壱石408,中川拾壱石407-1","Tiban":"407-2,409-1,407-3,410-1,409-2,410-2,408,407-1","group":"11班","geometry_ID":"5d0c28c4a7","area":40.0,"auxiliary_storage_labeling_positionx":null,"auxiliary_storage_labeling_positiony":null,"auxiliary_storage_labeling_lineanchorpercent":null,"auxiliary_storage_labeling_lineanchorclipping":null,"auxiliary_storage_labeling_lineanchortype":null,"auxiliary_storage_labeling_lineanchortextpoint":null},"geometry":{"type":"MultiPolygon","coordinates":[[[[140.268281843835751,35.73745922226032],[140.267675652835749,35.736925577260322],[140.267281590835751,35.737223686260322],[140.267877058835751,35.73776403726032],[140.268281843835751,35.73745922226032]]]]}},
{"type":"Feature","properties":{"fid":84,"polygon_uuid":"9405a8ab-5ac4-45ec-8827-613a7c303d8f","Adress":"中川拾壱石405-2,中川拾壱石406","Tiban":"405-2,406","group":"11班","geometry_ID":"759e6c7833","area":22.0,"auxiliary_storage_labeling_positionx":null,"auxiliary_storage_labeling_positiony":null,"auxiliary_storage_labeling_lineanchorpercent":null,"auxiliary_storage_labeling_lineanchorclipping":null,"auxiliary_storage_labeling_lineanchortype":null,"auxiliary_storage_labeling_lineanchortextpoint":null},"geometry":{"type":"MultiPolygon","coordinates":[[[[140.267675652835749,35.736925577260322],[140.268281843835751,35.73745922226032],[140.268498682835741,35.737295934260324],[140.267895065835745,35.73675959026032],[140.267675652835749,35.736925577260322]]]]}},
{"type":"Feature","properties":{"fid":85,"polygon_uuid":"54a92277-41a0-4180-aba3-8a712ec6324b","Adress":"中川拾壱石410-6,中川拾壱石457-1,中川拾壱石457-3","Tiban":"410-6,457-1,457-3","group":"11班","geometry_ID":"b4d12c2687","area":21.0,"auxiliary_storage_labeling_positionx":null,"auxiliary_storage_labeling_positiony":null,"auxiliary_storage_labeling_lineanchorpercent":null,"auxiliary_storage_labeling_lineanchorclipping":null,"auxiliary_storage_labeling_lineanchortype":null,"auxiliary_storage_labeling_lineanchortextpoint":null},"geometry":{"type":"MultiPolygon","coordinates":[[[[140.267060261835752,35.73739112026032],[140.267673381835749,35.73791741126032],[140.267877058835751,35.73776403726032],[140.267281590835751,35.737223686260322],[140.267060261835752,35.73739112026032]]]]}},
{"type":"Feature","properties":{"fid":86,"polygon_uuid":"16da715f-61f4-4e88-9fa4-4f5fa7c5feee","Adress":"中川広町5-3,中川広町5-1","Tiban":"5-3,5-1","group":"1班","geometry_ID":"6e21a0e23e","area":9.0,"auxiliary_storage_labeling_positionx":null,"auxiliary_storage_labeling_positiony":null,"auxiliary_storage_labeling_lineanchorpercent":null,"auxiliary_storage_labeling_lineanchorclipping":null,"auxiliary_storage_labeling_lineanchortype":null,"auxiliary_storage_labeling_lineanchortextpoint":null},"geometry":{"type":"MultiPolygon","coordinates":[[[[140.268687920835731,35.734838640260321],[140.268770220835734,35.734700191260323],[140.268249289835751,35.73450306726032],[140.268166710835743,35.734640306260324],[140.268687920835731,35.734838640260321]]]]}},
{"type":"Feature","properties":{"fid":87,"polygon_uuid":"1173ff23-284f-426d-a463-1c3c3ada41e5","Adress":"中川西方571-2,中川西方572-1","Tiban":"571-2,572-1","group":"11班","geometry_ID":"26c4a4f09b","area":20.0,"auxiliary_storage_labeling_positionx":null,"auxiliary_storage_labeling_positiony":null,"auxiliary_storage_labeling_lineanchorpercent":null,"auxiliary_storage_labeling_lineanchorclipping":null,"auxiliary_storage_labeling_lineanchortype":null,"auxiliary_storage_labeling_lineanchortextpoint":null},"geometry":{"type":"MultiPolygon","coordinates":[[[[140.267795512835733,35.739141897260325],[140.266988140835736,35.739748625260326],[140.267136433835731,35.739882036260326],[140.267943252835749,35.739270293260326],[140.267795512835733,35.739141897260325]]]]}},
{"type":"Feature","properties":{"fid":88,"polygon_uuid":"019fcc3e-8029-4353-bf93-eee11da0aa1e","Adress":"中川西方574-2","Tiban":"574-2","group":"11班","geometry_ID":"0f492ba1e6","area":2.0,"auxiliary_storage_labeling_positionx":null,"auxiliary_storage_labeling_positiony":null,"auxiliary_storage_labeling_lineanchorpercent":null,"auxiliary_storage_labeling_lineanchorclipping":null,"auxiliary_storage_labeling_lineanchortype":null,"auxiliary_storage_labeling_lineanchortextpoint":null},"geometry":{"type":"MultiPolygon","coordinates":[[[[140.267279605835739,35.740010840260325],[140.267210095835736,35.739948306260324],[140.267018272835742,35.740106135260326],[140.267081898835755,35.740161504260321],[140.267279605835739,35.740010840260325]]]]}},
{"type":"Feature","properties":{"fid":89,"polygon_uuid":"a31955d0-3e31-4a57-9734-6aed0a519933","Adress":"中川西方533","Tiban":"533","group":"11班","geometry_ID":"2129163980","area":14.0,"auxiliary_storage_labeling_positionx":null,"auxiliary_storage_labeling_positiony":null,"auxiliary_storage_labeling_lineanchorpercent":null,"auxiliary_storage_labeling_lineanchorclipping":null,"auxiliary_storage_labeling_lineanchortype":null,"auxiliary_storage_labeling_lineanchortextpoint":null},"geometry":{"type":"MultiPolygon","coordinates":[[[[140.266103515835738,35.739084416260326],[140.265503077835746,35.738545371260322],[140.26536170983573,35.738651195260324],[140.265954006835756,35.739194576260324],[140.266103515835738,35.739084416260326]]]]}},
{"type":"Feature","properties":{"fid":90,"polygon_uuid":"0c291c10-dbae-4690-97ec-26a380637c15","Adress":"中川西方563-2","Tiban":"563-2","group":"11班","geometry_ID":"af2606686d","area":11.0,"auxiliary_storage_labeling_positionx":null,"auxiliary_storage_labeling_positiony":null,"auxiliary_storage_labeling_lineanchorpercent":null,"auxiliary_storage_labeling_lineanchorclipping":null,"auxiliary_storage_labeling_lineanchortype":null,"auxiliary_storage_labeling_lineanchortextpoint":null},"geometry":{"type":"MultiPolygon","coordinates":[[[[140.266325935394974,35.739147770651186],[140.267029484193785,35.738605569043564],[140.266935835835739,35.73852305426032],[140.266230272045988,35.739059993528095],[140.266325935394974,35.739147770651186]]]]}},
{"type":"Feature","properties":{"fid":91,"polygon_uuid":"47b386fa-8023-462c-be7c-d21f70f7eb89","Adress":"中川西方520","Tiban":"520","group":"11班","geometry_ID":"0e10d26843","area":22.0,"auxiliary_storage_labeling_positionx":null,"auxiliary_storage_labeling_positiony":null,"auxiliary_storage_labeling_lineanchorpercent":null,"auxiliary_storage_labeling_lineanchorclipping":null,"auxiliary_storage_labeling_lineanchortype":null,"auxiliary_storage_labeling_lineanchortextpoint":null},"geometry":{"type":"MultiPolygon","coordinates":[[[[140.265903083835752,35.737786994260325],[140.266154205835733,35.738002884260325],[140.266371781835744,35.737849472260322],[140.265764848835744,35.737306741260326],[140.265541626835756,35.737476661260324],[140.265903083835752,35.737786994260325]]]]}},
{"type":"Feature","properties":{"fid":92,"polygon_uuid":"1060fce5-9b87-42d1-835f-3ac7de850363","Adress":"中川拾壱石492-4,中川拾壱石492-2,中川拾壱石492-6,中川拾壱石492-5,中川拾壱石493","Tiban":"492-4,492-2,492-6,492-5,493","group":"11班","geometry_ID":"72c4dc5ef6","area":31.0,"auxiliary_storage_labeling_positionx":null,"auxiliary_storage_labeling_positiony":null,"auxiliary_storage_labeling_lineanchorpercent":null,"auxiliary_storage_labeling_lineanchorclipping":null,"auxiliary_storage_labeling_lineanchortype":null,"auxiliary_storage_labeling_lineanchortextpoint":null},"geometry":{"type":"MultiPolygon","coordinates":[[[[140.26672824183575,35.735559567260324],[140.266409797835735,35.73579700626032],[140.267025225835738,35.736322778260323],[140.267334957835743,35.736090119260325],[140.26672824183575,35.735559567260324]]]]}},
{"type":"Feature","properties":{"fid":93,"polygon_uuid":"fc2e97be-04ed-458b-b1b7-e0b045c40c03","Adress":"中川拾壱石494-2,中川拾壱石494-8","Tiban":"494-2,494-8","group":"11班","geometry_ID":"0b8cdc6248","area":7.0,"auxiliary_storage_labeling_positionx":null,"auxiliary_storage_labeling_positiony":null,"auxiliary_storage_labeling_lineanchorpercent":null,"auxiliary_storage_labeling_lineanchorclipping":null,"auxiliary_storage_labeling_lineanchortype":null,"auxiliary_storage_labeling_lineanchortextpoint":null},"geometry":{"type":"MultiPolygon","coordinates":[[[[140.266818386835752,35.736478145260321],[140.266317544835744,35.736044228260326],[140.266275208835737,35.73615768226032],[140.266724299835744,35.736548819260321],[140.266818386835752,35.736478145260321]]]]}},
{"type":"Feature","properties":{"fid":94,"polygon_uuid":"b6de99c8-ef3a-4884-adfb-fdfae80978bc","Adress":"中川拾壱石494-7,中川拾壱石494-1","Tiban":"494-7,494-1","group":"11班","geometry_ID":"6decc54daf","area":18.0,"auxiliary_storage_labeling_positionx":null,"auxiliary_storage_labeling_positiony":null,"auxiliary_storage_labeling_lineanchorpercent":null,"auxiliary_storage_labeling_lineanchorclipping":null,"auxiliary_storage_labeling_lineanchortype":null,"auxiliary_storage_labeling_lineanchortextpoint":null},"geometry":{"type":"MultiPolygon","coordinates":[[[[140.267025225835738,35.736322778260323],[140.266409797835735,35.73579700626032],[140.266317544835744,35.736044228260326],[140.266818386835752,35.736478145260321],[140.267025225835738,35.736322778260323]]]]}},
{"type":"Feature","properties":{"fid":95,"polygon_uuid":"ec143e9d-3cd6-4d06-80c9-f108d502c498","Adress":"中川拾壱石495-2,中川拾壱石495-3,中川拾壱石494-4","Tiban":"495-2,495-3,494-4","group":"11班","geometry_ID":"76bb3bcb37","area":19.0,"auxiliary_storage_labeling_positionx":null,"auxiliary_storage_labeling_positiony":null,"auxiliary_storage_labeling_lineanchorpercent":null,"auxiliary_storage_labeling_lineanchorclipping":null,"auxiliary_storage_labeling_lineanchortype":null,"auxiliary_storage_labeling_lineanchortextpoint":null},"geometry":{"type":"MultiPolygon","coordinates":[[[[140.266724299835744,35.736548819260321],[140.266275208835737,35.73615768226032],[140.266124558835742,35.73656139226032],[140.26640209483574,35.736790842260326],[140.266724299835744,35.736548819260321]]]]}},
{"type":"Feature","properties":{"fid":96,"polygon_uuid":"528a0d82-31e4-435c-9e4c-8d47af4fdaa7","Adress":"中川拾壱石499-3","Tiban":"499-3","group":"11班","geometry_ID":"76fee659bf","area":10.0,"auxiliary_storage_labeling_positionx":null,"auxiliary_storage_labeling_positiony":null,"auxiliary_storage_labeling_lineanchorpercent":null,"auxiliary_storage_labeling_lineanchorclipping":null,"auxiliary_storage_labeling_lineanchortype":null,"auxiliary_storage_labeling_lineanchortextpoint":null},"geometry":{"type":"MultiPolygon","coordinates":[[[[140.265978609925696,35.73710428027325],[140.26640209483574,35.736790842260326],[140.266124558835742,35.73656139226032],[140.266042917835733,35.736780172260325],[140.265978609925696,35.73710428027325]]]]}},
{"type":"Feature","properties":{"fid":97,"polygon_uuid":"3412d928-9cf5-4bc9-af73-c925c708b754","Adress":"酒々井川場410-2,酒々井川場410-3","Tiban":"410-2,410-3","group":"11班","geometry_ID":"e28663105e","area":21.0,"auxiliary_storage_labeling_positionx":null,"auxiliary_storage_labeling_positiony":null,"auxiliary_storage_labeling_lineanchorpercent":null,"auxiliary_storage_labeling_lineanchorclipping":null,"auxiliary_storage_labeling_lineanchortype":null,"auxiliary_storage_labeling_lineanchortextpoint":null},"geometry":{"type":"MultiPolygon","coordinates":[[[[140.263408589835734,35.735781965260323],[140.263489109835746,35.735562819260323],[140.262632761835732,35.735349004260321],[140.262550862835752,35.735569448260321],[140.263408589835734,35.735781965260323]]]]}},
{"type":"Feature","properties":{"fid":98,"polygon_uuid":"1d225cd3-2054-47dc-b68d-e914681db167","Adress":"酒々井川場417","Tiban":"417","group":"11班","geometry_ID":"94dbe7f449","area":15.0,"auxiliary_storage_labeling_positionx":null,"auxiliary_storage_labeling_positiony":null,"auxiliary_storage_labeling_lineanchorpercent":null,"auxiliary_storage_labeling_lineanchorclipping":null,"auxiliary_storage_labeling_lineanchortype":null,"auxiliary_storage_labeling_lineanchortextpoint":null},"geometry":{"type":"MultiPolygon","coordinates":[[[[140.262862756364655,35.73472993181219],[140.26371946131016,35.734935870501005],[140.263776777835744,35.734779873260322],[140.262920384835752,35.73457481426032],[140.262862756364655,35.73472993181219]]]]}},
{"type":"Feature","properties":{"fid":99,"polygon_uuid":"d3b02767-459a-40ac-8859-5b5a2ca35a26","Adress":"酒々井川場420,酒々井川場421-1","Tiban":"420,421-1","group":"11班","geometry_ID":"261ab73e72","area":28.0,"auxiliary_storage_labeling_positionx":null,"auxiliary_storage_labeling_positiony":null,"auxiliary_storage_labeling_lineanchorpercent":null,"auxiliary_storage_labeling_lineanchorclipping":null,"auxiliary_storage_labeling_lineanchortype":null,"auxiliary_storage_labeling_lineanchortextpoint":null},"geometry":{"type":"MultiPolygon","coordinates":[[[[140.263893880835752,35.734461147260326],[140.264004320835738,35.734160557260324],[140.263151653835735,35.73395229626032],[140.263040218835755,35.734252251260322],[140.263893880835752,35.734461147260326]]]]}},
{"type":"Feature","properties":{"fid":100,"polygon_uuid":"47216a46-5ed0-4cd7-9d96-4e071394db6b","Adress":"酒々井川場419","Tiban":"419","group":"11班","geometry_ID":"f76ea0051d","area":21.0,"auxiliary_storage_labeling_positionx":null,"auxiliary_storage_labeling_positiony":null,"auxiliary_storage_labeling_lineanchorpercent":null,"auxiliary_storage_labeling_lineanchorclipping":null,"auxiliary_storage_labeling_lineanchortype":null,"auxiliary_storage_labeling_lineanchortextpoint":null},"geometry":{"type":"MultiPolygon","coordinates":[[[[140.262956082835728,35.734478723260324],[140.263810044835736,35.734689326260323],[140.263893880835752,35.734461147260326],[140.263040218835755,35.734252251260322],[140.262956082835728,35.734478723260324]]]]}},
{"type":"Feature","properties":{"fid":101,"polygon_uuid":"54e1dadb-4481-4795-8adb-c0d821b6a8d5","Adress":"酒々井川場421-3,酒々井川場421-2","Tiban":"421-3,421-2","group":"11班","geometry_ID":"4556ee9872","area":6.0,"auxiliary_storage_labeling_positionx":null,"auxiliary_storage_labeling_positiony":null,"auxiliary_storage_labeling_lineanchorpercent":null,"auxiliary_storage_labeling_lineanchorclipping":null,"auxiliary_storage_labeling_lineanchortype":null,"auxiliary_storage_labeling_lineanchortextpoint":null},"geometry":{"type":"MultiPolygon","coordinates":[[[[140.264004320835738,35.734160557260324],[140.264028806835739,35.734093911260324],[140.263178159835746,35.733880950260321],[140.263151653835735,35.73395229626032],[140.264004320835738,35.734160557260324]]]]}},
{"type":"Feature","properties":{"fid":102,"polygon_uuid":"e1c81c80-2c5b-4cb3-96a7-bad95be1e885","Adress":"酒々井川場422-2,酒々井川場426","Tiban":"422-2,426","group":"11班","geometry_ID":"f623d69012","area":26.0,"auxiliary_storage_labeling_positionx":null,"auxiliary_storage_labeling_positiony":null,"auxiliary_storage_labeling_lineanchorpercent":null,"auxiliary_storage_labeling_lineanchorclipping":null,"auxiliary_storage_labeling_lineanchortype":null,"auxiliary_storage_labeling_lineanchortextpoint":null},"geometry":{"type":"MultiPolygon","coordinates":[[[[140.264783191835733,35.734684377260322],[140.264891133835732,35.734400510260322],[140.264027509835756,35.734193893260326],[140.26392516583573,35.73447141826032],[140.264783191835733,35.734684377260322]]]]}},
{"type":"Feature","properties":{"fid":103,"polygon_uuid":"309c51c0-1806-435e-97a8-31f33a449747","Adress":"酒々井川場422-1","Tiban":"422-1","group":"11班","geometry_ID":"42ba1a352c","area":8.0,"auxiliary_storage_labeling_positionx":null,"auxiliary_storage_labeling_positiony":null,"auxiliary_storage_labeling_lineanchorpercent":null,"auxiliary_storage_labeling_lineanchorclipping":null,"auxiliary_storage_labeling_lineanchortype":null,"auxiliary_storage_labeling_lineanchortextpoint":null},"geometry":{"type":"MultiPolygon","coordinates":[[[[140.264027509835756,35.734193893260326],[140.264891133835732,35.734400510260322],[140.264919171835743,35.73432186326032],[140.264060564835745,35.73410425726032],[140.264027509835756,35.734193893260326]]]]}},
{"type":"Feature","properties":{"fid":104,"polygon_uuid":"9a27455c-1f5e-4dba-a6a8-d2bab551c580","Adress":"酒々井川場427","Tiban":"427","group":"11班","geometry_ID":"484876e35d","area":21.0,"auxiliary_storage_labeling_positionx":null,"auxiliary_storage_labeling_positiony":null,"auxiliary_storage_labeling_lineanchorpercent":null,"auxiliary_storage_labeling_lineanchorclipping":null,"auxiliary_storage_labeling_lineanchortype":null,"auxiliary_storage_labeling_lineanchortextpoint":null},"geometry":{"type":"MultiPolygon","coordinates":[[[[140.26384340383575,35.734693129260322],[140.264701166835749,35.734902281260325],[140.264783191835733,35.734684377260322],[140.26392516583573,35.73447141826032],[140.26384340383575,35.734693129260322]]]]}},
{"type":"Feature","properties":{"fid":105,"polygon_uuid":"e02d13ad-ecfa-4c62-b682-affd99d199c2","Adress":"酒々井川場429","Tiban":"429","group":"11班","geometry_ID":"c31371fc7d","area":20.0,"auxiliary_storage_labeling_positionx":null,"auxiliary_storage_labeling_positiony":null,"auxiliary_storage_labeling_lineanchorpercent":null,"auxiliary_storage_labeling_lineanchorclipping":null,"auxiliary_storage_labeling_lineanchortype":null,"auxiliary_storage_labeling_lineanchortextpoint":null},"geometry":{"type":"MultiPolygon","coordinates":[[[[140.263682289835742,35.73513001026032],[140.264533877835731,35.735340440260323],[140.264617001835745,35.735129117260321],[140.263760066835744,35.734919108260321],[140.263682289835742,35.73513001026032]]]]}},
{"type":"Feature","properties":{"fid":106,"polygon_uuid":"275d0e4a-cb7b-4340-8c1a-e5a9b1f611c4","Adress":"酒々井川場372","Tiban":"372","group":"11班","geometry_ID":"20314bd40d","area":21.0,"auxiliary_storage_labeling_positionx":null,"auxiliary_storage_labeling_positiony":null,"auxiliary_storage_labeling_lineanchorpercent":null,"auxiliary_storage_labeling_lineanchorclipping":null,"auxiliary_storage_labeling_lineanchortype":null,"auxiliary_storage_labeling_lineanchortextpoint":null},"geometry":{"type":"MultiPolygon","coordinates":[[[[140.262915026835742,35.734467974260326],[140.263000601835756,35.734246708260322],[140.262143410835733,35.734034429260326],[140.262058854835743,35.734251036260325],[140.262915026835742,35.734467974260326]]]]}},
{"type":"Feature","properties":{"fid":107,"polygon_uuid":"05f2a0f0-321a-4490-9009-3384d9b7f949","Adress":"酒々井川場375","Tiban":"375","group":"11班","geometry_ID":"fcaeac1ec9","area":20.0,"auxiliary_storage_labeling_positionx":null,"auxiliary_storage_labeling_positiony":null,"auxiliary_storage_labeling_lineanchorpercent":null,"auxiliary_storage_labeling_lineanchorclipping":null,"auxiliary_storage_labeling_lineanchortype":null,"auxiliary_storage_labeling_lineanchortextpoint":null},"geometry":{"type":"MultiPolygon","coordinates":[[[[140.26266523183574,35.735114848260324],[140.262749490835745,35.734904347260326],[140.261895890835746,35.734687637260322],[140.261814946835756,35.734904373260321],[140.26266523183574,35.735114848260324]]]]}},
{"type":"Feature","properties":{"fid":108,"polygon_uuid":"d69fd2aa-6b95-46c2-834d-e3f5adbf2bf4","Adress":"酒々井川場373-1","Tiban":"373-1","group":"11班","geometry_ID":"4b73383a13","area":10.0,"auxiliary_storage_labeling_positionx":null,"auxiliary_storage_labeling_positiony":null,"auxiliary_storage_labeling_lineanchorpercent":null,"auxiliary_storage_labeling_lineanchorclipping":null,"auxiliary_storage_labeling_lineanchortype":null,"auxiliary_storage_labeling_lineanchortextpoint":null},"geometry":{"type":"MultiPolygon","coordinates":[[[[140.262871785835756,35.734575443260326],[140.262915026835742,35.734467974260326],[140.262058854835743,35.734251036260325],[140.262015658835736,35.734361601260325],[140.262871785835756,35.734575443260326]]]]}},
{"type":"Feature","properties":{"fid":109,"polygon_uuid":"f3801ac1-cbd6-4cce-ae61-0bf7719dc532","Adress":"酒々井川場378-1,酒々井川場378-2,酒々井川場381-1","Tiban":"378-1,378-2,381-1","group":"11班","geometry_ID":"eefa46ec49","area":27.0,"auxiliary_storage_labeling_positionx":null,"auxiliary_storage_labeling_positiony":null,"auxiliary_storage_labeling_lineanchorpercent":null,"auxiliary_storage_labeling_lineanchorclipping":null,"auxiliary_storage_labeling_lineanchortype":null,"auxiliary_storage_labeling_lineanchortextpoint":null},"geometry":{"type":"MultiPolygon","coordinates":[[[[140.262587619835756,35.73534018726032],[140.261729667835738,35.735129337260325],[140.261618474835728,35.735421514260324],[140.262476752835738,35.735626068260324],[140.262587619835756,35.73534018726032]]]]}},
{"type":"Feature","properties":{"fid":110,"polygon_uuid":"26b6cc66-5466-4340-b322-e8dfa3c0674f","Adress":"酒々井川場349-2,酒々井川場349-1","Tiban":"349-2,349-1","group":"11班","geometry_ID":"ba8276f257","area":21.0,"auxiliary_storage_labeling_positionx":null,"auxiliary_storage_labeling_positiony":null,"auxiliary_storage_labeling_lineanchorpercent":null,"auxiliary_storage_labeling_lineanchorclipping":null,"auxiliary_storage_labeling_lineanchortype":null,"auxiliary_storage_labeling_lineanchortextpoint":null},"geometry":{"type":"MultiPolygon","coordinates":[[[[140.261620670835754,35.735343221260322],[140.26076422783575,35.735132051260322],[140.260678302835743,35.735352392260324],[140.261542676835745,35.735563476260324],[140.261620670835754,35.735343221260322]]]]}},
{"type":"Feature","properties":{"fid":111,"polygon_uuid":"4b5e8536-1d2b-4d95-aab1-a01f872ebd74","Adress":"酒々井川場350","Tiban":"350","group":"11班","geometry_ID":"282e0ec21b","area":21.0,"auxiliary_storage_labeling_positionx":null,"auxiliary_storage_labeling_positiony":null,"auxiliary_storage_labeling_lineanchorpercent":null,"auxiliary_storage_labeling_lineanchorclipping":null,"auxiliary_storage_labeling_lineanchortype":null,"auxiliary_storage_labeling_lineanchortextpoint":null},"geometry":{"type":"MultiPolygon","coordinates":[[[[140.261620670835754,35.735343221260322],[140.26170518783573,35.735119988260323],[140.260838961835731,35.734918473260322],[140.26076422783575,35.735132051260322],[140.261620670835754,35.735343221260322]]]]}},
{"type":"Feature","properties":{"fid":112,"polygon_uuid":"3265e4da-b80c-4dac-8f98-c430c690e3be","Adress":"酒々井川場469-1,酒々井川場469-2","Tiban":"469-1,469-2","group":"11班","geometry_ID":"b52b085fdd","area":17.0,"auxiliary_storage_labeling_positionx":null,"auxiliary_storage_labeling_positiony":null,"auxiliary_storage_labeling_lineanchorpercent":null,"auxiliary_storage_labeling_lineanchorclipping":null,"auxiliary_storage_labeling_lineanchortype":null,"auxiliary_storage_labeling_lineanchortextpoint":null},"geometry":{"type":"MultiPolygon","coordinates":[[[[140.265195203835731,35.737193787260324],[140.264986107835739,35.737757707260322],[140.265062558835751,35.737791350260323],[140.265662928835752,35.737334254260325],[140.265195203835731,35.737193787260324]]]]}},
{"type":"Feature","properties":{"fid":113,"polygon_uuid":"7a646eaa-5be1-406b-99c7-bf14a36f149d","Adress":"酒々井川場445-2","Tiban":"445-2","group":"11班","geometry_ID":"09637aa7b5","area":9.0,"auxiliary_storage_labeling_positionx":null,"auxiliary_storage_labeling_positiony":null,"auxiliary_storage_labeling_lineanchorpercent":null,"auxiliary_storage_labeling_lineanchorclipping":null,"auxiliary_storage_labeling_lineanchortype":null,"auxiliary_storage_labeling_lineanchortextpoint":null},"geometry":{"type":"MultiPolygon","coordinates":[[[[140.265605604835741,35.735134626260326],[140.264752175835753,35.734925738260323],[140.264716331835729,35.73501896226032],[140.265571001835752,35.735227702260325],[140.265605604835741,35.735134626260326]]]]}},
{"type":"Feature","properties":{"fid":114,"polygon_uuid":"dac0790d-3e24-40d8-83d2-e0d4147507a8","Adress":"酒々井川場444-2,酒々井川場444-1","Tiban":"444-2,444-1","group":"11班","geometry_ID":"52854ad59c","area":19.0,"auxiliary_storage_labeling_positionx":null,"auxiliary_storage_labeling_positiony":null,"auxiliary_storage_labeling_lineanchorpercent":null,"auxiliary_storage_labeling_lineanchorclipping":null,"auxiliary_storage_labeling_lineanchortype":null,"auxiliary_storage_labeling_lineanchortextpoint":null},"geometry":{"type":"MultiPolygon","coordinates":[[[[140.264670517835754,35.73513811926032],[140.264591878835745,35.735342645260324],[140.265449113835729,35.735555572260324],[140.265526088835742,35.735348514260323],[140.264670517835754,35.73513811926032]]]]}},
{"type":"Feature","properties":{"fid":115,"polygon_uuid":"5f8700c2-30b4-4319-9f5b-f509cdbebff8","Adress":"酒々井川場447","Tiban":"447","group":"11班","geometry_ID":"e050d7d370","area":21.0,"auxiliary_storage_labeling_positionx":null,"auxiliary_storage_labeling_positiony":null,"auxiliary_storage_labeling_lineanchorpercent":null,"auxiliary_storage_labeling_lineanchorclipping":null,"auxiliary_storage_labeling_lineanchortype":null,"auxiliary_storage_labeling_lineanchortextpoint":null},"geometry":{"type":"MultiPolygon","coordinates":[[[[140.265773720835739,35.734682400260326],[140.26492674283574,35.734471709260326],[140.26484265983575,35.73469040026032],[140.26569066083573,35.73490582926032],[140.265773720835739,35.734682400260326]]]]}},
{"type":"Feature","properties":{"fid":116,"polygon_uuid":"1791c7c2-e051-43ab-8964-04ba282dc476","Adress":"酒々井川場450-1,酒々井川場449","Tiban":"450-1,449","group":"11班","geometry_ID":"13483a1610","area":22.0,"auxiliary_storage_labeling_positionx":null,"auxiliary_storage_labeling_positiony":null,"auxiliary_storage_labeling_lineanchorpercent":null,"auxiliary_storage_labeling_lineanchorclipping":null,"auxiliary_storage_labeling_lineanchortype":null,"auxiliary_storage_labeling_lineanchortextpoint":null},"geometry":{"type":"MultiPolygon","coordinates":[[[[140.266373422835755,35.734954590260323],[140.266382374835729,35.73482466726032],[140.266394703835743,35.734764873260325],[140.26641787783575,35.734694649260319],[140.265862304835736,35.734584405260321],[140.265729904835752,35.73490879026032],[140.266360045835739,35.73506001426032],[140.26638045583573,35.735014644260325],[140.266373422835755,35.734954590260323]]]]}},
{"type":"Feature","properties":{"fid":117,"polygon_uuid":"c279fdf4-cb0c-40bf-aced-b9a0c5733654","Adress":"酒々井川場450-2,酒々井川場452","Tiban":"450-2,452","group":"11班","geometry_ID":"657b62d482","area":24.0,"auxiliary_storage_labeling_positionx":null,"auxiliary_storage_labeling_positiony":null,"auxiliary_storage_labeling_lineanchorpercent":null,"auxiliary_storage_labeling_lineanchorclipping":null,"auxiliary_storage_labeling_lineanchortype":null,"auxiliary_storage_labeling_lineanchortextpoint":null},"geometry":{"type":"MultiPolygon","coordinates":[[[[140.266692999835755,35.73511527126032],[140.266479643835737,35.735086362260326],[140.26638045583573,35.735014644260325],[140.266360045835739,35.73506001426032],[140.265729904835752,35.73490879026032],[140.265644875835733,35.735135953260325],[140.266559826835731,35.735353545260324],[140.266692999835755,35.73511527126032]]]]}},
{"type":"Feature","properties":{"fid":118,"polygon_uuid":"f28efd28-647a-459c-ba02-88d6bc07f875","Adress":"酒々井川場456","Tiban":"456","group":"11班","geometry_ID":"c7f8c836f1","area":6.0,"auxiliary_storage_labeling_positionx":null,"auxiliary_storage_labeling_positiony":null,"auxiliary_storage_labeling_lineanchorpercent":null,"auxiliary_storage_labeling_lineanchorclipping":null,"auxiliary_storage_labeling_lineanchortype":null,"auxiliary_storage_labeling_lineanchortextpoint":null},"geometry":{"type":"MultiPolygon","coordinates":[[[[140.266588290835756,35.73544607526032],[140.266746555835738,35.735503111260321],[140.267012044835752,35.735308983260325],[140.266718670835729,35.735219293260322],[140.266588290835756,35.73544607526032]]]]}},
{"type":"Feature","properties":{"fid":119,"polygon_uuid":"1489f8fc-44da-4c93-b2bd-b0e00255780f","Adress":"酒々井川場460-1,酒々井川場459","Tiban":"460-1,459","group":"11班","geometry_ID":"b296c5a6d6","area":27.0,"auxiliary_storage_labeling_positionx":null,"auxiliary_storage_labeling_positiony":null,"auxiliary_storage_labeling_lineanchorpercent":null,"auxiliary_storage_labeling_lineanchorclipping":null,"auxiliary_storage_labeling_lineanchortype":null,"auxiliary_storage_labeling_lineanchortextpoint":null},"geometry":{"type":"MultiPolygon","coordinates":[[[[140.266244703835753,35.736000260260326],[140.265402938835734,35.735782312260326],[140.265293015835738,35.736075978260324],[140.266138961835736,35.736283777260326],[140.266244703835753,35.736000260260326]]]]}},
{"type":"Feature","properties":{"fid":120,"polygon_uuid":"4843f095-3ef3-454a-a453-95859734f119","Adress":"酒々井川場460-3","Tiban":"460-3","group":"11班","geometry_ID":"cef3d7733f","area":4.0,"auxiliary_storage_labeling_positionx":null,"auxiliary_storage_labeling_positiony":null,"auxiliary_storage_labeling_lineanchorpercent":null,"auxiliary_storage_labeling_lineanchorclipping":null,"auxiliary_storage_labeling_lineanchortype":null,"auxiliary_storage_labeling_lineanchortextpoint":null},"geometry":{"type":"MultiPolygon","coordinates":[[[[140.265275851607186,35.736116820401783],[140.266124095891655,35.736328881472907],[140.266138961835736,35.736283777260326],[140.265293015835738,35.736075978260324],[140.265275851607186,35.736116820401783]]]]}},
{"type":"Feature","properties":{"fid":121,"polygon_uuid":"12f87099-9349-4204-aa3c-31836d749ca2","Adress":"酒々井川場431,酒々井川場430-4,酒々井川場430-3","Tiban":"431,430-4,430-3","group":"11班","geometry_ID":"d5e8525aa0","area":11.0,"auxiliary_storage_labeling_positionx":null,"auxiliary_storage_labeling_positiony":null,"auxiliary_storage_labeling_lineanchorpercent":null,"auxiliary_storage_labeling_lineanchorclipping":null,"auxiliary_storage_labeling_lineanchortype":null,"auxiliary_storage_labeling_lineanchortextpoint":null},"geometry":{"type":"MultiPolygon","coordinates":[[[[140.264411655835744,35.735683387260323],[140.264454790835742,35.735561842260324],[140.26360011783575,35.735352830260325],[140.263556640835731,35.735470724260324],[140.264411655835744,35.735683387260323]]]]}},
{"type":"Feature","properties":{"fid":122,"polygon_uuid":"5fd90dc6-3753-4c0a-839c-f26fe2c0b747","Adress":"酒々井川場430-2,酒々井川場430-1","Tiban":"430-2,430-1","group":"11班","geometry_ID":"d8ffaeb879","area":21.0,"auxiliary_storage_labeling_positionx":null,"auxiliary_storage_labeling_positiony":null,"auxiliary_storage_labeling_lineanchorpercent":null,"auxiliary_storage_labeling_lineanchorclipping":null,"auxiliary_storage_labeling_lineanchortype":null,"auxiliary_storage_labeling_lineanchortextpoint":null},"geometry":{"type":"MultiPolygon","coordinates":[[[[140.264454790835742,35.735561842260324],[140.264533877835731,35.735340440260323],[140.263682289835742,35.73513001026032],[140.26360011783575,35.735352830260325],[140.264454790835742,35.735561842260324]]]]}},
{"type":"Feature","properties":{"fid":123,"polygon_uuid":"ba37743f-b51f-4cfe-98bb-d7d96783a69d","Adress":"酒々井川場433","Tiban":"433","group":"11班","geometry_ID":"c6a9e8ba15","area":15.0,"auxiliary_storage_labeling_positionx":null,"auxiliary_storage_labeling_positiony":null,"auxiliary_storage_labeling_lineanchorpercent":null,"auxiliary_storage_labeling_lineanchorclipping":null,"auxiliary_storage_labeling_lineanchortype":null,"auxiliary_storage_labeling_lineanchortextpoint":null},"geometry":{"type":"MultiPolygon","coordinates":[[[[140.263460553835756,35.735731272260324],[140.26432109083575,35.73594196226032],[140.264377162835729,35.73578347926032],[140.26351931283574,35.735571942260322],[140.263460553835756,35.735731272260324]]]]}},
{"type":"Feature","properties":{"fid":124,"polygon_uuid":"fa7455af-fbae-4c8b-ae74-2ff5043f2384","Adress":"酒々井川場432","Tiban":"432","group":"11班","geometry_ID":"83a259278e","area":9.0,"auxiliary_storage_labeling_positionx":null,"auxiliary_storage_labeling_positiony":null,"auxiliary_storage_labeling_lineanchorpercent":null,"auxiliary_storage_labeling_lineanchorclipping":null,"auxiliary_storage_labeling_lineanchortype":null,"auxiliary_storage_labeling_lineanchortextpoint":null},"geometry":{"type":"MultiPolygon","coordinates":[[[[140.26351931283574,35.735571942260322],[140.264377162835729,35.73578347926032],[140.264411655835744,35.735683387260323],[140.263556640835731,35.735470724260324],[140.26351931283574,35.735571942260322]]]]}},
{"type":"Feature","properties":{"fid":125,"polygon_uuid":"ccbe8793-4057-4990-91cb-38332a1fba9a","Adress":"酒々井川場439","Tiban":"439","group":"11班","geometry_ID":"2f06da2730","area":20.0,"auxiliary_storage_labeling_positionx":null,"auxiliary_storage_labeling_positiony":null,"auxiliary_storage_labeling_lineanchorpercent":null,"auxiliary_storage_labeling_lineanchorclipping":null,"auxiliary_storage_labeling_lineanchortype":null,"auxiliary_storage_labeling_lineanchortextpoint":null},"geometry":{"type":"MultiPolygon","coordinates":[[[[140.264199919835733,35.736457907260323],[140.265039624835737,35.736664795260324],[140.265124186835749,35.736446556260326],[140.264284526835752,35.73624033526032],[140.264199919835733,35.736457907260323]]]]}},
{"type":"Feature","properties":{"fid":126,"polygon_uuid":"c6bada9c-d2ba-49a2-972f-cf03a654b3fa","Adress":"酒々井川場442-2","Tiban":"442-2","group":"11班","geometry_ID":"b743188ea1","area":6.0,"auxiliary_storage_labeling_positionx":null,"auxiliary_storage_labeling_positiony":null,"auxiliary_storage_labeling_lineanchorpercent":null,"auxiliary_storage_labeling_lineanchorclipping":null,"auxiliary_storage_labeling_lineanchortype":null,"auxiliary_storage_labeling_lineanchortextpoint":null},"geometry":{"type":"MultiPolygon","coordinates":[[[[140.265369712835735,35.735772692260326],[140.264512697835755,35.735568165260325],[140.264488281835753,35.73563770626032],[140.265344547835753,35.735841503260325],[140.265369712835735,35.735772692260326]]]]}},
{"type":"Feature","properties":{"fid":127,"polygon_uuid":"fa73b034-049d-40fd-b7ae-74f14f25287c","Adress":"酒々井川場441-1","Tiban":"441-1","group":"11班","geometry_ID":"9ac8090023","area":9.0,"auxiliary_storage_labeling_positionx":null,"auxiliary_storage_labeling_positiony":null,"auxiliary_storage_labeling_lineanchorpercent":null,"auxiliary_storage_labeling_lineanchorclipping":null,"auxiliary_storage_labeling_lineanchortype":null,"auxiliary_storage_labeling_lineanchortextpoint":null},"geometry":{"type":"MultiPolygon","coordinates":[[[[140.264352008835743,35.73601907626032],[140.265205285835748,35.736222306260323],[140.265241064835749,35.736124473260325],[140.264390095835751,35.735917350260323],[140.264352008835743,35.73601907626032]]]]}},
{"type":"Feature","properties":{"fid":128,"polygon_uuid":"b1f07f91-386f-4d1d-97b1-0c4b7f1da016","Adress":"酒々井川場443-1","Tiban":"443-1","group":"11班","geometry_ID":"e2997232ae","area":21.0,"auxiliary_storage_labeling_positionx":null,"auxiliary_storage_labeling_positiony":null,"auxiliary_storage_labeling_lineanchorpercent":null,"auxiliary_storage_labeling_lineanchorclipping":null,"auxiliary_storage_labeling_lineanchortype":null,"auxiliary_storage_labeling_lineanchortextpoint":null},"geometry":{"type":"MultiPolygon","coordinates":[[[[140.265449113835729,35.735555572260324],[140.264591878835745,35.735342645260324],[140.264512697835755,35.735568165260325],[140.265369712835735,35.735772692260326],[140.265449113835729,35.735555572260324]]]]}},
{"type":"Feature","properties":{"fid":129,"polygon_uuid":"de4ffa69-f8b0-4926-81da-7d1a5a7ef5c2","Adress":"印西市平賀干拓479,印西市平賀干拓480","Tiban":"479,480","group":"9班","geometry_ID":"fd35cfb8a3","area":62.0,"auxiliary_storage_labeling_positionx":null,"auxiliary_storage_labeling_positiony":null,"auxiliary_storage_labeling_lineanchorpercent":null,"auxiliary_storage_labeling_lineanchorclipping":null,"auxiliary_storage_labeling_lineanchortype":null,"auxiliary_storage_labeling_lineanchortextpoint":null},"geometry":{"type":"MultiPolygon","coordinates":[[[[140.262125953835749,35.751624659260322],[140.261842352835743,35.752515455260323],[140.262502988835735,35.752650338260324],[140.262767395835738,35.751749265260322],[140.262125953835749,35.751624659260322]]]]}},
{"type":"Feature","properties":{"fid":130,"polygon_uuid":"c9d2b370-d665-49ca-9f2e-75cc77cee6fe","Adress":"印西市平賀干拓478,印西市平賀干拓477","Tiban":"478,477","group":"9班","geometry_ID":"6ad2bc9f09","area":52.0,"auxiliary_storage_labeling_positionx":null,"auxiliary_storage_labeling_positiony":null,"auxiliary_storage_labeling_lineanchorpercent":null,"auxiliary_storage_labeling_lineanchorclipping":null,"auxiliary_storage_labeling_lineanchortype":null,"auxiliary_storage_labeling_lineanchortextpoint":null},"geometry":{"type":"MultiPolygon","coordinates":[[[[140.262125953835749,35.751624659260322],[140.261572456835751,35.751507887260324],[140.261311925835741,35.752406559260322],[140.261842352835743,35.752515455260323],[140.262125953835749,35.751624659260322]]]]}},
{"type":"Feature","properties":{"fid":131,"polygon_uuid":"5c19b763-3508-4dde-9def-6cb1653e7d72","Adress":"印西市平賀干拓483,印西市平賀干拓481,印西市平賀干拓482","Tiban":"483,481,482","group":"9班","geometry_ID":"a1978e7b01","area":93.0,"auxiliary_storage_labeling_positionx":null,"auxiliary_storage_labeling_positiony":null,"auxiliary_storage_labeling_lineanchorpercent":null,"auxiliary_storage_labeling_lineanchorclipping":null,"auxiliary_storage_labeling_lineanchortype":null,"auxiliary_storage_labeling_lineanchortextpoint":null},"geometry":{"type":"MultiPolygon","coordinates":[[[[140.262502988835735,35.752650338260324],[140.263467591835735,35.752853579260325],[140.263747012835751,35.75195804626032],[140.262767395835738,35.751749265260322],[140.262502988835735,35.752650338260324]]]]}},
{"type":"Feature","properties":{"fid":132,"polygon_uuid":"c9d5069a-a261-4bbc-81b3-2c573b702697","Adress":"印西市平賀干拓487,印西市平賀干拓485,印西市平賀干拓486","Tiban":"487,485,486","group":"9班","geometry_ID":"0cd9e61534","area":93.0,"auxiliary_storage_labeling_positionx":null,"auxiliary_storage_labeling_positiony":null,"auxiliary_storage_labeling_lineanchorpercent":null,"auxiliary_storage_labeling_lineanchorclipping":null,"auxiliary_storage_labeling_lineanchortype":null,"auxiliary_storage_labeling_lineanchortextpoint":null},"geometry":{"type":"MultiPolygon","coordinates":[[[[140.262793622835744,35.751730092260324],[140.263760194835754,35.751938889260323],[140.264033279835729,35.75103883026032],[140.263055065835744,35.750839618260322],[140.262793622835744,35.751730092260324]]]]}},
{"type":"Feature","properties":{"fid":133,"polygon_uuid":"f91c8a4b-4c59-46c9-bcff-58a34fc927ef","Adress":"印西市平賀干拓491,印西市平賀干拓492,印西市平賀干拓490","Tiban":"491,492,490","group":"9班","geometry_ID":"653449a69c","area":65.0,"auxiliary_storage_labeling_positionx":null,"auxiliary_storage_labeling_positiony":null,"auxiliary_storage_labeling_lineanchorpercent":null,"auxiliary_storage_labeling_lineanchorclipping":null,"auxiliary_storage_labeling_lineanchortype":null,"auxiliary_storage_labeling_lineanchortextpoint":null},"geometry":{"type":"MultiPolygon","coordinates":[[[[140.262413687835732,35.750713126260322],[140.261747191835752,35.750571589260325],[140.26146356183574,35.75146687726032],[140.262161065835755,35.751613108260322],[140.262413687835732,35.750713126260322]]]]}},
{"type":"Feature","properties":{"fid":134,"polygon_uuid":"9a1ce245-ea89-446a-9bc2-8ecfa54e1137","Adress":"印西市平賀干拓489,印西市平賀干拓488","Tiban":"489,488","group":"9班","geometry_ID":"776c7d2253","area":60.0,"auxiliary_storage_labeling_positionx":null,"auxiliary_storage_labeling_positiony":null,"auxiliary_storage_labeling_lineanchorpercent":null,"auxiliary_storage_labeling_lineanchorclipping":null,"auxiliary_storage_labeling_lineanchortype":null,"auxiliary_storage_labeling_lineanchortextpoint":null},"geometry":{"type":"MultiPolygon","coordinates":[[[[140.262413687835732,35.750713126260322],[140.262161065835755,35.751613108260322],[140.262793622835744,35.751730092260324],[140.263055065835744,35.750839618260322],[140.262413687835732,35.750713126260322]]]]}},
{"type":"Feature","properties":{"fid":135,"polygon_uuid":"b00a45d8-04bd-4071-a4a2-fa6171108dce","Adress":"印西市平賀干拓364,印西市平賀干拓363","Tiban":"364,363","group":"9班","geometry_ID":"6c8ea1e0f3","area":41.0,"auxiliary_storage_labeling_positionx":null,"auxiliary_storage_labeling_positiony":null,"auxiliary_storage_labeling_lineanchorpercent":null,"auxiliary_storage_labeling_lineanchorclipping":null,"auxiliary_storage_labeling_lineanchortype":null,"auxiliary_storage_labeling_lineanchortextpoint":null},"geometry":{"type":"MultiPolygon","coordinates":[[[[140.261281570835735,35.754429334260323],[140.260855754835745,35.754343718260323],[140.260575002835736,35.755240727260322],[140.261005407835739,35.75532116526032],[140.261281570835735,35.754429334260323]]]]}},
{"type":"Feature","properties":{"fid":136,"polygon_uuid":"2f14455d-bfa6-446e-b0cc-bcde73b0687e","Adress":"印西市平賀干拓362","Tiban":"362","group":"9班","geometry_ID":"bf5d39804a","area":31.0,"auxiliary_storage_labeling_positionx":null,"auxiliary_storage_labeling_positiony":null,"auxiliary_storage_labeling_lineanchorpercent":null,"auxiliary_storage_labeling_lineanchorclipping":null,"auxiliary_storage_labeling_lineanchortype":null,"auxiliary_storage_labeling_lineanchortextpoint":null},"geometry":{"type":"MultiPolygon","coordinates":[[[[140.261343721835743,35.755388032260321],[140.261599505835733,35.754493258260325],[140.261281570835735,35.754429334260323],[140.261005407835739,35.75532116526032],[140.261343721835743,35.755388032260321]]]]}},
{"type":"Feature","properties":{"fid":137,"polygon_uuid":"f1c7a524-1ab7-4fb7-808d-69703edf5d43","Adress":"印西市平賀干拓398,印西市平賀干拓399","Tiban":"398,399","group":"9班","geometry_ID":"477b47580e","area":42.0,"auxiliary_storage_labeling_positionx":null,"auxiliary_storage_labeling_positiony":null,"auxiliary_storage_labeling_lineanchorpercent":null,"auxiliary_storage_labeling_lineanchorclipping":null,"auxiliary_storage_labeling_lineanchortype":null,"auxiliary_storage_labeling_lineanchortextpoint":null},"geometry":{"type":"MultiPolygon","coordinates":[[[[140.261570310835737,35.753475634260326],[140.26113405083575,35.753387644260322],[140.260866957835731,35.754294929260325],[140.261295299835751,35.754396128260325],[140.261570310835737,35.753475634260326]]]]}},
{"type":"Feature","properties":{"fid":138,"polygon_uuid":"18d6800e-7a7d-4ff2-af64-0a4b6c5e8463","Adress":"印西市平賀干拓397","Tiban":"397","group":"9班","geometry_ID":"167677c7d1","area":51.0,"auxiliary_storage_labeling_positionx":null,"auxiliary_storage_labeling_positiony":null,"auxiliary_storage_labeling_lineanchorpercent":null,"auxiliary_storage_labeling_lineanchorclipping":null,"auxiliary_storage_labeling_lineanchortype":null,"auxiliary_storage_labeling_lineanchortextpoint":null},"geometry":{"type":"MultiPolygon","coordinates":[[[[140.260866957835731,35.754294929260325],[140.26113405083575,35.753387644260322],[140.260603481835744,35.753280629260324],[140.260332469835731,35.754188700260322],[140.260866957835731,35.754294929260325]]]]}},
{"type":"Feature","properties":{"fid":139,"polygon_uuid":"bb2e4e71-64b0-4f77-a939-9d3983f906c9","Adress":"印西市平賀干拓404,印西市平賀干拓402,印西市平賀干拓403","Tiban":"404,402,403","group":"9班","geometry_ID":"9a5e3bcf9c","area":93.0,"auxiliary_storage_labeling_positionx":null,"auxiliary_storage_labeling_positiony":null,"auxiliary_storage_labeling_lineanchorpercent":null,"auxiliary_storage_labeling_lineanchorclipping":null,"auxiliary_storage_labeling_lineanchortype":null,"auxiliary_storage_labeling_lineanchortextpoint":null},"geometry":{"type":"MultiPolygon","coordinates":[[[[140.261945914835735,35.754512753260322],[140.262898759835736,35.754712095260324],[140.263172467835744,35.75380824826032],[140.262199735835736,35.753608979260321],[140.261945914835735,35.754512753260322]]]]}},
{"type":"Feature","properties":{"fid":140,"polygon_uuid":"c07f23b2-356b-461b-b463-c835f3f77ecc","Adress":"印西市平賀干拓401,印西市平賀干拓400","Tiban":"401,400","group":"9班","geometry_ID":"5e14702526","area":62.0,"auxiliary_storage_labeling_positionx":null,"auxiliary_storage_labeling_positiony":null,"auxiliary_storage_labeling_lineanchorpercent":null,"auxiliary_storage_labeling_lineanchorclipping":null,"auxiliary_storage_labeling_lineanchortype":null,"auxiliary_storage_labeling_lineanchortextpoint":null},"geometry":{"type":"MultiPolygon","coordinates":[[[[140.261570310835737,35.753475634260326],[140.261295299835751,35.754396128260325],[140.261945914835735,35.754512753260322],[140.262199735835736,35.753608979260321],[140.261570310835737,35.753475634260326]]]]}},
{"type":"Feature","properties":{"fid":141,"polygon_uuid":"a5922795-e08f-4e72-9db8-68c89c31a1af","Adress":"印西市平賀干拓409,印西市平賀干拓410","Tiban":"409,410","group":"9班","geometry_ID":"53b90d0efd","area":62.0,"auxiliary_storage_labeling_positionx":null,"auxiliary_storage_labeling_positiony":null,"auxiliary_storage_labeling_lineanchorpercent":null,"auxiliary_storage_labeling_lineanchorclipping":null,"auxiliary_storage_labeling_lineanchortype":null,"auxiliary_storage_labeling_lineanchortextpoint":null},"geometry":{"type":"MultiPolygon","coordinates":[[[[140.262195962835733,35.753572818260324],[140.262460058835757,35.752670999260324],[140.261811609835746,35.752544741260323],[140.261553546835756,35.753440822260323],[140.262195962835733,35.753572818260324]]]]}},
{"type":"Feature","properties":{"fid":142,"polygon_uuid":"fbba2b38-6a70-4aae-a38c-2bdfb5270e91","Adress":"印西市平賀干拓408,印西市平賀干拓407,印西市平賀干拓406","Tiban":"408,407,406","group":"9班","geometry_ID":"a0e7e230cf","area":95.0,"auxiliary_storage_labeling_positionx":null,"auxiliary_storage_labeling_positiony":null,"auxiliary_storage_labeling_lineanchorpercent":null,"auxiliary_storage_labeling_lineanchorclipping":null,"auxiliary_storage_labeling_lineanchortype":null,"auxiliary_storage_labeling_lineanchortextpoint":null},"geometry":{"type":"MultiPolygon","coordinates":[[[[140.263188824835737,35.753784418260324],[140.263452695835753,35.752884481260324],[140.262460058835757,35.752670999260324],[140.262195962835733,35.753572818260324],[140.263188824835737,35.753784418260324]]]]}},
{"type":"Feature","properties":{"fid":143,"polygon_uuid":"d28478b4-beae-4872-92c7-4efe5624a011","Adress":"印西市平賀干拓412,印西市平賀干拓411","Tiban":"412,411","group":"9班","geometry_ID":"e6fe799c24","area":62.0,"auxiliary_storage_labeling_positionx":null,"auxiliary_storage_labeling_positiony":null,"auxiliary_storage_labeling_lineanchorpercent":null,"auxiliary_storage_labeling_lineanchorclipping":null,"auxiliary_storage_labeling_lineanchortype":null,"auxiliary_storage_labeling_lineanchortextpoint":null},"geometry":{"type":"MultiPolygon","coordinates":[[[[140.261553546835756,35.753440822260323],[140.261811609835746,35.752544741260323],[140.26115922683573,35.752412065260323],[140.26089814483575,35.753305447260324],[140.261553546835756,35.753440822260323]]]]}},
{"type":"Feature","properties":{"fid":144,"polygon_uuid":"385f5a81-b729-4420-b514-3775d4f51577","Adress":"印西市平賀干拓350","Tiban":"350","group":"9班","geometry_ID":"1798d0948f","area":31.0,"auxiliary_storage_labeling_positionx":null,"auxiliary_storage_labeling_positiony":null,"auxiliary_storage_labeling_lineanchorpercent":null,"auxiliary_storage_labeling_lineanchorclipping":null,"auxiliary_storage_labeling_lineanchortype":null,"auxiliary_storage_labeling_lineanchortextpoint":null},"geometry":{"type":"MultiPolygon","coordinates":[[[[140.260418771835731,35.756175015260325],[140.260683237835735,35.755287658260322],[140.26036117083575,35.755215815260321],[140.260095916835752,35.756105499260322],[140.260418771835731,35.756175015260325]]]]}},
{"type":"Feature","properties":{"fid":145,"polygon_uuid":"32267a0f-c8c0-4c1c-a610-30fcdb452a58","Adress":"印西市平賀干拓353","Tiban":"353","group":"9班","geometry_ID":"3893628b55","area":28.0,"auxiliary_storage_labeling_positionx":null,"auxiliary_storage_labeling_positiony":null,"auxiliary_storage_labeling_lineanchorpercent":null,"auxiliary_storage_labeling_lineanchorclipping":null,"auxiliary_storage_labeling_lineanchortype":null,"auxiliary_storage_labeling_lineanchortextpoint":null},"geometry":{"type":"MultiPolygon","coordinates":[[[[140.261368829835732,35.756361095260324],[140.261639375835756,35.75548159126032],[140.261337262835752,35.755420493260324],[140.261067891835751,35.756302726260323],[140.261368829835732,35.756361095260324]]]]}},
{"type":"Feature","properties":{"fid":146,"polygon_uuid":"0d9ce19a-ab64-4102-bc3a-ab8dba6ca312","Adress":"印西市平賀干拓351","Tiban":"351","group":"9班","geometry_ID":"39c073d7cc","area":29.0,"auxiliary_storage_labeling_positionx":null,"auxiliary_storage_labeling_positiony":null,"auxiliary_storage_labeling_lineanchorpercent":null,"auxiliary_storage_labeling_lineanchorclipping":null,"auxiliary_storage_labeling_lineanchortype":null,"auxiliary_storage_labeling_lineanchortextpoint":null},"geometry":{"type":"MultiPolygon","coordinates":[[[[140.260734662835745,35.756238902260321],[140.260991995835752,35.75535143826032],[140.260683237835735,35.755287658260322],[140.260418771835731,35.756175015260325],[140.260734662835745,35.756238902260321]]]]}},
{"type":"Feature","properties":{"fid":147,"polygon_uuid":"f08555fe-ca47-4efd-a137-e0e0a09d5a8a","Adress":"印西市平賀干拓355","Tiban":"355","group":"9班","geometry_ID":"950df3bdae","area":30.0,"auxiliary_storage_labeling_positionx":null,"auxiliary_storage_labeling_positiony":null,"auxiliary_storage_labeling_lineanchorpercent":null,"auxiliary_storage_labeling_lineanchorclipping":null,"auxiliary_storage_labeling_lineanchortype":null,"auxiliary_storage_labeling_lineanchortextpoint":null},"geometry":{"type":"MultiPolygon","coordinates":[[[[140.262025955835753,35.756491516260326],[140.262283440835745,35.755611753260325],[140.261964716835735,35.755545310260324],[140.261706595835733,35.756427645260324],[140.262025955835753,35.756491516260326]]]]}},
{"type":"Feature","properties":{"fid":148,"polygon_uuid":"c27b89c0-56c6-4e78-a1a0-73992d63a832","Adress":"印西市平賀干拓354","Tiban":"354","group":"9班","geometry_ID":"84dcbf54a7","area":31.0,"auxiliary_storage_labeling_positionx":null,"auxiliary_storage_labeling_positiony":null,"auxiliary_storage_labeling_lineanchorpercent":null,"auxiliary_storage_labeling_lineanchorclipping":null,"auxiliary_storage_labeling_lineanchortype":null,"auxiliary_storage_labeling_lineanchortextpoint":null},"geometry":{"type":"MultiPolygon","coordinates":[[[[140.261706595835733,35.756427645260324],[140.261964716835735,35.755545310260324],[140.261639375835756,35.75548159126032],[140.261368829835732,35.756361095260324],[140.261706595835733,35.756427645260324]]]]}},
{"type":"Feature","properties":{"fid":149,"polygon_uuid":"c7984ef9-6bf1-4e0d-a8b1-6e80be860910","Adress":"印西市平賀干拓359","Tiban":"359","group":"9班","geometry_ID":"21a05089fa","area":31.0,"auxiliary_storage_labeling_positionx":null,"auxiliary_storage_labeling_positiony":null,"auxiliary_storage_labeling_lineanchorpercent":null,"auxiliary_storage_labeling_lineanchorclipping":null,"auxiliary_storage_labeling_lineanchortype":null,"auxiliary_storage_labeling_lineanchortextpoint":null},"geometry":{"type":"MultiPolygon","coordinates":[[[[140.262562103835734,35.754686791260326],[140.262241741835737,35.754622382260322],[140.26197353583575,35.755515107260322],[140.262298928835747,35.755579050260323],[140.262562103835734,35.754686791260326]]]]}},
{"type":"Feature","properties":{"fid":150,"polygon_uuid":"9057cea8-e9d5-4227-a172-03532371be12","Adress":"印西市平賀干拓356","Tiban":"356","group":"9班","geometry_ID":"1d8694f63a","area":32.0,"auxiliary_storage_labeling_positionx":null,"auxiliary_storage_labeling_positiony":null,"auxiliary_storage_labeling_lineanchorpercent":null,"auxiliary_storage_labeling_lineanchorclipping":null,"auxiliary_storage_labeling_lineanchortype":null,"auxiliary_storage_labeling_lineanchortextpoint":null},"geometry":{"type":"MultiPolygon","coordinates":[[[[140.262025955835753,35.756491516260326],[140.262364763835734,35.756552178260321],[140.262625364835742,35.75567541126032],[140.262283440835745,35.755611753260325],[140.262025955835753,35.756491516260326]]]]}},
{"type":"Feature","properties":{"fid":151,"polygon_uuid":"e3c84fed-9d06-45b0-bff8-ab25c1edf9ee","Adress":"印西市平賀干拓361","Tiban":"361","group":"9班","geometry_ID":"83fee81026","area":30.0,"auxiliary_storage_labeling_positionx":null,"auxiliary_storage_labeling_positiony":null,"auxiliary_storage_labeling_lineanchorpercent":null,"auxiliary_storage_labeling_lineanchorclipping":null,"auxiliary_storage_labeling_lineanchortype":null,"auxiliary_storage_labeling_lineanchortextpoint":null},"geometry":{"type":"MultiPolygon","coordinates":[[[[140.261655911835732,35.755448579260324],[140.261919749835755,35.75455764526032],[140.261599505835733,35.754493258260325],[140.261343721835743,35.755388032260321],[140.261655911835732,35.755448579260324]]]]}},
{"type":"Feature","properties":{"fid":152,"polygon_uuid":"46072de5-dee4-4708-97e2-4ae952d53b9e","Adress":"印西市平賀干拓360","Tiban":"360","group":"9班","geometry_ID":"711fb9084b","area":30.0,"auxiliary_storage_labeling_positionx":null,"auxiliary_storage_labeling_positiony":null,"auxiliary_storage_labeling_lineanchorpercent":null,"auxiliary_storage_labeling_lineanchorclipping":null,"auxiliary_storage_labeling_lineanchortype":null,"auxiliary_storage_labeling_lineanchortextpoint":null},"geometry":{"type":"MultiPolygon","coordinates":[[[[140.26197353583575,35.755515107260322],[140.262241741835737,35.754622382260322],[140.261919749835755,35.75455764526032],[140.261655911835732,35.755448579260324],[140.26197353583575,35.755515107260322]]]]}},
{"type":"Feature","properties":{"fid":153,"polygon_uuid":"77d0c30a-56be-4c4e-b1a9-2ccab9cec2d4","Adress":"印西市平賀干拓635","Tiban":"635","group":"9班","geometry_ID":"49aef30d63","area":30.0,"auxiliary_storage_labeling_positionx":null,"auxiliary_storage_labeling_positiony":null,"auxiliary_storage_labeling_lineanchorpercent":null,"auxiliary_storage_labeling_lineanchorclipping":null,"auxiliary_storage_labeling_lineanchortype":null,"auxiliary_storage_labeling_lineanchortextpoint":null},"geometry":{"type":"MultiPolygon","coordinates":[[[[140.261247399835753,35.741157832260321],[140.262129267835746,35.741743378260324],[140.262335416835754,35.741532446260322],[140.261456469835736,35.740954915260325],[140.261247399835753,35.741157832260321]]]]}},
{"type":"Feature","properties":{"fid":154,"polygon_uuid":"273ff38a-6c91-49b1-96a2-e2f248a17281","Adress":"印西市平賀干拓587,印西市平賀干拓586","Tiban":"587,586","group":"9班","geometry_ID":"797e1a06f9","area":41.0,"auxiliary_storage_labeling_positionx":null,"auxiliary_storage_labeling_positiony":null,"auxiliary_storage_labeling_lineanchorpercent":null,"auxiliary_storage_labeling_lineanchorclipping":null,"auxiliary_storage_labeling_lineanchortype":null,"auxiliary_storage_labeling_lineanchortextpoint":null},"geometry":{"type":"MultiPolygon","coordinates":[[[[140.263591331835755,35.743681525260321],[140.263823861835732,35.744504921260322],[140.263892898835735,35.744489445260321],[140.263974881835736,35.744449554260321],[140.264114406835745,35.744340924260321],[140.264224188835755,35.744259815260321],[140.263929444835753,35.743331557260326],[140.263591331835755,35.743681525260321]]]]}},
{"type":"Feature","properties":{"fid":155,"polygon_uuid":"3de6fee9-7d3f-4bf6-8918-6406b7c55e6a","Adress":"印西市平賀干拓610,印西市平賀干拓609","Tiban":"610,609","group":"9班","geometry_ID":"d04f2c00fa","area":33.0,"auxiliary_storage_labeling_positionx":null,"auxiliary_storage_labeling_positiony":null,"auxiliary_storage_labeling_lineanchorpercent":null,"auxiliary_storage_labeling_lineanchorclipping":null,"auxiliary_storage_labeling_lineanchortype":null,"auxiliary_storage_labeling_lineanchortextpoint":null},"geometry":{"type":"MultiPolygon","coordinates":[[[[140.263390037835734,35.74200653626032],[140.263358168835737,35.741942400260321],[140.263221983835734,35.741824666260321],[140.262989829835732,35.741661915260323],[140.262749043835754,35.741491066260323],[140.262561269835743,35.741386803260326],[140.262331805835743,35.741599113260321],[140.263201906835747,35.742194818260323],[140.263390037835734,35.74200653626032]]]]}},
{"type":"Feature","properties":{"fid":156,"polygon_uuid":"6adaa33e-fbd8-42f3-a335-2459fa3ddf81","Adress":"印西市平賀干拓613,印西市平賀干拓611,印西市平賀干拓612","Tiban":"613,611,612","group":"9班","geometry_ID":"2aef91136f","area":30.0,"auxiliary_storage_labeling_positionx":null,"auxiliary_storage_labeling_positiony":null,"auxiliary_storage_labeling_lineanchorpercent":null,"auxiliary_storage_labeling_lineanchorclipping":null,"auxiliary_storage_labeling_lineanchortype":null,"auxiliary_storage_labeling_lineanchortextpoint":null},"geometry":{"type":"MultiPolygon","coordinates":[[[[140.262331805835743,35.741599113260321],[140.262121704835749,35.741805462260324],[140.262985978835729,35.742390387260322],[140.263201906835747,35.742194818260323],[140.262331805835743,35.741599113260321]]]]}},
{"type":"Feature","properties":{"fid":157,"polygon_uuid":"6d24ffff-fd03-4dac-b6f1-c4199617602b","Adress":"印西市平賀干拓614","Tiban":"614","group":"9班","geometry_ID":"be9dc62b18","area":30.0,"auxiliary_storage_labeling_positionx":null,"auxiliary_storage_labeling_positiony":null,"auxiliary_storage_labeling_lineanchorpercent":null,"auxiliary_storage_labeling_lineanchorclipping":null,"auxiliary_storage_labeling_lineanchortype":null,"auxiliary_storage_labeling_lineanchortextpoint":null},"geometry":{"type":"MultiPolygon","coordinates":[[[[140.262985978835729,35.742390387260322],[140.262121704835749,35.741805462260324],[140.261914767835748,35.742014369260325],[140.262784580835756,35.742589019260322],[140.262985978835729,35.742390387260322]]]]}},
{"type":"Feature","properties":{"fid":158,"polygon_uuid":"8825d766-eeb8-46f4-a530-4a1cb70c4caf","Adress":"柏木土手下172-3,柏木土手下173","Tiban":"172-3,173","group":"11班","geometry_ID":"9afa8430e2","area":15.0,"auxiliary_storage_labeling_positionx":null,"auxiliary_storage_labeling_positiony":null,"auxiliary_storage_labeling_lineanchorpercent":null,"auxiliary_storage_labeling_lineanchorclipping":null,"auxiliary_storage_labeling_lineanchortype":null,"auxiliary_storage_labeling_lineanchortextpoint":null},"geometry":{"type":"MultiPolygon","coordinates":[[[[140.269315979835739,35.743193141260321],[140.26922990983573,35.743876439260326],[140.269446019835755,35.743897419260321],[140.269527223835752,35.743212161260324],[140.269315979835739,35.743193141260321]]]]}},
{"type":"Feature","properties":{"fid":159,"polygon_uuid":"1b7d491d-bd0c-4e76-bdae-97f0f002eeff","Adress":"柏木土手下171","Tiban":"171","group":"11班","geometry_ID":"d5894e5014","area":19.0,"auxiliary_storage_labeling_positionx":null,"auxiliary_storage_labeling_positiony":null,"auxiliary_storage_labeling_lineanchorpercent":null,"auxiliary_storage_labeling_lineanchorclipping":null,"auxiliary_storage_labeling_lineanchortype":null,"auxiliary_storage_labeling_lineanchortextpoint":null},"geometry":{"type":"MultiPolygon","coordinates":[[[[140.270037034835752,35.743241968260321],[140.269767567835743,35.743227118260322],[140.26967182483574,35.743915990260319],[140.269948617835752,35.74393892626032],[140.270037034835752,35.743241968260321]]]]}},
{"type":"Feature","properties":{"fid":160,"polygon_uuid":"8529a032-9f76-47e4-9dff-fa3f58a1fecd","Adress":"柏木土手下174","Tiban":"174","group":"11班","geometry_ID":"c5b664c27c","area":12.0,"auxiliary_storage_labeling_positionx":null,"auxiliary_storage_labeling_positiony":null,"auxiliary_storage_labeling_lineanchorpercent":null,"auxiliary_storage_labeling_lineanchorclipping":null,"auxiliary_storage_labeling_lineanchortype":null,"auxiliary_storage_labeling_lineanchortextpoint":null},"geometry":{"type":"MultiPolygon","coordinates":[[[[140.269280913835729,35.744635913260325],[140.26938975683575,35.743916193260326],[140.26921539983573,35.743900942260325],[140.269129108835756,35.744607872260325],[140.269136119835736,35.744621979260323],[140.269280913835729,35.744635913260325]]]]}},
{"type":"Feature","properties":{"fid":161,"polygon_uuid":"b24736e1-e9d9-4994-819f-34993bdb5881","Adress":"柏木土手下177","Tiban":"177","group":"11班","geometry_ID":"d436102c98","area":20.0,"auxiliary_storage_labeling_positionx":null,"auxiliary_storage_labeling_positiony":null,"auxiliary_storage_labeling_lineanchorpercent":null,"auxiliary_storage_labeling_lineanchorclipping":null,"auxiliary_storage_labeling_lineanchortype":null,"auxiliary_storage_labeling_lineanchortextpoint":null},"geometry":{"type":"MultiPolygon","coordinates":[[[[140.269847191835737,35.744690405260322],[140.269944791835741,35.743964742260324],[140.269670316835743,35.74394073426032],[140.269572177835755,35.744663940260324],[140.269847191835737,35.744690405260322]]]]}},
{"type":"Feature","properties":{"fid":162,"polygon_uuid":"59629299-8ee7-4b7b-afa6-9a2e6da00599","Adress":"柏木土手下181-1","Tiban":"181-1","group":"11班","geometry_ID":"22b83ca6b2","area":8.0,"auxiliary_storage_labeling_positionx":null,"auxiliary_storage_labeling_positiony":null,"auxiliary_storage_labeling_lineanchorpercent":null,"auxiliary_storage_labeling_lineanchorclipping":null,"auxiliary_storage_labeling_lineanchortype":null,"auxiliary_storage_labeling_lineanchortextpoint":null},"geometry":{"type":"MultiPolygon","coordinates":[[[[140.270699206835729,35.744639960260322],[140.270905355835737,35.74449729226032],[140.271119112835748,35.744297835260326],[140.270751864835745,35.744255592260323],[140.270699206835729,35.744639960260322]]]]}},
{"type":"Feature","properties":{"fid":163,"polygon_uuid":"1b5d1855-fbca-4ee9-8404-d4c0260bdc6a","Adress":"柏木土手下183-2","Tiban":"183-2","group":"11班","geometry_ID":"ce4746a198","area":10.0,"auxiliary_storage_labeling_positionx":null,"auxiliary_storage_labeling_positiony":null,"auxiliary_storage_labeling_lineanchorpercent":null,"auxiliary_storage_labeling_lineanchorclipping":null,"auxiliary_storage_labeling_lineanchortype":null,"auxiliary_storage_labeling_lineanchortextpoint":null},"geometry":{"type":"MultiPolygon","coordinates":[[[[140.270138033835735,35.744773329260326],[140.26984152983573,35.744744408260324],[140.269805854835738,35.745072985260322],[140.270090755835753,35.745098378260323],[140.270138033835735,35.744773329260326]]]]}},
{"type":"Feature","properties":{"fid":164,"polygon_uuid":"cdab6132-7415-4f47-9309-a7a4f373de25","Adress":"本佐倉東山857-2","Tiban":"857-2","group":"1班","geometry_ID":"bc2154a4f3","area":3.0,"auxiliary_storage_labeling_positionx":null,"auxiliary_storage_labeling_positiony":null,"auxiliary_storage_labeling_lineanchorpercent":null,"auxiliary_storage_labeling_lineanchorclipping":null,"auxiliary_storage_labeling_lineanchortype":null,"auxiliary_storage_labeling_lineanchortextpoint":null},"geometry":{"type":"MultiPolygon","coordinates":[[[[140.261963287835755,35.73018649726032],[140.261767343835743,35.730135545260325],[140.261714195835737,35.730278538260322],[140.261908141835733,35.730323027260326],[140.261963287835755,35.73018649726032]]]]}},
{"type":"Feature","properties":{"fid":165,"polygon_uuid":"d9018e28-a202-4d4a-b7fe-ffbb7e25e57c","Adress":"本佐倉東山857-1","Tiban":"857-1","group":"1班","geometry_ID":"6ef2a8e6ab","area":9.0,"auxiliary_storage_labeling_positionx":null,"auxiliary_storage_labeling_positiony":null,"auxiliary_storage_labeling_lineanchorpercent":null,"auxiliary_storage_labeling_lineanchorclipping":null,"auxiliary_storage_labeling_lineanchortype":null,"auxiliary_storage_labeling_lineanchortextpoint":null},"geometry":{"type":"MultiPolygon","coordinates":[[[[140.261963287835755,35.73018649726032],[140.262090975835747,35.729858588260321],[140.262163274835729,35.729664300260325],[140.262077368835747,35.729643408260323],[140.262028006835749,35.729751704260323],[140.261930076835739,35.729861839260323],[140.261845096835742,35.729937118260324],[140.261767343835743,35.730135545260325],[140.261963287835755,35.73018649726032]]]]}},
{"type":"Feature","properties":{"fid":166,"polygon_uuid":"e5e7a735-b5bd-4f36-8544-c60d6a42f2d6","Adress":"本佐倉東山860","Tiban":"860","group":"1班","geometry_ID":"94e5883bfd","area":20.0,"auxiliary_storage_labeling_positionx":null,"auxiliary_storage_labeling_positiony":null,"auxiliary_storage_labeling_lineanchorpercent":null,"auxiliary_storage_labeling_lineanchorclipping":null,"auxiliary_storage_labeling_lineanchortype":null,"auxiliary_storage_labeling_lineanchortextpoint":null},"geometry":{"type":"MultiPolygon","coordinates":[[[[140.262354444835751,35.729922241260326],[140.262169771835744,35.730391387260326],[140.262453501835751,35.730456092260326],[140.262704868835755,35.729819238260326],[140.262434071835742,35.729741769260322],[140.262354444835751,35.729922241260326]]]]}},
{"type":"Feature","properties":{"fid":167,"polygon_uuid":"7c66e60d-486a-47cf-a4f0-caf28afa2bbc","Adress":"本佐倉東山859-2","Tiban":"859-2","group":"1班","geometry_ID":"58360469ad","area":13.0,"auxiliary_storage_labeling_positionx":null,"auxiliary_storage_labeling_positiony":null,"auxiliary_storage_labeling_lineanchorpercent":null,"auxiliary_storage_labeling_lineanchorclipping":null,"auxiliary_storage_labeling_lineanchortype":null,"auxiliary_storage_labeling_lineanchortextpoint":null},"geometry":{"type":"MultiPolygon","coordinates":[[[[140.261963287835755,35.73018649726032],[140.261908141835733,35.730323027260326],[140.262169771835744,35.730391387260326],[140.262354444835751,35.729922241260326],[140.262090975835747,35.729858588260321],[140.261963287835755,35.73018649726032]]]]}},
{"type":"Feature","properties":{"fid":168,"polygon_uuid":"1d74bee2-95fb-4884-b393-839a1688dd33","Adress":"本佐倉東山862-1","Tiban":"862-1","group":"1班","geometry_ID":"4e84316585","area":16.0,"auxiliary_storage_labeling_positionx":null,"auxiliary_storage_labeling_positiony":null,"auxiliary_storage_labeling_lineanchorpercent":null,"auxiliary_storage_labeling_lineanchorclipping":null,"auxiliary_storage_labeling_lineanchortype":null,"auxiliary_storage_labeling_lineanchortextpoint":null},"geometry":{"type":"MultiPolygon","coordinates":[[[[140.262371490835733,35.73067684926032],[140.261629536835756,35.730490824260322],[140.26156820883574,35.730690309260325],[140.262295819835742,35.730885323260324],[140.262371490835733,35.73067684926032]]]]}},
{"type":"Feature","properties":{"fid":169,"polygon_uuid":"dbe2730f-1835-44d4-8aed-55d6fd0c908e","Adress":"本佐倉東山861-1,861-2","Tiban":"861-1,861-2","group":"1班","geometry_ID":"d3dec53bad","area":18.0,"auxiliary_storage_labeling_positionx":null,"auxiliary_storage_labeling_positiony":null,"auxiliary_storage_labeling_lineanchorpercent":null,"auxiliary_storage_labeling_lineanchorclipping":null,"auxiliary_storage_labeling_lineanchortype":null,"auxiliary_storage_labeling_lineanchortextpoint":null},"geometry":{"type":"MultiPolygon","coordinates":[[[[140.261908141835733,35.730323027260326],[140.261714195835737,35.730278538260322],[140.261629536835756,35.730490824260322],[140.262371490835733,35.73067684926032],[140.262453501835751,35.730456092260326],[140.262169771835744,35.730391387260326],[140.261908141835733,35.730323027260326]]]]}},
{"type":"Feature","properties":{"fid":170,"polygon_uuid":"5342d3b3-5b58-4323-9c87-bd87a2f596f1","Adress":"本佐倉東山866","Tiban":"866","group":"1班","geometry_ID":"441ce2be65","area":8.0,"auxiliary_storage_labeling_positionx":null,"auxiliary_storage_labeling_positiony":null,"auxiliary_storage_labeling_lineanchorpercent":null,"auxiliary_storage_labeling_lineanchorclipping":null,"auxiliary_storage_labeling_lineanchortype":null,"auxiliary_storage_labeling_lineanchortextpoint":null},"geometry":{"type":"MultiPolygon","coordinates":[[[[140.262238738835748,35.729343957260326],[140.262259808835751,35.729650644260325],[140.262492430835749,35.729706940260321],[140.262474369835729,35.72932632226032],[140.262238738835748,35.729343957260326]]]]}},
{"type":"Feature","properties":{"fid":171,"polygon_uuid":"0c6dfade-d956-4917-8224-41a8b15a85ae","Adress":"本佐倉東山874","Tiban":"874","group":"1班","geometry_ID":"cd2a7b56bc","area":11.0,"auxiliary_storage_labeling_positionx":null,"auxiliary_storage_labeling_positiony":null,"auxiliary_storage_labeling_lineanchorpercent":null,"auxiliary_storage_labeling_lineanchorclipping":null,"auxiliary_storage_labeling_lineanchortype":null,"auxiliary_storage_labeling_lineanchortextpoint":null},"geometry":{"type":"MultiPolygon","coordinates":[[[[140.26195674783574,35.728833081260326],[140.26191685583575,35.728379387260325],[140.261676411835737,35.728389854260321],[140.261705741835755,35.728659398260326],[140.261732063835751,35.728849881260324],[140.26195674783574,35.728833081260326]]]]}},
{"type":"Feature","properties":{"fid":172,"polygon_uuid":"d876bd82-d2d8-4eb0-9ed0-6092f54f9e31","Adress":"本佐倉東山878,本佐倉東山880,本佐倉東山879-2","Tiban":"878,880,879-2","group":"1班","geometry_ID":"96778a7202","area":31.0,"auxiliary_storage_labeling_positionx":null,"auxiliary_storage_labeling_positiony":null,"auxiliary_storage_labeling_lineanchorpercent":null,"auxiliary_storage_labeling_lineanchorclipping":null,"auxiliary_storage_labeling_lineanchortype":null,"auxiliary_storage_labeling_lineanchortextpoint":null},"geometry":{"type":"MultiPolygon","coordinates":[[[[140.262142335835733,35.728339321260322],[140.262406276835748,35.728324804260325],[140.262585832835754,35.728320285260324],[140.262597662835731,35.728308605260324],[140.262554866835757,35.727868498260321],[140.262531055835751,35.727863735260321],[140.261910447835731,35.727898917260326],[140.261897521835749,35.727928055260321],[140.261875504835729,35.727935265260321],[140.261916481835755,35.728359519260323],[140.262142335835733,35.728339321260322]]]]}},
{"type":"Feature","properties":{"fid":173,"polygon_uuid":"a33d3bda-1674-486a-abce-176999119df4","Adress":"本佐倉東山856-2","Tiban":"856-2","group":"1班","geometry_ID":"034d396c65","area":5.0,"auxiliary_storage_labeling_positionx":null,"auxiliary_storage_labeling_positiony":null,"auxiliary_storage_labeling_lineanchorpercent":null,"auxiliary_storage_labeling_lineanchorclipping":null,"auxiliary_storage_labeling_lineanchortype":null,"auxiliary_storage_labeling_lineanchortextpoint":null},"geometry":{"type":"MultiPolygon","coordinates":[[[[140.261641492835736,35.73025343826032],[140.261756809835731,35.729983115260325],[140.26172560583575,35.729970532260324],[140.261609918835745,35.730025838260325],[140.261455539835737,35.730088273260321],[140.261365329835741,35.730140958260321],[140.261333169835751,35.73016399526032],[140.261483583835741,35.730201637260322],[140.261641492835736,35.73025343826032]]]]}},
{"type":"Feature","properties":{"fid":174,"polygon_uuid":"d1dc0f2d-1a9d-483a-acf6-1b8b82568740","Adress":"本佐倉東山856-1","Tiban":"856-1","group":"1班","geometry_ID":"027829e97a","area":10.0,"auxiliary_storage_labeling_positionx":null,"auxiliary_storage_labeling_positiony":null,"auxiliary_storage_labeling_lineanchorpercent":null,"auxiliary_storage_labeling_lineanchorclipping":null,"auxiliary_storage_labeling_lineanchortype":null,"auxiliary_storage_labeling_lineanchortextpoint":null},"geometry":{"type":"MultiPolygon","coordinates":[[[[140.261557664835749,35.730480708260323],[140.261641492835736,35.73025343826032],[140.261483583835741,35.730201637260322],[140.261333169835751,35.73016399526032],[140.261208324835735,35.730258146260326],[140.261191621835735,35.73027190426032],[140.26108321083575,35.730348036260324],[140.261557664835749,35.730480708260323]]]]}},
{"type":"Feature","properties":{"fid":175,"polygon_uuid":"5bb19b0c-ec9a-4726-a27b-347a26dda9e1","Adress":"酒々井宮下744-1","Tiban":"744-1","group":"1班","geometry_ID":"6fcc25943f","area":14.0,"auxiliary_storage_labeling_positionx":null,"auxiliary_storage_labeling_positiony":null,"auxiliary_storage_labeling_lineanchorpercent":null,"auxiliary_storage_labeling_lineanchorclipping":null,"auxiliary_storage_labeling_lineanchortype":null,"auxiliary_storage_labeling_lineanchortextpoint":null},"geometry":{"type":"MultiPolygon","coordinates":[[[[140.266431877835743,35.732067983260322],[140.266454595835739,35.732065721260319],[140.266993489835755,35.731827203260323],[140.266838302835737,35.731626617260325],[140.266314164835734,35.731873803260321],[140.266381809835735,35.731958051260321],[140.266431877835743,35.732067983260322]]]]}},
{"type":"Feature","properties":{"fid":176,"polygon_uuid":"952c4920-6146-42f8-a20a-bd1d7dcebf0e","Adress":"中川拾壱石484-2,中川拾壱石484-1","Tiban":"484-2,484-1","group":"11班","geometry_ID":"98376dba95","area":12.0,"auxiliary_storage_labeling_positionx":null,"auxiliary_storage_labeling_positiony":null,"auxiliary_storage_labeling_lineanchorpercent":null,"auxiliary_storage_labeling_lineanchorclipping":null,"auxiliary_storage_labeling_lineanchortype":null,"auxiliary_storage_labeling_lineanchortextpoint":null},"geometry":{"type":"MultiPolygon","coordinates":[[[[140.267834162835754,35.735715133260321],[140.26764084383575,35.73554624226032],[140.267547971835739,35.735463592260324],[140.267232947835737,35.735183243260323],[140.267103129835732,35.735280040260321],[140.267719721835732,35.735801097260321],[140.267834162835754,35.735715133260321]]]]}},
{"type":"Feature","properties":{"fid":177,"polygon_uuid":"34845aa8-acfa-42f9-8916-2f87d761ff8e","Adress":"中川拾壱石490-1,中川拾壱石491-3","Tiban":"490-1,491-3","group":"11班","geometry_ID":"b557e0afc1","area":6.0,"auxiliary_storage_labeling_positionx":null,"auxiliary_storage_labeling_positiony":null,"auxiliary_storage_labeling_lineanchorpercent":null,"auxiliary_storage_labeling_lineanchorclipping":null,"auxiliary_storage_labeling_lineanchortype":null,"auxiliary_storage_labeling_lineanchortextpoint":null},"geometry":{"type":"MultiPolygon","coordinates":[[[[140.267719721835732,35.735801097260321],[140.267103129835732,35.735280040260321],[140.26704350083574,35.735324501260322],[140.267647640835747,35.735855242260321],[140.267719721835732,35.735801097260321]]]]}},
{"type":"Feature","properties":{"fid":178,"polygon_uuid":"745c196e-768f-43cc-b3d1-e7656afd7e24","Adress":"中川拾壱石491-4,中川拾壱石492-1","Tiban":"491-4,492-1","group":"11班","geometry_ID":"a4d48068cd","area":9.0,"auxiliary_storage_labeling_positionx":null,"auxiliary_storage_labeling_positiony":null,"auxiliary_storage_labeling_lineanchorpercent":null,"auxiliary_storage_labeling_lineanchorclipping":null,"auxiliary_storage_labeling_lineanchortype":null,"auxiliary_storage_labeling_lineanchortextpoint":null},"geometry":{"type":"MultiPolygon","coordinates":[[[[140.26742735183575,35.73602071626032],[140.266822310835749,35.735489427260326],[140.26672824183575,35.735559567260324],[140.267334957835743,35.736090119260325],[140.26742735183575,35.73602071626032]]]]}},
{"type":"Feature","properties":{"fid":179,"polygon_uuid":"965c6729-88c3-463b-99b2-8c0954ee2529","Adress":"中川西方508-1","Tiban":"508-1","group":"11班","geometry_ID":"541ba4f870","area":6.0,"auxiliary_storage_labeling_positionx":null,"auxiliary_storage_labeling_positiony":null,"auxiliary_storage_labeling_lineanchorpercent":null,"auxiliary_storage_labeling_lineanchorclipping":null,"auxiliary_storage_labeling_lineanchortype":null,"auxiliary_storage_labeling_lineanchortextpoint":null},"geometry":{"type":"MultiPolygon","coordinates":[[[[140.266394103835751,35.737559971260325],[140.26598039983574,35.737173620260322],[140.265950854835751,35.737179755260321],[140.26587227883573,35.737234295260322],[140.266310652835756,35.73762457726032],[140.266394103835751,35.737559971260325]]]]}},
{"type":"Feature","properties":{"fid":180,"polygon_uuid":"ca35247b-bd15-4d8c-aa89-78f8a09e1c72","Adress":"中川拾壱石403-1","Tiban":"403-1","group":"11班","geometry_ID":"d68b4ec594","area":3.0,"auxiliary_storage_labeling_positionx":null,"auxiliary_storage_labeling_positiony":null,"auxiliary_storage_labeling_lineanchorpercent":null,"auxiliary_storage_labeling_lineanchorclipping":null,"auxiliary_storage_labeling_lineanchortype":null,"auxiliary_storage_labeling_lineanchortextpoint":null},"geometry":{"type":"MultiPolygon","coordinates":[[[[140.268532196835736,35.736277589260325],[140.268349406835739,35.73641587526032],[140.268539228835749,35.73661239626032],[140.268532196835736,35.736277589260325]]]]}},
{"type":"Feature","properties":{"fid":181,"polygon_uuid":"4362fa17-9e67-4952-9d1d-62497b4865f5","Adress":"中川拾壱石405-1","Tiban":"405-1","group":"11班","geometry_ID":"9422cd96c8","area":20.0,"auxiliary_storage_labeling_positionx":null,"auxiliary_storage_labeling_positiony":null,"auxiliary_storage_labeling_lineanchorpercent":null,"auxiliary_storage_labeling_lineanchorclipping":null,"auxiliary_storage_labeling_lineanchortype":null,"auxiliary_storage_labeling_lineanchortextpoint":null},"geometry":{"type":"MultiPolygon","coordinates":[[[[140.268091982835756,35.736610620260322],[140.267895065835745,35.73675959026032],[140.268498682835741,35.737295934260324],[140.268662147835755,35.737172838260321],[140.268620061835747,35.737100755260322],[140.26860919783573,35.73706384826032],[140.268091982835756,35.736610620260322]]]]}},
{"type":"Feature","properties":{"fid":182,"polygon_uuid":"774d3103-ac61-4417-b8ba-fa59b6799616","Adress":"中川拾壱石459","Tiban":"459","group":"11班","geometry_ID":"cf399a03ca","area":20.0,"auxiliary_storage_labeling_positionx":null,"auxiliary_storage_labeling_positiony":null,"auxiliary_storage_labeling_lineanchorpercent":null,"auxiliary_storage_labeling_lineanchorclipping":null,"auxiliary_storage_labeling_lineanchortype":null,"auxiliary_storage_labeling_lineanchortextpoint":null},"geometry":{"type":"MultiPolygon","coordinates":[[[[140.266860529835753,35.737542216260323],[140.266658476835744,35.737695066260322],[140.26725033583574,35.738235973260323],[140.267459363835741,35.738078572260321],[140.266860529835753,35.737542216260323]]]]}},
{"type":"Feature","properties":{"fid":183,"polygon_uuid":"7e4b4201-62fd-495e-a856-bf1038abf7ca","Adress":"中川拾壱石472","Tiban":"472","group":"11班","geometry_ID":"f7125c4da2","area":20.0,"auxiliary_storage_labeling_positionx":null,"auxiliary_storage_labeling_positiony":null,"auxiliary_storage_labeling_lineanchorpercent":null,"auxiliary_storage_labeling_lineanchorclipping":null,"auxiliary_storage_labeling_lineanchortype":null,"auxiliary_storage_labeling_lineanchortextpoint":null},"geometry":{"type":"MultiPolygon","coordinates":[[[[140.267451525835753,35.737050326260324],[140.266848781835733,35.736519754260321],[140.26664331683574,35.736674636260325],[140.267242447835741,35.737201957260325],[140.267451525835753,35.737050326260324]]]]}},
{"type":"Feature","properties":{"fid":184,"polygon_uuid":"20386176-fff1-4ee3-8a94-d52383fc2416","Adress":"中川拾壱石393-1,中川拾壱石393-2","Tiban":"393-1,393-2","group":"11班","geometry_ID":"2eacfdc706","area":21.0,"auxiliary_storage_labeling_positionx":null,"auxiliary_storage_labeling_positiony":null,"auxiliary_storage_labeling_lineanchorpercent":null,"auxiliary_storage_labeling_lineanchorclipping":null,"auxiliary_storage_labeling_lineanchortype":null,"auxiliary_storage_labeling_lineanchortextpoint":null},"geometry":{"type":"MultiPolygon","coordinates":[[[[140.268517887835742,35.738331162260323],[140.267904364835744,35.737796038260321],[140.267697551835738,35.737953949260323],[140.268301998835739,35.738489817260323],[140.268517887835742,35.738331162260323]]]]}},
{"type":"Feature","properties":{"fid":185,"polygon_uuid":"1b6ce16d-e7f1-44c3-92f2-52bee2f96642","Adress":"上岩橋大鷲172-1","Tiban":"172-1","group":"11班","geometry_ID":"da66271b25","area":32.0,"auxiliary_storage_labeling_positionx":null,"auxiliary_storage_labeling_positiony":null,"auxiliary_storage_labeling_lineanchorpercent":null,"auxiliary_storage_labeling_lineanchorclipping":null,"auxiliary_storage_labeling_lineanchortype":null,"auxiliary_storage_labeling_lineanchortextpoint":null},"geometry":{"type":"MultiPolygon","coordinates":[[[[140.268850688835755,35.742086538260324],[140.27006800883575,35.741140430260323],[140.27003526583573,35.741102654260324],[140.270234253835753,35.740940876260325],[140.270143201835737,35.740865227260322],[140.268689677835738,35.741967750260322],[140.268850688835755,35.742086538260324]]]]}},
{"type":"Feature","properties":{"fid":186,"polygon_uuid":"ce29dbd6-3f9c-43b2-a3f5-5ad93c2c5d43","Adress":"上岩橋大鷲181-1","Tiban":"181-1","group":"11班","geometry_ID":"b994c1830c","area":6.0,"auxiliary_storage_labeling_positionx":null,"auxiliary_storage_labeling_positiony":null,"auxiliary_storage_labeling_lineanchorpercent":null,"auxiliary_storage_labeling_lineanchorclipping":null,"auxiliary_storage_labeling_lineanchortype":null,"auxiliary_storage_labeling_lineanchortextpoint":null},"geometry":{"type":"MultiPolygon","coordinates":[[[[140.270924615835753,35.741546302260325],[140.270680092835732,35.741729438260322],[140.270823190835756,35.74185578126032],[140.271072357835749,35.741668552260322],[140.270924615835753,35.741546302260325]]]]}},
{"type":"Feature","properties":{"fid":187,"polygon_uuid":"4aa8ba76-c9de-4571-8c2f-46cc39368fbc","Adress":"上岩橋中川82","Tiban":"82","group":"11班","geometry_ID":"1513b649a6","area":11.0,"auxiliary_storage_labeling_positionx":null,"auxiliary_storage_labeling_positiony":null,"auxiliary_storage_labeling_lineanchorpercent":null,"auxiliary_storage_labeling_lineanchorclipping":null,"auxiliary_storage_labeling_lineanchortype":null,"auxiliary_storage_labeling_lineanchortextpoint":null},"geometry":{"type":"MultiPolygon","coordinates":[[[[140.268950458835747,35.740946478260319],[140.269111581835745,35.741086108260326],[140.269544358835731,35.740751062260323],[140.269394886835755,35.740617076260321],[140.268950458835747,35.740946478260319]]]]}},
{"type":"Feature","properties":{"fid":188,"polygon_uuid":"3690dbd0-acbf-40d8-8c91-acc83ff75040","Adress":"中川西方568-1","Tiban":"568-1","group":"11班","geometry_ID":"c5cf31826f","area":8.0,"auxiliary_storage_labeling_positionx":null,"auxiliary_storage_labeling_positiony":null,"auxiliary_storage_labeling_lineanchorpercent":null,"auxiliary_storage_labeling_lineanchorclipping":null,"auxiliary_storage_labeling_lineanchortype":null,"auxiliary_storage_labeling_lineanchortextpoint":null},"geometry":{"type":"MultiPolygon","coordinates":[[[[140.26767375183573,35.739002222260325],[140.267935556835738,35.73921934026032],[140.268126268865302,35.73907225672469],[140.267893801313761,35.738848320092451],[140.26767375183573,35.739002222260325]]]]}},
{"type":"Feature","properties":{"fid":189,"polygon_uuid":"1341b716-aa51-43cb-93b0-6dc1c508f183","Adress":"中川西方592-2,中川西方592-1","Tiban":"592-2,592-1","group":"11班","geometry_ID":"57face84c3","area":11.0,"auxiliary_storage_labeling_positionx":null,"auxiliary_storage_labeling_positiony":null,"auxiliary_storage_labeling_lineanchorpercent":null,"auxiliary_storage_labeling_lineanchorclipping":null,"auxiliary_storage_labeling_lineanchortype":null,"auxiliary_storage_labeling_lineanchortextpoint":null},"geometry":{"type":"MultiPolygon","coordinates":[[[[140.269353944835728,35.740477155260322],[140.269550699835747,35.740327247260325],[140.269238341835745,35.740037846260321],[140.269032318835741,35.740188279260323],[140.269353944835728,35.740477155260322]]]]}},
{"type":"Feature","properties":{"fid":190,"polygon_uuid":"e62ad960-4670-4cf9-b3e0-28b25e4a2b99","Adress":"酒々井川場334-1,酒々井川場334-2","Tiban":"334-1,334-2","group":"11班","geometry_ID":"bbb5cc51ce","area":9.0,"auxiliary_storage_labeling_positionx":null,"auxiliary_storage_labeling_positiony":null,"auxiliary_storage_labeling_lineanchorpercent":null,"auxiliary_storage_labeling_lineanchorclipping":null,"auxiliary_storage_labeling_lineanchortype":null,"auxiliary_storage_labeling_lineanchortextpoint":null},"geometry":{"type":"MultiPolygon","coordinates":[[[[140.260524092835738,35.735413395260323],[140.260559563835756,35.735318268260322],[140.259688440835731,35.735099192260321],[140.259657737835738,35.735192574260324],[140.260524092835738,35.735413395260323]]]]}},
{"type":"Feature","properties":{"fid":191,"polygon_uuid":"9f176ab6-8490-4b48-a3c7-4ed82fde8af8","Adress":"酒々井川場334-3","Tiban":"334-3","group":"11班","geometry_ID":"afe13b5611","area":3.0,"auxiliary_storage_labeling_positionx":null,"auxiliary_storage_labeling_positiony":null,"auxiliary_storage_labeling_lineanchorpercent":null,"auxiliary_storage_labeling_lineanchorclipping":null,"auxiliary_storage_labeling_lineanchortype":null,"auxiliary_storage_labeling_lineanchortextpoint":null},"geometry":{"type":"MultiPolygon","coordinates":[[[[140.259643026328234,35.735220902558545],[140.260513138609014,35.735442350053425],[140.260524092835738,35.735413395260323],[140.259657737835738,35.735192574260324],[140.259643026328234,35.735220902558545]]]]}},
{"type":"Feature","properties":{"fid":192,"polygon_uuid":"cec04f77-d69d-4634-95ff-2008fda023e0","Adress":"酒々井川場463","Tiban":"463","group":"11班","geometry_ID":"8703feaab4","area":20.0,"auxiliary_storage_labeling_positionx":null,"auxiliary_storage_labeling_positiony":null,"auxiliary_storage_labeling_lineanchorpercent":null,"auxiliary_storage_labeling_lineanchorclipping":null,"auxiliary_storage_labeling_lineanchortype":null,"auxiliary_storage_labeling_lineanchortextpoint":null},"geometry":{"type":"MultiPolygon","coordinates":[[[[140.265928901835736,35.736873915260325],[140.265073066835754,35.736663579260323],[140.26499173183575,35.736880865260325],[140.265856054835751,35.737085507260325],[140.265928901835736,35.736873915260325]]]]}},
{"type":"Feature","properties":{"fid":193,"polygon_uuid":"93a40cb0-d790-4680-9578-2ded08ddb35d","Adress":"酒々井川場461","Tiban":"461","group":"11班","geometry_ID":"302d23b182","area":21.0,"auxiliary_storage_labeling_positionx":null,"auxiliary_storage_labeling_positiony":null,"auxiliary_storage_labeling_lineanchorpercent":null,"auxiliary_storage_labeling_lineanchorclipping":null,"auxiliary_storage_labeling_lineanchortype":null,"auxiliary_storage_labeling_lineanchortextpoint":null},"geometry":{"type":"MultiPolygon","coordinates":[[[[140.266009061835746,35.736658263260324],[140.266090316835744,35.736431369260323],[140.265227841835753,35.736231059260319],[140.265153646835756,35.736448307260325],[140.266009061835746,35.736658263260324]]]]}},
{"type":"Feature","properties":{"fid":194,"polygon_uuid":"4ebe1493-458f-463d-af6d-ff9686a3756c","Adress":"酒々井川場440-1,酒々井川場440-2","Tiban":"440-1,440-2","group":"11班","geometry_ID":"6ae826d594","area":20.0,"auxiliary_storage_labeling_positionx":null,"auxiliary_storage_labeling_positiony":null,"auxiliary_storage_labeling_lineanchorpercent":null,"auxiliary_storage_labeling_lineanchorclipping":null,"auxiliary_storage_labeling_lineanchortype":null,"auxiliary_storage_labeling_lineanchortextpoint":null},"geometry":{"type":"MultiPolygon","coordinates":[[[[140.265124186835749,35.736446556260326],[140.265205285835748,35.736222306260323],[140.264352008835743,35.73601907626032],[140.264284526835752,35.73624033526032],[140.265124186835749,35.736446556260326]]]]}},
{"type":"Feature","properties":{"fid":195,"polygon_uuid":"9561398d-e40e-4c17-8b70-cd519a2e0524","Adress":"酒々井川場435","Tiban":"435","group":"11班","geometry_ID":"a86a35e8aa","area":20.0,"auxiliary_storage_labeling_positionx":null,"auxiliary_storage_labeling_positiony":null,"auxiliary_storage_labeling_lineanchorpercent":null,"auxiliary_storage_labeling_lineanchorclipping":null,"auxiliary_storage_labeling_lineanchortype":null,"auxiliary_storage_labeling_lineanchortextpoint":null},"geometry":{"type":"MultiPolygon","coordinates":[[[[140.263359346835756,35.736005699260325],[140.264210848835745,35.736215274260324],[140.264295163835754,35.736006320260323],[140.263438036835737,35.73579232726032],[140.263359346835756,35.736005699260325]]]]}},
{"type":"Feature","properties":{"fid":196,"polygon_uuid":"4fcb6c5b-da72-46fc-94d0-0e4b0bcfc4b0","Adress":"酒々井川場445-1","Tiban":"445-1","group":"11班","geometry_ID":"0516c1fad0","area":11.0,"auxiliary_storage_labeling_positionx":null,"auxiliary_storage_labeling_positiony":null,"auxiliary_storage_labeling_lineanchorpercent":null,"auxiliary_storage_labeling_lineanchorclipping":null,"auxiliary_storage_labeling_lineanchortype":null,"auxiliary_storage_labeling_lineanchortextpoint":null},"geometry":{"type":"MultiPolygon","coordinates":[[[[140.265571001835752,35.735227702260325],[140.264716331835729,35.73501896226032],[140.264670517835754,35.73513811926032],[140.265526088835742,35.735348514260323],[140.265571001835752,35.735227702260325]]]]}},
{"type":"Feature","properties":{"fid":197,"polygon_uuid":"0c584b9a-e0b1-4bc6-a579-12185c2c2304","Adress":"酒々井川場453","Tiban":"453","group":"11班","geometry_ID":"9f7804a1ea","area":22.0,"auxiliary_storage_labeling_positionx":null,"auxiliary_storage_labeling_positiony":null,"auxiliary_storage_labeling_lineanchorpercent":null,"auxiliary_storage_labeling_lineanchorclipping":null,"auxiliary_storage_labeling_lineanchortype":null,"auxiliary_storage_labeling_lineanchortextpoint":null},"geometry":{"type":"MultiPolygon","coordinates":[[[[140.26611909883573,35.735491696260326],[140.266439194835755,35.735569377260326],[140.266559826835731,35.735353545260324],[140.265644875835733,35.735135953260325],[140.265562297835743,35.735356570260322],[140.26611909883573,35.735491696260326]]]]}},
{"type":"Feature","properties":{"fid":198,"polygon_uuid":"9a3e33ae-f977-4403-91b0-a9d4f040cd1f","Adress":"酒々井川場458-2","Tiban":"458-2","group":"11班","geometry_ID":"6f2d2ab0bd","area":21.0,"auxiliary_storage_labeling_positionx":null,"auxiliary_storage_labeling_positiony":null,"auxiliary_storage_labeling_lineanchorpercent":null,"auxiliary_storage_labeling_lineanchorclipping":null,"auxiliary_storage_labeling_lineanchortype":null,"auxiliary_storage_labeling_lineanchortextpoint":null},"geometry":{"type":"MultiPolygon","coordinates":[[[[140.266244703835753,35.736000260260326],[140.266331409835743,35.735779164260322],[140.266027374835744,35.73570069126032],[140.26548596783573,35.735560494260326],[140.265402938835734,35.735782312260326],[140.266244703835753,35.736000260260326]]]]}},
{"type":"Feature","properties":{"fid":199,"polygon_uuid":"64eff93f-10a6-4832-9b66-99acad310eb1","Adress":"酒々井川場381-3,酒々井川場381-2","Tiban":"381-3,381-2","group":"11班","geometry_ID":"1e9e8c7537","area":15.0,"auxiliary_storage_labeling_positionx":null,"auxiliary_storage_labeling_positiony":null,"auxiliary_storage_labeling_lineanchorpercent":null,"auxiliary_storage_labeling_lineanchorclipping":null,"auxiliary_storage_labeling_lineanchortype":null,"auxiliary_storage_labeling_lineanchortextpoint":null},"geometry":{"type":"MultiPolygon","coordinates":[[[[140.262476752835738,35.735626068260324],[140.261618474835728,35.735421514260324],[140.261559075835748,35.735573374260326],[140.262418479835731,35.735783369260325],[140.262476752835738,35.735626068260324]]]]}},
{"type":"Feature","properties":{"fid":200,"polygon_uuid":"f2a5edeb-6240-4aec-8c69-6e6acebbdbdd","Adress":"酒々井川場401-1","Tiban":"401-1","group":"11班","geometry_ID":"64224e6675","area":25.0,"auxiliary_storage_labeling_positionx":null,"auxiliary_storage_labeling_positiony":null,"auxiliary_storage_labeling_lineanchorpercent":null,"auxiliary_storage_labeling_lineanchorclipping":null,"auxiliary_storage_labeling_lineanchortype":null,"auxiliary_storage_labeling_lineanchortextpoint":null},"geometry":{"type":"MultiPolygon","coordinates":[[[[140.263393741370862,35.737765426520816],[140.263805945835742,35.73663752326032],[140.263603239835732,35.736582257260324],[140.26318899930709,35.737722771924204],[140.263393741370862,35.737765426520816]]]]}},
{"type":"Feature","properties":{"fid":201,"polygon_uuid":"4da735db-9230-41db-924d-5b5ecd79aed5","Adress":"酒々井川場407-1","Tiban":"407-1","group":"11班","geometry_ID":"e92fad2383","area":7.0,"auxiliary_storage_labeling_positionx":null,"auxiliary_storage_labeling_positiony":null,"auxiliary_storage_labeling_lineanchorpercent":null,"auxiliary_storage_labeling_lineanchorclipping":null,"auxiliary_storage_labeling_lineanchortype":null,"auxiliary_storage_labeling_lineanchortextpoint":null},"geometry":{"type":"MultiPolygon","coordinates":[[[[140.262523017835747,35.73564439826032],[140.263380842835744,35.735857482260322],[140.263408589835734,35.735781965260323],[140.262550862835752,35.735569448260321],[140.262523017835747,35.73564439826032]]]]}},
{"type":"Feature","properties":{"fid":202,"polygon_uuid":"682cb164-9b08-4a45-a26e-b54e9c6d204e","Adress":"酒々井川場414","Tiban":"414","group":"11班","geometry_ID":"2e47b7d7cd","area":5.0,"auxiliary_storage_labeling_positionx":null,"auxiliary_storage_labeling_positiony":null,"auxiliary_storage_labeling_lineanchorpercent":null,"auxiliary_storage_labeling_lineanchorclipping":null,"auxiliary_storage_labeling_lineanchortype":null,"auxiliary_storage_labeling_lineanchortextpoint":null},"geometry":{"type":"MultiPolygon","coordinates":[[[[140.262775205724466,35.734965590407796],[140.263631056867553,35.735176481957403],[140.263650339835749,35.735123999260324],[140.26279405683573,35.734914849260321],[140.262775205724466,35.734965590407796]]]]}},
{"type":"Feature","properties":{"fid":203,"polygon_uuid":"14bb107b-b462-424d-96b5-6c4efacb707f","Adress":"酒々井川場373-3","Tiban":"373-3","group":"11班","geometry_ID":"ae94acc55a","area":5.0,"auxiliary_storage_labeling_positionx":null,"auxiliary_storage_labeling_positiony":null,"auxiliary_storage_labeling_lineanchorpercent":null,"auxiliary_storage_labeling_lineanchorclipping":null,"auxiliary_storage_labeling_lineanchortype":null,"auxiliary_storage_labeling_lineanchortextpoint":null},"geometry":{"type":"MultiPolygon","coordinates":[[[[140.262831442835733,35.734689140260322],[140.262851292835734,35.734632639260326],[140.26199372283574,35.734417244260321],[140.261972154835746,35.734478015260322],[140.262831442835733,35.734689140260322]]]]}},
{"type":"Feature","properties":{"fid":204,"polygon_uuid":"4dcab616-f1d8-447b-8bc4-3a91f0bb1765","Adress":"酒々井川場373-4","Tiban":"373-4","group":"11班","geometry_ID":"ea145fc88b","area":3.0,"auxiliary_storage_labeling_positionx":null,"auxiliary_storage_labeling_positiony":null,"auxiliary_storage_labeling_lineanchorpercent":null,"auxiliary_storage_labeling_lineanchorclipping":null,"auxiliary_storage_labeling_lineanchortype":null,"auxiliary_storage_labeling_lineanchortextpoint":null},"geometry":{"type":"MultiPolygon","coordinates":[[[[140.261962699896173,35.734504003450603],[140.262819773413412,35.734719784312588],[140.262831442835733,35.734689140260322],[140.261972154835746,35.734478015260322],[140.261962699896173,35.734504003450603]]]]}},
{"type":"Feature","properties":{"fid":205,"polygon_uuid":"38dfba57-fb67-438a-9d43-82a88d4195b1","Adress":"酒々井川場376-1","Tiban":"376-1","group":"11班","geometry_ID":"a590cf68ee","area":21.0,"auxiliary_storage_labeling_positionx":null,"auxiliary_storage_labeling_positiony":null,"auxiliary_storage_labeling_lineanchorpercent":null,"auxiliary_storage_labeling_lineanchorclipping":null,"auxiliary_storage_labeling_lineanchortype":null,"auxiliary_storage_labeling_lineanchortextpoint":null},"geometry":{"type":"MultiPolygon","coordinates":[[[[140.262587619835756,35.73534018726032],[140.26266523183574,35.735114848260324],[140.261814946835756,35.734904373260321],[140.261729667835738,35.735129337260325],[140.262587619835756,35.73534018726032]]]]}},
{"type":"Feature","properties":{"fid":206,"polygon_uuid":"bccdb5f2-85be-49fb-ba5a-a4d6a1043f9a","Adress":"馬橋新堤437,馬橋新堤436-1,馬橋新堤438","Tiban":"437,436-1,438","group":"2班","geometry_ID":"01b78ac239","area":39.0,"auxiliary_storage_labeling_positionx":null,"auxiliary_storage_labeling_positiony":null,"auxiliary_storage_labeling_lineanchorpercent":null,"auxiliary_storage_labeling_lineanchorclipping":null,"auxiliary_storage_labeling_lineanchortype":null,"auxiliary_storage_labeling_lineanchortextpoint":null},"geometry":{"type":"MultiPolygon","coordinates":[[[[140.261038052835744,35.711686804260324],[140.261536664835745,35.711911299260322],[140.26194188483575,35.71131465226032],[140.261443530835749,35.711093712260322],[140.261038052835744,35.711686804260324]]]]}},
{"type":"Feature","properties":{"fid":207,"polygon_uuid":"0a366e35-2f3d-411b-8561-23cc51de7d67","Adress":"馬橋新堤439-1","Tiban":"439-1","group":"2班","geometry_ID":"162ec706de","area":14.0,"auxiliary_storage_labeling_positionx":null,"auxiliary_storage_labeling_positiony":null,"auxiliary_storage_labeling_lineanchorpercent":null,"auxiliary_storage_labeling_lineanchorclipping":null,"auxiliary_storage_labeling_lineanchortype":null,"auxiliary_storage_labeling_lineanchortextpoint":null},"geometry":{"type":"MultiPolygon","coordinates":[[[[140.261590038835749,35.710882900260323],[140.261443530835749,35.711093712260322],[140.26194188483575,35.71131465226032],[140.262080630835754,35.711110360260321],[140.261590038835749,35.710882900260323]]]]}},
{"type":"Feature","properties":{"fid":208,"polygon_uuid":"db5d90b0-9586-4d81-94c9-455833a8789b","Adress":"本佐倉新堤186-1,186-3","Tiban":"186-1,186-3","group":"2班","geometry_ID":"8b1effdd32","area":17.0,"auxiliary_storage_labeling_positionx":null,"auxiliary_storage_labeling_positiony":null,"auxiliary_storage_labeling_lineanchorpercent":null,"auxiliary_storage_labeling_lineanchorclipping":null,"auxiliary_storage_labeling_lineanchortype":null,"auxiliary_storage_labeling_lineanchortextpoint":null},"geometry":{"type":"MultiPolygon","coordinates":[[[[140.261654481835734,35.712734475260326],[140.26238471183575,35.713084583260326],[140.262511354835738,35.712921790260324],[140.261781052835744,35.712557758260324],[140.261654481835734,35.712734475260326]]]]}},
{"type":"Feature","properties":{"fid":209,"polygon_uuid":"20cf6521-5cda-4c7d-aef7-c4220c2d2231","Adress":"本佐倉新堤171-3,本佐倉新堤171-2,本佐倉新堤171-1","Tiban":"171-3,171-2,171-1","group":"2班","geometry_ID":"bae1c2f316","area":21.0,"auxiliary_storage_labeling_positionx":null,"auxiliary_storage_labeling_positiony":null,"auxiliary_storage_labeling_lineanchorpercent":null,"auxiliary_storage_labeling_lineanchorclipping":null,"auxiliary_storage_labeling_lineanchortype":null,"auxiliary_storage_labeling_lineanchortextpoint":null},"geometry":{"type":"MultiPolygon","coordinates":[[[[140.262597766835739,35.71291443226032],[140.262451897835746,35.713119421260323],[140.263185192835749,35.713475506260323],[140.263211126835756,35.713475413260326],[140.263366970835733,35.713276733260322],[140.262597766835739,35.71291443226032]]]]}},
{"type":"Feature","properties":{"fid":210,"polygon_uuid":"404a8da3-372d-47c8-ae95-25ff860f1788","Adress":"本佐倉新堤169","Tiban":"169","group":"2班","geometry_ID":"856315fd89","area":21.0,"auxiliary_storage_labeling_positionx":null,"auxiliary_storage_labeling_positiony":null,"auxiliary_storage_labeling_lineanchorpercent":null,"auxiliary_storage_labeling_lineanchorclipping":null,"auxiliary_storage_labeling_lineanchortype":null,"auxiliary_storage_labeling_lineanchortextpoint":null},"geometry":{"type":"MultiPolygon","coordinates":[[[[140.263515017835743,35.713075261260322],[140.262732876835742,35.71271829426032],[140.262597766835739,35.71291443226032],[140.263366970835733,35.713276733260322],[140.263515017835743,35.713075261260322]]]]}},
{"type":"Feature","properties":{"fid":211,"polygon_uuid":"ace72688-3374-458c-b355-219102474378","Adress":"馬橋新堤457-1","Tiban":"457-1","group":"2班","geometry_ID":"34be805cba","area":19.0,"auxiliary_storage_labeling_positionx":null,"auxiliary_storage_labeling_positiony":null,"auxiliary_storage_labeling_lineanchorpercent":null,"auxiliary_storage_labeling_lineanchorclipping":null,"auxiliary_storage_labeling_lineanchortype":null,"auxiliary_storage_labeling_lineanchortextpoint":null},"geometry":{"type":"MultiPolygon","coordinates":[[[[140.262718662835738,35.71192179826032],[140.263459695835735,35.71227203726032],[140.26360132283574,35.712082574260322],[140.262864997835749,35.711725653260324],[140.262718662835738,35.71192179826032]]]]}},
{"type":"Feature","properties":{"fid":212,"polygon_uuid":"26f12ba6-3a99-4d99-8ecd-01069a8eeddd","Adress":"馬橋新堤457-2","Tiban":"457-2","group":"2班","geometry_ID":"dd397a4626","area":19.0,"auxiliary_storage_labeling_positionx":null,"auxiliary_storage_labeling_positiony":null,"auxiliary_storage_labeling_lineanchorpercent":null,"auxiliary_storage_labeling_lineanchorclipping":null,"auxiliary_storage_labeling_lineanchortype":null,"auxiliary_storage_labeling_lineanchortextpoint":null},"geometry":{"type":"MultiPolygon","coordinates":[[[[140.262585734835739,35.712121453260323],[140.263344004835744,35.712461408260324],[140.263459695835735,35.71227203726032],[140.262718662835738,35.71192179826032],[140.262585734835739,35.712121453260323]]]]}},
{"type":"Feature","properties":{"fid":213,"polygon_uuid":"4584a9b4-0bcc-4942-9ada-ac6d4e54d68f","Adress":"馬橋新堤452-1,馬橋新堤454-1,馬橋新堤453-1","Tiban":"452-1,454-1,453-1","group":"2班","geometry_ID":"7d918c8831","area":22.0,"auxiliary_storage_labeling_positionx":null,"auxiliary_storage_labeling_positiony":null,"auxiliary_storage_labeling_lineanchorpercent":null,"auxiliary_storage_labeling_lineanchorclipping":null,"auxiliary_storage_labeling_lineanchortype":null,"auxiliary_storage_labeling_lineanchortextpoint":null},"geometry":{"type":"MultiPolygon","coordinates":[[[[140.261743180835737,35.711743785260325],[140.262541714835749,35.712097333260324],[140.262669454835731,35.711903546260324],[140.262026006835754,35.711609950260325],[140.262099366835741,35.711503068260321],[140.261956382835734,35.71143843526032],[140.261743180835737,35.711743785260325]]]]}},
{"type":"Feature","properties":{"fid":214,"polygon_uuid":"9078e983-3eda-44f2-b918-1745844aa3bb","Adress":"本佐倉向根古谷723-2,本佐倉向根古谷723-4,本佐倉向根古谷723-3","Tiban":"723-2,723-4,723-3","group":"1班","geometry_ID":"f2efc44c09","area":8.0,"auxiliary_storage_labeling_positionx":null,"auxiliary_storage_labeling_positiony":null,"auxiliary_storage_labeling_lineanchorpercent":null,"auxiliary_storage_labeling_lineanchorclipping":null,"auxiliary_storage_labeling_lineanchortype":null,"auxiliary_storage_labeling_lineanchortextpoint":null},"geometry":{"type":"MultiPolygon","coordinates":[[[[140.258396392835749,35.725120394260323],[140.258359284835734,35.724943311260326],[140.258153543835732,35.724964810260325],[140.258028148835734,35.724971014260326],[140.257915082835751,35.724969973260322],[140.257907125835743,35.725135086260323],[140.258396392835749,35.725120394260323]]]]}},
{"type":"Feature","properties":{"fid":215,"polygon_uuid":"17df833e-9965-40b9-8da0-7eae8ea38715","Adress":"本佐倉向根古谷723-1","Tiban":"723-1","group":"1班","geometry_ID":"d5004d8412","area":8.0,"auxiliary_storage_labeling_positionx":null,"auxiliary_storage_labeling_positiony":null,"auxiliary_storage_labeling_lineanchorpercent":null,"auxiliary_storage_labeling_lineanchorclipping":null,"auxiliary_storage_labeling_lineanchortype":null,"auxiliary_storage_labeling_lineanchortextpoint":null},"geometry":{"type":"MultiPolygon","coordinates":[[[[140.258319074835754,35.724751423260322],[140.258127809835742,35.724776190260322],[140.258020111835748,35.724788095260323],[140.257905377835755,35.724805785260322],[140.257915082835751,35.724969973260322],[140.258028148835734,35.724971014260326],[140.258153543835732,35.724964810260325],[140.258359284835734,35.724943311260326],[140.258319074835754,35.724751423260322]]]]}},
{"type":"Feature","properties":{"fid":216,"polygon_uuid":"763b8feb-89fa-4e9e-9a6d-83656251fdf4","Adress":"本佐倉向根古谷723-5","Tiban":"723-5","group":"1班","geometry_ID":"f85a330cbe","area":9.0,"auxiliary_storage_labeling_positionx":null,"auxiliary_storage_labeling_positiony":null,"auxiliary_storage_labeling_lineanchorpercent":null,"auxiliary_storage_labeling_lineanchorclipping":null,"auxiliary_storage_labeling_lineanchortype":null,"auxiliary_storage_labeling_lineanchortextpoint":null},"geometry":{"type":"MultiPolygon","coordinates":[[[[140.258348544835741,35.724759565260321],[140.258414045835735,35.725118027260322],[140.258428208835738,35.725123739260326],[140.258560646835747,35.72511318726032],[140.258574672835749,35.72509297026032],[140.258621389835753,35.724908417260323],[140.258656130835732,35.724797373260323],[140.258685656835752,35.72470219326032],[140.258585047835737,35.724718395260325],[140.258348544835741,35.724759565260321]]]]}},
{"type":"Feature","properties":{"fid":217,"polygon_uuid":"1d75dfb4-8666-4e50-a889-67221f778e54","Adress":"本佐倉向根古谷724-1","Tiban":"724-1","group":"1班","geometry_ID":"f8e6431c7e","area":8.0,"auxiliary_storage_labeling_positionx":null,"auxiliary_storage_labeling_positiony":null,"auxiliary_storage_labeling_lineanchorpercent":null,"auxiliary_storage_labeling_lineanchorclipping":null,"auxiliary_storage_labeling_lineanchortype":null,"auxiliary_storage_labeling_lineanchortextpoint":null},"geometry":{"type":"MultiPolygon","coordinates":[[[[140.258434702835729,35.725305518260321],[140.258394425835746,35.725144787260319],[140.257910013835755,35.72516210226032],[140.257898327835733,35.72533123126032],[140.258434702835729,35.725305518260321]]]]}},
{"type":"Feature","properties":{"fid":218,"polygon_uuid":"ac66f272-5e5a-499a-b030-8fe4bbc58d64","Adress":"本佐倉向根古谷725-2","Tiban":"725-2","group":"1班","geometry_ID":"d67e42112f","area":11.0,"auxiliary_storage_labeling_positionx":null,"auxiliary_storage_labeling_positiony":null,"auxiliary_storage_labeling_lineanchorpercent":null,"auxiliary_storage_labeling_lineanchorclipping":null,"auxiliary_storage_labeling_lineanchortype":null,"auxiliary_storage_labeling_lineanchortextpoint":null},"geometry":{"type":"MultiPolygon","coordinates":[[[[140.258495481835752,35.725660489260321],[140.258472695835735,35.725473927260325],[140.257905788835728,35.725506179260321],[140.257931385835747,35.725697885260324],[140.258495481835752,35.725660489260321]]]]}},
{"type":"Feature","properties":{"fid":219,"polygon_uuid":"eab9bf98-fe41-4097-a780-54eb708db188","Adress":"本佐倉向根古谷725-1","Tiban":"725-1","group":"1班","geometry_ID":"abd12613da","area":10.0,"auxiliary_storage_labeling_positionx":null,"auxiliary_storage_labeling_positiony":null,"auxiliary_storage_labeling_lineanchorpercent":null,"auxiliary_storage_labeling_lineanchorclipping":null,"auxiliary_storage_labeling_lineanchortype":null,"auxiliary_storage_labeling_lineanchortextpoint":null},"geometry":{"type":"MultiPolygon","coordinates":[[[[140.258434702835729,35.725305518260321],[140.257898327835733,35.72533123126032],[140.257898180835753,35.72540392826032],[140.257905788835728,35.725506179260321],[140.258472695835735,35.725473927260325],[140.258434702835729,35.725305518260321]]]]}},
{"type":"Feature","properties":{"fid":220,"polygon_uuid":"c95b6740-d6a4-4e75-927d-aa8a766b702f","Adress":"本佐倉中池726","Tiban":"726","group":"1班","geometry_ID":"16e802ff9f","area":23.0,"auxiliary_storage_labeling_positionx":null,"auxiliary_storage_labeling_positiony":null,"auxiliary_storage_labeling_lineanchorpercent":null,"auxiliary_storage_labeling_lineanchorclipping":null,"auxiliary_storage_labeling_lineanchortype":null,"auxiliary_storage_labeling_lineanchortextpoint":null},"geometry":{"type":"MultiPolygon","coordinates":[[[[140.258542820835743,35.726083968260326],[140.258513032835737,35.725722557260326],[140.258486686835738,35.725708368260321],[140.257948264835733,35.725731691260322],[140.257926524835739,35.725760330260321],[140.257954568835743,35.726117692260324],[140.258542820835743,35.726083968260326]]]]}},
{"type":"Feature","properties":{"fid":221,"polygon_uuid":"3c2f009e-c5e6-4549-bc54-ef8907109f17","Adress":"本佐倉向根古谷720-1","Tiban":"720-1","group":"1班","geometry_ID":"973a522daa","area":5.0,"auxiliary_storage_labeling_positionx":null,"auxiliary_storage_labeling_positiony":null,"auxiliary_storage_labeling_lineanchorpercent":null,"auxiliary_storage_labeling_lineanchorclipping":null,"auxiliary_storage_labeling_lineanchortype":null,"auxiliary_storage_labeling_lineanchortextpoint":null},"geometry":{"type":"MultiPolygon","coordinates":[[[[140.258263459835746,35.724372361260322],[140.258445266835736,35.724344349260321],[140.258635838835744,35.72430334026032],[140.258649925835755,35.724294647260322],[140.258656792835751,35.724257169260326],[140.25856663083573,35.724244523260325],[140.258437520835741,35.72421616826032],[140.258336689835744,35.724190595260325],[140.258207549835731,35.724156478260326],[140.258263459835746,35.724372361260322]]]]}},
{"type":"Feature","properties":{"fid":222,"polygon_uuid":"7bc29991-be49-42c0-b2c6-053ba4b4cbc0","Adress":"本佐倉向根古谷719-1","Tiban":"719-1","group":"1班","geometry_ID":"1f89a98585","area":9.0,"auxiliary_storage_labeling_positionx":null,"auxiliary_storage_labeling_positiony":null,"auxiliary_storage_labeling_lineanchorpercent":null,"auxiliary_storage_labeling_lineanchorclipping":null,"auxiliary_storage_labeling_lineanchortype":null,"auxiliary_storage_labeling_lineanchortextpoint":null},"geometry":{"type":"MultiPolygon","coordinates":[[[[140.258242570835733,35.724386329260319],[140.258193391835732,35.724151630260323],[140.258175710835729,35.724148812260324],[140.258069675835742,35.724141119260324],[140.257967117835733,35.724122754260321],[140.257930065835751,35.724131528260322],[140.257873084835751,35.724379501260323],[140.257875049835746,35.72441694826032],[140.257998722835737,35.724419392260323],[140.258062303835743,35.724416287260325],[140.258242570835733,35.724386329260319]]]]}},
{"type":"Feature","properties":{"fid":223,"polygon_uuid":"44a75049-2a01-4e9f-bad3-a5a0ae26c313","Adress":"本佐倉向根古谷721-1","Tiban":"721-1","group":"1班","geometry_ID":"e48cf3a3f1","area":7.0,"auxiliary_storage_labeling_positionx":null,"auxiliary_storage_labeling_positiony":null,"auxiliary_storage_labeling_lineanchorpercent":null,"auxiliary_storage_labeling_lineanchorclipping":null,"auxiliary_storage_labeling_lineanchortype":null,"auxiliary_storage_labeling_lineanchortextpoint":null},"geometry":{"type":"MultiPolygon","coordinates":[[[[140.258242570835733,35.724386329260319],[140.258062303835743,35.724416287260325],[140.257998722835737,35.724419392260323],[140.257875049835746,35.72441694826032],[140.257873581835753,35.724473134260322],[140.257916735835749,35.724615595260325],[140.258281557835744,35.724572380260319],[140.258242570835733,35.724386329260319]]]]}},
{"type":"Feature","properties":{"fid":224,"polygon_uuid":"e598ebed-edad-419b-932e-145c1765169c","Adress":"本佐倉向根古谷721-2","Tiban":"721-2","group":"1班","geometry_ID":"f7e39ac210","area":3.0,"auxiliary_storage_labeling_positionx":null,"auxiliary_storage_labeling_positiony":null,"auxiliary_storage_labeling_lineanchorpercent":null,"auxiliary_storage_labeling_lineanchorclipping":null,"auxiliary_storage_labeling_lineanchortype":null,"auxiliary_storage_labeling_lineanchortextpoint":null},"geometry":{"type":"MultiPolygon","coordinates":[[[[140.258263535835738,35.724386766260324],[140.258280547835739,35.724461375260326],[140.258681815835729,35.724403825260325],[140.258680086835739,35.724319030260325],[140.258641214835734,35.724317727260321],[140.258450627835742,35.724355854260324],[140.258263535835738,35.724386766260324]]]]}},
{"type":"Feature","properties":{"fid":225,"polygon_uuid":"19f8a4b6-5845-4407-8798-041bc4e68936","Adress":"本佐倉向根古谷722-1","Tiban":"722-1","group":"1班","geometry_ID":"b833ac3655","area":7.0,"auxiliary_storage_labeling_positionx":null,"auxiliary_storage_labeling_positiony":null,"auxiliary_storage_labeling_lineanchorpercent":null,"auxiliary_storage_labeling_lineanchorclipping":null,"auxiliary_storage_labeling_lineanchortype":null,"auxiliary_storage_labeling_lineanchortextpoint":null},"geometry":{"type":"MultiPolygon","coordinates":[[[[140.258281557835744,35.724572380260319],[140.257916735835749,35.724615595260325],[140.257897685835729,35.724687689260321],[140.257905377835755,35.724805785260322],[140.258020111835748,35.724788095260323],[140.258127809835742,35.724776190260322],[140.258319074835754,35.724751423260322],[140.258281557835744,35.724572380260319]]]]}},
{"type":"Feature","properties":{"fid":226,"polygon_uuid":"bee4df5d-319a-465a-87f2-97a7f6f4bed9","Adress":"本佐倉根古谷前915","Tiban":"915","group":"1班","geometry_ID":"b9dbbb674e","area":10.0,"auxiliary_storage_labeling_positionx":null,"auxiliary_storage_labeling_positiony":null,"auxiliary_storage_labeling_lineanchorpercent":null,"auxiliary_storage_labeling_lineanchorclipping":null,"auxiliary_storage_labeling_lineanchortype":null,"auxiliary_storage_labeling_lineanchortextpoint":null},"geometry":{"type":"MultiPolygon","coordinates":[[[[140.261562131835746,35.726878991260321],[140.26150975683575,35.726425341260324],[140.261288630835736,35.726439219260321],[140.261341013835732,35.726894323260325],[140.261562131835746,35.726878991260321]]]]}},
{"type":"Feature","properties":{"fid":227,"polygon_uuid":"8f0b3335-1965-423c-b23c-aa257d785a54","Adress":"本佐倉根古谷前914","Tiban":"914","group":"1班","geometry_ID":"826e90916f","area":11.0,"auxiliary_storage_labeling_positionx":null,"auxiliary_storage_labeling_positiony":null,"auxiliary_storage_labeling_lineanchorpercent":null,"auxiliary_storage_labeling_lineanchorclipping":null,"auxiliary_storage_labeling_lineanchortype":null,"auxiliary_storage_labeling_lineanchortextpoint":null},"geometry":{"type":"MultiPolygon","coordinates":[[[[140.261341013835732,35.726894323260325],[140.261288630835736,35.726439219260321],[140.261076393835737,35.726447247260325],[140.261063961835731,35.726457473260325],[140.261100163835749,35.726889361260326],[140.261112744835742,35.726906772260321],[140.261341013835732,35.726894323260325]]]]}},
{"type":"Feature","properties":{"fid":228,"polygon_uuid":"44536b8c-5e6f-44ff-89bd-15d58283f720","Adress":"本佐倉根古谷前916","Tiban":"916","group":"1班","geometry_ID":"2b324dc6a6","area":10.0,"auxiliary_storage_labeling_positionx":null,"auxiliary_storage_labeling_positiony":null,"auxiliary_storage_labeling_lineanchorpercent":null,"auxiliary_storage_labeling_lineanchorclipping":null,"auxiliary_storage_labeling_lineanchortype":null,"auxiliary_storage_labeling_lineanchortextpoint":null},"geometry":{"type":"MultiPolygon","coordinates":[[[[140.261779706835739,35.72686803426032],[140.261736233835734,35.726411444260322],[140.26150975683575,35.726425341260324],[140.261562131835746,35.726878991260321],[140.261779706835739,35.72686803426032]]]]}},
{"type":"Feature","properties":{"fid":229,"polygon_uuid":"cfef0c56-c9de-4c0d-9618-51388a30fd71","Adress":"本佐倉根古谷前920-1,本佐倉根古谷前921-1,本佐倉根古谷前920-2","Tiban":"920-1,921-1,920-2","group":"1班","geometry_ID":"f594c5ea92","area":14.0,"auxiliary_storage_labeling_positionx":null,"auxiliary_storage_labeling_positiony":null,"auxiliary_storage_labeling_lineanchorpercent":null,"auxiliary_storage_labeling_lineanchorclipping":null,"auxiliary_storage_labeling_lineanchortype":null,"auxiliary_storage_labeling_lineanchortextpoint":null},"geometry":{"type":"MultiPolygon","coordinates":[[[[140.261969860835734,35.72640043026032],[140.262019125835735,35.726852383260322],[140.262316241835748,35.72683896126032],[140.262289080835728,35.726383291260326],[140.261969860835734,35.72640043026032]]]]}},
{"type":"Feature","properties":{"fid":230,"polygon_uuid":"3d8d647b-59eb-40aa-bbb2-a86297b7a8ef","Adress":"本佐倉根古谷前918-1","Tiban":"918-1","group":"1班","geometry_ID":"a291855852","area":11.0,"auxiliary_storage_labeling_positionx":null,"auxiliary_storage_labeling_positiony":null,"auxiliary_storage_labeling_lineanchorpercent":null,"auxiliary_storage_labeling_lineanchorclipping":null,"auxiliary_storage_labeling_lineanchortype":null,"auxiliary_storage_labeling_lineanchortextpoint":null},"geometry":{"type":"MultiPolygon","coordinates":[[[[140.262019125835735,35.726852383260322],[140.261969860835734,35.72640043026032],[140.261736233835734,35.726411444260322],[140.261779706835739,35.72686803426032],[140.262019125835735,35.726852383260322]]]]}},
{"type":"Feature","properties":{"fid":231,"polygon_uuid":"f70e796c-2f6e-437b-90ce-2693108dc736","Adress":"本佐倉根古谷前922","Tiban":"922","group":"1班","geometry_ID":"ead0de2eb2","area":11.0,"auxiliary_storage_labeling_positionx":null,"auxiliary_storage_labeling_positiony":null,"auxiliary_storage_labeling_lineanchorpercent":null,"auxiliary_storage_labeling_lineanchorclipping":null,"auxiliary_storage_labeling_lineanchortype":null,"auxiliary_storage_labeling_lineanchortextpoint":null},"geometry":{"type":"MultiPolygon","coordinates":[[[[140.262159659835731,35.725907552260324],[140.262197361835746,35.72636299626032],[140.262436951835753,35.726347855260322],[140.262393466835732,35.72588981026032],[140.262159659835731,35.725907552260324]]]]}},
{"type":"Feature","properties":{"fid":232,"polygon_uuid":"d5857f94-d1f1-485d-b0dc-a9f0e98ba396","Adress":"本佐倉根古谷前921-2","Tiban":"921-2","group":"1班","geometry_ID":"77baa93616","area":7.0,"auxiliary_storage_labeling_positionx":null,"auxiliary_storage_labeling_positiony":null,"auxiliary_storage_labeling_lineanchorpercent":null,"auxiliary_storage_labeling_lineanchorclipping":null,"auxiliary_storage_labeling_lineanchortype":null,"auxiliary_storage_labeling_lineanchortextpoint":null},"geometry":{"type":"MultiPolygon","coordinates":[[[[140.262289080835728,35.726383291260326],[140.262316241835748,35.72683896126032],[140.262464793835733,35.726831013260323],[140.262428187835752,35.726376977260323],[140.262289080835728,35.726383291260326]]]]}},
{"type":"Feature","properties":{"fid":233,"polygon_uuid":"40f7d6bc-0c54-4543-803a-11d48d6c184a","Adress":"本佐倉根古谷前924-1,本佐倉根古谷前924-2","Tiban":"924-1,924-2","group":"1班","geometry_ID":"bd6847832e","area":9.0,"auxiliary_storage_labeling_positionx":null,"auxiliary_storage_labeling_positiony":null,"auxiliary_storage_labeling_lineanchorpercent":null,"auxiliary_storage_labeling_lineanchorclipping":null,"auxiliary_storage_labeling_lineanchortype":null,"auxiliary_storage_labeling_lineanchortextpoint":null},"geometry":{"type":"MultiPolygon","coordinates":[[[[140.26197053483574,35.72637733026032],[140.26193631083575,35.725924500260319],[140.26189062383574,35.725927967260326],[140.261735571835743,35.725954702260324],[140.261752388835731,35.726097193260323],[140.261753962835741,35.726391017260326],[140.26197053483574,35.72637733026032]]]]}},
{"type":"Feature","properties":{"fid":234,"polygon_uuid":"fb661563-3a59-49b3-9bd7-332877471f51","Adress":"本佐倉根古谷前923","Tiban":"923","group":"1班","geometry_ID":"cf55ff1531","area":10.0,"auxiliary_storage_labeling_positionx":null,"auxiliary_storage_labeling_positiony":null,"auxiliary_storage_labeling_lineanchorpercent":null,"auxiliary_storage_labeling_lineanchorclipping":null,"auxiliary_storage_labeling_lineanchortype":null,"auxiliary_storage_labeling_lineanchortextpoint":null},"geometry":{"type":"MultiPolygon","coordinates":[[[[140.262159659835731,35.725907552260324],[140.26193631083575,35.725924500260319],[140.26197053483574,35.72637733026032],[140.262197361835746,35.72636299626032],[140.262159659835731,35.725907552260324]]]]}},
{"type":"Feature","properties":{"fid":235,"polygon_uuid":"545a0f6f-2be1-46f3-bfe9-3803cb4d62e8","Adress":"本佐倉根古谷前901","Tiban":"901","group":"1班","geometry_ID":"262a6f9c26","area":10.0,"auxiliary_storage_labeling_positionx":null,"auxiliary_storage_labeling_positiony":null,"auxiliary_storage_labeling_lineanchorpercent":null,"auxiliary_storage_labeling_lineanchorclipping":null,"auxiliary_storage_labeling_lineanchortype":null,"auxiliary_storage_labeling_lineanchortextpoint":null},"geometry":{"type":"MultiPolygon","coordinates":[[[[140.259169146835745,35.725980178260322],[140.259739550835747,35.725940704260324],[140.259719234835757,35.725775114260323],[140.259161113835745,35.725798699260324],[140.259169146835745,35.725980178260322]]]]}},
{"type":"Feature","properties":{"fid":236,"polygon_uuid":"3567a12e-ed6a-4870-94ab-27349f7edd42","Adress":"本佐倉根古谷前905,本佐倉根古谷前904","Tiban":"905,904","group":"1班","geometry_ID":"667458a024","area":11.0,"auxiliary_storage_labeling_positionx":null,"auxiliary_storage_labeling_positiony":null,"auxiliary_storage_labeling_lineanchorpercent":null,"auxiliary_storage_labeling_lineanchorclipping":null,"auxiliary_storage_labeling_lineanchortype":null,"auxiliary_storage_labeling_lineanchortextpoint":null},"geometry":{"type":"MultiPolygon","coordinates":[[[[140.259767845835739,35.725946366260324],[140.26033398383575,35.725917414260323],[140.260319765835732,35.725735957260326],[140.259747523835756,35.725761755260322],[140.259767845835739,35.725946366260324]]]]}},
{"type":"Feature","properties":{"fid":237,"polygon_uuid":"9f34db14-d112-43ad-8e71-5b417dddc58d","Adress":"本佐倉根古谷前907","Tiban":"907","group":"1班","geometry_ID":"13a612678f","area":10.0,"auxiliary_storage_labeling_positionx":null,"auxiliary_storage_labeling_positiony":null,"auxiliary_storage_labeling_lineanchorpercent":null,"auxiliary_storage_labeling_lineanchorclipping":null,"auxiliary_storage_labeling_lineanchortype":null,"auxiliary_storage_labeling_lineanchortextpoint":null},"geometry":{"type":"MultiPolygon","coordinates":[[[[140.259778617835735,35.726126820260326],[140.259789522835746,35.726261154260321],[140.25979811183575,35.726303937260326],[140.260362429835737,35.726282488260324],[140.260350839835752,35.726096701260325],[140.259778617835735,35.726126820260326]]]]}},
{"type":"Feature","properties":{"fid":238,"polygon_uuid":"8c607730-53c9-419d-99a5-541246389e8c","Adress":"本佐倉根古谷前906","Tiban":"906","group":"1班","geometry_ID":"6ed9daf3a8","area":10.0,"auxiliary_storage_labeling_positionx":null,"auxiliary_storage_labeling_positiony":null,"auxiliary_storage_labeling_lineanchorpercent":null,"auxiliary_storage_labeling_lineanchorclipping":null,"auxiliary_storage_labeling_lineanchortype":null,"auxiliary_storage_labeling_lineanchortextpoint":null},"geometry":{"type":"MultiPolygon","coordinates":[[[[140.26033398383575,35.725917414260323],[140.259767845835739,35.725946366260324],[140.259778617835735,35.726126820260326],[140.260350839835752,35.726096701260325],[140.26033398383575,35.725917414260323]]]]}},
{"type":"Feature","properties":{"fid":239,"polygon_uuid":"f948050c-8ad6-451f-85a6-346a32ae7584","Adress":"本佐倉根古谷前909-1","Tiban":"909-1","group":"1班","geometry_ID":"043b050da3","area":9.0,"auxiliary_storage_labeling_positionx":null,"auxiliary_storage_labeling_positiony":null,"auxiliary_storage_labeling_lineanchorpercent":null,"auxiliary_storage_labeling_lineanchorclipping":null,"auxiliary_storage_labeling_lineanchortype":null,"auxiliary_storage_labeling_lineanchortextpoint":null},"geometry":{"type":"MultiPolygon","coordinates":[[[[140.260995672835747,35.726276864260321],[140.260429722835738,35.726310951260324],[140.260448148835735,35.72645504826032],[140.26101246883573,35.726433597260325],[140.260995672835747,35.726276864260321]]]]}},
{"type":"Feature","properties":{"fid":240,"polygon_uuid":"a597c313-49a6-4884-bc7d-2457dc536a47","Adress":"本佐倉根古谷前908","Tiban":"908","group":"1班","geometry_ID":"36df4a1f96","area":11.0,"auxiliary_storage_labeling_positionx":null,"auxiliary_storage_labeling_positiony":null,"auxiliary_storage_labeling_lineanchorpercent":null,"auxiliary_storage_labeling_lineanchorclipping":null,"auxiliary_storage_labeling_lineanchortype":null,"auxiliary_storage_labeling_lineanchortextpoint":null},"geometry":{"type":"MultiPolygon","coordinates":[[[[140.25979811183575,35.726303937260326],[140.259815058835756,35.726500510260323],[140.260389897835751,35.726463899260324],[140.260362429835737,35.726282488260324],[140.25979811183575,35.726303937260326]]]]}},
{"type":"Feature","properties":{"fid":241,"polygon_uuid":"3e0a648e-b2f7-4921-8348-902caa61f859","Adress":"本佐倉根古谷前910","Tiban":"910","group":"1班","geometry_ID":"d4cb5bcdbc","area":12.0,"auxiliary_storage_labeling_positionx":null,"auxiliary_storage_labeling_positiony":null,"auxiliary_storage_labeling_lineanchorpercent":null,"auxiliary_storage_labeling_lineanchorclipping":null,"auxiliary_storage_labeling_lineanchortype":null,"auxiliary_storage_labeling_lineanchortextpoint":null},"geometry":{"type":"MultiPolygon","coordinates":[[[[140.260837644835732,35.726070261260325],[140.260403802835754,35.72609003126032],[140.260429722835738,35.726310951260324],[140.260995672835747,35.726276864260321],[140.260974743835732,35.726093744260325],[140.260918094835745,35.726085703260324],[140.260837644835732,35.726070261260325]]]]}},
{"type":"Feature","properties":{"fid":242,"polygon_uuid":"82ab1317-2799-41f0-af3b-115868d75510","Adress":"本佐倉根古谷前892-1","Tiban":"892-1","group":"1班","geometry_ID":"a7ac0f7d35","area":16.0,"auxiliary_storage_labeling_positionx":null,"auxiliary_storage_labeling_positiony":null,"auxiliary_storage_labeling_lineanchorpercent":null,"auxiliary_storage_labeling_lineanchorclipping":null,"auxiliary_storage_labeling_lineanchortype":null,"auxiliary_storage_labeling_lineanchortextpoint":null},"geometry":{"type":"MultiPolygon","coordinates":[[[[140.261051117835734,35.726817373260324],[140.260487456835733,35.726853980260323],[140.260495788835755,35.72693639026032],[140.26049831283575,35.727030346260321],[140.260524664835742,35.727043441260321],[140.260540898835728,35.727054922260322],[140.260585480835744,35.727074546260326],[140.260615840835754,35.727081033260326],[140.260680612835756,35.727095640260323],[140.260708960835728,35.727103782260322],[140.260741324835749,35.727106963260326],[140.260773688835741,35.727110146260323],[140.26081012283575,35.727118259260322],[140.260840473835742,35.727123096260321],[140.260872846835753,35.727127927260319],[140.260903188835755,35.727131116260324],[140.260931554835736,35.727142555260322],[140.260963962835746,35.727153980260326],[140.260994322835757,35.727160466260322],[140.261018617835731,35.727166973260324],[140.261038860835754,35.727171848260326],[140.261065203835756,35.727183293260325],[140.261065177835746,35.727178348260324],[140.261053844835743,35.726949244260325],[140.261051117835734,35.726817373260324]]]]}},
{"type":"Feature","properties":{"fid":243,"polygon_uuid":"09f6e019-8e7c-4455-85c8-f2db94db315b","Adress":"本佐倉根古谷前896-1,本佐倉根古谷前895,本佐倉根古谷前896-3,本佐倉根古谷前896-2","Tiban":"896-1,895,896-3,896-2","group":"1班","geometry_ID":"14d5105c45","area":19.0,"auxiliary_storage_labeling_positionx":null,"auxiliary_storage_labeling_positiony":null,"auxiliary_storage_labeling_lineanchorpercent":null,"auxiliary_storage_labeling_lineanchorclipping":null,"auxiliary_storage_labeling_lineanchortype":null,"auxiliary_storage_labeling_lineanchortextpoint":null},"geometry":{"type":"MultiPolygon","coordinates":[[[[140.259948773835731,35.72671907726032],[140.260037831835746,35.726738543260325],[140.260112790835734,35.726767951260321],[140.260151307835741,35.726787597260326],[140.260183732835742,35.726802318260326],[140.260262867835735,35.72685643826032],[140.26030351183573,35.726895859260324],[140.260354282835749,35.726938540260321],[140.260374630835742,35.726963196260321],[140.260399004835733,35.726984540260325],[140.260419317835755,35.72700260226032],[140.260453783835743,35.727020613260322],[140.260463890835751,35.727020577260326],[140.260453034835734,35.726880492260321],[140.260440323835752,35.726771735260321],[140.26040844183575,35.726480060260322],[140.259828415835756,35.726516736260322],[140.259835200835738,35.726651890260321],[140.259841529835739,35.726701323260322],[140.259884001835729,35.726704470260323],[140.259948773835731,35.72671907726032]]]]}},
{"type":"Feature","properties":{"fid":244,"polygon_uuid":"ad643b5b-256f-40b9-8ef2-59b36bc245e2","Adress":"本佐倉中池731","Tiban":"731","group":"1班","geometry_ID":"09e1a5ad7b","area":11.0,"auxiliary_storage_labeling_positionx":null,"auxiliary_storage_labeling_positiony":null,"auxiliary_storage_labeling_lineanchorpercent":null,"auxiliary_storage_labeling_lineanchorclipping":null,"auxiliary_storage_labeling_lineanchortype":null,"auxiliary_storage_labeling_lineanchortextpoint":null},"geometry":{"type":"MultiPolygon","coordinates":[[[[140.257701814835741,35.726372642260323],[140.257803185835741,35.726632211260323],[140.257914557835733,35.72685707926032],[140.258085526835742,35.726767353260321],[140.258078985835738,35.726746406260325],[140.257989906835746,35.726517799260321],[140.257918269835756,35.726345050260321],[140.257871039835749,35.726329490260326],[140.257817436835751,35.72632443626032],[140.257751086835754,35.726340397260323],[140.257701814835741,35.726372642260323]]]]}},
{"type":"Feature","properties":{"fid":245,"polygon_uuid":"7efa04ac-76f1-4643-86cd-8e315cc148f1","Adress":"本佐倉中池727-2","Tiban":"727-2","group":"1班","geometry_ID":"aecb18243f","area":33.0,"auxiliary_storage_labeling_positionx":null,"auxiliary_storage_labeling_positiony":null,"auxiliary_storage_labeling_lineanchorpercent":null,"auxiliary_storage_labeling_lineanchorclipping":null,"auxiliary_storage_labeling_lineanchortype":null,"auxiliary_storage_labeling_lineanchortextpoint":null},"geometry":{"type":"MultiPolygon","coordinates":[[[[140.258542820835743,35.726083968260326],[140.257954568835743,35.726117692260324],[140.257966439835741,35.726268955260323],[140.258161498835733,35.726734909260323],[140.25859898683575,35.726668785260323],[140.258542820835743,35.726083968260326]]]]}},
{"type":"Feature","properties":{"fid":246,"polygon_uuid":"695eac4e-0a5d-42f6-b5bb-dadbdc924e93","Adress":"本佐倉中池732","Tiban":"732","group":"1班","geometry_ID":"d6424c734f","area":11.0,"auxiliary_storage_labeling_positionx":null,"auxiliary_storage_labeling_positiony":null,"auxiliary_storage_labeling_lineanchorpercent":null,"auxiliary_storage_labeling_lineanchorclipping":null,"auxiliary_storage_labeling_lineanchortype":null,"auxiliary_storage_labeling_lineanchortextpoint":null},"geometry":{"type":"MultiPolygon","coordinates":[[[[140.257522691835732,35.72651245726032],[140.25757499483575,35.726640880260319],[140.257700773835751,35.726955693260322],[140.257779833835741,35.726911726260326],[140.257914557835733,35.72685707926032],[140.257803185835741,35.726632211260323],[140.257701814835741,35.726372642260323],[140.257657118835738,35.726401891260323],[140.257522691835732,35.72651245726032]]]]}},
{"type":"Feature","properties":{"fid":247,"polygon_uuid":"573bf98c-e1c9-42be-ac60-bfc3c5358118","Adress":"本佐倉中池735-1,本佐倉中池734","Tiban":"735-1,734","group":"1班","geometry_ID":"bf1720b89c","area":18.0,"auxiliary_storage_labeling_positionx":null,"auxiliary_storage_labeling_positiony":null,"auxiliary_storage_labeling_lineanchorpercent":null,"auxiliary_storage_labeling_lineanchorclipping":null,"auxiliary_storage_labeling_lineanchortype":null,"auxiliary_storage_labeling_lineanchortextpoint":null},"geometry":{"type":"MultiPolygon","coordinates":[[[[140.257264557835754,35.727138969260324],[140.257320276835742,35.727138772260325],[140.257519385835735,35.727051838260323],[140.25744134583573,35.726898232260325],[140.257333973835756,35.726654835260319],[140.25729187783574,35.726599552260325],[140.257171708835756,35.726602816260325],[140.257079447835736,35.726582171260326],[140.25697864183573,35.726566798260322],[140.257038791835754,35.726760724260323],[140.257087745835747,35.726899478260322],[140.257130131835737,35.72701204226032],[140.25720681583573,35.727161889260323],[140.257264557835754,35.727138969260324]]]]}},
{"type":"Feature","properties":{"fid":248,"polygon_uuid":"ffb8efe1-baa9-4c4a-b1b4-06b4b731d5e0","Adress":"本佐倉中池738-1","Tiban":"738-1","group":"1班","geometry_ID":"cf6e03bd07","area":15.0,"auxiliary_storage_labeling_positionx":null,"auxiliary_storage_labeling_positiony":null,"auxiliary_storage_labeling_lineanchorpercent":null,"auxiliary_storage_labeling_lineanchorclipping":null,"auxiliary_storage_labeling_lineanchortype":null,"auxiliary_storage_labeling_lineanchortextpoint":null},"geometry":{"type":"MultiPolygon","coordinates":[[[[140.259057460835749,35.726170507260321],[140.258580209835742,35.726204627260323],[140.258594275835748,35.726355023260325],[140.258609188835749,35.726514464260326],[140.259092250835749,35.726488130260321],[140.25907032783573,35.726263773260321],[140.259057460835749,35.726170507260321]]]]}},
{"type":"Feature","properties":{"fid":249,"polygon_uuid":"d8aa4548-7938-4bf2-addf-971e491c8aba","Adress":"本佐倉中池739-1","Tiban":"739-1","group":"1班","geometry_ID":"9f0b488590","area":8.0,"auxiliary_storage_labeling_positionx":null,"auxiliary_storage_labeling_positiony":null,"auxiliary_storage_labeling_lineanchorpercent":null,"auxiliary_storage_labeling_lineanchorclipping":null,"auxiliary_storage_labeling_lineanchortype":null,"auxiliary_storage_labeling_lineanchortextpoint":null},"geometry":{"type":"MultiPolygon","coordinates":[[[[140.259057460835749,35.726170507260321],[140.259019877835755,35.726082373260326],[140.258991133835735,35.726036076260321],[140.258929803835741,35.72599222126032],[140.258560368835731,35.726015258260325],[140.258580209835742,35.726204627260323],[140.259057460835749,35.726170507260321]]]]}},
{"type":"Feature","properties":{"fid":250,"polygon_uuid":"08255ee1-09fe-4c07-ad7b-e6658158f6d0","Adress":"本佐倉中池740-1","Tiban":"740-1","group":"1班","geometry_ID":"abc894fa85","area":7.0,"auxiliary_storage_labeling_positionx":null,"auxiliary_storage_labeling_positiony":null,"auxiliary_storage_labeling_lineanchorpercent":null,"auxiliary_storage_labeling_lineanchorclipping":null,"auxiliary_storage_labeling_lineanchortype":null,"auxiliary_storage_labeling_lineanchortextpoint":null},"geometry":{"type":"MultiPolygon","coordinates":[[[[140.258560368835731,35.726015258260325],[140.258929803835741,35.72599222126032],[140.258866061835732,35.725936877260324],[140.25879993983574,35.725875793260322],[140.258736167835735,35.725814701260326],[140.258693625835747,35.725768864260324],[140.258638248835751,35.725711029260324],[140.258526955835748,35.725711423260321],[140.258560368835731,35.726015258260325]]]]}},
{"type":"Feature","properties":{"fid":251,"polygon_uuid":"6e22a0a0-07c1-4a09-abb3-b402ef1de555","Adress":"本佐倉寺坂941","Tiban":"941","group":"1班","geometry_ID":"4857a04196","area":10.0,"auxiliary_storage_labeling_positionx":null,"auxiliary_storage_labeling_positiony":null,"auxiliary_storage_labeling_lineanchorpercent":null,"auxiliary_storage_labeling_lineanchorclipping":null,"auxiliary_storage_labeling_lineanchortype":null,"auxiliary_storage_labeling_lineanchortextpoint":null},"geometry":{"type":"MultiPolygon","coordinates":[[[[140.262452162835729,35.72341481326032],[140.262407133835751,35.723882609260322],[140.262620778835753,35.723898921260322],[140.262677257835747,35.723430593260325],[140.262452162835729,35.72341481326032]]]]}},
{"type":"Feature","properties":{"fid":252,"polygon_uuid":"d3e87ed6-8bd4-4650-bef1-ca6e74623b5a","Adress":"本佐倉寺坂942","Tiban":"942","group":"1班","geometry_ID":"c1e624aaaf","area":6.0,"auxiliary_storage_labeling_positionx":null,"auxiliary_storage_labeling_positiony":null,"auxiliary_storage_labeling_lineanchorpercent":null,"auxiliary_storage_labeling_lineanchorclipping":null,"auxiliary_storage_labeling_lineanchortype":null,"auxiliary_storage_labeling_lineanchortextpoint":null},"geometry":{"type":"MultiPolygon","coordinates":[[[[140.262704920835745,35.72319179726032],[140.262470120835729,35.723134586260322],[140.262450575835743,35.72339416626032],[140.262687259835729,35.723412102260326],[140.262704920835745,35.72319179726032]]]]}},
{"type":"Feature","properties":{"fid":253,"polygon_uuid":"2164eb1c-0432-4e0d-9f11-8c6a4b2a9601","Adress":"本佐倉寺坂944","Tiban":"944","group":"1班","geometry_ID":"525e83db12","area":13.0,"auxiliary_storage_labeling_positionx":null,"auxiliary_storage_labeling_positiony":null,"auxiliary_storage_labeling_lineanchorpercent":null,"auxiliary_storage_labeling_lineanchorclipping":null,"auxiliary_storage_labeling_lineanchortype":null,"auxiliary_storage_labeling_lineanchortextpoint":null},"geometry":{"type":"MultiPolygon","coordinates":[[[[140.262491847835747,35.722891389260326],[140.262422715835754,35.722883782260325],[140.262387407835746,35.722936834260324],[140.262306221835729,35.723024196260326],[140.262245799835739,35.72307904526032],[140.262200387835748,35.723125138260322],[140.262134288835739,35.723199177260319],[140.26208478083575,35.723267133260322],[140.262039992835753,35.723352947260324],[140.262450575835743,35.72339416626032],[140.262470120835729,35.723134586260322],[140.262491847835747,35.722891389260326]]]]}},
{"type":"Feature","properties":{"fid":254,"polygon_uuid":"cb679f16-df96-489d-8ccc-645597316b68","Adress":"本佐倉根古谷前926-1,本佐倉根古谷前926-3,本佐倉根古谷前926-2,本佐倉根古谷前927","Tiban":"926-1,926-3,926-2,927","group":"1班","geometry_ID":"3e84d74b03","area":15.0,"auxiliary_storage_labeling_positionx":140.26088653271412,"auxiliary_storage_labeling_positiony":35.725950593723738,"auxiliary_storage_labeling_lineanchorpercent":null,"auxiliary_storage_labeling_lineanchorclipping":null,"auxiliary_storage_labeling_lineanchortype":null,"auxiliary_storage_labeling_lineanchortextpoint":null},"geometry":{"type":"MultiPolygon","coordinates":[[[[140.261522118835757,35.72640202326032],[140.261488203835739,35.726064677260325],[140.261263527835752,35.726081476260326],[140.261242199835749,35.726096098260321],[140.261090644835747,35.726109728260326],[140.261088985835755,35.726133008260319],[140.261037373835734,35.726135318260326],[140.261070742835756,35.72642906926032],[140.261522118835757,35.72640202326032]]]]}},
{"type":"Feature","properties":{"fid":255,"polygon_uuid":"0038ec90-386d-44d9-92d9-993d45bcf61d","Adress":"本佐倉根古谷前925-2","Tiban":"925-2","group":"1班","geometry_ID":"8c4a8bab32","area":3.0,"auxiliary_storage_labeling_positionx":null,"auxiliary_storage_labeling_positiony":null,"auxiliary_storage_labeling_lineanchorpercent":null,"auxiliary_storage_labeling_lineanchorclipping":null,"auxiliary_storage_labeling_lineanchortype":null,"auxiliary_storage_labeling_lineanchortextpoint":null},"geometry":{"type":"MultiPolygon","coordinates":[[[[140.261651582210078,35.726395075725982],[140.261625487517364,35.72605062578225],[140.261579163835734,35.726061444260324],[140.261525672835745,35.726065998260324],[140.261552428835756,35.726399006260323],[140.261651582210078,35.726395075725982]]]]}},
{"type":"Feature","properties":{"fid":256,"polygon_uuid":"6a448079-2390-46e9-815c-d461d935ed6b","Adress":"本佐倉寺坂928-1","Tiban":"928-1","group":"1班","geometry_ID":"c8b840522b","area":14.0,"auxiliary_storage_labeling_positionx":null,"auxiliary_storage_labeling_positiony":null,"auxiliary_storage_labeling_lineanchorpercent":null,"auxiliary_storage_labeling_lineanchorclipping":null,"auxiliary_storage_labeling_lineanchortype":null,"auxiliary_storage_labeling_lineanchortextpoint":null},"geometry":{"type":"MultiPolygon","coordinates":[[[[140.261968644835747,35.725360598260323],[140.261930122835736,35.725589780260322],[140.261883976835747,35.725879492260326],[140.261899921835749,35.725888079260322],[140.262170103835729,35.725867669260325],[140.262217665835749,35.72537516026032],[140.261968644835747,35.725360598260323]]]]}},
{"type":"Feature","properties":{"fid":257,"polygon_uuid":"a60f6ac6-ff92-4d26-ac46-bea1dd423b12","Adress":"本佐倉寺坂932","Tiban":"932","group":"1班","geometry_ID":"93e917be57","area":6.0,"auxiliary_storage_labeling_positionx":null,"auxiliary_storage_labeling_positiony":null,"auxiliary_storage_labeling_lineanchorpercent":null,"auxiliary_storage_labeling_lineanchorclipping":null,"auxiliary_storage_labeling_lineanchortype":null,"auxiliary_storage_labeling_lineanchortextpoint":null},"geometry":{"type":"MultiPolygon","coordinates":[[[[140.262108404835743,35.724374774260326],[140.261883530835746,35.724353756260321],[140.261892784835737,35.724416271260324],[140.261941483835756,35.724516465260322],[140.261972400835731,35.724626905260322],[140.262005568835747,35.724824613260324],[140.262050202835752,35.724831726260319],[140.262108404835743,35.724374774260326]]]]}},
{"type":"Feature","properties":{"fid":258,"polygon_uuid":"537257e2-4aa8-4b35-b71e-19f91d21fd6f","Adress":"本佐倉寺坂931","Tiban":"931","group":"1班","geometry_ID":"b8615aa7ba","area":12.0,"auxiliary_storage_labeling_positionx":null,"auxiliary_storage_labeling_positiony":null,"auxiliary_storage_labeling_lineanchorpercent":null,"auxiliary_storage_labeling_lineanchorclipping":null,"auxiliary_storage_labeling_lineanchortype":null,"auxiliary_storage_labeling_lineanchortextpoint":null},"geometry":{"type":"MultiPolygon","coordinates":[[[[140.26196850483575,35.725334668260324],[140.262225472835752,35.725351335260321],[140.262273477835748,35.724884135260325],[140.262020635835739,35.724870234260322],[140.262006580835731,35.724884690260325],[140.26196850483575,35.725334668260324]]]]}},
{"type":"Feature","properties":{"fid":259,"polygon_uuid":"5a676d1e-611e-49dd-8089-5bae6fe0b48d","Adress":"本佐倉寺坂934","Tiban":"934","group":"1班","geometry_ID":"2e26a6acba","area":11.0,"auxiliary_storage_labeling_positionx":null,"auxiliary_storage_labeling_positiony":null,"auxiliary_storage_labeling_lineanchorpercent":null,"auxiliary_storage_labeling_lineanchorclipping":null,"auxiliary_storage_labeling_lineanchortype":null,"auxiliary_storage_labeling_lineanchortextpoint":null},"geometry":{"type":"MultiPolygon","coordinates":[[[[140.26232791183574,35.72439290226032],[140.262273270835749,35.724848387260323],[140.262507049835733,35.724866463260319],[140.26256702583575,35.724408049260326],[140.26232791183574,35.72439290226032]]]]}},
{"type":"Feature","properties":{"fid":260,"polygon_uuid":"86aeb89b-959e-4d7d-a4b9-230fb9ce9c77","Adress":"本佐倉寺坂933","Tiban":"933","group":"1班","geometry_ID":"58e0d779cb","area":10.0,"auxiliary_storage_labeling_positionx":null,"auxiliary_storage_labeling_positiony":null,"auxiliary_storage_labeling_lineanchorpercent":null,"auxiliary_storage_labeling_lineanchorclipping":null,"auxiliary_storage_labeling_lineanchortype":null,"auxiliary_storage_labeling_lineanchortextpoint":null},"geometry":{"type":"MultiPolygon","coordinates":[[[[140.26232791183574,35.72439290226032],[140.262108404835743,35.724374774260326],[140.262050202835752,35.724831726260319],[140.262273270835749,35.724848387260323],[140.26232791183574,35.72439290226032]]]]}},
{"type":"Feature","properties":{"fid":261,"polygon_uuid":"4f535fe4-32d4-4e4c-b96d-475905b0f33c","Adress":"本佐倉寺坂936-1,本佐倉寺坂936-3","Tiban":"936-1,936-3","group":"1班","geometry_ID":"fe08e2c11c","area":10.0,"auxiliary_storage_labeling_positionx":null,"auxiliary_storage_labeling_positiony":null,"auxiliary_storage_labeling_lineanchorpercent":null,"auxiliary_storage_labeling_lineanchorclipping":null,"auxiliary_storage_labeling_lineanchortype":null,"auxiliary_storage_labeling_lineanchortextpoint":null},"geometry":{"type":"MultiPolygon","coordinates":[[[[140.262117222835741,35.724355833260326],[140.262334937835732,35.724372512260324],[140.26238419583575,35.72391122826032],[140.262175407835741,35.723895971260326],[140.262117222835741,35.724355833260326]]]]}},
{"type":"Feature","properties":{"fid":262,"polygon_uuid":"75a72859-a292-4fe4-8ec3-9bcf142c89a5","Adress":"本佐倉寺坂935-1","Tiban":"935-1","group":"1班","geometry_ID":"f3ff76133f","area":11.0,"auxiliary_storage_labeling_positionx":null,"auxiliary_storage_labeling_positiony":null,"auxiliary_storage_labeling_lineanchorpercent":null,"auxiliary_storage_labeling_lineanchorclipping":null,"auxiliary_storage_labeling_lineanchortype":null,"auxiliary_storage_labeling_lineanchortextpoint":null},"geometry":{"type":"MultiPolygon","coordinates":[[[[140.26238419583575,35.72391122826032],[140.262334937835732,35.724372512260324],[140.262566923835749,35.724389140260321],[140.262617979835738,35.723930758260323],[140.26238419583575,35.72391122826032]]]]}},
{"type":"Feature","properties":{"fid":263,"polygon_uuid":"80538e94-298e-49b0-ae38-539aea736f87","Adress":"本佐倉寺坂937","Tiban":"937","group":"1班","geometry_ID":"17c1c7aabf","area":12.0,"auxiliary_storage_labeling_positionx":null,"auxiliary_storage_labeling_positiony":null,"auxiliary_storage_labeling_lineanchorpercent":null,"auxiliary_storage_labeling_lineanchorclipping":null,"auxiliary_storage_labeling_lineanchortype":null,"auxiliary_storage_labeling_lineanchortextpoint":null},"geometry":{"type":"MultiPolygon","coordinates":[[[[140.262175407835741,35.723895971260326],[140.261968388835754,35.723877799260322],[140.26189982683573,35.724065686260325],[140.261827579835739,35.724231769260321],[140.261817086835748,35.724271080260323],[140.261826231835755,35.724313231260325],[140.261854896835729,35.724336403260324],[140.262117222835741,35.724355833260326],[140.262175407835741,35.723895971260326]]]]}},
{"type":"Feature","properties":{"fid":264,"polygon_uuid":"e87d6b21-6294-481b-9726-0ec731b18137","Adress":"佐倉市大佐倉松合1500-1,佐倉市大佐倉松合1500-2","Tiban":"1500-1,1500-2","group":"1班","geometry_ID":"e177c67415","area":17.0,"auxiliary_storage_labeling_positionx":null,"auxiliary_storage_labeling_positiony":null,"auxiliary_storage_labeling_lineanchorpercent":null,"auxiliary_storage_labeling_lineanchorclipping":null,"auxiliary_storage_labeling_lineanchortype":null,"auxiliary_storage_labeling_lineanchortextpoint":null},"geometry":{"type":"MultiPolygon","coordinates":[[[[140.25953134583574,35.730651072260322],[140.259601974835732,35.730470296260322],[140.258748913835745,35.730248982260321],[140.258679627835733,35.730424129260321],[140.25953134583574,35.730651072260322]]]]}},
{"type":"Feature","properties":{"fid":265,"polygon_uuid":"600f25b5-f86f-4b6a-b4af-6a78862c5a67","Adress":"酒々井西井戸16","Tiban":"16","group":"1班","geometry_ID":"e2be2395db","area":10.0,"auxiliary_storage_labeling_positionx":null,"auxiliary_storage_labeling_positiony":null,"auxiliary_storage_labeling_lineanchorpercent":null,"auxiliary_storage_labeling_lineanchorclipping":null,"auxiliary_storage_labeling_lineanchortype":null,"auxiliary_storage_labeling_lineanchortextpoint":null},"geometry":{"type":"MultiPolygon","coordinates":[[[[140.262972893835752,35.724915712260319],[140.263038155835744,35.724445643260324],[140.262814230835744,35.724426189260321],[140.262771223835756,35.724897522260321],[140.262972893835752,35.724915712260319]]]]}},
{"type":"Feature","properties":{"fid":266,"polygon_uuid":"a329df9a-36a8-4aa6-83dc-acf6cf890449","Adress":"酒々井西井戸15","Tiban":"15","group":"1班","geometry_ID":"ae6ddde1fb","area":9.0,"auxiliary_storage_labeling_positionx":null,"auxiliary_storage_labeling_positiony":null,"auxiliary_storage_labeling_lineanchorpercent":null,"auxiliary_storage_labeling_lineanchorclipping":null,"auxiliary_storage_labeling_lineanchortype":null,"auxiliary_storage_labeling_lineanchortextpoint":null},"geometry":{"type":"MultiPolygon","coordinates":[[[[140.262972893835752,35.724915712260319],[140.26318881283575,35.724929487260326],[140.263200462835755,35.724773803260319],[140.263174824835744,35.724650254260325],[140.263186350835753,35.724471296260326],[140.26317378683575,35.724456795260323],[140.263038155835744,35.724445643260324],[140.262972893835752,35.724915712260319]]]]}},
{"type":"Feature","properties":{"fid":267,"polygon_uuid":"1e238017-e3d2-4889-86e1-9c2a93f8b426","Adress":"酒々井西井戸17-2","Tiban":"17-2","group":"1班","geometry_ID":"be0fbea53a","area":5.0,"auxiliary_storage_labeling_positionx":null,"auxiliary_storage_labeling_positiony":null,"auxiliary_storage_labeling_lineanchorpercent":null,"auxiliary_storage_labeling_lineanchorclipping":null,"auxiliary_storage_labeling_lineanchortype":null,"auxiliary_storage_labeling_lineanchortextpoint":null},"geometry":{"type":"MultiPolygon","coordinates":[[[[140.262703297835742,35.724417844260323],[140.262596693835746,35.724409825260324],[140.26252851083575,35.724876569260324],[140.262649854835729,35.724884864260325],[140.262703297835742,35.724417844260323]]]]}},
{"type":"Feature","properties":{"fid":268,"polygon_uuid":"88c51b60-cd49-45e7-946e-ee14a73cd4cc","Adress":"酒々井西井戸17-1","Tiban":"17-1","group":"1班","geometry_ID":"fa15f2df13","area":6.0,"auxiliary_storage_labeling_positionx":null,"auxiliary_storage_labeling_positiony":null,"auxiliary_storage_labeling_lineanchorpercent":null,"auxiliary_storage_labeling_lineanchorclipping":null,"auxiliary_storage_labeling_lineanchortype":null,"auxiliary_storage_labeling_lineanchortextpoint":null},"geometry":{"type":"MultiPolygon","coordinates":[[[[140.262814230835744,35.724426189260321],[140.262703297835742,35.724417844260323],[140.262649854835729,35.724884864260325],[140.262771223835756,35.724897522260321],[140.262814230835744,35.724426189260321]]]]}},
{"type":"Feature","properties":{"fid":269,"polygon_uuid":"2c0f4deb-a02d-4674-82ed-7807d987359b","Adress":"酒々井西井戸19-1","Tiban":"19-1","group":"1班","geometry_ID":"f5cf770cb2","area":10.0,"auxiliary_storage_labeling_positionx":null,"auxiliary_storage_labeling_positiony":null,"auxiliary_storage_labeling_lineanchorpercent":null,"auxiliary_storage_labeling_lineanchorclipping":null,"auxiliary_storage_labeling_lineanchortype":null,"auxiliary_storage_labeling_lineanchortextpoint":null},"geometry":{"type":"MultiPolygon","coordinates":[[[[140.262746899835747,35.72492147026032],[140.262701412835753,35.72538734626032],[140.26292260683573,35.725406249260324],[140.262967813835729,35.724940931260321],[140.262746899835747,35.72492147026032]]]]}},
{"type":"Feature","properties":{"fid":270,"polygon_uuid":"3f9d7a76-842c-46e1-8e7b-b103f7e77bf5","Adress":"酒々井西井戸20,酒々井西井戸19-2","Tiban":"20,19-2","group":"1班","geometry_ID":"6baaf37f07","area":10.0,"auxiliary_storage_labeling_positionx":null,"auxiliary_storage_labeling_positiony":null,"auxiliary_storage_labeling_lineanchorpercent":null,"auxiliary_storage_labeling_lineanchorclipping":null,"auxiliary_storage_labeling_lineanchortype":null,"auxiliary_storage_labeling_lineanchortextpoint":null},"geometry":{"type":"MultiPolygon","coordinates":[[[[140.26292260683573,35.725406249260324],[140.263151239835736,35.725425788260324],[140.263193239835743,35.725089477260326],[140.263121855835749,35.725083914260324],[140.263137222835752,35.724955854260322],[140.262967813835729,35.724940931260321],[140.26292260683573,35.725406249260324]]]]}},
{"type":"Feature","properties":{"fid":271,"polygon_uuid":"6bb88778-5857-4560-bd62-f6bf8cc5609a","Adress":"酒々井西井戸21","Tiban":"21","group":"1班","geometry_ID":"0502c7dfc0","area":5.0,"auxiliary_storage_labeling_positionx":null,"auxiliary_storage_labeling_positiony":null,"auxiliary_storage_labeling_lineanchorpercent":null,"auxiliary_storage_labeling_lineanchorclipping":null,"auxiliary_storage_labeling_lineanchortype":null,"auxiliary_storage_labeling_lineanchortextpoint":null},"geometry":{"type":"MultiPolygon","coordinates":[[[[140.263193239835743,35.725089477260326],[140.263151239835736,35.725425788260324],[140.263409234835734,35.725449447260324],[140.263396481835741,35.725400036260325],[140.263353287835741,35.72532891526032],[140.263315428835739,35.725254865260325],[140.263257846835756,35.725161977260321],[140.263193239835743,35.725089477260326]]]]}},
{"type":"Feature","properties":{"fid":272,"polygon_uuid":"6171c4e8-b389-4ab1-89b1-42f47d10e0d4","Adress":"酒々井西井戸1-1","Tiban":"1-1","group":"1班","geometry_ID":"57bde762d1","area":18.0,"auxiliary_storage_labeling_positionx":null,"auxiliary_storage_labeling_positiony":null,"auxiliary_storage_labeling_lineanchorpercent":null,"auxiliary_storage_labeling_lineanchorclipping":null,"auxiliary_storage_labeling_lineanchortype":null,"auxiliary_storage_labeling_lineanchortextpoint":null},"geometry":{"type":"MultiPolygon","coordinates":[[[[140.262803730835742,35.72248735326032],[140.263164191835756,35.722552651260322],[140.263314987835741,35.722562356260326],[140.26336483183573,35.722487057260324],[140.26338736583574,35.722394782260324],[140.263380891835737,35.722358952260322],[140.263288424835736,35.722294405260321],[140.262946183835737,35.722112945260321],[140.26286004383573,35.722056912260321],[140.262803730835742,35.72248735326032]]]]}},
{"type":"Feature","properties":{"fid":273,"polygon_uuid":"988f57a3-c4f4-4fca-9346-4fae5fbf43d1","Adress":"酒々井西井戸2,酒々井西井戸1-2","Tiban":"2,1-2","group":"1班","geometry_ID":"b834c95fd6","area":10.0,"auxiliary_storage_labeling_positionx":null,"auxiliary_storage_labeling_positiony":null,"auxiliary_storage_labeling_lineanchorpercent":null,"auxiliary_storage_labeling_lineanchorclipping":null,"auxiliary_storage_labeling_lineanchortype":null,"auxiliary_storage_labeling_lineanchortextpoint":null},"geometry":{"type":"MultiPolygon","coordinates":[[[[140.263006056835735,35.722735898260325],[140.263045854835752,35.722739169260322],[140.263194620835748,35.722760833260324],[140.263314987835741,35.722562356260326],[140.263164191835756,35.722552651260322],[140.262803730835742,35.72248735326032],[140.262782361835747,35.722691427260322],[140.263006056835735,35.722735898260325]]]]}},
{"type":"Feature","properties":{"fid":274,"polygon_uuid":"f556ebd9-cb7d-4eb3-ad5f-b2810501e7fc","Adress":"酒々井西井戸4,酒々井西井戸5","Tiban":"4,5","group":"1班","geometry_ID":"17a1565331","area":14.0,"auxiliary_storage_labeling_positionx":null,"auxiliary_storage_labeling_positiony":null,"auxiliary_storage_labeling_lineanchorpercent":null,"auxiliary_storage_labeling_lineanchorclipping":null,"auxiliary_storage_labeling_lineanchortype":null,"auxiliary_storage_labeling_lineanchortextpoint":null},"geometry":{"type":"MultiPolygon","coordinates":[[[[140.262919773835733,35.723433467260321],[140.263078991835755,35.723451679260322],[140.263099872835738,35.723441361260321],[140.263034273835729,35.723311840260322],[140.263014944835732,35.723221422260323],[140.263016635835754,35.723146295260321],[140.263036801835739,35.723002809260322],[140.262753774835744,35.72293211326032],[140.26272792383574,35.723186593260323],[140.262722850835729,35.723411975260326],[140.262919773835733,35.723433467260321]]]]}},
{"type":"Feature","properties":{"fid":275,"polygon_uuid":"f1dfb61d-012d-42a4-945e-d5ec8c8a479c","Adress":"酒々井西井戸3","Tiban":"3","group":"1班","geometry_ID":"cad0400035","area":8.0,"auxiliary_storage_labeling_positionx":null,"auxiliary_storage_labeling_positiony":null,"auxiliary_storage_labeling_lineanchorpercent":null,"auxiliary_storage_labeling_lineanchorclipping":null,"auxiliary_storage_labeling_lineanchortype":null,"auxiliary_storage_labeling_lineanchortextpoint":null},"geometry":{"type":"MultiPolygon","coordinates":[[[[140.262759915835744,35.722905798260321],[140.263126604835747,35.722960831260323],[140.263194620835748,35.722760833260324],[140.263045854835752,35.722739169260322],[140.263006056835735,35.722735898260325],[140.262782361835747,35.722691427260322],[140.262759915835744,35.722905798260321]]]]}},
{"type":"Feature","properties":{"fid":276,"polygon_uuid":"02a93537-97a8-47eb-bef9-d70e516b4c54","Adress":"酒々井西井戸11","Tiban":"11","group":"1班","geometry_ID":"e21992f4c9","area":11.0,"auxiliary_storage_labeling_positionx":null,"auxiliary_storage_labeling_positiony":null,"auxiliary_storage_labeling_lineanchorpercent":null,"auxiliary_storage_labeling_lineanchorclipping":null,"auxiliary_storage_labeling_lineanchortype":null,"auxiliary_storage_labeling_lineanchortextpoint":null},"geometry":{"type":"MultiPolygon","coordinates":[[[[140.262946566835751,35.72345423726032],[140.262706193835754,35.723429108260326],[140.262652201835749,35.723902223260325],[140.262882614835746,35.723921888260321],[140.262946566835751,35.72345423726032]]]]}},
{"type":"Feature","properties":{"fid":277,"polygon_uuid":"8ed04f66-2374-4915-b73e-6851e0f942f8","Adress":"酒々井西井戸45-1","Tiban":"45-1","group":"1班","geometry_ID":"c99cc4d293","area":10.0,"auxiliary_storage_labeling_positionx":null,"auxiliary_storage_labeling_positiony":null,"auxiliary_storage_labeling_lineanchorpercent":null,"auxiliary_storage_labeling_lineanchorclipping":null,"auxiliary_storage_labeling_lineanchortype":null,"auxiliary_storage_labeling_lineanchortextpoint":null},"geometry":{"type":"MultiPolygon","coordinates":[[[[140.263636916835736,35.726814951260323],[140.263683505835729,35.727265672260323],[140.263807144835738,35.72726090826032],[140.263909219835739,35.727222050260323],[140.263875341835757,35.726803864260326],[140.263636916835736,35.726814951260323]]]]}},
{"type":"Feature","properties":{"fid":278,"polygon_uuid":"d71b875e-3e93-49dc-b692-1ed0cccedd14","Adress":"酒々井西井戸38-1,酒々井西井戸38-2","Tiban":"38-1,38-2","group":"1班","geometry_ID":"98c5d9ecde","area":10.0,"auxiliary_storage_labeling_positionx":null,"auxiliary_storage_labeling_positiony":null,"auxiliary_storage_labeling_lineanchorpercent":null,"auxiliary_storage_labeling_lineanchorclipping":null,"auxiliary_storage_labeling_lineanchortype":null,"auxiliary_storage_labeling_lineanchortextpoint":null},"geometry":{"type":"MultiPolygon","coordinates":[[[[140.262690379835732,35.726351384260326],[140.262736007835741,35.726811107260325],[140.262954217835755,35.72680027626032],[140.262913587835754,35.726340718260325],[140.262690379835732,35.726351384260326]]]]}},
{"type":"Feature","properties":{"fid":279,"polygon_uuid":"b48ec0e0-4672-43ba-bbcf-0adf03eeb7c3","Adress":"酒々井西井戸37","Tiban":"37","group":"1班","geometry_ID":"d3aa3e972f","area":11.0,"auxiliary_storage_labeling_positionx":null,"auxiliary_storage_labeling_positiony":null,"auxiliary_storage_labeling_lineanchorpercent":null,"auxiliary_storage_labeling_lineanchorclipping":null,"auxiliary_storage_labeling_lineanchortype":null,"auxiliary_storage_labeling_lineanchortextpoint":null},"geometry":{"type":"MultiPolygon","coordinates":[[[[140.263148464835751,35.726325474260321],[140.262913587835754,35.726340718260325],[140.262954217835755,35.72680027626032],[140.263188264835748,35.726788659260322],[140.263148464835751,35.726325474260321]]]]}},
{"type":"Feature","properties":{"fid":280,"polygon_uuid":"1f6da7de-dab5-446c-b21a-dde125006a09","Adress":"酒々井西井戸39-1,酒々井西井戸39-2","Tiban":"39-1,39-2","group":"1班","geometry_ID":"08f6361a85","area":10.0,"auxiliary_storage_labeling_positionx":null,"auxiliary_storage_labeling_positiony":null,"auxiliary_storage_labeling_lineanchorpercent":null,"auxiliary_storage_labeling_lineanchorclipping":null,"auxiliary_storage_labeling_lineanchortype":null,"auxiliary_storage_labeling_lineanchortextpoint":null},"geometry":{"type":"MultiPolygon","coordinates":[[[[140.262466875835742,35.726364899260325],[140.262511738835741,35.726822238260326],[140.262736007835741,35.726811107260325],[140.262690379835732,35.726351384260326],[140.262466875835742,35.726364899260325]]]]}},
{"type":"Feature","properties":{"fid":281,"polygon_uuid":"769ede6c-b7a5-4f02-ae36-fdece8f8069e","Adress":"酒々井西井戸40","Tiban":"40","group":"1班","geometry_ID":"0a9aae03a8","area":11.0,"auxiliary_storage_labeling_positionx":null,"auxiliary_storage_labeling_positiony":null,"auxiliary_storage_labeling_lineanchorpercent":null,"auxiliary_storage_labeling_lineanchorclipping":null,"auxiliary_storage_labeling_lineanchortype":null,"auxiliary_storage_labeling_lineanchortextpoint":null},"geometry":{"type":"MultiPolygon","coordinates":[[[[140.262549610835748,35.727318700260319],[140.262795696835752,35.727309682260326],[140.262762509835738,35.726851834260323],[140.262520685835739,35.726866475260323],[140.262549610835748,35.727318700260319]]]]}},
{"type":"Feature","properties":{"fid":282,"polygon_uuid":"23d2029e-00c3-434a-8490-8d6a58f98879","Adress":"酒々井西井戸42-1","Tiban":"42-1","group":"1班","geometry_ID":"7af6a76ff1","area":5.0,"auxiliary_storage_labeling_positionx":null,"auxiliary_storage_labeling_positiony":null,"auxiliary_storage_labeling_lineanchorpercent":null,"auxiliary_storage_labeling_lineanchorclipping":null,"auxiliary_storage_labeling_lineanchortype":null,"auxiliary_storage_labeling_lineanchortextpoint":null},"geometry":{"type":"MultiPolygon","coordinates":[[[[140.262974576835745,35.726841806260325],[140.263008842835745,35.727301215260326],[140.263116558835748,35.727292187260325],[140.263077015835734,35.726837119260324],[140.262974576835745,35.726841806260325]]]]}},
{"type":"Feature","properties":{"fid":283,"polygon_uuid":"7735f1f5-aadc-455d-8caa-874d004ac27e","Adress":"酒々井西井戸41","Tiban":"41","group":"1班","geometry_ID":"4ebabc11d2","area":10.0,"auxiliary_storage_labeling_positionx":null,"auxiliary_storage_labeling_positiony":null,"auxiliary_storage_labeling_lineanchorpercent":null,"auxiliary_storage_labeling_lineanchorclipping":null,"auxiliary_storage_labeling_lineanchortype":null,"auxiliary_storage_labeling_lineanchortextpoint":null},"geometry":{"type":"MultiPolygon","coordinates":[[[[140.262762509835738,35.726851834260323],[140.262795696835752,35.727309682260326],[140.263008842835745,35.727301215260326],[140.262974576835745,35.726841806260325],[140.262762509835738,35.726851834260323]]]]}},
{"type":"Feature","properties":{"fid":284,"polygon_uuid":"22e8777f-660e-40d3-887c-d56c315a2b00","Adress":"酒々井西井戸43","Tiban":"43","group":"1班","geometry_ID":"c23e0721ff","area":10.0,"auxiliary_storage_labeling_positionx":null,"auxiliary_storage_labeling_positiony":null,"auxiliary_storage_labeling_lineanchorpercent":null,"auxiliary_storage_labeling_lineanchorclipping":null,"auxiliary_storage_labeling_lineanchortype":null,"auxiliary_storage_labeling_lineanchortextpoint":null},"geometry":{"type":"MultiPolygon","coordinates":[[[[140.263228780835732,35.72683148726032],[140.263257824835733,35.727285434260324],[140.26346804283574,35.727277967260321],[140.26343734683573,35.726825748260325],[140.263228780835732,35.72683148726032]]]]}},
{"type":"Feature","properties":{"fid":285,"polygon_uuid":"611d7f54-8456-4b31-aa06-7148585de088","Adress":"酒々井西井戸42-2","Tiban":"42-2","group":"1班","geometry_ID":"9710ca28cd","area":7.0,"auxiliary_storage_labeling_positionx":null,"auxiliary_storage_labeling_positiony":null,"auxiliary_storage_labeling_lineanchorpercent":null,"auxiliary_storage_labeling_lineanchorclipping":null,"auxiliary_storage_labeling_lineanchortype":null,"auxiliary_storage_labeling_lineanchortextpoint":null},"geometry":{"type":"MultiPolygon","coordinates":[[[[140.263077015835734,35.726837119260324],[140.263116558835748,35.727292187260325],[140.263257824835733,35.727285434260324],[140.263228780835732,35.72683148726032],[140.263077015835734,35.726837119260324]]]]}},
{"type":"Feature","properties":{"fid":286,"polygon_uuid":"79145937-b24f-4a76-9efb-abf7cf3b6ef3","Adress":"酒々井西井戸44-2,酒々井西井戸44-1","Tiban":"44-2,44-1","group":"1班","geometry_ID":"96774d0f29","area":9.0,"auxiliary_storage_labeling_positionx":null,"auxiliary_storage_labeling_positiony":null,"auxiliary_storage_labeling_lineanchorpercent":null,"auxiliary_storage_labeling_lineanchorclipping":null,"auxiliary_storage_labeling_lineanchortype":null,"auxiliary_storage_labeling_lineanchortextpoint":null},"geometry":{"type":"MultiPolygon","coordinates":[[[[140.26346804283574,35.727277967260321],[140.263683505835729,35.727265672260323],[140.263636916835736,35.726814951260323],[140.26343734683573,35.726825748260325],[140.26346804283574,35.727277967260321]]]]}},
{"type":"Feature","properties":{"fid":287,"polygon_uuid":"9db54709-0499-44bc-8c95-072153090cc5","Adress":"酒々井西井戸26-2","Tiban":"26-2","group":"1班","geometry_ID":"66859ed206","area":10.0,"auxiliary_storage_labeling_positionx":null,"auxiliary_storage_labeling_positiony":null,"auxiliary_storage_labeling_lineanchorpercent":null,"auxiliary_storage_labeling_lineanchorclipping":null,"auxiliary_storage_labeling_lineanchortype":null,"auxiliary_storage_labeling_lineanchortextpoint":null},"geometry":{"type":"MultiPolygon","coordinates":[[[[140.262416504835755,35.72586030926032],[140.262625785835752,35.725848758260319],[140.262676854835746,35.725406383260321],[140.262463936835729,35.725392085260324],[140.262416504835755,35.72586030926032]]]]}},
{"type":"Feature","properties":{"fid":288,"polygon_uuid":"83a07b68-7492-45a0-ae0c-8d80a0c64d0e","Adress":"酒々井西井戸30","Tiban":"30","group":"1班","geometry_ID":"02a55ebd9c","area":10.0,"auxiliary_storage_labeling_positionx":null,"auxiliary_storage_labeling_positiony":null,"auxiliary_storage_labeling_lineanchorpercent":null,"auxiliary_storage_labeling_lineanchorclipping":null,"auxiliary_storage_labeling_lineanchortype":null,"auxiliary_storage_labeling_lineanchortextpoint":null},"geometry":{"type":"MultiPolygon","coordinates":[[[[140.263386736835741,35.726284288260324],[140.263341993835752,35.725847966260325],[140.263110611835742,35.725855995260325],[140.263155369835744,35.726295198260324],[140.263386736835741,35.726284288260324]]]]}},
{"type":"Feature","properties":{"fid":289,"polygon_uuid":"91ae3737-1f06-4b19-8c51-338f26c59e3d","Adress":"本佐倉根古谷前883","Tiban":"883","group":"1班","geometry_ID":"168eb15abf","area":10.0,"auxiliary_storage_labeling_positionx":null,"auxiliary_storage_labeling_positiony":null,"auxiliary_storage_labeling_lineanchorpercent":null,"auxiliary_storage_labeling_lineanchorclipping":null,"auxiliary_storage_labeling_lineanchortype":null,"auxiliary_storage_labeling_lineanchortextpoint":null},"geometry":{"type":"MultiPolygon","coordinates":[[[[140.262095332835742,35.727844402260324],[140.262048234835731,35.727377643260326],[140.261836025835748,35.727391490260324],[140.261883173835741,35.72785230126032],[140.262095332835742,35.727844402260324]]]]}},
{"type":"Feature","properties":{"fid":290,"polygon_uuid":"1a026089-ec66-435a-a202-03014930f9da","Adress":"本佐倉根古谷前882","Tiban":"882","group":"1班","geometry_ID":"d026faf1f0","area":11.0,"auxiliary_storage_labeling_positionx":null,"auxiliary_storage_labeling_positiony":null,"auxiliary_storage_labeling_lineanchorpercent":null,"auxiliary_storage_labeling_lineanchorclipping":null,"auxiliary_storage_labeling_lineanchortype":null,"auxiliary_storage_labeling_lineanchortextpoint":null},"geometry":{"type":"MultiPolygon","coordinates":[[[[140.261883173835741,35.72785230126032],[140.261836025835748,35.727391490260324],[140.26154176083574,35.727405628260321],[140.261529667835731,35.727458533260325],[140.261543477835744,35.72748908426032],[140.261622494835734,35.727591733260326],[140.261650084835736,35.72764727226032],[140.261667425835753,35.727700066260326],[140.261684825835744,35.727763987260325],[140.261691931835742,35.727816817260326],[140.261698934835749,35.727850175260322],[140.26172968283575,35.727858411260321],[140.261883173835741,35.72785230126032]]]]}},
{"type":"Feature","properties":{"fid":291,"polygon_uuid":"3e2bbf2d-275c-433b-b12d-a66650a03374","Adress":"本佐倉根古谷前885,本佐倉根古谷前884","Tiban":"885,884","group":"1班","geometry_ID":"fafcdbe300","area":22.0,"auxiliary_storage_labeling_positionx":null,"auxiliary_storage_labeling_positiony":null,"auxiliary_storage_labeling_lineanchorpercent":null,"auxiliary_storage_labeling_lineanchorclipping":null,"auxiliary_storage_labeling_lineanchortype":null,"auxiliary_storage_labeling_lineanchortextpoint":null},"geometry":{"type":"MultiPolygon","coordinates":[[[[140.262539381835751,35.727818091260325],[140.26256067983573,35.727797651260325],[140.262519031835751,35.727349782260326],[140.262048234835731,35.727377643260326],[140.262095332835742,35.727844402260324],[140.262539381835751,35.727818091260325]]]]}},
{"type":"Feature","properties":{"fid":292,"polygon_uuid":"4418b177-b420-44ea-aa36-1a59fc542f9a","Adress":"本佐倉根古谷前887-1,本佐倉根古谷前887-2","Tiban":"887-1,887-2","group":"1班","geometry_ID":"afb7b6adc9","area":10.0,"auxiliary_storage_labeling_positionx":140.26198771449256,"auxiliary_storage_labeling_positiony":35.727224256778122,"auxiliary_storage_labeling_lineanchorpercent":null,"auxiliary_storage_labeling_lineanchorclipping":null,"auxiliary_storage_labeling_lineanchortype":null,"auxiliary_storage_labeling_lineanchortextpoint":null},"geometry":{"type":"MultiPolygon","coordinates":[[[[140.262243476835749,35.726875192260323],[140.262019152835734,35.72689082726032],[140.262060589835755,35.727352870260326],[140.262283500835736,35.727338985260324],[140.262243476835749,35.726875192260323]]]]}},
{"type":"Feature","properties":{"fid":293,"polygon_uuid":"364a4bc3-52c0-4a0e-89ab-2e43e4f6dcc3","Adress":"本佐倉根古谷前886","Tiban":"886","group":"1班","geometry_ID":"fdcec85f38","area":11.0,"auxiliary_storage_labeling_positionx":null,"auxiliary_storage_labeling_positiony":null,"auxiliary_storage_labeling_lineanchorpercent":null,"auxiliary_storage_labeling_lineanchorclipping":null,"auxiliary_storage_labeling_lineanchortype":null,"auxiliary_storage_labeling_lineanchortextpoint":null},"geometry":{"type":"MultiPolygon","coordinates":[[[[140.262283500835736,35.727338985260324],[140.262517122835732,35.727326515260323],[140.262475137835736,35.726865818260322],[140.262243476835749,35.726875192260323],[140.262283500835736,35.727338985260324]]]]}},
{"type":"Feature","properties":{"fid":294,"polygon_uuid":"f2db9105-0799-4eab-88a9-70c3d6eb02cc","Adress":"本佐倉根古谷前888","Tiban":"888","group":"1班","geometry_ID":"d027908d3a","area":11.0,"auxiliary_storage_labeling_positionx":null,"auxiliary_storage_labeling_positiony":null,"auxiliary_storage_labeling_lineanchorpercent":null,"auxiliary_storage_labeling_lineanchorclipping":null,"auxiliary_storage_labeling_lineanchortype":null,"auxiliary_storage_labeling_lineanchortextpoint":null},"geometry":{"type":"MultiPolygon","coordinates":[[[[140.262019152835734,35.72689082726032],[140.261792404835745,35.726907263260323],[140.26183231783574,35.727365321260322],[140.262060589835755,35.727352870260326],[140.262019152835734,35.72689082726032]]]]}},
{"type":"Feature","properties":{"fid":295,"polygon_uuid":"49259521-e101-42f6-938c-5c4d681ee19b","Adress":"本佐倉根古谷前890","Tiban":"890","group":"1班","geometry_ID":"5c8f3cb7e9","area":10.0,"auxiliary_storage_labeling_positionx":null,"auxiliary_storage_labeling_positiony":null,"auxiliary_storage_labeling_lineanchorpercent":null,"auxiliary_storage_labeling_lineanchorclipping":null,"auxiliary_storage_labeling_lineanchortype":null,"auxiliary_storage_labeling_lineanchortextpoint":null},"geometry":{"type":"MultiPolygon","coordinates":[[[[140.261560550835753,35.726916816260321],[140.261335864835729,35.726932161260322],[140.261375635835748,35.727364036260326],[140.261402486835749,35.72738139626032],[140.261593351835756,35.727379262260321],[140.261560550835753,35.726916816260321]]]]}},
{"type":"Feature","properties":{"fid":296,"polygon_uuid":"5b6a65c0-2bc9-4de9-86c6-7f488d1f54f4","Adress":"本佐倉根古谷前889","Tiban":"889","group":"1班","geometry_ID":"c11dac6a5a","area":11.0,"auxiliary_storage_labeling_positionx":null,"auxiliary_storage_labeling_positiony":null,"auxiliary_storage_labeling_lineanchorpercent":null,"auxiliary_storage_labeling_lineanchorclipping":null,"auxiliary_storage_labeling_lineanchortype":null,"auxiliary_storage_labeling_lineanchortextpoint":null},"geometry":{"type":"MultiPolygon","coordinates":[[[[140.261792404835745,35.726907263260323],[140.261560550835753,35.726916816260321],[140.261593351835756,35.727379262260321],[140.26183231783574,35.727365321260322],[140.261792404835745,35.726907263260323]]]]}},
{"type":"Feature","properties":{"fid":297,"polygon_uuid":"738807f2-fa87-44b6-a07e-c40b87b87d08","Adress":"酒々井西井戸50","Tiban":"50","group":"1班","geometry_ID":"fb26908d45","area":10.0,"auxiliary_storage_labeling_positionx":null,"auxiliary_storage_labeling_positiony":null,"auxiliary_storage_labeling_lineanchorpercent":null,"auxiliary_storage_labeling_lineanchorclipping":null,"auxiliary_storage_labeling_lineanchortype":null,"auxiliary_storage_labeling_lineanchortextpoint":null},"geometry":{"type":"MultiPolygon","coordinates":[[[[140.262778007835749,35.727339482260319],[140.262806998835742,35.727790313260321],[140.263019137835755,35.727779992260324],[140.262986073835748,35.727330254260323],[140.262778007835749,35.727339482260319]]]]}},
{"type":"Feature","properties":{"fid":298,"polygon_uuid":"15b69bea-4280-48cb-b114-96258ddf9e96","Adress":"酒々井西井戸53","Tiban":"53","group":"1班","geometry_ID":"b2e2e9835a","area":10.0,"auxiliary_storage_labeling_positionx":null,"auxiliary_storage_labeling_positiony":null,"auxiliary_storage_labeling_lineanchorpercent":null,"auxiliary_storage_labeling_lineanchorclipping":null,"auxiliary_storage_labeling_lineanchortype":null,"auxiliary_storage_labeling_lineanchortextpoint":null},"geometry":{"type":"MultiPolygon","coordinates":[[[[140.262778007835749,35.727339482260319],[140.262548326835741,35.727349668260324],[140.262583587835735,35.727801183260326],[140.262806998835742,35.727790313260321],[140.262778007835749,35.727339482260319]]]]}},
{"type":"Feature","properties":{"fid":299,"polygon_uuid":"1c18812e-a128-4e52-acf9-43ac0584a99a","Adress":"印西市平賀干拓575-1,印西市平賀干拓576","Tiban":"575-1,576","group":"9班","geometry_ID":"bc4a145dc8","area":41.0,"auxiliary_storage_labeling_positionx":null,"auxiliary_storage_labeling_positiony":null,"auxiliary_storage_labeling_lineanchorpercent":null,"auxiliary_storage_labeling_lineanchorclipping":null,"auxiliary_storage_labeling_lineanchortype":null,"auxiliary_storage_labeling_lineanchortextpoint":null},"geometry":{"type":"MultiPolygon","coordinates":[[[[140.263245749835733,35.744566749260322],[140.262996916835732,35.744497581260326],[140.262789214835749,35.744434358260321],[140.262763109835731,35.744443589260321],[140.262785075835751,35.744506720260325],[140.263234075835754,35.745283456260324],[140.263692981835732,35.745193384260325],[140.263507676835729,35.744638915260325],[140.263245749835733,35.744566749260322]]]]}},
{"type":"Feature","properties":{"fid":300,"polygon_uuid":"4b172e89-2134-4e78-b384-990ed9509760","Adress":"印西市平賀干拓358","Tiban":"358","group":"9班","geometry_ID":"e9b1fc1803","area":33.0,"auxiliary_storage_labeling_positionx":null,"auxiliary_storage_labeling_positiony":null,"auxiliary_storage_labeling_lineanchorpercent":null,"auxiliary_storage_labeling_lineanchorclipping":null,"auxiliary_storage_labeling_lineanchortype":null,"auxiliary_storage_labeling_lineanchortextpoint":null},"geometry":{"type":"MultiPolygon","coordinates":[[[[140.262562103835734,35.754686791260326],[140.262298928835747,35.755579050260323],[140.262641800835752,35.75564832026032],[140.262907750835751,35.754756282260324],[140.262562103835734,35.754686791260326]]]]}},
{"type":"Feature","properties":{"fid":301,"polygon_uuid":"a25ebc95-250c-42a4-9426-15d88684e7b4","Adress":"印西市平賀干拓352","Tiban":"352","group":"9班","geometry_ID":"99ac783e6e","area":32.0,"auxiliary_storage_labeling_positionx":null,"auxiliary_storage_labeling_positiony":null,"auxiliary_storage_labeling_lineanchorpercent":null,"auxiliary_storage_labeling_lineanchorclipping":null,"auxiliary_storage_labeling_lineanchortype":null,"auxiliary_storage_labeling_lineanchortextpoint":null},"geometry":{"type":"MultiPolygon","coordinates":[[[[140.261067891835751,35.756302726260323],[140.261337262835752,35.755420493260324],[140.260991995835752,35.75535143826032],[140.260734662835745,35.756238902260321],[140.261067891835751,35.756302726260323]]]]}},
{"type":"Feature","properties":{"fid":302,"polygon_uuid":"1265eb6b-d9df-4684-9837-b7f0d1c0f235","Adress":"印西市平賀干拓636","Tiban":"636","group":"9班","geometry_ID":"a7d9e021e0","area":20.0,"auxiliary_storage_labeling_positionx":null,"auxiliary_storage_labeling_positiony":null,"auxiliary_storage_labeling_lineanchorpercent":null,"auxiliary_storage_labeling_lineanchorclipping":null,"auxiliary_storage_labeling_lineanchortype":null,"auxiliary_storage_labeling_lineanchortextpoint":null},"geometry":{"type":"MultiPolygon","coordinates":[[[[140.261456469835736,35.740954915260325],[140.262335416835754,35.741532446260322],[140.262510580835738,35.741353216260322],[140.26228050283575,35.741215007260323],[140.26154217383575,35.740868943260324],[140.261456469835736,35.740954915260325]]]]}},
{"type":"Feature","properties":{"fid":303,"polygon_uuid":"e0aa39a4-2eec-49e0-b321-b77c38437057","Adress":"印旛沼新田208","Tiban":"208","group":"11班","geometry_ID":"70580a7e54","area":39.0,"auxiliary_storage_labeling_positionx":null,"auxiliary_storage_labeling_positiony":null,"auxiliary_storage_labeling_lineanchorpercent":null,"auxiliary_storage_labeling_lineanchorclipping":null,"auxiliary_storage_labeling_lineanchortype":null,"auxiliary_storage_labeling_lineanchortextpoint":null},"geometry":{"type":"MultiPolygon","coordinates":[[[[140.268131937835733,35.742348415260324],[140.26869720983575,35.742229620260325],[140.26878756383573,35.742206218260321],[140.268790926835749,35.742183469260326],[140.268755616835733,35.742101175260323],[140.268397686835755,35.741809819260325],[140.267824222835742,35.741328428260324],[140.268131937835733,35.742348415260324]]]]}},
{"type":"Feature","properties":{"fid":304,"polygon_uuid":"03352d35-2b4d-45af-a694-4ad66fb8c8e7","Adress":"印旛沼新田216","Tiban":"216","group":"11班","geometry_ID":"da5b1bff11","area":25.0,"auxiliary_storage_labeling_positionx":null,"auxiliary_storage_labeling_positiony":null,"auxiliary_storage_labeling_lineanchorpercent":null,"auxiliary_storage_labeling_lineanchorclipping":null,"auxiliary_storage_labeling_lineanchortype":null,"auxiliary_storage_labeling_lineanchortextpoint":null},"geometry":{"type":"MultiPolygon","coordinates":[[[[140.266108795835748,35.74133284226032],[140.266741663835745,35.741893308260323],[140.266972051835751,35.741691444260326],[140.266346325835741,35.741162407260326],[140.266108795835748,35.74133284226032]]]]}},
{"type":"Feature","properties":{"fid":305,"polygon_uuid":"0a1a0406-3892-46a4-a30a-7ae6db396c9e","Adress":"印旛沼新田221","Tiban":"221","group":"11班","geometry_ID":"02872a832e","area":21.0,"auxiliary_storage_labeling_positionx":null,"auxiliary_storage_labeling_positiony":null,"auxiliary_storage_labeling_lineanchorpercent":null,"auxiliary_storage_labeling_lineanchorclipping":null,"auxiliary_storage_labeling_lineanchortype":null,"auxiliary_storage_labeling_lineanchortextpoint":null},"geometry":{"type":"MultiPolygon","coordinates":[[[[140.265634008835747,35.74168167026032],[140.265458331835731,35.741858513260325],[140.266177615835744,35.742454292260319],[140.266323264835734,35.74231166226032],[140.265634008835747,35.74168167026032]]]]}},
{"type":"Feature","properties":{"fid":306,"polygon_uuid":"05feeffa-411f-4cfc-b2c3-bec48477a82c","Adress":"印旛沼新田251-1,印旛沼新田252","Tiban":"251-1,252","group":"11班","geometry_ID":"84342db690","area":38.0,"auxiliary_storage_labeling_positionx":null,"auxiliary_storage_labeling_positiony":null,"auxiliary_storage_labeling_lineanchorpercent":null,"auxiliary_storage_labeling_lineanchorclipping":null,"auxiliary_storage_labeling_lineanchortype":null,"auxiliary_storage_labeling_lineanchortextpoint":null},"geometry":{"type":"MultiPolygon","coordinates":[[[[140.266212210835732,35.739607992260325],[140.265969532835754,35.739399874260322],[140.266040672835743,35.739337323260322],[140.265565059835751,35.738898945260324],[140.265508370835732,35.738899148260323],[140.265456708835757,35.738917420260321],[140.265196659835738,35.739114923260324],[140.265958723835752,35.739797823260325],[140.266212210835732,35.739607992260325]]]]}},
{"type":"Feature","properties":{"fid":307,"polygon_uuid":"13f67be9-99f9-4b70-ab38-f4d8ab42c212","Adress":"印旛沼新田244","Tiban":"244","group":"11班","geometry_ID":"921ea6cc4d","area":31.0,"auxiliary_storage_labeling_positionx":null,"auxiliary_storage_labeling_positiony":null,"auxiliary_storage_labeling_lineanchorpercent":null,"auxiliary_storage_labeling_lineanchorclipping":null,"auxiliary_storage_labeling_lineanchortype":null,"auxiliary_storage_labeling_lineanchortextpoint":null},"geometry":{"type":"MultiPolygon","coordinates":[[[[140.265816635835733,35.739932966260319],[140.266574089835729,35.740613864260325],[140.266828878835753,35.740435079260322],[140.266067611835751,35.739755056260321],[140.265816635835733,35.739932966260319]]]]}},
{"type":"Feature","properties":{"fid":308,"polygon_uuid":"c1cd3c3a-6584-4104-913e-8c5ba14cc3a6","Adress":"印旛沼新田163","Tiban":"163","group":"11班","geometry_ID":"bc4806ec64","area":23.0,"auxiliary_storage_labeling_positionx":null,"auxiliary_storage_labeling_positiony":null,"auxiliary_storage_labeling_lineanchorpercent":null,"auxiliary_storage_labeling_lineanchorclipping":null,"auxiliary_storage_labeling_lineanchortype":null,"auxiliary_storage_labeling_lineanchortextpoint":null},"geometry":{"type":"MultiPolygon","coordinates":[[[[140.266101135835754,35.744725347260321],[140.265913399835739,35.744083567260326],[140.265579112835752,35.744165074260323],[140.265764626835733,35.74478999926032],[140.266101135835754,35.744725347260321]]]]}},
{"type":"Feature","properties":{"fid":309,"polygon_uuid":"bce8eb4a-11b2-4313-908f-9953d997f9ca","Adress":"印旛沼新田157","Tiban":"157","group":"11班","geometry_ID":"0d6615589b","area":30.0,"auxiliary_storage_labeling_positionx":null,"auxiliary_storage_labeling_positiony":null,"auxiliary_storage_labeling_lineanchorpercent":null,"auxiliary_storage_labeling_lineanchorclipping":null,"auxiliary_storage_labeling_lineanchortype":null,"auxiliary_storage_labeling_lineanchortextpoint":null},"geometry":{"type":"MultiPolygon","coordinates":[[[[140.266397004835738,35.744718261260324],[140.266657538835744,35.745578182260324],[140.26698485083574,35.745517647260321],[140.26672579983574,35.744651764260325],[140.266397004835738,35.744718261260324]]]]}},
{"type":"Feature","properties":{"fid":310,"polygon_uuid":"128e47af-539d-4921-80f7-a5bad15de9ff","Adress":"印旛沼新田167","Tiban":"167","group":"11班","geometry_ID":"efa6a7fa44","area":20.0,"auxiliary_storage_labeling_positionx":null,"auxiliary_storage_labeling_positiony":null,"auxiliary_storage_labeling_lineanchorpercent":null,"auxiliary_storage_labeling_lineanchorclipping":null,"auxiliary_storage_labeling_lineanchortype":null,"auxiliary_storage_labeling_lineanchortextpoint":null},"geometry":{"type":"MultiPolygon","coordinates":[[[[140.26708471683574,35.74453637026032],[140.266884639835752,35.743846751260321],[140.266617337835754,35.743911927260321],[140.26681610083574,35.74458798026032],[140.26708471683574,35.74453637026032]]]]}},
{"type":"Feature","properties":{"fid":311,"polygon_uuid":"b08fa281-9f3e-4e32-bd38-4048e818c3eb","Adress":"印旛沼新田164","Tiban":"164","group":"11班","geometry_ID":"32b2c5f517","area":22.0,"auxiliary_storage_labeling_positionx":null,"auxiliary_storage_labeling_positiony":null,"auxiliary_storage_labeling_lineanchorpercent":null,"auxiliary_storage_labeling_lineanchorclipping":null,"auxiliary_storage_labeling_lineanchortype":null,"auxiliary_storage_labeling_lineanchortextpoint":null},"geometry":{"type":"MultiPolygon","coordinates":[[[[140.266429276835737,35.744662302260323],[140.266225192835748,35.74400754426032],[140.265913399835739,35.744083567260326],[140.266101135835754,35.744725347260321],[140.266429276835737,35.744662302260323]]]]}},
{"type":"Feature","properties":{"fid":312,"polygon_uuid":"4832ef0c-e02a-4404-8d86-1c9d8360a42f","Adress":"印旛沼新田168","Tiban":"168","group":"11班","geometry_ID":"41d8bfcefc","area":23.0,"auxiliary_storage_labeling_positionx":null,"auxiliary_storage_labeling_positiony":null,"auxiliary_storage_labeling_lineanchorpercent":null,"auxiliary_storage_labeling_lineanchorclipping":null,"auxiliary_storage_labeling_lineanchortype":null,"auxiliary_storage_labeling_lineanchortextpoint":null},"geometry":{"type":"MultiPolygon","coordinates":[[[[140.26740122283573,35.744475557260323],[140.267192446835736,35.743774786260325],[140.266884639835752,35.743846751260321],[140.26708471683574,35.74453637026032],[140.26740122283573,35.744475557260323]]]]}},
{"type":"Feature","properties":{"fid":313,"polygon_uuid":"368b4452-a413-4768-af72-b2bf17370178","Adress":"印旛沼新田183","Tiban":"183","group":"11班","geometry_ID":"f9f8e36483","area":21.0,"auxiliary_storage_labeling_positionx":null,"auxiliary_storage_labeling_positiony":null,"auxiliary_storage_labeling_lineanchorpercent":null,"auxiliary_storage_labeling_lineanchorclipping":null,"auxiliary_storage_labeling_lineanchortype":null,"auxiliary_storage_labeling_lineanchortextpoint":null},"geometry":{"type":"MultiPolygon","coordinates":[[[[140.268468197835745,35.742333011260321],[140.268715115835732,35.743178491260323],[140.268962291835749,35.743115070260323],[140.268851108835747,35.742756456260324],[140.26869635883574,35.742294655260324],[140.268468197835745,35.742333011260321]]]]}},
{"type":"Feature","properties":{"fid":314,"polygon_uuid":"1c2690f6-9b76-4a5e-a42f-c6e757cc4f70","Adress":"印旛沼新田201","Tiban":"201","group":"11班","geometry_ID":"e14af8f6c6","area":8.0,"auxiliary_storage_labeling_positionx":null,"auxiliary_storage_labeling_positiony":null,"auxiliary_storage_labeling_lineanchorpercent":null,"auxiliary_storage_labeling_lineanchorclipping":null,"auxiliary_storage_labeling_lineanchortype":null,"auxiliary_storage_labeling_lineanchortextpoint":null},"geometry":{"type":"MultiPolygon","coordinates":[[[[140.266510059835753,35.74266065426032],[140.266423514835736,35.742358386260321],[140.266058144835739,35.742720060260325],[140.266095639835754,35.74274172626032],[140.266510059835753,35.74266065426032]]]]}},
{"type":"Feature","properties":{"fid":315,"polygon_uuid":"f662f123-67b4-415f-b6c4-f2943c405aed","Adress":"印旛沼新田191","Tiban":"191","group":"11班","geometry_ID":"ec500ba2d9","area":25.0,"auxiliary_storage_labeling_positionx":null,"auxiliary_storage_labeling_positiony":null,"auxiliary_storage_labeling_lineanchorpercent":null,"auxiliary_storage_labeling_lineanchorclipping":null,"auxiliary_storage_labeling_lineanchortype":null,"auxiliary_storage_labeling_lineanchortextpoint":null},"geometry":{"type":"MultiPolygon","coordinates":[[[[140.266206569835731,35.742761456260325],[140.266468972835753,35.743727929260324],[140.266717710835735,35.743660380260323],[140.266440636835739,35.74271711726032],[140.266206569835731,35.742761456260325]]]]}},
{"type":"Feature","properties":{"fid":316,"polygon_uuid":"f35b9db4-dbc5-4f0e-af37-378526c7a137","Adress":"印旛沼新田136","Tiban":"136","group":"11班","geometry_ID":"9db08c04dc","area":36.0,"auxiliary_storage_labeling_positionx":null,"auxiliary_storage_labeling_positiony":null,"auxiliary_storage_labeling_lineanchorpercent":null,"auxiliary_storage_labeling_lineanchorclipping":null,"auxiliary_storage_labeling_lineanchortype":null,"auxiliary_storage_labeling_lineanchortextpoint":null},"geometry":{"type":"MultiPolygon","coordinates":[[[[140.265985098835756,35.74577113326032],[140.266026620835731,35.746044020260321],[140.266038215835749,35.746168625260324],[140.266042322835744,35.746254675260325],[140.266042851835749,35.74635261126032],[140.266047054835752,35.746456467260323],[140.266083635835741,35.74648898126032],[140.266134633835748,35.74649473326032],[140.266181894835739,35.746482692260322],[140.266603765835754,35.746404011260324],[140.266396028835743,35.745689525260325],[140.265985098835756,35.74577113326032]]]]}},
{"type":"Feature","properties":{"fid":317,"polygon_uuid":"4346baf0-353e-4c7a-9254-8ea6c1438f96","Adress":"印旛沼新田144","Tiban":"144","group":"11班","geometry_ID":"7a83a19644","area":7.0,"auxiliary_storage_labeling_positionx":null,"auxiliary_storage_labeling_positiony":null,"auxiliary_storage_labeling_lineanchorpercent":null,"auxiliary_storage_labeling_lineanchorclipping":null,"auxiliary_storage_labeling_lineanchortype":null,"auxiliary_storage_labeling_lineanchortextpoint":null},"geometry":{"type":"MultiPolygon","coordinates":[[[[140.26845671083575,35.745723046260323],[140.268647327835737,35.745295590260326],[140.268643542835747,35.745268893260324],[140.268338073835736,35.745329354260321],[140.26845671083575,35.745723046260323]]]]}},
{"type":"Feature","properties":{"fid":318,"polygon_uuid":"86e8e719-343a-444b-bbf2-bb41606f6807","Adress":"印旛沼新田313","Tiban":"313","group":"11班","geometry_ID":"ccf31e807b","area":31.0,"auxiliary_storage_labeling_positionx":null,"auxiliary_storage_labeling_positiony":null,"auxiliary_storage_labeling_lineanchorpercent":null,"auxiliary_storage_labeling_lineanchorclipping":null,"auxiliary_storage_labeling_lineanchortype":null,"auxiliary_storage_labeling_lineanchortextpoint":null},"geometry":{"type":"MultiPolygon","coordinates":[[[[140.262136959835743,35.737826723260326],[140.261064027835744,35.737558250260321],[140.260964943835745,35.737829944260326],[140.262046364835754,35.738081429260326],[140.262136959835743,35.737826723260326]]]]}},
{"type":"Feature","properties":{"fid":319,"polygon_uuid":"72e018ae-6327-49e9-b8eb-ea9682dae0ba","Adress":"印旛沼新田314","Tiban":"314","group":"11班","geometry_ID":"da7d0a02a6","area":3.0,"auxiliary_storage_labeling_positionx":null,"auxiliary_storage_labeling_positiony":null,"auxiliary_storage_labeling_lineanchorpercent":null,"auxiliary_storage_labeling_lineanchorclipping":null,"auxiliary_storage_labeling_lineanchortype":null,"auxiliary_storage_labeling_lineanchortextpoint":null},"geometry":{"type":"MultiPolygon","coordinates":[[[[140.260958163904036,35.737852868443873],[140.262033059738741,35.738104530563909],[140.262046364835754,35.738081429260326],[140.260964943835745,35.737829944260326],[140.260958163904036,35.737852868443873]]]]}},
{"type":"Feature","properties":{"fid":320,"polygon_uuid":"e686ce52-bc4b-41f8-91f9-aad242659eea","Adress":"印旛沼新田331","Tiban":"331","group":"11班","geometry_ID":"2f22d3b90f","area":27.0,"auxiliary_storage_labeling_positionx":null,"auxiliary_storage_labeling_positiony":null,"auxiliary_storage_labeling_lineanchorpercent":null,"auxiliary_storage_labeling_lineanchorclipping":null,"auxiliary_storage_labeling_lineanchortype":null,"auxiliary_storage_labeling_lineanchortextpoint":null},"geometry":{"type":"MultiPolygon","coordinates":[[[[140.260743666835737,35.738274503260321],[140.259795492835735,35.738044400260321],[140.259704501835756,35.73830729526032],[140.260646961835732,35.738531593260326],[140.260743666835737,35.738274503260321]]]]}},
{"type":"Feature","properties":{"fid":321,"polygon_uuid":"53d755cc-2c95-412b-ba24-ef909336ddd7","Adress":"印旛沼新田335","Tiban":"335","group":"11班","geometry_ID":"97aa7a719c","area":24.0,"auxiliary_storage_labeling_positionx":null,"auxiliary_storage_labeling_positiony":null,"auxiliary_storage_labeling_lineanchorpercent":null,"auxiliary_storage_labeling_lineanchorclipping":null,"auxiliary_storage_labeling_lineanchortype":null,"auxiliary_storage_labeling_lineanchortextpoint":null},"geometry":{"type":"MultiPolygon","coordinates":[[[[140.260072107835754,35.737272137260319],[140.261011419835739,35.737511036260322],[140.261110609835754,35.737275939260321],[140.260154910835752,35.737055814260323],[140.260072107835754,35.737272137260319]]]]}},
{"type":"Feature","properties":{"fid":322,"polygon_uuid":"6c4450c2-1fb9-4a12-9595-f8e341e619fe","Adress":"印旛沼新田262","Tiban":"262","group":"11班","geometry_ID":"dceeeab8e2","area":30.0,"auxiliary_storage_labeling_positionx":null,"auxiliary_storage_labeling_positiony":null,"auxiliary_storage_labeling_lineanchorpercent":null,"auxiliary_storage_labeling_lineanchorclipping":null,"auxiliary_storage_labeling_lineanchortype":null,"auxiliary_storage_labeling_lineanchortextpoint":null},"geometry":{"type":"MultiPolygon","coordinates":[[[[140.263857976835737,35.741378798260321],[140.264099933835752,35.741206292260323],[140.263329941835735,35.740524827260323],[140.263087796835748,35.740708358260321],[140.263857976835737,35.741378798260321]]]]}},
{"type":"Feature","properties":{"fid":323,"polygon_uuid":"cbfbfcc5-7f36-471f-ad13-031f0b10a011","Adress":"印旛沼新田267","Tiban":"267","group":"11班","geometry_ID":"618cb93c8b","area":10.0,"auxiliary_storage_labeling_positionx":null,"auxiliary_storage_labeling_positiony":null,"auxiliary_storage_labeling_lineanchorpercent":null,"auxiliary_storage_labeling_lineanchorclipping":null,"auxiliary_storage_labeling_lineanchortype":null,"auxiliary_storage_labeling_lineanchortextpoint":null},"geometry":{"type":"MultiPolygon","coordinates":[[[[140.262681678835747,35.74037949126032],[140.262577004835748,35.740634613260326],[140.262872811835734,35.74082522226032],[140.263047269835738,35.740691861260323],[140.262681678835747,35.74037949126032]]]]}},
{"type":"Feature","properties":{"fid":324,"polygon_uuid":"4e1cbef2-c5c5-4783-9c34-e643060ad824","Adress":"印旛沼新田274","Tiban":"274","group":"11班","geometry_ID":"c98bc7fe0e","area":33.0,"auxiliary_storage_labeling_positionx":null,"auxiliary_storage_labeling_positiony":null,"auxiliary_storage_labeling_lineanchorpercent":null,"auxiliary_storage_labeling_lineanchorclipping":null,"auxiliary_storage_labeling_lineanchortype":null,"auxiliary_storage_labeling_lineanchortextpoint":null},"geometry":{"type":"MultiPolygon","coordinates":[[[[140.263510579835753,35.739079631260324],[140.263256497835755,35.739270441260324],[140.264015363835739,35.739974099260323],[140.264268535835754,35.739770962260323],[140.263510579835753,35.739079631260324]]]]}},
{"type":"Feature","properties":{"fid":325,"polygon_uuid":"37497ef7-15b0-4abb-94ef-b49ee11f136b","Adress":"印旛沼新田276","Tiban":"276","group":"11班","geometry_ID":"0ca35565e3","area":32.0,"auxiliary_storage_labeling_positionx":null,"auxiliary_storage_labeling_positiony":null,"auxiliary_storage_labeling_lineanchorpercent":null,"auxiliary_storage_labeling_lineanchorclipping":null,"auxiliary_storage_labeling_lineanchortype":null,"auxiliary_storage_labeling_lineanchortextpoint":null},"geometry":{"type":"MultiPolygon","coordinates":[[[[140.263745516835741,35.738899709260323],[140.264518244835756,35.739582410260326],[140.264761934835747,35.739398402260321],[140.264000142835755,35.738704706260322],[140.263745516835741,35.738899709260323]]]]}},
{"type":"Feature","properties":{"fid":326,"polygon_uuid":"a6802cce-7a59-4337-a024-32f2559b9c9a","Adress":"印旛沼新田275","Tiban":"275","group":"11班","geometry_ID":"6dae5c3f05","area":31.0,"auxiliary_storage_labeling_positionx":null,"auxiliary_storage_labeling_positiony":null,"auxiliary_storage_labeling_lineanchorpercent":null,"auxiliary_storage_labeling_lineanchorclipping":null,"auxiliary_storage_labeling_lineanchortype":null,"auxiliary_storage_labeling_lineanchortextpoint":null},"geometry":{"type":"MultiPolygon","coordinates":[[[[140.263510579835753,35.739079631260324],[140.264268535835754,35.739770962260323],[140.264518244835756,35.739582410260326],[140.263745516835741,35.738899709260323],[140.263510579835753,35.739079631260324]]]]}},
{"type":"Feature","properties":{"fid":327,"polygon_uuid":"c8986d7d-0822-4860-b95e-25a9d320bbd4","Adress":"印旛沼新田281","Tiban":"281","group":"11班","geometry_ID":"6a95d18f64","area":11.0,"auxiliary_storage_labeling_positionx":null,"auxiliary_storage_labeling_positiony":null,"auxiliary_storage_labeling_lineanchorpercent":null,"auxiliary_storage_labeling_lineanchorclipping":null,"auxiliary_storage_labeling_lineanchortype":null,"auxiliary_storage_labeling_lineanchortextpoint":null},"geometry":{"type":"MultiPolygon","coordinates":[[[[140.264608418835735,35.738245175260325],[140.265390592835729,35.738923702260323],[140.265447766835734,35.738880530260325],[140.265455902835754,35.738846589260326],[140.264720309835752,35.738189098260321],[140.264693118835737,35.73818307826032],[140.264608418835735,35.738245175260325]]]]}},
{"type":"Feature","properties":{"fid":328,"polygon_uuid":"b3427318-d86d-4f06-910e-2574ce602bcd","Adress":"馬橋砂押184-1,馬橋砂押184-4,馬橋砂押184-2","Tiban":"184-1,184-4,184-2","group":"2班","geometry_ID":"37ce777ea8","area":11.0,"auxiliary_storage_labeling_positionx":null,"auxiliary_storage_labeling_positiony":null,"auxiliary_storage_labeling_lineanchorpercent":null,"auxiliary_storage_labeling_lineanchorclipping":null,"auxiliary_storage_labeling_lineanchortype":null,"auxiliary_storage_labeling_lineanchortextpoint":null},"geometry":{"type":"MultiPolygon","coordinates":[[[[140.267938200949828,35.713863127986528],[140.267938200949828,35.713863127986521],[140.267935656835732,35.71385821826032],[140.267874547835731,35.71374915426032],[140.267078840835751,35.714042509260324],[140.26709042783574,35.71406380426032],[140.267424936451221,35.714084642138545],[140.267938200949828,35.713863127986528]]]]}},
{"type":"Feature","properties":{"fid":329,"polygon_uuid":"cb91b3dd-dd7c-4416-ba7d-9dff36a6b401","Adress":"馬橋砂押205-1,馬橋砂押205-3","Tiban":"205-1,205-3","group":"2班","geometry_ID":"c36dcbe7f6","area":19.0,"auxiliary_storage_labeling_positionx":null,"auxiliary_storage_labeling_positiony":null,"auxiliary_storage_labeling_lineanchorpercent":null,"auxiliary_storage_labeling_lineanchorclipping":null,"auxiliary_storage_labeling_lineanchortype":null,"auxiliary_storage_labeling_lineanchortextpoint":null},"geometry":{"type":"MultiPolygon","coordinates":[[[[140.265072627835735,35.71303745526032],[140.265214432835734,35.712825840260322],[140.26447468783573,35.712485051260323],[140.264443987835733,35.712748490260324],[140.265072627835735,35.71303745526032]]]]}},
{"type":"Feature","properties":{"fid":330,"polygon_uuid":"400ff08f-15ae-44de-b0de-319046344e97","Adress":"馬橋砂押199,馬橋砂押200","Tiban":"199,200","group":"2班","geometry_ID":"bc1250c86e","area":30.0,"auxiliary_storage_labeling_positionx":null,"auxiliary_storage_labeling_positiony":null,"auxiliary_storage_labeling_lineanchorpercent":null,"auxiliary_storage_labeling_lineanchorclipping":null,"auxiliary_storage_labeling_lineanchortype":null,"auxiliary_storage_labeling_lineanchortextpoint":null},"geometry":{"type":"MultiPolygon","coordinates":[[[[140.26560373083575,35.713802631260322],[140.265627408835741,35.71378491926032],[140.265830303835742,35.713495114260326],[140.265101331835751,35.713141321260323],[140.264889049835745,35.713454074260326],[140.26560373083575,35.713802631260322]]]]}},
{"type":"Feature","properties":{"fid":331,"polygon_uuid":"e63f1726-1dbd-46d2-8dcf-379dc3855687","Adress":"墨下谷上り308-1,墨下谷上り311-1","Tiban":"308-1,311-1","group":"2班","geometry_ID":"b9ea414128","area":16.0,"auxiliary_storage_labeling_positionx":null,"auxiliary_storage_labeling_positiony":null,"auxiliary_storage_labeling_lineanchorpercent":null,"auxiliary_storage_labeling_lineanchorclipping":null,"auxiliary_storage_labeling_lineanchortype":null,"auxiliary_storage_labeling_lineanchortextpoint":null},"geometry":{"type":"MultiPolygon","coordinates":[[[[140.268172042835744,35.715420468260319],[140.268134179835755,35.715434886260326],[140.268109943835753,35.715439492260323],[140.268443093835742,35.71576372426032],[140.268675218835739,35.715637627260321],[140.268532962835735,35.715239458260321],[140.268172042835744,35.715420468260319]]]]}},
{"type":"Feature","properties":{"fid":332,"polygon_uuid":"4585e3cc-dfde-4019-aaf6-cf952d62835f","Adress":"墨下谷上り307-4,墨下谷上り307-1","Tiban":"307-4,307-1","group":"2班","geometry_ID":"291e845c14","area":19.0,"auxiliary_storage_labeling_positionx":null,"auxiliary_storage_labeling_positiony":null,"auxiliary_storage_labeling_lineanchorpercent":null,"auxiliary_storage_labeling_lineanchorclipping":null,"auxiliary_storage_labeling_lineanchortype":null,"auxiliary_storage_labeling_lineanchortextpoint":null},"geometry":{"type":"MultiPolygon","coordinates":[[[[140.268645693835737,35.715479901260323],[140.268696090835732,35.715623720260325],[140.268777884835742,35.715905477260321],[140.26886661483573,35.715852792260321],[140.268967667835739,35.715788892260321],[140.268923425835737,35.715534841260322],[140.268930628835733,35.71541291826032],[140.268932970835749,35.715361585260325],[140.268933667835739,35.715302725260322],[140.268927707835729,35.715280134260325],[140.268834868835739,35.715113856260324],[140.268549508835747,35.715235089260325],[140.268645693835737,35.715479901260323]]]]}},
{"type":"Feature","properties":{"fid":333,"polygon_uuid":"e140d6c8-5f79-4005-b755-ef573e2558e8","Adress":"墨下谷上り310-2,墨下谷上り310-1","Tiban":"310-2,310-1","group":"2班","geometry_ID":"76ad0681e2","area":14.0,"auxiliary_storage_labeling_positionx":null,"auxiliary_storage_labeling_positiony":null,"auxiliary_storage_labeling_lineanchorpercent":null,"auxiliary_storage_labeling_lineanchorclipping":null,"auxiliary_storage_labeling_lineanchortype":null,"auxiliary_storage_labeling_lineanchortextpoint":null},"geometry":{"type":"MultiPolygon","coordinates":[[[[140.268109943835753,35.715439492260323],[140.268087528835736,35.715443385260322],[140.268051014835748,35.71543756626032],[140.267861621835749,35.715764337260325],[140.26796989883573,35.715817500260322],[140.267994602835756,35.715798370260323],[140.268051720835729,35.71583624726032],[140.268114624835732,35.715864582260323],[140.268170018835747,35.715853671260319],[140.268218199835729,35.715858257260322],[140.268256179835731,35.715865261260326],[140.268443093835742,35.71576372426032],[140.268109943835753,35.715439492260323]]]]}},
{"type":"Feature","properties":{"fid":334,"polygon_uuid":"39efd8c8-c5cd-4f23-84c2-4a97960c0296","Adress":"墨境田313","Tiban":"313","group":"2班","geometry_ID":"17e53a5f6c","area":19.0,"auxiliary_storage_labeling_positionx":null,"auxiliary_storage_labeling_positiony":null,"auxiliary_storage_labeling_lineanchorpercent":null,"auxiliary_storage_labeling_lineanchorclipping":null,"auxiliary_storage_labeling_lineanchortype":null,"auxiliary_storage_labeling_lineanchortextpoint":null},"geometry":{"type":"MultiPolygon","coordinates":[[[[140.267661754835729,35.714983382260321],[140.267320799835744,35.715455089260324],[140.267345267835736,35.715474209260321],[140.267389055835736,35.715475836260325],[140.267437094835742,35.715454241260325],[140.267703315835746,35.715301543260324],[140.267762327835754,35.715285264260324],[140.267819248835735,35.715286844260326],[140.26789594783574,35.715302633260322],[140.268031899835734,35.715346771260322],[140.268073547835741,35.715357332260325],[140.268128210835755,35.715346423260321],[140.268289051835751,35.71526692826032],[140.267661754835729,35.714983382260321]]]]}},
{"type":"Feature","properties":{"fid":335,"polygon_uuid":"3d2f9a03-668f-44b3-81d9-cc6bd1550576","Adress":"墨境田314-2","Tiban":"314-2","group":"2班","geometry_ID":"ba4e5947a8","area":19.0,"auxiliary_storage_labeling_positionx":null,"auxiliary_storage_labeling_positiony":null,"auxiliary_storage_labeling_lineanchorpercent":null,"auxiliary_storage_labeling_lineanchorclipping":null,"auxiliary_storage_labeling_lineanchortype":null,"auxiliary_storage_labeling_lineanchortextpoint":null},"geometry":{"type":"MultiPolygon","coordinates":[[[[140.267883096835732,35.714698159260323],[140.26773994383575,35.714895420260326],[140.268399809835756,35.715212186260324],[140.268588173835752,35.715125456260324],[140.268638675835746,35.715057421260326],[140.268259750835739,35.714878735260321],[140.267883096835732,35.714698159260323]]]]}},
{"type":"Feature","properties":{"fid":336,"polygon_uuid":"fb32ccd0-c8a8-4f1a-9af6-816c6489b572","Adress":"墨境田314-1","Tiban":"314-1","group":"2班","geometry_ID":"f788e94638","area":7.0,"auxiliary_storage_labeling_positionx":null,"auxiliary_storage_labeling_positiony":null,"auxiliary_storage_labeling_lineanchorpercent":null,"auxiliary_storage_labeling_lineanchorclipping":null,"auxiliary_storage_labeling_lineanchortype":null,"auxiliary_storage_labeling_lineanchortextpoint":null},"geometry":{"type":"MultiPolygon","coordinates":[[[[140.26773994383575,35.714895420260326],[140.267661754835729,35.714983382260321],[140.268289051835751,35.71526692826032],[140.268399809835756,35.715212186260324],[140.26773994383575,35.714895420260326]]]]}},
{"type":"Feature","properties":{"fid":337,"polygon_uuid":"42ccb66d-e714-493b-a0e3-d7a8cf5890d2","Adress":"墨境田315-1","Tiban":"315-1","group":"2班","geometry_ID":"41597cb0c8","area":20.0,"auxiliary_storage_labeling_positionx":null,"auxiliary_storage_labeling_positiony":null,"auxiliary_storage_labeling_lineanchorpercent":null,"auxiliary_storage_labeling_lineanchorclipping":null,"auxiliary_storage_labeling_lineanchortype":null,"auxiliary_storage_labeling_lineanchortextpoint":null},"geometry":{"type":"MultiPolygon","coordinates":[[[[140.268024964198531,35.714501076344064],[140.267886336759517,35.714695154758672],[140.268638675835746,35.715057421260326],[140.268778899835752,35.714862910260322],[140.268024964198531,35.714501076344064]]]]}},
{"type":"Feature","properties":{"fid":338,"polygon_uuid":"f144dc44-bc18-4f0e-9e66-3dd090d4ad30","Adress":"墨境田320-1,320-4,320-5","Tiban":"320-1,320-4,320-5","group":"2班","geometry_ID":"bdde7c802d","area":15.0,"auxiliary_storage_labeling_positionx":null,"auxiliary_storage_labeling_positiony":null,"auxiliary_storage_labeling_lineanchorpercent":null,"auxiliary_storage_labeling_lineanchorclipping":null,"auxiliary_storage_labeling_lineanchortype":null,"auxiliary_storage_labeling_lineanchortextpoint":null},"geometry":{"type":"MultiPolygon","coordinates":[[[[140.268647951835732,35.71511802026032],[140.268717801835749,35.715082064260322],[140.268794227835741,35.715047870260321],[140.268890422835739,35.715026100260324],[140.268993192835751,35.715006092260325],[140.269120088835734,35.714994922260324],[140.269240495835732,35.71499805626032],[140.269334636835737,35.715001285260321],[140.269402550835736,35.715011750260324],[140.269492489835756,35.715047128260323],[140.269548962835756,35.714966591260321],[140.268949874835755,35.714688493260326],[140.268647951835732,35.71511802026032]]]]}},
{"type":"Feature","properties":{"fid":339,"polygon_uuid":"6c1b2624-1ff2-4733-912c-03b58e796910","Adress":"墨境田319","Tiban":"319","group":"2班","geometry_ID":"167058760c","area":10.0,"auxiliary_storage_labeling_positionx":null,"auxiliary_storage_labeling_positiony":null,"auxiliary_storage_labeling_lineanchorpercent":null,"auxiliary_storage_labeling_lineanchorclipping":null,"auxiliary_storage_labeling_lineanchortype":null,"auxiliary_storage_labeling_lineanchortextpoint":null},"geometry":{"type":"MultiPolygon","coordinates":[[[[140.268311052835742,35.714351435260326],[140.26892827483573,35.71465570526032],[140.269105938835736,35.714409255260321],[140.268930741835732,35.714393823260323],[140.268713967835737,35.714380326260326],[140.268468698835733,35.714359792260325],[140.268311052835742,35.714351435260326]]]]}},
{"type":"Feature","properties":{"fid":340,"polygon_uuid":"3e8c5504-6a13-438d-9597-ac69f1d9491b","Adress":"馬橋新堤463-1","Tiban":"463-1","group":"2班","geometry_ID":"c96b78f8fb","area":24.0,"auxiliary_storage_labeling_positionx":null,"auxiliary_storage_labeling_positiony":null,"auxiliary_storage_labeling_lineanchorpercent":null,"auxiliary_storage_labeling_lineanchorclipping":null,"auxiliary_storage_labeling_lineanchortype":null,"auxiliary_storage_labeling_lineanchortextpoint":null},"geometry":{"type":"MultiPolygon","coordinates":[[[[140.263346715835752,35.712563633260324],[140.264163451835742,35.712922939260324],[140.264181261835745,35.712617935260326],[140.263505313835736,35.712314884260323],[140.263346715835752,35.712563633260324]]]]}},
{"type":"Feature","properties":{"fid":341,"polygon_uuid":"fafaf5a1-0991-47eb-99fc-7ba43f39b143","Adress":"本佐倉新堤167-1","Tiban":"167-1","group":"2班","geometry_ID":"75cdf45eec","area":7.0,"auxiliary_storage_labeling_positionx":null,"auxiliary_storage_labeling_positiony":null,"auxiliary_storage_labeling_lineanchorpercent":null,"auxiliary_storage_labeling_lineanchorclipping":null,"auxiliary_storage_labeling_lineanchortype":null,"auxiliary_storage_labeling_lineanchortextpoint":null},"geometry":{"type":"MultiPolygon","coordinates":[[[[140.264145155835735,35.713926738260319],[140.264156218835751,35.713838895260324],[140.26333268983575,35.713453121260322],[140.263289776835734,35.713511443260323],[140.264145155835735,35.713926738260319]]]]}},
{"type":"Feature","properties":{"fid":342,"polygon_uuid":"e3e39a90-e261-4f19-ba61-8d37dca3ed41","Adress":"本佐倉新堤168-2","Tiban":"168-2","group":"2班","geometry_ID":"34e34e3ee4","area":23.0,"auxiliary_storage_labeling_positionx":null,"auxiliary_storage_labeling_positiony":null,"auxiliary_storage_labeling_lineanchorpercent":null,"auxiliary_storage_labeling_lineanchorclipping":null,"auxiliary_storage_labeling_lineanchortype":null,"auxiliary_storage_labeling_lineanchortextpoint":null},"geometry":{"type":"MultiPolygon","coordinates":[[[[140.264174125835751,35.713696695260325],[140.26419201683575,35.71341162326032],[140.264126625835729,35.713330565260321],[140.263575656835741,35.713097959260324],[140.263409926835749,35.71334708626032],[140.264174125835751,35.713696695260325]]]]}},
{"type":"Feature","properties":{"fid":343,"polygon_uuid":"9bc687a4-8966-42ba-b586-43e7bd9f6f7e","Adress":"本佐倉新堤168-1","Tiban":"168-1","group":"2班","geometry_ID":"e62d2b5f18","area":12.0,"auxiliary_storage_labeling_positionx":null,"auxiliary_storage_labeling_positiony":null,"auxiliary_storage_labeling_lineanchorpercent":null,"auxiliary_storage_labeling_lineanchorclipping":null,"auxiliary_storage_labeling_lineanchortype":null,"auxiliary_storage_labeling_lineanchortextpoint":null},"geometry":{"type":"MultiPolygon","coordinates":[[[[140.264156218835751,35.713838895260324],[140.264174125835751,35.713696695260325],[140.263409926835749,35.71334708626032],[140.26333268983575,35.713453121260322],[140.264156218835751,35.713838895260324]]]]}},
{"type":"Feature","properties":{"fid":344,"polygon_uuid":"9ad045e4-fdaf-4147-a51b-472db06e9182","Adress":"墨笠原1653","Tiban":"1653","group":"2班","geometry_ID":"1b4a891d96","area":11.0,"auxiliary_storage_labeling_positionx":null,"auxiliary_storage_labeling_positiony":null,"auxiliary_storage_labeling_lineanchorpercent":null,"auxiliary_storage_labeling_lineanchorclipping":null,"auxiliary_storage_labeling_lineanchortype":null,"auxiliary_storage_labeling_lineanchortextpoint":null},"geometry":{"type":"MultiPolygon","coordinates":[[[[140.276987644952641,35.708782223467537],[140.27751547640591,35.709072686929971],[140.277555979835739,35.709045230260323],[140.277625053835749,35.709002578260325],[140.277675160835742,35.708976955260326],[140.277694087835755,35.708952859260322],[140.277198990835728,35.708700914260326],[140.277126471835743,35.708726579260322],[140.277071190835755,35.70874089326032],[140.277029765835749,35.708757978260323],[140.276998734835729,35.708777847260322],[140.276987644952641,35.708782223467537]]]]}},
{"type":"Feature","properties":{"fid":345,"polygon_uuid":"10ae2d4c-c63b-40dd-8033-e02d0ad64321","Adress":"墨笠原1654-1","Tiban":"1654-1","group":"2班","geometry_ID":"256596d634","area":9.0,"auxiliary_storage_labeling_positionx":null,"auxiliary_storage_labeling_positiony":null,"auxiliary_storage_labeling_lineanchorpercent":null,"auxiliary_storage_labeling_lineanchorclipping":null,"auxiliary_storage_labeling_lineanchortype":null,"auxiliary_storage_labeling_lineanchortextpoint":null},"geometry":{"type":"MultiPolygon","coordinates":[[[[140.277375354835755,35.708608448260321],[140.277364598835732,35.70861564226032],[140.277309411835745,35.708646888260326],[140.277250764835742,35.708678147260322],[140.277198990835728,35.708700914260326],[140.277694087835755,35.708952859260322],[140.277746259835737,35.708924402260322],[140.277801573835745,35.708900172260321],[140.277886295835742,35.708867355260324],[140.277692832835754,35.708765900260325],[140.277375354835755,35.708608448260321]]]]}},
{"type":"Feature","properties":{"fid":346,"polygon_uuid":"a944f464-9050-4c3e-911c-5c24e609495b","Adress":"墨笠原1656","Tiban":"1656","group":"2班","geometry_ID":"f172a5159b","area":12.0,"auxiliary_storage_labeling_positionx":null,"auxiliary_storage_labeling_positiony":null,"auxiliary_storage_labeling_lineanchorpercent":null,"auxiliary_storage_labeling_lineanchorclipping":null,"auxiliary_storage_labeling_lineanchortype":null,"auxiliary_storage_labeling_lineanchortextpoint":null},"geometry":{"type":"MultiPolygon","coordinates":[[[[140.277727119835731,35.708285687260322],[140.277689486835754,35.708373447260321],[140.277672354835744,35.708408841260322],[140.277643885835744,35.70843964726032],[140.27760944283574,35.708467994260324],[140.277596280835752,35.708473837260321],[140.277832597835754,35.708596063260323],[140.278034431835749,35.70870852526032],[140.278062240835737,35.708723968260323],[140.278082790835754,35.708680081260326],[140.278099889835744,35.708639034260322],[140.278130678835737,35.708566845260322],[140.278149573835748,35.708537097260326],[140.278173674835756,35.708508743260325],[140.278108684835729,35.708467112260323],[140.277727119835731,35.708285687260322]]]]}},
{"type":"Feature","properties":{"fid":347,"polygon_uuid":"1bacdbb4-039c-4639-8e29-1883e40dfc58","Adress":"墨笠原1655","Tiban":"1655","group":"2班","geometry_ID":"a2147b1bce","area":13.0,"auxiliary_storage_labeling_positionx":null,"auxiliary_storage_labeling_positiony":null,"auxiliary_storage_labeling_lineanchorpercent":null,"auxiliary_storage_labeling_lineanchorclipping":null,"auxiliary_storage_labeling_lineanchortype":null,"auxiliary_storage_labeling_lineanchortextpoint":null},"geometry":{"type":"MultiPolygon","coordinates":[[[[140.277596280835752,35.708473837260321],[140.277564572835729,35.708487914260324],[140.277533558835756,35.708510605260322],[140.277474925835747,35.708544686260325],[140.277419755835751,35.708578753260326],[140.277375354835755,35.708608448260321],[140.277692832835754,35.708765900260325],[140.277886295835742,35.708867355260324],[140.277958999835732,35.708854367260322],[140.277998718835732,35.708830196260323],[140.278024599835732,35.708810315260322],[140.278050426835733,35.708780541260325],[140.278064138835731,35.708753639260323],[140.278062240835737,35.708723968260323],[140.278034431835749,35.70870852526032],[140.277832597835754,35.708596063260323],[140.277596280835752,35.708473837260321]]]]}},
{"type":"Feature","properties":{"fid":348,"polygon_uuid":"5700d7eb-ca01-4934-9dcc-73a2dfea158d","Adress":"墨笠原1660","Tiban":"1660","group":"2班","geometry_ID":"de6bb6e497","area":12.0,"auxiliary_storage_labeling_positionx":null,"auxiliary_storage_labeling_positiony":null,"auxiliary_storage_labeling_lineanchorpercent":null,"auxiliary_storage_labeling_lineanchorclipping":null,"auxiliary_storage_labeling_lineanchortype":null,"auxiliary_storage_labeling_lineanchortextpoint":null},"geometry":{"type":"MultiPolygon","coordinates":[[[[140.277528218835755,35.706994786260324],[140.277137888835739,35.70716635926032],[140.277217439835738,35.707275172260324],[140.27723279083574,35.70732007326032],[140.277261661835752,35.707370844260325],[140.27731132583574,35.70742153826032],[140.277684610835735,35.707244211260324],[140.277630592835749,35.707176717260324],[140.277604390835734,35.707138656260319],[140.277570332835751,35.707090025260321],[140.277528218835755,35.706994786260324]]]]}},
{"type":"Feature","properties":{"fid":349,"polygon_uuid":"553f4010-563d-4263-9803-a74474c416b4","Adress":"墨笠原1659","Tiban":"1659","group":"2班","geometry_ID":"f2be139c9e","area":9.0,"auxiliary_storage_labeling_positionx":null,"auxiliary_storage_labeling_positiony":null,"auxiliary_storage_labeling_lineanchorpercent":null,"auxiliary_storage_labeling_lineanchorclipping":null,"auxiliary_storage_labeling_lineanchortype":null,"auxiliary_storage_labeling_lineanchortextpoint":null},"geometry":{"type":"MultiPolygon","coordinates":[[[[140.277815609835756,35.707432396260323],[140.277761520835753,35.707352182260323],[140.277724792835755,35.707290842260321],[140.277684610835735,35.707244211260324],[140.27731132583574,35.70742153826032],[140.27734794783575,35.707463799260324],[140.277355897835747,35.707491329260321],[140.277390002835745,35.707548439260322],[140.27742408383574,35.707601310260323],[140.277815609835756,35.707432396260323]]]]}},
{"type":"Feature","properties":{"fid":350,"polygon_uuid":"4d7a7b35-b1f5-4ac5-9f06-f7e4f2b3676e","Adress":"墨笠原1661","Tiban":"1661","group":"2班","geometry_ID":"72556ddc3b","area":12.0,"auxiliary_storage_labeling_positionx":null,"auxiliary_storage_labeling_positiony":null,"auxiliary_storage_labeling_lineanchorpercent":null,"auxiliary_storage_labeling_lineanchorclipping":null,"auxiliary_storage_labeling_lineanchortype":null,"auxiliary_storage_labeling_lineanchortextpoint":null},"geometry":{"type":"MultiPolygon","coordinates":[[[[140.277528218835755,35.706994786260324],[140.27744173383573,35.70686579326032],[140.277376870835752,35.706761245260324],[140.276984565835733,35.706938379260322],[140.277137888835739,35.70716635926032],[140.277528218835755,35.706994786260324]]]]}},
{"type":"Feature","properties":{"fid":351,"polygon_uuid":"f855107c-52c6-4075-b6f5-c3c15c25f3c1","Adress":"墨笠原1663","Tiban":"1663","group":"2班","geometry_ID":"d983c170cc","area":21.0,"auxiliary_storage_labeling_positionx":null,"auxiliary_storage_labeling_positiony":null,"auxiliary_storage_labeling_lineanchorpercent":null,"auxiliary_storage_labeling_lineanchorclipping":null,"auxiliary_storage_labeling_lineanchortype":null,"auxiliary_storage_labeling_lineanchortextpoint":null},"geometry":{"type":"MultiPolygon","coordinates":[[[[140.27861760083573,35.70799557726032],[140.278886268835748,35.707822732260325],[140.278967198835744,35.707765338260323],[140.278888196835737,35.707701892260324],[140.278445798835747,35.707481085260326],[140.278412246835757,35.707523606260324],[140.278373577835737,35.707580986260325],[140.278337403835735,35.707619277260321],[140.278288269835741,35.707663976260321],[140.27823909983573,35.70770231526032],[140.278213226835732,35.70772360926032],[140.278179627835755,35.707757651260323],[140.278380461835752,35.707880498260323],[140.278488417835746,35.707936539260324],[140.278547283835735,35.707970398260322],[140.27861760083573,35.70799557726032]]]]}},
{"type":"Feature","properties":{"fid":352,"polygon_uuid":"84bb84d4-17cc-4705-a59c-ffeb3efabea8","Adress":"墨笠原1638","Tiban":"1638","group":"2班","geometry_ID":"bc50e6bcfa","area":17.0,"auxiliary_storage_labeling_positionx":null,"auxiliary_storage_labeling_positiony":null,"auxiliary_storage_labeling_lineanchorpercent":null,"auxiliary_storage_labeling_lineanchorclipping":null,"auxiliary_storage_labeling_lineanchortype":null,"auxiliary_storage_labeling_lineanchortextpoint":null},"geometry":{"type":"MultiPolygon","coordinates":[[[[140.276275126835742,35.709751330260325],[140.276532841835746,35.70985522726032],[140.276636892835739,35.709672759260322],[140.276884368835738,35.709469265260324],[140.27670538983574,35.70939402426032],[140.276503913835739,35.709292598260326],[140.276382741835732,35.709471112260324],[140.27629559083573,35.709691899260321],[140.276275126835742,35.709751330260325]]]]}},
{"type":"Feature","properties":{"fid":353,"polygon_uuid":"61098bee-9e08-4f00-a8d5-d92a965d02a4","Adress":"墨笠原1643","Tiban":"1643","group":"2班","geometry_ID":"9377f82ea3","area":11.0,"auxiliary_storage_labeling_positionx":null,"auxiliary_storage_labeling_positiony":null,"auxiliary_storage_labeling_lineanchorpercent":null,"auxiliary_storage_labeling_lineanchorclipping":null,"auxiliary_storage_labeling_lineanchortype":null,"auxiliary_storage_labeling_lineanchortextpoint":null},"geometry":{"type":"MultiPolygon","coordinates":[[[[140.275194436835733,35.710636805260322],[140.275548580835732,35.710821160260323],[140.275554154835731,35.710773536260319],[140.27556413183575,35.710730655260321],[140.275578520835751,35.710693709260326],[140.275647508835732,35.710503040260321],[140.275376714835744,35.710350513260323],[140.275312097835752,35.710540094260324],[140.275296263835742,35.710579426260324],[140.275274514835729,35.71060449726032],[140.275236647835754,35.710617609260325],[140.275194436835733,35.710636805260322]]]]}},
{"type":"Feature","properties":{"fid":354,"polygon_uuid":"52f3f00c-ba09-477c-b2e6-ec34dca03c49","Adress":"墨笠原1642","Tiban":"1642","group":"2班","geometry_ID":"993c4a8b9c","area":11.0,"auxiliary_storage_labeling_positionx":null,"auxiliary_storage_labeling_positiony":null,"auxiliary_storage_labeling_lineanchorpercent":null,"auxiliary_storage_labeling_lineanchorclipping":null,"auxiliary_storage_labeling_lineanchortype":null,"auxiliary_storage_labeling_lineanchortextpoint":null},"geometry":{"type":"MultiPolygon","coordinates":[[[[140.27544584383574,35.711038072260322],[140.275534402835746,35.710896188260321],[140.275544452835732,35.710866399260325],[140.275548580835732,35.710821160260323],[140.275194436835733,35.710636805260322],[140.275128918835748,35.710663228260323],[140.275079464835756,35.710691972260321],[140.275040230835742,35.710721868260322],[140.275014155835748,35.710756476260322],[140.275011467835753,35.710798140260323],[140.27544584383574,35.711038072260322]]]]}},
{"type":"Feature","properties":{"fid":355,"polygon_uuid":"6f178746-07a5-41fd-b590-733000c02a49","Adress":"墨笠原1651","Tiban":"1651","group":"2班","geometry_ID":"a95d449c60","area":21.0,"auxiliary_storage_labeling_positionx":null,"auxiliary_storage_labeling_positiony":null,"auxiliary_storage_labeling_lineanchorpercent":null,"auxiliary_storage_labeling_lineanchorclipping":null,"auxiliary_storage_labeling_lineanchortype":null,"auxiliary_storage_labeling_lineanchortextpoint":null},"geometry":{"type":"MultiPolygon","coordinates":[[[[140.276840082835747,35.70893481126032],[140.276805945835747,35.708950129260323],[140.276777461835735,35.708969312260322],[140.276733476835744,35.709005512260326],[140.276681717835743,35.709045980260321],[140.276643047835734,35.709103359260325],[140.276614656835733,35.709139501260324],[140.276601966835756,35.709194664260323],[140.276583913835736,35.70922016926032],[140.276558111835755,35.70925418126032],[140.276926096835751,35.709444433260323],[140.276999196835732,35.709429953260326],[140.277047746835734,35.709387142260326],[140.277106781835755,35.709349975260324],[140.277158767835743,35.709298625260324],[140.277221176835752,35.70924155126032],[140.277273289835733,35.709212938260322],[140.277310652835752,35.709176154260319],[140.276840082835747,35.70893481126032]]]]}},
{"type":"Feature","properties":{"fid":356,"polygon_uuid":"9ecc2808-c777-4165-845d-a4fa1de16a84","Adress":"墨笠原1632","Tiban":"1632","group":"2班","geometry_ID":"7ed690529c","area":16.0,"auxiliary_storage_labeling_positionx":null,"auxiliary_storage_labeling_positiony":null,"auxiliary_storage_labeling_lineanchorpercent":null,"auxiliary_storage_labeling_lineanchorclipping":null,"auxiliary_storage_labeling_lineanchortype":null,"auxiliary_storage_labeling_lineanchortextpoint":null},"geometry":{"type":"MultiPolygon","coordinates":[[[[140.27525050883574,35.711304975260326],[140.275185334835754,35.71136021126032],[140.275138883835751,35.711404415260326],[140.275115720835743,35.711437824260322],[140.275105703835749,35.71147356326032],[140.275100129835749,35.711521187260324],[140.27506394583574,35.711574875260325],[140.275004209835743,35.71168395926032],[140.274947564835742,35.711752135260326],[140.274903930835734,35.711793433260326],[140.274862548835756,35.71184545626032],[140.275009900835755,35.711920395260321],[140.275098158835732,35.711851748260322],[140.275187533835748,35.711785369260326],[140.275228904835728,35.711745945260326],[140.275298659835755,35.71169391926032],[140.275335612835732,35.711647370260323],[140.275350667835738,35.71159911526032],[140.275383154835737,35.711536516260324],[140.27544189683573,35.711472035260321],[140.275486128835752,35.711439701260325],[140.275504978835755,35.711420980260321],[140.27525050883574,35.711304975260326]]]]}},
{"type":"Feature","properties":{"fid":357,"polygon_uuid":"b83f3070-29b9-4658-8b23-3130d0383ea3","Adress":"墨笠原1640-1","Tiban":"1640-1","group":"2班","geometry_ID":"f7c3278191","area":12.0,"auxiliary_storage_labeling_positionx":null,"auxiliary_storage_labeling_positiony":null,"auxiliary_storage_labeling_lineanchorpercent":null,"auxiliary_storage_labeling_lineanchorclipping":null,"auxiliary_storage_labeling_lineanchortype":null,"auxiliary_storage_labeling_lineanchortextpoint":null},"geometry":{"type":"MultiPolygon","coordinates":[[[[140.274667875835746,35.71129128826032],[140.275044841835751,35.711496003260322],[140.275042642835729,35.711466684260323],[140.275051360835732,35.711431740260323],[140.275060577835745,35.711406268260326],[140.275082213835731,35.711370575260325],[140.27522856683575,35.711245536260321],[140.274846464835747,35.711040741260319],[140.274728967835756,35.711226872260326],[140.274667875835746,35.71129128826032]]]]}},
{"type":"Feature","properties":{"fid":358,"polygon_uuid":"3aeaab57-3503-4697-9092-727e8ceda032","Adress":"墨笠原1631","Tiban":"1631","group":"2班","geometry_ID":"a604957814","area":20.0,"auxiliary_storage_labeling_positionx":null,"auxiliary_storage_labeling_positiony":null,"auxiliary_storage_labeling_lineanchorpercent":null,"auxiliary_storage_labeling_lineanchorclipping":null,"auxiliary_storage_labeling_lineanchortype":null,"auxiliary_storage_labeling_lineanchortextpoint":null},"geometry":{"type":"MultiPolygon","coordinates":[[[[140.27409669383573,35.712128050260326],[140.274480818835741,35.712322559260322],[140.27455564783574,35.712267625260324],[140.274595776835753,35.712220385260323],[140.274611368835735,35.712114806260324],[140.274618153835746,35.71208840026032],[140.274760152835739,35.711861761260323],[140.274484923835729,35.711714440260323],[140.274424916835756,35.711797666260324],[140.274353852835731,35.711920030260323],[140.274238868835738,35.711996767260324],[140.274114681835755,35.712101519260322],[140.27409669383573,35.712128050260326]]]]}},
{"type":"Feature","properties":{"fid":359,"polygon_uuid":"2b1513c4-a97c-45a1-b8ff-b1bfd78cb170","Adress":"墨笠原1623","Tiban":"1623","group":"2班","geometry_ID":"7ba44526ab","area":18.0,"auxiliary_storage_labeling_positionx":null,"auxiliary_storage_labeling_positiony":null,"auxiliary_storage_labeling_lineanchorpercent":null,"auxiliary_storage_labeling_lineanchorclipping":null,"auxiliary_storage_labeling_lineanchortype":null,"auxiliary_storage_labeling_lineanchortextpoint":null},"geometry":{"type":"MultiPolygon","coordinates":[[[[140.273192249835745,35.713372290260324],[140.273386312835754,35.71347211226032],[140.273462655835743,35.713511380260321],[140.273532991835737,35.713523616260325],[140.273599686835752,35.71349495626032],[140.273703743835739,35.71337799226032],[140.273712900835733,35.71334158226032],[140.273712607835733,35.713288162260326],[140.273755784835743,35.713198970260322],[140.273799059835738,35.713127585260324],[140.273851801835747,35.713091186260321],[140.273928274835754,35.713039036260319],[140.273993717835737,35.713006943260325],[140.274025841835737,35.712961405260323],[140.273836187835741,35.712870514260324],[140.273820098835756,35.712885647260322],[140.273799501835754,35.712921524260324],[140.273776553835745,35.712949873260321],[140.273708768835746,35.713004067260322],[140.273560357835748,35.713129675260326],[140.273456437835733,35.713215328260326],[140.273369480835754,35.713284330260322],[140.273298035835751,35.713338012260323],[140.273238161835735,35.71336074026032],[140.273192249835745,35.713372290260324]]]]}},
{"type":"Feature","properties":{"fid":360,"polygon_uuid":"1419bf1d-6201-4269-916b-cc5d7e31ed65","Adress":"墨笠原1624","Tiban":"1624","group":"2班","geometry_ID":"57b70b998d","area":20.0,"auxiliary_storage_labeling_positionx":null,"auxiliary_storage_labeling_positiony":null,"auxiliary_storage_labeling_lineanchorpercent":null,"auxiliary_storage_labeling_lineanchorclipping":null,"auxiliary_storage_labeling_lineanchortype":null,"auxiliary_storage_labeling_lineanchortextpoint":null},"geometry":{"type":"MultiPolygon","coordinates":[[[[140.273836187835741,35.712870514260324],[140.274025841835737,35.712961405260323],[140.274061521835733,35.712941962260324],[140.274089756835735,35.712891776260321],[140.274129025835748,35.712854071260324],[140.274205920835755,35.71281065926032],[140.274561738835729,35.712577037260324],[140.274629339835741,35.712507032260326],[140.274694757835732,35.712438824260325],[140.274742659835738,35.712376047260321],[140.27481478583573,35.712331066260326],[140.274627890835745,35.712244108260322],[140.274597404835731,35.712283570260325],[140.274281993835729,35.712523251260322],[140.274061019835756,35.712673864260324],[140.273836187835741,35.712870514260324]]]]}},
{"type":"Feature","properties":{"fid":361,"polygon_uuid":"b6893c4f-811e-43d3-a80f-0038fef0cebd","Adress":"墨笠原1628","Tiban":"1628","group":"2班","geometry_ID":"02b4e8a910","area":13.0,"auxiliary_storage_labeling_positionx":null,"auxiliary_storage_labeling_positiony":null,"auxiliary_storage_labeling_lineanchorpercent":null,"auxiliary_storage_labeling_lineanchorclipping":null,"auxiliary_storage_labeling_lineanchortype":null,"auxiliary_storage_labeling_lineanchortextpoint":null},"geometry":{"type":"MultiPolygon","coordinates":[[[[140.273769809835755,35.712876713260322],[140.274005139835737,35.712659564260321],[140.27359932783574,35.712468417260325],[140.273564724835751,35.712487650260321],[140.273446955835738,35.712625448260326],[140.273400908835754,35.71269373026032],[140.273769809835755,35.712876713260322]]]]}},
{"type":"Feature","properties":{"fid":362,"polygon_uuid":"3c779643-02a0-43b9-bf79-ebf24bd781ab","Adress":"墨笠原1627","Tiban":"1627","group":"2班","geometry_ID":"61311e8d0d","area":18.0,"auxiliary_storage_labeling_positionx":null,"auxiliary_storage_labeling_positiony":null,"auxiliary_storage_labeling_lineanchorpercent":null,"auxiliary_storage_labeling_lineanchorclipping":null,"auxiliary_storage_labeling_lineanchortype":null,"auxiliary_storage_labeling_lineanchortextpoint":null},"geometry":{"type":"MultiPolygon","coordinates":[[[[140.273769809835755,35.712876713260322],[140.273400908835754,35.71269373026032],[140.273355068835741,35.712754146260323],[140.273323896835734,35.712794928260323],[140.273268715835741,35.712835798260322],[140.273236525835756,35.71287343526032],[140.273184206835737,35.712930862260322],[140.273153094835749,35.712968767260321],[140.273127429835739,35.713003505260325],[140.273092455835751,35.713024719260325],[140.273031680835743,35.713042156260322],[140.273367538835743,35.713222422260323],[140.273522827835734,35.713090601260326],[140.273707347835739,35.712940272260326],[140.273769809835755,35.712876713260322]]]]}},
{"type":"Feature","properties":{"fid":363,"polygon_uuid":"71946c2d-8bc9-4bb4-9002-d575763b4e01","Adress":"墨大広728","Tiban":"728","group":"2班","geometry_ID":"1f38bd9259","area":13.0,"auxiliary_storage_labeling_positionx":null,"auxiliary_storage_labeling_positiony":null,"auxiliary_storage_labeling_lineanchorpercent":null,"auxiliary_storage_labeling_lineanchorclipping":null,"auxiliary_storage_labeling_lineanchortype":null,"auxiliary_storage_labeling_lineanchortextpoint":null},"geometry":{"type":"MultiPolygon","coordinates":[[[[140.270180932835729,35.713995686260326],[140.270268869835746,35.713871628260321],[140.269514914835753,35.713538223260322],[140.269431128835748,35.713670551260321],[140.270180932835729,35.713995686260326]]]]}},
{"type":"Feature","properties":{"fid":364,"polygon_uuid":"43f6143a-ea07-4f16-b853-991bf7d5938e","Adress":"墨大広727","Tiban":"727","group":"2班","geometry_ID":"f3cb14a95e","area":11.0,"auxiliary_storage_labeling_positionx":null,"auxiliary_storage_labeling_positiony":null,"auxiliary_storage_labeling_lineanchorpercent":null,"auxiliary_storage_labeling_lineanchorclipping":null,"auxiliary_storage_labeling_lineanchortype":null,"auxiliary_storage_labeling_lineanchortextpoint":null},"geometry":{"type":"MultiPolygon","coordinates":[[[[140.270268869835746,35.713871628260321],[140.270350372835736,35.713756760260324],[140.270074395835735,35.71363528426032],[140.26959207683575,35.713419846260322],[140.269514914835753,35.713538223260322],[140.270268869835746,35.713871628260321]]]]}},
{"type":"Feature","properties":{"fid":365,"polygon_uuid":"ae57f422-0ece-409d-bd7c-ed67b7551cc1","Adress":"墨大広730","Tiban":"730","group":"2班","geometry_ID":"94a6456f4f","area":19.0,"auxiliary_storage_labeling_positionx":null,"auxiliary_storage_labeling_positiony":null,"auxiliary_storage_labeling_lineanchorpercent":null,"auxiliary_storage_labeling_lineanchorclipping":null,"auxiliary_storage_labeling_lineanchortype":null,"auxiliary_storage_labeling_lineanchortextpoint":null},"geometry":{"type":"MultiPolygon","coordinates":[[[[140.270007368835735,35.714271291260324],[140.270135968835746,35.714073406260326],[140.26938177483575,35.713735947260325],[140.269238082835756,35.713940937260325],[140.269424971835747,35.714008530260323],[140.269821664835746,35.714181011260322],[140.270007368835735,35.714271291260324]]]]}},
{"type":"Feature","properties":{"fid":366,"polygon_uuid":"aebfcb37-8fe8-43ee-a96f-8c46185a9259","Adress":"墨大広729","Tiban":"729","group":"2班","geometry_ID":"30bcbef32b","area":7.0,"auxiliary_storage_labeling_positionx":null,"auxiliary_storage_labeling_positiony":null,"auxiliary_storage_labeling_lineanchorpercent":null,"auxiliary_storage_labeling_lineanchorclipping":null,"auxiliary_storage_labeling_lineanchortype":null,"auxiliary_storage_labeling_lineanchortextpoint":null},"geometry":{"type":"MultiPolygon","coordinates":[[[[140.270135968835746,35.714073406260326],[140.270180932835729,35.713995686260326],[140.269431128835748,35.713670551260321],[140.26938177483575,35.713735947260325],[140.270135968835746,35.714073406260326]]]]}},
{"type":"Feature","properties":{"fid":367,"polygon_uuid":"c000e607-8e6e-4567-bdda-8789b21a32bf","Adress":"墨大広732,墨大広731","Tiban":"732,731","group":"2班","geometry_ID":"c1c4704bf3","area":15.0,"auxiliary_storage_labeling_positionx":null,"auxiliary_storage_labeling_positiony":null,"auxiliary_storage_labeling_lineanchorpercent":null,"auxiliary_storage_labeling_lineanchorclipping":null,"auxiliary_storage_labeling_lineanchortype":null,"auxiliary_storage_labeling_lineanchortextpoint":null},"geometry":{"type":"MultiPolygon","coordinates":[[[[140.269311036835745,35.71424032526032],[140.269499155835746,35.714255507260326],[140.269613968835756,35.714264081260325],[140.269711245835737,35.714267253260324],[140.269847463835731,35.714277336260324],[140.26997935983573,35.714287433260324],[140.270007368835735,35.714271291260324],[140.269821664835746,35.714181011260322],[140.269424971835747,35.714008530260323],[140.269238082835756,35.713940937260325],[140.269070933835735,35.714204179260321],[140.269127222835749,35.71422160126032],[140.269311036835745,35.71424032526032]]]]}},
{"type":"Feature","properties":{"fid":368,"polygon_uuid":"af602d7c-1007-438a-8331-1ee187edc795","Adress":"墨境田320-3","Tiban":"320-3","group":"2班","geometry_ID":"298c88d32d","area":13.0,"auxiliary_storage_labeling_positionx":null,"auxiliary_storage_labeling_positiony":null,"auxiliary_storage_labeling_lineanchorpercent":null,"auxiliary_storage_labeling_lineanchorclipping":null,"auxiliary_storage_labeling_lineanchortype":null,"auxiliary_storage_labeling_lineanchortextpoint":null},"geometry":{"type":"MultiPolygon","coordinates":[[[[140.269096599835734,35.714490400260324],[140.26967473183575,35.714763239260321],[140.269850641835745,35.714475048260326],[140.269140082835747,35.71443169426032],[140.269096599835734,35.714490400260324]]]]}},
{"type":"Feature","properties":{"fid":369,"polygon_uuid":"cf96dcd6-0123-4450-a018-93c49b1d3d71","Adress":"墨境田320-2","Tiban":"320-2","group":"2班","geometry_ID":"ab0aec3080","area":16.0,"auxiliary_storage_labeling_positionx":null,"auxiliary_storage_labeling_positiony":null,"auxiliary_storage_labeling_lineanchorpercent":null,"auxiliary_storage_labeling_lineanchorclipping":null,"auxiliary_storage_labeling_lineanchortype":null,"auxiliary_storage_labeling_lineanchortextpoint":null},"geometry":{"type":"MultiPolygon","coordinates":[[[[140.268949874835755,35.714688493260326],[140.269548962835756,35.714966591260321],[140.26967473183575,35.714763239260321],[140.269096599835734,35.714490400260324],[140.268949874835755,35.714688493260326]]]]}},
{"type":"Feature","properties":{"fid":370,"polygon_uuid":"4c77040c-1af1-4d76-9935-aabf4b694d26","Adress":"墨鼬川357-1,墨鼬川357-2","Tiban":"357-1,357-2","group":"2班","geometry_ID":"f49dd8172b","area":28.0,"auxiliary_storage_labeling_positionx":null,"auxiliary_storage_labeling_positiony":null,"auxiliary_storage_labeling_lineanchorpercent":null,"auxiliary_storage_labeling_lineanchorclipping":null,"auxiliary_storage_labeling_lineanchortype":null,"auxiliary_storage_labeling_lineanchortextpoint":null},"geometry":{"type":"MultiPolygon","coordinates":[[[[140.270567521835744,35.715044923260322],[140.27075815583575,35.714730492260323],[140.270388340835751,35.714600404260324],[140.270185226835736,35.714533305260325],[140.269914601835751,35.714479171260322],[140.26978630283574,35.714705319260325],[140.270567521835744,35.715044923260322]]]]}},
{"type":"Feature","properties":{"fid":371,"polygon_uuid":"540f9c47-9088-4a49-bd3e-1446c9bd4222","Adress":"墨山ノ下624-1","Tiban":"624-1","group":"2班","geometry_ID":"64b91741c7","area":13.0,"auxiliary_storage_labeling_positionx":null,"auxiliary_storage_labeling_positiony":null,"auxiliary_storage_labeling_lineanchorpercent":null,"auxiliary_storage_labeling_lineanchorclipping":null,"auxiliary_storage_labeling_lineanchortype":null,"auxiliary_storage_labeling_lineanchortextpoint":null},"geometry":{"type":"MultiPolygon","coordinates":[[[[140.281933357835754,35.714660281260322],[140.281978151835744,35.714604954260324],[140.281771190835741,35.714502994260322],[140.281540911835748,35.714398917260326],[140.281485006835737,35.71437365026032],[140.281226905835751,35.714256998260325],[140.281142687835739,35.714378478260322],[140.281619984835743,35.714604197260321],[140.281885046835754,35.71473282726032],[140.281933357835754,35.714660281260322]]]]}},
{"type":"Feature","properties":{"fid":372,"polygon_uuid":"5da71998-cf6f-42b5-93fd-5cfc83a55997","Adress":"墨大広717-2,墨大広717-1","Tiban":"717-2,717-1","group":"2班","geometry_ID":"795de110de","area":20.0,"auxiliary_storage_labeling_positionx":null,"auxiliary_storage_labeling_positiony":null,"auxiliary_storage_labeling_lineanchorpercent":null,"auxiliary_storage_labeling_lineanchorclipping":null,"auxiliary_storage_labeling_lineanchortype":null,"auxiliary_storage_labeling_lineanchortextpoint":null},"geometry":{"type":"MultiPolygon","coordinates":[[[[140.271795843835747,35.714800563260326],[140.271921159835756,35.714600323260321],[140.271161283835738,35.714251148260324],[140.271029001835728,35.714460097260321],[140.271795843835747,35.714800563260326]]]]}},
{"type":"Feature","properties":{"fid":373,"polygon_uuid":"aedac4c1-e43d-44ea-9095-1c3fde3afc5d","Adress":"墨大広719","Tiban":"719","group":"2班","geometry_ID":"f8552fb055","area":16.0,"auxiliary_storage_labeling_positionx":null,"auxiliary_storage_labeling_positiony":null,"auxiliary_storage_labeling_lineanchorpercent":null,"auxiliary_storage_labeling_lineanchorclipping":null,"auxiliary_storage_labeling_lineanchortype":null,"auxiliary_storage_labeling_lineanchortextpoint":null},"geometry":{"type":"MultiPolygon","coordinates":[[[[140.270216110835747,35.71410502026032],[140.27007974983573,35.714306634260325],[140.270238665835734,35.71435316326032],[140.270350954835749,35.714388431260325],[140.270556356835755,35.71445234726032],[140.270676909835743,35.714498734260324],[140.270775527835752,35.714534052260326],[140.270879602835748,35.71456712026032],[140.270915113835741,35.714506306260326],[140.270970853835735,35.714423083260321],[140.270216110835747,35.71410502026032]]]]}},
{"type":"Feature","properties":{"fid":374,"polygon_uuid":"10fab58e-1119-4d06-a9ab-fd96097676cf","Adress":"墨大広718","Tiban":"718","group":"2班","geometry_ID":"29f3640ed2","area":10.0,"auxiliary_storage_labeling_positionx":null,"auxiliary_storage_labeling_positiony":null,"auxiliary_storage_labeling_lineanchorpercent":null,"auxiliary_storage_labeling_lineanchorclipping":null,"auxiliary_storage_labeling_lineanchortype":null,"auxiliary_storage_labeling_lineanchortextpoint":null},"geometry":{"type":"MultiPolygon","coordinates":[[[[140.270948819835752,35.714586750260324],[140.271208386835752,35.714682957260322],[140.271478649835728,35.71478138426032],[140.27174108783575,35.714866646260326],[140.271795843835747,35.714800563260326],[140.271029001835728,35.714460097260321],[140.270948819835752,35.714586750260324]]]]}},
{"type":"Feature","properties":{"fid":375,"polygon_uuid":"14ed5ebc-871e-413d-ae28-f6e34317816d","Adress":"墨西ノ崎707-1","Tiban":"707-1","group":"2班","geometry_ID":"e4ee344841","area":16.0,"auxiliary_storage_labeling_positionx":null,"auxiliary_storage_labeling_positiony":null,"auxiliary_storage_labeling_lineanchorpercent":null,"auxiliary_storage_labeling_lineanchorclipping":null,"auxiliary_storage_labeling_lineanchortype":null,"auxiliary_storage_labeling_lineanchortextpoint":null},"geometry":{"type":"MultiPolygon","coordinates":[[[[140.27213437483573,35.714370662260322],[140.27288767783574,35.714712065260322],[140.27299256583575,35.714549663260321],[140.272238420835748,35.714205564260325],[140.27213437483573,35.714370662260322]]]]}},
{"type":"Feature","properties":{"fid":376,"polygon_uuid":"151ec6dc-50b9-45bf-abe6-2ef82aac2100","Adress":"墨西ノ崎709,墨西ノ崎710-2,墨西ノ崎710-1,墨西ノ崎710-3","Tiban":"709,710-2,710-1,710-3","group":"2班","geometry_ID":"3f8347f9b3","area":27.0,"auxiliary_storage_labeling_positionx":null,"auxiliary_storage_labeling_positiony":null,"auxiliary_storage_labeling_lineanchorpercent":null,"auxiliary_storage_labeling_lineanchorclipping":null,"auxiliary_storage_labeling_lineanchortype":null,"auxiliary_storage_labeling_lineanchortextpoint":null},"geometry":{"type":"MultiPolygon","coordinates":[[[[140.27316411283573,35.714259009260324],[140.273144854835749,35.71423568526032],[140.273114670835753,35.714199647260322],[140.27309861583575,35.714166568260325],[140.273098367835729,35.71412138326032],[140.273090724835754,35.71401446926032],[140.273090467835743,35.713967777260322],[140.273081475835738,35.713936180260326],[140.273067370835747,35.713891175260322],[140.272592483835751,35.713657147260321],[140.272376416835755,35.713986591260323],[140.273127165835746,35.714343628260323],[140.27316411283573,35.714259009260324]]]]}},
{"type":"Feature","properties":{"fid":377,"polygon_uuid":"1af04036-e523-425a-bfd1-9a40002d2e64","Adress":"墨西ノ崎708","Tiban":"708","group":"2班","geometry_ID":"2b23ccd83f","area":21.0,"auxiliary_storage_labeling_positionx":null,"auxiliary_storage_labeling_positiony":null,"auxiliary_storage_labeling_lineanchorpercent":null,"auxiliary_storage_labeling_lineanchorclipping":null,"auxiliary_storage_labeling_lineanchortype":null,"auxiliary_storage_labeling_lineanchortextpoint":null},"geometry":{"type":"MultiPolygon","coordinates":[[[[140.272238420835748,35.714205564260325],[140.27299256583575,35.714549663260321],[140.273127165835746,35.714343628260323],[140.272376416835755,35.713986591260323],[140.272238420835748,35.714205564260325]]]]}},
{"type":"Feature","properties":{"fid":378,"polygon_uuid":"75950d63-2ba5-4df9-90c5-295c6877a03c","Adress":"墨大広712-1,墨大広712-2,712-3,墨大広713","Tiban":"712-1,712-2,712-3,713","group":"2班","geometry_ID":"c65ef3c691","area":26.0,"auxiliary_storage_labeling_positionx":null,"auxiliary_storage_labeling_positiony":null,"auxiliary_storage_labeling_lineanchorpercent":null,"auxiliary_storage_labeling_lineanchorclipping":null,"auxiliary_storage_labeling_lineanchortype":null,"auxiliary_storage_labeling_lineanchortextpoint":null},"geometry":{"type":"MultiPolygon","coordinates":[[[[140.272241883835733,35.714087837260323],[140.272508675835752,35.713661523260321],[140.272428536835747,35.713657297260326],[140.272321718835741,35.713657687260323],[140.272166820835736,35.713655992260321],[140.272006569835753,35.713652058260323],[140.271848963835737,35.713643594260326],[140.271699319835733,35.713626065260321],[140.271571014835729,35.713603939260324],[140.27148436683575,35.713740809260322],[140.272241883835733,35.714087837260323]]]]}},
{"type":"Feature","properties":{"fid":379,"polygon_uuid":"a3af4995-760c-49f1-9c12-b5319bcf4094","Adress":"墨大広714,墨大広715","Tiban":"714,715","group":"2班","geometry_ID":"1645dba14a","area":30.0,"auxiliary_storage_labeling_positionx":null,"auxiliary_storage_labeling_positiony":null,"auxiliary_storage_labeling_lineanchorpercent":null,"auxiliary_storage_labeling_lineanchorclipping":null,"auxiliary_storage_labeling_lineanchortype":null,"auxiliary_storage_labeling_lineanchortextpoint":null},"geometry":{"type":"MultiPolygon","coordinates":[[[[140.271290702835756,35.714046719260324],[140.272049033835742,35.714395993260325],[140.272241883835733,35.714087837260323],[140.27148436683575,35.713740809260322],[140.271290702835756,35.714046719260324]]]]}},
{"type":"Feature","properties":{"fid":380,"polygon_uuid":"9f4a7e38-141c-4d3a-bbde-2ffe4c03b3a3","Adress":"墨大広716","Tiban":"716","group":"2班","geometry_ID":"9f5d75e296","area":20.0,"auxiliary_storage_labeling_positionx":null,"auxiliary_storage_labeling_positiony":null,"auxiliary_storage_labeling_lineanchorpercent":null,"auxiliary_storage_labeling_lineanchorclipping":null,"auxiliary_storage_labeling_lineanchortype":null,"auxiliary_storage_labeling_lineanchortextpoint":null},"geometry":{"type":"MultiPolygon","coordinates":[[[[140.272049033835742,35.714395993260325],[140.271290702835756,35.714046719260324],[140.271161283835738,35.714251148260324],[140.271921159835756,35.714600323260321],[140.272049033835742,35.714395993260325]]]]}},
{"type":"Feature","properties":{"fid":381,"polygon_uuid":"77f464c5-488e-427f-ad06-93e44dcd21b9","Adress":"墨大物井662-1","Tiban":"662-1","group":"2班","geometry_ID":"27ecdc6635","area":17.0,"auxiliary_storage_labeling_positionx":null,"auxiliary_storage_labeling_positiony":null,"auxiliary_storage_labeling_lineanchorpercent":null,"auxiliary_storage_labeling_lineanchorclipping":null,"auxiliary_storage_labeling_lineanchortype":null,"auxiliary_storage_labeling_lineanchortextpoint":null},"geometry":{"type":"MultiPolygon","coordinates":[[[[140.274487263835738,35.714394621260325],[140.27442301383573,35.714455051260323],[140.274312910835732,35.714565810260325],[140.274993361835755,35.714868054260322],[140.275117174835742,35.714663812260326],[140.274487263835738,35.714394621260325]]]]}},
{"type":"Feature","properties":{"fid":382,"polygon_uuid":"f37905b6-8537-4a60-a8e3-62e3a843fc09","Adress":"墨西ノ崎695-1","Tiban":"695-1","group":"2班","geometry_ID":"45008a64a7","area":15.0,"auxiliary_storage_labeling_positionx":null,"auxiliary_storage_labeling_positiony":null,"auxiliary_storage_labeling_lineanchorpercent":null,"auxiliary_storage_labeling_lineanchorclipping":null,"auxiliary_storage_labeling_lineanchortype":null,"auxiliary_storage_labeling_lineanchortextpoint":null},"geometry":{"type":"MultiPolygon","coordinates":[[[[140.273204683835729,35.714366709260325],[140.273934609835749,35.714674032260326],[140.274064678835742,35.71438914726032],[140.27356127683575,35.714341465260325],[140.273457602835748,35.714329419260324],[140.273353873835731,35.71430743226032],[140.273277528835735,35.71427788826032],[140.273204683835729,35.714366709260325]]]]}},
{"type":"Feature","properties":{"fid":383,"polygon_uuid":"e98ef3be-6e11-4741-81dc-c9c509633b4f","Adress":"墨西ノ崎696-1","Tiban":"696-1","group":"2班","geometry_ID":"32cae1f346","area":12.0,"auxiliary_storage_labeling_positionx":null,"auxiliary_storage_labeling_positiony":null,"auxiliary_storage_labeling_lineanchorpercent":null,"auxiliary_storage_labeling_lineanchorclipping":null,"auxiliary_storage_labeling_lineanchortype":null,"auxiliary_storage_labeling_lineanchortextpoint":null},"geometry":{"type":"MultiPolygon","coordinates":[[[[140.273128489835756,35.714492393260322],[140.273845247835737,35.714796362260323],[140.273934609835749,35.714674032260326],[140.273204683835729,35.714366709260325],[140.273128489835756,35.714492393260322]]]]}},
{"type":"Feature","properties":{"fid":384,"polygon_uuid":"178d86a2-cca1-4276-8dfd-26c4bd048784","Adress":"墨大物井651-1","Tiban":"651-1","group":"2班","geometry_ID":"54357d89e0","area":19.0,"auxiliary_storage_labeling_positionx":null,"auxiliary_storage_labeling_positiony":null,"auxiliary_storage_labeling_lineanchorpercent":null,"auxiliary_storage_labeling_lineanchorclipping":null,"auxiliary_storage_labeling_lineanchortype":null,"auxiliary_storage_labeling_lineanchortextpoint":null},"geometry":{"type":"MultiPolygon","coordinates":[[[[140.277052985835752,35.71496022726032],[140.277081824835733,35.714852084260322],[140.27704893683574,35.714760975260326],[140.276871354835748,35.714646651260324],[140.276673339835753,35.714533367260323],[140.276391721835751,35.714418063260325],[140.276250498835736,35.714641475260322],[140.277052985835752,35.71496022726032]]]]}},
{"type":"Feature","properties":{"fid":385,"polygon_uuid":"70ea02c2-7d5f-42bc-84a6-f39409eadd79","Adress":"墨大物井654-1","Tiban":"654-1","group":"2班","geometry_ID":"e0a32ff12e","area":19.0,"auxiliary_storage_labeling_positionx":null,"auxiliary_storage_labeling_positiony":null,"auxiliary_storage_labeling_lineanchorpercent":null,"auxiliary_storage_labeling_lineanchorclipping":null,"auxiliary_storage_labeling_lineanchortype":null,"auxiliary_storage_labeling_lineanchortextpoint":null},"geometry":{"type":"MultiPolygon","coordinates":[[[[140.276188453835744,35.714600889260325],[140.275422846835738,35.714282454260321],[140.275304132835743,35.714471765260321],[140.276062589835732,35.71479951026032],[140.276188453835744,35.714600889260325]]]]}},
{"type":"Feature","properties":{"fid":386,"polygon_uuid":"ed2a802f-74ee-43be-8a97-9d76830c3463","Adress":"墨大物井653","Tiban":"653","group":"2班","geometry_ID":"5d083d40bc","area":16.0,"auxiliary_storage_labeling_positionx":null,"auxiliary_storage_labeling_positiony":null,"auxiliary_storage_labeling_lineanchorpercent":null,"auxiliary_storage_labeling_lineanchorclipping":null,"auxiliary_storage_labeling_lineanchortype":null,"auxiliary_storage_labeling_lineanchortextpoint":null},"geometry":{"type":"MultiPolygon","coordinates":[[[[140.275930548835731,35.715021980260325],[140.275171219835755,35.714683496260321],[140.274957439835731,35.714984990260319],[140.275417561835752,35.714980815260326],[140.275563674835752,35.715008923260321],[140.275728764835748,35.715051531260322],[140.27587508183575,35.715106212260324],[140.275930548835731,35.715021980260325]]]]}},
{"type":"Feature","properties":{"fid":387,"polygon_uuid":"158a729f-cfb1-415c-a2f2-947edc54f56e","Adress":"墨大物井655,墨大物井656","Tiban":"655,656","group":"2班","geometry_ID":"df15ad7eba","area":12.0,"auxiliary_storage_labeling_positionx":null,"auxiliary_storage_labeling_positiony":null,"auxiliary_storage_labeling_lineanchorpercent":null,"auxiliary_storage_labeling_lineanchorclipping":null,"auxiliary_storage_labeling_lineanchortype":null,"auxiliary_storage_labeling_lineanchortextpoint":null},"geometry":{"type":"MultiPolygon","coordinates":[[[[140.275497481835743,35.714167860260325],[140.275422846835738,35.714282454260321],[140.276188453835744,35.714600889260325],[140.276270148835749,35.71447567026032],[140.275497481835743,35.714167860260325]]]]}},
{"type":"Feature","properties":{"fid":388,"polygon_uuid":"c4a12c38-6906-4137-be50-3b1a82168a8b","Adress":"墨大物井654-2","Tiban":"654-2","group":"2班","geometry_ID":"6b3692ed0c","area":21.0,"auxiliary_storage_labeling_positionx":null,"auxiliary_storage_labeling_positiony":null,"auxiliary_storage_labeling_lineanchorpercent":null,"auxiliary_storage_labeling_lineanchorclipping":null,"auxiliary_storage_labeling_lineanchortype":null,"auxiliary_storage_labeling_lineanchortextpoint":null},"geometry":{"type":"MultiPolygon","coordinates":[[[[140.276062589835732,35.71479951026032],[140.275304132835743,35.714471765260321],[140.275171219835755,35.714683496260321],[140.275930548835731,35.715021980260325],[140.276062589835732,35.71479951026032]]]]}},
{"type":"Feature","properties":{"fid":389,"polygon_uuid":"f3471fca-0ca5-4a36-b4dd-76a2858bff8f","Adress":"墨大物井661-1","Tiban":"661-1","group":"2班","geometry_ID":"388e37419a","area":17.0,"auxiliary_storage_labeling_positionx":null,"auxiliary_storage_labeling_positiony":null,"auxiliary_storage_labeling_lineanchorpercent":null,"auxiliary_storage_labeling_lineanchorclipping":null,"auxiliary_storage_labeling_lineanchortype":null,"auxiliary_storage_labeling_lineanchortextpoint":null},"geometry":{"type":"MultiPolygon","coordinates":[[[[140.274639908835752,35.714190905260324],[140.274584802835733,35.714236253260324],[140.274487263835738,35.714394621260325],[140.275117174835742,35.714663812260326],[140.275250367835753,35.714469573260324],[140.274639908835752,35.714190905260324]]]]}},
{"type":"Feature","properties":{"fid":390,"polygon_uuid":"8dd8cfcd-0213-45e2-8320-d845ad2bfdd2","Adress":"墨山ノ下634","Tiban":"634","group":"2班","geometry_ID":"abae06a531","area":16.0,"auxiliary_storage_labeling_positionx":null,"auxiliary_storage_labeling_positiony":null,"auxiliary_storage_labeling_lineanchorpercent":null,"auxiliary_storage_labeling_lineanchorclipping":null,"auxiliary_storage_labeling_lineanchortype":null,"auxiliary_storage_labeling_lineanchortextpoint":null},"geometry":{"type":"MultiPolygon","coordinates":[[[[140.280610260835743,35.715031522260325],[140.280538877835738,35.71498323926032],[140.280214288835737,35.715235707260319],[140.279883554835749,35.71549295626032],[140.28015633283573,35.715668719260321],[140.280610260835743,35.715031522260325]]]]}},
{"type":"Feature","properties":{"fid":391,"polygon_uuid":"b754848e-fa16-496e-8140-bac93d24164f","Adress":"墨山ノ下633","Tiban":"633","group":"2班","geometry_ID":"c1da7ae28a","area":11.0,"auxiliary_storage_labeling_positionx":null,"auxiliary_storage_labeling_positiony":null,"auxiliary_storage_labeling_lineanchorpercent":null,"auxiliary_storage_labeling_lineanchorclipping":null,"auxiliary_storage_labeling_lineanchortype":null,"auxiliary_storage_labeling_lineanchortextpoint":null},"geometry":{"type":"MultiPolygon","coordinates":[[[[140.280302237835741,35.714827685260325],[140.279985730835733,35.715083345260325],[140.280214288835737,35.715235707260319],[140.280538877835738,35.71498323926032],[140.280302237835741,35.714827685260325]]]]}},
{"type":"Feature","properties":{"fid":392,"polygon_uuid":"1566397f-7955-4f59-8deb-6c22b81a344a","Adress":"墨山ノ下636,墨山ノ下635","Tiban":"636,635","group":"2班","geometry_ID":"b9e2ad2af0","area":13.0,"auxiliary_storage_labeling_positionx":null,"auxiliary_storage_labeling_positiony":null,"auxiliary_storage_labeling_lineanchorpercent":null,"auxiliary_storage_labeling_lineanchorclipping":null,"auxiliary_storage_labeling_lineanchortype":null,"auxiliary_storage_labeling_lineanchortextpoint":null},"geometry":{"type":"MultiPolygon","coordinates":[[[[140.280137439835755,35.715691898260324],[140.279862107835754,35.715510912260321],[140.279321679835732,35.715950795260326],[140.279481940835751,35.71590378826032],[140.279690315835751,35.715849460260323],[140.279873996835732,35.715815456260323],[140.279980397835743,35.715792450260324],[140.28004312683575,35.715788646260322],[140.280073776835735,35.715789723260322],[140.280137439835755,35.715691898260324]]]]}},
{"type":"Feature","properties":{"fid":393,"polygon_uuid":"8e6b3c40-f095-4085-bd32-474cddef025d","Adress":"墨山ノ下638-1,墨山ノ下638-2","Tiban":"638-1,638-2","group":"2班","geometry_ID":"ebdad8b282","area":21.0,"auxiliary_storage_labeling_positionx":null,"auxiliary_storage_labeling_positiony":null,"auxiliary_storage_labeling_lineanchorpercent":null,"auxiliary_storage_labeling_lineanchorclipping":null,"auxiliary_storage_labeling_lineanchortype":null,"auxiliary_storage_labeling_lineanchortextpoint":null},"geometry":{"type":"MultiPolygon","coordinates":[[[[140.279421254835739,35.715226847260325],[140.279347761835737,35.715393733260321],[140.279300123835753,35.715486737260321],[140.279275561835732,35.715530861260326],[140.279248034835746,35.715566667260326],[140.279191362835746,35.715609720260325],[140.279114127835754,35.715629047260322],[140.27903099583574,35.715637686260322],[140.278941980835754,35.715638015260325],[140.278887553835744,35.71563362626032],[140.278750583835745,35.715728283260326],[140.279052664835746,35.715933448260323],[140.279705365835753,35.715407879260326],[140.279421254835739,35.715226847260325]]]]}},
{"type":"Feature","properties":{"fid":394,"polygon_uuid":"0d154f68-eeeb-4d58-9a55-bbc6b528e44e","Adress":"墨山ノ下637","Tiban":"637","group":"2班","geometry_ID":"fdb8cf724f","area":15.0,"auxiliary_storage_labeling_positionx":null,"auxiliary_storage_labeling_positiony":null,"auxiliary_storage_labeling_lineanchorpercent":null,"auxiliary_storage_labeling_lineanchorclipping":null,"auxiliary_storage_labeling_lineanchortype":null,"auxiliary_storage_labeling_lineanchortextpoint":null},"geometry":{"type":"MultiPolygon","coordinates":[[[[140.279862107835754,35.715510912260321],[140.279705365835753,35.715407879260326],[140.279052664835746,35.715933448260323],[140.27914507783575,35.715990230260324],[140.279321679835732,35.715950795260326],[140.279862107835754,35.715510912260321]]]]}},
{"type":"Feature","properties":{"fid":395,"polygon_uuid":"89ee33c5-6471-4f9e-bcab-41934fdd2be6","Adress":"墨山ノ下639-1,墨山ノ下639-2","Tiban":"639-1,639-2","group":"2班","geometry_ID":"ced9973fad","area":21.0,"auxiliary_storage_labeling_positionx":null,"auxiliary_storage_labeling_positiony":null,"auxiliary_storage_labeling_lineanchorpercent":null,"auxiliary_storage_labeling_lineanchorclipping":null,"auxiliary_storage_labeling_lineanchortype":null,"auxiliary_storage_labeling_lineanchortextpoint":null},"geometry":{"type":"MultiPolygon","coordinates":[[[[140.278319699835748,35.716175162260321],[140.278452104835736,35.716162669260321],[140.278619781835744,35.716140441260322],[140.278802082835739,35.71610087426032],[140.279079739835737,35.716028806260326],[140.278688373835735,35.715766332260323],[140.278552333835734,35.715843151260323],[140.278349976835756,35.715913854260322],[140.278190436835729,35.715971680260324],[140.278191637835732,35.716187901260319],[140.278319699835748,35.716175162260321]]]]}},
{"type":"Feature","properties":{"fid":396,"polygon_uuid":"3e3ac759-6b72-4f54-aefb-f9c27439ce39","Adress":"墨山ノ下640","Tiban":"640","group":"2班","geometry_ID":"51a2b1bae9","area":13.0,"auxiliary_storage_labeling_positionx":null,"auxiliary_storage_labeling_positiony":null,"auxiliary_storage_labeling_lineanchorpercent":null,"auxiliary_storage_labeling_lineanchorclipping":null,"auxiliary_storage_labeling_lineanchortype":null,"auxiliary_storage_labeling_lineanchortextpoint":null},"geometry":{"type":"MultiPolygon","coordinates":[[[[140.277454552835735,35.71608026826032],[140.277503862835744,35.71610615126032],[140.27768703183574,35.716161527260326],[140.278168789835746,35.716195450260322],[140.27816759983574,35.715981237260323],[140.27788751983573,35.716000123260322],[140.277549910835745,35.715916318260319],[140.277454552835735,35.71608026826032]]]]}},
{"type":"Feature","properties":{"fid":397,"polygon_uuid":"9125934d-e1a4-4f44-b5e0-504d8ba2ce95","Adress":"墨山ノ下632","Tiban":"632","group":"2班","geometry_ID":"11467e334c","area":11.0,"auxiliary_storage_labeling_positionx":null,"auxiliary_storage_labeling_positiony":null,"auxiliary_storage_labeling_lineanchorpercent":null,"auxiliary_storage_labeling_lineanchorclipping":null,"auxiliary_storage_labeling_lineanchortype":null,"auxiliary_storage_labeling_lineanchortextpoint":null},"geometry":{"type":"MultiPolygon","coordinates":[[[[140.279883554835749,35.71549295626032],[140.280214288835737,35.715235707260319],[140.279985730835733,35.715083345260325],[140.27985973783575,35.715189448260325],[140.279660443835752,35.71534864126032],[140.279883554835749,35.71549295626032]]]]}},
{"type":"Feature","properties":{"fid":398,"polygon_uuid":"b6f68c7f-655f-448d-a74c-810f22d6754f","Adress":"墨山ノ下631","Tiban":"631","group":"2班","geometry_ID":"ac899fffd6","area":6.0,"auxiliary_storage_labeling_positionx":null,"auxiliary_storage_labeling_positiony":null,"auxiliary_storage_labeling_lineanchorpercent":null,"auxiliary_storage_labeling_lineanchorclipping":null,"auxiliary_storage_labeling_lineanchortype":null,"auxiliary_storage_labeling_lineanchortextpoint":null},"geometry":{"type":"MultiPolygon","coordinates":[[[[140.279660443835752,35.71534864126032],[140.27985973783575,35.715189448260325],[140.279695738835755,35.71507714226032],[140.279614259835739,35.715120287260326],[140.279526981835744,35.71517035726032],[140.279451152835748,35.715214338260324],[140.279660443835752,35.71534864126032]]]]}},
{"type":"Feature","properties":{"fid":399,"polygon_uuid":"b8a46cc5-c6a7-41e5-99d1-8cb2e6c0e6ae","Adress":"墨山ノ下607-1,墨山ノ下608,墨山ノ下607-2","Tiban":"607-1,608,607-2","group":"2班","geometry_ID":"63e0dede73","area":35.0,"auxiliary_storage_labeling_positionx":null,"auxiliary_storage_labeling_positiony":null,"auxiliary_storage_labeling_lineanchorpercent":null,"auxiliary_storage_labeling_lineanchorclipping":null,"auxiliary_storage_labeling_lineanchortype":null,"auxiliary_storage_labeling_lineanchortextpoint":null},"geometry":{"type":"MultiPolygon","coordinates":[[[[140.28263998883574,35.715205031260325],[140.281890156835743,35.714830900260324],[140.281653647835753,35.715177498260324],[140.282403440835736,35.715544427260326],[140.28263998883574,35.715205031260325]]]]}},
{"type":"Feature","properties":{"fid":400,"polygon_uuid":"c09244cb-1fba-4cc3-85ed-76a9cdc93959","Adress":"墨山ノ下611,墨山ノ下610-1","Tiban":"611,610-1","group":"2班","geometry_ID":"960a3da3ea","area":29.0,"auxiliary_storage_labeling_positionx":null,"auxiliary_storage_labeling_positiony":null,"auxiliary_storage_labeling_lineanchorpercent":null,"auxiliary_storage_labeling_lineanchorclipping":null,"auxiliary_storage_labeling_lineanchortype":null,"auxiliary_storage_labeling_lineanchortextpoint":null},"geometry":{"type":"MultiPolygon","coordinates":[[[[140.282222366835754,35.715801990260324],[140.281751004835741,35.715570443260326],[140.281457891835743,35.715442317260326],[140.281429128835754,35.71548591826032],[140.281296770835752,35.715674343260325],[140.281244546835751,35.715733884260324],[140.282021143835749,35.716075593260321],[140.282222366835754,35.715801990260324]]]]}},
{"type":"Feature","properties":{"fid":401,"polygon_uuid":"cbe3c660-c745-4cb3-8c5e-388c4d251f7b","Adress":"墨山ノ下613,墨山ノ下612","Tiban":"613,612","group":"2班","geometry_ID":"9b45ec9f2a","area":23.0,"auxiliary_storage_labeling_positionx":null,"auxiliary_storage_labeling_positiony":null,"auxiliary_storage_labeling_lineanchorpercent":null,"auxiliary_storage_labeling_lineanchorclipping":null,"auxiliary_storage_labeling_lineanchortype":null,"auxiliary_storage_labeling_lineanchortextpoint":null},"geometry":{"type":"MultiPolygon","coordinates":[[[[140.282021143835749,35.716075593260321],[140.281244546835751,35.715733884260324],[140.281110455835744,35.715957383260324],[140.281081218835737,35.715993503260322],[140.28126047683574,35.716051989260322],[140.281523836835731,35.716154865260322],[140.281744646835733,35.716239765260326],[140.281837824835748,35.716274038260323],[140.281886208835743,35.716287045260323],[140.282021143835749,35.716075593260321]]]]}},
{"type":"Feature","properties":{"fid":402,"polygon_uuid":"3ab6340b-2d53-4b1a-80f0-75bea78e170a","Adress":"墨山ノ下615","Tiban":"615","group":"2班","geometry_ID":"c8303fdd73","area":11.0,"auxiliary_storage_labeling_positionx":null,"auxiliary_storage_labeling_positiony":null,"auxiliary_storage_labeling_lineanchorpercent":null,"auxiliary_storage_labeling_lineanchorclipping":null,"auxiliary_storage_labeling_lineanchortype":null,"auxiliary_storage_labeling_lineanchortextpoint":null},"geometry":{"type":"MultiPolygon","coordinates":[[[[140.280277839556646,35.715557623732828],[140.281047696244116,35.715921335553688],[140.281115590835753,35.715822918260322],[140.280360460835738,35.715444979260326],[140.280277839556646,35.715557623732828]]]]}},
{"type":"Feature","properties":{"fid":403,"polygon_uuid":"5360f32c-feaf-49e8-9198-098dda7a49c2","Adress":"墨山ノ下595,墨山ノ下596","Tiban":"595,596","group":"2班","geometry_ID":"a198b2c4e6","area":13.0,"auxiliary_storage_labeling_positionx":null,"auxiliary_storage_labeling_positiony":null,"auxiliary_storage_labeling_lineanchorpercent":null,"auxiliary_storage_labeling_lineanchorclipping":null,"auxiliary_storage_labeling_lineanchortype":null,"auxiliary_storage_labeling_lineanchortextpoint":null},"geometry":{"type":"MultiPolygon","coordinates":[[[[140.282010043835754,35.716333762260319],[140.282119447835754,35.716377864260323],[140.282207557835733,35.71640968226032],[140.282338214835733,35.716458650260321],[140.282368618835733,35.716473374260325],[140.282408104835753,35.716485590260326],[140.282447522835753,35.716485443260325],[140.282496035835749,35.716485262260321],[140.282551025835744,35.716447766260323],[140.282605307835752,35.716394810260326],[140.282603128835746,35.716366794260324],[140.282623096835749,35.716361756260326],[140.282069966835735,35.71610658526032],[140.281928624835729,35.716308319260321],[140.282010043835754,35.716333762260319]]]]}},
{"type":"Feature","properties":{"fid":404,"polygon_uuid":"ac0d53b4-c1ad-4e28-90c7-67b0d96e3abe","Adress":"墨山ノ下598","Tiban":"598","group":"2班","geometry_ID":"208ed418db","area":10.0,"auxiliary_storage_labeling_positionx":null,"auxiliary_storage_labeling_positiony":null,"auxiliary_storage_labeling_lineanchorpercent":null,"auxiliary_storage_labeling_lineanchorclipping":null,"auxiliary_storage_labeling_lineanchortype":null,"auxiliary_storage_labeling_lineanchortextpoint":null},"geometry":{"type":"MultiPolygon","coordinates":[[[[140.282753922835752,35.716231849260325],[140.282815711835752,35.716172219260322],[140.282868797835732,35.716109282260319],[140.282254896835752,35.715828278260325],[140.28216989583575,35.715956015260325],[140.282630703835736,35.716165571260326],[140.282753922835752,35.716231849260325]]]]}},
{"type":"Feature","properties":{"fid":405,"polygon_uuid":"785e393d-5560-4c00-8164-7a05528a773b","Adress":"酒々井町墨山ノ下600","Tiban":"600","group":"2班","geometry_ID":"9763212e05","area":12.0,"auxiliary_storage_labeling_positionx":null,"auxiliary_storage_labeling_positiony":null,"auxiliary_storage_labeling_lineanchorpercent":null,"auxiliary_storage_labeling_lineanchorclipping":null,"auxiliary_storage_labeling_lineanchortype":null,"auxiliary_storage_labeling_lineanchortextpoint":null},"geometry":{"type":"MultiPolygon","coordinates":[[[[140.282930129835734,35.715851399260323],[140.282919791835752,35.715810226260324],[140.282913044835738,35.71576063026032],[140.282910856835741,35.71573096526032],[140.282916763835743,35.71570291826032],[140.282925179835729,35.71566492126032],[140.282939534835748,35.71560004626032],[140.282553464835729,35.715412044260326],[140.282541867835732,35.715428026260319],[140.282411103835756,35.715610074260326],[140.282930129835734,35.715851399260323]]]]}},
{"type":"Feature","properties":{"fid":406,"polygon_uuid":"cc44b86e-f00e-4981-aabd-7b11f0ed9be0","Adress":"墨山ノ下602-3,墨山ノ下602-2","Tiban":"602-3,602-2","group":"2班","geometry_ID":"4e3761c7c2","area":12.0,"auxiliary_storage_labeling_positionx":null,"auxiliary_storage_labeling_positiony":null,"auxiliary_storage_labeling_lineanchorpercent":null,"auxiliary_storage_labeling_lineanchorclipping":null,"auxiliary_storage_labeling_lineanchortype":null,"auxiliary_storage_labeling_lineanchortextpoint":null},"geometry":{"type":"MultiPolygon","coordinates":[[[[140.282983125835756,35.715499049260323],[140.282978386835737,35.715445684260324],[140.282968020835739,35.715399564260323],[140.282957691835747,35.715360038260322],[140.282959462835748,35.715315521260322],[140.282957256835743,35.715282559260324],[140.282975216835752,35.715241279260326],[140.282997211835749,35.715198336260322],[140.283022619835748,35.715151587260323],[140.283043211835746,35.715110792260326],[140.282829894835743,35.715026729260323],[140.282805817835737,35.715060080260322],[140.282709523835734,35.715190673260324],[140.282637347835731,35.715296447260322],[140.282595311835735,35.715354376260322],[140.282962761835734,35.715542339260324],[140.282983125835756,35.715499049260323]]]]}},
{"type":"Feature","properties":{"fid":407,"polygon_uuid":"877957b6-ee97-44cb-a18f-e373684dda0f","Adress":"墨西ノ崎702-1","Tiban":"702-1","group":"2班","geometry_ID":"f51a280aa2","area":12.0,"auxiliary_storage_labeling_positionx":null,"auxiliary_storage_labeling_positiony":null,"auxiliary_storage_labeling_lineanchorpercent":null,"auxiliary_storage_labeling_lineanchorclipping":null,"auxiliary_storage_labeling_lineanchortype":null,"auxiliary_storage_labeling_lineanchortextpoint":null},"geometry":{"type":"MultiPolygon","coordinates":[[[[140.271808317835735,35.714893500260324],[140.271939659835738,35.714935791260324],[140.272068380835748,35.714978093260321],[140.272221421835752,35.715027862260321],[140.272392776835744,35.715075436260321],[140.272526982835728,35.715103564260325],[140.272624050835731,35.715113754260322],[140.272669352835749,35.715065719260323],[140.271910466835749,35.714725954260324],[140.271808317835735,35.714893500260324]]]]}},
{"type":"Feature","properties":{"fid":408,"polygon_uuid":"ca2ec9a0-835c-4510-a4a6-64d525b638cb","Adress":"墨大物井650-1","Tiban":"650-1","group":"2班","geometry_ID":"bcad194ac9","area":4.0,"auxiliary_storage_labeling_positionx":null,"auxiliary_storage_labeling_positiony":null,"auxiliary_storage_labeling_lineanchorpercent":null,"auxiliary_storage_labeling_lineanchorclipping":null,"auxiliary_storage_labeling_lineanchortype":null,"auxiliary_storage_labeling_lineanchortextpoint":null},"geometry":{"type":"MultiPolygon","coordinates":[[[[140.27695125683573,35.715195882260325],[140.27717551683574,35.715291088260322],[140.277198090835753,35.715031084260325],[140.277097261835735,35.714981671260325],[140.27695125683573,35.715195882260325]]]]}},
{"type":"Feature","properties":{"fid":409,"polygon_uuid":"ce712510-f5a1-46e2-903a-e8cc7b1f69f1","Adress":"墨鼬川355-1","Tiban":"355-1","group":"2班","geometry_ID":"cfebb29081","area":13.0,"auxiliary_storage_labeling_positionx":null,"auxiliary_storage_labeling_positiony":null,"auxiliary_storage_labeling_lineanchorpercent":null,"auxiliary_storage_labeling_lineanchorclipping":null,"auxiliary_storage_labeling_lineanchortype":null,"auxiliary_storage_labeling_lineanchortextpoint":null},"geometry":{"type":"MultiPolygon","coordinates":[[[[140.26956465683574,35.715070596260325],[140.269601565835757,35.71510681726032],[140.269699960835737,35.715158304260321],[140.26981451483573,35.715191807260325],[140.269949862835745,35.715225234260323],[140.27023636383575,35.715330187260321],[140.270237671397865,35.715329641883322],[140.270317648766508,35.715192080809246],[140.269665617835756,35.714918047260326],[140.26956465683574,35.715070596260325]]]]}},
{"type":"Feature","properties":{"fid":410,"polygon_uuid":"a184519e-219f-4723-9e6c-f420e46f1136","Adress":"墨鼬川355-2","Tiban":"355-2","group":"2班","geometry_ID":"bd98e010dd","area":20.0,"auxiliary_storage_labeling_positionx":null,"auxiliary_storage_labeling_positiony":null,"auxiliary_storage_labeling_lineanchorpercent":null,"auxiliary_storage_labeling_lineanchorclipping":null,"auxiliary_storage_labeling_lineanchortype":null,"auxiliary_storage_labeling_lineanchortextpoint":null},"geometry":{"type":"MultiPolygon","coordinates":[[[[140.269665617835756,35.714918047260326],[140.270446958835748,35.715243780260323],[140.270567521835744,35.715044923260322],[140.26978630283574,35.714705319260325],[140.269665617835756,35.714918047260326]]]]}},
{"type":"Feature","properties":{"fid":411,"polygon_uuid":"c23fb654-be1d-4300-8925-d1b1ae36db14","Adress":"墨鼬川359-1","Tiban":"359-1","group":"2班","geometry_ID":"4b53c9e9d9","area":9.0,"auxiliary_storage_labeling_positionx":null,"auxiliary_storage_labeling_positiony":null,"auxiliary_storage_labeling_lineanchorpercent":null,"auxiliary_storage_labeling_lineanchorclipping":null,"auxiliary_storage_labeling_lineanchortype":null,"auxiliary_storage_labeling_lineanchortextpoint":null},"geometry":{"type":"MultiPolygon","coordinates":[[[[140.27042383783575,35.715388863260323],[140.27052797083573,35.715418163260324],[140.270638995835753,35.715456551260324],[140.270741436835749,35.715488257260326],[140.270819625835742,35.715514617260325],[140.270897813835745,35.715552490260322],[140.270986514835755,35.715611523260321],[140.271069993835738,35.71566633626032],[140.271158602835754,35.715708412260319],[140.271189816835744,35.71571253826032],[140.27125782683575,35.715600362260325],[140.270490146835755,35.715280217260322],[140.27042383783575,35.715388863260323]]]]}},
{"type":"Feature","properties":{"fid":412,"polygon_uuid":"f3fbfa12-2503-4ad7-aaac-328c666438f6","Adress":"墨鼬川358","Tiban":"358","group":"2班","geometry_ID":"7aaca6c947","area":12.0,"auxiliary_storage_labeling_positionx":null,"auxiliary_storage_labeling_positiony":null,"auxiliary_storage_labeling_lineanchorpercent":null,"auxiliary_storage_labeling_lineanchorclipping":null,"auxiliary_storage_labeling_lineanchortype":null,"auxiliary_storage_labeling_lineanchortextpoint":null},"geometry":{"type":"MultiPolygon","coordinates":[[[[140.270745012835732,35.71486262426032],[140.27153019383573,35.71519818326032],[140.271622951835752,35.715041733260321],[140.270813823835738,35.714770945260319],[140.270745012835732,35.71486262426032]]]]}},
{"type":"Feature","properties":{"fid":413,"polygon_uuid":"a3338208-ae5c-4d93-8927-2a2ffba0e0a7","Adress":"墨鼬川359-2","Tiban":"359-2","group":"2班","geometry_ID":"06f818beba","area":21.0,"auxiliary_storage_labeling_positionx":null,"auxiliary_storage_labeling_positiony":null,"auxiliary_storage_labeling_lineanchorpercent":null,"auxiliary_storage_labeling_lineanchorclipping":null,"auxiliary_storage_labeling_lineanchortype":null,"auxiliary_storage_labeling_lineanchortextpoint":null},"geometry":{"type":"MultiPolygon","coordinates":[[[[140.270490146835755,35.715280217260322],[140.27125782683575,35.715600362260325],[140.271400184835755,35.715399678260326],[140.270620683835745,35.715066335260325],[140.270490146835755,35.715280217260322]]]]}},
{"type":"Feature","properties":{"fid":414,"polygon_uuid":"c2e9874b-654a-40e2-a388-ffc64ab2ea79","Adress":"墨鼬川362","Tiban":"362","group":"2班","geometry_ID":"d49b9cf8ba","area":20.0,"auxiliary_storage_labeling_positionx":null,"auxiliary_storage_labeling_positiony":null,"auxiliary_storage_labeling_lineanchorpercent":null,"auxiliary_storage_labeling_lineanchorclipping":null,"auxiliary_storage_labeling_lineanchortype":null,"auxiliary_storage_labeling_lineanchortextpoint":null},"geometry":{"type":"MultiPolygon","coordinates":[[[[140.271584683835755,35.715236479260319],[140.272370265835747,35.715562541260326],[140.272523812835743,35.715303627260326],[140.272460833835737,35.715295303260326],[140.272355828835742,35.715274301260322],[140.272237653835731,35.715242654260322],[140.272061697835738,35.715194109260324],[140.271699122835741,35.715064980260323],[140.271584683835755,35.715236479260319]]]]}},
{"type":"Feature","properties":{"fid":415,"polygon_uuid":"af8ae860-f87c-4388-8e57-3324b134f80e","Adress":"墨山ノ下604","Tiban":"604","group":"2班","geometry_ID":"4588be7384","area":9.0,"auxiliary_storage_labeling_positionx":null,"auxiliary_storage_labeling_positiony":null,"auxiliary_storage_labeling_lineanchorpercent":null,"auxiliary_storage_labeling_lineanchorclipping":null,"auxiliary_storage_labeling_lineanchortype":null,"auxiliary_storage_labeling_lineanchortextpoint":null},"geometry":{"type":"MultiPolygon","coordinates":[[[[140.282394524670622,35.714820362013583],[140.282477690923912,35.714703929258981],[140.282461627835744,35.71468816926032],[140.282426640835752,35.714645791260324],[140.282398634835744,35.714609054260322],[140.28236805283575,35.714582164260321],[140.282341572835747,35.714545995260323],[140.282319198835751,35.714521351260323],[140.282298837835754,35.714495050260325],[140.282254192835751,35.714463895260323],[140.282179301835754,35.714421685260319],[140.282030407835748,35.714643114260326],[140.282394524670622,35.714820362013583]]]]}},
{"type":"Feature","properties":{"fid":416,"polygon_uuid":"50cdb030-5073-44f6-a3ea-18e5aab894d8","Adress":"墨大物井659,墨大物井660-1","Tiban":"659,660-1","group":"2班","geometry_ID":"b4de460c8f","area":9.0,"auxiliary_storage_labeling_positionx":null,"auxiliary_storage_labeling_positiony":null,"auxiliary_storage_labeling_lineanchorpercent":null,"auxiliary_storage_labeling_lineanchorclipping":null,"auxiliary_storage_labeling_lineanchortype":null,"auxiliary_storage_labeling_lineanchortextpoint":null},"geometry":{"type":"MultiPolygon","coordinates":[[[[140.274805593934076,35.714115546029333],[140.27474733683573,35.714152890260323],[140.274639908835752,35.714190905260324],[140.275250367835753,35.714469573260324],[140.275334832878514,35.714341648111457],[140.274805593934076,35.714115546029333]]]]}},
{"type":"Feature","properties":{"fid":417,"polygon_uuid":"0c291c10-dbae-4690-97ec-26a380637c15","Adress":"中川西方535-1","Tiban":"535-1","group":"11班","geometry_ID":"b76b0f75a3","area":8.0,"auxiliary_storage_labeling_positionx":null,"auxiliary_storage_labeling_positiony":null,"auxiliary_storage_labeling_lineanchorpercent":null,"auxiliary_storage_labeling_lineanchorclipping":null,"auxiliary_storage_labeling_lineanchortype":null,"auxiliary_storage_labeling_lineanchortextpoint":null},"geometry":{"type":"MultiPolygon","coordinates":[[[[140.267485138907062,35.739007052323068],[140.266762331564962,35.73954819150967],[140.266825303668782,35.739605972364778],[140.267553783835751,35.739067536260322],[140.267485138907062,35.739007052323068]]]]}},
{"type":"Feature","properties":{"fid":418,"polygon_uuid":"0c291c10-dbae-4690-97ec-26a380637c15","Adress":"中川西方560-1","Tiban":"560-1","group":"11班","geometry_ID":"94e65d089d","area":9.0,"auxiliary_storage_labeling_positionx":null,"auxiliary_storage_labeling_positiony":null,"auxiliary_storage_labeling_lineanchorpercent":null,"auxiliary_storage_labeling_lineanchorclipping":null,"auxiliary_storage_labeling_lineanchortype":null,"auxiliary_storage_labeling_lineanchortextpoint":null},"geometry":{"type":"MultiPolygon","coordinates":[[[[140.267342098447699,35.738881017518523],[140.266628746922095,35.73942561922086],[140.266704290681446,35.739494935358472],[140.267421263804806,35.738950771141759],[140.267342098447699,35.738881017518523]]]]}},
{"type":"Feature","properties":{"fid":419,"polygon_uuid":"0c291c10-dbae-4690-97ec-26a380637c15","Adress":"中川西方560-2","Tiban":"560-2","group":"11班","geometry_ID":"19b2e45c3a","area":9.0,"auxiliary_storage_labeling_positionx":null,"auxiliary_storage_labeling_positiony":null,"auxiliary_storage_labeling_lineanchorpercent":null,"auxiliary_storage_labeling_lineanchorclipping":null,"auxiliary_storage_labeling_lineanchortype":null,"auxiliary_storage_labeling_lineanchortextpoint":null},"geometry":{"type":"MultiPolygon","coordinates":[[[[140.267269856903511,35.738817364556674],[140.266548503954823,35.739351991265231],[140.266628746922095,35.73942561922086],[140.267342098447699,35.738881017518523],[140.267269856903511,35.738817364556674]]]]}},
{"type":"Feature","properties":{"fid":420,"polygon_uuid":"0c291c10-dbae-4690-97ec-26a380637c15","Adress":"中川西方562-1","Tiban":"562-1","group":"11班","geometry_ID":"0c5e5574cf","area":9.0,"auxiliary_storage_labeling_positionx":null,"auxiliary_storage_labeling_positiony":null,"auxiliary_storage_labeling_lineanchorpercent":null,"auxiliary_storage_labeling_lineanchorclipping":null,"auxiliary_storage_labeling_lineanchortype":null,"auxiliary_storage_labeling_lineanchortextpoint":null},"geometry":{"type":"MultiPolygon","coordinates":[[[[140.26718997878146,35.73874698290701],[140.266473309684073,35.73928299580534],[140.266548503954823,35.739351991265231],[140.267269856903511,35.738817364556674],[140.26718997878146,35.73874698290701]]]]}},
{"type":"Feature","properties":{"fid":421,"polygon_uuid":"0c291c10-dbae-4690-97ec-26a380637c15","Adress":"中川西方563-1","Tiban":"563-1","group":"11班","geometry_ID":"f37d1453d8","area":9.0,"auxiliary_storage_labeling_positionx":null,"auxiliary_storage_labeling_positiony":null,"auxiliary_storage_labeling_lineanchorpercent":null,"auxiliary_storage_labeling_lineanchorclipping":null,"auxiliary_storage_labeling_lineanchortype":null,"auxiliary_storage_labeling_lineanchortextpoint":null},"geometry":{"type":"MultiPolygon","coordinates":[[[[140.267029484193785,35.738605569043564],[140.266325935394974,35.739147770651186],[140.266395527100116,35.739211625405723],[140.267108382866638,35.738675087687838],[140.267029484193785,35.738605569043564]]]]}},
{"type":"Feature","properties":{"fid":422,"polygon_uuid":null,"Adress":"酒々井町中川西方522-1,522-2,522-3,522-4,522-5,522-6,531-6","Tiban":"522-1,522-2,522-3,522-4,522-5,522-6,531-6","group":"11班","geometry_ID":"25e564b84a","area":11.0,"auxiliary_storage_labeling_positionx":null,"auxiliary_storage_labeling_positiony":null,"auxiliary_storage_labeling_lineanchorpercent":null,"auxiliary_storage_labeling_lineanchorclipping":null,"auxiliary_storage_labeling_lineanchortype":null,"auxiliary_storage_labeling_lineanchortextpoint":null},"geometry":{"type":"MultiPolygon","coordinates":[[[[140.265735478725219,35.738512948326502],[140.265805858809642,35.738581195681085],[140.266737861745696,35.737855001173699],[140.266678145310436,35.737789952913857],[140.265735478725219,35.738512948326502]]]]}},
{"type":"Feature","properties":{"fid":423,"polygon_uuid":null,"Adress":"酒々井町中川西方523-3","Tiban":"523-3","group":"11班","geometry_ID":"3acd78e518","area":10.0,"auxiliary_storage_labeling_positionx":null,"auxiliary_storage_labeling_positiony":null,"auxiliary_storage_labeling_lineanchorpercent":null,"auxiliary_storage_labeling_lineanchorclipping":null,"auxiliary_storage_labeling_lineanchortype":null,"auxiliary_storage_labeling_lineanchortextpoint":null},"geometry":{"type":"MultiPolygon","coordinates":[[[[140.265805858809642,35.738584394775835],[140.265880504353731,35.73864837667076],[140.266664619199219,35.738036841469373],[140.266592929766915,35.737971669258194],[140.265805858809642,35.738584394775835]]]]}},
{"type":"Feature","properties":{"fid":424,"polygon_uuid":null,"Adress":"酒々井町中川拾壱石482-2","Tiban":"482-2","group":"11班","geometry_ID":"4211d5f963","area":36.0,"auxiliary_storage_labeling_positionx":null,"auxiliary_storage_labeling_positiony":null,"auxiliary_storage_labeling_lineanchorpercent":null,"auxiliary_storage_labeling_lineanchorclipping":null,"auxiliary_storage_labeling_lineanchortype":null,"auxiliary_storage_labeling_lineanchortextpoint":null},"geometry":{"type":"MultiPolygon","coordinates":[[[[140.267947119559693,35.735698811314748],[140.268606133077412,35.736242657421606],[140.268842866088619,35.735779855048321],[140.268356603687209,35.735410892787591],[140.267947119559693,35.735698811314748]]]]}},
{"type":"Feature","properties":{"fid":425,"polygon_uuid":null,"Adress":"酒々井川場469-1","Tiban":"469-1","group":"11班","geometry_ID":"1f0340b34b","area":12.0,"auxiliary_storage_labeling_positionx":null,"auxiliary_storage_labeling_positiony":null,"auxiliary_storage_labeling_lineanchorpercent":null,"auxiliary_storage_labeling_lineanchorclipping":null,"auxiliary_storage_labeling_lineanchortype":null,"auxiliary_storage_labeling_lineanchortextpoint":null},"geometry":{"type":"MultiPolygon","coordinates":[[[[140.265198030807738,35.737191722196322],[140.265669364100347,35.737328216905496],[140.265899698922084,35.737157598519033],[140.265259879972831,35.737008307430877],[140.265198030807738,35.737191722196322]]]]}},
{"type":"Feature","properties":{"fid":426,"polygon_uuid":null,"Adress":"酒々井町酒々井巖島556-4","Tiban":"556-4","group":"1班","geometry_ID":"19acc5fb49","area":10.0,"auxiliary_storage_labeling_positionx":null,"auxiliary_storage_labeling_positiony":null,"auxiliary_storage_labeling_lineanchorpercent":null,"auxiliary_storage_labeling_lineanchorclipping":null,"auxiliary_storage_labeling_lineanchortype":null,"auxiliary_storage_labeling_lineanchortextpoint":null},"geometry":{"type":"MultiPolygon","coordinates":[[[[140.262116236202019,35.733328282107848],[140.262308181886795,35.733324016648183],[140.262487331192574,35.732854816085407],[140.262308181886795,35.732803630569471],[140.262116236202019,35.733328282107848]]]]}},
{"type":"Feature","properties":{"fid":427,"polygon_uuid":"2bf1d483-4ffe-4398-b7f3-b17350baf10d","Adress":"佐倉市大佐倉干拓26","Tiban":"26","group":"11班","geometry_ID":"24bec02f97","area":31.0,"auxiliary_storage_labeling_positionx":null,"auxiliary_storage_labeling_positiony":null,"auxiliary_storage_labeling_lineanchorpercent":null,"auxiliary_storage_labeling_lineanchorclipping":null,"auxiliary_storage_labeling_lineanchortype":null,"auxiliary_storage_labeling_lineanchortextpoint":null},"geometry":{"type":"MultiPolygon","coordinates":[[[[140.257327747835745,35.739043743260325],[140.258442444835737,35.738941440260319],[140.258401888835749,35.738673755260322],[140.257288843835738,35.738770847260319],[140.257327747835745,35.739043743260325]]]]}},
{"type":"Feature","properties":{"fid":428,"polygon_uuid":"c4db1d77-ba64-49c4-ad09-b21ac59bad8b","Adress":"佐倉市大佐倉干拓27","Tiban":"27","group":"11班","geometry_ID":"14363a6a9d","area":29.0,"auxiliary_storage_labeling_positionx":null,"auxiliary_storage_labeling_positiony":null,"auxiliary_storage_labeling_lineanchorpercent":null,"auxiliary_storage_labeling_lineanchorclipping":null,"auxiliary_storage_labeling_lineanchortype":null,"auxiliary_storage_labeling_lineanchortextpoint":null},"geometry":{"type":"MultiPolygon","coordinates":[[[[140.257351744835745,35.739212064260322],[140.257497439835731,35.739214228260323],[140.257835236835746,35.739229102260325],[140.258163215835737,35.739265433260321],[140.258457238835746,35.739309837260322],[140.25848559183575,35.739277440260324],[140.258442444835737,35.738941440260319],[140.257327747835745,35.739043743260325],[140.257351744835745,35.739212064260322]]]]}},
{"type":"Feature","properties":{"fid":429,"polygon_uuid":"9d3cc671-17dc-4b2c-bb1c-b09ec1656734","Adress":"佐倉市大佐倉干拓23.24","Tiban":"23.24","group":"11班","geometry_ID":"930fd34361","area":36.0,"auxiliary_storage_labeling_positionx":null,"auxiliary_storage_labeling_positiony":null,"auxiliary_storage_labeling_lineanchorpercent":null,"auxiliary_storage_labeling_lineanchorclipping":null,"auxiliary_storage_labeling_lineanchortype":null,"auxiliary_storage_labeling_lineanchortextpoint":null},"geometry":{"type":"MultiPolygon","coordinates":[[[[140.257250775835729,35.73850382426032],[140.258362295835752,35.738412428260325],[140.258312047835744,35.738080773260322],[140.257206636835747,35.738194208260325],[140.257250775835729,35.73850382426032]]]]}},
{"type":"Feature","properties":{"fid":430,"polygon_uuid":"30da23c2-81b4-4211-951c-f2199f0db9c4","Adress":"佐倉市大佐倉干拓4","Tiban":"4","group":"11班","geometry_ID":"005415bd09","area":25.0,"auxiliary_storage_labeling_positionx":null,"auxiliary_storage_labeling_positiony":null,"auxiliary_storage_labeling_lineanchorpercent":null,"auxiliary_storage_labeling_lineanchorclipping":null,"auxiliary_storage_labeling_lineanchortype":null,"auxiliary_storage_labeling_lineanchortextpoint":null},"geometry":{"type":"MultiPolygon","coordinates":[[[[140.258453425835739,35.738659846260326],[140.259326568835746,35.738577810260324],[140.259422115835747,35.738306514260323],[140.25841779183574,35.738391362260323],[140.258453425835739,35.738659846260326]]]]}},
{"type":"Feature","properties":{"fid":431,"polygon_uuid":"94abbdd8-e863-4b13-b472-385bfaf99ea4","Adress":"佐倉市大佐倉干拓3","Tiban":"3","group":"11班","geometry_ID":"8539b6d4cf","area":23.0,"auxiliary_storage_labeling_positionx":null,"auxiliary_storage_labeling_positiony":null,"auxiliary_storage_labeling_lineanchorpercent":null,"auxiliary_storage_labeling_lineanchorclipping":null,"auxiliary_storage_labeling_lineanchortype":null,"auxiliary_storage_labeling_lineanchortextpoint":null},"geometry":{"type":"MultiPolygon","coordinates":[[[[140.258491728835736,35.738948435260326],[140.259220538835734,35.738878866260322],[140.259326568835746,35.738577810260324],[140.258453425835739,35.738659846260326],[140.258491728835736,35.738948435260326]]]]}},
{"type":"Feature","properties":{"fid":432,"polygon_uuid":"1c74f12c-72f3-4039-88a0-29e43b8c90c0","Adress":"佐倉市大佐倉干拓25","Tiban":"25","group":"11班","geometry_ID":"5c90ed0da8","area":30.0,"auxiliary_storage_labeling_positionx":null,"auxiliary_storage_labeling_positiony":null,"auxiliary_storage_labeling_lineanchorpercent":null,"auxiliary_storage_labeling_lineanchorclipping":null,"auxiliary_storage_labeling_lineanchortype":null,"auxiliary_storage_labeling_lineanchortextpoint":null},"geometry":{"type":"MultiPolygon","coordinates":[[[[140.257288843835738,35.738770847260319],[140.258401888835749,35.738673755260322],[140.258362295835752,35.738412428260325],[140.257250775835729,35.73850382426032],[140.257288843835738,35.738770847260319]]]]}},
{"type":"Feature","properties":{"fid":433,"polygon_uuid":"fe45ae39-eb90-493a-9541-64f17c27c6e6","Adress":"佐倉市大佐倉干拓5","Tiban":"5","group":"11班","geometry_ID":"22df6f9f01","area":30.0,"auxiliary_storage_labeling_positionx":null,"auxiliary_storage_labeling_positiony":null,"auxiliary_storage_labeling_lineanchorpercent":null,"auxiliary_storage_labeling_lineanchorclipping":null,"auxiliary_storage_labeling_lineanchortype":null,"auxiliary_storage_labeling_lineanchortextpoint":null},"geometry":{"type":"MultiPolygon","coordinates":[[[[140.25841779183574,35.738391362260323],[140.259422115835747,35.738306514260323],[140.25952233183574,35.738021964260319],[140.258381977835739,35.738121516260321],[140.25841779183574,35.738391362260323]]]]}},
{"type":"Feature","properties":{"fid":434,"polygon_uuid":"7a5a4b39-2475-4aa1-a3dc-6658b9038c87","Adress":"佐倉市大佐倉干拓13","Tiban":"13","group":"11班","geometry_ID":"e632bf8a60","area":17.0,"auxiliary_storage_labeling_positionx":null,"auxiliary_storage_labeling_positiony":null,"auxiliary_storage_labeling_lineanchorpercent":null,"auxiliary_storage_labeling_lineanchorclipping":null,"auxiliary_storage_labeling_lineanchortype":null,"auxiliary_storage_labeling_lineanchortextpoint":null},"geometry":{"type":"MultiPolygon","coordinates":[[[[140.258310386835745,35.737582101260323],[140.258965336835729,35.737515289260323],[140.258932059835729,35.737260331260323],[140.258277246835746,35.737323556260321],[140.258310386835745,35.737582101260323]]]]}},
{"type":"Feature","properties":{"fid":435,"polygon_uuid":"ab751b7e-2cbc-4938-b298-6c7bc4604ebf","Adress":"佐倉市大佐倉干拓1,2","Tiban":"1,2","group":"11班","geometry_ID":"dd9562f773","area":27.0,"auxiliary_storage_labeling_positionx":null,"auxiliary_storage_labeling_positiony":null,"auxiliary_storage_labeling_lineanchorpercent":null,"auxiliary_storage_labeling_lineanchorclipping":null,"auxiliary_storage_labeling_lineanchortype":null,"auxiliary_storage_labeling_lineanchortextpoint":null},"geometry":{"type":"MultiPolygon","coordinates":[[[[140.259042419835737,35.739384602260323],[140.259220538835734,35.738878866260322],[140.258491728835736,35.738948435260326],[140.258540377835743,35.739314972260324],[140.259042419835737,35.739384602260323]]]]}},
{"type":"Feature","properties":{"fid":436,"polygon_uuid":"85640577-806c-4b14-98e7-5fa1d3c7c2eb","Adress":"佐倉市大佐倉干拓6","Tiban":"6","group":"11班","geometry_ID":"c3c4e81247","area":34.0,"auxiliary_storage_labeling_positionx":null,"auxiliary_storage_labeling_positiony":null,"auxiliary_storage_labeling_lineanchorpercent":null,"auxiliary_storage_labeling_lineanchorclipping":null,"auxiliary_storage_labeling_lineanchortype":null,"auxiliary_storage_labeling_lineanchortextpoint":null},"geometry":{"type":"MultiPolygon","coordinates":[[[[140.258381977835739,35.738121516260321],[140.25952233183574,35.738021964260319],[140.259623708835733,35.737734113260323],[140.25834531083575,35.737845245260324],[140.258381977835739,35.738121516260321]]]]}},
{"type":"Feature","properties":{"fid":437,"polygon_uuid":"29c8b3fa-1f88-4827-af5e-55de8bb506a1","Adress":"佐倉市大佐倉干拓7","Tiban":"7","group":"11班","geometry_ID":"21859cbfc8","area":37.0,"auxiliary_storage_labeling_positionx":null,"auxiliary_storage_labeling_positiony":null,"auxiliary_storage_labeling_lineanchorpercent":null,"auxiliary_storage_labeling_lineanchorclipping":null,"auxiliary_storage_labeling_lineanchortype":null,"auxiliary_storage_labeling_lineanchortextpoint":null},"geometry":{"type":"MultiPolygon","coordinates":[[[[140.25834531083575,35.737845245260324],[140.259623708835733,35.737734113260323],[140.259722675835746,35.737453102260325],[140.258965336835729,35.737515289260323],[140.258310386835745,35.737582101260323],[140.25834531083575,35.737845245260324]]]]}},
{"type":"Feature","properties":{"fid":438,"polygon_uuid":"298ed535-83c2-4c42-9852-3fda141d5871","Adress":"佐倉市大佐倉干拓10","Tiban":"10","group":"11班","geometry_ID":"2355ac7c2c","area":30.0,"auxiliary_storage_labeling_positionx":null,"auxiliary_storage_labeling_positiony":null,"auxiliary_storage_labeling_lineanchorpercent":null,"auxiliary_storage_labeling_lineanchorclipping":null,"auxiliary_storage_labeling_lineanchortype":null,"auxiliary_storage_labeling_lineanchortextpoint":null},"geometry":{"type":"MultiPolygon","coordinates":[[[[140.258958984835743,35.737127340260322],[140.258995928835731,35.73748661826032],[140.259737081835738,35.737417349260326],[140.259840819835745,35.737162301260319],[140.259846315835745,35.737098017260323],[140.259808997835734,35.73705268626032],[140.258958984835743,35.737127340260322]]]]}},
{"type":"Feature","properties":{"fid":439,"polygon_uuid":"c0ff44a0-b8d7-4d4c-9d87-84d8aca2f059","Adress":"佐倉市大佐倉干拓12","Tiban":"12","group":"11班","geometry_ID":"3e493edacf","area":9.0,"auxiliary_storage_labeling_positionx":null,"auxiliary_storage_labeling_positiony":null,"auxiliary_storage_labeling_lineanchorpercent":null,"auxiliary_storage_labeling_lineanchorclipping":null,"auxiliary_storage_labeling_lineanchortype":null,"auxiliary_storage_labeling_lineanchortextpoint":null},"geometry":{"type":"MultiPolygon","coordinates":[[[[140.258277246835746,35.737323556260321],[140.258932059835729,35.737260331260323],[140.25891621483575,35.737129428260324],[140.258253812835733,35.737189634260325],[140.258277246835746,35.737323556260321]]]]}},
{"type":"Feature","properties":{"fid":440,"polygon_uuid":"771f1b34-b392-481a-9f18-c4e6bfb747ba","Adress":"酒々井町酒々井巖島284","Tiban":"284","group":"1班","geometry_ID":"e60a63b8b6","area":10.0,"auxiliary_storage_labeling_positionx":null,"auxiliary_storage_labeling_positiony":null,"auxiliary_storage_labeling_lineanchorpercent":null,"auxiliary_storage_labeling_lineanchorclipping":null,"auxiliary_storage_labeling_lineanchortype":null,"auxiliary_storage_labeling_lineanchortextpoint":null},"geometry":{"type":"MultiPolygon","coordinates":[[[[140.262846950835751,35.730848443260321],[140.263055208835738,35.730901823260325],[140.263226041835736,35.730459809260324],[140.263004252835742,35.730403127260324],[140.262846950835751,35.730848443260321]]]]}},
{"type":"Feature","properties":{"fid":441,"polygon_uuid":"5201b611-f2cc-49f1-b913-eed22e8bcedc","Adress":"酒々井町酒々井巖島281","Tiban":"281","group":"1班","geometry_ID":"7536cc53e4","area":11.0,"auxiliary_storage_labeling_positionx":null,"auxiliary_storage_labeling_positiony":null,"auxiliary_storage_labeling_lineanchorpercent":null,"auxiliary_storage_labeling_lineanchorclipping":null,"auxiliary_storage_labeling_lineanchortype":null,"auxiliary_storage_labeling_lineanchortextpoint":null},"geometry":{"type":"MultiPolygon","coordinates":[[[[140.263483925835743,35.731011706260325],[140.263703512835747,35.731067988260321],[140.263878802835734,35.730626629260321],[140.263656869835756,35.730569913260325],[140.263483925835743,35.731011706260325]]]]}},
{"type":"Feature","properties":{"fid":442,"polygon_uuid":"28bec438-b7a0-492a-a400-d3ffcac4b051","Adress":"酒々井町酒々井巖島287","Tiban":"287","group":"1班","geometry_ID":"9cf8cf5011","area":11.0,"auxiliary_storage_labeling_positionx":null,"auxiliary_storage_labeling_positiony":null,"auxiliary_storage_labeling_lineanchorpercent":null,"auxiliary_storage_labeling_lineanchorclipping":null,"auxiliary_storage_labeling_lineanchortype":null,"auxiliary_storage_labeling_lineanchortextpoint":null},"geometry":{"type":"MultiPolygon","coordinates":[[[[140.262609313835753,35.730806102260324],[140.262392063835733,35.730750269260319],[140.262209556835757,35.731192645260322],[140.262438653835744,35.73125024326032],[140.262609313835753,35.730806102260324]]]]}},
{"type":"Feature","properties":{"fid":443,"polygon_uuid":"bdaff624-1aa2-47a6-9a5a-4091294e98bd","Adress":"酒々井町酒々井巖島299","Tiban":"299","group":"1班","geometry_ID":"ccf5c2e941","area":3.0,"auxiliary_storage_labeling_positionx":null,"auxiliary_storage_labeling_positiony":null,"auxiliary_storage_labeling_lineanchorpercent":null,"auxiliary_storage_labeling_lineanchorclipping":null,"auxiliary_storage_labeling_lineanchortype":null,"auxiliary_storage_labeling_lineanchortextpoint":null},"geometry":{"type":"MultiPolygon","coordinates":[[[[140.264376572835744,35.731782391260325],[140.264310841835737,35.731954542260326],[140.264549754835741,35.731943944260323],[140.264583184835743,35.731834855260324],[140.264376572835744,35.731782391260325]]]]}},
{"type":"Feature","properties":{"fid":444,"polygon_uuid":"97489383-1a40-430a-9ea7-3cbd9b75e31b","Adress":"酒々井町酒々井巖島283","Tiban":"283","group":"1班","geometry_ID":"c2dc2ce0e1","area":10.0,"auxiliary_storage_labeling_positionx":null,"auxiliary_storage_labeling_positiony":null,"auxiliary_storage_labeling_lineanchorpercent":null,"auxiliary_storage_labeling_lineanchorclipping":null,"auxiliary_storage_labeling_lineanchortype":null,"auxiliary_storage_labeling_lineanchortextpoint":null},"geometry":{"type":"MultiPolygon","coordinates":[[[[140.263055208835738,35.730901823260325],[140.263264204835735,35.730955391260323],[140.263433074835746,35.730512719260325],[140.263226041835736,35.730459809260324],[140.263055208835738,35.730901823260325]]]]}},
{"type":"Feature","properties":{"fid":445,"polygon_uuid":"e4473e62-bb94-4bd7-a6b7-2d1eb3590386","Adress":"酒々井町酒々井巖島298","Tiban":"298","group":"1班","geometry_ID":"b28809bcf9","area":9.0,"auxiliary_storage_labeling_positionx":null,"auxiliary_storage_labeling_positiony":null,"auxiliary_storage_labeling_lineanchorpercent":null,"auxiliary_storage_labeling_lineanchorclipping":null,"auxiliary_storage_labeling_lineanchortype":null,"auxiliary_storage_labeling_lineanchortextpoint":null},"geometry":{"type":"MultiPolygon","coordinates":[[[[140.264754870835731,35.731369991260323],[140.264592225835742,35.731810375260324],[140.264583184835743,35.731834855260324],[140.264549754835741,35.731943944260323],[140.264570768835739,35.731943012260324],[140.264685024835757,35.731917164260324],[140.264736850835732,35.731885181260324],[140.264778229835741,35.731844755260326],[140.264793074835751,35.73170479126032],[140.264800599835752,35.731653888260325],[140.264862309835735,35.731526475260324],[140.264856560835739,35.731424742260323],[140.26482519183574,35.731393058260323],[140.264754870835731,35.731369991260323]]]]}},
{"type":"Feature","properties":{"fid":446,"polygon_uuid":"962b1be4-43d0-4c0b-8c96-337d748a4efe","Adress":"酒々井町酒々井巖島291,292-1,292-2","Tiban":"291,292-1,292-2","group":"1班","geometry_ID":"8c68d99b9b","area":21.0,"auxiliary_storage_labeling_positionx":null,"auxiliary_storage_labeling_positiony":null,"auxiliary_storage_labeling_lineanchorpercent":null,"auxiliary_storage_labeling_lineanchorclipping":null,"auxiliary_storage_labeling_lineanchortype":null,"auxiliary_storage_labeling_lineanchortextpoint":null},"geometry":{"type":"MultiPolygon","coordinates":[[[[140.263091389835751,35.731419609260321],[140.263517520835734,35.731530176260321],[140.263678451835744,35.731086461260325],[140.263261083835744,35.730977016260326],[140.263091389835751,35.731419609260321]]]]}},
{"type":"Feature","properties":{"fid":447,"polygon_uuid":"66cb4608-e3b6-442d-9d01-2fe37b2e101b","Adress":"酒々井町酒々井巖島316-5","Tiban":"316-5","group":"1班","geometry_ID":"4058bdafb4","area":16.0,"auxiliary_storage_labeling_positionx":null,"auxiliary_storage_labeling_positiony":null,"auxiliary_storage_labeling_lineanchorpercent":null,"auxiliary_storage_labeling_lineanchorclipping":null,"auxiliary_storage_labeling_lineanchortype":null,"auxiliary_storage_labeling_lineanchortextpoint":null},"geometry":{"type":"MultiPolygon","coordinates":[[[[140.262493032835749,35.732312427260325],[140.262657274835732,35.732356098260325],[140.262759337835746,35.732217581260322],[140.262814562835729,35.732220489260321],[140.262935995835733,35.732143993260323],[140.26303092583575,35.732095533260321],[140.263110649835738,35.732051785260325],[140.263201879835748,35.732023517260323],[140.263211298835756,35.732004856260325],[140.26288340283574,35.731922204260322],[140.262659397835733,35.731858481260325],[140.262493032835749,35.732312427260325]]]]}},
{"type":"Feature","properties":{"fid":448,"polygon_uuid":"3c1eb7ad-e971-4804-a075-1204cf9e9a63","Adress":"酒々井町酒々井巖島278","Tiban":"278","group":"1班","geometry_ID":"718d35f031","area":11.0,"auxiliary_storage_labeling_positionx":null,"auxiliary_storage_labeling_positiony":null,"auxiliary_storage_labeling_lineanchorpercent":null,"auxiliary_storage_labeling_lineanchorclipping":null,"auxiliary_storage_labeling_lineanchortype":null,"auxiliary_storage_labeling_lineanchortextpoint":null},"geometry":{"type":"MultiPolygon","coordinates":[[[[140.264140748835729,35.731180052260321],[140.264357909835752,35.73123560826032],[140.264522173835729,35.730794017260322],[140.264303481835753,35.73073756526032],[140.264140748835729,35.731180052260321]]]]}},
{"type":"Feature","properties":{"fid":449,"polygon_uuid":"5ca8bbaa-d1d2-41cf-9692-227df27ad86e","Adress":"酒々井町酒々井巖島273,274,275","Tiban":"273,274,275","group":"1班","geometry_ID":"a207e83c77","area":17.0,"auxiliary_storage_labeling_positionx":null,"auxiliary_storage_labeling_positiony":null,"auxiliary_storage_labeling_lineanchorpercent":null,"auxiliary_storage_labeling_lineanchorclipping":null,"auxiliary_storage_labeling_lineanchortype":null,"auxiliary_storage_labeling_lineanchortextpoint":null},"geometry":{"type":"MultiPolygon","coordinates":[[[[140.264198619835753,35.73043150526032],[140.264113219835735,35.730652240260326],[140.264839711835748,35.73084993226032],[140.264856651835743,35.730780789260322],[140.264852436835753,35.730718443260322],[140.264840728835736,35.730682494260321],[140.264819415835746,35.730645016260326],[140.264749999835743,35.730584237260324],[140.264705734835729,35.730560924260324],[140.264599982835733,35.730523748260325],[140.264379001835749,35.730471336260322],[140.264298325835739,35.730457542260325],[140.264198619835753,35.73043150526032]]]]}},
{"type":"Feature","properties":{"fid":450,"polygon_uuid":"22920c8c-e0d3-4078-bb78-0fba8c9952b8","Adress":"酒々井町酒々井巖島270","Tiban":"270","group":"1班","geometry_ID":"cc151e638a","area":11.0,"auxiliary_storage_labeling_positionx":null,"auxiliary_storage_labeling_positiony":null,"auxiliary_storage_labeling_lineanchorpercent":null,"auxiliary_storage_labeling_lineanchorclipping":null,"auxiliary_storage_labeling_lineanchortype":null,"auxiliary_storage_labeling_lineanchortextpoint":null},"geometry":{"type":"MultiPolygon","coordinates":[[[[140.263451091835748,35.730475792260322],[140.263687364835732,35.730538543260323],[140.263838719835746,35.730113597260321],[140.263643920835733,35.73006391026032],[140.263632628835751,35.730091942260323],[140.263603034835739,35.73008572626032],[140.263451091835748,35.730475792260322]]]]}},
{"type":"Feature","properties":{"fid":451,"polygon_uuid":"9ad64214-cc75-4cc2-91ab-0a7d8323954c","Adress":"酒々井町酒々井巖島285","Tiban":"285","group":"1班","geometry_ID":"1058baddc7","area":10.0,"auxiliary_storage_labeling_positionx":null,"auxiliary_storage_labeling_positiony":null,"auxiliary_storage_labeling_lineanchorpercent":null,"auxiliary_storage_labeling_lineanchorclipping":null,"auxiliary_storage_labeling_lineanchortype":null,"auxiliary_storage_labeling_lineanchortextpoint":null},"geometry":{"type":"MultiPolygon","coordinates":[[[[140.262793265835739,35.730349206260321],[140.262632727835751,35.730793535260325],[140.262846950835751,35.730848443260321],[140.263004252835742,35.730403127260324],[140.262793265835739,35.730349206260321]]]]}},
{"type":"Feature","properties":{"fid":452,"polygon_uuid":"fca7a27e-ac8d-4db8-8117-8eccbaf89b35","Adress":"酒々井町酒々井巖島289-2,290-1","Tiban":"289-2,290-1","group":"1班","geometry_ID":"1f20e36525","area":5.0,"auxiliary_storage_labeling_positionx":null,"auxiliary_storage_labeling_positiony":null,"auxiliary_storage_labeling_lineanchorpercent":null,"auxiliary_storage_labeling_lineanchorclipping":null,"auxiliary_storage_labeling_lineanchortype":null,"auxiliary_storage_labeling_lineanchortextpoint":null},"geometry":{"type":"MultiPolygon","coordinates":[[[[140.26283638183574,35.731353442260321],[140.262938738835743,35.73138000126032],[140.263100306835753,35.730934856260326],[140.26301059383573,35.730911330260319],[140.26283638183574,35.731353442260321]]]]}},
{"type":"Feature","properties":{"fid":453,"polygon_uuid":"ac51ebb4-2643-4627-8a7b-768b0a5ccaf8","Adress":"酒々井町酒々井巖島305,306","Tiban":"305,306","group":"1班","geometry_ID":"35b4b962ec","area":21.0,"auxiliary_storage_labeling_positionx":null,"auxiliary_storage_labeling_positiony":null,"auxiliary_storage_labeling_lineanchorpercent":null,"auxiliary_storage_labeling_lineanchorclipping":null,"auxiliary_storage_labeling_lineanchortype":null,"auxiliary_storage_labeling_lineanchortextpoint":null},"geometry":{"type":"MultiPolygon","coordinates":[[[[140.262853624835742,35.731395667260323],[140.26268922883574,35.731833002260323],[140.263122425835746,35.731939993260326],[140.263293333835747,35.731507325260324],[140.262853624835742,35.731395667260323]]]]}},
{"type":"Feature","properties":{"fid":454,"polygon_uuid":"eca8e078-76b6-4128-b0e0-74de6d282e8e","Adress":"酒々井町酒々井巖島300","Tiban":"300","group":"1班","geometry_ID":"d616db48f8","area":5.0,"auxiliary_storage_labeling_positionx":null,"auxiliary_storage_labeling_positiony":null,"auxiliary_storage_labeling_lineanchorpercent":null,"auxiliary_storage_labeling_lineanchorclipping":null,"auxiliary_storage_labeling_lineanchortype":null,"auxiliary_storage_labeling_lineanchortextpoint":null},"geometry":{"type":"MultiPolygon","coordinates":[[[[140.264144854835735,35.73172355226032],[140.264066467835733,35.731957537260321],[140.264310841835737,35.731954542260326],[140.264376572835744,35.731782391260325],[140.264144854835735,35.73172355226032]]]]}},
{"type":"Feature","properties":{"fid":455,"polygon_uuid":"1b662c77-3508-49f7-9807-807905bb4943","Adress":"酒々井町酒々井巖島277","Tiban":"277","group":"1班","geometry_ID":"37ad529d59","area":9.0,"auxiliary_storage_labeling_positionx":null,"auxiliary_storage_labeling_positiony":null,"auxiliary_storage_labeling_lineanchorpercent":null,"auxiliary_storage_labeling_lineanchorclipping":null,"auxiliary_storage_labeling_lineanchortype":null,"auxiliary_storage_labeling_lineanchortextpoint":null},"geometry":{"type":"MultiPolygon","coordinates":[[[[140.264522173835729,35.730794017260322],[140.264357909835752,35.73123560826032],[140.264550725835733,35.731284529260321],[140.264709634835754,35.730839917260326],[140.264522173835729,35.730794017260322]]]]}},
{"type":"Feature","properties":{"fid":456,"polygon_uuid":"164f49c9-935c-4c04-a12d-7d368d276a13","Adress":"酒々井町酒々井巖島282","Tiban":"282","group":"1班","geometry_ID":"1112cd32bf","area":11.0,"auxiliary_storage_labeling_positionx":null,"auxiliary_storage_labeling_positiony":null,"auxiliary_storage_labeling_lineanchorpercent":null,"auxiliary_storage_labeling_lineanchorclipping":null,"auxiliary_storage_labeling_lineanchortype":null,"auxiliary_storage_labeling_lineanchortextpoint":null},"geometry":{"type":"MultiPolygon","coordinates":[[[[140.263264204835735,35.730955391260323],[140.263483925835743,35.731011706260325],[140.263656869835756,35.730569913260325],[140.263433074835746,35.730512719260325],[140.263264204835735,35.730955391260323]]]]}},
{"type":"Feature","properties":{"fid":457,"polygon_uuid":"768c8f1f-6d66-45dd-8b12-7b802b5bd94d","Adress":"酒々井町酒々井巖島280","Tiban":"280","group":"1班","geometry_ID":"7b116a5c2c","area":10.0,"auxiliary_storage_labeling_positionx":null,"auxiliary_storage_labeling_positiony":null,"auxiliary_storage_labeling_lineanchorpercent":null,"auxiliary_storage_labeling_lineanchorclipping":null,"auxiliary_storage_labeling_lineanchortype":null,"auxiliary_storage_labeling_lineanchortextpoint":null},"geometry":{"type":"MultiPolygon","coordinates":[[[[140.263703512835747,35.731067988260321],[140.263922095835738,35.73112401126032],[140.264089130835742,35.730680380260324],[140.263878802835734,35.730626629260321],[140.263703512835747,35.731067988260321]]]]}},
{"type":"Feature","properties":{"fid":458,"polygon_uuid":"d1fa3c5c-77d7-40f8-94fa-622868f8e980","Adress":"酒々井町酒々井巖島269","Tiban":"269","group":"1班","geometry_ID":"5fdaa12121","area":10.0,"auxiliary_storage_labeling_positionx":null,"auxiliary_storage_labeling_positiony":null,"auxiliary_storage_labeling_lineanchorpercent":null,"auxiliary_storage_labeling_lineanchorclipping":null,"auxiliary_storage_labeling_lineanchortype":null,"auxiliary_storage_labeling_lineanchortextpoint":null},"geometry":{"type":"MultiPolygon","coordinates":[[[[140.263451091835748,35.730475792260322],[140.263603034835739,35.73008572626032],[140.263618462835751,35.730053873260324],[140.263397822835742,35.729997425260322],[140.263242218835757,35.73043202126032],[140.263451091835748,35.730475792260322]]]]}},
{"type":"Feature","properties":{"fid":459,"polygon_uuid":"a8b81b84-d138-4cbd-be52-656f1ff9d61c","Adress":"酒々井町酒々井巖島271,272-1","Tiban":"271,272-1","group":"1班","geometry_ID":"0d66129e77","area":17.0,"auxiliary_storage_labeling_positionx":null,"auxiliary_storage_labeling_positiony":null,"auxiliary_storage_labeling_lineanchorpercent":null,"auxiliary_storage_labeling_lineanchorclipping":null,"auxiliary_storage_labeling_lineanchortype":null,"auxiliary_storage_labeling_lineanchortextpoint":null},"geometry":{"type":"MultiPolygon","coordinates":[[[[140.263838719835746,35.730113597260321],[140.263687364835732,35.730538543260323],[140.264113219835735,35.730652240260326],[140.264198619835753,35.73043150526032],[140.264140509835755,35.730397765260321],[140.264111371835753,35.730365397260321],[140.264074929835743,35.730321246260324],[140.264052944835754,35.730272616260322],[140.264038161835742,35.730216580260326],[140.264017970835738,35.730164991260324],[140.263979845835735,35.730144463260324],[140.263838719835746,35.730113597260321]]]]}},
{"type":"Feature","properties":{"fid":460,"polygon_uuid":"f738c103-afdd-4ffd-829a-6a889bffd682","Adress":"酒々井町酒々井巖島279-1,279-2,279-3","Tiban":"279-1,279-2,279-3","group":"1班","geometry_ID":"347fd2742b","area":11.0,"auxiliary_storage_labeling_positionx":null,"auxiliary_storage_labeling_positiony":null,"auxiliary_storage_labeling_lineanchorpercent":null,"auxiliary_storage_labeling_lineanchorclipping":null,"auxiliary_storage_labeling_lineanchortype":null,"auxiliary_storage_labeling_lineanchortextpoint":null},"geometry":{"type":"MultiPolygon","coordinates":[[[[140.263922095835738,35.73112401126032],[140.264140748835729,35.731180052260321],[140.264303481835753,35.73073756526032],[140.264089130835742,35.730680380260324],[140.263922095835738,35.73112401126032]]]]}},
{"type":"Feature","properties":{"fid":461,"polygon_uuid":"f6bee684-09da-46cc-8867-681ea5fd9e09","Adress":"酒々井町酒々井巖島296-3","Tiban":"296-3","group":"1班","geometry_ID":"ddbb806f6e","area":9.0,"auxiliary_storage_labeling_positionx":null,"auxiliary_storage_labeling_positiony":null,"auxiliary_storage_labeling_lineanchorpercent":null,"auxiliary_storage_labeling_lineanchorclipping":null,"auxiliary_storage_labeling_lineanchortype":null,"auxiliary_storage_labeling_lineanchortextpoint":null},"geometry":{"type":"MultiPolygon","coordinates":[[[[140.264234506835749,35.731716206260323],[140.264401713835753,35.731760986260326],[140.264411081835732,35.73176318326032],[140.264584585835735,35.731326104260326],[140.264406784835757,35.731277444260321],[140.264234506835749,35.731716206260323]]]]}},
{"type":"Feature","properties":{"fid":462,"polygon_uuid":"98b4f73a-8c84-4b56-afcf-d68f7ce0ab22","Adress":"酒々井町酒々井巖島556-5,556-6,556-7","Tiban":"556-5,556-6,556-7","group":"1班","geometry_ID":"6822ea09f5","area":17.0,"auxiliary_storage_labeling_positionx":null,"auxiliary_storage_labeling_positiony":null,"auxiliary_storage_labeling_lineanchorpercent":null,"auxiliary_storage_labeling_lineanchorclipping":null,"auxiliary_storage_labeling_lineanchortype":null,"auxiliary_storage_labeling_lineanchortextpoint":null},"geometry":{"type":"MultiPolygon","coordinates":[[[[140.262488596835738,35.732856194260322],[140.262310344835754,35.733325712260324],[140.262928423835746,35.733216384260324],[140.262887154835738,35.733141952260326],[140.262853670835739,35.733067493260322],[140.262826049835752,35.732997772260326],[140.262814066835745,35.732940690260321],[140.262488596835738,35.732856194260322]]]]}},
{"type":"Feature","properties":{"fid":463,"polygon_uuid":"40de4ea5-d2b4-40da-818a-b678bee7ab59","Adress":"酒々井町酒々井巖島555-3,556-1,556-2","Tiban":"555-3,556-1,556-2","group":"1班","geometry_ID":"e248388685","area":18.0,"auxiliary_storage_labeling_positionx":null,"auxiliary_storage_labeling_positiony":null,"auxiliary_storage_labeling_lineanchorpercent":null,"auxiliary_storage_labeling_lineanchorclipping":null,"auxiliary_storage_labeling_lineanchortype":null,"auxiliary_storage_labeling_lineanchortextpoint":null},"geometry":{"type":"MultiPolygon","coordinates":[[[[140.262010404416941,35.733312755099504],[140.262206711312132,35.73278372465316],[140.261892275835748,35.732704371260326],[140.261694614835733,35.733225543260325],[140.262010404416941,35.733312755099504]]]]}},
{"type":"Feature","properties":{"fid":464,"polygon_uuid":"63cb78ec-19cd-47be-929f-bd73e4cc7b76","Adress":"酒々井町酒々井巖島296-2","Tiban":"296-2","group":"1班","geometry_ID":"1e95c0260c","area":3.0,"auxiliary_storage_labeling_positionx":null,"auxiliary_storage_labeling_positiony":null,"auxiliary_storage_labeling_lineanchorpercent":null,"auxiliary_storage_labeling_lineanchorclipping":null,"auxiliary_storage_labeling_lineanchortype":null,"auxiliary_storage_labeling_lineanchortextpoint":null},"geometry":{"type":"MultiPolygon","coordinates":[[[[140.26416236183573,35.73169748726032],[140.264234506835749,35.731716206260323],[140.264406784835757,35.731277444260321],[140.264337989835752,35.731259405260325],[140.26416236183573,35.73169748726032]]]]}},
{"type":"Feature","properties":{"fid":465,"polygon_uuid":"b48ec363-7bcf-4525-aee6-fd4948713e25","Adress":"酒々井町酒々井巖島293,294","Tiban":"293,294","group":"1班","geometry_ID":"c31df18fae","area":21.0,"auxiliary_storage_labeling_positionx":null,"auxiliary_storage_labeling_positiony":null,"auxiliary_storage_labeling_lineanchorpercent":null,"auxiliary_storage_labeling_lineanchorclipping":null,"auxiliary_storage_labeling_lineanchortype":null,"auxiliary_storage_labeling_lineanchortextpoint":null},"geometry":{"type":"MultiPolygon","coordinates":[[[[140.263517520835734,35.731530176260321],[140.263950003835731,35.731642389260323],[140.264125825835748,35.731203772260322],[140.263678451835744,35.731086461260325],[140.263517520835734,35.731530176260321]]]]}},
{"type":"Feature","properties":{"fid":466,"polygon_uuid":"bd3ab233-be05-4b07-bdb1-ea00442927d5","Adress":"酒々井町酒々井巖島297","Tiban":"297","group":"1班","geometry_ID":"5f3625f15b","area":9.0,"auxiliary_storage_labeling_positionx":null,"auxiliary_storage_labeling_positiony":null,"auxiliary_storage_labeling_lineanchorpercent":null,"auxiliary_storage_labeling_lineanchorclipping":null,"auxiliary_storage_labeling_lineanchortype":null,"auxiliary_storage_labeling_lineanchortextpoint":null},"geometry":{"type":"MultiPolygon","coordinates":[[[[140.264411081835732,35.73176318326032],[140.264592225835742,35.731810375260324],[140.264754870835731,35.731369991260323],[140.264584585835735,35.731326104260326],[140.264411081835732,35.73176318326032]]]]}},
{"type":"Feature","properties":{"fid":467,"polygon_uuid":"4e5e2152-ea80-4d31-a0dc-ad0aebeffe84","Adress":"酒々井町酒々井巖島261-2","Tiban":"261-2","group":"1班","geometry_ID":"3ab8f6bf05","area":7.0,"auxiliary_storage_labeling_positionx":null,"auxiliary_storage_labeling_positiony":null,"auxiliary_storage_labeling_lineanchorpercent":null,"auxiliary_storage_labeling_lineanchorclipping":null,"auxiliary_storage_labeling_lineanchortype":null,"auxiliary_storage_labeling_lineanchortextpoint":null},"geometry":{"type":"MultiPolygon","coordinates":[[[[140.263703072835739,35.730032619260321],[140.263791757835747,35.730055812260325],[140.263854235835737,35.730071134260321],[140.263857116835737,35.729962305260322],[140.263875215835753,35.72978275826032],[140.26389893283573,35.729680920260321],[140.263673982835741,35.729697443260321],[140.263703072835739,35.730032619260321]]]]}},
{"type":"Feature","properties":{"fid":468,"polygon_uuid":"d54adbab-1e8a-4a51-abd2-9899c68d3d4a","Adress":"酒々井町酒々井巖島261-1","Tiban":"261-1","group":"1班","geometry_ID":"9918a06b20","area":12.0,"auxiliary_storage_labeling_positionx":null,"auxiliary_storage_labeling_positiony":null,"auxiliary_storage_labeling_lineanchorpercent":null,"auxiliary_storage_labeling_lineanchorclipping":null,"auxiliary_storage_labeling_lineanchortype":null,"auxiliary_storage_labeling_lineanchortextpoint":null},"geometry":{"type":"MultiPolygon","coordinates":[[[[140.263641943835751,35.729270147260323],[140.263673982835741,35.729697443260321],[140.26389893283573,35.729680920260321],[140.26394793183573,35.729446148260323],[140.263964829835743,35.729365532260324],[140.263952779835734,35.729249148260322],[140.263641943835751,35.729270147260323]]]]}},
{"type":"Feature","properties":{"fid":469,"polygon_uuid":"032afc3f-4a8c-44ba-a003-ed164c89f2eb","Adress":"酒々井町酒々井巖島255","Tiban":"255","group":"1班","geometry_ID":"2c262783fa","area":11.0,"auxiliary_storage_labeling_positionx":null,"auxiliary_storage_labeling_positiony":null,"auxiliary_storage_labeling_lineanchorpercent":null,"auxiliary_storage_labeling_lineanchorclipping":null,"auxiliary_storage_labeling_lineanchortype":null,"auxiliary_storage_labeling_lineanchortextpoint":null},"geometry":{"type":"MultiPolygon","coordinates":[[[[140.262911663835752,35.728777958260324],[140.262874049835744,35.728322652260324],[140.26263998783574,35.72833427426032],[140.262681846835733,35.728791122260326],[140.262911663835752,35.728777958260324]]]]}},
{"type":"Feature","properties":{"fid":470,"polygon_uuid":"e43e7f5c-fe86-4fec-9b39-ed9749079be0","Adress":"酒々井町酒々井巖島259","Tiban":"259","group":"1班","geometry_ID":"c5c8dadcea","area":10.0,"auxiliary_storage_labeling_positionx":null,"auxiliary_storage_labeling_positiony":null,"auxiliary_storage_labeling_lineanchorpercent":null,"auxiliary_storage_labeling_lineanchorclipping":null,"auxiliary_storage_labeling_lineanchortype":null,"auxiliary_storage_labeling_lineanchortextpoint":null},"geometry":{"type":"MultiPolygon","coordinates":[[[[140.263359669835751,35.72880256226032],[140.263406918835756,35.729261629260321],[140.26362836383575,35.729249925260326],[140.263595102835751,35.728868460260323],[140.263588043835739,35.728787503260321],[140.263359669835751,35.72880256226032]]]]}},
{"type":"Feature","properties":{"fid":471,"polygon_uuid":"6b12caf0-e462-419e-a0b2-0247f98e51bb","Adress":"酒々井町酒々井巖島262","Tiban":"262","group":"1班","geometry_ID":"25cc2476a7","area":16.0,"auxiliary_storage_labeling_positionx":null,"auxiliary_storage_labeling_positiony":null,"auxiliary_storage_labeling_lineanchorpercent":null,"auxiliary_storage_labeling_lineanchorclipping":null,"auxiliary_storage_labeling_lineanchortype":null,"auxiliary_storage_labeling_lineanchortextpoint":null},"geometry":{"type":"MultiPolygon","coordinates":[[[[140.263420888835753,35.729287438260322],[140.263480984835752,35.729957997260321],[140.263493223835752,35.729977738260324],[140.263703072835739,35.730032619260321],[140.263673982835741,35.729697443260321],[140.263641943835751,35.729270147260323],[140.263420888835753,35.729287438260322]]]]}},
{"type":"Feature","properties":{"fid":472,"polygon_uuid":"3ba82b9e-cbf8-47ae-ae71-0ec45d9db4c8","Adress":"酒々井町酒々井巖島258-1,258-2","Tiban":"258-1,258-2","group":"1班","geometry_ID":"a87a3609ba","area":10.0,"auxiliary_storage_labeling_positionx":null,"auxiliary_storage_labeling_positiony":null,"auxiliary_storage_labeling_lineanchorpercent":null,"auxiliary_storage_labeling_lineanchorclipping":null,"auxiliary_storage_labeling_lineanchortype":null,"auxiliary_storage_labeling_lineanchortextpoint":null},"geometry":{"type":"MultiPolygon","coordinates":[[[[140.26314481983573,35.728814636260324],[140.263179576835739,35.729273644260324],[140.263406918835756,35.729261629260321],[140.263359669835751,35.72880256226032],[140.26314481983573,35.728814636260324]]]]}},
{"type":"Feature","properties":{"fid":473,"polygon_uuid":"17b3711e-917c-4070-ba7a-0c66b9ad330e","Adress":"酒々井町酒々井巖島257","Tiban":"257","group":"1班","geometry_ID":"891e4d82ac","area":10.0,"auxiliary_storage_labeling_positionx":null,"auxiliary_storage_labeling_positiony":null,"auxiliary_storage_labeling_lineanchorpercent":null,"auxiliary_storage_labeling_lineanchorclipping":null,"auxiliary_storage_labeling_lineanchortype":null,"auxiliary_storage_labeling_lineanchortextpoint":null},"geometry":{"type":"MultiPolygon","coordinates":[[[[140.262912659835735,35.728831010260322],[140.26295633883575,35.729285441260323],[140.263179576835739,35.729273644260324],[140.26314481983573,35.728814636260324],[140.262912659835735,35.728831010260322]]]]}},
{"type":"Feature","properties":{"fid":474,"polygon_uuid":"ec4def8f-1861-4fe3-a96f-180f62396ec1","Adress":"酒々井町酒々井巖島254","Tiban":"254","group":"1班","geometry_ID":"9d16043e13","area":10.0,"auxiliary_storage_labeling_positionx":null,"auxiliary_storage_labeling_positiony":null,"auxiliary_storage_labeling_lineanchorpercent":null,"auxiliary_storage_labeling_lineanchorclipping":null,"auxiliary_storage_labeling_lineanchortype":null,"auxiliary_storage_labeling_lineanchortextpoint":null},"geometry":{"type":"MultiPolygon","coordinates":[[[[140.263137266835741,35.72876503426032],[140.263095020835749,35.728311677260322],[140.262874049835744,35.728322652260324],[140.262911663835752,35.728777958260324],[140.263137266835741,35.72876503426032]]]]}},
{"type":"Feature","properties":{"fid":475,"polygon_uuid":"def844ca-6535-4ecb-96f4-0ed8959d22f0","Adress":"酒々井町酒々井巖島249","Tiban":"249","group":"1班","geometry_ID":"8db8b17d96","area":7.0,"auxiliary_storage_labeling_positionx":null,"auxiliary_storage_labeling_positiony":null,"auxiliary_storage_labeling_lineanchorpercent":null,"auxiliary_storage_labeling_lineanchorclipping":null,"auxiliary_storage_labeling_lineanchortype":null,"auxiliary_storage_labeling_lineanchortextpoint":null},"geometry":{"type":"MultiPolygon","coordinates":[[[[140.263101790835748,35.728285472260325],[140.263288475835736,35.728279956260323],[140.263296722835747,35.728265381260321],[140.263284126835742,35.728134512260326],[140.263264702835755,35.728060881260326],[140.263205747835741,35.72793405726032],[140.263145826835739,35.727848935260326],[140.263076850835745,35.727849180260321],[140.263055506835741,35.727860894260324],[140.263101790835748,35.728285472260325]]]]}},
{"type":"Feature","properties":{"fid":476,"polygon_uuid":"1e168292-0a59-412a-8b21-7a669cd55209","Adress":"酒々井町酒々井巖島256","Tiban":"256","group":"1班","geometry_ID":"5bf4ed286b","area":11.0,"auxiliary_storage_labeling_positionx":null,"auxiliary_storage_labeling_positiony":null,"auxiliary_storage_labeling_lineanchorpercent":null,"auxiliary_storage_labeling_lineanchorclipping":null,"auxiliary_storage_labeling_lineanchortype":null,"auxiliary_storage_labeling_lineanchortextpoint":null},"geometry":{"type":"MultiPolygon","coordinates":[[[[140.262678441835732,35.728842520260322],[140.262728349835754,35.729297491260326],[140.26295633883575,35.729285441260323],[140.262912659835735,35.728831010260322],[140.262678441835732,35.728842520260322]]]]}},
{"type":"Feature","properties":{"fid":477,"polygon_uuid":"fcf0b4b6-a7d8-415d-a6d0-7f0d3696134e","Adress":"酒々井町酒々井巖島248-2","Tiban":"248-2","group":"1班","geometry_ID":"b7ed6c5650","area":10.0,"auxiliary_storage_labeling_positionx":null,"auxiliary_storage_labeling_positiony":null,"auxiliary_storage_labeling_lineanchorpercent":null,"auxiliary_storage_labeling_lineanchorclipping":null,"auxiliary_storage_labeling_lineanchortype":null,"auxiliary_storage_labeling_lineanchortextpoint":null},"geometry":{"type":"MultiPolygon","coordinates":[[[[140.26308274683575,35.728282631260321],[140.263037616835732,35.727851260260323],[140.262824782835736,35.727859778260324],[140.262856856835754,35.728296043260322],[140.26308274683575,35.728282631260321]]]]}},
{"type":"Feature","properties":{"fid":478,"polygon_uuid":"d7c283c7-ddaa-4b02-8106-700cd3a52856","Adress":"酒々井町酒々井巖島250","Tiban":"250","group":"1班","geometry_ID":"986e7cc551","area":3.0,"auxiliary_storage_labeling_positionx":null,"auxiliary_storage_labeling_positiony":null,"auxiliary_storage_labeling_lineanchorpercent":null,"auxiliary_storage_labeling_lineanchorclipping":null,"auxiliary_storage_labeling_lineanchortype":null,"auxiliary_storage_labeling_lineanchortextpoint":null},"geometry":{"type":"MultiPolygon","coordinates":[[[[140.263320564835738,35.728275962260319],[140.263591671835741,35.728267236260322],[140.263568867835744,35.728228528260324],[140.263502081835753,35.728193856260326],[140.263409107835741,35.728154430260325],[140.263333929835738,35.72810718126032],[140.263277763835731,35.728056956260325],[140.263298387835732,35.728132521260321],[140.263313377835743,35.728266291260326],[140.263320564835738,35.728275962260319]]]]}},
{"type":"Feature","properties":{"fid":479,"polygon_uuid":"9dbd6189-4b49-4da8-bea7-6e707314ae60","Adress":"酒々井町酒々井巖島253","Tiban":"253","group":"1班","geometry_ID":"9b0096ab3f","area":10.0,"auxiliary_storage_labeling_positionx":null,"auxiliary_storage_labeling_positiony":null,"auxiliary_storage_labeling_lineanchorpercent":null,"auxiliary_storage_labeling_lineanchorclipping":null,"auxiliary_storage_labeling_lineanchortype":null,"auxiliary_storage_labeling_lineanchortextpoint":null},"geometry":{"type":"MultiPolygon","coordinates":[[[[140.26335807983574,35.728752385260321],[140.263313809835751,35.728300812260322],[140.263095020835749,35.728311677260322],[140.263137266835741,35.72876503426032],[140.26335807983574,35.728752385260321]]]]}},
{"type":"Feature","properties":{"fid":480,"polygon_uuid":"2bb438a5-1f9d-46e9-a651-70b5a361ede2","Adress":"酒々井西井戸34-1","Tiban":"34-1","group":"1班","geometry_ID":"8ab15efe54","area":6.0,"auxiliary_storage_labeling_positionx":null,"auxiliary_storage_labeling_positiony":null,"auxiliary_storage_labeling_lineanchorpercent":null,"auxiliary_storage_labeling_lineanchorclipping":null,"auxiliary_storage_labeling_lineanchortype":null,"auxiliary_storage_labeling_lineanchortextpoint":null},"geometry":{"type":"MultiPolygon","coordinates":[[[[140.263700466274685,35.726298699981918],[140.26374845893298,35.726760851506249],[140.263875445835737,35.72675454726032],[140.263815757835744,35.726296487260321],[140.263700466274685,35.726298699981918]]]]}},
{"type":"Feature","properties":{"fid":481,"polygon_uuid":"f0998d66-3c21-470e-81f4-9c6300195d60","Adress":"本佐倉新堤162-1,162-2","Tiban":"162-1,162-2","group":"2班","geometry_ID":"9aa210a8ff","area":8.0,"auxiliary_storage_labeling_positionx":null,"auxiliary_storage_labeling_positiony":null,"auxiliary_storage_labeling_lineanchorpercent":null,"auxiliary_storage_labeling_lineanchorclipping":null,"auxiliary_storage_labeling_lineanchortype":null,"auxiliary_storage_labeling_lineanchortextpoint":null},"geometry":{"type":"MultiPolygon","coordinates":[[[[140.263500444835756,35.714027012260324],[140.263428942835731,35.714123472260326],[140.264066730835737,35.71443247226032],[140.264070355835742,35.714289033260322],[140.263500444835756,35.714027012260324]]]]}},
{"type":"Feature","properties":{"fid":482,"polygon_uuid":"1fb13ac5-48be-46cc-b297-998774af8744","Adress":"本佐倉新堤175-1","Tiban":"175-1","group":"2班","geometry_ID":"247329dc49","area":11.0,"auxiliary_storage_labeling_positionx":null,"auxiliary_storage_labeling_positiony":null,"auxiliary_storage_labeling_lineanchorpercent":null,"auxiliary_storage_labeling_lineanchorclipping":null,"auxiliary_storage_labeling_lineanchortype":null,"auxiliary_storage_labeling_lineanchortextpoint":null},"geometry":{"type":"MultiPolygon","coordinates":[[[[140.262439424835748,35.71355717526032],[140.262947261835734,35.713782144260321],[140.263064229835749,35.713620617260325],[140.262559975835757,35.71338722726032],[140.262439424835748,35.71355717526032]]]]}},
{"type":"Feature","properties":{"fid":483,"polygon_uuid":"265ec5a8-a940-479c-a0be-49e3c1b3708f","Adress":"本佐倉新堤165-1,165-2","Tiban":"165-1,165-2","group":"2班","geometry_ID":"6dc4562593","area":10.0,"auxiliary_storage_labeling_positionx":null,"auxiliary_storage_labeling_positiony":null,"auxiliary_storage_labeling_lineanchorpercent":null,"auxiliary_storage_labeling_lineanchorclipping":null,"auxiliary_storage_labeling_lineanchortype":null,"auxiliary_storage_labeling_lineanchortextpoint":null},"geometry":{"type":"MultiPolygon","coordinates":[[[[140.263556311835742,35.71386980826032],[140.263080057835737,35.713634085260324],[140.262919308835734,35.71386315726032],[140.263170939835732,35.713846193260324],[140.263277779835732,35.713910078260319],[140.263344520835744,35.713968748260321],[140.263382267835738,35.714068582260325],[140.263408619835729,35.714084553260321],[140.263556311835742,35.71386980826032]]]]}},
{"type":"Feature","properties":{"fid":484,"polygon_uuid":"b9eb9667-76a4-42df-a94f-dd835bd9bbd8","Adress":"本佐倉新堤184-1,184-3,185-1","Tiban":"184-1,184-3,185-1","group":"2班","geometry_ID":"d291227357","area":13.0,"auxiliary_storage_labeling_positionx":null,"auxiliary_storage_labeling_positiony":null,"auxiliary_storage_labeling_lineanchorpercent":null,"auxiliary_storage_labeling_lineanchorclipping":null,"auxiliary_storage_labeling_lineanchortype":null,"auxiliary_storage_labeling_lineanchortextpoint":null},"geometry":{"type":"MultiPolygon","coordinates":[[[[140.261785885835735,35.713354274260325],[140.261963291835741,35.713110730260325],[140.261524397835728,35.71291310326032],[140.261477223835755,35.71300314826032],[140.261459211835756,35.713196677260321],[140.261785885835735,35.713354274260325]]]]}},
{"type":"Feature","properties":{"fid":485,"polygon_uuid":"27e702e8-6ef3-4b84-945c-ae571082e04d","Adress":"本佐倉新堤176-1,176-2,177-3","Tiban":"176-1,176-2,177-3","group":"2班","geometry_ID":"be34222047","area":11.0,"auxiliary_storage_labeling_positionx":null,"auxiliary_storage_labeling_positiony":null,"auxiliary_storage_labeling_lineanchorpercent":null,"auxiliary_storage_labeling_lineanchorclipping":null,"auxiliary_storage_labeling_lineanchortype":null,"auxiliary_storage_labeling_lineanchortextpoint":null},"geometry":{"type":"MultiPolygon","coordinates":[[[[140.262306238835748,35.713744932260326],[140.262612995835752,35.713883467260324],[140.26288212183573,35.713866283260323],[140.262947261835734,35.713782144260321],[140.262439424835748,35.71355717526032],[140.262306238835748,35.713744932260326]]]]}},
{"type":"Feature","properties":{"fid":486,"polygon_uuid":"34b80254-f898-4367-8a28-3b0d65d16839","Adress":"本佐倉新堤164-1","Tiban":"164-1","group":"2班","geometry_ID":"6ac5bd2d2b","area":9.0,"auxiliary_storage_labeling_positionx":null,"auxiliary_storage_labeling_positiony":null,"auxiliary_storage_labeling_lineanchorpercent":null,"auxiliary_storage_labeling_lineanchorclipping":null,"auxiliary_storage_labeling_lineanchortype":null,"auxiliary_storage_labeling_lineanchortextpoint":null},"geometry":{"type":"MultiPolygon","coordinates":[[[[140.263500444835756,35.714027012260324],[140.264070355835742,35.714289033260322],[140.264074851835744,35.714111117260323],[140.263597610835745,35.713895929260325],[140.263500444835756,35.714027012260324]]]]}},
{"type":"Feature","properties":{"fid":487,"polygon_uuid":"f2621922-39b7-4d47-8f11-3c68cb3cc249","Adress":"本佐倉新堤182-1,182-5","Tiban":"182-1,182-5","group":"2班","geometry_ID":"997b4b97f3","area":12.0,"auxiliary_storage_labeling_positionx":null,"auxiliary_storage_labeling_positiony":null,"auxiliary_storage_labeling_lineanchorpercent":null,"auxiliary_storage_labeling_lineanchorclipping":null,"auxiliary_storage_labeling_lineanchortype":null,"auxiliary_storage_labeling_lineanchortextpoint":null},"geometry":{"type":"MultiPolygon","coordinates":[[[[140.261901745835729,35.713297991260326],[140.262400420835746,35.713534269260322],[140.262530560835756,35.713363767260326],[140.262031071835736,35.71312848126032],[140.261901745835729,35.713297991260326]]]]}},
{"type":"Feature","properties":{"fid":488,"polygon_uuid":"3dad123f-80c9-423a-8a2b-215b3a5c8f6c","Adress":"本佐倉新堤180-1,181-1","Tiban":"180-1,181-1","group":"2班","geometry_ID":"4a5d8588ec","area":21.0,"auxiliary_storage_labeling_positionx":null,"auxiliary_storage_labeling_positiony":null,"auxiliary_storage_labeling_lineanchorpercent":null,"auxiliary_storage_labeling_lineanchorclipping":null,"auxiliary_storage_labeling_lineanchortype":null,"auxiliary_storage_labeling_lineanchortextpoint":null},"geometry":{"type":"MultiPolygon","coordinates":[[[[140.261901745835729,35.713297991260326],[140.261692232835742,35.713618817260325],[140.262172868835734,35.713856315260323],[140.262400420835746,35.713534269260322],[140.261901745835729,35.713297991260326]]]]}},
{"type":"Feature","properties":{"fid":489,"polygon_uuid":"a8690ec8-ebf6-4344-ba60-288d3adbd9d9","Adress":"本佐倉新堤160-1","Tiban":"160-1","group":"2班","geometry_ID":"63fbdbb388","area":7.0,"auxiliary_storage_labeling_positionx":null,"auxiliary_storage_labeling_positiony":null,"auxiliary_storage_labeling_lineanchorpercent":null,"auxiliary_storage_labeling_lineanchorclipping":null,"auxiliary_storage_labeling_lineanchortype":null,"auxiliary_storage_labeling_lineanchortextpoint":null},"geometry":{"type":"MultiPolygon","coordinates":[[[[140.263458775835744,35.714272109260321],[140.263495034835756,35.714359541260322],[140.263660451835733,35.714591911260321],[140.26372963183573,35.714634507260321],[140.263795224835746,35.71462088426032],[140.263925923835728,35.714502597260321],[140.263458775835744,35.714272109260321]]]]}},
{"type":"Feature","properties":{"fid":490,"polygon_uuid":"fcab2852-44fe-4049-87f9-18ef82e4904d","Adress":"本佐倉新堤161-1","Tiban":"161-1","group":"2班","geometry_ID":"7bd429ce74","area":8.0,"auxiliary_storage_labeling_positionx":null,"auxiliary_storage_labeling_positiony":null,"auxiliary_storage_labeling_lineanchorpercent":null,"auxiliary_storage_labeling_lineanchorclipping":null,"auxiliary_storage_labeling_lineanchortype":null,"auxiliary_storage_labeling_lineanchortextpoint":null},"geometry":{"type":"MultiPolygon","coordinates":[[[[140.263428942835731,35.714123472260326],[140.263408547835752,35.714150987260325],[140.263458775835744,35.714272109260321],[140.263925923835728,35.714502597260321],[140.264004477835755,35.714456795260325],[140.264066730835737,35.71443247226032],[140.263428942835731,35.714123472260326]]]]}},
{"type":"Feature","properties":{"fid":491,"polygon_uuid":null,"Adress":"酒々井町中川西方524-1","Tiban":"524-1","group":"11班","geometry_ID":"8dcca7dc64","area":2.0,"auxiliary_storage_labeling_positionx":null,"auxiliary_storage_labeling_positiony":null,"auxiliary_storage_labeling_lineanchorpercent":null,"auxiliary_storage_labeling_lineanchorclipping":null,"auxiliary_storage_labeling_lineanchortype":null,"auxiliary_storage_labeling_lineanchortextpoint":null},"geometry":{"type":"MultiPolygon","coordinates":[[[[140.265883335829528,35.738647416598845],[140.265890448967696,35.738661642875208],[140.266829383207835,35.737932546211468],[140.266811600362388,35.737918319935105],[140.265883335829528,35.738647416598845]]]]}},
{"type":"Feature","properties":{"fid":492,"polygon_uuid":"8a0192af-3bae-4011-a6f1-63bc4028549f","Adress":"印旛沼新田57","Tiban":"57","group":"8班","geometry_ID":"6ae6226a0e","area":31.0,"auxiliary_storage_labeling_positionx":null,"auxiliary_storage_labeling_positiony":null,"auxiliary_storage_labeling_lineanchorpercent":null,"auxiliary_storage_labeling_lineanchorclipping":null,"auxiliary_storage_labeling_lineanchortype":null,"auxiliary_storage_labeling_lineanchortextpoint":null},"geometry":{"type":"MultiPolygon","coordinates":[[[[140.264574822835755,35.75216019226032],[140.264906365835742,35.752228213260324],[140.265181787835729,35.751351474260325],[140.264837038835736,35.751288139260325],[140.264574822835755,35.75216019226032]]]]}},
{"type":"Feature","properties":{"fid":493,"polygon_uuid":"2fb79286-e3a9-4b7a-a8da-4a023e4b2dec","Adress":"印旛沼新田33","Tiban":"33","group":"8班","geometry_ID":"28cfb4e5b0","area":30.0,"auxiliary_storage_labeling_positionx":null,"auxiliary_storage_labeling_positiony":null,"auxiliary_storage_labeling_lineanchorpercent":null,"auxiliary_storage_labeling_lineanchorclipping":null,"auxiliary_storage_labeling_lineanchortype":null,"auxiliary_storage_labeling_lineanchortextpoint":null},"geometry":{"type":"MultiPolygon","coordinates":[[[[140.264905217835746,35.752269365260325],[140.264643861835737,35.753157946260323],[140.26495549583575,35.753222110260324],[140.265226632835748,35.752339184260322],[140.264905217835746,35.752269365260325]]]]}},
{"type":"Feature","properties":{"fid":494,"polygon_uuid":"904da8f7-f7f5-4c5a-819a-035daf90b7a9","Adress":"印旛沼新田32","Tiban":"32","group":"8班","geometry_ID":"4aae14f729","area":32.0,"auxiliary_storage_labeling_positionx":null,"auxiliary_storage_labeling_positiony":null,"auxiliary_storage_labeling_lineanchorpercent":null,"auxiliary_storage_labeling_lineanchorclipping":null,"auxiliary_storage_labeling_lineanchortype":null,"auxiliary_storage_labeling_lineanchortextpoint":null},"geometry":{"type":"MultiPolygon","coordinates":[[[[140.264905217835746,35.752269365260325],[140.26459400783574,35.75221108126032],[140.264543451835749,35.752239881260323],[140.26430925683573,35.753089053260325],[140.264643861835737,35.753157946260323],[140.264905217835746,35.752269365260325]]]]}},
{"type":"Feature","properties":{"fid":495,"polygon_uuid":"e8b82b81-e552-43fe-b8f0-903906c426e4","Adress":"印旛沼新田36","Tiban":"36","group":"8班","geometry_ID":"9b10c8006b","area":30.0,"auxiliary_storage_labeling_positionx":null,"auxiliary_storage_labeling_positiony":null,"auxiliary_storage_labeling_lineanchorpercent":null,"auxiliary_storage_labeling_lineanchorclipping":null,"auxiliary_storage_labeling_lineanchortype":null,"auxiliary_storage_labeling_lineanchortextpoint":null},"geometry":{"type":"MultiPolygon","coordinates":[[[[140.265606332835745,35.75335611026032],[140.265916002835752,35.753419866260323],[140.266198987835736,35.752532835260325],[140.265877172835729,35.752469379260326],[140.265606332835745,35.75335611026032]]]]}},
{"type":"Feature","properties":{"fid":496,"polygon_uuid":"b529eedf-4f15-44e3-9527-6e592d9a0a7e","Adress":"印旛沼新田35","Tiban":"35","group":"8班","geometry_ID":"e3eba799eb","area":31.0,"auxiliary_storage_labeling_positionx":null,"auxiliary_storage_labeling_positiony":null,"auxiliary_storage_labeling_lineanchorpercent":null,"auxiliary_storage_labeling_lineanchorclipping":null,"auxiliary_storage_labeling_lineanchortype":null,"auxiliary_storage_labeling_lineanchortextpoint":null},"geometry":{"type":"MultiPolygon","coordinates":[[[[140.265278872835751,35.75328869026032],[140.265606332835745,35.75335611026032],[140.265877172835729,35.752469379260326],[140.265537006835729,35.752402767260321],[140.265278872835751,35.75328869026032]]]]}},
{"type":"Feature","properties":{"fid":497,"polygon_uuid":"c21ed606-11b5-4a4f-a8a1-ca185f72ed9c","Adress":"印旛沼新田38","Tiban":"38","group":"8班","geometry_ID":"856cab39d0","area":20.0,"auxiliary_storage_labeling_positionx":null,"auxiliary_storage_labeling_positiony":null,"auxiliary_storage_labeling_lineanchorpercent":null,"auxiliary_storage_labeling_lineanchorclipping":null,"auxiliary_storage_labeling_lineanchortype":null,"auxiliary_storage_labeling_lineanchortextpoint":null},"geometry":{"type":"MultiPolygon","coordinates":[[[[140.266455047835734,35.753530845260322],[140.266713798835752,35.752650089260321],[140.266516233835745,35.75260009526032],[140.266234603835755,35.753485459260325],[140.266455047835734,35.753530845260322]]]]}},
{"type":"Feature","properties":{"fid":498,"polygon_uuid":"1aa8aa2a-8d57-4852-9671-60fbc4007e2b","Adress":"印旛沼新田49","Tiban":"49","group":"8班","geometry_ID":"ac1620f9fb","area":11.0,"auxiliary_storage_labeling_positionx":null,"auxiliary_storage_labeling_positiony":null,"auxiliary_storage_labeling_lineanchorpercent":null,"auxiliary_storage_labeling_lineanchorclipping":null,"auxiliary_storage_labeling_lineanchortype":null,"auxiliary_storage_labeling_lineanchortextpoint":null},"geometry":{"type":"MultiPolygon","coordinates":[[[[140.266829957835739,35.752607113260325],[140.266941876835745,35.75263204926032],[140.267213198835748,35.751765496260326],[140.267083175835751,35.751738420260324],[140.266829957835739,35.752607113260325]]]]}},
{"type":"Feature","properties":{"fid":499,"polygon_uuid":"08756192-ffac-458a-90e3-afc8cee0b758","Adress":"印旛沼新田51","Tiban":"51","group":"8班","geometry_ID":"84518e2c4f","area":20.0,"auxiliary_storage_labeling_positionx":null,"auxiliary_storage_labeling_positiony":null,"auxiliary_storage_labeling_lineanchorpercent":null,"auxiliary_storage_labeling_lineanchorclipping":null,"auxiliary_storage_labeling_lineanchortype":null,"auxiliary_storage_labeling_lineanchortextpoint":null},"geometry":{"type":"MultiPolygon","coordinates":[[[[140.266725241835729,35.752588540260319],[140.266978619835754,35.751717581260323],[140.266762366835735,35.751674479260323],[140.266504134835742,35.752541960260324],[140.266725241835729,35.752588540260319]]]]}},
{"type":"Feature","properties":{"fid":500,"polygon_uuid":"cec690a9-0f5f-466c-b3eb-6a1d4c99a56f","Adress":"印旛沼新田53","Tiban":"53","group":"8班","geometry_ID":"4ab3aa3dea","area":31.0,"auxiliary_storage_labeling_positionx":null,"auxiliary_storage_labeling_positiony":null,"auxiliary_storage_labeling_lineanchorpercent":null,"auxiliary_storage_labeling_lineanchorclipping":null,"auxiliary_storage_labeling_lineanchortype":null,"auxiliary_storage_labeling_lineanchortextpoint":null},"geometry":{"type":"MultiPolygon","coordinates":[[[[140.266193128835738,35.75248627026032],[140.266454059835752,35.75161080526032],[140.266129941835743,35.751541783260322],[140.265863064835742,35.752424484260324],[140.266193128835738,35.75248627026032]]]]}},
{"type":"Feature","properties":{"fid":501,"polygon_uuid":"92c15e9f-c0f2-4796-80b1-4b9c5e77887d","Adress":"印旛沼新田52","Tiban":"52","group":"8班","geometry_ID":"bf3856ae7d","area":29.0,"auxiliary_storage_labeling_positionx":null,"auxiliary_storage_labeling_positiony":null,"auxiliary_storage_labeling_lineanchorpercent":null,"auxiliary_storage_labeling_lineanchorclipping":null,"auxiliary_storage_labeling_lineanchortype":null,"auxiliary_storage_labeling_lineanchortextpoint":null},"geometry":{"type":"MultiPolygon","coordinates":[[[[140.266504134835742,35.752541960260324],[140.266762366835735,35.751674479260323],[140.266454059835752,35.75161080526032],[140.266193128835738,35.75248627026032],[140.266504134835742,35.752541960260324]]]]}},
{"type":"Feature","properties":{"fid":502,"polygon_uuid":"4701f470-bb78-4dfc-ab6f-fc8097ef6539","Adress":"印旛沼新田55","Tiban":"55","group":"8班","geometry_ID":"16b991afff","area":30.0,"auxiliary_storage_labeling_positionx":null,"auxiliary_storage_labeling_positiony":null,"auxiliary_storage_labeling_lineanchorpercent":null,"auxiliary_storage_labeling_lineanchorclipping":null,"auxiliary_storage_labeling_lineanchortype":null,"auxiliary_storage_labeling_lineanchortextpoint":null},"geometry":{"type":"MultiPolygon","coordinates":[[[[140.265547866835732,35.75235982126032],[140.265812756835743,35.751481159260322],[140.265492083835738,35.751412125260323],[140.265230678835735,35.752294748260326],[140.265547866835732,35.75235982126032]]]]}},
{"type":"Feature","properties":{"fid":503,"polygon_uuid":"efcc8b3b-e965-4b21-b272-b5373d3505d7","Adress":"印旛沼新田54","Tiban":"54","group":"8班","geometry_ID":"6b1e626b20","area":30.0,"auxiliary_storage_labeling_positionx":null,"auxiliary_storage_labeling_positiony":null,"auxiliary_storage_labeling_lineanchorpercent":null,"auxiliary_storage_labeling_lineanchorclipping":null,"auxiliary_storage_labeling_lineanchortype":null,"auxiliary_storage_labeling_lineanchortextpoint":null},"geometry":{"type":"MultiPolygon","coordinates":[[[[140.265863064835742,35.752424484260324],[140.266129941835743,35.751541783260322],[140.265812756835743,35.751481159260322],[140.265547866835732,35.75235982126032],[140.265863064835742,35.752424484260324]]]]}},
{"type":"Feature","properties":{"fid":504,"polygon_uuid":"e86adb27-6c83-4cd4-8bb0-f49da0321dd8","Adress":"印旛沼新田115,印旛沼新田113,印旛沼新田114","Tiban":"115,113,114","group":"8班","geometry_ID":"bfe909460c","area":29.0,"auxiliary_storage_labeling_positionx":null,"auxiliary_storage_labeling_positiony":null,"auxiliary_storage_labeling_lineanchorpercent":null,"auxiliary_storage_labeling_lineanchorclipping":null,"auxiliary_storage_labeling_lineanchortype":null,"auxiliary_storage_labeling_lineanchortextpoint":null},"geometry":{"type":"MultiPolygon","coordinates":[[[[140.267281437835749,35.747833712260324],[140.267586944835756,35.747892634260324],[140.26785560083573,35.747010949260321],[140.26755092983575,35.746949975260321],[140.267281437835749,35.747833712260324]]]]}},
{"type":"Feature","properties":{"fid":505,"polygon_uuid":"dd8a0a75-9a71-4637-ab43-75a69646ad33","Adress":"印旛沼新田122","Tiban":"122","group":"8班","geometry_ID":"c04e3542f8","area":5.0,"auxiliary_storage_labeling_positionx":null,"auxiliary_storage_labeling_positiony":null,"auxiliary_storage_labeling_lineanchorpercent":null,"auxiliary_storage_labeling_lineanchorclipping":null,"auxiliary_storage_labeling_lineanchortype":null,"auxiliary_storage_labeling_lineanchortextpoint":null},"geometry":{"type":"MultiPolygon","coordinates":[[[[140.268105513835735,35.746163062260322],[140.268244926835735,35.74663118926032],[140.268298929835737,35.746164035260321],[140.268236864835728,35.746131613260324],[140.268105513835735,35.746163062260322]]]]}},
{"type":"Feature","properties":{"fid":506,"polygon_uuid":"cdd2bae4-e1e1-4976-8aa9-c9e667127e6c","Adress":"印旛沼新田116","Tiban":"116","group":"8班","geometry_ID":"5cbced3c48","area":38.0,"auxiliary_storage_labeling_positionx":null,"auxiliary_storage_labeling_positiony":null,"auxiliary_storage_labeling_lineanchorpercent":null,"auxiliary_storage_labeling_lineanchorclipping":null,"auxiliary_storage_labeling_lineanchortype":null,"auxiliary_storage_labeling_lineanchortextpoint":null},"geometry":{"type":"MultiPolygon","coordinates":[[[[140.26785560083573,35.747010949260321],[140.267586944835756,35.747892634260324],[140.268061391835744,35.747988699260326],[140.268194604835742,35.747093998260326],[140.268151774835729,35.747070220260326],[140.26785560083573,35.747010949260321]]]]}},
{"type":"Feature","properties":{"fid":507,"polygon_uuid":"b129d06d-2c0e-4809-ad10-c2d903889156","Adress":"柏木大境294","Tiban":"294","group":"8班","geometry_ID":"4c99670ddf","area":6.0,"auxiliary_storage_labeling_positionx":null,"auxiliary_storage_labeling_positiony":null,"auxiliary_storage_labeling_lineanchorpercent":null,"auxiliary_storage_labeling_lineanchorclipping":null,"auxiliary_storage_labeling_lineanchortype":null,"auxiliary_storage_labeling_lineanchortextpoint":null},"geometry":{"type":"MultiPolygon","coordinates":[[[[140.267178834188314,35.754450280159944],[140.267179603411591,35.7544439069802],[140.267178821874637,35.754450275196987],[140.267178834188314,35.754450280159944]]],[[[140.267182724835749,35.754451848260324],[140.267178834188314,35.754450280159944],[140.267149181835748,35.754695956260321],[140.267182724835749,35.754451848260324]]],[[[140.267077548835744,35.754441517260325],[140.267049310835745,35.755291343260325],[140.267075684835731,35.755290669260326],[140.267178821874637,35.754450275196987],[140.267160776835738,35.754443002260324],[140.267077548835744,35.754441517260325]]]]}},
{"type":"Feature","properties":{"fid":508,"polygon_uuid":"745cc9b9-be76-42c8-8832-d0cc92429d0b","Adress":"柏木大境295-1,柏木大境295-4,柏木大境295-2,柏木大境295-3","Tiban":"295-1,295-4,295-2,295-3","group":"8班","geometry_ID":"1e7775660a","area":24.0,"auxiliary_storage_labeling_positionx":null,"auxiliary_storage_labeling_positiony":null,"auxiliary_storage_labeling_lineanchorpercent":null,"auxiliary_storage_labeling_lineanchorclipping":null,"auxiliary_storage_labeling_lineanchortype":null,"auxiliary_storage_labeling_lineanchortextpoint":null},"geometry":{"type":"MultiPolygon","coordinates":[[[[140.267179603411591,35.7544439069802],[140.267075684835731,35.755290669260326],[140.267085497835751,35.75532297526032],[140.267349109551503,35.755327080258439],[140.267448327370261,35.754469499738164],[140.267179603411591,35.7544439069802]]],[[[140.267354182835732,35.755327159260325],[140.267349109551503,35.755327080258439],[140.267349091946187,35.755327232428428],[140.267354182835732,35.755327159260325]]]]}},
{"type":"Feature","properties":{"fid":509,"polygon_uuid":"f325aa80-4ec6-4707-b83a-afb67057a822","Adress":"柏木大境296-1,柏木大境296-4,柏木大境296-5,柏木大境296-3","Tiban":"296-1,296-4,296-5,296-3","group":"8班","geometry_ID":"d0babd83ab","area":24.0,"auxiliary_storage_labeling_positionx":null,"auxiliary_storage_labeling_positiony":null,"auxiliary_storage_labeling_lineanchorpercent":null,"auxiliary_storage_labeling_lineanchorclipping":null,"auxiliary_storage_labeling_lineanchortype":null,"auxiliary_storage_labeling_lineanchortextpoint":null},"geometry":{"type":"MultiPolygon","coordinates":[[[[140.267448327370261,35.754469499738164],[140.267349091946187,35.755327232428428],[140.267621878260286,35.755336987596813],[140.267731083835741,35.75450281026032],[140.267457272835742,35.754477364260325],[140.267448327370261,35.754469499738164]]]]}},
{"type":"Feature","properties":{"fid":510,"polygon_uuid":"628d402d-716e-4db5-8e2c-8748f5d0ef7d","Adress":"柏木大境297","Tiban":"297","group":"8班","geometry_ID":"dd404c4646","area":24.0,"auxiliary_storage_labeling_positionx":null,"auxiliary_storage_labeling_positiony":null,"auxiliary_storage_labeling_lineanchorpercent":null,"auxiliary_storage_labeling_lineanchorclipping":null,"auxiliary_storage_labeling_lineanchortype":null,"auxiliary_storage_labeling_lineanchortextpoint":null},"geometry":{"type":"MultiPolygon","coordinates":[[[[140.26801659283575,35.75452934426032],[140.267731083835741,35.75450281026032],[140.26765230883575,35.75513989126032],[140.267622896835746,35.75533649426032],[140.267743833835738,35.755344176260323],[140.26791253083573,35.755347295260322],[140.26801659283575,35.75452934426032]]]]}},
{"type":"Feature","properties":{"fid":511,"polygon_uuid":"8344295e-1ea0-465f-8c10-6c78fba04b33","Adress":"柏木大境300-1","Tiban":"300-1","group":"8班","geometry_ID":"f09d9c4966","area":11.0,"auxiliary_storage_labeling_positionx":null,"auxiliary_storage_labeling_positiony":null,"auxiliary_storage_labeling_lineanchorpercent":null,"auxiliary_storage_labeling_lineanchorclipping":null,"auxiliary_storage_labeling_lineanchortype":null,"auxiliary_storage_labeling_lineanchortextpoint":null},"geometry":{"type":"MultiPolygon","coordinates":[[[[140.268709635835734,35.754593747260323],[140.268572340835732,35.754580988260322],[140.268473177835745,35.755357658260323],[140.268624310835747,35.755360451260323],[140.268709635835734,35.754593747260323]]]]}},
{"type":"Feature","properties":{"fid":512,"polygon_uuid":"f027ca9b-51fc-46dc-a5a6-c8439c68b8ad","Adress":"柏木大境282-2","Tiban":"282-2","group":"8班","geometry_ID":"c05b1d40cb","area":7.0,"auxiliary_storage_labeling_positionx":null,"auxiliary_storage_labeling_positiony":null,"auxiliary_storage_labeling_lineanchorpercent":null,"auxiliary_storage_labeling_lineanchorclipping":null,"auxiliary_storage_labeling_lineanchortype":null,"auxiliary_storage_labeling_lineanchortextpoint":null},"geometry":{"type":"MultiPolygon","coordinates":[[[[140.269710486835748,35.75465056926032],[140.269925247835744,35.754669044260325],[140.269952913835738,35.75463733526032],[140.269936364835729,35.754561686260324],[140.269921267835741,35.75447588726032],[140.269888693835753,35.754404460260325],[140.269850322835737,35.754342594260322],[140.269826678835756,35.754279519260322],[140.269808316835736,35.75424746526032],[140.269793025835753,35.754222812260323],[140.269756435835745,35.754183412260325],[140.269710486835748,35.75465056926032]]]]}},
{"type":"Feature","properties":{"fid":513,"polygon_uuid":"a0f5949f-567e-44bf-8ea6-6b85dfe03b65","Adress":"柏木大境270-2,柏木大境270-1,柏木大境270-3","Tiban":"270-2,270-1,270-3","group":"8班","geometry_ID":"8ad64e0515","area":20.0,"auxiliary_storage_labeling_positionx":null,"auxiliary_storage_labeling_positiony":null,"auxiliary_storage_labeling_lineanchorpercent":null,"auxiliary_storage_labeling_lineanchorclipping":null,"auxiliary_storage_labeling_lineanchortype":null,"auxiliary_storage_labeling_lineanchortextpoint":null},"geometry":{"type":"MultiPolygon","coordinates":[[[[140.268324140835745,35.752279630260325],[140.268055220835748,35.752254405260324],[140.267957675835731,35.752959557260326],[140.268255183835748,35.752986096260322],[140.268324140835745,35.752279630260325]]]]}},
{"type":"Feature","properties":{"fid":514,"polygon_uuid":"8ada7323-ff6a-4a1b-add5-e075dec9ab5a","Adress":"柏木大境271-2,柏木大境271-1","Tiban":"271-2,271-1","group":"8班","geometry_ID":"d69cf1a9d4","area":22.0,"auxiliary_storage_labeling_positionx":null,"auxiliary_storage_labeling_positiony":null,"auxiliary_storage_labeling_lineanchorpercent":null,"auxiliary_storage_labeling_lineanchorclipping":null,"auxiliary_storage_labeling_lineanchortype":null,"auxiliary_storage_labeling_lineanchortextpoint":null},"geometry":{"type":"MultiPolygon","coordinates":[[[[140.268055220835748,35.752254405260324],[140.26774536183575,35.752222184260326],[140.267664545835743,35.752941692260322],[140.267957675835731,35.752959557260326],[140.268055220835748,35.752254405260324]]]]}},
{"type":"Feature","properties":{"fid":515,"polygon_uuid":"ebed60d2-9226-42ed-8acb-a0c3a6242e16","Adress":"柏木大境272","Tiban":"272","group":"8班","geometry_ID":"8131349b10","area":16.0,"auxiliary_storage_labeling_positionx":null,"auxiliary_storage_labeling_positiony":null,"auxiliary_storage_labeling_lineanchorpercent":null,"auxiliary_storage_labeling_lineanchorclipping":null,"auxiliary_storage_labeling_lineanchortype":null,"auxiliary_storage_labeling_lineanchortextpoint":null},"geometry":{"type":"MultiPolygon","coordinates":[[[[140.267664545835743,35.752941692260322],[140.26774536183575,35.752222184260326],[140.267622593835739,35.752210719260326],[140.26735140583574,35.752912653260324],[140.267664545835743,35.752941692260322]]]]}},
{"type":"Feature","properties":{"fid":516,"polygon_uuid":"7b7f15fb-1514-4631-b61f-ef31fdff9da6","Adress":"柏木大境276","Tiban":"276","group":"8班","geometry_ID":"47b7e5e10d","area":19.0,"auxiliary_storage_labeling_positionx":null,"auxiliary_storage_labeling_positiony":null,"auxiliary_storage_labeling_lineanchorpercent":null,"auxiliary_storage_labeling_lineanchorclipping":null,"auxiliary_storage_labeling_lineanchortype":null,"auxiliary_storage_labeling_lineanchortextpoint":null},"geometry":{"type":"MultiPolygon","coordinates":[[[[140.268432468835755,35.753746387260321],[140.268524145835755,35.753062425260325],[140.268240576835751,35.753030108260326],[140.26815963483574,35.75372580226032],[140.268432468835755,35.753746387260321]]]]}},
{"type":"Feature","properties":{"fid":517,"polygon_uuid":"debfc67e-567e-4825-8d1b-3c8703691877","Adress":"柏木和田ノ原257-1","Tiban":"257-1","group":"8班","geometry_ID":"6d330bae15","area":2.0,"auxiliary_storage_labeling_positionx":null,"auxiliary_storage_labeling_positiony":null,"auxiliary_storage_labeling_lineanchorpercent":null,"auxiliary_storage_labeling_lineanchorclipping":null,"auxiliary_storage_labeling_lineanchortype":null,"auxiliary_storage_labeling_lineanchortextpoint":null},"geometry":{"type":"MultiPolygon","coordinates":[[[[140.268619824835753,35.752239736260321],[140.268706988835731,35.751525218260326],[140.268683977716108,35.751521533929441],[140.268590137603553,35.752235998422755],[140.268619824835753,35.752239736260321]]]]}},
{"type":"Feature","properties":{"fid":518,"polygon_uuid":"84f3dcd0-a075-45af-bac1-e23072dbd167","Adress":"柏木大境264-2,柏木大境264-1","Tiban":"264-2,264-1","group":"8班","geometry_ID":"9a55a03713","area":22.0,"auxiliary_storage_labeling_positionx":null,"auxiliary_storage_labeling_positiony":null,"auxiliary_storage_labeling_lineanchorpercent":null,"auxiliary_storage_labeling_lineanchorclipping":null,"auxiliary_storage_labeling_lineanchortype":null,"auxiliary_storage_labeling_lineanchortextpoint":null},"geometry":{"type":"MultiPolygon","coordinates":[[[[140.26991219483574,35.753116933260323],[140.269953218835752,35.753065857260324],[140.269986742835755,35.753001302260323],[140.270005227835753,35.752939869260324],[140.27002001583574,35.752890723260322],[140.270023527835747,35.752844687260321],[140.270030704835733,35.752780227260324],[140.270034048835754,35.752703508260325],[140.270033797835737,35.752657485260322],[140.270029731835734,35.752602270260326],[140.270019999835739,35.752528308260324],[140.270019595835748,35.752454483260323],[140.269995963835754,35.752406938260322],[140.269949206835747,35.75240472726032],[140.269890789835756,35.752407320260325],[140.269773917835749,35.752405363260323],[140.269770921835743,35.752445275260321],[140.269743905835753,35.752442361260321],[140.269659826835749,35.753103741260325],[140.26991219483574,35.753116933260323]]]]}},
{"type":"Feature","properties":{"fid":519,"polygon_uuid":"420def82-2616-4c2c-8ed1-0d7c057638a5","Adress":"柏木大境266-2,柏木大境266-3","Tiban":"266-2,266-3","group":"8班","geometry_ID":"0aa63210f2","area":11.0,"auxiliary_storage_labeling_positionx":null,"auxiliary_storage_labeling_positiony":null,"auxiliary_storage_labeling_lineanchorpercent":null,"auxiliary_storage_labeling_lineanchorclipping":null,"auxiliary_storage_labeling_lineanchortype":null,"auxiliary_storage_labeling_lineanchortextpoint":null},"geometry":{"type":"MultiPolygon","coordinates":[[[[140.269245601835735,35.753071492260325],[140.269317967835747,35.752371293260325],[140.269168867835731,35.752352781260321],[140.269098721835746,35.753056682260322],[140.269245601835735,35.753071492260325]]]]}},
{"type":"Feature","properties":{"fid":520,"polygon_uuid":"a82f4276-569b-44c9-8aa8-c39620b7e4e8","Adress":"柏木大境265","Tiban":"265","group":"8班","geometry_ID":"26987f84a3","area":22.0,"auxiliary_storage_labeling_positionx":null,"auxiliary_storage_labeling_positiony":null,"auxiliary_storage_labeling_lineanchorpercent":null,"auxiliary_storage_labeling_lineanchorclipping":null,"auxiliary_storage_labeling_lineanchortype":null,"auxiliary_storage_labeling_lineanchortextpoint":null},"geometry":{"type":"MultiPolygon","coordinates":[[[[140.269356896835745,35.753080843260321],[140.269659826835749,35.753103741260325],[140.269743905835753,35.752442361260321],[140.269735872835753,35.752393593260322],[140.269484506835738,35.752373071260322],[140.269487726835735,35.752427834260324],[140.269438035835748,35.752423251260325],[140.269356896835745,35.753080843260321]]]]}},
{"type":"Feature","properties":{"fid":521,"polygon_uuid":"dd5b7d83-a605-426e-82c3-a85cde01caa8","Adress":"柏木和田ノ原253-1","Tiban":"253-1","group":"8班","geometry_ID":"36fa76d9c5","area":10.0,"auxiliary_storage_labeling_positionx":null,"auxiliary_storage_labeling_positiony":null,"auxiliary_storage_labeling_lineanchorpercent":null,"auxiliary_storage_labeling_lineanchorclipping":null,"auxiliary_storage_labeling_lineanchortype":null,"auxiliary_storage_labeling_lineanchortextpoint":null},"geometry":{"type":"MultiPolygon","coordinates":[[[[140.267785143835738,35.752167008260322],[140.267861140835748,35.751445679260321],[140.267729146835734,35.751433267260325],[140.267632520835747,35.752156354260322],[140.267688028835749,35.752161756260321],[140.267785143835738,35.752167008260322]]]]}},
{"type":"Feature","properties":{"fid":522,"polygon_uuid":"9030168f-3a78-4484-bc7d-619bfce3d97a","Adress":"柏木和田ノ原252","Tiban":"252","group":"8班","geometry_ID":"7a4155e946","area":11.0,"auxiliary_storage_labeling_positionx":null,"auxiliary_storage_labeling_positiony":null,"auxiliary_storage_labeling_lineanchorpercent":null,"auxiliary_storage_labeling_lineanchorclipping":null,"auxiliary_storage_labeling_lineanchortype":null,"auxiliary_storage_labeling_lineanchortextpoint":null},"geometry":{"type":"MultiPolygon","coordinates":[[[[140.267872597835748,35.751421935260325],[140.267959280835754,35.750696893260326],[140.267809327835749,35.750683084260324],[140.267716174835755,35.751406995260325],[140.267872597835748,35.751421935260325]]]]}},
{"type":"Feature","properties":{"fid":523,"polygon_uuid":"b808fe74-75c1-4392-8863-e5e1f2871be7","Adress":"柏木和田ノ原254-2","Tiban":"254-2","group":"8班","geometry_ID":"614b12717f","area":10.0,"auxiliary_storage_labeling_positionx":null,"auxiliary_storage_labeling_positiony":null,"auxiliary_storage_labeling_lineanchorpercent":null,"auxiliary_storage_labeling_lineanchorclipping":null,"auxiliary_storage_labeling_lineanchortype":null,"auxiliary_storage_labeling_lineanchortextpoint":null},"geometry":{"type":"MultiPolygon","coordinates":[[[[140.268048752835739,35.75218286426032],[140.268138806835736,35.751471790260325],[140.268006398835752,35.751459339260322],[140.267910013835746,35.75217496226032],[140.268048752835739,35.75218286426032]]]]}},
{"type":"Feature","properties":{"fid":524,"polygon_uuid":"83156bff-7375-44af-a57f-1d7e17228599","Adress":"柏木和田ノ原254-1","Tiban":"254-1","group":"8班","geometry_ID":"887d74e0b9","area":10.0,"auxiliary_storage_labeling_positionx":null,"auxiliary_storage_labeling_positiony":null,"auxiliary_storage_labeling_lineanchorpercent":null,"auxiliary_storage_labeling_lineanchorclipping":null,"auxiliary_storage_labeling_lineanchortype":null,"auxiliary_storage_labeling_lineanchortextpoint":null},"geometry":{"type":"MultiPolygon","coordinates":[[[[140.267910013835746,35.75217496226032],[140.268006398835752,35.751459339260322],[140.267861140835748,35.751445679260321],[140.267785143835738,35.752167008260322],[140.267910013835746,35.75217496226032]]]]}},
{"type":"Feature","properties":{"fid":525,"polygon_uuid":"7f8bacfa-540d-46a8-a864-ca7a145b158f","Adress":"柏木和田ノ原255-2","Tiban":"255-2","group":"8班","geometry_ID":"ff5e838127","area":12.0,"auxiliary_storage_labeling_positionx":null,"auxiliary_storage_labeling_positiony":null,"auxiliary_storage_labeling_lineanchorpercent":null,"auxiliary_storage_labeling_lineanchorclipping":null,"auxiliary_storage_labeling_lineanchortype":null,"auxiliary_storage_labeling_lineanchortextpoint":null},"geometry":{"type":"MultiPolygon","coordinates":[[[[140.268322824835735,35.752209887260321],[140.26841906483574,35.751498144260324],[140.268249872835753,35.751482234260322],[140.268166733835756,35.752199245260321],[140.268322824835735,35.752209887260321]]]]}},
{"type":"Feature","properties":{"fid":526,"polygon_uuid":"47fc2d04-7ef9-4f3e-a600-6e5e8c25bf93","Adress":"柏木和田ノ原255-1","Tiban":"255-1","group":"8班","geometry_ID":"b67cb495ff","area":8.0,"auxiliary_storage_labeling_positionx":null,"auxiliary_storage_labeling_positiony":null,"auxiliary_storage_labeling_lineanchorpercent":null,"auxiliary_storage_labeling_lineanchorclipping":null,"auxiliary_storage_labeling_lineanchortype":null,"auxiliary_storage_labeling_lineanchortextpoint":null},"geometry":{"type":"MultiPolygon","coordinates":[[[[140.268166733835756,35.752199245260321],[140.268249872835753,35.751482234260322],[140.268138806835736,35.751471790260325],[140.268048752835739,35.75218286426032],[140.268166733835756,35.752199245260321]]]]}},
{"type":"Feature","properties":{"fid":527,"polygon_uuid":"41503774-f418-41cd-b1c5-9e2c637e560f","Adress":"柏木和田ノ原240-1,柏木和田ノ原240-4,柏木和田ノ原240-2,柏木和田ノ原240-3","Tiban":"240-1,240-4,240-2,240-3","group":"8班","geometry_ID":"89255c1deb","area":21.0,"auxiliary_storage_labeling_positionx":null,"auxiliary_storage_labeling_positiony":null,"auxiliary_storage_labeling_lineanchorpercent":null,"auxiliary_storage_labeling_lineanchorclipping":null,"auxiliary_storage_labeling_lineanchortype":null,"auxiliary_storage_labeling_lineanchortextpoint":null},"geometry":{"type":"MultiPolygon","coordinates":[[[[140.268250592835756,35.750680264260325],[140.268346789835732,35.74994768026032],[140.268059261835731,35.749923176260324],[140.267959941835755,35.750653497260323],[140.268250592835756,35.750680264260325]]]]}},
{"type":"Feature","properties":{"fid":528,"polygon_uuid":"ed468c98-4e0d-4704-9544-3b79ee8b5794","Adress":"柏木和田ノ原239","Tiban":"239","group":"8班","geometry_ID":"73d8d42275","area":11.0,"auxiliary_storage_labeling_positionx":null,"auxiliary_storage_labeling_positiony":null,"auxiliary_storage_labeling_lineanchorpercent":null,"auxiliary_storage_labeling_lineanchorclipping":null,"auxiliary_storage_labeling_lineanchortype":null,"auxiliary_storage_labeling_lineanchortextpoint":null},"geometry":{"type":"MultiPolygon","coordinates":[[[[140.268059261835731,35.749923176260324],[140.267914222835742,35.749910813260321],[140.26781763583574,35.750640390260322],[140.267959941835755,35.750653497260323],[140.268059261835731,35.749923176260324]]]]}},
{"type":"Feature","properties":{"fid":529,"polygon_uuid":"82071af2-86bb-4258-8b66-0c0e1fec6a15","Adress":"柏木和田ノ原241-2,柏木和田ノ原241-1,柏木和田ノ原241-4,柏木和田ノ原241-3,柏木和田ノ原241-7,柏木和田ノ原241-5","Tiban":"241-2,241-1,241-4,241-3,241-7,241-5","group":"8班","geometry_ID":"d44b14b93a","area":21.0,"auxiliary_storage_labeling_positionx":null,"auxiliary_storage_labeling_positiony":null,"auxiliary_storage_labeling_lineanchorpercent":null,"auxiliary_storage_labeling_lineanchorclipping":null,"auxiliary_storage_labeling_lineanchortype":null,"auxiliary_storage_labeling_lineanchortextpoint":null},"geometry":{"type":"MultiPolygon","coordinates":[[[[140.26861829683574,35.749970819260319],[140.268346789835732,35.74994768026032],[140.268250592835756,35.750680264260325],[140.268531379835736,35.750706124260326],[140.26861829683574,35.749970819260319]]]]}},
{"type":"Feature","properties":{"fid":530,"polygon_uuid":"e9c7c1c3-1be6-44c9-80ae-25f32eb6c2e5","Adress":"柏木和田ノ原221","Tiban":"221","group":"8班","geometry_ID":"c0a78d73ff","area":11.0,"auxiliary_storage_labeling_positionx":null,"auxiliary_storage_labeling_positiony":null,"auxiliary_storage_labeling_lineanchorpercent":null,"auxiliary_storage_labeling_lineanchorclipping":null,"auxiliary_storage_labeling_lineanchortype":null,"auxiliary_storage_labeling_lineanchortextpoint":null},"geometry":{"type":"MultiPolygon","coordinates":[[[[140.268451966835755,35.74690027626032],[140.268300247835754,35.746885178260321],[140.268190781835756,35.747573748260322],[140.268214365835746,35.747607050260321],[140.268343147835736,35.74761850926032],[140.268451966835755,35.74690027626032]]]]}},
{"type":"Feature","properties":{"fid":531,"polygon_uuid":"e81c7332-3b03-4318-b366-ab96019b8b48","Adress":"柏木和田ノ原218-1,柏木和田ノ原218-2","Tiban":"218-1,218-2","group":"8班","geometry_ID":"90c82ad38b","area":19.0,"auxiliary_storage_labeling_positionx":null,"auxiliary_storage_labeling_positiony":null,"auxiliary_storage_labeling_lineanchorpercent":null,"auxiliary_storage_labeling_lineanchorclipping":null,"auxiliary_storage_labeling_lineanchortype":null,"auxiliary_storage_labeling_lineanchortextpoint":null},"geometry":{"type":"MultiPolygon","coordinates":[[[[140.269084301835733,35.74620485626032],[140.268816936835748,35.746182891260325],[140.268733253835734,35.746904205260321],[140.26899627283575,35.746929317260324],[140.269084301835733,35.74620485626032]]]]}},
{"type":"Feature","properties":{"fid":532,"polygon_uuid":"f75e3859-c16d-4947-8a25-eed099392d83","Adress":"柏木和田ノ原223","Tiban":"223","group":"8班","geometry_ID":"2219bb9166","area":19.0,"auxiliary_storage_labeling_positionx":null,"auxiliary_storage_labeling_positiony":null,"auxiliary_storage_labeling_lineanchorpercent":null,"auxiliary_storage_labeling_lineanchorclipping":null,"auxiliary_storage_labeling_lineanchortype":null,"auxiliary_storage_labeling_lineanchortextpoint":null},"geometry":{"type":"MultiPolygon","coordinates":[[[[140.26897632783573,35.746952458260324],[140.268723638835752,35.746927313260322],[140.268621216835754,35.747646121260324],[140.268897659835744,35.747676781260324],[140.26897632783573,35.746952458260324]]]]}},
{"type":"Feature","properties":{"fid":533,"polygon_uuid":"422a2d89-0545-4ddb-ab3e-728a1150d5a9","Adress":"柏木和田ノ原225-2,柏木和田ノ原225-1,柏木和田ノ原225-3","Tiban":"225-2,225-1,225-3","group":"8班","geometry_ID":"c63799bf80","area":18.0,"auxiliary_storage_labeling_positionx":null,"auxiliary_storage_labeling_positiony":null,"auxiliary_storage_labeling_lineanchorpercent":null,"auxiliary_storage_labeling_lineanchorclipping":null,"auxiliary_storage_labeling_lineanchortype":null,"auxiliary_storage_labeling_lineanchortextpoint":null},"geometry":{"type":"MultiPolygon","coordinates":[[[[140.26881173083575,35.748439690260319],[140.269090300835757,35.74846232926032],[140.269129532835734,35.74842818826032],[140.269096263835735,35.747748319260324],[140.26890538783573,35.74773194926032],[140.26881173083575,35.748439690260319]]]]}},
{"type":"Feature","properties":{"fid":534,"polygon_uuid":"bb71e4b2-d60f-473f-b25a-9a6a0a1db124","Adress":"柏木和田ノ原226-1","Tiban":"226-1","group":"8班","geometry_ID":"bef9e939ae","area":11.0,"auxiliary_storage_labeling_positionx":null,"auxiliary_storage_labeling_positiony":null,"auxiliary_storage_labeling_lineanchorpercent":null,"auxiliary_storage_labeling_lineanchorclipping":null,"auxiliary_storage_labeling_lineanchortype":null,"auxiliary_storage_labeling_lineanchortextpoint":null},"geometry":{"type":"MultiPolygon","coordinates":[[[[140.268751289835734,35.747718731260321],[140.268667926835747,35.748428003260322],[140.26881173083575,35.748439690260319],[140.26890538783573,35.74773194926032],[140.268751289835734,35.747718731260321]]]]}},
{"type":"Feature","properties":{"fid":535,"polygon_uuid":"2138fe01-fc36-47a7-8ef9-e6f4e3aea4db","Adress":"柏木和田ノ原228","Tiban":"228","group":"8班","geometry_ID":"db17706bca","area":10.0,"auxiliary_storage_labeling_positionx":null,"auxiliary_storage_labeling_positiony":null,"auxiliary_storage_labeling_lineanchorpercent":null,"auxiliary_storage_labeling_lineanchorclipping":null,"auxiliary_storage_labeling_lineanchortype":null,"auxiliary_storage_labeling_lineanchortextpoint":null},"geometry":{"type":"MultiPolygon","coordinates":[[[[140.268104439835753,35.74838220526032],[140.268234408835752,35.74839276926032],[140.268336061835754,35.747683117260323],[140.268189257835729,35.747670525260325],[140.268104439835753,35.74838220526032]]]]}},
{"type":"Feature","properties":{"fid":536,"polygon_uuid":"d6ae19e2-b507-492c-9878-06a6d520ad7c","Adress":"柏木大境283","Tiban":"283","group":"8班","geometry_ID":"806d22349c","area":20.0,"auxiliary_storage_labeling_positionx":null,"auxiliary_storage_labeling_positiony":null,"auxiliary_storage_labeling_lineanchorpercent":null,"auxiliary_storage_labeling_lineanchorclipping":null,"auxiliary_storage_labeling_lineanchortype":null,"auxiliary_storage_labeling_lineanchortextpoint":null},"geometry":{"type":"MultiPolygon","coordinates":[[[[140.269419371835738,35.754629387260323],[140.269710486835748,35.75465056926032],[140.269756435835745,35.754183412260325],[140.269755361835735,35.754097301260323],[140.269734100835734,35.753954289260321],[140.269725037835741,35.753901855260324],[140.26951569183575,35.753887656260325],[140.269419371835738,35.754629387260323]]]]}},
{"type":"Feature","properties":{"fid":537,"polygon_uuid":"dc68eee4-49f6-4880-b770-a3ec8dad324d","Adress":"柏木大境289-1","Tiban":"289-1","group":"8班","geometry_ID":"5a544e20ff","area":21.0,"auxiliary_storage_labeling_positionx":null,"auxiliary_storage_labeling_positiony":null,"auxiliary_storage_labeling_lineanchorpercent":null,"auxiliary_storage_labeling_lineanchorclipping":null,"auxiliary_storage_labeling_lineanchortype":null,"auxiliary_storage_labeling_lineanchortextpoint":null},"geometry":{"type":"MultiPolygon","coordinates":[[[[140.268097599835755,35.753762273260321],[140.268015558835742,35.754508583260325],[140.268172529835738,35.754522359260321],[140.268297138835749,35.754533697260321],[140.268381553835752,35.753792249260322],[140.268097599835755,35.753762273260321]]]]}},
{"type":"Feature","properties":{"fid":538,"polygon_uuid":"53d2d9f5-5936-422a-8b0c-18466a889365","Adress":"柏木大境299","Tiban":"299","group":"8班","geometry_ID":"80b5c29489","area":22.0,"auxiliary_storage_labeling_positionx":null,"auxiliary_storage_labeling_positiony":null,"auxiliary_storage_labeling_lineanchorpercent":null,"auxiliary_storage_labeling_lineanchorclipping":null,"auxiliary_storage_labeling_lineanchortype":null,"auxiliary_storage_labeling_lineanchortextpoint":null},"geometry":{"type":"MultiPolygon","coordinates":[[[[140.268572340835732,35.754580988260322],[140.268299539835738,35.754555638260321],[140.268203618835742,35.755352676260323],[140.268473177835745,35.755357658260323],[140.268572340835732,35.754580988260322]]]]}},
{"type":"Feature","properties":{"fid":539,"polygon_uuid":"d5fce340-c7c6-4403-ac51-fb4e1038a355","Adress":"柏木大境266-1","Tiban":"266-1","group":"8班","geometry_ID":"1542fdaa8e","area":8.0,"auxiliary_storage_labeling_positionx":null,"auxiliary_storage_labeling_positiony":null,"auxiliary_storage_labeling_lineanchorpercent":null,"auxiliary_storage_labeling_lineanchorclipping":null,"auxiliary_storage_labeling_lineanchortype":null,"auxiliary_storage_labeling_lineanchortextpoint":null},"geometry":{"type":"MultiPolygon","coordinates":[[[[140.269245601835735,35.753071492260325],[140.269356896835745,35.753080843260321],[140.269438035835748,35.752423251260325],[140.269440722835753,35.752380374260326],[140.269317967835747,35.752371293260325],[140.269245601835735,35.753071492260325]]]]}},
{"type":"Feature","properties":{"fid":540,"polygon_uuid":"8d1cf307-b7e7-48e7-b1fe-9b2536337f90","Adress":"柏木和田ノ原248-1,柏木和田ノ原248-2","Tiban":"248-1,248-2","group":"8班","geometry_ID":"450577f283","area":10.0,"auxiliary_storage_labeling_positionx":null,"auxiliary_storage_labeling_positiony":null,"auxiliary_storage_labeling_lineanchorpercent":null,"auxiliary_storage_labeling_lineanchorclipping":null,"auxiliary_storage_labeling_lineanchortype":null,"auxiliary_storage_labeling_lineanchortextpoint":null},"geometry":{"type":"MultiPolygon","coordinates":[[[[140.268890557835732,35.751213376260324],[140.268902085835748,35.750783712260322],[140.26880546983574,35.750774816260325],[140.26870211283574,35.751501160260325],[140.268885285835751,35.751518654260323],[140.268890557835732,35.751213376260324]]]]}},
{"type":"Feature","properties":{"fid":541,"polygon_uuid":"d57ed2bf-9913-4a52-9614-7454863dd802","Adress":"柏木和田ノ原251-1","Tiban":"251-1","group":"8班","geometry_ID":"265d715e2c","area":20.0,"auxiliary_storage_labeling_positionx":null,"auxiliary_storage_labeling_positiony":null,"auxiliary_storage_labeling_lineanchorpercent":null,"auxiliary_storage_labeling_lineanchorclipping":null,"auxiliary_storage_labeling_lineanchortype":null,"auxiliary_storage_labeling_lineanchortextpoint":null},"geometry":{"type":"MultiPolygon","coordinates":[[[[140.268139154835751,35.751447394260325],[140.268244294835739,35.75072314026032],[140.267959280835754,35.750696893260326],[140.267872597835748,35.751421935260325],[140.268139154835751,35.751447394260325]]]]}},
{"type":"Feature","properties":{"fid":542,"polygon_uuid":"69c620ef-b21c-4a3f-939d-6b5b2e4ef86f","Adress":"柏木和田ノ原258-1,柏木和田ノ原257-2","Tiban":"258-1,257-2","group":"8班","geometry_ID":"5502ded13a","area":19.0,"auxiliary_storage_labeling_positionx":null,"auxiliary_storage_labeling_positiony":null,"auxiliary_storage_labeling_lineanchorpercent":null,"auxiliary_storage_labeling_lineanchorclipping":null,"auxiliary_storage_labeling_lineanchortype":null,"auxiliary_storage_labeling_lineanchortextpoint":null},"geometry":{"type":"MultiPolygon","coordinates":[[[[140.268886901835742,35.752238575260321],[140.268974758835753,35.75155039626032],[140.268706988835731,35.751525218260326],[140.268619824835753,35.752239736260321],[140.268889749835751,35.752266862260321],[140.268886901835742,35.752238575260321]]]]}},
{"type":"Feature","properties":{"fid":543,"polygon_uuid":"403d3441-6684-40b3-b516-d665bf39d00d","Adress":"柏木和田ノ原260-1","Tiban":"260-1","group":"8班","geometry_ID":"57e53d9368","area":12.0,"auxiliary_storage_labeling_positionx":null,"auxiliary_storage_labeling_positiony":null,"auxiliary_storage_labeling_lineanchorpercent":null,"auxiliary_storage_labeling_lineanchorclipping":null,"auxiliary_storage_labeling_lineanchortype":null,"auxiliary_storage_labeling_lineanchortextpoint":null},"geometry":{"type":"MultiPolygon","coordinates":[[[[140.269164615835734,35.752288343260325],[140.26933182983575,35.752304443260321],[140.269422199835731,35.751583604260325],[140.269249705835733,35.751573345260326],[140.269164615835734,35.752288343260325]]]]}},
{"type":"Feature","properties":{"fid":544,"polygon_uuid":"49eddfe0-1ed7-4f6e-b88f-778bfaa0b762","Adress":"柏木和田ノ原217-1","Tiban":"217-1","group":"8班","geometry_ID":"f34746752b","area":17.0,"auxiliary_storage_labeling_positionx":null,"auxiliary_storage_labeling_positiony":null,"auxiliary_storage_labeling_lineanchorpercent":null,"auxiliary_storage_labeling_lineanchorclipping":null,"auxiliary_storage_labeling_lineanchortype":null,"auxiliary_storage_labeling_lineanchortextpoint":null},"geometry":{"type":"MultiPolygon","coordinates":[[[[140.269035921835751,35.746933102260321],[140.269498672835738,35.746259322260322],[140.269455841835736,35.746235378260323],[140.269084301835733,35.74620485626032],[140.26899627283575,35.746929317260324],[140.269035921835751,35.746933102260321]]]]}},
{"type":"Feature","properties":{"fid":545,"polygon_uuid":"e4656457-7c28-42ef-83e0-a61465df74a6","Adress":"柏木和田ノ原219-1,柏木和田ノ原219-3,柏木和田ノ原219-2","Tiban":"219-1,219-3,219-2","group":"8班","geometry_ID":"52470d87f8","area":21.0,"auxiliary_storage_labeling_positionx":null,"auxiliary_storage_labeling_positiony":null,"auxiliary_storage_labeling_lineanchorpercent":null,"auxiliary_storage_labeling_lineanchorclipping":null,"auxiliary_storage_labeling_lineanchortype":null,"auxiliary_storage_labeling_lineanchortextpoint":null},"geometry":{"type":"MultiPolygon","coordinates":[[[[140.268816936835748,35.746182891260325],[140.268532636835744,35.746159533260325],[140.268451199835738,35.746877275260324],[140.268733253835734,35.746904205260321],[140.268816936835748,35.746182891260325]]]]}},
{"type":"Feature","properties":{"fid":546,"polygon_uuid":"af27af97-f254-4544-b82e-178d71c06f24","Adress":"柏木和田ノ原222","Tiban":"222","group":"8班","geometry_ID":"3040b744ca","area":20.0,"auxiliary_storage_labeling_positionx":null,"auxiliary_storage_labeling_positiony":null,"auxiliary_storage_labeling_lineanchorpercent":null,"auxiliary_storage_labeling_lineanchorclipping":null,"auxiliary_storage_labeling_lineanchortype":null,"auxiliary_storage_labeling_lineanchortextpoint":null},"geometry":{"type":"MultiPolygon","coordinates":[[[[140.268723638835752,35.746927313260322],[140.268451966835755,35.74690027626032],[140.268343147835736,35.74761850926032],[140.268621216835754,35.747646121260324],[140.268723638835752,35.746927313260322]]]]}},
{"type":"Feature","properties":{"fid":547,"polygon_uuid":"8772ddfb-e209-4cbe-8e15-c807edf6c6a5","Adress":"柏木和田ノ原220","Tiban":"220","group":"8班","geometry_ID":"c43ed7d3e1","area":10.0,"auxiliary_storage_labeling_positionx":null,"auxiliary_storage_labeling_positiony":null,"auxiliary_storage_labeling_lineanchorpercent":null,"auxiliary_storage_labeling_lineanchorclipping":null,"auxiliary_storage_labeling_lineanchortype":null,"auxiliary_storage_labeling_lineanchortextpoint":null},"geometry":{"type":"MultiPolygon","coordinates":[[[[140.268451199835738,35.746877275260324],[140.268532636835744,35.746159533260325],[140.268394421835751,35.746148179260324],[140.268306342835729,35.746863445260324],[140.268451199835738,35.746877275260324]]]]}},
{"type":"Feature","properties":{"fid":548,"polygon_uuid":"5cc028dc-345e-4152-93b4-70586a568d74","Adress":"柏木和田ノ原226-2","Tiban":"226-2","group":"8班","geometry_ID":"39dfec33f2","area":10.0,"auxiliary_storage_labeling_positionx":null,"auxiliary_storage_labeling_positiony":null,"auxiliary_storage_labeling_lineanchorpercent":null,"auxiliary_storage_labeling_lineanchorclipping":null,"auxiliary_storage_labeling_lineanchortype":null,"auxiliary_storage_labeling_lineanchortextpoint":null},"geometry":{"type":"MultiPolygon","coordinates":[[[[140.26861121883573,35.747706718260325],[140.268533902835742,35.74841711026032],[140.268667926835747,35.748428003260322],[140.268751289835734,35.747718731260321],[140.26861121883573,35.747706718260325]]]]}},
{"type":"Feature","properties":{"fid":549,"polygon_uuid":"e5982f85-8bd3-42b8-972a-a8c4734197f5","Adress":"柏木和田ノ原227-2","Tiban":"227-2","group":"8班","geometry_ID":"b5d86d9abe","area":10.0,"auxiliary_storage_labeling_positionx":null,"auxiliary_storage_labeling_positiony":null,"auxiliary_storage_labeling_lineanchorpercent":null,"auxiliary_storage_labeling_lineanchorclipping":null,"auxiliary_storage_labeling_lineanchortype":null,"auxiliary_storage_labeling_lineanchortextpoint":null},"geometry":{"type":"MultiPolygon","coordinates":[[[[140.268336061835754,35.747683117260323],[140.268234408835752,35.74839276926032],[140.268378761835748,35.748404501260325],[140.268472035835742,35.747694780260325],[140.268336061835754,35.747683117260323]]]]}},
{"type":"Feature","properties":{"fid":550,"polygon_uuid":"a7eede50-0d14-4295-863c-8eba8767f539","Adress":"印旛沼新田107,印旛沼新田106","Tiban":"107,106","group":"8班","geometry_ID":"deda22748e","area":25.0,"auxiliary_storage_labeling_positionx":null,"auxiliary_storage_labeling_positiony":null,"auxiliary_storage_labeling_lineanchorpercent":null,"auxiliary_storage_labeling_lineanchorclipping":null,"auxiliary_storage_labeling_lineanchortype":null,"auxiliary_storage_labeling_lineanchortextpoint":null},"geometry":{"type":"MultiPolygon","coordinates":[[[[140.266021339835731,35.747158323260322],[140.26601526883573,35.747250532260324],[140.266011186835755,35.747305504260325],[140.265998374835732,35.747365826260321],[140.265946894835736,35.747564569260319],[140.266154227835756,35.747607491260325],[140.266414512835752,35.746720004260325],[140.26605360283574,35.746645861260326],[140.266021339835731,35.747158323260322]]]]}},
{"type":"Feature","properties":{"fid":551,"polygon_uuid":"342d8a36-fa04-4fce-ae52-c775528aa56d","Adress":"印旛沼新田56","Tiban":"56","group":"8班","geometry_ID":"51c4d0a514","area":30.0,"auxiliary_storage_labeling_positionx":null,"auxiliary_storage_labeling_positiony":null,"auxiliary_storage_labeling_lineanchorpercent":null,"auxiliary_storage_labeling_lineanchorclipping":null,"auxiliary_storage_labeling_lineanchortype":null,"auxiliary_storage_labeling_lineanchortextpoint":null},"geometry":{"type":"MultiPolygon","coordinates":[[[[140.265181787835729,35.751351474260325],[140.264906365835742,35.752228213260324],[140.265230678835735,35.752294748260326],[140.265492083835738,35.751412125260323],[140.265181787835729,35.751351474260325]]]]}},
{"type":"Feature","properties":{"fid":552,"polygon_uuid":"5d4edb0f-2bff-4e69-9dec-4a8092450e5b","Adress":"印旛沼新田37","Tiban":"37","group":"8班","geometry_ID":"1fb5786a15","area":30.0,"auxiliary_storage_labeling_positionx":null,"auxiliary_storage_labeling_positiony":null,"auxiliary_storage_labeling_lineanchorpercent":null,"auxiliary_storage_labeling_lineanchorclipping":null,"auxiliary_storage_labeling_lineanchortype":null,"auxiliary_storage_labeling_lineanchortextpoint":null},"geometry":{"type":"MultiPolygon","coordinates":[[[[140.265916002835752,35.753419866260323],[140.266234603835755,35.753485459260325],[140.266516233835745,35.75260009526032],[140.266198987835736,35.752532835260325],[140.265916002835752,35.753419866260323]]]]}},
{"type":"Feature","properties":{"fid":553,"polygon_uuid":"8e548a26-443f-42b5-bb78-54fca232b06c","Adress":"印旛沼新田34","Tiban":"34","group":"8班","geometry_ID":"e2f99d64bb","area":30.0,"auxiliary_storage_labeling_positionx":null,"auxiliary_storage_labeling_positiony":null,"auxiliary_storage_labeling_lineanchorpercent":null,"auxiliary_storage_labeling_lineanchorclipping":null,"auxiliary_storage_labeling_lineanchortype":null,"auxiliary_storage_labeling_lineanchortextpoint":null},"geometry":{"type":"MultiPolygon","coordinates":[[[[140.26495549583575,35.753222110260324],[140.265278872835751,35.75328869026032],[140.265537006835729,35.752402767260321],[140.265226632835748,35.752339184260322],[140.26495549583575,35.753222110260324]]]]}},
{"type":"Feature","properties":{"fid":554,"polygon_uuid":null,"Adress":"印旛沼新田125","Tiban":"125","group":"8班","geometry_ID":"4b59845e2d","area":24.0,"auxiliary_storage_labeling_positionx":null,"auxiliary_storage_labeling_positiony":null,"auxiliary_storage_labeling_lineanchorpercent":null,"auxiliary_storage_labeling_lineanchorclipping":null,"auxiliary_storage_labeling_lineanchortype":null,"auxiliary_storage_labeling_lineanchortextpoint":null},"geometry":{"type":"MultiPolygon","coordinates":[[[[140.268101742472339,35.746989483038988],[140.267907664057759,35.746212103015658],[140.26757922366383,35.746269686721092],[140.267745576590642,35.74690310748084],[140.268101742472339,35.746989483038988]]]]}},
{"type":"Feature","properties":{"fid":555,"polygon_uuid":"a5873463-3f61-4c41-9941-272c5ba80c26","Adress":"印西市平賀干拓1160,印西市平賀干拓555","Tiban":"1160,555","group":"9班","geometry_ID":"8f33b40713","area":61.0,"auxiliary_storage_labeling_positionx":null,"auxiliary_storage_labeling_positiony":null,"auxiliary_storage_labeling_lineanchorpercent":null,"auxiliary_storage_labeling_lineanchorclipping":null,"auxiliary_storage_labeling_lineanchortype":null,"auxiliary_storage_labeling_lineanchortextpoint":null},"geometry":{"type":"MultiPolygon","coordinates":[[[[140.262879054835736,35.746833197260322],[140.263531309835741,35.74696631826032],[140.263793915835748,35.74607758426032],[140.263154610835755,35.745944969260321],[140.262879054835736,35.746833197260322]]]]}},
{"type":"Feature","properties":{"fid":556,"polygon_uuid":"b09ead02-e804-46fc-8513-3233710d260c","Adress":"印西市平賀干拓313","Tiban":"313","group":"9班","geometry_ID":"97462b3277","area":31.0,"auxiliary_storage_labeling_positionx":null,"auxiliary_storage_labeling_positiony":null,"auxiliary_storage_labeling_lineanchorpercent":null,"auxiliary_storage_labeling_lineanchorclipping":null,"auxiliary_storage_labeling_lineanchortype":null,"auxiliary_storage_labeling_lineanchortextpoint":null},"geometry":{"type":"MultiPolygon","coordinates":[[[[140.259790548835753,35.757065200260321],[140.259518995835748,35.757957108260321],[140.259839294835729,35.758022176260326],[140.260114855835752,35.757128631260322],[140.259790548835753,35.757065200260321]]]]}},
{"type":"Feature","properties":{"fid":557,"polygon_uuid":"d0c9a0a3-e2b3-426a-a916-4eecbbe51be8","Adress":"印西市平賀干拓314","Tiban":"314","group":"9班","geometry_ID":"3842b3e485","area":30.0,"auxiliary_storage_labeling_positionx":null,"auxiliary_storage_labeling_positiony":null,"auxiliary_storage_labeling_lineanchorpercent":null,"auxiliary_storage_labeling_lineanchorclipping":null,"auxiliary_storage_labeling_lineanchortype":null,"auxiliary_storage_labeling_lineanchortextpoint":null},"geometry":{"type":"MultiPolygon","coordinates":[[[[140.260114855835752,35.757128631260322],[140.259839294835729,35.758022176260326],[140.260161940835729,35.758085970260325],[140.260430460835749,35.757192117260324],[140.260114855835752,35.757128631260322]]]]}},
{"type":"Feature","properties":{"fid":558,"polygon_uuid":"ae267b18-8974-43fb-9274-f16fda1d3d24","Adress":"印西市平賀干拓315","Tiban":"315","group":"9班","geometry_ID":"20cddc9e8c","area":31.0,"auxiliary_storage_labeling_positionx":null,"auxiliary_storage_labeling_positiony":null,"auxiliary_storage_labeling_lineanchorpercent":null,"auxiliary_storage_labeling_lineanchorclipping":null,"auxiliary_storage_labeling_lineanchortype":null,"auxiliary_storage_labeling_lineanchortextpoint":null},"geometry":{"type":"MultiPolygon","coordinates":[[[[140.260489207835747,35.758150678260321],[140.260752769835733,35.75725695026032],[140.260430460835749,35.757192117260324],[140.260161940835729,35.758085970260325],[140.260489207835747,35.758150678260321]]]]}},
{"type":"Feature","properties":{"fid":559,"polygon_uuid":"81ad810e-ae51-46c4-992e-f3edec2f867c","Adress":"印西市平賀干拓316","Tiban":"316","group":"9班","geometry_ID":"a2093e3fbb","area":30.0,"auxiliary_storage_labeling_positionx":null,"auxiliary_storage_labeling_positiony":null,"auxiliary_storage_labeling_lineanchorpercent":null,"auxiliary_storage_labeling_lineanchorclipping":null,"auxiliary_storage_labeling_lineanchortype":null,"auxiliary_storage_labeling_lineanchortextpoint":null},"geometry":{"type":"MultiPolygon","coordinates":[[[[140.260807188835741,35.758213549260326],[140.261074573835742,35.757321680260326],[140.260752769835733,35.75725695026032],[140.260489207835747,35.758150678260321],[140.260807188835741,35.758213549260326]]]]}},
{"type":"Feature","properties":{"fid":560,"polygon_uuid":"6ea9585c-e4f6-46e3-9322-12ff1a258c4f","Adress":"印西市平賀干拓317","Tiban":"317","group":"9班","geometry_ID":"1a7839513b","area":31.0,"auxiliary_storage_labeling_positionx":null,"auxiliary_storage_labeling_positiony":null,"auxiliary_storage_labeling_lineanchorpercent":null,"auxiliary_storage_labeling_lineanchorclipping":null,"auxiliary_storage_labeling_lineanchortype":null,"auxiliary_storage_labeling_lineanchortextpoint":null},"geometry":{"type":"MultiPolygon","coordinates":[[[[140.261135021835742,35.75827999026032],[140.261399971835743,35.757387133260323],[140.261074573835742,35.757321680260326],[140.260807188835741,35.758213549260326],[140.261135021835742,35.75827999026032]]]]}},
{"type":"Feature","properties":{"fid":561,"polygon_uuid":"b26b2a3d-c20a-42c9-a2e3-b60def90970e","Adress":"印西市平賀干拓541,印西市平賀干拓542","Tiban":"541,542","group":"9班","geometry_ID":"943f816657","area":41.0,"auxiliary_storage_labeling_positionx":null,"auxiliary_storage_labeling_positiony":null,"auxiliary_storage_labeling_lineanchorpercent":null,"auxiliary_storage_labeling_lineanchorclipping":null,"auxiliary_storage_labeling_lineanchortype":null,"auxiliary_storage_labeling_lineanchortextpoint":null},"geometry":{"type":"MultiPolygon","coordinates":[[[[140.263296751835753,35.74695120426032],[140.262872596835734,35.74686725926032],[140.262597751835756,35.747763075260323],[140.263026975835743,35.747850636260324],[140.263296751835753,35.74695120426032]]]]}},
{"type":"Feature","properties":{"fid":562,"polygon_uuid":"c42d6973-fa0d-4e91-a6b3-8b30843f14b6","Adress":"印西市平賀干拓556,印西市平賀干拓557","Tiban":"556,557","group":"9班","geometry_ID":"1851326a25","area":61.0,"auxiliary_storage_labeling_positionx":null,"auxiliary_storage_labeling_positiony":null,"auxiliary_storage_labeling_lineanchorpercent":null,"auxiliary_storage_labeling_lineanchorclipping":null,"auxiliary_storage_labeling_lineanchortype":null,"auxiliary_storage_labeling_lineanchortextpoint":null},"geometry":{"type":"MultiPolygon","coordinates":[[[[140.263531309835741,35.74696631826032],[140.264171296835741,35.747096812260324],[140.264438172835753,35.746210188260321],[140.263793915835748,35.74607758426032],[140.263531309835741,35.74696631826032]]]]}},
{"type":"Feature","properties":{"fid":563,"polygon_uuid":"b8ba8152-62e9-4caf-871b-e52286a3467b","Adress":"印西市平賀干拓558","Tiban":"558","group":"9班","geometry_ID":"f7723422d3","area":30.0,"auxiliary_storage_labeling_positionx":null,"auxiliary_storage_labeling_positiony":null,"auxiliary_storage_labeling_lineanchorpercent":null,"auxiliary_storage_labeling_lineanchorclipping":null,"auxiliary_storage_labeling_lineanchortype":null,"auxiliary_storage_labeling_lineanchortextpoint":null},"geometry":{"type":"MultiPolygon","coordinates":[[[[140.264438172835753,35.746210188260321],[140.264171296835741,35.747096812260324],[140.264493529835732,35.747162670260323],[140.264760308835747,35.74627635126032],[140.264438172835753,35.746210188260321]]]]}},
{"type":"Feature","properties":{"fid":564,"polygon_uuid":"98677f1c-7434-4ba3-b1cc-8e60c6fa4dc1","Adress":"印西市平賀干拓559","Tiban":"559","group":"9班","geometry_ID":"4d0420d1a7","area":31.0,"auxiliary_storage_labeling_positionx":null,"auxiliary_storage_labeling_positiony":null,"auxiliary_storage_labeling_lineanchorpercent":null,"auxiliary_storage_labeling_lineanchorclipping":null,"auxiliary_storage_labeling_lineanchortype":null,"auxiliary_storage_labeling_lineanchortextpoint":null},"geometry":{"type":"MultiPolygon","coordinates":[[[[140.264821422835752,35.747231692260321],[140.265082444835741,35.74634251426032],[140.264760308835747,35.74627635126032],[140.264493529835732,35.747162670260323],[140.264821422835752,35.747231692260321]]]]}},
{"type":"Feature","properties":{"fid":565,"polygon_uuid":"8e406524-4ea5-4dca-8075-2a7647968d35","Adress":"印西市平賀干拓560","Tiban":"560","group":"9班","geometry_ID":"59f67752dd","area":20.0,"auxiliary_storage_labeling_positionx":null,"auxiliary_storage_labeling_positiony":null,"auxiliary_storage_labeling_lineanchorpercent":null,"auxiliary_storage_labeling_lineanchorclipping":null,"auxiliary_storage_labeling_lineanchortype":null,"auxiliary_storage_labeling_lineanchortextpoint":null},"geometry":{"type":"MultiPolygon","coordinates":[[[[140.264821422835752,35.747231692260321],[140.265114975835729,35.747297160260324],[140.265131319835746,35.74721029226032],[140.265199600835729,35.74636251826032],[140.265082444835741,35.74634251426032],[140.264821422835752,35.747231692260321]]]]}},
{"type":"Feature","properties":{"fid":566,"polygon_uuid":"d09e4e59-e900-45a4-a7a5-85838316dff2","Adress":"印西市平賀干拓562","Tiban":"562","group":"9班","geometry_ID":"51d200fd59","area":40.0,"auxiliary_storage_labeling_positionx":null,"auxiliary_storage_labeling_positiony":null,"auxiliary_storage_labeling_lineanchorpercent":null,"auxiliary_storage_labeling_lineanchorclipping":null,"auxiliary_storage_labeling_lineanchortype":null,"auxiliary_storage_labeling_lineanchortextpoint":null},"geometry":{"type":"MultiPolygon","coordinates":[[[[140.264936536835734,35.74628807426032],[140.265183596835755,35.746339527260325],[140.265072196835746,35.745602255260323],[140.264968925835745,35.74515944326032],[140.264934535835749,35.745017931260321],[140.264895243835753,35.745006649260326],[140.264584499835735,35.745062591260321],[140.264936536835734,35.74628807426032]]]]}},
{"type":"Feature","properties":{"fid":567,"polygon_uuid":"cc2e8962-0962-4b79-8211-faf255c6597e","Adress":"印西市平賀干拓563","Tiban":"563","group":"9班","geometry_ID":"cafff92cf7","area":40.0,"auxiliary_storage_labeling_positionx":null,"auxiliary_storage_labeling_positiony":null,"auxiliary_storage_labeling_lineanchorpercent":null,"auxiliary_storage_labeling_lineanchorclipping":null,"auxiliary_storage_labeling_lineanchortype":null,"auxiliary_storage_labeling_lineanchortextpoint":null},"geometry":{"type":"MultiPolygon","coordinates":[[[[140.264936536835734,35.74628807426032],[140.264584499835735,35.745062591260321],[140.264251361835733,35.745123180260322],[140.264575312835746,35.746212843260324],[140.264936536835734,35.74628807426032]]]]}},
{"type":"Feature","properties":{"fid":568,"polygon_uuid":"3a2d5a85-1196-406a-a0d1-47f82c0e96bc","Adress":"印西市平賀干拓564","Tiban":"564","group":"9班","geometry_ID":"0e5736a0ed","area":34.0,"auxiliary_storage_labeling_positionx":null,"auxiliary_storage_labeling_positiony":null,"auxiliary_storage_labeling_lineanchorpercent":null,"auxiliary_storage_labeling_lineanchorclipping":null,"auxiliary_storage_labeling_lineanchortype":null,"auxiliary_storage_labeling_lineanchortextpoint":null},"geometry":{"type":"MultiPolygon","coordinates":[[[[140.263937888835756,35.745192835260326],[140.264216220835749,35.746133551260321],[140.264575312835746,35.746212843260324],[140.264251361835733,35.745123180260322],[140.263937888835756,35.745192835260326]]]]}},
{"type":"Feature","properties":{"fid":569,"polygon_uuid":"823c2d02-26f0-4a5b-973c-abc7f5c62749","Adress":"印西市平賀干拓565","Tiban":"565","group":"9班","geometry_ID":"3cb5ecf2fe","area":30.0,"auxiliary_storage_labeling_positionx":null,"auxiliary_storage_labeling_positiony":null,"auxiliary_storage_labeling_lineanchorpercent":null,"auxiliary_storage_labeling_lineanchorclipping":null,"auxiliary_storage_labeling_lineanchortype":null,"auxiliary_storage_labeling_lineanchortextpoint":null},"geometry":{"type":"MultiPolygon","coordinates":[[[[140.263601960835729,35.745255717260321],[140.263856169835748,35.746062542260326],[140.264216220835749,35.746133551260321],[140.263937888835756,35.745192835260326],[140.263601960835729,35.745255717260321]]]]}},
{"type":"Feature","properties":{"fid":570,"polygon_uuid":"ad6fd255-998b-4a53-9bdc-ae022e2c36c6","Adress":"印西市平賀干拓566","Tiban":"566","group":"9班","geometry_ID":"ee770267b3","area":25.0,"auxiliary_storage_labeling_positionx":null,"auxiliary_storage_labeling_positiony":null,"auxiliary_storage_labeling_lineanchorpercent":null,"auxiliary_storage_labeling_lineanchorclipping":null,"auxiliary_storage_labeling_lineanchortype":null,"auxiliary_storage_labeling_lineanchortextpoint":null},"geometry":{"type":"MultiPolygon","coordinates":[[[[140.263285659835731,35.745320812260324],[140.263487569835746,35.745983773260321],[140.263856169835748,35.746062542260326],[140.263601960835729,35.745255717260321],[140.263285659835731,35.745320812260324]]]]}},
{"type":"Feature","properties":{"fid":571,"polygon_uuid":"ec4800af-8a8d-40e9-b67a-7d8552a03f26","Adress":"印西市平賀干拓580","Tiban":"580","group":"9班","geometry_ID":"50ae688818","area":17.0,"auxiliary_storage_labeling_positionx":null,"auxiliary_storage_labeling_positiony":null,"auxiliary_storage_labeling_lineanchorpercent":null,"auxiliary_storage_labeling_lineanchorclipping":null,"auxiliary_storage_labeling_lineanchortype":null,"auxiliary_storage_labeling_lineanchortextpoint":null},"geometry":{"type":"MultiPolygon","coordinates":[[[[140.264296345835731,35.745074954260325],[140.264571151835753,35.745021012260324],[140.264371842835743,35.744371192260324],[140.264299229835729,35.744428778260321],[140.264186835835744,35.744510553260326],[140.264126347835742,35.744560301260321],[140.264296345835731,35.745074954260325]]]]}},
{"type":"Feature","properties":{"fid":572,"polygon_uuid":"50e74b18-ccec-45ad-b29f-b8ddbf25af54","Adress":"印西市平賀干拓581","Tiban":"581","group":"9班","geometry_ID":"4f628a5e9a","area":14.0,"auxiliary_storage_labeling_positionx":null,"auxiliary_storage_labeling_positiony":null,"auxiliary_storage_labeling_lineanchorpercent":null,"auxiliary_storage_labeling_lineanchorclipping":null,"auxiliary_storage_labeling_lineanchortype":null,"auxiliary_storage_labeling_lineanchortextpoint":null},"geometry":{"type":"MultiPolygon","coordinates":[[[[140.264571151835753,35.745021012260324],[140.264757899835729,35.744984356260325],[140.264541143835743,35.744222713260321],[140.264480693835736,35.744279536260322],[140.264420224835732,35.744332822260326],[140.264371842835743,35.744371192260324],[140.264571151835753,35.745021012260324]]]]}},
{"type":"Feature","properties":{"fid":573,"polygon_uuid":"5fe328dd-ae95-4e9c-9090-8fc5119f8fe6","Adress":"印旛沼新田218","Tiban":"218","group":"11班","geometry_ID":"088386c5ce","area":10.0,"auxiliary_storage_labeling_positionx":null,"auxiliary_storage_labeling_positiony":null,"auxiliary_storage_labeling_lineanchorpercent":null,"auxiliary_storage_labeling_lineanchorclipping":null,"auxiliary_storage_labeling_lineanchortype":null,"auxiliary_storage_labeling_lineanchortextpoint":null},"geometry":{"type":"MultiPolygon","coordinates":[[[[140.266011626835734,35.741414666260326],[140.265912060835745,35.741483236260322],[140.266570606835757,35.742064453260326],[140.266651466835754,35.74197510826032],[140.266011626835734,35.741414666260326]]]]}},
{"type":"Feature","properties":{"fid":574,"polygon_uuid":"ddab7e0c-49a7-4cac-916b-b319400b3513","Adress":"中川西方531-6","Tiban":"531-6","group":"11班","geometry_ID":"051a10958e","area":17.0,"auxiliary_storage_labeling_positionx":null,"auxiliary_storage_labeling_positiony":null,"auxiliary_storage_labeling_lineanchorpercent":null,"auxiliary_storage_labeling_lineanchorclipping":null,"auxiliary_storage_labeling_lineanchortype":null,"auxiliary_storage_labeling_lineanchortextpoint":null},"geometry":{"type":"MultiPolygon","coordinates":[[[[140.266103515835738,35.739084416260326],[140.266278447835731,35.738955523260323],[140.26567485283573,35.73841678326032],[140.265503077835746,35.738545371260322],[140.266103515835738,35.739084416260326]]]]}},
{"type":"Feature","properties":{"fid":575,"polygon_uuid":"09e46ab7-2a79-4ef4-9332-ddb0c82c99c2","Adress":"墨笠原1640-2","Tiban":"1640-2","group":"2班","geometry_ID":"18fd726d5e","area":18.0,"auxiliary_storage_labeling_positionx":null,"auxiliary_storage_labeling_positiony":null,"auxiliary_storage_labeling_lineanchorpercent":null,"auxiliary_storage_labeling_lineanchorclipping":null,"auxiliary_storage_labeling_lineanchortype":null,"auxiliary_storage_labeling_lineanchortextpoint":null},"geometry":{"type":"MultiPolygon","coordinates":[[[[140.274803129835732,35.711808112260321],[140.27483585783574,35.711777586260325],[140.274918848835739,35.711714679260325],[140.275044841835751,35.711496003260322],[140.274667875835746,35.71129128826032],[140.274452973835736,35.71151788126032],[140.27445014883574,35.711571313260322],[140.274450387835742,35.711614556260322],[140.274803129835732,35.711808112260321]]]]}},
{"type":"Feature","properties":{"fid":576,"polygon_uuid":"18e590ec-54ea-478e-8c7f-0da87ba46b9c","Adress":"墨高田418,墨高田419","Tiban":"418,419","group":"2班","geometry_ID":"1482bedc48","area":9.0,"auxiliary_storage_labeling_positionx":null,"auxiliary_storage_labeling_positiony":null,"auxiliary_storage_labeling_lineanchorpercent":null,"auxiliary_storage_labeling_lineanchorclipping":null,"auxiliary_storage_labeling_lineanchortype":null,"auxiliary_storage_labeling_lineanchortextpoint":null},"geometry":{"type":"MultiPolygon","coordinates":[[[[140.276730511835751,35.71720052226032],[140.276501886835746,35.717547877260323],[140.276524306835739,35.71755608926032],[140.276690744835747,35.717492442260323],[140.276846878835755,35.71744178726032],[140.277028223835742,35.71738042426032],[140.277104328835748,35.717356146260322],[140.276730511835751,35.71720052226032]]]]}},
{"type":"Feature","properties":{"fid":577,"polygon_uuid":"1295e82c-5583-4f47-b8c1-6e445a45e657","Adress":"墨高田420","Tiban":"420","group":"2班","geometry_ID":"7628ceee2c","area":13.0,"auxiliary_storage_labeling_positionx":null,"auxiliary_storage_labeling_positiony":null,"auxiliary_storage_labeling_lineanchorpercent":null,"auxiliary_storage_labeling_lineanchorclipping":null,"auxiliary_storage_labeling_lineanchortype":null,"auxiliary_storage_labeling_lineanchortextpoint":null},"geometry":{"type":"MultiPolygon","coordinates":[[[[140.277572563835747,35.717319027260324],[140.277064740835755,35.717078030260325],[140.276856779835754,35.716989222260324],[140.276730511835751,35.71720052226032],[140.277104328835748,35.717356146260322],[140.277152775835731,35.717340691260326],[140.277248939835744,35.717313559260326],[140.277345027835736,35.717298531260326],[140.277415440835739,35.717293347260323],[140.27748592483573,35.717301294260324],[140.277572563835747,35.717319027260324]]]]}},
{"type":"Feature","properties":{"fid":578,"polygon_uuid":"b2ff1be7-6299-4e7a-80ed-64f8ccdfa162","Adress":"墨高田421","Tiban":"421","group":"2班","geometry_ID":"7236de3468","area":15.0,"auxiliary_storage_labeling_positionx":null,"auxiliary_storage_labeling_positiony":null,"auxiliary_storage_labeling_lineanchorpercent":null,"auxiliary_storage_labeling_lineanchorclipping":null,"auxiliary_storage_labeling_lineanchortype":null,"auxiliary_storage_labeling_lineanchortextpoint":null},"geometry":{"type":"MultiPolygon","coordinates":[[[[140.277768152835733,35.717123704260324],[140.277197387835741,35.716879857260324],[140.277064740835755,35.717078030260325],[140.277572563835747,35.717319027260324],[140.277616718835731,35.717324975260325],[140.27765126883574,35.717319871260322],[140.277768152835733,35.717123704260324]]]]}},
{"type":"Feature","properties":{"fid":579,"polygon_uuid":"16f5bc4e-bbd0-414a-92d0-bee3e1448573","Adress":"墨高田422","Tiban":"422","group":"2班","geometry_ID":"ab9664b6d9","area":20.0,"auxiliary_storage_labeling_positionx":null,"auxiliary_storage_labeling_positiony":null,"auxiliary_storage_labeling_lineanchorpercent":null,"auxiliary_storage_labeling_lineanchorclipping":null,"auxiliary_storage_labeling_lineanchortype":null,"auxiliary_storage_labeling_lineanchortextpoint":null},"geometry":{"type":"MultiPolygon","coordinates":[[[[140.277895196835743,35.716925842260324],[140.277119821835754,35.716589969260326],[140.276990193835729,35.716793266260325],[140.277197387835741,35.716879857260324],[140.277768152835733,35.717123704260324],[140.277895196835743,35.716925842260324]]]]}},
{"type":"Feature","properties":{"fid":580,"polygon_uuid":"9e9f665d-e233-4497-9dd8-93626ee36fe0","Adress":"墨高田423","Tiban":"423","group":"2班","geometry_ID":"41bf86c63d","area":20.0,"auxiliary_storage_labeling_positionx":null,"auxiliary_storage_labeling_positiony":null,"auxiliary_storage_labeling_lineanchorpercent":null,"auxiliary_storage_labeling_lineanchorclipping":null,"auxiliary_storage_labeling_lineanchortype":null,"auxiliary_storage_labeling_lineanchortextpoint":null},"geometry":{"type":"MultiPolygon","coordinates":[[[[140.278030357835746,35.71672463126032],[140.277250813835735,35.716384535260325],[140.277119821835754,35.716589969260326],[140.277895196835743,35.716925842260324],[140.278030357835746,35.71672463126032]]]]}},
{"type":"Feature","properties":{"fid":581,"polygon_uuid":"fefd89cf-69d1-4b37-95c0-99fe4f0bceae","Adress":"墨高田424,墨高田425","Tiban":"424,425","group":"2班","geometry_ID":"7c81f650c8","area":23.0,"auxiliary_storage_labeling_positionx":null,"auxiliary_storage_labeling_positiony":null,"auxiliary_storage_labeling_lineanchorpercent":null,"auxiliary_storage_labeling_lineanchorclipping":null,"auxiliary_storage_labeling_lineanchortype":null,"auxiliary_storage_labeling_lineanchortextpoint":null},"geometry":{"type":"MultiPolygon","coordinates":[[[[140.277250813835735,35.716384535260325],[140.278030357835746,35.71672463126032],[140.278274679835732,35.716365430260325],[140.278198077835754,35.716367499260322],[140.278071130835741,35.71636975226032],[140.277968212835731,35.716362992260322],[140.277863094835737,35.716354455260323],[140.277777668835739,35.716344060260326],[140.277674690835738,35.716326589260326],[140.277538838835738,35.716302097260325],[140.277424897835743,35.716281096260325],[140.277339331835748,35.71624570926032],[140.277250813835735,35.716384535260325]]]]}},
{"type":"Feature","properties":{"fid":582,"polygon_uuid":"a07a5a4a-9525-4432-a4e8-a51a577f2f26","Adress":"墨高田428-1","Tiban":"428-1","group":"2班","geometry_ID":"f25961ecfa","area":9.0,"auxiliary_storage_labeling_positionx":null,"auxiliary_storage_labeling_positiony":null,"auxiliary_storage_labeling_lineanchorpercent":null,"auxiliary_storage_labeling_lineanchorclipping":null,"auxiliary_storage_labeling_lineanchortype":null,"auxiliary_storage_labeling_lineanchortextpoint":null},"geometry":{"type":"MultiPolygon","coordinates":[[[[140.278629346835743,35.716323195260323],[140.278520740835745,35.716346201260322],[140.278405041835754,35.716359388260322],[140.279133822835746,35.716674021260324],[140.279198597835745,35.716571081260319],[140.278629346835743,35.716323195260323]]]]}},
{"type":"Feature","properties":{"fid":583,"polygon_uuid":"63296a27-0d12-4dca-95b3-8296656d729f","Adress":"墨高田429-1","Tiban":"429-1","group":"2班","geometry_ID":"97f5b4bdd5","area":21.0,"auxiliary_storage_labeling_positionx":null,"auxiliary_storage_labeling_positiony":null,"auxiliary_storage_labeling_lineanchorpercent":null,"auxiliary_storage_labeling_lineanchorclipping":null,"auxiliary_storage_labeling_lineanchortype":null,"auxiliary_storage_labeling_lineanchortextpoint":null},"geometry":{"type":"MultiPolygon","coordinates":[[[[140.278315800835742,35.716371751260326],[140.278200832835751,35.716546347260326],[140.279006379835749,35.716876552260324],[140.279133822835746,35.716674021260324],[140.278405041835754,35.716359388260322],[140.278315800835742,35.716371751260326]]]]}},
{"type":"Feature","properties":{"fid":584,"polygon_uuid":"05f1e935-14dd-4d6d-9db7-f1e319441946","Adress":"墨高田430","Tiban":"430","group":"2班","geometry_ID":"6ddab528fa","area":20.0,"auxiliary_storage_labeling_positionx":null,"auxiliary_storage_labeling_positiony":null,"auxiliary_storage_labeling_lineanchorpercent":null,"auxiliary_storage_labeling_lineanchorclipping":null,"auxiliary_storage_labeling_lineanchortype":null,"auxiliary_storage_labeling_lineanchortextpoint":null},"geometry":{"type":"MultiPolygon","coordinates":[[[[140.278200832835751,35.716546347260326],[140.278078174835741,35.716738093260325],[140.27887800183575,35.717080566260321],[140.279006379835749,35.716876552260324],[140.278200832835751,35.716546347260326]]]]}},
{"type":"Feature","properties":{"fid":585,"polygon_uuid":"cc74866c-7bfc-4568-8ac0-eb2782f398c0","Adress":"墨高田431-1","Tiban":"431-1","group":"2班","geometry_ID":"227ed603b8","area":21.0,"auxiliary_storage_labeling_positionx":null,"auxiliary_storage_labeling_positiony":null,"auxiliary_storage_labeling_lineanchorpercent":null,"auxiliary_storage_labeling_lineanchorclipping":null,"auxiliary_storage_labeling_lineanchortype":null,"auxiliary_storage_labeling_lineanchortextpoint":null},"geometry":{"type":"MultiPolygon","coordinates":[[[[140.278078174835741,35.716738093260325],[140.277944712835733,35.71693824626032],[140.278753007835746,35.717280088260324],[140.27887800183575,35.717080566260321],[140.278078174835741,35.716738093260325]]]]}},
{"type":"Feature","properties":{"fid":586,"polygon_uuid":"8f122c27-a61c-49b7-9580-e10a844dc424","Adress":"墨高田432-1","Tiban":"432-1","group":"2班","geometry_ID":"cc090a7313","area":14.0,"auxiliary_storage_labeling_positionx":null,"auxiliary_storage_labeling_positiony":null,"auxiliary_storage_labeling_lineanchorpercent":null,"auxiliary_storage_labeling_lineanchorclipping":null,"auxiliary_storage_labeling_lineanchortype":null,"auxiliary_storage_labeling_lineanchortextpoint":null},"geometry":{"type":"MultiPolygon","coordinates":[[[[140.277850231835743,35.71707660226032],[140.278665724835747,35.717418156260322],[140.278753007835746,35.717280088260324],[140.277944712835733,35.71693824626032],[140.277850231835743,35.71707660226032]]]]}},
{"type":"Feature","properties":{"fid":587,"polygon_uuid":"880994af-7a89-4ac9-a3e0-14b3a641fa2d","Adress":"墨高田433,墨高田434","Tiban":"433,434","group":"2班","geometry_ID":"b9e7b89305","area":10.0,"auxiliary_storage_labeling_positionx":null,"auxiliary_storage_labeling_positiony":null,"auxiliary_storage_labeling_lineanchorpercent":null,"auxiliary_storage_labeling_lineanchorclipping":null,"auxiliary_storage_labeling_lineanchortype":null,"auxiliary_storage_labeling_lineanchortextpoint":null},"geometry":{"type":"MultiPolygon","coordinates":[[[[140.278565727835741,35.717577159260323],[140.278631778835745,35.717471854260324],[140.277807196835738,35.717139622260326],[140.277756124835747,35.717229029260324],[140.278565727835741,35.717577159260323]]]]}},
{"type":"Feature","properties":{"fid":588,"polygon_uuid":"439e57ae-a337-49cc-92a5-1d0dd8a44061","Adress":"墨高田440","Tiban":"440","group":"2班","geometry_ID":"5bbf288941","area":20.0,"auxiliary_storage_labeling_positionx":null,"auxiliary_storage_labeling_positiony":null,"auxiliary_storage_labeling_lineanchorpercent":null,"auxiliary_storage_labeling_lineanchorclipping":null,"auxiliary_storage_labeling_lineanchortype":null,"auxiliary_storage_labeling_lineanchortextpoint":null},"geometry":{"type":"MultiPolygon","coordinates":[[[[140.27942705083575,35.717845768260325],[140.279545954835754,35.71764793426032],[140.278787222835746,35.717304921260322],[140.278655627835747,35.717508647260324],[140.27942705083575,35.717845768260325]]]]}},
{"type":"Feature","properties":{"fid":589,"polygon_uuid":"df7efb2e-e87d-49b5-820c-6a437632ed53","Adress":"墨高田441","Tiban":"441","group":"2班","geometry_ID":"b56c53c95e","area":19.0,"auxiliary_storage_labeling_positionx":null,"auxiliary_storage_labeling_positiony":null,"auxiliary_storage_labeling_lineanchorpercent":null,"auxiliary_storage_labeling_lineanchorclipping":null,"auxiliary_storage_labeling_lineanchortype":null,"auxiliary_storage_labeling_lineanchortextpoint":null},"geometry":{"type":"MultiPolygon","coordinates":[[[[140.279678014835753,35.717438107260321],[140.278905242835748,35.717121961260325],[140.278787222835746,35.717304921260322],[140.279545954835754,35.71764793426032],[140.279678014835753,35.717438107260321]]]]}},
{"type":"Feature","properties":{"fid":590,"polygon_uuid":"a2dd1c8c-32bb-468e-b310-eb422281d25a","Adress":"墨高田442","Tiban":"442","group":"2班","geometry_ID":"ab2747c476","area":22.0,"auxiliary_storage_labeling_positionx":null,"auxiliary_storage_labeling_positiony":null,"auxiliary_storage_labeling_lineanchorpercent":null,"auxiliary_storage_labeling_lineanchorclipping":null,"auxiliary_storage_labeling_lineanchortype":null,"auxiliary_storage_labeling_lineanchortextpoint":null},"geometry":{"type":"MultiPolygon","coordinates":[[[[140.279823285835732,35.717226904260322],[140.279050280835747,35.716897111260323],[140.278905242835748,35.717121961260325],[140.279678014835753,35.717438107260321],[140.279823285835732,35.717226904260322]]]]}},
{"type":"Feature","properties":{"fid":591,"polygon_uuid":"4395dcff-2af1-490d-907d-f67e9ecc1101","Adress":"墨高田444","Tiban":"444","group":"2班","geometry_ID":"cc35a08f76","area":11.0,"auxiliary_storage_labeling_positionx":null,"auxiliary_storage_labeling_positiony":null,"auxiliary_storage_labeling_lineanchorpercent":null,"auxiliary_storage_labeling_lineanchorclipping":null,"auxiliary_storage_labeling_lineanchortype":null,"auxiliary_storage_labeling_lineanchortextpoint":null},"geometry":{"type":"MultiPolygon","coordinates":[[[[140.280026976835757,35.716914300260321],[140.279277146835739,35.716617671260323],[140.279238084835754,35.71660355126032],[140.279164649835735,35.716711810260321],[140.279946283835756,35.717034030260322],[140.280026976835757,35.716914300260321]]]]}},
{"type":"Feature","properties":{"fid":592,"polygon_uuid":"f25f818c-3743-4c7c-93e1-401c2dffcf0c","Adress":"墨高田445,墨高田446","Tiban":"445,446","group":"2班","geometry_ID":"6b7a233c46","area":30.0,"auxiliary_storage_labeling_positionx":null,"auxiliary_storage_labeling_positiony":null,"auxiliary_storage_labeling_lineanchorpercent":null,"auxiliary_storage_labeling_lineanchorclipping":null,"auxiliary_storage_labeling_lineanchortype":null,"auxiliary_storage_labeling_lineanchortextpoint":null},"geometry":{"type":"MultiPolygon","coordinates":[[[[140.279429608835756,35.716297461260325],[140.279259515835747,35.716580415260324],[140.279301265835755,35.71659285426032],[140.279277146835739,35.716617671260323],[140.280026976835757,35.716914300260321],[140.280226671835749,35.716614980260324],[140.279429608835756,35.716297461260325]]]]}},
{"type":"Feature","properties":{"fid":593,"polygon_uuid":"2d6b6c5a-3579-4f29-98cd-0e5a1393085a","Adress":"墨高田447","Tiban":"447","group":"2班","geometry_ID":"54ab857410","area":19.0,"auxiliary_storage_labeling_positionx":null,"auxiliary_storage_labeling_positiony":null,"auxiliary_storage_labeling_lineanchorpercent":null,"auxiliary_storage_labeling_lineanchorclipping":null,"auxiliary_storage_labeling_lineanchortype":null,"auxiliary_storage_labeling_lineanchortextpoint":null},"geometry":{"type":"MultiPolygon","coordinates":[[[[140.280349742835739,35.716435375260325],[140.279560688835744,35.716094771260323],[140.279429608835756,35.716297461260325],[140.280226671835749,35.716614980260324],[140.280349742835739,35.716435375260325]]]]}},
{"type":"Feature","properties":{"fid":594,"polygon_uuid":"69164101-5715-419f-b693-6c6604a71d65","Adress":"墨高田448,墨高田449","Tiban":"448,449","group":"2班","geometry_ID":"20167f407f","area":23.0,"auxiliary_storage_labeling_positionx":null,"auxiliary_storage_labeling_positiony":null,"auxiliary_storage_labeling_lineanchorpercent":null,"auxiliary_storage_labeling_lineanchorclipping":null,"auxiliary_storage_labeling_lineanchortype":null,"auxiliary_storage_labeling_lineanchortextpoint":null},"geometry":{"type":"MultiPolygon","coordinates":[[[[140.280352005835738,35.716158693260326],[140.280327656835738,35.716142298260323],[140.280430594835735,35.715980240260322],[140.28036954883575,35.71597549026032],[140.280286176835745,35.715979117260325],[140.280178386835729,35.715981176260321],[140.280084861835746,35.715988158260323],[140.280007609835735,35.715995080260321],[140.279936467835739,35.716003638260325],[140.279873451835755,35.716010507260322],[140.279788118835739,35.71602741126032],[140.279680449835752,35.716051034260325],[140.279613430835752,35.716069529260324],[140.279560688835744,35.716094771260323],[140.280349742835739,35.716435375260325],[140.280492920835741,35.716214061260324],[140.280352005835738,35.716158693260326]]]]}},
{"type":"Feature","properties":{"fid":595,"polygon_uuid":"383ce865-5510-420d-be39-7767a066d702","Adress":"墨高田451","Tiban":"451","group":"2班","geometry_ID":"e49723c33c","area":10.0,"auxiliary_storage_labeling_positionx":null,"auxiliary_storage_labeling_positiony":null,"auxiliary_storage_labeling_lineanchorpercent":null,"auxiliary_storage_labeling_lineanchorclipping":null,"auxiliary_storage_labeling_lineanchortype":null,"auxiliary_storage_labeling_lineanchortextpoint":null},"geometry":{"type":"MultiPolygon","coordinates":[[[[140.280674390835742,35.716039050260321],[140.280593765835732,35.716170392260324],[140.281113637835745,35.716385759260326],[140.281216441835738,35.716219499260326],[140.281132863835751,35.716186634260325],[140.281051357835736,35.716160397260325],[140.280935199835739,35.716121019260321],[140.280835933835732,35.716083236260324],[140.280778862835746,35.71606188426032],[140.280674390835742,35.716039050260321]]]]}},
{"type":"Feature","properties":{"fid":596,"polygon_uuid":"6a409c19-5d35-4e09-b980-621162408ea8","Adress":"墨高田452,墨高田453,墨高田454","Tiban":"452,453,454","group":"2班","geometry_ID":"69ebe48ecf","area":19.0,"auxiliary_storage_labeling_positionx":null,"auxiliary_storage_labeling_positiony":null,"auxiliary_storage_labeling_lineanchorpercent":null,"auxiliary_storage_labeling_lineanchorclipping":null,"auxiliary_storage_labeling_lineanchortype":null,"auxiliary_storage_labeling_lineanchortextpoint":null},"geometry":{"type":"MultiPolygon","coordinates":[[[[140.280400081835751,35.716453103260321],[140.280942123835729,35.716660855260322],[140.280990651835737,35.716580292260325],[140.281113637835745,35.716385759260326],[140.280593765835732,35.716170392260324],[140.280400081835751,35.716453103260321]]]]}},
{"type":"Feature","properties":{"fid":597,"polygon_uuid":"e132d9c5-2b22-495e-af76-a164631d42b5","Adress":"墨高田456","Tiban":"456","group":"2班","geometry_ID":"f75d5c669e","area":9.0,"auxiliary_storage_labeling_positionx":null,"auxiliary_storage_labeling_positiony":null,"auxiliary_storage_labeling_lineanchorpercent":null,"auxiliary_storage_labeling_lineanchorclipping":null,"auxiliary_storage_labeling_lineanchortype":null,"auxiliary_storage_labeling_lineanchortextpoint":null},"geometry":{"type":"MultiPolygon","coordinates":[[[[140.280400081835751,35.716453103260321],[140.280283139835745,35.716637660260325],[140.28046670583575,35.716728211260325],[140.280503233835731,35.716713147260322],[140.280590574835742,35.716691258260326],[140.280671858835746,35.716677686260326],[140.280753216835734,35.716677383260325],[140.280818312835748,35.716678801260322],[140.280869152835749,35.716676953260325],[140.28091800483574,35.716683406260323],[140.280942123835729,35.716660855260322],[140.280400081835751,35.716453103260321]]]]}},
{"type":"Feature","properties":{"fid":598,"polygon_uuid":"2946ce06-ef6a-4765-b50d-56299a72142d","Adress":"墨高田461,墨高田462","Tiban":"461,462","group":"2班","geometry_ID":"acad12e433","area":22.0,"auxiliary_storage_labeling_positionx":null,"auxiliary_storage_labeling_positiony":null,"auxiliary_storage_labeling_lineanchorpercent":null,"auxiliary_storage_labeling_lineanchorclipping":null,"auxiliary_storage_labeling_lineanchortype":null,"auxiliary_storage_labeling_lineanchortextpoint":null},"geometry":{"type":"MultiPolygon","coordinates":[[[[140.279862302835738,35.717265810260322],[140.279589012835743,35.717672987260322],[140.280072845835747,35.717880386260326],[140.280121611835739,35.717835528260323],[140.280138181835753,35.717800555260325],[140.280146129835742,35.717775797260323],[140.280152046835752,35.71774939926032],[140.280156015835729,35.717736196260326],[140.280163852835756,35.717691657260325],[140.280159552835755,35.717645514260326],[140.280153240835745,35.717601028260326],[140.28015305583574,35.717568059260323],[140.280138749835743,35.717540087260325],[140.280130452835749,35.717502201260324],[140.280116099835737,35.717465987260326],[140.280111955835736,35.717447869260326],[140.280101710835737,35.717423180260326],[140.280089398835742,35.717390254260323],[140.280081165835753,35.717363909260321],[140.280061068835749,35.717337491260324],[140.279904128835739,35.717280016260325],[140.279862302835738,35.717265810260322]]]]}},
{"type":"Feature","properties":{"fid":599,"polygon_uuid":"a1e9b946-e28f-4de1-8b08-254a815dc716","Adress":"墨高田464,465","Tiban":"464,465","group":"2班","geometry_ID":"25bd98b432","area":13.0,"auxiliary_storage_labeling_positionx":null,"auxiliary_storage_labeling_positiony":null,"auxiliary_storage_labeling_lineanchorpercent":null,"auxiliary_storage_labeling_lineanchorclipping":null,"auxiliary_storage_labeling_lineanchortype":null,"auxiliary_storage_labeling_lineanchortextpoint":null},"geometry":{"type":"MultiPolygon","coordinates":[[[[140.279981983835739,35.718064897260319],[140.279470573835738,35.71786335526032],[140.279355185835755,35.718039197260325],[140.279369482835733,35.718065520260325],[140.27940799983574,35.718085160260323],[140.279470829835731,35.718114600260321],[140.279553910835745,35.718150559260323],[140.279638993835732,35.718183215260325],[140.279748389835731,35.718225671260321],[140.279822666835742,35.718247537260325],[140.279845803835741,35.718231667260326],[140.279872740835742,35.718203156260323],[140.279901760835742,35.71817894326032],[140.279939882835748,35.718127698260325],[140.279981983835739,35.718064897260319]]]]}},
{"type":"Feature","properties":{"fid":600,"polygon_uuid":"91322965-d7c4-41ae-b4c0-30be05419d7d","Adress":"墨高田466","Tiban":"466","group":"2班","geometry_ID":"5e338e7a6d","area":10.0,"auxiliary_storage_labeling_positionx":null,"auxiliary_storage_labeling_positiony":null,"auxiliary_storage_labeling_lineanchorpercent":null,"auxiliary_storage_labeling_lineanchorclipping":null,"auxiliary_storage_labeling_lineanchortype":null,"auxiliary_storage_labeling_lineanchortextpoint":null},"geometry":{"type":"MultiPolygon","coordinates":[[[[140.279311766835747,35.718380635260324],[140.279410873835729,35.718485192260324],[140.279465727835742,35.71850819526032],[140.279548570835743,35.718486877260325],[140.279754679835747,35.718401423260325],[140.279793642835756,35.718322733260322],[140.27944587883573,35.718168902260324],[140.279311766835747,35.718380635260324]]]]}},
{"type":"Feature","properties":{"fid":601,"polygon_uuid":"627948d1-6a33-43c2-a8be-7eb3b920e21a","Adress":"墨高田470-1,墨高田471-1","Tiban":"470-1,471-1","group":"2班","geometry_ID":"c697907388","area":9.0,"auxiliary_storage_labeling_positionx":null,"auxiliary_storage_labeling_positiony":null,"auxiliary_storage_labeling_lineanchorpercent":null,"auxiliary_storage_labeling_lineanchorclipping":null,"auxiliary_storage_labeling_lineanchortype":null,"auxiliary_storage_labeling_lineanchortextpoint":null},"geometry":{"type":"MultiPolygon","coordinates":[[[[140.281099798835754,35.716478221260324],[140.28104573783574,35.716570738260323],[140.281001654835734,35.716640140260324],[140.281066237835745,35.716621766260324],[140.281104505835742,35.71659689626032],[140.281150794835753,35.716560456260325],[140.281205186835734,35.716527284260323],[140.281245467835731,35.716500758260324],[140.281277671835738,35.716475910260321],[140.281319962835738,35.716447727260324],[140.281356283835748,35.716436053260324],[140.281408858835732,35.716439154260321],[140.281459419835755,35.71644391126032],[140.28151402483573,35.716448653260322],[140.281574767835735,35.716466561260326],[140.281623392835741,35.716486162260324],[140.281649744835732,35.71649925226032],[140.281684209835731,35.716517257260321],[140.281740346835733,35.716434622260323],[140.281562095835739,35.716369346260322],[140.281397975835745,35.716300719260325],[140.281268331835747,35.716251746260326],[140.281248125835731,35.71625347026032],[140.281099798835754,35.716478221260324]]]]}},
{"type":"Feature","properties":{"fid":602,"polygon_uuid":"c243cb6a-2043-47e6-8734-cb1e99c7a8fb","Adress":"墨高田472","Tiban":"472","group":"2班","geometry_ID":"a1e1a3badb","area":9.0,"auxiliary_storage_labeling_positionx":null,"auxiliary_storage_labeling_positiony":null,"auxiliary_storage_labeling_lineanchorpercent":null,"auxiliary_storage_labeling_lineanchorclipping":null,"auxiliary_storage_labeling_lineanchortype":null,"auxiliary_storage_labeling_lineanchortextpoint":null},"geometry":{"type":"MultiPolygon","coordinates":[[[[140.281764429835732,35.716443052260324],[140.28170252183574,35.716538620260323],[140.281728993835742,35.716573140260323],[140.281755529835749,35.716619200260325],[140.28177593883575,35.716653743260323],[140.281788250835746,35.716686667260326],[140.281796483835734,35.716713013260325],[140.281806775835747,35.716745945260321],[140.281892106835755,35.716722908260323],[140.281991677835748,35.716705949260323],[140.28207299883573,35.716699010260321],[140.282127890835739,35.716693644260324],[140.282184452835736,35.716686839260326],[140.282224824835737,35.71667679726032],[140.282251056835747,35.716668457260326],[140.282261043835746,35.716646989260326],[140.282147540835751,35.716593011260322],[140.281959098835756,35.716512936260322],[140.281764429835732,35.716443052260324]]]]}},
{"type":"Feature","properties":{"fid":603,"polygon_uuid":"361b4141-09f7-4ce2-8df1-e41bbc09fe19","Adress":"墨高野台下507-1","Tiban":"507-1","group":"2班","geometry_ID":"850eedfad4","area":15.0,"auxiliary_storage_labeling_positionx":null,"auxiliary_storage_labeling_positiony":null,"auxiliary_storage_labeling_lineanchorpercent":null,"auxiliary_storage_labeling_lineanchorclipping":null,"auxiliary_storage_labeling_lineanchortype":null,"auxiliary_storage_labeling_lineanchortextpoint":null},"geometry":{"type":"MultiPolygon","coordinates":[[[[140.282556394835751,35.716534826260322],[140.283424140835734,35.716925425260321],[140.283463181835742,35.716644995260324],[140.283139405835755,35.716592048260324],[140.282573356835741,35.716503315260326],[140.282556394835751,35.716534826260322]]]]}},
{"type":"Feature","properties":{"fid":604,"polygon_uuid":"4074f4d8-4259-40d1-81ed-e6053efffa17","Adress":"墨高野台下509-2","Tiban":"509-2","group":"2班","geometry_ID":"5cac722a84","area":13.0,"auxiliary_storage_labeling_positionx":null,"auxiliary_storage_labeling_positiony":null,"auxiliary_storage_labeling_lineanchorpercent":null,"auxiliary_storage_labeling_lineanchorclipping":null,"auxiliary_storage_labeling_lineanchortype":null,"auxiliary_storage_labeling_lineanchortextpoint":null},"geometry":{"type":"MultiPolygon","coordinates":[[[[140.283610019835749,35.716471489260321],[140.283229241835755,35.716186398260319],[140.282899296835751,35.716178896260324],[140.282722426835733,35.716345525260323],[140.283177246835749,35.716411904260326],[140.283610019835749,35.716471489260321]]]]}},
{"type":"Feature","properties":{"fid":605,"polygon_uuid":"fa570871-e4be-49e1-abf0-f232d59cf687","Adress":"墨高野台下510-1,墨高野台下510-2,墨高野台下510-3","Tiban":"510-1,510-2,510-3","group":"2班","geometry_ID":"32954d7780","area":23.0,"auxiliary_storage_labeling_positionx":null,"auxiliary_storage_labeling_positiony":null,"auxiliary_storage_labeling_lineanchorpercent":null,"auxiliary_storage_labeling_lineanchorclipping":null,"auxiliary_storage_labeling_lineanchortype":null,"auxiliary_storage_labeling_lineanchortextpoint":null},"geometry":{"type":"MultiPolygon","coordinates":[[[[140.283565662835741,35.716964321260321],[140.283706483835743,35.716983558260324],[140.284009275835729,35.716994108260323],[140.284047256835748,35.716738765260324],[140.283610019835749,35.716471489260321],[140.283463181835742,35.716644995260324],[140.283424140835734,35.716925425260321],[140.283565662835741,35.716964321260321]]]]}},
{"type":"Feature","properties":{"fid":606,"polygon_uuid":"4f7e9eb9-fd0b-42e0-bca0-5818f3416c9e","Adress":"墨高野台下511-2","Tiban":"511-2","group":"2班","geometry_ID":"d2f6ada90f","area":12.0,"auxiliary_storage_labeling_positionx":null,"auxiliary_storage_labeling_positiony":null,"auxiliary_storage_labeling_lineanchorpercent":null,"auxiliary_storage_labeling_lineanchorclipping":null,"auxiliary_storage_labeling_lineanchortype":null,"auxiliary_storage_labeling_lineanchortextpoint":null},"geometry":{"type":"MultiPolygon","coordinates":[[[[140.284646971835741,35.716832737260326],[140.284097268835751,35.716756180260326],[140.284058556835731,35.716995670260324],[140.284615707835741,35.71702502926032],[140.284646971835741,35.716832737260326]]]]}},
{"type":"Feature","properties":{"fid":607,"polygon_uuid":"0e1b9291-455e-465c-beb3-8d3c23275c33","Adress":"墨高野台下512-3","Tiban":"512-3","group":"2班","geometry_ID":"4ff66ae15c","area":10.0,"auxiliary_storage_labeling_positionx":null,"auxiliary_storage_labeling_positiony":null,"auxiliary_storage_labeling_lineanchorpercent":null,"auxiliary_storage_labeling_lineanchorclipping":null,"auxiliary_storage_labeling_lineanchortype":null,"auxiliary_storage_labeling_lineanchortextpoint":null},"geometry":{"type":"MultiPolygon","coordinates":[[[[140.285262260835736,35.716770335260321],[140.285302534835751,35.716579181260322],[140.284764596835743,35.716508120260322],[140.284724245835747,35.716692891260323],[140.285262260835736,35.716770335260321]]]]}},
{"type":"Feature","properties":{"fid":608,"polygon_uuid":"f7746d5e-e529-4b5a-9426-f77bc2c49215","Adress":"墨高野台下516","Tiban":"516","group":"2班","geometry_ID":"e38bab2890","area":11.0,"auxiliary_storage_labeling_positionx":null,"auxiliary_storage_labeling_positiony":null,"auxiliary_storage_labeling_lineanchorpercent":null,"auxiliary_storage_labeling_lineanchorclipping":null,"auxiliary_storage_labeling_lineanchortype":null,"auxiliary_storage_labeling_lineanchortextpoint":null},"geometry":{"type":"MultiPolygon","coordinates":[[[[140.285306982835749,35.716779901260324],[140.285863542835756,35.71686040526032],[140.285895266835752,35.716716792260321],[140.285835704835733,35.716688234260324],[140.285789644835745,35.716640211260319],[140.285353028835743,35.716579086260325],[140.285306982835749,35.716779901260324]]]]}},
{"type":"Feature","properties":{"fid":609,"polygon_uuid":"9335211f-f27f-43fe-8ce9-72d28fd53322","Adress":"墨高野台下517-2","Tiban":"517-2","group":"2班","geometry_ID":"251eb38181","area":7.0,"auxiliary_storage_labeling_positionx":null,"auxiliary_storage_labeling_positiony":null,"auxiliary_storage_labeling_lineanchorpercent":null,"auxiliary_storage_labeling_lineanchorclipping":null,"auxiliary_storage_labeling_lineanchortype":null,"auxiliary_storage_labeling_lineanchortextpoint":null},"geometry":{"type":"MultiPolygon","coordinates":[[[[140.285353028835743,35.716579086260325],[140.285789644835745,35.716640211260319],[140.285697234835737,35.716449806260322],[140.285394661835738,35.716405579260325],[140.285353028835743,35.716579086260325]]]]}},
{"type":"Feature","properties":{"fid":610,"polygon_uuid":"722a664c-48c8-4957-8cae-b8790dffdd17","Adress":"墨山ノ下623-1","Tiban":"623-1","group":"2班","geometry_ID":"e3749e42d3","area":7.0,"auxiliary_storage_labeling_positionx":null,"auxiliary_storage_labeling_positiony":null,"auxiliary_storage_labeling_lineanchorpercent":null,"auxiliary_storage_labeling_lineanchorclipping":null,"auxiliary_storage_labeling_lineanchortype":null,"auxiliary_storage_labeling_lineanchortextpoint":null},"geometry":{"type":"MultiPolygon","coordinates":[[[[140.281142687835739,35.714378478260322],[140.281092686835734,35.714446652260321],[140.281829862835735,35.71480671426032],[140.281885046835754,35.71473282726032],[140.281619984835743,35.714604197260321],[140.281142687835739,35.714378478260322]]]]}},
{"type":"Feature","properties":{"fid":611,"polygon_uuid":"bebc51ed-6d70-4993-833f-a0ef3fc7a6af","Adress":"墨大広720-1,720-2","Tiban":"720-1,720-2","group":"2班","geometry_ID":"5c447321c9","area":19.0,"auxiliary_storage_labeling_positionx":null,"auxiliary_storage_labeling_positiony":null,"auxiliary_storage_labeling_lineanchorpercent":null,"auxiliary_storage_labeling_lineanchorclipping":null,"auxiliary_storage_labeling_lineanchortype":null,"auxiliary_storage_labeling_lineanchortextpoint":null},"geometry":{"type":"MultiPolygon","coordinates":[[[[140.270342518835747,35.713901855260325],[140.270216110835747,35.71410502026032],[140.270970853835735,35.714423083260321],[140.271101631835734,35.714228714260322],[140.270342518835747,35.713901855260325]]]]}},
{"type":"Feature","properties":{"fid":612,"polygon_uuid":"c00a25ce-2e08-4f9b-a8d7-14f82ba9a593","Adress":"墨大広721-1,墨大広721-2","Tiban":"721-1,721-2","group":"2班","geometry_ID":"cc6cc626ea","area":19.0,"auxiliary_storage_labeling_positionx":null,"auxiliary_storage_labeling_positiony":null,"auxiliary_storage_labeling_lineanchorpercent":null,"auxiliary_storage_labeling_lineanchorclipping":null,"auxiliary_storage_labeling_lineanchortype":null,"auxiliary_storage_labeling_lineanchortextpoint":null},"geometry":{"type":"MultiPolygon","coordinates":[[[[140.270342518835747,35.713901855260325],[140.271101631835734,35.714228714260322],[140.271232379835737,35.714029058260323],[140.270966286835744,35.713918836260326],[140.270474123835754,35.713700434260325],[140.270342518835747,35.713901855260325]]]]}},
{"type":"Feature","properties":{"fid":613,"polygon_uuid":"2d1b5904-7047-4eaa-a0e0-55bb775930a6","Adress":"墨大広722","Tiban":"722","group":"2班","geometry_ID":"4f235db431","area":7.0,"auxiliary_storage_labeling_positionx":null,"auxiliary_storage_labeling_positiony":null,"auxiliary_storage_labeling_lineanchorpercent":null,"auxiliary_storage_labeling_lineanchorclipping":null,"auxiliary_storage_labeling_lineanchortype":null,"auxiliary_storage_labeling_lineanchortextpoint":null},"geometry":{"type":"MultiPolygon","coordinates":[[[[140.270966286835744,35.713918836260326],[140.271232379835737,35.714029058260323],[140.271356614835753,35.713824137260325],[140.271085480835751,35.713717733260324],[140.270966286835744,35.713918836260326]]]]}},
{"type":"Feature","properties":{"fid":614,"polygon_uuid":"e0280106-4821-4bb1-b37c-9df303cf357b","Adress":"墨大広736-1","Tiban":"736-1","group":"2班","geometry_ID":"cab8db05a4","area":20.0,"auxiliary_storage_labeling_positionx":null,"auxiliary_storage_labeling_positiony":null,"auxiliary_storage_labeling_lineanchorpercent":null,"auxiliary_storage_labeling_lineanchorclipping":null,"auxiliary_storage_labeling_lineanchortype":null,"auxiliary_storage_labeling_lineanchortextpoint":null},"geometry":{"type":"MultiPolygon","coordinates":[[[[140.269179546835744,35.713907658260325],[140.269314612835728,35.713706226260321],[140.268553303835745,35.713370550260322],[140.268416986835746,35.71358079926032],[140.269179546835744,35.713907658260325]]]]}},
{"type":"Feature","properties":{"fid":615,"polygon_uuid":"ec3449ea-1315-4fee-9418-4b718663875d","Adress":"墨大広736-2","Tiban":"736-2","group":"2班","geometry_ID":"92c0ffe88a","area":21.0,"auxiliary_storage_labeling_positionx":null,"auxiliary_storage_labeling_positiony":null,"auxiliary_storage_labeling_lineanchorpercent":null,"auxiliary_storage_labeling_lineanchorclipping":null,"auxiliary_storage_labeling_lineanchortype":null,"auxiliary_storage_labeling_lineanchortextpoint":null},"geometry":{"type":"MultiPolygon","coordinates":[[[[140.269053182835734,35.714119635260325],[140.269179546835744,35.713907658260325],[140.268416986835746,35.71358079926032],[140.268281115835748,35.713793515260321],[140.269053182835734,35.714119635260325]]]]}},
{"type":"Feature","properties":{"fid":616,"polygon_uuid":"9cb5f89b-b19c-424b-9dc6-6096f4f2adfe","Adress":"墨大広737-1,墨大広737-2","Tiban":"737-1,737-2","group":"2班","geometry_ID":"b40a563a87","area":25.0,"auxiliary_storage_labeling_positionx":null,"auxiliary_storage_labeling_positiony":null,"auxiliary_storage_labeling_lineanchorpercent":null,"auxiliary_storage_labeling_lineanchorclipping":null,"auxiliary_storage_labeling_lineanchortype":null,"auxiliary_storage_labeling_lineanchortextpoint":null},"geometry":{"type":"MultiPolygon","coordinates":[[[[140.269477504835749,35.713455337260321],[140.268711865835741,35.713117916260323],[140.268553303835745,35.713370550260322],[140.269314612835728,35.713706226260321],[140.269477504835749,35.713455337260321]]]]}},
{"type":"Feature","properties":{"fid":617,"polygon_uuid":"22825ed7-4af1-443f-b737-a03a0c25c251","Adress":"墨大坂204-1,墨大坂204-2","Tiban":"204-1,204-2","group":"2班","geometry_ID":"500acc2f93","area":9.0,"auxiliary_storage_labeling_positionx":null,"auxiliary_storage_labeling_positiony":null,"auxiliary_storage_labeling_lineanchorpercent":null,"auxiliary_storage_labeling_lineanchorclipping":null,"auxiliary_storage_labeling_lineanchortype":null,"auxiliary_storage_labeling_lineanchortextpoint":null},"geometry":{"type":"MultiPolygon","coordinates":[[[[140.274454982835749,35.716190146260324],[140.274317272835731,35.716129033260323],[140.274214837835729,35.716091021260326],[140.274106623835735,35.716265246260321],[140.274065337835736,35.716320513260321],[140.274107276835736,35.716383955260326],[140.274216519835733,35.716396274260326],[140.274341240835753,35.716387338260326],[140.274445026835735,35.716353040260323],[140.27453305283575,35.716289122260321],[140.274595273835729,35.716259216260326],[140.274454982835749,35.716190146260324]]]]}},
{"type":"Feature","properties":{"fid":618,"polygon_uuid":"347bcb5e-92a0-4107-a2d4-00fe3e689fd4","Adress":"墨池袋1489","Tiban":"1489","group":"2班","geometry_ID":"64c64f5b0b","area":34.0,"auxiliary_storage_labeling_positionx":null,"auxiliary_storage_labeling_positiony":null,"auxiliary_storage_labeling_lineanchorpercent":null,"auxiliary_storage_labeling_lineanchorclipping":null,"auxiliary_storage_labeling_lineanchortype":null,"auxiliary_storage_labeling_lineanchortextpoint":null},"geometry":{"type":"MultiPolygon","coordinates":[[[[140.284887843835747,35.713773964260319],[140.28517423483575,35.713971330260321],[140.285271256835756,35.714037675260322],[140.285323833835747,35.714070088260321],[140.285356739835748,35.714037242260325],[140.285367610835749,35.714009090260326],[140.285393388835729,35.713934778260324],[140.285420473835757,35.713848091260324],[140.285442140835755,35.713778293260326],[140.285450286835754,35.713755773260324],[140.285461233835747,35.713741113260326],[140.285486072835738,35.71374473126032],[140.28548867783573,35.713717733260324],[140.285501910835734,35.713688720260322],[140.285523704835754,35.713659987260321],[140.285547479835742,35.713631828260326],[140.285569382835746,35.713603859260324],[140.285620326835755,35.713591298260326],[140.285632564835737,35.713560892260325],[140.285621889835738,35.713536200260322],[140.285496904835753,35.71346559626032],[140.28549679683573,35.713446480260323],[140.285541984835731,35.713391099260321],[140.28542856483574,35.713327430260321],[140.28538012483574,35.71329500326032],[140.285338602835736,35.71326704626032],[140.285297093835737,35.713241227260326],[140.285267975835751,35.713212100260321],[140.285229235835743,35.713246811260326],[140.285179184835755,35.71329298226032],[140.285144508835742,35.713322762260326],[140.285122685835745,35.713364674260326],[140.285117386835736,35.713402926260322],[140.285114710835757,35.713417554260324],[140.285059865835734,35.71347173526032],[140.285024228835738,35.713509201260322],[140.284957145835733,35.713593788260326],[140.28491606183573,35.713643419260322],[140.284903785835752,35.713667079260325],[140.284894261835746,35.713689605260321],[140.284893136835734,35.713734588260323],[140.284887843835747,35.713773964260319]]]]}},
{"type":"Feature","properties":{"fid":619,"polygon_uuid":"46081243-dbe7-4953-8b8c-b8aa2dec483f","Adress":"墨八石138","Tiban":"138","group":"2班","geometry_ID":"d29014f46e","area":7.0,"auxiliary_storage_labeling_positionx":null,"auxiliary_storage_labeling_positiony":null,"auxiliary_storage_labeling_lineanchorpercent":null,"auxiliary_storage_labeling_lineanchorclipping":null,"auxiliary_storage_labeling_lineanchortype":null,"auxiliary_storage_labeling_lineanchortextpoint":null},"geometry":{"type":"MultiPolygon","coordinates":[[[[140.27588879283573,35.717456534260322],[140.275846601835752,35.717469819260323],[140.275804491835743,35.717497876260325],[140.275708470835752,35.717603271260323],[140.27570854283573,35.717622363260325],[140.275868224835733,35.71774055326032],[140.275918683835755,35.717766628260321],[140.27595084783573,35.717759944260322],[140.275997477835745,35.717702524260325],[140.276065591835732,35.71759864426032],[140.276092864835732,35.717562133260323],[140.275997796835753,35.717515220260324],[140.275939268835742,35.717485891260324],[140.27588879283573,35.717456534260322]]]]}},
{"type":"Feature","properties":{"fid":620,"polygon_uuid":"e3a6387b-d5ae-496f-a1b6-50cc0c1f95cf","Adress":"墨八石下385-1","Tiban":"385-1","group":"2班","geometry_ID":"9ce09fa417","area":9.0,"auxiliary_storage_labeling_positionx":null,"auxiliary_storage_labeling_positiony":null,"auxiliary_storage_labeling_lineanchorpercent":null,"auxiliary_storage_labeling_lineanchorclipping":null,"auxiliary_storage_labeling_lineanchortype":null,"auxiliary_storage_labeling_lineanchortextpoint":null},"geometry":{"type":"MultiPolygon","coordinates":[[[[140.274011283835733,35.715479573260325],[140.274002925835731,35.715550971260321],[140.274012864835754,35.715732433260321],[140.27430402783574,35.715841072260325],[140.274424550835732,35.715663959260326],[140.274011283835733,35.715479573260325]]]]}},
{"type":"Feature","properties":{"fid":621,"polygon_uuid":"5610c3e1-20d1-4498-90aa-f33105b39ce9","Adress":"墨八石下386-1","Tiban":"386-1","group":"2班","geometry_ID":"cae63e7069","area":10.0,"auxiliary_storage_labeling_positionx":null,"auxiliary_storage_labeling_positiony":null,"auxiliary_storage_labeling_lineanchorpercent":null,"auxiliary_storage_labeling_lineanchorclipping":null,"auxiliary_storage_labeling_lineanchortype":null,"auxiliary_storage_labeling_lineanchortextpoint":null},"geometry":{"type":"MultiPolygon","coordinates":[[[[140.274182464835746,35.715312423260322],[140.274089464835754,35.71537461626032],[140.274022611835733,35.71541768126032],[140.274011283835733,35.715479573260325],[140.274424550835732,35.715663959260326],[140.274556607835734,35.71546989326032],[140.274182464835746,35.715312423260322]]]]}},
{"type":"Feature","properties":{"fid":622,"polygon_uuid":"1f50447e-1544-4aaf-ab00-00cc17b725fb","Adress":"墨八石下389-1","Tiban":"389-1","group":"2班","geometry_ID":"f1089c224a","area":8.0,"auxiliary_storage_labeling_positionx":null,"auxiliary_storage_labeling_positiony":null,"auxiliary_storage_labeling_lineanchorpercent":null,"auxiliary_storage_labeling_lineanchorclipping":null,"auxiliary_storage_labeling_lineanchortype":null,"auxiliary_storage_labeling_lineanchortextpoint":null},"geometry":{"type":"MultiPolygon","coordinates":[[[[140.274744577835747,35.715193660260326],[140.274282231835741,35.715254711260322],[140.274182464835746,35.715312423260322],[140.274556607835734,35.71546989326032],[140.274744577835747,35.715193660260326]]]]}},
{"type":"Feature","properties":{"fid":623,"polygon_uuid":"d33620e7-1726-4781-8248-34d5a8b59cf3","Adress":"墨八石下391-1","Tiban":"391-1","group":"2班","geometry_ID":"bc46e9b145","area":4.0,"auxiliary_storage_labeling_positionx":null,"auxiliary_storage_labeling_positiony":null,"auxiliary_storage_labeling_lineanchorpercent":null,"auxiliary_storage_labeling_lineanchorclipping":null,"auxiliary_storage_labeling_lineanchortype":null,"auxiliary_storage_labeling_lineanchortextpoint":null},"geometry":{"type":"MultiPolygon","coordinates":[[[[140.275015602835737,35.71523051226032],[140.275612957835733,35.715493637260323],[140.275650991835732,35.715434240260322],[140.27505766683575,35.715181711260321],[140.275015602835737,35.71523051226032]]]]}},
{"type":"Feature","properties":{"fid":624,"polygon_uuid":"2cf73c93-5a4a-4bd3-b3f6-5de60b01d2a8","Adress":"墨八石下393-1","Tiban":"393-1","group":"2班","geometry_ID":"6d74d2eac6","area":8.0,"auxiliary_storage_labeling_positionx":null,"auxiliary_storage_labeling_positiony":null,"auxiliary_storage_labeling_lineanchorpercent":null,"auxiliary_storage_labeling_lineanchorclipping":null,"auxiliary_storage_labeling_lineanchortype":null,"auxiliary_storage_labeling_lineanchortextpoint":null},"geometry":{"type":"MultiPolygon","coordinates":[[[[140.275518470835749,35.715641201260325],[140.274730987835738,35.715307302260321],[140.274684132835745,35.715384592260321],[140.275466946835735,35.715721666260322],[140.275518470835749,35.715641201260325]]]]}},
{"type":"Feature","properties":{"fid":625,"polygon_uuid":"8e678afa-e63f-49c0-b773-6ecf3825bfeb","Adress":"墨八石下399","Tiban":"399","group":"2班","geometry_ID":"a276049033","area":9.0,"auxiliary_storage_labeling_positionx":null,"auxiliary_storage_labeling_positiony":null,"auxiliary_storage_labeling_lineanchorpercent":null,"auxiliary_storage_labeling_lineanchorclipping":null,"auxiliary_storage_labeling_lineanchortype":null,"auxiliary_storage_labeling_lineanchortextpoint":null},"geometry":{"type":"MultiPolygon","coordinates":[[[[140.274740759835737,35.716050214260321],[140.274647284835737,35.716199918260322],[140.274689211835749,35.71622406326032],[140.274740287835755,35.716267328260322],[140.274795787835728,35.716306199260323],[140.274871410835743,35.716368436260325],[140.274908966835739,35.716401674260325],[140.274955730835757,35.716418155260321],[140.275002348835756,35.716408468260326],[140.275135699835744,35.71621483626032],[140.274740759835737,35.716050214260321]]]]}},
{"type":"Feature","properties":{"fid":626,"polygon_uuid":"327bdc88-8961-452d-8d75-6e433473bf81","Adress":"墨八石下401","Tiban":"401","group":"2班","geometry_ID":"25f7ab3bf1","area":20.0,"auxiliary_storage_labeling_positionx":null,"auxiliary_storage_labeling_positiony":null,"auxiliary_storage_labeling_lineanchorpercent":null,"auxiliary_storage_labeling_lineanchorclipping":null,"auxiliary_storage_labeling_lineanchortype":null,"auxiliary_storage_labeling_lineanchortextpoint":null},"geometry":{"type":"MultiPolygon","coordinates":[[[[140.275076209835731,35.716477498260325],[140.275833562835743,35.716805352260323],[140.275963133835745,35.716604766260325],[140.27520069983575,35.716274740260324],[140.275076209835731,35.716477498260325]]]]}},
{"type":"Feature","properties":{"fid":627,"polygon_uuid":"300ef727-cfaf-4f4d-84fa-b84fd7bb8b3f","Adress":"墨八石下402","Tiban":"402","group":"2班","geometry_ID":"e67005fb92","area":20.0,"auxiliary_storage_labeling_positionx":null,"auxiliary_storage_labeling_positiony":null,"auxiliary_storage_labeling_lineanchorpercent":null,"auxiliary_storage_labeling_lineanchorclipping":null,"auxiliary_storage_labeling_lineanchortype":null,"auxiliary_storage_labeling_lineanchortextpoint":null},"geometry":{"type":"MultiPolygon","coordinates":[[[[140.27520069983575,35.716274740260324],[140.275963133835745,35.716604766260325],[140.276090400835756,35.716409228260325],[140.275327790835746,35.716067746260322],[140.27520069983575,35.716274740260324]]]]}},
{"type":"Feature","properties":{"fid":628,"polygon_uuid":"598d5cbc-c230-4c56-8213-1ce3f3b0342c","Adress":"墨八石下403","Tiban":"403","group":"2班","geometry_ID":"5013a103a1","area":21.0,"auxiliary_storage_labeling_positionx":null,"auxiliary_storage_labeling_positiony":null,"auxiliary_storage_labeling_lineanchorpercent":null,"auxiliary_storage_labeling_lineanchorclipping":null,"auxiliary_storage_labeling_lineanchortype":null,"auxiliary_storage_labeling_lineanchortextpoint":null},"geometry":{"type":"MultiPolygon","coordinates":[[[[140.276229229835735,35.716194617260321],[140.275453585835749,35.715862859260326],[140.275327790835746,35.716067746260322],[140.276090400835756,35.716409228260325],[140.276229229835735,35.716194617260321]]]]}},
{"type":"Feature","properties":{"fid":629,"polygon_uuid":"2f08374d-6851-49cf-87f3-f81bcfe1c8f1","Adress":"墨八石下405-1","Tiban":"405-1","group":"2班","geometry_ID":"1468767f39","area":20.0,"auxiliary_storage_labeling_positionx":null,"auxiliary_storage_labeling_positiony":null,"auxiliary_storage_labeling_lineanchorpercent":null,"auxiliary_storage_labeling_lineanchorclipping":null,"auxiliary_storage_labeling_lineanchortype":null,"auxiliary_storage_labeling_lineanchortextpoint":null},"geometry":{"type":"MultiPolygon","coordinates":[[[[140.276353592835733,35.716001468260323],[140.276488617835753,35.715801929260323],[140.275711731835742,35.71545400926032],[140.275583566835735,35.715656997260325],[140.276353592835733,35.716001468260323]]]]}},
{"type":"Feature","properties":{"fid":630,"polygon_uuid":"d2026cb7-47ed-4088-bf6f-cebda301d917","Adress":"墨八石下406","Tiban":"406","group":"2班","geometry_ID":"7dff548037","area":12.0,"auxiliary_storage_labeling_positionx":null,"auxiliary_storage_labeling_positiony":null,"auxiliary_storage_labeling_lineanchorpercent":null,"auxiliary_storage_labeling_lineanchorclipping":null,"auxiliary_storage_labeling_lineanchortype":null,"auxiliary_storage_labeling_lineanchortextpoint":null},"geometry":{"type":"MultiPolygon","coordinates":[[[[140.276488617835753,35.715801929260323],[140.276536417835729,35.715737488260324],[140.276373816835729,35.715625622260326],[140.276231064835741,35.715540461260325],[140.276108042835745,35.715460581260324],[140.276046915835735,35.715403115260322],[140.275976712835757,35.715367690260322],[140.275883120835744,35.71532283426032],[140.27581300983573,35.715304061260326],[140.275711731835742,35.71545400926032],[140.276488617835753,35.715801929260323]]]]}},
{"type":"Feature","properties":{"fid":631,"polygon_uuid":"7db6f6bd-cd15-4cf3-89cb-7bc0d76a19fd","Adress":"墨八石下407,墨八石下408-1,墨八石下408-2","Tiban":"407,408-1,408-2","group":"2班","geometry_ID":"cc17069f67","area":35.0,"auxiliary_storage_labeling_positionx":null,"auxiliary_storage_labeling_positiony":null,"auxiliary_storage_labeling_lineanchorpercent":null,"auxiliary_storage_labeling_lineanchorclipping":null,"auxiliary_storage_labeling_lineanchortype":null,"auxiliary_storage_labeling_lineanchortextpoint":null},"geometry":{"type":"MultiPolygon","coordinates":[[[[140.277093423835737,35.716522430260326],[140.277292591835732,35.716207305260326],[140.277153214835749,35.71613749926032],[140.277013775835741,35.716056441260321],[140.276841530835753,35.715943625260323],[140.276696953835739,35.715826592260321],[140.276587500835745,35.715752928260322],[140.276319297835755,35.716161995260322],[140.277093423835737,35.716522430260326]]]]}},
{"type":"Feature","properties":{"fid":632,"polygon_uuid":"6e6318a2-f30e-4340-a27c-87d91160a684","Adress":"墨八石下409","Tiban":"409","group":"2班","geometry_ID":"427425f5d5","area":6.0,"auxiliary_storage_labeling_positionx":null,"auxiliary_storage_labeling_positiony":null,"auxiliary_storage_labeling_lineanchorpercent":null,"auxiliary_storage_labeling_lineanchorclipping":null,"auxiliary_storage_labeling_lineanchortype":null,"auxiliary_storage_labeling_lineanchortextpoint":null},"geometry":{"type":"MultiPolygon","coordinates":[[[[140.276281939835741,35.716218973260325],[140.277059199835747,35.716575309260321],[140.277093423835737,35.716522430260326],[140.276319297835755,35.716161995260322],[140.276281939835741,35.716218973260325]]]]}},
{"type":"Feature","properties":{"fid":633,"polygon_uuid":"2b5737bb-4d6e-439f-853a-822a83963c83","Adress":"墨八石下410","Tiban":"410","group":"2班","geometry_ID":"e439dabf0f","area":10.0,"auxiliary_storage_labeling_positionx":null,"auxiliary_storage_labeling_positiony":null,"auxiliary_storage_labeling_lineanchorpercent":null,"auxiliary_storage_labeling_lineanchorclipping":null,"auxiliary_storage_labeling_lineanchortype":null,"auxiliary_storage_labeling_lineanchortextpoint":null},"geometry":{"type":"MultiPolygon","coordinates":[[[[140.276216331835741,35.716319038260323],[140.276990497835754,35.716681457260322],[140.277059199835747,35.716575309260321],[140.276281939835741,35.716218973260325],[140.276216331835741,35.716319038260323]]]]}},
{"type":"Feature","properties":{"fid":634,"polygon_uuid":"a93abe07-a7d2-4875-80c2-82f13d1659ab","Adress":"墨八石下411","Tiban":"411","group":"2班","geometry_ID":"1da145d64d","area":9.0,"auxiliary_storage_labeling_positionx":null,"auxiliary_storage_labeling_positiony":null,"auxiliary_storage_labeling_lineanchorpercent":null,"auxiliary_storage_labeling_lineanchorclipping":null,"auxiliary_storage_labeling_lineanchortype":null,"auxiliary_storage_labeling_lineanchortextpoint":null},"geometry":{"type":"MultiPolygon","coordinates":[[[[140.276151156835738,35.716418443260324],[140.276935230835733,35.71676684826032],[140.276990497835754,35.716681457260322],[140.276216331835741,35.716319038260323],[140.276151156835738,35.716418443260324]]]]}},
{"type":"Feature","properties":{"fid":635,"polygon_uuid":"4ffc83c3-6c8d-4773-83a9-3774cb92e4aa","Adress":"墨八石下412","Tiban":"412","group":"2班","geometry_ID":"5a28f03a5d","area":7.0,"auxiliary_storage_labeling_positionx":null,"auxiliary_storage_labeling_positiony":null,"auxiliary_storage_labeling_lineanchorpercent":null,"auxiliary_storage_labeling_lineanchorclipping":null,"auxiliary_storage_labeling_lineanchortype":null,"auxiliary_storage_labeling_lineanchortextpoint":null},"geometry":{"type":"MultiPolygon","coordinates":[[[[140.276112360835754,35.71647761426032],[140.276888060835745,35.716839726260325],[140.276935230835733,35.71676684826032],[140.276151156835738,35.716418443260324],[140.276112360835754,35.71647761426032]]]]}},
{"type":"Feature","properties":{"fid":636,"polygon_uuid":"fc2f4d4b-c416-43a9-bf3b-d47fb30ea9d7","Adress":"墨八石下413","Tiban":"413","group":"2班","geometry_ID":"75a1b016e4","area":6.0,"auxiliary_storage_labeling_positionx":null,"auxiliary_storage_labeling_positiony":null,"auxiliary_storage_labeling_lineanchorpercent":null,"auxiliary_storage_labeling_lineanchorclipping":null,"auxiliary_storage_labeling_lineanchortype":null,"auxiliary_storage_labeling_lineanchortextpoint":null},"geometry":{"type":"MultiPolygon","coordinates":[[[[140.276068313835736,35.716544794260322],[140.276851385835755,35.716896392260324],[140.276888060835745,35.716839726260325],[140.276112360835754,35.71647761426032],[140.276068313835736,35.716544794260322]]]]}},
{"type":"Feature","properties":{"fid":637,"polygon_uuid":"381cdff0-1166-4cda-96aa-d9b979506169","Adress":"墨八石下414","Tiban":"414","group":"2班","geometry_ID":"52c20ee54a","area":18.0,"auxiliary_storage_labeling_positionx":null,"auxiliary_storage_labeling_positiony":null,"auxiliary_storage_labeling_lineanchorpercent":null,"auxiliary_storage_labeling_lineanchorclipping":null,"auxiliary_storage_labeling_lineanchortype":null,"auxiliary_storage_labeling_lineanchortextpoint":null},"geometry":{"type":"MultiPolygon","coordinates":[[[[140.275956495835743,35.716715337260325],[140.276737473835738,35.71707239026032],[140.276851385835755,35.716896392260324],[140.276068313835736,35.716544794260322],[140.275956495835743,35.716715337260325]]]]}},
{"type":"Feature","properties":{"fid":638,"polygon_uuid":"2a4476d6-66e4-4940-8863-af0215936f75","Adress":"墨八石下415-2","Tiban":"415-2","group":"2班","geometry_ID":"19632f1416","area":11.0,"auxiliary_storage_labeling_positionx":null,"auxiliary_storage_labeling_positiony":null,"auxiliary_storage_labeling_lineanchorpercent":null,"auxiliary_storage_labeling_lineanchorclipping":null,"auxiliary_storage_labeling_lineanchortype":null,"auxiliary_storage_labeling_lineanchortextpoint":null},"geometry":{"type":"MultiPolygon","coordinates":[[[[140.275882509835753,35.716828177260325],[140.276664739835752,35.717184766260324],[140.276737473835738,35.71707239026032],[140.275956495835743,35.716715337260325],[140.275882509835753,35.716828177260325]]]]}},
{"type":"Feature","properties":{"fid":639,"polygon_uuid":"ae416a36-5e75-4087-a688-cfccdaf550cd","Adress":"墨八石下416","Tiban":"416","group":"2班","geometry_ID":"5425098576","area":21.0,"auxiliary_storage_labeling_positionx":null,"auxiliary_storage_labeling_positiony":null,"auxiliary_storage_labeling_lineanchorpercent":null,"auxiliary_storage_labeling_lineanchorclipping":null,"auxiliary_storage_labeling_lineanchortype":null,"auxiliary_storage_labeling_lineanchortextpoint":null},"geometry":{"type":"MultiPolygon","coordinates":[[[[140.275753023835733,35.717025667260323],[140.275902678835735,35.717096021260325],[140.276531000835746,35.717391396260325],[140.276664739835752,35.717184766260324],[140.275882509835753,35.716828177260325],[140.275753023835733,35.717025667260323]]]]}},
{"type":"Feature","properties":{"fid":640,"polygon_uuid":"559787ad-55df-4d59-9b78-a15b4752208f","Adress":"墨八石下417","Tiban":"417","group":"2班","geometry_ID":"ebb3f54bf2","area":21.0,"auxiliary_storage_labeling_positionx":null,"auxiliary_storage_labeling_positiony":null,"auxiliary_storage_labeling_lineanchorpercent":null,"auxiliary_storage_labeling_lineanchorclipping":null,"auxiliary_storage_labeling_lineanchortype":null,"auxiliary_storage_labeling_lineanchortextpoint":null},"geometry":{"type":"MultiPolygon","coordinates":[[[[140.275664717835753,35.717158405260321],[140.275781120835745,35.717274746260323],[140.275835270835756,35.717323073260324],[140.275891035835741,35.717363054260325],[140.275932709835729,35.71739438526032],[140.276325260835733,35.717608243260322],[140.276382371835751,35.717621029260322],[140.276531000835746,35.717391396260325],[140.275902678835735,35.717096021260325],[140.275753023835733,35.717025667260323],[140.275664717835753,35.717158405260321]]]]}},
{"type":"Feature","properties":{"fid":641,"polygon_uuid":null,"Adress":"印西市平賀干拓582","Tiban":"582","group":"9班","geometry_ID":"b9c3b9cf1c","area":11.0,"auxiliary_storage_labeling_positionx":null,"auxiliary_storage_labeling_positiony":null,"auxiliary_storage_labeling_lineanchorpercent":null,"auxiliary_storage_labeling_lineanchorclipping":null,"auxiliary_storage_labeling_lineanchortype":null,"auxiliary_storage_labeling_lineanchortextpoint":null},"geometry":{"type":"MultiPolygon","coordinates":[[[[140.264761171117726,35.744972041151087],[140.264900892452431,35.744957710757788],[140.26465906706548,35.744133713142993],[140.264540841320724,35.744208947707818],[140.264761171117726,35.744972041151087]]]]}},
{"type":"Feature","properties":{"fid":642,"polygon_uuid":null,"Adress":"酒々井町酒々井巖島276","Tiban":"276","group":"1班","geometry_ID":"771a1e2f1b","area":10.0,"auxiliary_storage_labeling_positionx":null,"auxiliary_storage_labeling_positiony":null,"auxiliary_storage_labeling_lineanchorpercent":null,"auxiliary_storage_labeling_lineanchorclipping":null,"auxiliary_storage_labeling_lineanchortype":null,"auxiliary_storage_labeling_lineanchortextpoint":null},"geometry":{"type":"MultiPolygon","coordinates":[[[[140.264553380414839,35.731279350352182],[140.264857901272478,35.731361750113663],[140.264834614383375,35.730872725442268],[140.264707432142842,35.730838690758183],[140.264553380414839,35.731279350352182]]]]}},
{"type":"Feature","properties":{"fid":643,"polygon_uuid":null,"Adress":"酒々井町墨高田435","Tiban":"435","group":"2班","geometry_ID":"dfe3641677","area":12.0,"auxiliary_storage_labeling_positionx":null,"auxiliary_storage_labeling_positiony":null,"auxiliary_storage_labeling_lineanchorpercent":null,"auxiliary_storage_labeling_lineanchorclipping":null,"auxiliary_storage_labeling_lineanchortype":null,"auxiliary_storage_labeling_lineanchortextpoint":null},"geometry":{"type":"MultiPolygon","coordinates":[[[[140.277691121631477,35.717353861230052],[140.27848689679314,35.717695381403594],[140.2785681321742,35.717576015129346],[140.277757436228285,35.717231179225962],[140.277691121631477,35.717353861230052]]]]}},
{"type":"Feature","properties":{"fid":644,"polygon_uuid":null,"Adress":"酒々井町墨高田439","Tiban":"439","group":"2班","geometry_ID":"961d625922","area":18.0,"auxiliary_storage_labeling_positionx":null,"auxiliary_storage_labeling_positiony":null,"auxiliary_storage_labeling_lineanchorpercent":null,"auxiliary_storage_labeling_lineanchorclipping":null,"auxiliary_storage_labeling_lineanchortype":null,"auxiliary_storage_labeling_lineanchortextpoint":null},"geometry":{"type":"MultiPolygon","coordinates":[[[[140.278531659145955,35.717705328593112],[140.279305882063653,35.718026954387611],[140.279423590472987,35.717851220706081],[140.278655999014973,35.717516331992222],[140.278531659145955,35.717705328593112]]]]}},
{"type":"Feature","properties":{"fid":645,"polygon_uuid":null,"Adress":"酒々井町墨高田467","Tiban":"467","group":"2班","geometry_ID":"fde1a905ce","area":11.0,"auxiliary_storage_labeling_positionx":null,"auxiliary_storage_labeling_positiony":null,"auxiliary_storage_labeling_lineanchorpercent":null,"auxiliary_storage_labeling_lineanchorclipping":null,"auxiliary_storage_labeling_lineanchortype":null,"auxiliary_storage_labeling_lineanchortextpoint":null},"geometry":{"type":"MultiPolygon","coordinates":[[[[140.279901794822251,35.718280575467588],[140.280367165858166,35.718472407802999],[140.280534131038991,35.718330309776768],[140.280019025693889,35.718102952934792],[140.279901794822251,35.718280575467588]]]]}},
{"type":"Feature","properties":{"fid":646,"polygon_uuid":null,"Adress":"酒々井町本佐倉境田157,158-1,159-1","Tiban":"157,158-1,159-1","group":"2班","geometry_ID":"96a7d59c02","area":13.0,"auxiliary_storage_labeling_positionx":null,"auxiliary_storage_labeling_positiony":null,"auxiliary_storage_labeling_lineanchorpercent":null,"auxiliary_storage_labeling_lineanchorclipping":null,"auxiliary_storage_labeling_lineanchortype":null,"auxiliary_storage_labeling_lineanchortextpoint":null},"geometry":{"type":"MultiPolygon","coordinates":[[[[140.264865159309068,35.714272523015133],[140.264989495082006,35.71411621518628],[140.264431760329046,35.713840900260458],[140.264364263766595,35.713888858344312],[140.264346501513302,35.714032732595868],[140.264865159309068,35.714272523015133]]]]}},
{"type":"Feature","properties":{"fid":647,"polygon_uuid":null,"Adress":"本佐倉根古谷前893-1","Tiban":"893-1","group":"1班","geometry_ID":null,"area":9.0,"auxiliary_storage_labeling_positionx":null,"auxiliary_storage_labeling_positiony":null,"auxiliary_storage_labeling_lineanchorpercent":null,"auxiliary_storage_labeling_lineanchorclipping":null,"auxiliary_storage_labeling_lineanchortype":null,"auxiliary_storage_labeling_lineanchortextpoint":null},"geometry":{"type":"MultiPolygon","coordinates":[[[[140.260483289093173,35.726853281125209],[140.260466280653446,35.726690283577867],[140.261024724424345,35.726660518808352],[140.261037480754112,35.726813594765851],[140.260483289093173,35.726853281125209]]]]}},
{"type":"Feature","properties":{"fid":648,"polygon_uuid":null,"Adress":"本佐倉根古谷前893-2","Tiban":"893-2","group":"1班","geometry_ID":null,"area":10.0,"auxiliary_storage_labeling_positionx":null,"auxiliary_storage_labeling_positiony":null,"auxiliary_storage_labeling_lineanchorpercent":null,"auxiliary_storage_labeling_lineanchorclipping":null,"auxiliary_storage_labeling_lineanchortype":null,"auxiliary_storage_labeling_lineanchortextpoint":null},"geometry":{"type":"MultiPolygon","coordinates":[[[[140.260469115393391,35.726687448837914],[140.260454941693638,35.726506025480873],[140.261006298614632,35.726480512821283],[140.261024724424345,35.726659101438372],[140.260469115393391,35.726687448837914]]]]}}
]
}
