{
"type": "FeatureCollection",
"name": "金尾",
"crs": { "type": "name", "properties": { "name": "urn:ogc:def:crs:OGC:1.3:CRS84" } },
"features": [
{"type":"Feature","properties":{"fid":1,"polygon_uuid":"67dc7b8f-99ec-4fb9-9473-0009ef4f1954","daicho_shubetsu_cd":"FUD25","面積":9,"auxiliary_storage_labeling_positionx":null,"auxiliary_storage_labeling_positiony":null,"auxiliary_storage_labeling_lineanchorpercent":null,"auxiliary_storage_labeling_lineanchorclipping":null,"auxiliary_storage_labeling_lineanchortype":null,"auxiliary_storage_labeling_lineanchortextpoint":null},"geometry":{"type":"Polygon","coordinates":[[[140.430284909,35.644933966],[140.430471141,35.644671914],[140.430172057,35.644519792],[140.430156547,35.644542909],[140.430054727,35.644768701],[140.430284909,35.644933966]]]}},
{"type":"Feature","properties":{"fid":9,"polygon_uuid":"739a5032-afd7-4b29-87fa-016145b13912","daicho_shubetsu_cd":"FUD25","面積":20,"auxiliary_storage_labeling_positionx":null,"auxiliary_storage_labeling_positiony":null,"auxiliary_storage_labeling_lineanchorpercent":null,"auxiliary_storage_labeling_lineanchorclipping":null,"auxiliary_storage_labeling_lineanchortype":null,"auxiliary_storage_labeling_lineanchortextpoint":null},"geometry":{"type":"Polygon","coordinates":[[[140.425801211,35.653025645],[140.425854762,35.652981408],[140.425832092,35.652717681],[140.425827049,35.652595934],[140.425482405999986,35.652506301],[140.425441806,35.652585143],[140.425402397999989,35.652850623],[140.425408522,35.652879534],[140.425414005,35.65298669],[140.42541841100001,35.653013848],[140.42550682000001,35.653013413],[140.425689248999987,35.653023791],[140.425801211,35.653025645]]]}},
{"type":"Feature","properties":{"fid":10,"polygon_uuid":"0681a7c8-9086-4744-9433-017920e5cf85","daicho_shubetsu_cd":"FUD25","面積":10,"auxiliary_storage_labeling_positionx":null,"auxiliary_storage_labeling_positiony":null,"auxiliary_storage_labeling_lineanchorpercent":null,"auxiliary_storage_labeling_lineanchorclipping":null,"auxiliary_storage_labeling_lineanchortype":null,"auxiliary_storage_labeling_lineanchortextpoint":null},"geometry":{"type":"Polygon","coordinates":[[[140.43606399,35.65288707],[140.436269186,35.652959936],[140.436494176,35.652512036],[140.436303745,35.652446751],[140.43606399,35.65288707]]]}},
{"type":"Feature","properties":{"fid":12,"polygon_uuid":"d1764c0b-70c3-42b8-8432-01b9a19a2810","daicho_shubetsu_cd":"FUD25","面積":11,"auxiliary_storage_labeling_positionx":null,"auxiliary_storage_labeling_positiony":null,"auxiliary_storage_labeling_lineanchorpercent":null,"auxiliary_storage_labeling_lineanchorclipping":null,"auxiliary_storage_labeling_lineanchortype":null,"auxiliary_storage_labeling_lineanchortextpoint":null},"geometry":{"type":"Polygon","coordinates":[[[140.426580952,35.649240307],[140.426548609,35.6492192],[140.426479913,35.649163801],[140.426427688,35.649131327],[140.425979286,35.649515265],[140.425991513000014,35.649534927],[140.426036477999986,35.64957758],[140.426096979,35.649590145],[140.426160098999986,35.649593386],[140.426580952,35.649240307]]]}},
{"type":"Feature","properties":{"fid":13,"polygon_uuid":"7cfb5dd7-af97-48f1-9df0-020c9d178433","daicho_shubetsu_cd":"FUD25","面積":4,"auxiliary_storage_labeling_positionx":null,"auxiliary_storage_labeling_positiony":null,"auxiliary_storage_labeling_lineanchorpercent":null,"auxiliary_storage_labeling_lineanchorclipping":null,"auxiliary_storage_labeling_lineanchortype":null,"auxiliary_storage_labeling_lineanchortextpoint":null},"geometry":{"type":"Polygon","coordinates":[[[140.42500234100001,35.647902],[140.425128635,35.647932821],[140.425194092,35.647786726],[140.424972978,35.647719213],[140.424883114000011,35.64787972],[140.42500234100001,35.647902]]]}},
{"type":"Feature","properties":{"fid":17,"polygon_uuid":"a28b53cc-aba9-4016-97d3-02c3cf508fe6","daicho_shubetsu_cd":"FUD25","面積":14,"auxiliary_storage_labeling_positionx":null,"auxiliary_storage_labeling_positiony":null,"auxiliary_storage_labeling_lineanchorpercent":null,"auxiliary_storage_labeling_lineanchorclipping":null,"auxiliary_storage_labeling_lineanchortype":null,"auxiliary_storage_labeling_lineanchortextpoint":null},"geometry":{"type":"Polygon","coordinates":[[[140.434053776000013,35.652115603],[140.434898981,35.652145302],[140.434682777,35.651945701],[140.434052294999987,35.651917756],[140.434053776000013,35.652115603]]]}},
{"type":"Feature","properties":{"fid":20,"polygon_uuid":"609ea96c-c503-4c98-ba44-03f28fa8994c","daicho_shubetsu_cd":"散布対象圃場","面積":39,"auxiliary_storage_labeling_positionx":null,"auxiliary_storage_labeling_positiony":null,"auxiliary_storage_labeling_lineanchorpercent":null,"auxiliary_storage_labeling_lineanchorclipping":null,"auxiliary_storage_labeling_lineanchortype":null,"auxiliary_storage_labeling_lineanchortextpoint":null},"geometry":{"type":"Polygon","coordinates":[[[140.435264144,35.64694623],[140.43504238,35.646459444],[140.434838372,35.646037498],[140.434814149,35.646021226],[140.434777924,35.64601157],[140.43449741500001,35.646101497],[140.434469519,35.646131146],[140.434481864,35.646170429],[140.434665419,35.646543296],[140.434894070000013,35.647037251],[140.434914301,35.647056823],[140.435218864,35.646960217],[140.435264144,35.64694623]]]}},
{"type":"Feature","properties":{"fid":24,"polygon_uuid":"30b3a03b-358e-4fbd-b19e-0471e2a6a978","daicho_shubetsu_cd":"FUD25","面積":11,"auxiliary_storage_labeling_positionx":null,"auxiliary_storage_labeling_positiony":null,"auxiliary_storage_labeling_lineanchorpercent":null,"auxiliary_storage_labeling_lineanchorclipping":null,"auxiliary_storage_labeling_lineanchortype":null,"auxiliary_storage_labeling_lineanchortextpoint":null},"geometry":{"type":"Polygon","coordinates":[[[140.435400206,35.649174784],[140.435207109,35.649233374],[140.43541023,35.649718095],[140.435616694,35.64965275],[140.435400206,35.649174784]]]}},
{"type":"Feature","properties":{"fid":27,"polygon_uuid":"05d5bd26-019a-42db-83b9-04f3ad13e0ea","daicho_shubetsu_cd":"FUD25","面積":14,"auxiliary_storage_labeling_positionx":null,"auxiliary_storage_labeling_positiony":null,"auxiliary_storage_labeling_lineanchorpercent":null,"auxiliary_storage_labeling_lineanchorclipping":null,"auxiliary_storage_labeling_lineanchortype":null,"auxiliary_storage_labeling_lineanchortextpoint":null},"geometry":{"type":"Polygon","coordinates":[[[140.42979197,35.649818799],[140.429773167,35.649518641],[140.429764236000011,35.6493772],[140.42961845100001,35.649374706],[140.429579344,35.649384628],[140.429555231,35.649401706],[140.429520887,35.649440033],[140.429455419,35.649484169],[140.429418349,35.649485027],[140.429428521,35.649793673],[140.429590208,35.649815382],[140.429680889,35.64982458],[140.429763595,35.649820955],[140.42979197,35.649818799]]]}},
{"type":"Feature","properties":{"fid":32,"polygon_uuid":"a5caf2f4-a36c-463c-ba6e-053cdb490d52","daicho_shubetsu_cd":"FUD25","面積":4,"auxiliary_storage_labeling_positionx":null,"auxiliary_storage_labeling_positiony":null,"auxiliary_storage_labeling_lineanchorpercent":null,"auxiliary_storage_labeling_lineanchorclipping":null,"auxiliary_storage_labeling_lineanchortype":null,"auxiliary_storage_labeling_lineanchortextpoint":null},"geometry":{"type":"Polygon","coordinates":[[[140.423387833,35.644511681],[140.422994279,35.644543509],[140.423012212,35.644680825],[140.423261136,35.644604182],[140.423362497,35.644565972],[140.423388071,35.644544073],[140.423387833,35.644511681]]]}},
{"type":"Feature","properties":{"fid":38,"polygon_uuid":"d74443a9-e605-461f-b98e-05df8e0ebcda","daicho_shubetsu_cd":"FUD25","面積":5,"auxiliary_storage_labeling_positionx":null,"auxiliary_storage_labeling_positiony":null,"auxiliary_storage_labeling_lineanchorpercent":null,"auxiliary_storage_labeling_lineanchorclipping":null,"auxiliary_storage_labeling_lineanchortype":null,"auxiliary_storage_labeling_lineanchortextpoint":null},"geometry":{"type":"Polygon","coordinates":[[[140.430371793,35.648967675],[140.430392856,35.648993983],[140.430444282,35.649009072],[140.430517406,35.649004147],[140.430631510000012,35.648962496],[140.430630322000013,35.648960006],[140.430628621000011,35.648956635],[140.430594242000012,35.648888503],[140.430513723,35.648735028],[140.430414053,35.64877876],[140.430305309,35.648856959],[140.430371793,35.648967675]]]}},
{"type":"Feature","properties":{"fid":39,"polygon_uuid":"a7aa0164-dc74-4e9e-be69-05e9e4419844","daicho_shubetsu_cd":"FUD25","面積":26,"auxiliary_storage_labeling_positionx":null,"auxiliary_storage_labeling_positiony":null,"auxiliary_storage_labeling_lineanchorpercent":null,"auxiliary_storage_labeling_lineanchorclipping":null,"auxiliary_storage_labeling_lineanchortype":null,"auxiliary_storage_labeling_lineanchortextpoint":null},"geometry":{"type":"Polygon","coordinates":[[[140.423135228,35.644814838],[140.423147529,35.644827236],[140.42326952,35.644811689],[140.42329725,35.644846437],[140.423294188999989,35.644871615],[140.423285736,35.64494118],[140.423276926,35.644988566],[140.423251334000014,35.645083644],[140.423406841,35.645101734],[140.423558657,35.645111488],[140.423683369,35.645116888],[140.423717552999989,35.645130928],[140.423760429,35.645132548],[140.423823624,35.644807887],[140.423838093,35.644677131],[140.42379114,35.644587614],[140.423754051,35.644527964],[140.423710193,35.644545404],[140.423527739,35.644640985],[140.423302549,35.644736774],[140.423135228,35.644814838]]]}},
{"type":"Feature","properties":{"fid":41,"polygon_uuid":"aea1e368-48fa-4a20-9934-0674c6e3afb4","daicho_shubetsu_cd":"FUD25","面積":4,"auxiliary_storage_labeling_positionx":null,"auxiliary_storage_labeling_positiony":null,"auxiliary_storage_labeling_lineanchorpercent":null,"auxiliary_storage_labeling_lineanchorclipping":null,"auxiliary_storage_labeling_lineanchortype":null,"auxiliary_storage_labeling_lineanchortextpoint":null},"geometry":{"type":"Polygon","coordinates":[[[140.434179549,35.640719798],[140.434367788,35.640587706],[140.434324487999987,35.640526719],[140.434267037000012,35.640483288],[140.434163915999989,35.640539178],[140.434064365000012,35.640595049],[140.434179549,35.640719798]]]}},
{"type":"Feature","properties":{"fid":42,"polygon_uuid":"c3a094a4-8865-429f-afc6-06c37b0f9e89","daicho_shubetsu_cd":"FUD25","面積":21,"auxiliary_storage_labeling_positionx":null,"auxiliary_storage_labeling_positiony":null,"auxiliary_storage_labeling_lineanchorpercent":null,"auxiliary_storage_labeling_lineanchorclipping":null,"auxiliary_storage_labeling_lineanchortype":null,"auxiliary_storage_labeling_lineanchortextpoint":null},"geometry":{"type":"Polygon","coordinates":[[[140.428699424,35.649171119],[140.428675532999989,35.649136938],[140.428646531999988,35.649122075],[140.428580555,35.649079526],[140.428496290999988,35.64904993],[140.428466749,35.649024917],[140.428385652,35.649005459],[140.42821206,35.648972016],[140.428031693,35.64894017],[140.42796807,35.649064834],[140.427948657,35.649137471],[140.427919353,35.649198848],[140.427900967999989,35.649234455],[140.427901489,35.649258656],[140.427921446,35.649271584],[140.42793852,35.64927349],[140.428032389,35.649282043],[140.428132821,35.649282961],[140.4282696,35.649282285],[140.428370116,35.649294508],[140.428482473,35.649311534],[140.428501832,35.649311438],[140.428640226999988,35.649334335],[140.428699424,35.649171119]]]}},
{"type":"Feature","properties":{"fid":53,"polygon_uuid":"ca48eed3-de01-4dcd-944f-083bbdfae6d4","daicho_shubetsu_cd":"FUD25","面積":4,"auxiliary_storage_labeling_positionx":null,"auxiliary_storage_labeling_positiony":null,"auxiliary_storage_labeling_lineanchorpercent":null,"auxiliary_storage_labeling_lineanchorclipping":null,"auxiliary_storage_labeling_lineanchortype":null,"auxiliary_storage_labeling_lineanchortextpoint":null},"geometry":{"type":"Polygon","coordinates":[[[140.426457449,35.647641227],[140.426423404,35.647772876],[140.426423911,35.647841473],[140.426428069999986,35.647857131],[140.42644944700001,35.647874295],[140.426538742,35.647892049],[140.426619687,35.647894434],[140.426615579000014,35.647677705],[140.426583743,35.647672045],[140.426499533,35.647649594],[140.426457449,35.647641227]]]}},
{"type":"Feature","properties":{"fid":56,"polygon_uuid":"0e849f03-fd2c-4f62-9d57-08eaa65529db","daicho_shubetsu_cd":"FUD25","面積":20,"auxiliary_storage_labeling_positionx":null,"auxiliary_storage_labeling_positiony":null,"auxiliary_storage_labeling_lineanchorpercent":null,"auxiliary_storage_labeling_lineanchorclipping":null,"auxiliary_storage_labeling_lineanchortype":null,"auxiliary_storage_labeling_lineanchortextpoint":null},"geometry":{"type":"Polygon","coordinates":[[[140.435925901,35.652356313],[140.435594142000014,35.652221576],[140.435523274,35.652225448],[140.435378193,35.652425458],[140.43532793,35.652495289],[140.435313797,35.652545694],[140.435325012,35.65259005],[140.435476067,35.652657394],[140.435489114,35.652679819],[140.43570127000001,35.652757448],[140.435723401,35.652766341],[140.435753264,35.652705876],[140.435925901,35.652356313]]]}},
{"type":"Feature","properties":{"fid":61,"polygon_uuid":"6706d8a7-b141-46b9-8f0a-09e7c7811569","daicho_shubetsu_cd":"FUD25","面積":12,"auxiliary_storage_labeling_positionx":null,"auxiliary_storage_labeling_positiony":null,"auxiliary_storage_labeling_lineanchorpercent":null,"auxiliary_storage_labeling_lineanchorclipping":null,"auxiliary_storage_labeling_lineanchortype":null,"auxiliary_storage_labeling_lineanchortextpoint":null},"geometry":{"type":"Polygon","coordinates":[[[140.425027922,35.652889485],[140.425017236,35.652939148],[140.425142806999986,35.65290978],[140.425260783999988,35.65288026],[140.425402397999989,35.652850623],[140.425441806,35.652585143],[140.425226581,35.652560306],[140.425081008,35.652543506],[140.425070719,35.652750962],[140.425047686,35.652833073],[140.425027922,35.652889485]]]}},
{"type":"Feature","properties":{"fid":74,"polygon_uuid":"95e72827-1091-406d-9865-0c9c7d01c76d","daicho_shubetsu_cd":"FUD25","面積":37,"auxiliary_storage_labeling_positionx":null,"auxiliary_storage_labeling_positiony":null,"auxiliary_storage_labeling_lineanchorpercent":null,"auxiliary_storage_labeling_lineanchorclipping":null,"auxiliary_storage_labeling_lineanchortype":null,"auxiliary_storage_labeling_lineanchortextpoint":null},"geometry":{"type":"Polygon","coordinates":[[[140.436103017,35.646703846],[140.435926771,35.646770304],[140.435742417,35.646826966],[140.435856635,35.647059188],[140.436089310999989,35.647553122],[140.436174921,35.647719911],[140.436190963,35.647716552],[140.436203161,35.647736163],[140.436255257,35.647719509],[140.436267085999987,35.647689941],[140.436499348000012,35.647593693],[140.436494937,35.647541254],[140.436307156,35.647142182],[140.436103017,35.646703846]]]}},
{"type":"Feature","properties":{"fid":77,"polygon_uuid":"1678e8e7-c3fa-4f99-8964-0d15a0a46ad1","daicho_shubetsu_cd":"FUD25","面積":6,"auxiliary_storage_labeling_positionx":null,"auxiliary_storage_labeling_positiony":null,"auxiliary_storage_labeling_lineanchorpercent":null,"auxiliary_storage_labeling_lineanchorclipping":null,"auxiliary_storage_labeling_lineanchortype":null,"auxiliary_storage_labeling_lineanchortextpoint":null},"geometry":{"type":"Polygon","coordinates":[[[140.426763571,35.649342049],[140.426961823999989,35.649158855],[140.426965964,35.649150516],[140.426954865999988,35.649141547],[140.426937743,35.649098948],[140.426882036,35.649024193],[140.426860092999988,35.649001362],[140.426738211000014,35.64910915],[140.426587837,35.6492224],[140.42669492600001,35.649293725],[140.426763571,35.649342049]]]}},
{"type":"Feature","properties":{"fid":89,"polygon_uuid":"6a5ff874-b8bc-4c3e-a0f4-0df52cf9c79d","daicho_shubetsu_cd":"FUD25","面積":6,"auxiliary_storage_labeling_positionx":null,"auxiliary_storage_labeling_positiony":null,"auxiliary_storage_labeling_lineanchorpercent":null,"auxiliary_storage_labeling_lineanchorclipping":null,"auxiliary_storage_labeling_lineanchortype":null,"auxiliary_storage_labeling_lineanchortextpoint":null},"geometry":{"type":"Polygon","coordinates":[[[140.425855716,35.648647224],[140.426014402,35.648767839],[140.426241395,35.648559462],[140.426052084,35.648467127],[140.425855716,35.648647224]]]}},
{"type":"Feature","properties":{"fid":94,"polygon_uuid":"065c3c01-65bb-48b6-8d3e-0e824a152fc3","daicho_shubetsu_cd":"FUD25","面積":9,"auxiliary_storage_labeling_positionx":null,"auxiliary_storage_labeling_positiony":null,"auxiliary_storage_labeling_lineanchorpercent":null,"auxiliary_storage_labeling_lineanchorclipping":null,"auxiliary_storage_labeling_lineanchortype":null,"auxiliary_storage_labeling_lineanchortextpoint":null},"geometry":{"type":"Polygon","coordinates":[[[140.436658404000013,35.653185083],[140.436450203,35.653584379],[140.436470319,35.653596167],[140.436530569000013,35.653618155],[140.436598122,35.65364308],[140.43663095,35.653650345],[140.436853482,35.653240862],[140.436844511,35.653237647],[140.436727633,35.65319068],[140.436691152,35.653181947],[140.436667439,35.653176122],[140.436658404000013,35.653185083]]]}},
{"type":"Feature","properties":{"fid":97,"polygon_uuid":"ec616a81-5edf-4a81-88a5-0f2ea94e5867","daicho_shubetsu_cd":"FUD25","面積":7,"auxiliary_storage_labeling_positionx":null,"auxiliary_storage_labeling_positiony":null,"auxiliary_storage_labeling_lineanchorpercent":null,"auxiliary_storage_labeling_lineanchorclipping":null,"auxiliary_storage_labeling_lineanchortype":null,"auxiliary_storage_labeling_lineanchortextpoint":null},"geometry":{"type":"Polygon","coordinates":[[[140.432832052,35.643819],[140.432649762000011,35.643404567],[140.43263421,35.643395616],[140.432607744,35.643406583],[140.432586337,35.643502397],[140.432599826,35.643531223],[140.432609133,35.643592575],[140.432572173000011,35.643679439],[140.432635436,35.643856094],[140.432675350000011,35.643868536],[140.432803482,35.643844423],[140.432832052,35.643819]]]}},
{"type":"Feature","properties":{"fid":99,"polygon_uuid":"c89bd395-85ff-4f56-b61b-0fbee39aaf61","daicho_shubetsu_cd":"FUD25","面積":3,"auxiliary_storage_labeling_positionx":null,"auxiliary_storage_labeling_positiony":null,"auxiliary_storage_labeling_lineanchorpercent":null,"auxiliary_storage_labeling_lineanchorclipping":null,"auxiliary_storage_labeling_lineanchortype":null,"auxiliary_storage_labeling_lineanchortextpoint":null},"geometry":{"type":"Polygon","coordinates":[[[140.43620116,35.653687522],[140.436332564999987,35.653729216],[140.436394624,35.653628599],[140.436399902,35.653604054],[140.436314671,35.653528693],[140.43625975,35.653488846],[140.436238839999987,35.653613776],[140.43620116,35.653687522]]]}},
{"type":"Feature","properties":{"fid":100,"polygon_uuid":"b6362d3f-a7c3-4972-8387-0fd8fef1071c","daicho_shubetsu_cd":"FUD25","面積":13,"auxiliary_storage_labeling_positionx":null,"auxiliary_storage_labeling_positiony":null,"auxiliary_storage_labeling_lineanchorpercent":null,"auxiliary_storage_labeling_lineanchorclipping":null,"auxiliary_storage_labeling_lineanchortype":null,"auxiliary_storage_labeling_lineanchortextpoint":null},"geometry":{"type":"Polygon","coordinates":[[[140.424792486,35.649911811],[140.424865006,35.6498761],[140.42530419900001,35.649673777],[140.425220599,35.649481405],[140.424844707,35.649632584],[140.424656205,35.649714114],[140.424792486,35.649911811]]]}},
{"type":"Feature","properties":{"fid":107,"polygon_uuid":"05da0e4b-39c1-4c02-9d1c-1095d626c7f9","daicho_shubetsu_cd":"FUD25","面積":17,"auxiliary_storage_labeling_positionx":null,"auxiliary_storage_labeling_positiony":null,"auxiliary_storage_labeling_lineanchorpercent":null,"auxiliary_storage_labeling_lineanchorclipping":null,"auxiliary_storage_labeling_lineanchortype":null,"auxiliary_storage_labeling_lineanchortextpoint":null},"geometry":{"type":"Polygon","coordinates":[[[140.433944301999986,35.640295388],[140.434061573,35.640221941],[140.434146886,35.640171969],[140.43423931800001,35.640119048],[140.434328332,35.640086545],[140.434378097,35.640057151],[140.434374395,35.640039683],[140.434388545,35.640022125],[140.434370389,35.639981413],[140.434316444,35.639929222],[140.434298593,35.639929311],[140.434184806,35.639991082],[140.433932327,35.640126408],[140.433786494,35.640199997],[140.433629973,35.640276553],[140.433395276999988,35.640403046],[140.433413237,35.640417528],[140.433434964000014,35.640458224],[140.43338509,35.640473044],[140.433442801000012,35.640551447],[140.433467748,35.640545495],[140.433542505,35.640515977],[140.433613646999987,35.640480649],[140.433713307,35.640439349],[140.433777266,35.640398228],[140.433944301999986,35.640295388]]]}},
{"type":"Feature","properties":{"fid":118,"polygon_uuid":"5d26363e-2e93-42c3-ac20-127529318e1e","daicho_shubetsu_cd":"FUD25","面積":29,"auxiliary_storage_labeling_positionx":null,"auxiliary_storage_labeling_positiony":null,"auxiliary_storage_labeling_lineanchorpercent":null,"auxiliary_storage_labeling_lineanchorclipping":null,"auxiliary_storage_labeling_lineanchortype":null,"auxiliary_storage_labeling_lineanchortextpoint":null},"geometry":{"type":"Polygon","coordinates":[[[140.429663364,35.646175825],[140.429609545,35.646158942],[140.429555698,35.646138248],[140.42951829,35.646130811],[140.42946242,35.646152048],[140.429399759,35.646201903],[140.42933223,35.646225103],[140.429304019999989,35.646230046],[140.429421572,35.646679857],[140.429583006,35.646671663],[140.429627361,35.646671444],[140.429701836,35.646640586],[140.429848594,35.646597937],[140.430034966,35.646545565],[140.430004109,35.646477119],[140.4299829,35.646450546],[140.429956753999988,35.646387793],[140.429918596,35.646279366],[140.429880508,35.646180467],[140.429856711000014,35.646119608],[140.429728614999988,35.646160258],[140.429663364,35.646175825]]]}},
{"type":"Feature","properties":{"fid":124,"polygon_uuid":"ac60f0f8-5c79-4064-b23d-1396b5c556c6","daicho_shubetsu_cd":"FUD25","面積":1,"auxiliary_storage_labeling_positionx":null,"auxiliary_storage_labeling_positiony":null,"auxiliary_storage_labeling_lineanchorpercent":null,"auxiliary_storage_labeling_lineanchorclipping":null,"auxiliary_storage_labeling_lineanchortype":null,"auxiliary_storage_labeling_lineanchortextpoint":null},"geometry":{"type":"Polygon","coordinates":[[[140.423135228,35.644814838],[140.422961857,35.644900406],[140.423080795,35.644884874],[140.423218085,35.644874234],[140.423294188999989,35.644871615],[140.42329725,35.644846437],[140.42326952,35.644811689],[140.423147529,35.644827236],[140.423135228,35.644814838]]]}},
{"type":"Feature","properties":{"fid":125,"polygon_uuid":"079783fb-c53b-4a1b-938a-13aedf0f16ac","daicho_shubetsu_cd":"FUD25","面積":22,"auxiliary_storage_labeling_positionx":null,"auxiliary_storage_labeling_positiony":null,"auxiliary_storage_labeling_lineanchorpercent":null,"auxiliary_storage_labeling_lineanchorclipping":null,"auxiliary_storage_labeling_lineanchortype":null,"auxiliary_storage_labeling_lineanchortextpoint":null},"geometry":{"type":"Polygon","coordinates":[[[140.433000367,35.649570186],[140.432981007,35.64955979],[140.432956937,35.649502029],[140.432936614,35.649418524],[140.432951459,35.649296258],[140.432825708,35.649338687],[140.432770723,35.64936147],[140.432735535,35.649371239],[140.432098040999989,35.649356243],[140.432092906,35.649363226],[140.432096604,35.649511707],[140.43210065,35.64960055],[140.432165858,35.649596281],[140.432291021,35.649597879],[140.432368673000013,35.649596228],[140.432457365,35.649604198],[140.432587391999988,35.649606767],[140.432666683,35.649614664],[140.432742782,35.649615617],[140.43285941,35.649631138],[140.432981704000014,35.649653039],[140.432977263999987,35.649635629],[140.432987512000011,35.649601278],[140.433000367,35.649570186]]]}},
{"type":"Feature","properties":{"fid":126,"polygon_uuid":"dde668c3-deb0-4c9a-b175-13c5be590da2","daicho_shubetsu_cd":"FUD25","面積":5,"auxiliary_storage_labeling_positionx":null,"auxiliary_storage_labeling_positiony":null,"auxiliary_storage_labeling_lineanchorpercent":null,"auxiliary_storage_labeling_lineanchorclipping":null,"auxiliary_storage_labeling_lineanchortype":null,"auxiliary_storage_labeling_lineanchortextpoint":null},"geometry":{"type":"Polygon","coordinates":[[[140.427036867999988,35.649362139],[140.427045636,35.649373904],[140.427068338999987,35.649444726],[140.427064827,35.649502624],[140.427057353,35.649557327],[140.427077408,35.649605461],[140.427164172,35.649617896],[140.427203329,35.649585546],[140.427218825000011,35.649550099],[140.42723012,35.649479301],[140.427213862,35.649411853],[140.427185762,35.649341248],[140.427173982,35.64931864],[140.427111731,35.649268328],[140.427040706000014,35.64933237],[140.427036867999988,35.649362139]]]}},
{"type":"Feature","properties":{"fid":127,"polygon_uuid":"3617ebcb-e8cd-4ccb-b676-13fb0a998c24","daicho_shubetsu_cd":"FUD25","面積":41,"auxiliary_storage_labeling_positionx":null,"auxiliary_storage_labeling_positiony":null,"auxiliary_storage_labeling_lineanchorpercent":null,"auxiliary_storage_labeling_lineanchorclipping":null,"auxiliary_storage_labeling_lineanchortype":null,"auxiliary_storage_labeling_lineanchortextpoint":null},"geometry":{"type":"Polygon","coordinates":[[[140.422762149,35.642564286],[140.422446641,35.64226418],[140.422232272,35.642061943],[140.422122982,35.641947719],[140.422063119,35.642000473],[140.421967467,35.642102583],[140.421812023,35.642267283],[140.421840331999988,35.642293375],[140.421820362,35.642316074],[140.422007036,35.642518943],[140.422239507,35.642736824],[140.422367013000013,35.642822789],[140.422785141,35.642586946],[140.422762149,35.642564286]]]}},
{"type":"Feature","properties":{"fid":128,"polygon_uuid":"22ee9290-9db2-451f-a717-141f71fe9b22","daicho_shubetsu_cd":"FUD25","面積":23,"auxiliary_storage_labeling_positionx":null,"auxiliary_storage_labeling_positiony":null,"auxiliary_storage_labeling_lineanchorpercent":null,"auxiliary_storage_labeling_lineanchorclipping":null,"auxiliary_storage_labeling_lineanchortype":null,"auxiliary_storage_labeling_lineanchortextpoint":null},"geometry":{"type":"Polygon","coordinates":[[[140.420253616999986,35.64585337],[140.420671013,35.645708775],[140.420665292,35.645697537],[140.420387221999988,35.645220199],[140.42033762,35.645235007],[140.420167225,35.645310589],[140.420007987,35.645389635],[140.420058555,35.645478066],[140.42015455,35.645664479],[140.420253616999986,35.64585337]]]}},
{"type":"Feature","properties":{"fid":129,"polygon_uuid":"bc9be6e1-549f-4aac-b04a-1439cb5ea58c","daicho_shubetsu_cd":"散布対象圃場","面積":31,"auxiliary_storage_labeling_positionx":null,"auxiliary_storage_labeling_positiony":null,"auxiliary_storage_labeling_lineanchorpercent":null,"auxiliary_storage_labeling_lineanchorclipping":null,"auxiliary_storage_labeling_lineanchortype":null,"auxiliary_storage_labeling_lineanchortextpoint":null},"geometry":{"type":"Polygon","coordinates":[[[140.436064951,35.648926226],[140.436346835,35.648839227],[140.435919082999987,35.647919218],[140.435896565,35.647923394],[140.435853493,35.647921059],[140.435621262000012,35.647997477],[140.435635893000011,35.64803028],[140.436064951,35.648926226]]]}},
{"type":"Feature","properties":{"fid":130,"polygon_uuid":"1617be49-6b50-4d6a-ad7a-144c28d3f3d3","daicho_shubetsu_cd":"FUD25","面積":6,"auxiliary_storage_labeling_positionx":null,"auxiliary_storage_labeling_positiony":null,"auxiliary_storage_labeling_lineanchorpercent":null,"auxiliary_storage_labeling_lineanchorclipping":null,"auxiliary_storage_labeling_lineanchortype":null,"auxiliary_storage_labeling_lineanchortextpoint":null},"geometry":{"type":"Polygon","coordinates":[[[140.432268319,35.649345511],[140.432560450000011,35.64935121],[140.43256191,35.649303829],[140.432554026,35.649219485],[140.432549845000011,35.649145484],[140.432258557000011,35.649149668],[140.432263863,35.649234501],[140.432268319,35.649345511]]]}},
{"type":"Feature","properties":{"fid":131,"polygon_uuid":"1b908af8-bd27-4847-befd-146c6c54340c","daicho_shubetsu_cd":"FUD25","面積":59,"auxiliary_storage_labeling_positionx":null,"auxiliary_storage_labeling_positiony":null,"auxiliary_storage_labeling_lineanchorpercent":null,"auxiliary_storage_labeling_lineanchorclipping":null,"auxiliary_storage_labeling_lineanchortype":null,"auxiliary_storage_labeling_lineanchortextpoint":null},"geometry":{"type":"Polygon","coordinates":[[[140.420454195,35.64271607],[140.420392338,35.642791305],[140.420344618,35.642857113],[140.420277199999987,35.642975478],[140.420197826,35.643107017],[140.420027149,35.643386546],[140.420133516,35.643428197],[140.420231521,35.643437712],[140.421315405,35.643223405],[140.421245441,35.643003544],[140.421153226,35.642732334],[140.42106913,35.642767172],[140.421009024999989,35.642787138],[140.420948848,35.642797268],[140.420858474999989,35.642797708],[140.420792165,35.642793114],[140.420695658999989,35.64277883],[140.420611274,35.642774323],[140.42054485700001,35.642754974],[140.420454195,35.64271607]]]}},
{"type":"Feature","properties":{"fid":133,"polygon_uuid":"f3529e4c-f168-4c5e-acfa-147b72f110e5","daicho_shubetsu_cd":"散布対象圃場","面積":45,"auxiliary_storage_labeling_positionx":null,"auxiliary_storage_labeling_positiony":null,"auxiliary_storage_labeling_lineanchorpercent":null,"auxiliary_storage_labeling_lineanchorclipping":null,"auxiliary_storage_labeling_lineanchortype":null,"auxiliary_storage_labeling_lineanchortextpoint":null},"geometry":{"type":"Polygon","coordinates":[[[140.428141702,35.641469419],[140.428022592,35.641656899],[140.427855864,35.641923305],[140.42790822500001,35.641942718],[140.428460267,35.642179344],[140.428822827,35.642321819],[140.428854862,35.642308545],[140.42886925,35.642082238],[140.42890768800001,35.641849254],[140.428771053,35.641840092],[140.428682422,35.641804464],[140.428565529,35.641749302],[140.428347566000014,35.641606112],[140.428141702,35.641469419]]]}},
{"type":"Feature","properties":{"fid":134,"polygon_uuid":"8155029e-262c-4bea-b615-14bc4e777103","daicho_shubetsu_cd":"FUD25","面積":9,"auxiliary_storage_labeling_positionx":null,"auxiliary_storage_labeling_positiony":null,"auxiliary_storage_labeling_lineanchorpercent":null,"auxiliary_storage_labeling_lineanchorclipping":null,"auxiliary_storage_labeling_lineanchortype":null,"auxiliary_storage_labeling_lineanchortextpoint":null},"geometry":{"type":"Polygon","coordinates":[[[140.42666791100001,35.648419341],[140.426537861000014,35.648354241],[140.426335438,35.648263291],[140.426330605,35.648275346],[140.426177273,35.648462916],[140.426244709,35.648490025],[140.426388829,35.648563631],[140.426497848,35.648625977],[140.42666791100001,35.648419341]]]}},
{"type":"Feature","properties":{"fid":136,"polygon_uuid":"f4471a95-f692-4909-9b24-156b844550fa","daicho_shubetsu_cd":"FUD25","面積":21,"auxiliary_storage_labeling_positionx":null,"auxiliary_storage_labeling_positiony":null,"auxiliary_storage_labeling_lineanchorpercent":null,"auxiliary_storage_labeling_lineanchorclipping":null,"auxiliary_storage_labeling_lineanchortype":null,"auxiliary_storage_labeling_lineanchortextpoint":null},"geometry":{"type":"Polygon","coordinates":[[[140.427109484999988,35.647543205],[140.427181074,35.647181131],[140.427002171,35.647139138],[140.426826748,35.64709427],[140.426595321,35.647052535],[140.426541785000012,35.647389793],[140.426675146,35.647429153],[140.426833058999989,35.647474107],[140.427001415,35.647510435],[140.427109484999988,35.647543205]]]}},
{"type":"Feature","properties":{"fid":137,"polygon_uuid":"a927bf1a-6910-4f92-817c-156dd56f66a9","daicho_shubetsu_cd":"FUD25","面積":28,"auxiliary_storage_labeling_positionx":null,"auxiliary_storage_labeling_positiony":null,"auxiliary_storage_labeling_lineanchorpercent":null,"auxiliary_storage_labeling_lineanchorclipping":null,"auxiliary_storage_labeling_lineanchortype":null,"auxiliary_storage_labeling_lineanchortextpoint":null},"geometry":{"type":"Polygon","coordinates":[[[140.433738125,35.64635344],[140.434170998000013,35.647288208],[140.434429763,35.647204458],[140.433993007999987,35.646272668],[140.433738125,35.64635344]]]}},
{"type":"Feature","properties":{"fid":138,"polygon_uuid":"11e79945-fe1c-495a-8744-1573af387145","daicho_shubetsu_cd":"FUD25","面積":39,"auxiliary_storage_labeling_positionx":null,"auxiliary_storage_labeling_positiony":null,"auxiliary_storage_labeling_lineanchorpercent":null,"auxiliary_storage_labeling_lineanchorclipping":null,"auxiliary_storage_labeling_lineanchortype":null,"auxiliary_storage_labeling_lineanchortextpoint":null},"geometry":{"type":"Polygon","coordinates":[[[140.429097555999988,35.64671423],[140.429421572,35.646679857],[140.429304019999989,35.646230046],[140.429276275,35.646234908],[140.429229601,35.646237044],[140.429118509,35.646208706],[140.42898068400001,35.64615519],[140.428886121,35.646105242],[140.428814288000012,35.645997203],[140.428758402999989,35.645957147],[140.42873607300001,35.646069433],[140.428695785,35.64629607],[140.428641516,35.646404404],[140.428638541999987,35.646505531],[140.428641516,35.646585838],[140.428671259,35.646675068],[140.428742643,35.646704811],[140.429097555999988,35.64671423]]]}},
{"type":"Feature","properties":{"fid":151,"polygon_uuid":"5991b408-c72f-4294-b1d5-16bfc7c8ebba","daicho_shubetsu_cd":"FUD25","面積":5,"auxiliary_storage_labeling_positionx":null,"auxiliary_storage_labeling_positiony":null,"auxiliary_storage_labeling_lineanchorpercent":null,"auxiliary_storage_labeling_lineanchorclipping":null,"auxiliary_storage_labeling_lineanchortype":null,"auxiliary_storage_labeling_lineanchortextpoint":null},"geometry":{"type":"Polygon","coordinates":[[[140.436126046999988,35.651900985],[140.435995948999988,35.65184619],[140.435937016,35.651844299],[140.435816636,35.651862388],[140.43579283,35.651884245],[140.43580677700001,35.651976102],[140.435759016,35.652035359],[140.435629674000012,35.652138097],[140.435711500999986,35.652127403],[140.435797066,35.652109487],[140.43588444,35.651975713],[140.435903055000011,35.651958133],[140.435972650999986,35.651953414],[140.436116954999989,35.652010261],[140.436160909,35.651923062],[140.436126046999988,35.651900985]]]}},
{"type":"Feature","properties":{"fid":152,"polygon_uuid":"fb70a184-47c5-42a2-af2d-16ea2678923a","daicho_shubetsu_cd":"FUD25","面積":13,"auxiliary_storage_labeling_positionx":null,"auxiliary_storage_labeling_positiony":null,"auxiliary_storage_labeling_lineanchorpercent":null,"auxiliary_storage_labeling_lineanchorclipping":null,"auxiliary_storage_labeling_lineanchortype":null,"auxiliary_storage_labeling_lineanchortextpoint":null},"geometry":{"type":"Polygon","coordinates":[[[140.432564858,35.6487469],[140.432789918999987,35.648726598],[140.432868697,35.648724705],[140.432862212,35.648705976],[140.432863428,35.648634512],[140.43285559200001,35.648523077],[140.43284280200001,35.648451683],[140.43282667,35.648401744],[140.432805468,35.648376124],[140.432785696,35.648307623],[140.432764579,35.648293436],[140.432720808,35.648293654],[140.432661332,35.648301096],[140.432617560000011,35.648301314],[140.43254755800001,35.64830595],[140.432537853000014,35.648413185],[140.432544137,35.648551209],[140.432551791,35.64863835],[140.432564858,35.6487469]]]}},
{"type":"Feature","properties":{"fid":155,"polygon_uuid":"08a655bf-173d-4851-b5db-1745152fc542","daicho_shubetsu_cd":"散布対象圃場","面積":51,"auxiliary_storage_labeling_positionx":null,"auxiliary_storage_labeling_positiony":null,"auxiliary_storage_labeling_lineanchorpercent":null,"auxiliary_storage_labeling_lineanchorclipping":null,"auxiliary_storage_labeling_lineanchortype":null,"auxiliary_storage_labeling_lineanchortextpoint":null},"geometry":{"type":"Polygon","coordinates":[[[140.427809407000012,35.641920734],[140.427458827,35.641768361],[140.426897851,35.641527561],[140.426716647,35.641458057],[140.426693551999989,35.641483599],[140.426671610999989,35.641476717],[140.426570164,35.641641474],[140.426517241,35.641732513],[140.426490866,35.64177641],[140.426464684,35.64181631],[140.426547582000012,35.641841707],[140.426898136,35.641990804],[140.427240586000011,35.642130105],[140.427421914,35.642207901],[140.427591119999988,35.642275922],[140.427809407000012,35.641920734]]]}},
{"type":"Feature","properties":{"fid":159,"polygon_uuid":"a1e4488b-21b6-4da7-9b9b-1892fc23a8a2","daicho_shubetsu_cd":"散布対象圃場","面積":20,"auxiliary_storage_labeling_positionx":null,"auxiliary_storage_labeling_positiony":null,"auxiliary_storage_labeling_lineanchorpercent":null,"auxiliary_storage_labeling_lineanchorclipping":null,"auxiliary_storage_labeling_lineanchortype":null,"auxiliary_storage_labeling_lineanchortextpoint":null},"geometry":{"type":"Polygon","coordinates":[[[140.436728961,35.650972289],[140.436825711000012,35.651181763],[140.436910788,35.651367135],[140.436941069,35.651436999],[140.437003116999989,35.651421466],[140.437179877,35.651367305],[140.437313397999986,35.651324533],[140.437212409000011,35.651114978],[140.437089185,35.650873694],[140.437032055,35.65087398],[140.436728961,35.650972289]]]}},
{"type":"Feature","properties":{"fid":160,"polygon_uuid":"71754ab2-fd9f-4db3-b6df-18b2514b7e0e","daicho_shubetsu_cd":"FUD25","面積":9,"auxiliary_storage_labeling_positionx":null,"auxiliary_storage_labeling_positiony":null,"auxiliary_storage_labeling_lineanchorpercent":null,"auxiliary_storage_labeling_lineanchorclipping":null,"auxiliary_storage_labeling_lineanchortype":null,"auxiliary_storage_labeling_lineanchortextpoint":null},"geometry":{"type":"Polygon","coordinates":[[[140.436030128999988,35.65010802],[140.436045841,35.650130774],[140.436233061,35.650528665],[140.436422791000012,35.650478878],[140.436384436,35.650381309],[140.43622240900001,35.650051246],[140.436030128999988,35.65010802]]]}},
{"type":"Feature","properties":{"fid":163,"polygon_uuid":"6bef8ae1-2c6f-426d-8851-18e9d4326dec","daicho_shubetsu_cd":"FUD25","面積":4,"auxiliary_storage_labeling_positionx":null,"auxiliary_storage_labeling_positiony":null,"auxiliary_storage_labeling_lineanchorpercent":null,"auxiliary_storage_labeling_lineanchorclipping":null,"auxiliary_storage_labeling_lineanchortype":null,"auxiliary_storage_labeling_lineanchortextpoint":null},"geometry":{"type":"Polygon","coordinates":[[[140.431308791,35.648277045],[140.431387328,35.648488355],[140.431577266,35.648423692],[140.431503134,35.648250537],[140.431308791,35.648277045]]]}},
{"type":"Feature","properties":{"fid":171,"polygon_uuid":"bfc9f579-2007-4ecd-aa7a-1a6c2b335018","daicho_shubetsu_cd":"FUD25","面積":9,"auxiliary_storage_labeling_positionx":null,"auxiliary_storage_labeling_positiony":null,"auxiliary_storage_labeling_lineanchorpercent":null,"auxiliary_storage_labeling_lineanchorclipping":null,"auxiliary_storage_labeling_lineanchortype":null,"auxiliary_storage_labeling_lineanchortextpoint":null},"geometry":{"type":"Polygon","coordinates":[[[140.43624945900001,35.653444393],[140.436353884,35.653530059],[140.436388711,35.653561091],[140.436428621,35.653541573],[140.436631527,35.653164594],[140.436434098,35.65309323],[140.436422091999987,35.653116066],[140.43624945900001,35.653444393]]]}},
{"type":"Feature","properties":{"fid":180,"polygon_uuid":"64a6a62c-84cc-4b4a-8ca3-1bf253570426","daicho_shubetsu_cd":"FUD25","面積":7,"auxiliary_storage_labeling_positionx":null,"auxiliary_storage_labeling_positiony":null,"auxiliary_storage_labeling_lineanchorpercent":null,"auxiliary_storage_labeling_lineanchorclipping":null,"auxiliary_storage_labeling_lineanchortype":null,"auxiliary_storage_labeling_lineanchortextpoint":null},"geometry":{"type":"Polygon","coordinates":[[[140.431103342,35.649087091],[140.431036637,35.648920803],[140.430657935,35.649017897],[140.430692518,35.649080949],[140.430732487,35.649179083],[140.431103342,35.649087091]]]}},
{"type":"Feature","properties":{"fid":181,"polygon_uuid":"6b6795cc-1259-4ab7-9c07-1bfa8d41c2f3","daicho_shubetsu_cd":"FUD25","面積":8,"auxiliary_storage_labeling_positionx":null,"auxiliary_storage_labeling_positiony":null,"auxiliary_storage_labeling_lineanchorpercent":null,"auxiliary_storage_labeling_lineanchorclipping":null,"auxiliary_storage_labeling_lineanchortype":null,"auxiliary_storage_labeling_lineanchortextpoint":null},"geometry":{"type":"Polygon","coordinates":[[[140.422629124999986,35.65345554],[140.422830874,35.6534165],[140.422703101,35.652947807],[140.422678273,35.652953002],[140.422574629,35.653230027],[140.422629124999986,35.65345554]]]}},
{"type":"Feature","properties":{"fid":183,"polygon_uuid":"ece6aad5-4881-4e8b-b75c-1c166c901439","daicho_shubetsu_cd":"FUD25","面積":2,"auxiliary_storage_labeling_positionx":null,"auxiliary_storage_labeling_positiony":null,"auxiliary_storage_labeling_lineanchorpercent":null,"auxiliary_storage_labeling_lineanchorclipping":null,"auxiliary_storage_labeling_lineanchortype":null,"auxiliary_storage_labeling_lineanchortextpoint":null},"geometry":{"type":"Polygon","coordinates":[[[140.437611189,35.652510298],[140.43770699,35.652538794],[140.437755156,35.65240704],[140.437716771999987,35.652387171],[140.437662034999988,35.652371843],[140.437601955,35.652372144],[140.437611189,35.652510298]]]}},
{"type":"Feature","properties":{"fid":189,"polygon_uuid":"20feb328-1126-4edb-8550-1cb6f1a90a78","daicho_shubetsu_cd":"FUD25","面積":5,"auxiliary_storage_labeling_positionx":null,"auxiliary_storage_labeling_positiony":null,"auxiliary_storage_labeling_lineanchorpercent":null,"auxiliary_storage_labeling_lineanchorclipping":null,"auxiliary_storage_labeling_lineanchortype":null,"auxiliary_storage_labeling_lineanchortextpoint":null},"geometry":{"type":"Polygon","coordinates":[[[140.431103342,35.649087091],[140.430732487,35.649179083],[140.430735340000012,35.649205125],[140.430842467,35.649228587],[140.43098461,35.649250493],[140.431086889,35.649266945],[140.431166585999989,35.649273615],[140.431177004,35.649270723],[140.431103342,35.649087091]]]}},
{"type":"Feature","properties":{"fid":191,"polygon_uuid":"7c26374b-ae22-483c-9aa3-1ceb3fc742fb","daicho_shubetsu_cd":"FUD25","面積":20,"auxiliary_storage_labeling_positionx":null,"auxiliary_storage_labeling_positiony":null,"auxiliary_storage_labeling_lineanchorpercent":null,"auxiliary_storage_labeling_lineanchorclipping":null,"auxiliary_storage_labeling_lineanchortype":null,"auxiliary_storage_labeling_lineanchortextpoint":null},"geometry":{"type":"Polygon","coordinates":[[[140.425393926,35.651702698],[140.425400298999989,35.651765371],[140.425436859,35.651914717],[140.425512184000013,35.651927811],[140.425589183999989,35.651921715],[140.42564515,35.651912866],[140.425704534,35.651892566],[140.425824690000013,35.651843896],[140.425833028,35.65174616],[140.425840515,35.651607766],[140.425731123,35.651572822],[140.425754428,35.651494197],[140.42575753,35.651423121],[140.425746266,35.651371363],[140.425464993,35.6513535],[140.425438054000011,35.651373664],[140.42542921,35.651420295],[140.42542792,35.651491362],[140.425430597,35.651608302],[140.425427647,35.651700103],[140.425393926,35.651702698]]]}},
{"type":"Feature","properties":{"fid":192,"polygon_uuid":"0df08b7f-d57e-4cb1-9520-1d1b1e4c241b","daicho_shubetsu_cd":"FUD25","面積":9,"auxiliary_storage_labeling_positionx":null,"auxiliary_storage_labeling_positiony":null,"auxiliary_storage_labeling_lineanchorpercent":null,"auxiliary_storage_labeling_lineanchorclipping":null,"auxiliary_storage_labeling_lineanchortype":null,"auxiliary_storage_labeling_lineanchortextpoint":null},"geometry":{"type":"Polygon","coordinates":[[[140.422367599000012,35.64478106],[140.422345774,35.644718872],[140.422327185,35.644681587],[140.422265732999989,35.64462707],[140.422198541,35.644622415],[140.42208581700001,35.644652867],[140.422003618,35.644683169],[140.421973221,35.64470076],[140.421998135,35.644767916],[140.422044727000014,35.644877325],[140.422072784,35.644956924],[140.422080623999989,35.644973839],[140.422149079,35.644954059],[140.422213018,35.64493132],[140.422276974,35.644911074],[140.422245718,35.644811557],[140.422282239,35.644796428],[140.422367599000012,35.64478106]]]}},
{"type":"Feature","properties":{"fid":193,"polygon_uuid":"b9cb3eb8-99aa-4f23-9a8d-1d3258348ecd","daicho_shubetsu_cd":"FUD25","面積":4,"auxiliary_storage_labeling_positionx":null,"auxiliary_storage_labeling_positiony":null,"auxiliary_storage_labeling_lineanchorpercent":null,"auxiliary_storage_labeling_lineanchorclipping":null,"auxiliary_storage_labeling_lineanchortype":null,"auxiliary_storage_labeling_lineanchortextpoint":null},"geometry":{"type":"Polygon","coordinates":[[[140.429035109000012,35.64586433],[140.428920949,35.645895383],[140.428785753999989,35.645934471],[140.428825765999989,35.645979119],[140.428865796999986,35.646026261],[140.428912913,35.646070732],[140.428964496,35.646100966],[140.429130147,35.646002746],[140.42909931,35.645960543],[140.429061169,35.645915651],[140.429035109000012,35.64586433]]]}},
{"type":"Feature","properties":{"fid":202,"polygon_uuid":"5ccadd6b-abfc-4240-8285-1fc199acc9fe","daicho_shubetsu_cd":"FUD25","面積":8,"auxiliary_storage_labeling_positionx":null,"auxiliary_storage_labeling_positiony":null,"auxiliary_storage_labeling_lineanchorpercent":null,"auxiliary_storage_labeling_lineanchorclipping":null,"auxiliary_storage_labeling_lineanchortype":null,"auxiliary_storage_labeling_lineanchortextpoint":null},"geometry":{"type":"Polygon","coordinates":[[[140.426763571,35.649342049],[140.42674693,35.649355693],[140.42641636,35.649626731],[140.426482256000014,35.649658562],[140.426537458000013,35.649664722],[140.426618905999987,35.649668608],[140.426689706,35.649653253],[140.426736806,35.649629441],[140.426778573,35.649594934],[140.42685676100001,35.649513088],[140.426904416000013,35.649468345],[140.426763571,35.649342049]]]}},
{"type":"Feature","properties":{"fid":211,"polygon_uuid":"6a82adb8-f5a9-49dc-aad3-210d8bca13cb","daicho_shubetsu_cd":"散布対象圃場","面積":18,"auxiliary_storage_labeling_positionx":null,"auxiliary_storage_labeling_positiony":null,"auxiliary_storage_labeling_lineanchorpercent":null,"auxiliary_storage_labeling_lineanchorclipping":null,"auxiliary_storage_labeling_lineanchortype":null,"auxiliary_storage_labeling_lineanchortextpoint":null},"geometry":{"type":"Polygon","coordinates":[[[140.433721737000013,35.645208274],[140.433888509000013,35.645156444],[140.433473429,35.644255203],[140.433453947,35.644265944],[140.43344294900001,35.644248258],[140.433297216999989,35.644294846],[140.433721737000013,35.645208274]]]}},
{"type":"Feature","properties":{"fid":215,"polygon_uuid":"9137a7ee-011c-4c2a-bfb7-21f6e8990137","daicho_shubetsu_cd":"FUD25","面積":6,"auxiliary_storage_labeling_positionx":null,"auxiliary_storage_labeling_positiony":null,"auxiliary_storage_labeling_lineanchorpercent":null,"auxiliary_storage_labeling_lineanchorclipping":null,"auxiliary_storage_labeling_lineanchortype":null,"auxiliary_storage_labeling_lineanchortextpoint":null},"geometry":{"type":"Polygon","coordinates":[[[140.425631712000012,35.64818028],[140.425782016,35.64798928],[140.42579834,35.647975952],[140.425788583000013,35.64796025],[140.425569042,35.647885217],[140.425527404,35.647895785],[140.425512192000014,35.647930542],[140.425481182,35.647999293],[140.425464696,35.64803676],[140.425500324000012,35.648072115],[140.425579777,35.648147226],[140.425631712000012,35.64818028]]]}},
{"type":"Feature","properties":{"fid":229,"polygon_uuid":"5cd75b83-7a23-4e46-9416-2374e32e18e9","daicho_shubetsu_cd":"FUD25","面積":3,"auxiliary_storage_labeling_positionx":null,"auxiliary_storage_labeling_positiony":null,"auxiliary_storage_labeling_lineanchorpercent":null,"auxiliary_storage_labeling_lineanchorclipping":null,"auxiliary_storage_labeling_lineanchortype":null,"auxiliary_storage_labeling_lineanchortextpoint":null},"geometry":{"type":"Polygon","coordinates":[[[140.427401243,35.644452842],[140.427456982,35.644440679],[140.427520033,35.644432443],[140.427568519,35.644424278],[140.427629171,35.644420016],[140.427667949000011,35.6444119],[140.427699488,35.644409762],[140.427699252999986,35.644378062],[140.427687014000014,35.644364253],[140.427662639,35.644350503],[140.427643147999987,35.644340692],[140.427609137,35.644336898],[140.427560547000013,35.644331194],[140.427504735000014,35.64433345],[140.427461016,35.644329703],[140.427427034,35.644329871],[140.427402775,35.644331971],[140.427401243,35.644452842]]]}},
{"type":"Feature","properties":{"fid":233,"polygon_uuid":"af9624da-9615-4a20-9218-2426a9f9d933","daicho_shubetsu_cd":"FUD25","面積":6,"auxiliary_storage_labeling_positionx":null,"auxiliary_storage_labeling_positiony":null,"auxiliary_storage_labeling_lineanchorpercent":null,"auxiliary_storage_labeling_lineanchorclipping":null,"auxiliary_storage_labeling_lineanchortype":null,"auxiliary_storage_labeling_lineanchortextpoint":null},"geometry":{"type":"Polygon","coordinates":[[[140.42718234,35.645326149],[140.427266889,35.645201144],[140.427231646,35.645182629],[140.427201048,35.645172813],[140.427162716,35.645149331],[140.427131978,35.645120827],[140.427095256,35.64510855],[140.427060141999988,35.645107477],[140.427023576000011,35.645116378],[140.426994624,35.645122751],[140.426981007,35.645139014],[140.426956817,35.64517028],[140.426928149,35.645215273],[140.42691614200001,35.645242741],[140.42694219,35.645256317],[140.426982085,35.645284776],[140.42701582,35.64530579],[140.427043569,35.645343029],[140.427072734,35.64536531],[140.427114137,35.64539127],[140.42715396700001,35.645411008],[140.427164504,35.645391022],[140.427162728000013,35.645357392],[140.42718234,35.645326149]]]}},
{"type":"Feature","properties":{"fid":245,"polygon_uuid":"c675c861-8b7a-4a9b-abc8-265aa714af8c","daicho_shubetsu_cd":"FUD25","面積":4,"auxiliary_storage_labeling_positionx":null,"auxiliary_storage_labeling_positiony":null,"auxiliary_storage_labeling_lineanchorpercent":null,"auxiliary_storage_labeling_lineanchorclipping":null,"auxiliary_storage_labeling_lineanchortype":null,"auxiliary_storage_labeling_lineanchortextpoint":null},"geometry":{"type":"Polygon","coordinates":[[[140.431503134,35.648250537],[140.431577266,35.648423692],[140.431935363,35.648286453],[140.431747283,35.648238534],[140.43155144,35.648243949],[140.431503134,35.648250537]]]}},
{"type":"Feature","properties":{"fid":256,"polygon_uuid":"fe97ee3b-5f49-4fa3-989a-29bf95250d49","daicho_shubetsu_cd":"FUD25","面積":6,"auxiliary_storage_labeling_positionx":null,"auxiliary_storage_labeling_positiony":null,"auxiliary_storage_labeling_lineanchorpercent":null,"auxiliary_storage_labeling_lineanchorclipping":null,"auxiliary_storage_labeling_lineanchortype":null,"auxiliary_storage_labeling_lineanchortextpoint":null},"geometry":{"type":"Polygon","coordinates":[[[140.427036867999988,35.649362139],[140.427040706000014,35.64933237],[140.427111731,35.649268328],[140.42709858500001,35.649257704],[140.426965964,35.649150516],[140.426961823999989,35.649158855],[140.426763571,35.649342049],[140.426904416000013,35.649468345],[140.426914144,35.649459211],[140.42696648,35.649433229],[140.427010843,35.649394423],[140.427036867999988,35.649362139]]]}},
{"type":"Feature","properties":{"fid":260,"polygon_uuid":"16456a82-77ec-4d25-9ec3-2a1b3f185bef","daicho_shubetsu_cd":"FUD25","面積":5,"auxiliary_storage_labeling_positionx":null,"auxiliary_storage_labeling_positiony":null,"auxiliary_storage_labeling_lineanchorpercent":null,"auxiliary_storage_labeling_lineanchorclipping":null,"auxiliary_storage_labeling_lineanchortype":null,"auxiliary_storage_labeling_lineanchortextpoint":null},"geometry":{"type":"Polygon","coordinates":[[[140.428077148,35.648841915],[140.428040984,35.648923555],[140.428031693,35.64894017],[140.42821206,35.648972016],[140.428385652,35.649005459],[140.428466749,35.649024917],[140.428443429999987,35.649005173],[140.428366663,35.648924091],[140.42833475,35.648870656],[140.428308216,35.648834343],[140.428234489,35.648808983],[140.42817663,35.64879855],[140.42812682600001,35.648811658],[140.428077148,35.648841915]]]}},
{"type":"Feature","properties":{"fid":261,"polygon_uuid":"23278040-3348-4d67-a3dd-2a994d22b7d7","daicho_shubetsu_cd":"FUD25","面積":16,"auxiliary_storage_labeling_positionx":null,"auxiliary_storage_labeling_positiony":null,"auxiliary_storage_labeling_lineanchorpercent":null,"auxiliary_storage_labeling_lineanchorclipping":null,"auxiliary_storage_labeling_lineanchortype":null,"auxiliary_storage_labeling_lineanchortextpoint":null},"geometry":{"type":"Polygon","coordinates":[[[140.431411574,35.648933905],[140.431533961000014,35.649167468],[140.431593479000014,35.649138654],[140.431763962,35.649015673],[140.43180824,35.64897402],[140.431717184,35.648757068],[140.431634811,35.648560803],[140.431370249999986,35.648647381],[140.431411093,35.648759832],[140.431411473999987,35.648810905],[140.431458467999988,35.6489106],[140.431411574,35.648933905]]]}},
{"type":"Feature","properties":{"fid":270,"polygon_uuid":"60ef5d86-4ca6-4103-823e-2c16b09ff8bc","daicho_shubetsu_cd":"FUD25","面積":2,"auxiliary_storage_labeling_positionx":null,"auxiliary_storage_labeling_positiony":null,"auxiliary_storage_labeling_lineanchorpercent":null,"auxiliary_storage_labeling_lineanchorclipping":null,"auxiliary_storage_labeling_lineanchortype":null,"auxiliary_storage_labeling_lineanchortextpoint":null},"geometry":{"type":"Polygon","coordinates":[[[140.433157783000013,35.648748991],[140.433137617,35.648862065],[140.433143188,35.648974798],[140.433167276,35.648964816],[140.433201242,35.648941066],[140.433232485,35.648904467],[140.433255933999988,35.648879269],[140.433255229,35.648784948],[140.433231463999988,35.648767917],[140.433157783000013,35.648748991]]]}},
{"type":"Feature","properties":{"fid":273,"polygon_uuid":"bf8490f8-005c-4528-9f46-2d150dd20c7d","daicho_shubetsu_cd":"FUD25","面積":7,"auxiliary_storage_labeling_positionx":null,"auxiliary_storage_labeling_positiony":null,"auxiliary_storage_labeling_lineanchorpercent":null,"auxiliary_storage_labeling_lineanchorclipping":null,"auxiliary_storage_labeling_lineanchortype":null,"auxiliary_storage_labeling_lineanchortextpoint":null},"geometry":{"type":"Polygon","coordinates":[[[140.433815323,35.64071287],[140.433746748,35.64061412],[140.43369289,35.640573585],[140.433635832,35.640582613],[140.433500469,35.640624091],[140.433393647,35.640662511],[140.433388846000014,35.640674511],[140.433595034,35.64089119],[140.433708805,35.640792092],[140.433815323,35.64071287]]]}},
{"type":"Feature","properties":{"fid":274,"polygon_uuid":"e6c8d9c8-6b60-415c-9713-2d9a8125d5f1","daicho_shubetsu_cd":"FUD25","面積":8,"auxiliary_storage_labeling_positionx":null,"auxiliary_storage_labeling_positiony":null,"auxiliary_storage_labeling_lineanchorpercent":null,"auxiliary_storage_labeling_lineanchorclipping":null,"auxiliary_storage_labeling_lineanchortype":null,"auxiliary_storage_labeling_lineanchortextpoint":null},"geometry":{"type":"Polygon","coordinates":[[[140.433988043999989,35.652103155],[140.433482737,35.652109674],[140.433490092,35.652278651],[140.433985297,35.652268514],[140.433988043999989,35.652103155]]]}},
{"type":"Feature","properties":{"fid":275,"polygon_uuid":"01524913-8b45-4585-bab8-2dc462d72613","daicho_shubetsu_cd":"FUD25","面積":7,"auxiliary_storage_labeling_positionx":null,"auxiliary_storage_labeling_positiony":null,"auxiliary_storage_labeling_lineanchorpercent":null,"auxiliary_storage_labeling_lineanchorclipping":null,"auxiliary_storage_labeling_lineanchortype":null,"auxiliary_storage_labeling_lineanchortextpoint":null},"geometry":{"type":"Polygon","coordinates":[[[140.432842459999989,35.643282756],[140.432999744,35.643232187],[140.432793277,35.642805808],[140.432754921999987,35.642812075],[140.432707714,35.642974185],[140.432842459999989,35.643282756]]]}},
{"type":"Feature","properties":{"fid":277,"polygon_uuid":"e061e622-fa33-4fd2-9c58-2e2785b9299a","daicho_shubetsu_cd":"FUD25","面積":10,"auxiliary_storage_labeling_positionx":null,"auxiliary_storage_labeling_positiony":null,"auxiliary_storage_labeling_lineanchorpercent":null,"auxiliary_storage_labeling_lineanchorclipping":null,"auxiliary_storage_labeling_lineanchortype":null,"auxiliary_storage_labeling_lineanchortextpoint":null},"geometry":{"type":"Polygon","coordinates":[[[140.429228932,35.647918563],[140.429316835,35.647966719],[140.429373223,35.648015032],[140.429422523,35.648051945],[140.429492558,35.648051599],[140.429588184000011,35.648032249],[140.429540142,35.647797359],[140.42956473800001,35.647646084],[140.429521056999988,35.647645578],[140.429360234,35.647680674],[140.429286762,35.647689612],[140.429270269,35.647692996],[140.429337251,35.647886585],[140.429228932,35.647918563]]]}},
{"type":"Feature","properties":{"fid":283,"polygon_uuid":"f26537fc-6e8f-448a-a068-2f32c6644c33","daicho_shubetsu_cd":"散布対象圃場","面積":60,"auxiliary_storage_labeling_positionx":null,"auxiliary_storage_labeling_positiony":null,"auxiliary_storage_labeling_lineanchorpercent":null,"auxiliary_storage_labeling_lineanchorclipping":null,"auxiliary_storage_labeling_lineanchortype":null,"auxiliary_storage_labeling_lineanchortextpoint":null},"geometry":{"type":"Polygon","coordinates":[[[140.436915961000011,35.649776866],[140.43743071,35.649616997],[140.437451180000011,35.649579911],[140.437227469,35.649086412],[140.437072675,35.648754853],[140.437031998,35.648668134],[140.436716598,35.648761711],[140.436462105,35.648840602],[140.436915961000011,35.649776866]]]}},
{"type":"Feature","properties":{"fid":286,"polygon_uuid":"b36989c2-7c4e-4a30-a034-2fa9257904ca","daicho_shubetsu_cd":"FUD25","面積":18,"auxiliary_storage_labeling_positionx":null,"auxiliary_storage_labeling_positiony":null,"auxiliary_storage_labeling_lineanchorpercent":null,"auxiliary_storage_labeling_lineanchorclipping":null,"auxiliary_storage_labeling_lineanchortype":null,"auxiliary_storage_labeling_lineanchortextpoint":null},"geometry":{"type":"Polygon","coordinates":[[[140.433808167,35.652621561],[140.433979598,35.652611526],[140.433982918,35.652411686],[140.433985297,35.652268514],[140.433490092,35.652278651],[140.433465839,35.65230986],[140.433467167,35.652418664],[140.433469497,35.652609484],[140.433468234,35.652627433],[140.433808167,35.652621561]]]}},
{"type":"Feature","properties":{"fid":290,"polygon_uuid":"7c20f1e0-e939-4dcb-abda-2fffb55abd68","daicho_shubetsu_cd":"散布対象圃場","面積":61,"auxiliary_storage_labeling_positionx":null,"auxiliary_storage_labeling_positiony":null,"auxiliary_storage_labeling_lineanchorpercent":null,"auxiliary_storage_labeling_lineanchorclipping":null,"auxiliary_storage_labeling_lineanchortype":null,"auxiliary_storage_labeling_lineanchortextpoint":null},"geometry":{"type":"Polygon","coordinates":[[[140.432633724999988,35.645596961],[140.432684149000011,35.645655079],[140.432810868,35.645743153],[140.432924614,35.645840162],[140.433066972,35.645984931],[140.433056317,35.646013369],[140.433071888,35.646061192],[140.433185979,35.646204327],[140.433283294,35.646429153],[140.433813062000013,35.646271797],[140.433382889,35.645361202],[140.432633724999988,35.645596961]]]}},
{"type":"Feature","properties":{"fid":293,"polygon_uuid":"cf94fd7a-6e26-4426-a8fa-306c5be487b8","daicho_shubetsu_cd":"FUD25","面積":6,"auxiliary_storage_labeling_positionx":null,"auxiliary_storage_labeling_positiony":null,"auxiliary_storage_labeling_lineanchorpercent":null,"auxiliary_storage_labeling_lineanchorclipping":null,"auxiliary_storage_labeling_lineanchortype":null,"auxiliary_storage_labeling_lineanchortextpoint":null},"geometry":{"type":"Polygon","coordinates":[[[140.425095387,35.648613175],[140.424801207,35.648644719],[140.424806816,35.648671204],[140.42481572,35.648713246],[140.424840948999986,35.648810306],[140.424865882,35.648867349],[140.424879173,35.648892687],[140.424887686,35.648908915],[140.425041145,35.648817954],[140.425181884000011,35.648751354],[140.425171175,35.648743953],[140.425115508,35.648705479],[140.425052002,35.648641479],[140.425095387,35.648613175]]]}},
{"type":"Feature","properties":{"fid":296,"polygon_uuid":"b63a7446-d69c-46f5-b5b5-30a451967c35","daicho_shubetsu_cd":"FUD25","面積":3,"auxiliary_storage_labeling_positionx":null,"auxiliary_storage_labeling_positiony":null,"auxiliary_storage_labeling_lineanchorpercent":null,"auxiliary_storage_labeling_lineanchorclipping":null,"auxiliary_storage_labeling_lineanchortype":null,"auxiliary_storage_labeling_lineanchortextpoint":null},"geometry":{"type":"Polygon","coordinates":[[[140.430002551,35.647364102],[140.429908197,35.647390295],[140.429796355,35.647419432],[140.429835872000012,35.647553577],[140.430038652,35.647509697],[140.430002551,35.647364102]]]}},
{"type":"Feature","properties":{"fid":297,"polygon_uuid":"ffa4e587-70a8-4954-a704-3138e8553704","daicho_shubetsu_cd":"散布対象圃場","面積":19,"auxiliary_storage_labeling_positionx":140.43705107078759,"auxiliary_storage_labeling_positiony":35.63913821043257,"auxiliary_storage_labeling_lineanchorpercent":null,"auxiliary_storage_labeling_lineanchorclipping":null,"auxiliary_storage_labeling_lineanchortype":null,"auxiliary_storage_labeling_lineanchortextpoint":null},"geometry":{"type":"Polygon","coordinates":[[[140.436282035,35.638485233],[140.436588913,35.638883852],[140.436855558,35.63922361],[140.436877461,35.639249931],[140.436900875,35.639236524],[140.436985099,35.639131264],[140.436986763,35.63911206],[140.436979428,35.639098807],[140.436997328,35.639073616],[140.436785401,35.638794125],[140.436471246,35.638389931],[140.436336088,35.638457055],[140.436282035,35.638485233]]]}},
{"type":"Feature","properties":{"fid":302,"polygon_uuid":"ddaf94b5-f603-407e-91e9-31c87a84f2c1","daicho_shubetsu_cd":"FUD25","面積":2,"auxiliary_storage_labeling_positionx":null,"auxiliary_storage_labeling_positiony":null,"auxiliary_storage_labeling_lineanchorpercent":null,"auxiliary_storage_labeling_lineanchorclipping":null,"auxiliary_storage_labeling_lineanchortype":null,"auxiliary_storage_labeling_lineanchortextpoint":null},"geometry":{"type":"Polygon","coordinates":[[[140.427602665,35.648130068],[140.427616799,35.648147148],[140.427658034,35.64816246],[140.427686731,35.648168842],[140.427653623999987,35.647884207],[140.427583357,35.647887207],[140.427556126000013,35.647881793],[140.427602665,35.648130068]]]}},
{"type":"Feature","properties":{"fid":304,"polygon_uuid":"c6f92d6a-79dd-4298-936f-3215825eb6c7","daicho_shubetsu_cd":"FUD25","面積":11,"auxiliary_storage_labeling_positionx":null,"auxiliary_storage_labeling_positiony":null,"auxiliary_storage_labeling_lineanchorpercent":null,"auxiliary_storage_labeling_lineanchorclipping":null,"auxiliary_storage_labeling_lineanchortype":null,"auxiliary_storage_labeling_lineanchortextpoint":null},"geometry":{"type":"Polygon","coordinates":[[[140.42798964,35.648120852],[140.428040274000011,35.648113616],[140.428141759999988,35.64810454],[140.428243224999989,35.648092606],[140.428362284,35.648092018],[140.428428837000013,35.648094547],[140.428409821,35.64798802],[140.428384775000012,35.647841321],[140.428276462000014,35.647852344],[140.42811203,35.647873164],[140.427961563,35.647888199],[140.42792534,35.647888002],[140.42798964,35.648120852]]]}},
{"type":"Feature","properties":{"fid":306,"polygon_uuid":"cd5e0b35-d805-444c-a4ed-32d44069c3f2","daicho_shubetsu_cd":"散布対象圃場","面積":30,"auxiliary_storage_labeling_positionx":140.43063856619187,"auxiliary_storage_labeling_positiony":35.641954458328861,"auxiliary_storage_labeling_lineanchorpercent":null,"auxiliary_storage_labeling_lineanchorclipping":null,"auxiliary_storage_labeling_lineanchortype":null,"auxiliary_storage_labeling_lineanchortextpoint":null},"geometry":{"type":"Polygon","coordinates":[[[140.430189086000013,35.642273752],[140.430754514,35.641969009],[140.43106402,35.641818835],[140.431199211,35.641754045],[140.431181057,35.641713333],[140.431054708,35.641527433],[140.430485702999988,35.641830447],[140.430076660999987,35.642039403],[140.430026929,35.642073457],[140.430189086000013,35.642273752]]]}},
{"type":"Feature","properties":{"fid":325,"polygon_uuid":"39d4584d-4a94-4c9b-9222-35c5bf72e6d2","daicho_shubetsu_cd":"FUD25","面積":23,"auxiliary_storage_labeling_positionx":null,"auxiliary_storage_labeling_positiony":null,"auxiliary_storage_labeling_lineanchorpercent":null,"auxiliary_storage_labeling_lineanchorclipping":null,"auxiliary_storage_labeling_lineanchortype":null,"auxiliary_storage_labeling_lineanchortextpoint":null},"geometry":{"type":"Polygon","coordinates":[[[140.433231367,35.64041288],[140.432946862,35.640562935],[140.432648075,35.640713061],[140.432274595,35.640901445],[140.43220001200001,35.640954277],[140.43226495,35.641044304],[140.432347805,35.641142984],[140.432376498,35.641160328],[140.432479251,35.641054896],[140.432677965000011,35.640890696],[140.432834357,35.640796654],[140.432976773,35.640743484],[140.433069381,35.640713878],[140.433137018999986,35.640687311],[140.433229496,35.640640219],[140.433332705,35.640595988],[140.433321842,35.640575641],[140.433332377999989,35.640552272],[140.433299831999989,35.640497059],[140.433231367,35.64041288]]]}},
{"type":"Feature","properties":{"fid":330,"polygon_uuid":"ecd1148d-8216-4394-ad0a-3737df7db9ca","daicho_shubetsu_cd":"FUD25","面積":5,"auxiliary_storage_labeling_positionx":null,"auxiliary_storage_labeling_positiony":null,"auxiliary_storage_labeling_lineanchorpercent":null,"auxiliary_storage_labeling_lineanchorclipping":null,"auxiliary_storage_labeling_lineanchortype":null,"auxiliary_storage_labeling_lineanchortextpoint":null},"geometry":{"type":"Polygon","coordinates":[[[140.421714431,35.645210341],[140.421601779000014,35.645250759],[140.421480043,35.645301189],[140.421425335,35.645333849],[140.421394937,35.645351439],[140.421407367,35.64538128],[140.421425956,35.645418565],[140.42155394400001,35.645388039],[140.421706132,35.645327494],[140.421837098999987,35.645286986],[140.421931472000011,35.645251641],[140.421992267,35.645216459],[140.42194955,35.645219159],[140.421845764000011,35.645219666],[140.421763363,35.645222561],[140.421714431,35.645210341]]]}},
{"type":"Feature","properties":{"fid":332,"polygon_uuid":"dbbd20ba-5c15-4b13-9250-379a542296e4","daicho_shubetsu_cd":"散布対象圃場","面積":54,"auxiliary_storage_labeling_positionx":null,"auxiliary_storage_labeling_positiony":null,"auxiliary_storage_labeling_lineanchorpercent":null,"auxiliary_storage_labeling_lineanchorclipping":null,"auxiliary_storage_labeling_lineanchortype":null,"auxiliary_storage_labeling_lineanchortextpoint":null},"geometry":{"type":"Polygon","coordinates":[[[140.429697209000011,35.641693013],[140.429483435,35.641807941],[140.429206015,35.641952123],[140.429022603,35.64204303],[140.429032170999989,35.642070998],[140.428971368,35.642089064],[140.428938945999988,35.642625052],[140.428961976000011,35.642645312],[140.429019648,35.642638642],[140.429308445,35.642493689],[140.429809971,35.642237646],[140.430028699,35.642122898],[140.429709643,35.641709164],[140.429697209000011,35.641693013]]]}},
{"type":"Feature","properties":{"fid":335,"polygon_uuid":"51ae07ae-4eeb-4b8a-a142-37cca7a086b9","daicho_shubetsu_cd":"FUD25","面積":29,"auxiliary_storage_labeling_positionx":null,"auxiliary_storage_labeling_positiony":null,"auxiliary_storage_labeling_lineanchorpercent":null,"auxiliary_storage_labeling_lineanchorclipping":null,"auxiliary_storage_labeling_lineanchortype":null,"auxiliary_storage_labeling_lineanchortextpoint":null},"geometry":{"type":"Polygon","coordinates":[[[140.436030014000011,35.639940435],[140.436306128000012,35.640095867],[140.436338353999986,35.640051408],[140.436404657,35.639968387],[140.436521140999986,35.639823098],[140.436641254,35.639679267],[140.43682414,35.639464245],[140.436833017,35.639442052],[140.436812998,35.639425909],[140.436805588,35.639402616],[140.436765572000013,35.639373285],[140.436491427,35.639238811],[140.436476946,35.639237407],[140.43640348400001,35.639330653],[140.436355123,35.639394389],[140.436333706999989,35.639432887],[140.436314274000011,35.639494706],[140.436294888,35.639562726],[140.436289983,35.63963215],[140.43627387,35.63965438],[140.436214856,35.639744747],[140.436114507000013,35.63987076],[140.436067799,35.639913667],[140.436030014000011,35.639940435]]]}},
{"type":"Feature","properties":{"fid":337,"polygon_uuid":"02b13e6b-6e84-40d8-aec1-383c7d87df33","daicho_shubetsu_cd":"FUD25","面積":21,"auxiliary_storage_labeling_positionx":null,"auxiliary_storage_labeling_positiony":null,"auxiliary_storage_labeling_lineanchorpercent":null,"auxiliary_storage_labeling_lineanchorclipping":null,"auxiliary_storage_labeling_lineanchortype":null,"auxiliary_storage_labeling_lineanchortextpoint":null},"geometry":{"type":"Polygon","coordinates":[[[140.422932885,35.64151669],[140.423020025999989,35.641639457],[140.423175737,35.641872512],[140.423433972,35.642225744],[140.423467411,35.642273368],[140.423612536,35.642208875],[140.423603991,35.642178357],[140.423634894,35.642169835],[140.423650863,35.642156642],[140.423482209000014,35.641918695],[140.423220707000013,35.64152551],[140.423115063000012,35.641395307],[140.423047072,35.641434985],[140.422932885,35.64151669]]]}},
{"type":"Feature","properties":{"fid":343,"polygon_uuid":"f8f0ca9d-1cf2-4b11-b875-38eb86b9d249","daicho_shubetsu_cd":"FUD25","面積":10,"auxiliary_storage_labeling_positionx":null,"auxiliary_storage_labeling_positiony":null,"auxiliary_storage_labeling_lineanchorpercent":null,"auxiliary_storage_labeling_lineanchorclipping":null,"auxiliary_storage_labeling_lineanchortype":null,"auxiliary_storage_labeling_lineanchortextpoint":null},"geometry":{"type":"Polygon","coordinates":[[[140.42605396,35.651509891],[140.426048582,35.651533585],[140.426036235,35.651651624],[140.426202440999987,35.651662906],[140.426210685,35.651635516],[140.426226718,35.651593516],[140.426254311,35.651536214],[140.426305192,35.651471175],[140.426351307,35.65139282],[140.426404452000014,35.651318243],[140.426415674,35.651257211],[140.426382792999988,35.651230695],[140.426298552,35.651204432],[140.426205028,35.651185838],[140.426174458,35.651211258],[140.426144963000013,35.651271882],[140.426112702000012,35.651329207],[140.426106663000013,35.651364075],[140.42609636,35.651442588],[140.426074238000012,35.651495179],[140.42605396,35.651509891]]]}},
{"type":"Feature","properties":{"fid":350,"polygon_uuid":"de194315-fafe-4951-9ae4-3967b5e1b054","daicho_shubetsu_cd":"FUD25","面積":17,"auxiliary_storage_labeling_positionx":null,"auxiliary_storage_labeling_positiony":null,"auxiliary_storage_labeling_lineanchorpercent":null,"auxiliary_storage_labeling_lineanchorclipping":null,"auxiliary_storage_labeling_lineanchortype":null,"auxiliary_storage_labeling_lineanchortextpoint":null},"geometry":{"type":"Polygon","coordinates":[[[140.43108061800001,35.649804142],[140.431059155000014,35.6497278],[140.431058692,35.649665619],[140.430954750000012,35.649425883],[140.430928932,35.6494486],[140.430850405,35.649484361],[140.430794662000011,35.649513877],[140.430677587,35.649575865],[140.430528442999986,35.64963066],[140.430536728,35.649685284],[140.430580924999987,35.649800826],[140.430624618,35.649848844],[140.430664038,35.649851864],[140.430829641,35.649870336],[140.431086158,35.649866164],[140.43108061800001,35.649804142]]]}},
{"type":"Feature","properties":{"fid":355,"polygon_uuid":"aa4cd876-96d9-4a4c-b716-3a623d03e306","daicho_shubetsu_cd":"FUD25","面積":19,"auxiliary_storage_labeling_positionx":null,"auxiliary_storage_labeling_positiony":null,"auxiliary_storage_labeling_lineanchorpercent":null,"auxiliary_storage_labeling_lineanchorclipping":null,"auxiliary_storage_labeling_lineanchortype":null,"auxiliary_storage_labeling_lineanchortextpoint":null},"geometry":{"type":"Polygon","coordinates":[[[140.431227364,35.64981747],[140.431251304,35.649829175],[140.431291006,35.64970545],[140.431359388,35.649587812],[140.431406793,35.649443425],[140.431389908,35.649359212],[140.431377123,35.649324183],[140.431349089,35.649262905],[140.43126258800001,35.649285843],[140.431176132,35.649297164],[140.431050588,35.649288767],[140.430998618,35.649283937],[140.430892108,35.649265173],[140.430827217,35.649252273],[140.430845100999989,35.649301099],[140.430884878,35.649352351],[140.430928932,35.6494486],[140.430954750000012,35.649425883],[140.431058692,35.649665619],[140.431059155000014,35.6497278],[140.43108061800001,35.649804142],[140.431144346999986,35.649807677],[140.431227364,35.64981747]]]}},
{"type":"Feature","properties":{"fid":356,"polygon_uuid":"b6d729e1-e36f-4c1d-bc7b-3a8f8eb2535e","daicho_shubetsu_cd":"FUD25","面積":2,"auxiliary_storage_labeling_positionx":null,"auxiliary_storage_labeling_positiony":null,"auxiliary_storage_labeling_lineanchorpercent":null,"auxiliary_storage_labeling_lineanchorclipping":null,"auxiliary_storage_labeling_lineanchortype":null,"auxiliary_storage_labeling_lineanchortextpoint":null},"geometry":{"type":"Polygon","coordinates":[[[140.435058782,35.650209906],[140.435190165,35.650177549],[140.435168099,35.650112493],[140.435148258,35.650056235],[140.435139442,35.650031621],[140.434965103,35.650090612],[140.435008758,35.65015732],[140.435058782,35.650209906]]]}},
{"type":"Feature","properties":{"fid":359,"polygon_uuid":"3e97303c-c228-4e0b-a31b-3b2eded08d9e","daicho_shubetsu_cd":"FUD25","面積":9,"auxiliary_storage_labeling_positionx":null,"auxiliary_storage_labeling_positiony":null,"auxiliary_storage_labeling_lineanchorpercent":null,"auxiliary_storage_labeling_lineanchorclipping":null,"auxiliary_storage_labeling_lineanchortype":null,"auxiliary_storage_labeling_lineanchortextpoint":null},"geometry":{"type":"Polygon","coordinates":[[[140.431719124000011,35.650280409],[140.431753071,35.65007798],[140.431769484,35.649912485],[140.431668998,35.649898324],[140.431495468,35.649873462],[140.431496523,35.650014942],[140.431482104,35.650194766],[140.431576893,35.650226451],[140.431719124000011,35.650280409]]]}},
{"type":"Feature","properties":{"fid":361,"polygon_uuid":"2fe44d54-be66-4fdc-86e7-3b66a3f1ee3d","daicho_shubetsu_cd":"有機圃場","面積":null,"auxiliary_storage_labeling_positionx":null,"auxiliary_storage_labeling_positiony":null,"auxiliary_storage_labeling_lineanchorpercent":null,"auxiliary_storage_labeling_lineanchorclipping":null,"auxiliary_storage_labeling_lineanchortype":null,"auxiliary_storage_labeling_lineanchortextpoint":null},"geometry":{"type":"Polygon","coordinates":[[[140.429566763999986,35.642852618],[140.429346962000011,35.642582659],[140.429331883,35.642573563],[140.429297165,35.642552619],[140.429185058,35.642601263],[140.429062402,35.642671817],[140.42892368,35.64274245],[140.428924556,35.642860483],[140.428930203,35.6428998],[140.428962498,35.642921499],[140.429026861000011,35.642934296],[140.429102064,35.642964526],[140.42919869,35.642994651],[140.429236016,35.642972607],[140.429417712,35.642919247],[140.429566763999986,35.642852618]]]}},
{"type":"Feature","properties":{"fid":369,"polygon_uuid":"e8ac24b5-c03f-4a0a-9d84-3cfa7e466362","daicho_shubetsu_cd":"FUD25","面積":4,"auxiliary_storage_labeling_positionx":null,"auxiliary_storage_labeling_positiony":null,"auxiliary_storage_labeling_lineanchorpercent":null,"auxiliary_storage_labeling_lineanchorclipping":null,"auxiliary_storage_labeling_lineanchortype":null,"auxiliary_storage_labeling_lineanchortextpoint":null},"geometry":{"type":"Polygon","coordinates":[[[140.436338582,35.651983691],[140.436201608,35.651931916],[140.436046598,35.652195461],[140.436179904,35.65225116],[140.436338582,35.651983691]]]}},
{"type":"Feature","properties":{"fid":371,"polygon_uuid":"096b3059-84a8-42cb-a18a-3d466d23b931","daicho_shubetsu_cd":"FUD25","面積":7,"auxiliary_storage_labeling_positionx":null,"auxiliary_storage_labeling_positiony":null,"auxiliary_storage_labeling_lineanchorpercent":null,"auxiliary_storage_labeling_lineanchorclipping":null,"auxiliary_storage_labeling_lineanchortype":null,"auxiliary_storage_labeling_lineanchortextpoint":null},"geometry":{"type":"Polygon","coordinates":[[[140.426587837,35.6492224],[140.426738211000014,35.64910915],[140.426860092999988,35.649001362],[140.42673910900001,35.64887548],[140.426721891,35.648864543],[140.426605927999987,35.648979035],[140.426453465,35.649117778],[140.426470484,35.649131906],[140.426573513,35.64921286],[140.426587837,35.6492224]]]}},
{"type":"Feature","properties":{"fid":372,"polygon_uuid":"334036a8-0ebe-4a14-bd70-3d5475a4852d","daicho_shubetsu_cd":"FUD25","面積":40,"auxiliary_storage_labeling_positionx":null,"auxiliary_storage_labeling_positiony":null,"auxiliary_storage_labeling_lineanchorpercent":null,"auxiliary_storage_labeling_lineanchorclipping":null,"auxiliary_storage_labeling_lineanchortype":null,"auxiliary_storage_labeling_lineanchortextpoint":null},"geometry":{"type":"Polygon","coordinates":[[[140.434348714,35.64279378],[140.434610076000013,35.642717835],[140.434626582,35.64255884],[140.434643521999988,35.64245763],[140.434323868,35.641765444],[140.434272641,35.641773268],[140.434257798,35.641754181],[140.433919955,35.641864114],[140.434348714,35.64279378]]]}},
{"type":"Feature","properties":{"fid":375,"polygon_uuid":"f5b5ec36-977a-4881-b429-3de98e986373","daicho_shubetsu_cd":"FUD25","面積":25,"auxiliary_storage_labeling_positionx":null,"auxiliary_storage_labeling_positiony":null,"auxiliary_storage_labeling_lineanchorpercent":null,"auxiliary_storage_labeling_lineanchorclipping":null,"auxiliary_storage_labeling_lineanchortype":null,"auxiliary_storage_labeling_lineanchortextpoint":null},"geometry":{"type":"Polygon","coordinates":[[[140.433921429,35.641284728],[140.433855336,35.641321173],[140.433791563,35.641372054],[140.433672851000011,35.641471966],[140.433589438000013,35.641559062],[140.433346389,35.64189435],[140.433324645,35.641945021],[140.433333600999987,35.641959423],[140.433360201,35.641966514],[140.434130428,35.641720695],[140.433921429,35.641284728]]]}},
{"type":"Feature","properties":{"fid":380,"polygon_uuid":"5dc21926-6a3b-4b0e-b62c-3f771dfeb2ff","daicho_shubetsu_cd":"FUD25","面積":6,"auxiliary_storage_labeling_positionx":null,"auxiliary_storage_labeling_positiony":null,"auxiliary_storage_labeling_lineanchorpercent":null,"auxiliary_storage_labeling_lineanchorclipping":null,"auxiliary_storage_labeling_lineanchortype":null,"auxiliary_storage_labeling_lineanchortextpoint":null},"geometry":{"type":"Polygon","coordinates":[[[140.426119397,35.648035968],[140.426333551999988,35.64810923],[140.42636821,35.648060468],[140.426402867,35.648011706],[140.42640253,35.647965974],[140.426331671000014,35.64785485],[140.426275116,35.64778367],[140.426233343,35.647740639],[140.426205589,35.647852612],[140.426181541,35.647915613],[140.426119397,35.648035968]]]}},
{"type":"Feature","properties":{"fid":394,"polygon_uuid":"46503105-1da5-4551-b1a4-41e5bd4726b8","daicho_shubetsu_cd":"FUD25","面積":4,"auxiliary_storage_labeling_positionx":null,"auxiliary_storage_labeling_positiony":null,"auxiliary_storage_labeling_lineanchorpercent":null,"auxiliary_storage_labeling_lineanchorclipping":null,"auxiliary_storage_labeling_lineanchortype":null,"auxiliary_storage_labeling_lineanchortextpoint":null},"geometry":{"type":"Polygon","coordinates":[[[140.433148214,35.650548911],[140.432854359,35.650499562],[140.432829027999986,35.650590391],[140.433064398999988,35.650698619],[140.433148214,35.650548911]]]}},
{"type":"Feature","properties":{"fid":408,"polygon_uuid":"f04732f2-40de-4463-9e7c-44264deccdb2","daicho_shubetsu_cd":"散布対象圃場","面積":45,"auxiliary_storage_labeling_positionx":null,"auxiliary_storage_labeling_positiony":null,"auxiliary_storage_labeling_lineanchorpercent":null,"auxiliary_storage_labeling_lineanchorclipping":null,"auxiliary_storage_labeling_lineanchortype":null,"auxiliary_storage_labeling_lineanchortextpoint":null},"geometry":{"type":"Polygon","coordinates":[[[140.435089758,35.641401204],[140.435227798999989,35.6412408],[140.435401232,35.641038834],[140.435549869999988,35.640863222],[140.435577775000013,35.640775648],[140.435612383,35.640629751],[140.435583779000012,35.640624065],[140.435586868,35.640559931],[140.435550903,35.640525137],[140.435482742,35.640481761],[140.435425400000014,35.640452902],[140.435371693,35.640432769],[140.435321601999988,35.640418447],[140.43526093,35.640421665],[140.435189679,35.640442422],[140.43513268800001,35.640460194],[140.435093699,35.640498278],[140.435051469,35.640580093],[140.434991321000012,35.640653256],[140.43494872,35.640685528],[140.434856287,35.640738451],[140.434795895,35.640778972],[140.434872093,35.640941803],[140.435089758,35.641401204]]]}},
{"type":"Feature","properties":{"fid":410,"polygon_uuid":"fd3b2d12-16ff-487b-bf95-449b9384c970","daicho_shubetsu_cd":"FUD25","面積":12,"auxiliary_storage_labeling_positionx":null,"auxiliary_storage_labeling_positiony":null,"auxiliary_storage_labeling_lineanchorpercent":null,"auxiliary_storage_labeling_lineanchorclipping":null,"auxiliary_storage_labeling_lineanchortype":null,"auxiliary_storage_labeling_lineanchortextpoint":null},"geometry":{"type":"Polygon","coordinates":[[[140.430053312000013,35.649356254],[140.430093989999989,35.649080657],[140.430053394999987,35.649063362],[140.429990219,35.649044382],[140.429924514,35.649038277],[140.429845644000011,35.649027948],[140.429753691,35.649024116],[140.429732797000014,35.64902361],[140.429670271,35.649349921],[140.429694413,35.649352615],[140.429775829,35.649352211],[140.429844161,35.649358304],[140.42995972,35.649357732],[140.430053312000013,35.649356254]]]}},
{"type":"Feature","properties":{"fid":415,"polygon_uuid":"808736ea-90f5-460a-8d6a-4562904d721c","daicho_shubetsu_cd":"FUD25","面積":8,"auxiliary_storage_labeling_positionx":null,"auxiliary_storage_labeling_positiony":null,"auxiliary_storage_labeling_lineanchorpercent":null,"auxiliary_storage_labeling_lineanchorclipping":null,"auxiliary_storage_labeling_lineanchortype":null,"auxiliary_storage_labeling_lineanchortextpoint":null},"geometry":{"type":"Polygon","coordinates":[[[140.412898004999988,35.647288442],[140.413395735,35.647205398],[140.413384718,35.647128596],[140.413340428,35.647045599],[140.412845362000013,35.647134647],[140.412864637000013,35.647205394],[140.412898004999988,35.647288442]]]}},
{"type":"Feature","properties":{"fid":418,"polygon_uuid":"2fa0a864-520a-45a7-a4b1-45ea456ddb0e","daicho_shubetsu_cd":"FUD25","面積":3,"auxiliary_storage_labeling_positionx":null,"auxiliary_storage_labeling_positiony":null,"auxiliary_storage_labeling_lineanchorpercent":null,"auxiliary_storage_labeling_lineanchorclipping":null,"auxiliary_storage_labeling_lineanchortype":null,"auxiliary_storage_labeling_lineanchortextpoint":null},"geometry":{"type":"Polygon","coordinates":[[[140.432560450000011,35.64935121],[140.432603968,35.649349513],[140.432656576,35.649350732],[140.432611245,35.64911237],[140.432618163,35.648983711],[140.432526897,35.648987193],[140.432540069,35.649050786],[140.432549845000011,35.649145484],[140.432554026,35.649219485],[140.43256191,35.649303829],[140.432560450000011,35.64935121]]]}},
{"type":"Feature","properties":{"fid":422,"polygon_uuid":"b8a4b57f-8cf9-4caf-b12c-4674a440389d","daicho_shubetsu_cd":"FUD25","面積":6,"auxiliary_storage_labeling_positionx":null,"auxiliary_storage_labeling_positiony":null,"auxiliary_storage_labeling_lineanchorpercent":null,"auxiliary_storage_labeling_lineanchorclipping":null,"auxiliary_storage_labeling_lineanchortype":null,"auxiliary_storage_labeling_lineanchortextpoint":null},"geometry":{"type":"Polygon","coordinates":[[[140.43663095,35.653650345],[140.436607539,35.653684641],[140.43669992400001,35.653713843],[140.436990587999986,35.653293384],[140.436946747,35.653274286],[140.436853482,35.653240862],[140.43663095,35.653650345]]]}},
{"type":"Feature","properties":{"fid":423,"polygon_uuid":"8387e908-7d9f-4c86-84be-46ab223e9855","daicho_shubetsu_cd":"散布対象圃場","面積":25,"auxiliary_storage_labeling_positionx":140.43550810250647,"auxiliary_storage_labeling_positiony":35.650556803898382,"auxiliary_storage_labeling_lineanchorpercent":null,"auxiliary_storage_labeling_lineanchorclipping":null,"auxiliary_storage_labeling_lineanchortype":null,"auxiliary_storage_labeling_lineanchortextpoint":null},"geometry":{"type":"Polygon","coordinates":[[[140.435494092999988,35.650265464],[140.435661549,35.650651536],[140.435790269,35.650935034],[140.435897628,35.651173633],[140.436006182999989,35.651142647],[140.436146306000012,35.651091759],[140.436133665,35.651063916],[140.435982075,35.650745024],[140.435768384,35.65030338],[140.435721475,35.650202715],[140.435655407000013,35.650224068],[140.435494092999988,35.650265464]]]}},
{"type":"Feature","properties":{"fid":424,"polygon_uuid":"b7122792-c6d2-4076-a56c-46dea760e386","daicho_shubetsu_cd":"FUD25","面積":8,"auxiliary_storage_labeling_positionx":null,"auxiliary_storage_labeling_positiony":null,"auxiliary_storage_labeling_lineanchorpercent":null,"auxiliary_storage_labeling_lineanchorclipping":null,"auxiliary_storage_labeling_lineanchortype":null,"auxiliary_storage_labeling_lineanchortextpoint":null},"geometry":{"type":"Polygon","coordinates":[[[140.427059417,35.648721379],[140.427052132,35.64871349],[140.426991283,35.648653765],[140.426922491999989,35.648585505],[140.426872354000011,35.648553596],[140.426820002999989,35.648577435],[140.426679387,35.648741052],[140.426671424,35.648756918],[140.426775916,35.648844011],[140.426812526,35.648877749],[140.426842013999988,35.648913104],[140.426856824,35.648904519],[140.426904395,35.648876945],[140.427093717,35.648758529],[140.427059417,35.648721379]]]}},
{"type":"Feature","properties":{"fid":432,"polygon_uuid":"ec3b738c-8f30-426e-8893-485d28b7e036","daicho_shubetsu_cd":"散布対象圃場","面積":66,"auxiliary_storage_labeling_positionx":null,"auxiliary_storage_labeling_positiony":null,"auxiliary_storage_labeling_lineanchorpercent":null,"auxiliary_storage_labeling_lineanchorclipping":null,"auxiliary_storage_labeling_lineanchortype":null,"auxiliary_storage_labeling_lineanchortextpoint":null},"geometry":{"type":"Polygon","coordinates":[[[140.435868394000011,35.646754292],[140.43581902,35.646642452],[140.43542721,35.645818156],[140.435371,35.645821715],[140.435006386999987,35.645944853],[140.434830068,35.646001473],[140.434814149,35.646021226],[140.434838372,35.646037498],[140.43504238,35.646459444],[140.435264144,35.64694623],[140.435779935,35.646786914],[140.435868394000011,35.646754292]]]}},
{"type":"Feature","properties":{"fid":438,"polygon_uuid":"19a5b7a5-b42a-4b0d-8c62-48ff14c5f0e2","daicho_shubetsu_cd":"FUD25","面積":28,"auxiliary_storage_labeling_positionx":null,"auxiliary_storage_labeling_positiony":null,"auxiliary_storage_labeling_lineanchorpercent":null,"auxiliary_storage_labeling_lineanchorclipping":null,"auxiliary_storage_labeling_lineanchortype":null,"auxiliary_storage_labeling_lineanchortextpoint":null},"geometry":{"type":"Polygon","coordinates":[[[140.430513723,35.648735028],[140.430594242000012,35.648888503],[140.430628621000011,35.648956635],[140.430630322000013,35.648960006],[140.430631510000012,35.648962496],[140.430657935,35.649017897],[140.431036637,35.648920803],[140.430992495999988,35.648810764],[140.430972739999987,35.648754822],[140.430936911,35.648653375],[140.430875869,35.648493792],[140.430849682,35.64838379],[140.430829345,35.648298363],[140.43039618200001,35.648378477],[140.430496253,35.648664443],[140.430492429999987,35.648694441],[140.430513723,35.648735028]]]}},
{"type":"Feature","properties":{"fid":439,"polygon_uuid":"ea7512b3-3e90-4a1f-8c87-4901911883d6","daicho_shubetsu_cd":"FUD25","面積":8,"auxiliary_storage_labeling_positionx":null,"auxiliary_storage_labeling_positiony":null,"auxiliary_storage_labeling_lineanchorpercent":null,"auxiliary_storage_labeling_lineanchorclipping":null,"auxiliary_storage_labeling_lineanchortype":null,"auxiliary_storage_labeling_lineanchortextpoint":null},"geometry":{"type":"Polygon","coordinates":[[[140.425081008,35.652543506],[140.425226581,35.652560306],[140.425396949,35.652187353],[140.425161214000013,35.652200651],[140.425077683000012,35.652220934],[140.425072929,35.652249319],[140.42507987,35.652389163],[140.425081008,35.652543506]]]}},
{"type":"Feature","properties":{"fid":441,"polygon_uuid":"9dfa59e4-77a6-4781-b722-49980be5d29e","daicho_shubetsu_cd":"FUD25","面積":30,"auxiliary_storage_labeling_positionx":null,"auxiliary_storage_labeling_positiony":null,"auxiliary_storage_labeling_lineanchorpercent":null,"auxiliary_storage_labeling_lineanchorclipping":null,"auxiliary_storage_labeling_lineanchortype":null,"auxiliary_storage_labeling_lineanchortextpoint":null},"geometry":{"type":"Polygon","coordinates":[[[140.426075548,35.650864572],[140.426026226,35.650824798],[140.425927626,35.650750967],[140.425801116,35.650691565],[140.425695788000013,35.650654926],[140.425568624,35.650626922],[140.425483673,35.650633242],[140.425460191000013,35.650670413],[140.425442336,35.650732789],[140.425432003,35.650801258],[140.425439272,35.650881823],[140.425442288,35.65092178],[140.425439268,35.651010617],[140.425446756000014,35.651076321],[140.425482208,35.651116951],[140.425535298,35.651183309],[140.425591938999986,35.651239286],[140.425630345,35.651282029],[140.425734154,35.651339256],[140.425756734,35.651320611],[140.425805063000013,35.651226049],[140.425943385000011,35.650988129],[140.425971126,35.650950835],[140.426013168999987,35.650953486],[140.426104492,35.650990195],[140.426230917,35.651038164],[140.426241338000011,35.651026679],[140.42620942,35.650972529],[140.426187839,35.65089546],[140.426075548,35.650864572]]]}},
{"type":"Feature","properties":{"fid":444,"polygon_uuid":"c51acab9-235a-4c58-877f-4a28007e2129","daicho_shubetsu_cd":"FUD25","面積":18,"auxiliary_storage_labeling_positionx":null,"auxiliary_storage_labeling_positiony":null,"auxiliary_storage_labeling_lineanchorpercent":null,"auxiliary_storage_labeling_lineanchorclipping":null,"auxiliary_storage_labeling_lineanchortype":null,"auxiliary_storage_labeling_lineanchortextpoint":null},"geometry":{"type":"Polygon","coordinates":[[[140.434271887,35.639709882],[140.434382191999987,35.639659786],[140.434517268,35.639580421],[140.43466669,35.639509727],[140.434780477,35.639447955],[140.434838144999986,35.639520528],[140.434888652000012,35.639590224],[140.434924353000014,35.639590046],[140.434998759,35.639513898],[140.435002153999989,35.639490565],[140.435001608,35.639417705],[140.43500417300001,35.639283626],[140.4349932,35.639248707],[140.434931962,35.639176151],[140.434754197,35.639276131],[140.434576389,35.639370282],[140.434274018,35.639517516],[140.434181695,35.63958501],[140.4342034,35.639622789],[140.434271887,35.639709882]]]}},
{"type":"Feature","properties":{"fid":449,"polygon_uuid":"94e8e9de-6d97-4264-a603-4b326c178d49","daicho_shubetsu_cd":"FUD25","面積":7,"auxiliary_storage_labeling_positionx":null,"auxiliary_storage_labeling_positiony":null,"auxiliary_storage_labeling_lineanchorpercent":null,"auxiliary_storage_labeling_lineanchorclipping":null,"auxiliary_storage_labeling_lineanchortype":null,"auxiliary_storage_labeling_lineanchortextpoint":null},"geometry":{"type":"Polygon","coordinates":[[[140.413248673999988,35.646133358],[140.413193517,35.646057842],[140.413106398999986,35.646093923],[140.413041222,35.646143271],[140.413064064999986,35.646281348],[140.413141773,35.646454822],[140.413288672,35.646378335],[140.413248673999988,35.646133358]]]}},
{"type":"Feature","properties":{"fid":450,"polygon_uuid":"5dc13115-2c81-4497-9cf5-4bc8fe375de6","daicho_shubetsu_cd":"散布対象圃場","面積":39,"auxiliary_storage_labeling_positionx":null,"auxiliary_storage_labeling_positiony":null,"auxiliary_storage_labeling_lineanchorpercent":null,"auxiliary_storage_labeling_lineanchorclipping":null,"auxiliary_storage_labeling_lineanchortype":null,"auxiliary_storage_labeling_lineanchortextpoint":null},"geometry":{"type":"Polygon","coordinates":[[[140.434509228,35.641593544],[140.434544886999987,35.641587537],[140.434708747,35.641537173],[140.435025778000011,35.641439412],[140.43506849,35.641421711],[140.435089758,35.641401204],[140.434872093,35.640941803],[140.434795895,35.640778972],[140.434696257000013,35.640823187],[140.434596728,35.640881973],[140.434490058,35.640940795],[140.434411884000014,35.640990732],[140.43435143,35.641023093],[140.434258757,35.641043957],[140.434400397,35.641363843],[140.434509228,35.641593544]]]}},
{"type":"Feature","properties":{"fid":451,"polygon_uuid":"d12efb32-bc12-493e-b32d-4c6f596ecf38","daicho_shubetsu_cd":"FUD25","面積":9,"auxiliary_storage_labeling_positionx":null,"auxiliary_storage_labeling_positiony":null,"auxiliary_storage_labeling_lineanchorpercent":null,"auxiliary_storage_labeling_lineanchorclipping":null,"auxiliary_storage_labeling_lineanchortype":null,"auxiliary_storage_labeling_lineanchortextpoint":null},"geometry":{"type":"Polygon","coordinates":[[[140.421193476000013,35.645304811],[140.421107323,35.645260648],[140.420957305,35.645234477],[140.420849444,35.645204252],[140.42081206,35.645657116],[140.420832481,35.645649636],[140.420895755,35.645583622],[140.420998867,35.645490924],[140.421098980000011,35.645405716],[140.421129287000014,35.645375667],[140.421193476000013,35.645304811]]]}},
{"type":"Feature","properties":{"fid":452,"polygon_uuid":"607ab775-0127-4255-960f-4c8a503ea2a6","daicho_shubetsu_cd":"FUD25","面積":5,"auxiliary_storage_labeling_positionx":null,"auxiliary_storage_labeling_positiony":null,"auxiliary_storage_labeling_lineanchorpercent":null,"auxiliary_storage_labeling_lineanchorclipping":null,"auxiliary_storage_labeling_lineanchortype":null,"auxiliary_storage_labeling_lineanchortextpoint":null},"geometry":{"type":"Polygon","coordinates":[[[140.432090276999986,35.649260358],[140.432089948,35.64933848],[140.432268319,35.649345511],[140.432263863,35.649234501],[140.432258557000011,35.649149668],[140.43225562500001,35.649102785],[140.432075682,35.649051865],[140.432091374,35.649210192],[140.432090276999986,35.649260358]]]}},
{"type":"Feature","properties":{"fid":456,"polygon_uuid":"e3565dfd-f360-4558-9d89-4d3112f1b835","daicho_shubetsu_cd":"FUD25","面積":20,"auxiliary_storage_labeling_positionx":null,"auxiliary_storage_labeling_positiony":null,"auxiliary_storage_labeling_lineanchorpercent":null,"auxiliary_storage_labeling_lineanchorclipping":null,"auxiliary_storage_labeling_lineanchortype":null,"auxiliary_storage_labeling_lineanchortextpoint":null},"geometry":{"type":"Polygon","coordinates":[[[140.421514896,35.642500901],[140.421595825999987,35.642582148],[140.421858803,35.642839888],[140.422081234,35.643045693],[140.422273044,35.642910324],[140.422175804,35.642796042],[140.421997775,35.642619857],[140.421839903,35.64245341],[140.421742976,35.64238175],[140.421654611,35.642382182],[140.421582721,35.642438273],[140.421514896,35.642500901]]]}},
{"type":"Feature","properties":{"fid":457,"polygon_uuid":"1fe4ba8e-9412-4fb3-9f24-4d3ad1fa667d","daicho_shubetsu_cd":"FUD25","面積":33,"auxiliary_storage_labeling_positionx":null,"auxiliary_storage_labeling_positiony":null,"auxiliary_storage_labeling_lineanchorpercent":null,"auxiliary_storage_labeling_lineanchorclipping":null,"auxiliary_storage_labeling_lineanchortype":null,"auxiliary_storage_labeling_lineanchortextpoint":null},"geometry":{"type":"Polygon","coordinates":[[[140.427854063000012,35.647740611],[140.428130113,35.647779322],[140.428264817000013,35.647471772],[140.428187134000012,35.647321653],[140.428144605999989,35.64725355],[140.428112562,35.64718225],[140.428048642,35.647062517],[140.427967298999988,35.646954304],[140.427909766999989,35.646898639],[140.427808043,35.647200904],[140.427625481,35.647610543],[140.427590906,35.647670452],[140.427731355,35.647721209],[140.427854063000012,35.647740611]]]}},
{"type":"Feature","properties":{"fid":462,"polygon_uuid":"87b2cc55-5eb7-4b19-aa33-4e0c478f7b98","daicho_shubetsu_cd":"FUD25","面積":10,"auxiliary_storage_labeling_positionx":null,"auxiliary_storage_labeling_positiony":null,"auxiliary_storage_labeling_lineanchorpercent":null,"auxiliary_storage_labeling_lineanchorclipping":null,"auxiliary_storage_labeling_lineanchortype":null,"auxiliary_storage_labeling_lineanchortextpoint":null},"geometry":{"type":"Polygon","coordinates":[[[140.421558913000013,35.645493707],[140.421461449,35.645523835],[140.42129089,35.645576994],[140.421102143000013,35.645647684],[140.42091643,35.645715868],[140.420947448,35.645782993],[140.420999505,35.645805165],[140.421069732,35.645807315],[140.421155204,35.645806897],[140.421246744,35.645801467],[140.421350294,35.645768568],[140.421429112999988,35.645693432],[140.421526175,35.645608487],[140.421620458,35.645560684],[140.421558913000013,35.645493707]]]}},
{"type":"Feature","properties":{"fid":465,"polygon_uuid":"8193f09f-820b-475b-95da-4e980d1c917f","daicho_shubetsu_cd":"FUD25","面積":9,"auxiliary_storage_labeling_positionx":null,"auxiliary_storage_labeling_positiony":null,"auxiliary_storage_labeling_lineanchorpercent":null,"auxiliary_storage_labeling_lineanchorclipping":null,"auxiliary_storage_labeling_lineanchortype":null,"auxiliary_storage_labeling_lineanchortextpoint":null},"geometry":{"type":"Polygon","coordinates":[[[140.435902715999987,35.652835132],[140.436119246,35.652425292],[140.435925901,35.652356313],[140.435753264,35.652705876],[140.435819165999987,35.652725872],[140.435786388999986,35.652791654],[140.435851702,35.6528179],[140.435902715999987,35.652835132]]]}},
{"type":"Feature","properties":{"fid":467,"polygon_uuid":"37d1f215-208c-4612-a6f3-4eeacbe65667","daicho_shubetsu_cd":"散布対象圃場","面積":25,"auxiliary_storage_labeling_positionx":null,"auxiliary_storage_labeling_positiony":null,"auxiliary_storage_labeling_lineanchorpercent":null,"auxiliary_storage_labeling_lineanchorclipping":null,"auxiliary_storage_labeling_lineanchortype":null,"auxiliary_storage_labeling_lineanchortextpoint":null},"geometry":{"type":"Polygon","coordinates":[[[140.437382471,35.638574517],[140.437400683,35.63856742],[140.437424685,35.638511927],[140.437539499,35.638265499],[140.437632941,35.638063476],[140.437683424,35.637921469],[140.437725965999988,35.637806081],[140.43772034,35.637779532],[140.437693109,35.637766379],[140.43764171,35.637786571],[140.437522783,35.637846969],[140.43702081,35.638107217],[140.437044555999989,35.638138106],[140.437123098,35.638239449],[140.43724364,35.63839374],[140.437382471,35.638574517]]]}},
{"type":"Feature","properties":{"fid":471,"polygon_uuid":"9ee19c1c-77b4-4fe3-8ec6-4f753fa86d3d","daicho_shubetsu_cd":"FUD25","面積":14,"auxiliary_storage_labeling_positionx":null,"auxiliary_storage_labeling_positiony":null,"auxiliary_storage_labeling_lineanchorpercent":null,"auxiliary_storage_labeling_lineanchorclipping":null,"auxiliary_storage_labeling_lineanchortype":null,"auxiliary_storage_labeling_lineanchortextpoint":null},"geometry":{"type":"Polygon","coordinates":[[[140.435416796,35.64973039],[140.435158413000011,35.649803892],[140.435273494,35.65018726],[140.435385470999989,35.65015676],[140.435435837999989,35.650255136],[140.435640385,35.650195994],[140.435416796,35.64973039]]]}},
{"type":"Feature","properties":{"fid":475,"polygon_uuid":"9bb76331-3ef6-481f-97d1-503ef2eb2748","daicho_shubetsu_cd":"散布対象圃場","面積":30,"auxiliary_storage_labeling_positionx":null,"auxiliary_storage_labeling_positiony":null,"auxiliary_storage_labeling_lineanchorpercent":null,"auxiliary_storage_labeling_lineanchorclipping":null,"auxiliary_storage_labeling_lineanchortype":null,"auxiliary_storage_labeling_lineanchortextpoint":null},"geometry":{"type":"Polygon","coordinates":[[[140.434323868,35.641765444],[140.434643521999988,35.64245763],[140.434685944,35.642292967],[140.43475822100001,35.642097578],[140.434816291,35.641974492],[140.434953041999989,35.641723402],[140.435087239000012,35.641525294],[140.435048661,35.641494187],[140.43430423800001,35.641738679],[140.434323868,35.641765444]]]}},
{"type":"Feature","properties":{"fid":476,"polygon_uuid":"eebc2452-7153-4c48-aa8f-50436ff4e5ca","daicho_shubetsu_cd":"FUD25","面積":11,"auxiliary_storage_labeling_positionx":null,"auxiliary_storage_labeling_positiony":null,"auxiliary_storage_labeling_lineanchorpercent":null,"auxiliary_storage_labeling_lineanchorclipping":null,"auxiliary_storage_labeling_lineanchortype":null,"auxiliary_storage_labeling_lineanchortextpoint":null},"geometry":{"type":"Polygon","coordinates":[[[140.428203225,35.64257957],[140.428079733,35.642778365],[140.428197777,35.642829286],[140.4283313,35.642864051],[140.428413592999988,35.642877635],[140.428433863,35.642866964],[140.42846599500001,35.642866805],[140.428537575,35.642889767],[140.428605432000012,35.642892347],[140.428626702,35.64287184],[140.428669676,35.642889114],[140.428716025,35.642880142],[140.428751361,35.642830421],[140.428743981999986,35.642798398],[140.428446783,35.642683288],[140.428203225,35.64257957]]]}},
{"type":"Feature","properties":{"fid":477,"polygon_uuid":"b438df92-cb75-41e7-8e12-5044b8871372","daicho_shubetsu_cd":"FUD25","面積":12,"auxiliary_storage_labeling_positionx":null,"auxiliary_storage_labeling_positiony":null,"auxiliary_storage_labeling_lineanchorpercent":null,"auxiliary_storage_labeling_lineanchorclipping":null,"auxiliary_storage_labeling_lineanchortype":null,"auxiliary_storage_labeling_lineanchortextpoint":null},"geometry":{"type":"Polygon","coordinates":[[[140.433040296,35.6401661],[140.432709575,35.640342616],[140.432410874999988,35.640504398],[140.432176090000013,35.640619231],[140.432030277,35.640695732],[140.431994706000012,35.640713395],[140.432034261000013,35.640751088],[140.432052328999987,35.640780142],[140.432077299000014,35.640777103],[140.43225870500001,35.640685853],[140.432781567,35.640420948],[140.433083857000014,35.640262062],[140.433072928,35.640232971],[140.433065592,35.640206778],[140.433040296,35.6401661]]]}},
{"type":"Feature","properties":{"fid":482,"polygon_uuid":"a25bc54e-4f63-4655-b918-510e195c0c89","daicho_shubetsu_cd":"FUD25","面積":9,"auxiliary_storage_labeling_positionx":null,"auxiliary_storage_labeling_positiony":null,"auxiliary_storage_labeling_lineanchorpercent":null,"auxiliary_storage_labeling_lineanchorclipping":null,"auxiliary_storage_labeling_lineanchortype":null,"auxiliary_storage_labeling_lineanchortextpoint":null},"geometry":{"type":"Polygon","coordinates":[[[140.431389908,35.649359212],[140.431406793,35.649443425],[140.431359388,35.649587812],[140.431291006,35.64970545],[140.431251304,35.649829175],[140.431258785000011,35.649832834],[140.431329839999989,35.649851775],[140.43141269,35.649867442],[140.43146717,35.649869574],[140.431482738999989,35.649871713],[140.431561772,35.649650831],[140.431545003,35.649648124],[140.431462678,35.649631988],[140.431545194,35.649387309],[140.431389908,35.649359212]]]}},
{"type":"Feature","properties":{"fid":483,"polygon_uuid":"6112f526-98ae-4ea8-b2e5-51209485f52f","daicho_shubetsu_cd":"FUD25","面積":12,"auxiliary_storage_labeling_positionx":null,"auxiliary_storage_labeling_positiony":null,"auxiliary_storage_labeling_lineanchorpercent":null,"auxiliary_storage_labeling_lineanchorclipping":null,"auxiliary_storage_labeling_lineanchortype":null,"auxiliary_storage_labeling_lineanchortextpoint":null},"geometry":{"type":"Polygon","coordinates":[[[140.431952647,35.650627002],[140.43237283900001,35.650536139],[140.432367922999987,35.650511076],[140.432348663,35.650464855],[140.432293735,35.650391793],[140.432157916,35.650251589],[140.432127380999987,35.650278759],[140.432084967,35.650298268],[140.4318182,35.65035363],[140.431952647,35.650627002]]]}},
{"type":"Feature","properties":{"fid":485,"polygon_uuid":"ff32d1c8-0e1f-4abf-8d77-514b58ba36ce","daicho_shubetsu_cd":"FUD25","面積":11,"auxiliary_storage_labeling_positionx":null,"auxiliary_storage_labeling_positiony":null,"auxiliary_storage_labeling_lineanchorpercent":null,"auxiliary_storage_labeling_lineanchorclipping":null,"auxiliary_storage_labeling_lineanchortype":null,"auxiliary_storage_labeling_lineanchortextpoint":null},"geometry":{"type":"Polygon","coordinates":[[[140.435622515,35.649665148],[140.435416796,35.64973039],[140.435640385,35.650195994],[140.435773145000013,35.650152207],[140.435844440000011,35.650126481],[140.435622515,35.649665148]]]}},
{"type":"Feature","properties":{"fid":498,"polygon_uuid":"1b04d72b-0037-4941-961e-5358d132a634","daicho_shubetsu_cd":"FUD25","面積":16,"auxiliary_storage_labeling_positionx":null,"auxiliary_storage_labeling_positiony":null,"auxiliary_storage_labeling_lineanchorpercent":null,"auxiliary_storage_labeling_lineanchorclipping":null,"auxiliary_storage_labeling_lineanchortype":null,"auxiliary_storage_labeling_lineanchortextpoint":null},"geometry":{"type":"Polygon","coordinates":[[[140.430207191,35.646077695],[140.430203195,35.645939597],[140.430167888,35.645967501],[140.430029249,35.646012302],[140.429878192,35.646048341],[140.429918684,35.646169737],[140.430008494,35.646438986],[140.430036691,35.646463618],[140.430071665000014,35.646457729],[140.430132275,35.646445995],[140.430299913999988,35.646386092],[140.430386033,35.646351366],[140.430418487999987,35.646320717],[140.43040407,35.646265527],[140.430366337,35.646214265],[140.430255939,35.646123346],[140.430216524,35.646096334],[140.430207191,35.646077695]]]}},
{"type":"Feature","properties":{"fid":502,"polygon_uuid":"9c026a60-0b8e-4210-ae34-53eb6fa13ebc","daicho_shubetsu_cd":"FUD25","面積":8,"auxiliary_storage_labeling_positionx":null,"auxiliary_storage_labeling_positiony":null,"auxiliary_storage_labeling_lineanchorpercent":null,"auxiliary_storage_labeling_lineanchorclipping":null,"auxiliary_storage_labeling_lineanchortype":null,"auxiliary_storage_labeling_lineanchortextpoint":null},"geometry":{"type":"Polygon","coordinates":[[[140.43146717,35.649869574],[140.43141269,35.649867442],[140.431329839999989,35.649851775],[140.431258785000011,35.649832834],[140.431251304,35.649829175],[140.431230062999987,35.650171802],[140.43131652400001,35.65017951],[140.431418976,35.650182217],[140.431482104,35.650194766],[140.431496523,35.650014942],[140.431495468,35.649873462],[140.431482738999989,35.649871713],[140.43146717,35.649869574]]]}},
{"type":"Feature","properties":{"fid":503,"polygon_uuid":"86430d7f-ca58-48d4-a4d6-53ff33d472d2","daicho_shubetsu_cd":"散布対象圃場","面積":57,"auxiliary_storage_labeling_positionx":null,"auxiliary_storage_labeling_positiony":null,"auxiliary_storage_labeling_lineanchorpercent":null,"auxiliary_storage_labeling_lineanchorclipping":null,"auxiliary_storage_labeling_lineanchortype":null,"auxiliary_storage_labeling_lineanchortextpoint":null},"geometry":{"type":"Polygon","coordinates":[[[140.435161736,35.644747617],[140.434925130000011,35.644263538],[140.434774057,35.643936414],[140.434745351,35.643857866],[140.434693012,35.643841733],[140.43422417,35.643991619],[140.434196250000014,35.644017988],[140.434363781,35.644397492],[140.434620924,35.644924378],[140.435161736,35.644747617]]]}},
{"type":"Feature","properties":{"fid":512,"polygon_uuid":"2810c647-f55b-4fc2-8447-55a3952bbc00","daicho_shubetsu_cd":"散布対象圃場","面積":22,"auxiliary_storage_labeling_positionx":null,"auxiliary_storage_labeling_positiony":null,"auxiliary_storage_labeling_lineanchorpercent":null,"auxiliary_storage_labeling_lineanchorclipping":null,"auxiliary_storage_labeling_lineanchortype":null,"auxiliary_storage_labeling_lineanchortextpoint":null},"geometry":{"type":"Polygon","coordinates":[[[140.436722592,35.638259028],[140.436859514,35.638426674],[140.437170404,35.638828663],[140.437180818,35.638819018],[140.437204377,35.638824806],[140.43721706,35.638827696],[140.437260114999987,35.638780229],[140.437302155,35.638718149],[140.437345064999988,35.638651487],[140.437377245,35.638601122],[140.437382471,35.638574517],[140.43724364,35.63839374],[140.437123098,35.638239449],[140.437044555999989,35.638138106],[140.43702081,35.638107217],[140.436909078000014,35.638162411],[140.436770349,35.638235458],[140.436722592,35.638259028]]]}},
{"type":"Feature","properties":{"fid":519,"polygon_uuid":"ef1d2dc7-ab47-4425-8a56-569770f9242b","daicho_shubetsu_cd":"FUD25","面積":41,"auxiliary_storage_labeling_positionx":null,"auxiliary_storage_labeling_positiony":null,"auxiliary_storage_labeling_lineanchorpercent":null,"auxiliary_storage_labeling_lineanchorclipping":null,"auxiliary_storage_labeling_lineanchortype":null,"auxiliary_storage_labeling_lineanchortextpoint":null},"geometry":{"type":"Polygon","coordinates":[[[140.426157773,35.650796889],[140.426095519,35.650665714],[140.426006726999987,35.650497511],[140.425946479,35.650400625],[140.425865219,35.650303842],[140.425771755999989,35.650214496],[140.425640599,35.650090565],[140.425222248000011,35.650302885],[140.425060708,35.650380007],[140.425065687,35.650393523],[140.425082663000012,35.650433523],[140.425116755,35.650503118],[140.42514455700001,35.650547829],[140.425172286,35.650582574],[140.425204197,35.650655806],[140.425316659,35.65076976],[140.425410621999987,35.650817467],[140.425408162999986,35.650775611],[140.425416786999989,35.650703315],[140.425433417,35.650641187],[140.425471873,35.650612761],[140.425566009,35.65060739],[140.42569072,35.650621973],[140.425796007,35.650652896],[140.425904275,35.650700431],[140.426024950999988,35.650782887],[140.426091491,35.650831516],[140.426157773,35.650796889]]]}},
{"type":"Feature","properties":{"fid":522,"polygon_uuid":"5a41465b-3a6b-4857-9cba-56eaa9db33c8","daicho_shubetsu_cd":"FUD25","面積":3,"auxiliary_storage_labeling_positionx":null,"auxiliary_storage_labeling_positiony":null,"auxiliary_storage_labeling_lineanchorpercent":null,"auxiliary_storage_labeling_lineanchorclipping":null,"auxiliary_storage_labeling_lineanchortype":null,"auxiliary_storage_labeling_lineanchortextpoint":null},"geometry":{"type":"Polygon","coordinates":[[[140.426110476,35.644368053],[140.42604157400001,35.644338492],[140.425963487,35.644305237],[140.425880793,35.644268268],[140.425867609,35.644343085],[140.425877179999986,35.644399102],[140.425973693,35.644447217],[140.426014957,35.644454489],[140.426069735999988,35.644431793],[140.426110476,35.644368053]]]}},
{"type":"Feature","properties":{"fid":525,"polygon_uuid":"808b8ded-3b83-4185-844a-5784c3cae77a","daicho_shubetsu_cd":"FUD25","面積":11,"auxiliary_storage_labeling_positionx":null,"auxiliary_storage_labeling_positiony":null,"auxiliary_storage_labeling_lineanchorpercent":null,"auxiliary_storage_labeling_lineanchorclipping":null,"auxiliary_storage_labeling_lineanchortype":null,"auxiliary_storage_labeling_lineanchortextpoint":null},"geometry":{"type":"Polygon","coordinates":[[[140.436438138,35.651004588],[140.436650044,35.650939457],[140.436422791000012,35.650478878],[140.436233061,35.650528665],[140.436438138,35.651004588]]]}},
{"type":"Feature","properties":{"fid":529,"polygon_uuid":"c376d75c-2c5e-4f21-81f1-587048400209","daicho_shubetsu_cd":"FUD25","面積":9,"auxiliary_storage_labeling_positionx":null,"auxiliary_storage_labeling_positiony":null,"auxiliary_storage_labeling_lineanchorpercent":null,"auxiliary_storage_labeling_lineanchorclipping":null,"auxiliary_storage_labeling_lineanchortype":null,"auxiliary_storage_labeling_lineanchortextpoint":null},"geometry":{"type":"Polygon","coordinates":[[[140.42719066,35.649795106],[140.427335534,35.649822028],[140.427472497999986,35.649820096],[140.427498475,35.649794843],[140.42752130400001,35.649552281],[140.427510665999989,35.649492874],[140.427265837,35.649485582],[140.427265408000011,35.649497014],[140.42719066,35.649795106]]]}},
{"type":"Feature","properties":{"fid":531,"polygon_uuid":"1bcb3acb-9d75-4e3f-bd91-587777d9dbcc","daicho_shubetsu_cd":"FUD25","面積":15,"auxiliary_storage_labeling_positionx":null,"auxiliary_storage_labeling_positiony":null,"auxiliary_storage_labeling_lineanchorpercent":null,"auxiliary_storage_labeling_lineanchorclipping":null,"auxiliary_storage_labeling_lineanchortype":null,"auxiliary_storage_labeling_lineanchortextpoint":null},"geometry":{"type":"Polygon","coordinates":[[[140.43524181,35.651875549],[140.43523545,35.651823179],[140.435243042,35.651764124],[140.43528299,35.651734414],[140.435334794,35.651678416],[140.435358503,35.651625837],[140.435333958,35.651566942],[140.435269611,35.651557427],[140.435161152,35.651557969],[140.435045027,35.651607731],[140.434920893,35.651660812],[140.43476854,35.651700918],[140.43470853,35.651734006],[140.43470498100001,35.65179632],[140.43464916,35.651852339],[140.434657514,35.651894921],[140.434741871,35.6518945],[140.434926581000013,35.651883741],[140.43524181,35.651875549]]]}},
{"type":"Feature","properties":{"fid":538,"polygon_uuid":"08447653-77de-4f49-9037-595056f4f6d6","daicho_shubetsu_cd":"FUD25","面積":25,"auxiliary_storage_labeling_positionx":null,"auxiliary_storage_labeling_positiony":null,"auxiliary_storage_labeling_lineanchorpercent":null,"auxiliary_storage_labeling_lineanchorclipping":null,"auxiliary_storage_labeling_lineanchortype":null,"auxiliary_storage_labeling_lineanchortextpoint":null},"geometry":{"type":"Polygon","coordinates":[[[140.436096497,35.646683688],[140.435945464000014,35.646363122],[140.435704537,35.645839721],[140.435667697000014,35.645748099],[140.435639605,35.645751518],[140.43561548,35.64574836],[140.435471173,35.645788427],[140.43542721,35.645818156],[140.43581902,35.646642452],[140.435868394000011,35.646754292],[140.435888092999988,35.646747028],[140.436096497,35.646683688]]]}},
{"type":"Feature","properties":{"fid":550,"polygon_uuid":"031a5abb-68de-4080-93db-5c16e1fda9b3","daicho_shubetsu_cd":"散布対象圃場","面積":30,"auxiliary_storage_labeling_positionx":null,"auxiliary_storage_labeling_positiony":null,"auxiliary_storage_labeling_lineanchorpercent":null,"auxiliary_storage_labeling_lineanchorclipping":null,"auxiliary_storage_labeling_lineanchortype":null,"auxiliary_storage_labeling_lineanchortextpoint":null},"geometry":{"type":"Polygon","coordinates":[[[140.427943862,35.641706861],[140.42748505,35.641512485],[140.42685658,35.641259838],[140.426836643,35.641279609],[140.426800349,35.641260115],[140.426687789,35.641443114],[140.426716647,35.641458057],[140.426897851,35.641527561],[140.427458827,35.641768361],[140.427809407000012,35.641920734],[140.427943862,35.641706861]]]}},
{"type":"Feature","properties":{"fid":552,"polygon_uuid":"e4ede2e6-ee67-412a-848d-5cca870ddb6f","daicho_shubetsu_cd":"FUD25","面積":5,"auxiliary_storage_labeling_positionx":null,"auxiliary_storage_labeling_positiony":null,"auxiliary_storage_labeling_lineanchorpercent":null,"auxiliary_storage_labeling_lineanchorclipping":null,"auxiliary_storage_labeling_lineanchortype":null,"auxiliary_storage_labeling_lineanchortextpoint":null},"geometry":{"type":"Polygon","coordinates":[[[140.433189410000011,35.649978474],[140.433208539,35.64995739],[140.433247598,35.649912178],[140.433247212999987,35.64986073],[140.433254659,35.649802812],[140.433225336,35.64979453],[140.433083514,35.649795236],[140.43297324,35.649800073],[140.432947345,35.649849507],[140.432934549,35.649894589],[140.432923908,35.649966012],[140.433189410000011,35.649978474]]]}},
{"type":"Feature","properties":{"fid":563,"polygon_uuid":"fb242d52-e1ff-4b63-b5a0-5e8fed867d6a","daicho_shubetsu_cd":"FUD25","面積":20,"auxiliary_storage_labeling_positionx":null,"auxiliary_storage_labeling_positiony":null,"auxiliary_storage_labeling_lineanchorpercent":null,"auxiliary_storage_labeling_lineanchorclipping":null,"auxiliary_storage_labeling_lineanchortype":null,"auxiliary_storage_labeling_lineanchortextpoint":null},"geometry":{"type":"Polygon","coordinates":[[[140.434463182,35.647756316],[140.434381568,35.647586227],[140.434287683,35.647386689],[140.434246949999988,35.64731148],[140.434090639,35.647358163],[140.43391025,35.647408245],[140.43387045,35.647457625],[140.433988827,35.647709501],[140.434078473999989,35.647879551],[140.434138628,35.647866136],[140.434463182,35.647756316]]]}},
{"type":"Feature","properties":{"fid":566,"polygon_uuid":"976d5cd8-8e98-4a79-8886-5f17a6c1814d","daicho_shubetsu_cd":"FUD25","面積":19,"auxiliary_storage_labeling_positionx":null,"auxiliary_storage_labeling_positiony":null,"auxiliary_storage_labeling_lineanchorpercent":null,"auxiliary_storage_labeling_lineanchorclipping":null,"auxiliary_storage_labeling_lineanchortype":null,"auxiliary_storage_labeling_lineanchortextpoint":null},"geometry":{"type":"Polygon","coordinates":[[[140.428236846,35.642383733],[140.427898215999988,35.642218187],[140.427720977,35.642150207],[140.427593952,35.642354119],[140.427558435,35.642439542],[140.42756661300001,35.642459176],[140.428073969,35.642663221],[140.428236846,35.642383733]]]}},
{"type":"Feature","properties":{"fid":575,"polygon_uuid":"5ce544d4-032e-46e5-9917-60fb267b100b","daicho_shubetsu_cd":"FUD25","面積":5,"auxiliary_storage_labeling_positionx":null,"auxiliary_storage_labeling_positiony":null,"auxiliary_storage_labeling_lineanchorpercent":null,"auxiliary_storage_labeling_lineanchorclipping":null,"auxiliary_storage_labeling_lineanchortype":null,"auxiliary_storage_labeling_lineanchortextpoint":null},"geometry":{"type":"Polygon","coordinates":[[[140.425194092,35.647786726],[140.425128635,35.647932821],[140.425433916,35.64801707],[140.42548566100001,35.647911058],[140.425481864,35.647871061],[140.425450222,35.647854066],[140.425362447999987,35.647823056],[140.425194092,35.647786726]]]}},
{"type":"Feature","properties":{"fid":581,"polygon_uuid":"397e6b93-ce63-4976-8a78-622374f704ff","daicho_shubetsu_cd":"FUD25","面積":8,"auxiliary_storage_labeling_positionx":null,"auxiliary_storage_labeling_positiony":null,"auxiliary_storage_labeling_lineanchorpercent":null,"auxiliary_storage_labeling_lineanchorclipping":null,"auxiliary_storage_labeling_lineanchortype":null,"auxiliary_storage_labeling_lineanchortextpoint":null},"geometry":{"type":"Polygon","coordinates":[[[140.426402867,35.648011706],[140.42636821,35.648060468],[140.426333551999988,35.64810923],[140.426389748,35.648131819],[140.426509270999986,35.648194114],[140.426667462000012,35.648276225],[140.426730197000012,35.6482359],[140.42678924,35.648169868],[140.426806305000014,35.64810976],[140.426760359000014,35.64805282],[140.426711103,35.648021621],[140.426592002,35.648016491],[140.426455435,35.648017164],[140.426402867,35.648011706]]]}},
{"type":"Feature","properties":{"fid":582,"polygon_uuid":"d6001a7e-b2dc-4c6a-97fb-6230f2346396","daicho_shubetsu_cd":"FUD25","面積":3,"auxiliary_storage_labeling_positionx":null,"auxiliary_storage_labeling_positiony":null,"auxiliary_storage_labeling_lineanchorpercent":null,"auxiliary_storage_labeling_lineanchorclipping":null,"auxiliary_storage_labeling_lineanchortype":null,"auxiliary_storage_labeling_lineanchortextpoint":null},"geometry":{"type":"Polygon","coordinates":[[[140.434695201000011,35.648236836],[140.43457729,35.647974133],[140.434489115,35.648000803],[140.434591551000011,35.648269153],[140.434695201000011,35.648236836]]]}},
{"type":"Feature","properties":{"fid":587,"polygon_uuid":"00abf8aa-5642-4558-942e-6305e9d84510","daicho_shubetsu_cd":"散布対象圃場","面積":23,"auxiliary_storage_labeling_positionx":null,"auxiliary_storage_labeling_positiony":null,"auxiliary_storage_labeling_lineanchorpercent":null,"auxiliary_storage_labeling_lineanchorclipping":null,"auxiliary_storage_labeling_lineanchortype":null,"auxiliary_storage_labeling_lineanchortextpoint":null},"geometry":{"type":"Polygon","coordinates":[[[140.437089185,35.650873694],[140.437212409000011,35.651114978],[140.437313397999986,35.651324533],[140.437590961000012,35.651235667],[140.437738016,35.651189459],[140.437614445,35.650920605],[140.437531080000014,35.650727147],[140.437452361,35.650734893],[140.437096195,35.650856172],[140.437089185,35.650873694]]]}},
{"type":"Feature","properties":{"fid":595,"polygon_uuid":"dbd50839-a037-42cd-95db-644c344af564","daicho_shubetsu_cd":"FUD25","面積":23,"auxiliary_storage_labeling_positionx":null,"auxiliary_storage_labeling_positiony":null,"auxiliary_storage_labeling_lineanchorpercent":null,"auxiliary_storage_labeling_lineanchorclipping":null,"auxiliary_storage_labeling_lineanchortype":null,"auxiliary_storage_labeling_lineanchortextpoint":null},"geometry":{"type":"Polygon","coordinates":[[[140.430392396,35.649625912],[140.430386451,35.649608533],[140.430447308999987,35.649627347],[140.430361733000012,35.649367102],[140.43031778,35.649380567],[140.430209423,35.64937821],[140.43002823,35.649382323],[140.429764236000011,35.6493772],[140.429773167,35.649518641],[140.42979197,35.649818799],[140.429854156,35.649814075],[140.429948633,35.64980396],[140.430029072,35.649789415],[140.430186125,35.649720801],[140.430392396,35.649625912]]]}},
{"type":"Feature","properties":{"fid":596,"polygon_uuid":"d3a1fc75-bd08-4d0b-8305-654695119953","daicho_shubetsu_cd":"FUD25","面積":15,"auxiliary_storage_labeling_positionx":null,"auxiliary_storage_labeling_positiony":null,"auxiliary_storage_labeling_lineanchorpercent":null,"auxiliary_storage_labeling_lineanchorclipping":null,"auxiliary_storage_labeling_lineanchortype":null,"auxiliary_storage_labeling_lineanchortextpoint":null},"geometry":{"type":"Polygon","coordinates":[[[140.437971886000014,35.652240487],[140.438183163,35.652167558],[140.438224378,35.652045984],[140.438233497,35.651940754],[140.438200457,35.65183169],[140.438145096999989,35.651720715],[140.437778150000014,35.651836883],[140.437785048,35.651849116],[140.437971886000014,35.652240487]]]}},
{"type":"Feature","properties":{"fid":599,"polygon_uuid":"301fd6e7-6031-4d04-b182-660a76d5fe95","daicho_shubetsu_cd":"FUD25","面積":8,"auxiliary_storage_labeling_positionx":null,"auxiliary_storage_labeling_positiony":null,"auxiliary_storage_labeling_lineanchorpercent":null,"auxiliary_storage_labeling_lineanchorclipping":null,"auxiliary_storage_labeling_lineanchortype":null,"auxiliary_storage_labeling_lineanchortextpoint":null},"geometry":{"type":"Polygon","coordinates":[[[140.425901815,35.649822025],[140.425889996,35.649800928],[140.425871663,35.649689544],[140.425850527,35.649672498],[140.425773867,35.649724325],[140.42570756500001,35.649756092],[140.425571164,35.64977963],[140.425449660999988,35.649787403],[140.425391752,35.649792482],[140.42547785,35.649884433],[140.425536269,35.64994145],[140.42559182,35.65000321],[140.425901815,35.649822025]]]}},
{"type":"Feature","properties":{"fid":602,"polygon_uuid":"0b832b16-27bc-4728-9314-66f177fcfdad","daicho_shubetsu_cd":"FUD25","面積":3,"auxiliary_storage_labeling_positionx":null,"auxiliary_storage_labeling_positiony":null,"auxiliary_storage_labeling_lineanchorpercent":null,"auxiliary_storage_labeling_lineanchorclipping":null,"auxiliary_storage_labeling_lineanchortype":null,"auxiliary_storage_labeling_lineanchortextpoint":null},"geometry":{"type":"Polygon","coordinates":[[[140.435521295,35.65211961],[140.435572374,35.652145585],[140.435629674000012,35.652138097],[140.435759016,35.652035359],[140.43580677700001,35.651976102],[140.43579283,35.651884245],[140.43576876,35.651906345],[140.435638324,35.652011918],[140.435521295,35.65211961]]]}},
{"type":"Feature","properties":{"fid":606,"polygon_uuid":"cead3e21-39c0-4fed-8e55-673c194962d3","daicho_shubetsu_cd":"散布対象圃場","面積":21,"auxiliary_storage_labeling_positionx":null,"auxiliary_storage_labeling_positiony":null,"auxiliary_storage_labeling_lineanchorpercent":null,"auxiliary_storage_labeling_lineanchorclipping":null,"auxiliary_storage_labeling_lineanchortype":null,"auxiliary_storage_labeling_lineanchortextpoint":null},"geometry":{"type":"Polygon","coordinates":[[[140.435260546,35.64802318],[140.435240118,35.64797738],[140.435080978,35.647647017],[140.43484429,35.647153102],[140.434827952,35.647117117],[140.434642438999987,35.64717753],[140.434835533000012,35.647592504],[140.435076435000013,35.648112628],[140.435240782,35.648065904],[140.435248668000014,35.648046191],[140.435260546,35.64802318]]]}},
{"type":"Feature","properties":{"fid":608,"polygon_uuid":"7f2b472b-c84f-43e4-afff-67b8fe2fa8bd","daicho_shubetsu_cd":"FUD25","面積":3,"auxiliary_storage_labeling_positionx":null,"auxiliary_storage_labeling_positiony":null,"auxiliary_storage_labeling_lineanchorpercent":null,"auxiliary_storage_labeling_lineanchorclipping":null,"auxiliary_storage_labeling_lineanchortype":null,"auxiliary_storage_labeling_lineanchortextpoint":null},"geometry":{"type":"Polygon","coordinates":[[[140.43772893,35.652944146],[140.437761819,35.652959583],[140.437832201,35.652876756],[140.437891695,35.652798441],[140.437943079,35.652731313],[140.437970001999986,35.652679909],[140.437980707,35.652650878],[140.437895847,35.652624556],[140.437860865,35.652693832],[140.437812363,35.652781008],[140.43772893,35.652944146]]]}},
{"type":"Feature","properties":{"fid":612,"polygon_uuid":"3951b328-d0f8-488c-8c29-682e4d9fa589","daicho_shubetsu_cd":"FUD25","面積":7,"auxiliary_storage_labeling_positionx":null,"auxiliary_storage_labeling_positiony":null,"auxiliary_storage_labeling_lineanchorpercent":null,"auxiliary_storage_labeling_lineanchorclipping":null,"auxiliary_storage_labeling_lineanchortype":null,"auxiliary_storage_labeling_lineanchortextpoint":null},"geometry":{"type":"Polygon","coordinates":[[[140.41341198500001,35.647375121],[140.413033609,35.647441027],[140.413063188,35.647474868],[140.413217235,35.64763163],[140.41349729,35.647591649],[140.41346041,35.647526447],[140.41341198500001,35.647375121]]]}},
{"type":"Feature","properties":{"fid":616,"polygon_uuid":"1e72cebf-da26-445c-bdbb-68b958d8d692","daicho_shubetsu_cd":"FUD25","面積":27,"auxiliary_storage_labeling_positionx":null,"auxiliary_storage_labeling_positiony":null,"auxiliary_storage_labeling_lineanchorpercent":null,"auxiliary_storage_labeling_lineanchorclipping":null,"auxiliary_storage_labeling_lineanchortype":null,"auxiliary_storage_labeling_lineanchortextpoint":null},"geometry":{"type":"Polygon","coordinates":[[[140.43280694500001,35.650481625],[140.432822802,35.650405353],[140.432853293,35.650268002],[140.432888989,35.650124195],[140.432909496,35.650007113],[140.432810983,35.650004388],[140.432629837,35.650014936],[140.432515615999989,35.65001872],[140.432322819,35.650051835],[140.432188970999988,35.650065363],[140.432122149,35.65007371],[140.432154092,35.650142711],[140.432196479,35.650207423],[140.432215889,35.650231922],[140.432322883000012,35.650330998],[140.432385842,35.65041495],[140.432407684,35.650470487],[140.432429144,35.650505457],[140.432468003999986,35.650501295],[140.432664789,35.650474592],[140.432755493,35.650461643],[140.43280694500001,35.650481625]]]}},
{"type":"Feature","properties":{"fid":617,"polygon_uuid":"e5ca9278-13a7-4a54-be83-690e1dc5e8f7","daicho_shubetsu_cd":"FUD25","面積":7,"auxiliary_storage_labeling_positionx":null,"auxiliary_storage_labeling_positiony":null,"auxiliary_storage_labeling_lineanchorpercent":null,"auxiliary_storage_labeling_lineanchorclipping":null,"auxiliary_storage_labeling_lineanchortype":null,"auxiliary_storage_labeling_lineanchortextpoint":null},"geometry":{"type":"Polygon","coordinates":[[[140.421580688,35.644872117],[140.421668937,35.644834309],[140.42173291200001,35.644816555],[140.421781552,35.644788908],[140.421732693,35.644786655],[140.421671405000012,35.644754561],[140.421622217,35.644707458],[140.421560839,35.644662907],[140.421502549,35.644623324],[140.421422799999988,35.644571386],[140.42135544300001,35.644544306],[140.421312964,35.644579397],[140.421258494,35.644644449],[140.421267833,35.644669321],[140.421347546,35.644716275],[140.42145177,35.644775568],[140.421559064,35.644837338],[140.421580688,35.644872117]]]}},
{"type":"Feature","properties":{"fid":621,"polygon_uuid":"7ae49398-a619-4843-bb44-6a0d42473269","daicho_shubetsu_cd":"FUD25","面積":31,"auxiliary_storage_labeling_positionx":null,"auxiliary_storage_labeling_positiony":null,"auxiliary_storage_labeling_lineanchorpercent":null,"auxiliary_storage_labeling_lineanchorclipping":null,"auxiliary_storage_labeling_lineanchortype":null,"auxiliary_storage_labeling_lineanchortextpoint":null},"geometry":{"type":"Polygon","coordinates":[[[140.434448702,35.645014489],[140.434869352,35.645895892],[140.434890956,35.645927754],[140.435127379,35.64585116],[140.435139257,35.645828149],[140.435155176,35.645808397],[140.434738785,35.644918646],[140.434558403000011,35.644968728],[140.434448702,35.645014489]]]}},
{"type":"Feature","properties":{"fid":633,"polygon_uuid":"98ccc110-51e4-48ff-96b6-6c21e7c012f2","daicho_shubetsu_cd":"FUD25","面積":29,"auxiliary_storage_labeling_positionx":null,"auxiliary_storage_labeling_positiony":null,"auxiliary_storage_labeling_lineanchorpercent":null,"auxiliary_storage_labeling_lineanchorclipping":null,"auxiliary_storage_labeling_lineanchortype":null,"auxiliary_storage_labeling_lineanchortextpoint":null},"geometry":{"type":"Polygon","coordinates":[[[140.424656205,35.649714114],[140.424844707,35.649632584],[140.425220599,35.649481405],[140.425203982,35.649439884],[140.425140043999988,35.649317291],[140.425079839,35.649226121],[140.425019782,35.649154958],[140.424952553999987,35.649060965],[140.424906482000011,35.648986875],[140.424853492000011,35.648924252],[140.424643998,35.649008172],[140.424679837000014,35.64911947],[140.424684308,35.64925093],[140.424664076999989,35.649356787],[140.424643635,35.649434061],[140.424591508,35.649488626],[140.424539234,35.649523181],[140.424610175,35.649645741],[140.424656205,35.649714114]]]}},
{"type":"Feature","properties":{"fid":634,"polygon_uuid":"e79b400d-145b-48ea-a5a9-6c6553aec269","daicho_shubetsu_cd":"FUD25","面積":9,"auxiliary_storage_labeling_positionx":null,"auxiliary_storage_labeling_positiony":null,"auxiliary_storage_labeling_lineanchorpercent":null,"auxiliary_storage_labeling_lineanchorclipping":null,"auxiliary_storage_labeling_lineanchortype":null,"auxiliary_storage_labeling_lineanchortextpoint":null},"geometry":{"type":"Polygon","coordinates":[[[140.436362162,35.652437106],[140.436548319,35.652496357],[140.436699189,35.652221431],[140.436763709,35.652085137],[140.436577602999989,35.652032572],[140.436459186,35.652264985],[140.436362162,35.652437106]]]}},
{"type":"Feature","properties":{"fid":636,"polygon_uuid":"b7b94bd5-77d5-48a7-8df5-6c6b1fa701e7","daicho_shubetsu_cd":"FUD25","面積":7,"auxiliary_storage_labeling_positionx":null,"auxiliary_storage_labeling_positiony":null,"auxiliary_storage_labeling_lineanchorpercent":null,"auxiliary_storage_labeling_lineanchorclipping":null,"auxiliary_storage_labeling_lineanchortype":null,"auxiliary_storage_labeling_lineanchortextpoint":null},"geometry":{"type":"Polygon","coordinates":[[[140.424328092,35.644257647],[140.424221531,35.644295546],[140.424127196,35.644335877],[140.424063332,35.644368583],[140.424055055,35.644488228],[140.424046759,35.644605381],[140.424089531,35.644610154],[140.424171858,35.644597291],[140.424281601,35.644576819],[140.424293132,35.644484568],[140.424307588,35.64437486],[140.424328092,35.644257647]]]}},
{"type":"Feature","properties":{"fid":644,"polygon_uuid":"932de72d-8ef9-4cf7-93f6-6dafcdf39b3b","daicho_shubetsu_cd":"FUD25","面積":6,"auxiliary_storage_labeling_positionx":null,"auxiliary_storage_labeling_positiony":null,"auxiliary_storage_labeling_lineanchorpercent":null,"auxiliary_storage_labeling_lineanchorclipping":null,"auxiliary_storage_labeling_lineanchortype":null,"auxiliary_storage_labeling_lineanchortextpoint":null},"geometry":{"type":"Polygon","coordinates":[[[140.429009752000013,35.647925643],[140.429039819,35.64791664],[140.429141177,35.647890413],[140.429228932,35.647918563],[140.429337251,35.647886585],[140.429270269,35.647692996],[140.429115434000011,35.647724759],[140.428947521999987,35.647748456],[140.429009752000013,35.647925643]]]}},
{"type":"Feature","properties":{"fid":647,"polygon_uuid":"314ad72d-eae7-4ae3-af34-6de1f45d5869","daicho_shubetsu_cd":"FUD25","面積":18,"auxiliary_storage_labeling_positionx":null,"auxiliary_storage_labeling_positiony":null,"auxiliary_storage_labeling_lineanchorpercent":null,"auxiliary_storage_labeling_lineanchorclipping":null,"auxiliary_storage_labeling_lineanchortype":null,"auxiliary_storage_labeling_lineanchortextpoint":null},"geometry":{"type":"Polygon","coordinates":[[[140.431227364,35.64981747],[140.431144346999986,35.649807677],[140.43108061800001,35.649804142],[140.431086158,35.649866164],[140.430829641,35.649870336],[140.430664038,35.649851864],[140.430624618,35.649848844],[140.430616724,35.650017277],[140.430641763000011,35.650034941],[140.430677458,35.65006692],[140.430725044000013,35.650108487],[140.430788291,35.650137113],[140.430839649,35.650156152],[140.430922450999986,35.650165388],[140.43102492700001,35.650171311],[140.431119476,35.650170841],[140.431214024000013,35.650170372],[140.431230062999987,35.650171802],[140.431251304,35.649829175],[140.431227364,35.64981747]]]}},
{"type":"Feature","properties":{"fid":650,"polygon_uuid":"effade9d-5d89-40f3-a1b9-6e1ba897fb42","daicho_shubetsu_cd":"FUD25","面積":16,"auxiliary_storage_labeling_positionx":null,"auxiliary_storage_labeling_positiony":null,"auxiliary_storage_labeling_lineanchorpercent":null,"auxiliary_storage_labeling_lineanchorclipping":null,"auxiliary_storage_labeling_lineanchortype":null,"auxiliary_storage_labeling_lineanchortextpoint":null},"geometry":{"type":"Polygon","coordinates":[[[140.420834947,35.645200189],[140.420703487999987,35.645173421],[140.420584475,35.645178984],[140.420456415,35.645199543],[140.420412827,35.645212555],[140.420387221999988,35.645220199],[140.420665292,35.645697537],[140.420671013,35.645708775],[140.42081206,35.645657116],[140.420849444,35.645204252],[140.420834947,35.645200189]]]}},
{"type":"Feature","properties":{"fid":655,"polygon_uuid":"15bd1b10-d6d4-4e54-8de1-6f49a2d73f39","daicho_shubetsu_cd":"FUD25","面積":1,"auxiliary_storage_labeling_positionx":null,"auxiliary_storage_labeling_positiony":null,"auxiliary_storage_labeling_lineanchorpercent":null,"auxiliary_storage_labeling_lineanchorclipping":null,"auxiliary_storage_labeling_lineanchortype":null,"auxiliary_storage_labeling_lineanchortextpoint":null},"geometry":{"type":"Polygon","coordinates":[[[140.413280345,35.645981645],[140.413209513,35.646004274],[140.413193517,35.646057842],[140.413248673999988,35.646133358],[140.413330459,35.646115133],[140.413280345,35.645981645]]]}},
{"type":"Feature","properties":{"fid":656,"polygon_uuid":"ec587ce1-515e-473d-b4d2-6f5ad18a9ee2","daicho_shubetsu_cd":"FUD25","面積":17,"auxiliary_storage_labeling_positionx":null,"auxiliary_storage_labeling_positiony":null,"auxiliary_storage_labeling_lineanchorpercent":null,"auxiliary_storage_labeling_lineanchorclipping":null,"auxiliary_storage_labeling_lineanchortype":null,"auxiliary_storage_labeling_lineanchortextpoint":null},"geometry":{"type":"Polygon","coordinates":[[[140.42711393,35.6496151],[140.426995864,35.64963176],[140.426873881,35.649651655],[140.426724371,35.649678116],[140.426626026,35.649697894],[140.426515767000012,35.649704868],[140.426437,35.649708472],[140.426429335,35.64973745],[140.426422050000014,35.649817875],[140.426422621,35.649895047],[140.426419323,35.649981885],[140.426490234,35.649981535],[140.426698792,35.649948352],[140.426844316,35.649915479],[140.426938531,35.649869997],[140.427040436,35.649798751],[140.427095113,35.649734169],[140.42712613,35.649666489],[140.42711393,35.6496151]]]}},
{"type":"Feature","properties":{"fid":659,"polygon_uuid":"bc4ddbef-33b6-4293-bd05-70171e588b99","daicho_shubetsu_cd":"FUD25","面積":19,"auxiliary_storage_labeling_positionx":null,"auxiliary_storage_labeling_positiony":null,"auxiliary_storage_labeling_lineanchorpercent":null,"auxiliary_storage_labeling_lineanchorclipping":null,"auxiliary_storage_labeling_lineanchortype":null,"auxiliary_storage_labeling_lineanchortextpoint":null},"geometry":{"type":"Polygon","coordinates":[[[140.429825088,35.641817982],[140.430394148,35.641521966],[140.430803164,35.641310095],[140.430723707999988,35.64118808],[140.430695015999987,35.641170736],[140.430630990999987,35.641203113],[140.430147280999989,35.641453242],[140.429720511,35.641678604],[140.429825088,35.641817982]]]}},
{"type":"Feature","properties":{"fid":662,"polygon_uuid":"90d94d82-d886-41d9-8594-70b651fd58f8","daicho_shubetsu_cd":"FUD25","面積":7,"auxiliary_storage_labeling_positionx":null,"auxiliary_storage_labeling_positiony":null,"auxiliary_storage_labeling_lineanchorpercent":null,"auxiliary_storage_labeling_lineanchorclipping":null,"auxiliary_storage_labeling_lineanchortype":null,"auxiliary_storage_labeling_lineanchortextpoint":null},"geometry":{"type":"Polygon","coordinates":[[[140.425060708,35.650380007],[140.425222248000011,35.650302885],[140.425055964,35.650106873],[140.424932691,35.649948022],[140.424865006,35.6498761],[140.424792486,35.649911811],[140.424888109,35.650057115],[140.425047819000014,35.650345019],[140.425060708,35.650380007]]]}},
{"type":"Feature","properties":{"fid":664,"polygon_uuid":"579161b1-7030-481d-af14-71096742096c","daicho_shubetsu_cd":"散布対象圃場","面積":24,"auxiliary_storage_labeling_positionx":140.43640993344698,"auxiliary_storage_labeling_positiony":35.63803463788151,"auxiliary_storage_labeling_lineanchorpercent":null,"auxiliary_storage_labeling_lineanchorclipping":null,"auxiliary_storage_labeling_lineanchortype":null,"auxiliary_storage_labeling_lineanchortextpoint":null},"geometry":{"type":"Polygon","coordinates":[[[140.436997328,35.639073616],[140.437023624,35.639082639],[140.43707026300001,35.639030872],[140.437136556000013,35.638946522],[140.437166995000013,35.638905025],[140.437154144,35.638879987],[140.43715764,35.638863727],[140.437179167000011,35.638839993],[140.437170404,35.638828663],[140.436859514,35.638426674],[140.436722592,35.638259028],[140.436587444999986,35.638327481],[140.436471246,35.638389931],[140.436785401,35.638794125],[140.436997328,35.639073616]]]}},
{"type":"Feature","properties":{"fid":665,"polygon_uuid":"e6b68168-4237-4c88-be49-7125b61e9080","daicho_shubetsu_cd":"FUD25","面積":7,"auxiliary_storage_labeling_positionx":null,"auxiliary_storage_labeling_positiony":null,"auxiliary_storage_labeling_lineanchorpercent":null,"auxiliary_storage_labeling_lineanchorclipping":null,"auxiliary_storage_labeling_lineanchortype":null,"auxiliary_storage_labeling_lineanchortextpoint":null},"geometry":{"type":"Polygon","coordinates":[[[140.425824690000013,35.651843896],[140.425861719000011,35.651837485],[140.42598781800001,35.651828289],[140.426040384,35.651823589],[140.426190948,35.651825809],[140.426202933000013,35.651729522],[140.426202440999987,35.651662906],[140.426036235,35.651651624],[140.426004027,35.651643972],[140.425840515,35.651607766],[140.425833028,35.65174616],[140.425824690000013,35.651843896]]]}},
{"type":"Feature","properties":{"fid":669,"polygon_uuid":"18a7813c-cd32-4754-bee7-7183990a3710","daicho_shubetsu_cd":"FUD25","面積":21,"auxiliary_storage_labeling_positionx":null,"auxiliary_storage_labeling_positiony":null,"auxiliary_storage_labeling_lineanchorpercent":null,"auxiliary_storage_labeling_lineanchorclipping":null,"auxiliary_storage_labeling_lineanchortype":null,"auxiliary_storage_labeling_lineanchortextpoint":null},"geometry":{"type":"Polygon","coordinates":[[[140.425439272,35.650881823],[140.425349802999989,35.650924455],[140.425276724000014,35.650975888],[140.425239704,35.651017315],[140.425185189,35.651107356],[140.425128957,35.651229767],[140.425088951,35.651338775],[140.425067584,35.651421181],[140.425052222,35.651523268],[140.42506648,35.651612023],[140.425090493,35.651678316],[140.42516053,35.651677972],[140.425290077999989,35.651674477],[140.425346129,35.651677059],[140.425381127,35.651674029],[140.42539505100001,35.651662528],[140.425393109999987,35.651399573],[140.425396189999987,35.651342392],[140.425406147,35.651268027],[140.425412771,35.651216545],[140.425426167000012,35.651133588],[140.425429372999986,35.651093557],[140.425446756000014,35.651076321],[140.425439268,35.651010617],[140.425442288,35.65092178],[140.425439272,35.650881823]]]}},
{"type":"Feature","properties":{"fid":670,"polygon_uuid":"91a17900-9426-4bcc-ade4-71a358af2f6e","daicho_shubetsu_cd":"FUD25","面積":2,"auxiliary_storage_labeling_positionx":null,"auxiliary_storage_labeling_positiony":null,"auxiliary_storage_labeling_lineanchorpercent":null,"auxiliary_storage_labeling_lineanchorclipping":null,"auxiliary_storage_labeling_lineanchortype":null,"auxiliary_storage_labeling_lineanchortextpoint":null},"geometry":{"type":"Polygon","coordinates":[[[140.436779232,35.652547062],[140.436905191,35.652591011],[140.436940072,35.652508362],[140.436934376000011,35.652477184],[140.436827601,35.652442055],[140.436779232,35.652547062]]]}},
{"type":"Feature","properties":{"fid":678,"polygon_uuid":"ee9c5095-f8e4-42c4-b523-734ef6cf5cec","daicho_shubetsu_cd":"FUD25","面積":3,"auxiliary_storage_labeling_positionx":null,"auxiliary_storage_labeling_positiony":null,"auxiliary_storage_labeling_lineanchorpercent":null,"auxiliary_storage_labeling_lineanchorclipping":null,"auxiliary_storage_labeling_lineanchortype":null,"auxiliary_storage_labeling_lineanchortextpoint":null},"geometry":{"type":"Polygon","coordinates":[[[140.430829345,35.648298363],[140.430849682,35.64838379],[140.431308791,35.648277045],[140.431148756,35.648239286],[140.430829345,35.648298363]]]}},
{"type":"Feature","properties":{"fid":679,"polygon_uuid":"5aec852c-0ab6-4f9f-901f-738baa63551f","daicho_shubetsu_cd":"散布対象圃場","面積":90,"auxiliary_storage_labeling_positionx":null,"auxiliary_storage_labeling_positiony":null,"auxiliary_storage_labeling_lineanchorpercent":null,"auxiliary_storage_labeling_lineanchorclipping":null,"auxiliary_storage_labeling_lineanchortype":null,"auxiliary_storage_labeling_lineanchortextpoint":null},"geometry":{"type":"Polygon","coordinates":[[[140.436174921,35.647719911],[140.436089310999989,35.647553122],[140.435856635,35.647059188],[140.435742417,35.646826966],[140.435357667,35.646943647],[140.435045095,35.647043573],[140.434916827,35.64708028],[140.434912981999986,35.647103251],[140.435133528,35.64758741],[140.435329313000011,35.647983165],[140.435357479,35.647989582],[140.435381729,35.648009134],[140.436106955000014,35.647762876],[140.436179110000012,35.647742842],[140.436174921,35.647719911]]]}},
{"type":"Feature","properties":{"fid":682,"polygon_uuid":"46b8d07f-f6c3-43b0-a10f-74f9bd8cf402","daicho_shubetsu_cd":"散布対象圃場","面積":31,"auxiliary_storage_labeling_positionx":null,"auxiliary_storage_labeling_positiony":null,"auxiliary_storage_labeling_lineanchorpercent":null,"auxiliary_storage_labeling_lineanchorclipping":null,"auxiliary_storage_labeling_lineanchortype":null,"auxiliary_storage_labeling_lineanchortextpoint":null},"geometry":{"type":"Polygon","coordinates":[[[140.436146306000012,35.651091759],[140.436438138,35.651004588],[140.436233061,35.650528665],[140.436045841,35.650130774],[140.436030128999988,35.65010802],[140.435721475,35.650202715],[140.435768384,35.65030338],[140.435982075,35.650745024],[140.436133665,35.651063916],[140.436146306000012,35.651091759]]]}},
{"type":"Feature","properties":{"fid":689,"polygon_uuid":"bb5faa3e-5f16-4f22-aa6d-75cdf63b1759","daicho_shubetsu_cd":"FUD25","面積":4,"auxiliary_storage_labeling_positionx":null,"auxiliary_storage_labeling_positiony":null,"auxiliary_storage_labeling_lineanchorpercent":null,"auxiliary_storage_labeling_lineanchorclipping":null,"auxiliary_storage_labeling_lineanchortype":null,"auxiliary_storage_labeling_lineanchortextpoint":null},"geometry":{"type":"Polygon","coordinates":[[[140.423294188999989,35.644871615],[140.423218085,35.644874234],[140.423080795,35.644884874],[140.422961857,35.644900406],[140.422971728,35.644997536],[140.423048040999987,35.644997162],[140.423129821,35.644992756],[140.423200611999988,35.64498894],[140.423276926,35.644988566],[140.423285736,35.64494118],[140.423294188999989,35.644871615]]]}},
{"type":"Feature","properties":{"fid":690,"polygon_uuid":"52cbfa47-f867-4b2e-8383-75e2796c8e1a","daicho_shubetsu_cd":"FUD25","面積":4,"auxiliary_storage_labeling_positionx":null,"auxiliary_storage_labeling_positiony":null,"auxiliary_storage_labeling_lineanchorpercent":null,"auxiliary_storage_labeling_lineanchorclipping":null,"auxiliary_storage_labeling_lineanchortype":null,"auxiliary_storage_labeling_lineanchortextpoint":null},"geometry":{"type":"Polygon","coordinates":[[[140.431881379,35.648708642],[140.431717184,35.648757068],[140.43180824,35.64897402],[140.431939570999987,35.648850473],[140.431954115999986,35.648516173],[140.431881379,35.648708642]]]}},
{"type":"Feature","properties":{"fid":702,"polygon_uuid":"da742e06-bd97-4378-bb79-784410289a02","daicho_shubetsu_cd":"FUD25","面積":9,"auxiliary_storage_labeling_positionx":null,"auxiliary_storage_labeling_positiony":null,"auxiliary_storage_labeling_lineanchorpercent":null,"auxiliary_storage_labeling_lineanchorclipping":null,"auxiliary_storage_labeling_lineanchortype":null,"auxiliary_storage_labeling_lineanchortextpoint":null},"geometry":{"type":"Polygon","coordinates":[[[140.426133375,35.648897605],[140.425987395,35.648778409],[140.42562313,35.649086556],[140.425694451,35.649141942],[140.425760473999986,35.649190923],[140.425779647000013,35.649207857],[140.426133375,35.648897605]]]}},
{"type":"Feature","properties":{"fid":704,"polygon_uuid":"e16ef6b5-a2a5-4f70-be5a-786bef378409","daicho_shubetsu_cd":"散布対象圃場","面積":44,"auxiliary_storage_labeling_positionx":null,"auxiliary_storage_labeling_positiony":null,"auxiliary_storage_labeling_lineanchorpercent":null,"auxiliary_storage_labeling_lineanchorclipping":null,"auxiliary_storage_labeling_lineanchortype":null,"auxiliary_storage_labeling_lineanchortextpoint":null},"geometry":{"type":"Polygon","coordinates":[[[140.431178671999987,35.64157756],[140.431424009000011,35.641440818],[140.431749446999987,35.641273077],[140.432181534,35.641043599],[140.43215436700001,35.640991274],[140.431986720999987,35.640773521],[140.431959748999986,35.640747425],[140.431885003,35.640778398],[140.431522275,35.640972557],[140.431068829999987,35.641210881],[140.430946145,35.641277065],[140.430951696,35.641303268],[140.43093589,35.64133832],[140.431070784000013,35.641473174],[140.431119633,35.641560366],[140.431178671999987,35.64157756]]]}},
{"type":"Feature","properties":{"fid":709,"polygon_uuid":"b9cd8577-d9c3-4fe7-8ae1-790b04c445d9","daicho_shubetsu_cd":"散布対象圃場","面積":9,"auxiliary_storage_labeling_positionx":null,"auxiliary_storage_labeling_positiony":null,"auxiliary_storage_labeling_lineanchorpercent":null,"auxiliary_storage_labeling_lineanchorclipping":null,"auxiliary_storage_labeling_lineanchortype":null,"auxiliary_storage_labeling_lineanchortextpoint":null},"geometry":{"type":"Polygon","coordinates":[[[140.437081492,35.651894857],[140.437020995000012,35.651759634],[140.436936134,35.651581533],[140.436896233999988,35.651487536],[140.436831992,35.651503364],[140.436700162,35.651541913],[140.436747325999988,35.651640769],[140.436816747,35.651792525],[140.436867197,35.651911215],[140.436972540999989,35.651907539],[140.437081492,35.651894857]]]}},
{"type":"Feature","properties":{"fid":715,"polygon_uuid":"a4edcf37-a6b5-4784-92a7-7a466f029fde","daicho_shubetsu_cd":"FUD25","面積":1,"auxiliary_storage_labeling_positionx":null,"auxiliary_storage_labeling_positiony":null,"auxiliary_storage_labeling_lineanchorpercent":null,"auxiliary_storage_labeling_lineanchorclipping":null,"auxiliary_storage_labeling_lineanchortype":null,"auxiliary_storage_labeling_lineanchortextpoint":null},"geometry":{"type":"Polygon","coordinates":[[[140.423129821,35.644992756],[140.42312858,35.645072343],[140.423251334000014,35.645083644],[140.423276926,35.644988566],[140.423200611999988,35.64498894],[140.423129821,35.644992756]]]}},
{"type":"Feature","properties":{"fid":719,"polygon_uuid":"0b0112b1-91b7-4612-a504-7a7b6619023d","daicho_shubetsu_cd":"FUD25","面積":10,"auxiliary_storage_labeling_positionx":null,"auxiliary_storage_labeling_positiony":null,"auxiliary_storage_labeling_lineanchorpercent":null,"auxiliary_storage_labeling_lineanchorclipping":null,"auxiliary_storage_labeling_lineanchortype":null,"auxiliary_storage_labeling_lineanchortextpoint":null},"geometry":{"type":"Polygon","coordinates":[[[140.432092808,35.649918734],[140.432348779,35.649884642],[140.432619068,35.649853285],[140.43284748,35.64984143],[140.432947345,35.649849507],[140.43297324,35.649800073],[140.43298235200001,35.649739857],[140.432864142999989,35.649737229],[140.432631759,35.649744817],[140.432513598000014,35.649748621],[140.432371824,35.649755757],[140.432245903,35.649775677],[140.432143597,35.649792264],[140.432089161,35.649785192],[140.432084132999989,35.649849937],[140.432092808,35.649918734]]]}},
{"type":"Feature","properties":{"fid":724,"polygon_uuid":"7649a6f2-a9cb-4f82-ab39-7abb40ce0cba","daicho_shubetsu_cd":"FUD25","面積":18,"auxiliary_storage_labeling_positionx":null,"auxiliary_storage_labeling_positiony":null,"auxiliary_storage_labeling_lineanchorpercent":null,"auxiliary_storage_labeling_lineanchorclipping":null,"auxiliary_storage_labeling_lineanchortype":null,"auxiliary_storage_labeling_lineanchortextpoint":null},"geometry":{"type":"Polygon","coordinates":[[[140.425391752,35.649792482],[140.425449660999988,35.649787403],[140.425571164,35.64977963],[140.42570756500001,35.649756092],[140.425773867,35.649724325],[140.425850527,35.649672498],[140.425589120000012,35.649373671],[140.425509854000012,35.649291936],[140.42536929100001,35.649367276],[140.42523309,35.649439242],[140.425263855,35.649510982],[140.425334093,35.649667899],[140.425391752,35.649792482]]]}},
{"type":"Feature","properties":{"fid":735,"polygon_uuid":"a935a17e-8a26-462a-84d9-7ca1c18cec98","daicho_shubetsu_cd":"FUD25","面積":3,"auxiliary_storage_labeling_positionx":null,"auxiliary_storage_labeling_positiony":null,"auxiliary_storage_labeling_lineanchorpercent":null,"auxiliary_storage_labeling_lineanchorclipping":null,"auxiliary_storage_labeling_lineanchortype":null,"auxiliary_storage_labeling_lineanchortextpoint":null},"geometry":{"type":"Polygon","coordinates":[[[140.427195153000014,35.647954863],[140.427208654999987,35.647743256],[140.427161988,35.647732079],[140.427084845,35.647718167],[140.427072361,35.647924027],[140.427135582,35.64794944],[140.427195153000014,35.647954863]]]}},
{"type":"Feature","properties":{"fid":740,"polygon_uuid":"9c563515-aa0f-42b5-a8b1-7dc924ec6cb0","daicho_shubetsu_cd":"FUD25","面積":3,"auxiliary_storage_labeling_positionx":null,"auxiliary_storage_labeling_positiony":null,"auxiliary_storage_labeling_lineanchorpercent":null,"auxiliary_storage_labeling_lineanchorclipping":null,"auxiliary_storage_labeling_lineanchortype":null,"auxiliary_storage_labeling_lineanchortextpoint":null},"geometry":{"type":"Polygon","coordinates":[[[140.430827217,35.649252273],[140.430765853,35.649240075],[140.430702777,35.649237936],[140.430742506,35.649279099],[140.430770633,35.649352918],[140.430795275,35.64948785],[140.430794662000011,35.649513877],[140.430850405,35.649484361],[140.430928932,35.6494486],[140.430884878,35.649352351],[140.430845100999989,35.649301099],[140.430827217,35.649252273]]]}},
{"type":"Feature","properties":{"fid":747,"polygon_uuid":"c322de0d-64f9-4eba-afb0-7f972d40ccaa","daicho_shubetsu_cd":"FUD25","面積":14,"auxiliary_storage_labeling_positionx":null,"auxiliary_storage_labeling_positiony":null,"auxiliary_storage_labeling_lineanchorpercent":null,"auxiliary_storage_labeling_lineanchorclipping":null,"auxiliary_storage_labeling_lineanchortype":null,"auxiliary_storage_labeling_lineanchortextpoint":null},"geometry":{"type":"Polygon","coordinates":[[[140.431103342,35.649087091],[140.431411574,35.648933905],[140.431458467999988,35.6489106],[140.431411473999987,35.648810905],[140.431411093,35.648759832],[140.431370249999986,35.648647381],[140.43135554,35.648606884],[140.430972739999987,35.648754822],[140.430992495999988,35.648810764],[140.431036637,35.648920803],[140.431103342,35.649087091]]]}},
{"type":"Feature","properties":{"fid":754,"polygon_uuid":"39eed13e-e5d3-4173-9308-80eaf9efd5b0","daicho_shubetsu_cd":"FUD25","面積":50,"auxiliary_storage_labeling_positionx":null,"auxiliary_storage_labeling_positiony":null,"auxiliary_storage_labeling_lineanchorpercent":null,"auxiliary_storage_labeling_lineanchorclipping":null,"auxiliary_storage_labeling_lineanchortype":null,"auxiliary_storage_labeling_lineanchortextpoint":null},"geometry":{"type":"Polygon","coordinates":[[[140.426541785000012,35.647389793],[140.426595321,35.647052535],[140.426688715000012,35.64655079],[140.426612548,35.646540813],[140.42646166,35.646498682],[140.426268816,35.646465332],[140.42612508,35.646443173],[140.426097658,35.64652334],[140.426053508,35.646709347],[140.425963803,35.646923954],[140.425900614999989,35.647047595],[140.425864926,35.647174837],[140.42602208,35.647195415],[140.426141349,35.647223411],[140.426334428,35.647288201],[140.426432874999989,35.647342024],[140.426541785000012,35.647389793]]]}},
{"type":"Feature","properties":{"fid":766,"polygon_uuid":"bdc44529-fb79-4762-b3b5-837935bfced0","daicho_shubetsu_cd":"散布対象圃場","面積":29,"auxiliary_storage_labeling_positionx":null,"auxiliary_storage_labeling_positiony":null,"auxiliary_storage_labeling_lineanchorpercent":null,"auxiliary_storage_labeling_lineanchorclipping":null,"auxiliary_storage_labeling_lineanchortype":null,"auxiliary_storage_labeling_lineanchortextpoint":null},"geometry":{"type":"Polygon","coordinates":[[[140.42665269,35.641439913],[140.426205012,35.641246756],[140.425737621,35.641049049],[140.425580445,35.640977689],[140.425448994,35.641190124],[140.425791913000012,35.641331745],[140.426162749000014,35.641499627],[140.426439389,35.641617245],[140.426496797,35.641643116],[140.42651664600001,35.641652062],[140.426528854,35.641636917],[140.42665269,35.641439913]]]}},
{"type":"Feature","properties":{"fid":771,"polygon_uuid":"575824d0-d63a-436d-a75e-84dfd4687058","daicho_shubetsu_cd":"FUD25","面積":8,"auxiliary_storage_labeling_positionx":null,"auxiliary_storage_labeling_positiony":null,"auxiliary_storage_labeling_lineanchorpercent":null,"auxiliary_storage_labeling_lineanchorclipping":null,"auxiliary_storage_labeling_lineanchortype":null,"auxiliary_storage_labeling_lineanchortextpoint":null},"geometry":{"type":"Polygon","coordinates":[[[140.435667795,35.650740923],[140.435459642000012,35.650282071],[140.435323173,35.650320807],[140.435351811,35.650409456],[140.435380393,35.650490494],[140.435412837,35.650570722],[140.43543746200001,35.650639886],[140.435459826999988,35.650720956],[140.435485727000014,35.650792864],[140.435667795,35.650740923]]]}},
{"type":"Feature","properties":{"fid":773,"polygon_uuid":"307b3fc5-b3a5-4de1-97e9-852ede988ebe","daicho_shubetsu_cd":"FUD25","面積":3,"auxiliary_storage_labeling_positionx":null,"auxiliary_storage_labeling_positiony":null,"auxiliary_storage_labeling_lineanchorpercent":null,"auxiliary_storage_labeling_lineanchorclipping":null,"auxiliary_storage_labeling_lineanchortype":null,"auxiliary_storage_labeling_lineanchortextpoint":null},"geometry":{"type":"Polygon","coordinates":[[[140.427273869,35.648689714],[140.427140458,35.648626151],[140.427008666,35.648562489],[140.426973849,35.64861212],[140.427027001,35.648644655],[140.427133758,35.648733876],[140.427188021,35.648801698],[140.427238472,35.648739286],[140.427273869,35.648689714]]]}},
{"type":"Feature","properties":{"fid":779,"polygon_uuid":"eaf1d8cc-17ce-4e45-9187-860c7e66ff11","daicho_shubetsu_cd":"散布対象圃場","面積":17,"auxiliary_storage_labeling_positionx":null,"auxiliary_storage_labeling_positiony":null,"auxiliary_storage_labeling_lineanchorpercent":null,"auxiliary_storage_labeling_lineanchorclipping":null,"auxiliary_storage_labeling_lineanchortype":null,"auxiliary_storage_labeling_lineanchortextpoint":null},"geometry":{"type":"Polygon","coordinates":[[[140.43632782,35.651643259],[140.436282604000013,35.651562575],[140.436179492,35.651362835],[140.436093147,35.65119154],[140.436037051,35.651208008],[140.435837553999988,35.65127021],[140.435699565,35.65131477],[140.435786408000013,35.6514384],[140.435878085000013,35.651545822],[140.435957947,35.651610602],[140.436090785,35.651706115],[140.43632782,35.651643259]]]}},
{"type":"Feature","properties":{"fid":794,"polygon_uuid":"36fe9982-ba70-4b8e-a7b0-8838f25c96f9","daicho_shubetsu_cd":"FUD25","面積":4,"auxiliary_storage_labeling_positionx":null,"auxiliary_storage_labeling_positiony":null,"auxiliary_storage_labeling_lineanchorpercent":null,"auxiliary_storage_labeling_lineanchorclipping":null,"auxiliary_storage_labeling_lineanchortype":null,"auxiliary_storage_labeling_lineanchortextpoint":null},"geometry":{"type":"Polygon","coordinates":[[[140.425734154,35.651339256],[140.425630345,35.651282029],[140.425591938999986,35.651239286],[140.425535298,35.651183309],[140.425482208,35.651116951],[140.425446756000014,35.651076321],[140.425429372999986,35.651093557],[140.425426167000012,35.651133588],[140.425412771,35.651216545],[140.425406147,35.651268027],[140.425396189999987,35.651342392],[140.425427601,35.651327946],[140.425574742,35.651335797],[140.425672879,35.651346748],[140.425734154,35.651339256]]]}},
{"type":"Feature","properties":{"fid":799,"polygon_uuid":"506175eb-b7ed-41b3-af72-896c0975d95f","daicho_shubetsu_cd":"FUD25","面積":18,"auxiliary_storage_labeling_positionx":null,"auxiliary_storage_labeling_positiony":null,"auxiliary_storage_labeling_lineanchorpercent":null,"auxiliary_storage_labeling_lineanchorclipping":null,"auxiliary_storage_labeling_lineanchortype":null,"auxiliary_storage_labeling_lineanchortextpoint":null},"geometry":{"type":"Polygon","coordinates":[[[140.433130088000013,35.650530157],[140.433168972,35.65053113],[140.433207772,35.650381852],[140.433222954,35.650304602],[140.433242716,35.650233451],[140.433163162999989,35.650211648],[140.433139165999989,35.650163534],[140.43315843100001,35.650105557],[140.433173372,35.649996153],[140.433189410000011,35.649978474],[140.432923908,35.649966012],[140.432921146000012,35.649984546],[140.432909496,35.650007113],[140.432888989,35.650124195],[140.432853293,35.650268002],[140.432822802,35.650405353],[140.43280694500001,35.650481625],[140.432830322,35.650483415],[140.433130088000013,35.650530157]]]}},
{"type":"Feature","properties":{"fid":807,"polygon_uuid":"41eac9ce-cc3b-4e5f-8f60-8a6b2ffdd765","daicho_shubetsu_cd":"FUD25","面積":3,"auxiliary_storage_labeling_positionx":null,"auxiliary_storage_labeling_positiony":null,"auxiliary_storage_labeling_lineanchorpercent":null,"auxiliary_storage_labeling_lineanchorclipping":null,"auxiliary_storage_labeling_lineanchortype":null,"auxiliary_storage_labeling_lineanchortextpoint":null},"geometry":{"type":"Polygon","coordinates":[[[140.430471832,35.649953719],[140.430473791999987,35.649698458],[140.430469375,35.649634168],[140.430447308999987,35.649627347],[140.430386451,35.649608533],[140.430392396,35.649625912],[140.43041061400001,35.649679157],[140.430410925,35.649720957],[140.430368117,35.649791913],[140.430344934,35.649853124],[140.430388723,35.649914003],[140.430448055999989,35.649945865],[140.430471832,35.649953719]]]}},
{"type":"Feature","properties":{"fid":813,"polygon_uuid":"698b1323-f2b7-4482-a59c-8c9081ad0fa0","daicho_shubetsu_cd":"有機圃場","面積":null,"auxiliary_storage_labeling_positionx":null,"auxiliary_storage_labeling_positiony":null,"auxiliary_storage_labeling_lineanchorpercent":null,"auxiliary_storage_labeling_lineanchorclipping":null,"auxiliary_storage_labeling_lineanchortype":null,"auxiliary_storage_labeling_lineanchortextpoint":null},"geometry":{"type":"Polygon","coordinates":[[[140.429734135,35.642793499],[140.42974609800001,35.642789866],[140.429495616,35.642483237],[140.429463766,35.642489054],[140.429331883,35.642573563],[140.429346962000011,35.642582659],[140.429566763999986,35.642852618],[140.429734135,35.642793499]]]}},
{"type":"Feature","properties":{"fid":815,"polygon_uuid":"b961c000-7cc0-4799-b8ea-8d2c8cc21b3e","daicho_shubetsu_cd":"FUD25","面積":8,"auxiliary_storage_labeling_positionx":null,"auxiliary_storage_labeling_positiony":null,"auxiliary_storage_labeling_lineanchorpercent":null,"auxiliary_storage_labeling_lineanchorclipping":null,"auxiliary_storage_labeling_lineanchortype":null,"auxiliary_storage_labeling_lineanchortextpoint":null},"geometry":{"type":"Polygon","coordinates":[[[140.429836331,35.645705312],[140.429892360999986,35.64561753],[140.429698996000013,35.645570592],[140.429648201,35.645592271],[140.429625394999988,35.645640278],[140.429632134,35.645715869],[140.429701935999987,35.64579886],[140.429722711000011,35.645852804],[140.429743605999988,35.645905413],[140.429752162,35.645923485],[140.42979033200001,35.645948829],[140.42983596,35.645962895],[140.429909431,35.645953955],[140.429982731,35.645922151],[140.430013863,35.645870548],[140.429846911999988,35.645746006],[140.429836331,35.645705312]]]}},
{"type":"Feature","properties":{"fid":816,"polygon_uuid":"0603abd7-f8da-4b98-a96e-8d5f19e642ca","daicho_shubetsu_cd":"FUD25","面積":10,"auxiliary_storage_labeling_positionx":null,"auxiliary_storage_labeling_positiony":null,"auxiliary_storage_labeling_lineanchorpercent":null,"auxiliary_storage_labeling_lineanchorclipping":null,"auxiliary_storage_labeling_lineanchortype":null,"auxiliary_storage_labeling_lineanchortextpoint":null},"geometry":{"type":"Polygon","coordinates":[[[140.423379237,35.644172845],[140.423361050000011,35.644190377],[140.42332475,35.644235406],[140.423297626,35.644282882],[140.423267485,35.644335356],[140.423325573999989,35.644347531],[140.423392858,35.644364644],[140.423457015,35.644371804],[140.423524244,35.644381442],[140.423566453,35.644392697],[140.423643511,35.644410758],[140.423719659,35.64438796],[140.423722565,35.644368011],[140.423722363,35.644340603],[140.423780177999987,35.644315402],[140.423880708000013,35.6442875],[140.423886648,35.644265045],[140.423843326,35.644185521],[140.423757875,35.644188432],[140.423654090000014,35.644188941],[140.42354113,35.644187003],[140.423379237,35.644172845]]]}},
{"type":"Feature","properties":{"fid":817,"polygon_uuid":"fa50faf1-f27a-4a33-811c-8d82c83544ec","daicho_shubetsu_cd":"FUD25","面積":24,"auxiliary_storage_labeling_positionx":null,"auxiliary_storage_labeling_positiony":null,"auxiliary_storage_labeling_lineanchorpercent":null,"auxiliary_storage_labeling_lineanchorclipping":null,"auxiliary_storage_labeling_lineanchortype":null,"auxiliary_storage_labeling_lineanchortextpoint":null},"geometry":{"type":"Polygon","coordinates":[[[140.433083857000014,35.640262062],[140.432781567,35.640420948],[140.43225870500001,35.640685853],[140.432077299000014,35.640777103],[140.432052328999987,35.640780142],[140.43206317,35.640797576],[140.432153164,35.64089622],[140.432185579,35.640933948],[140.43220001200001,35.640954277],[140.432274595,35.640901445],[140.432648075,35.640713061],[140.432946862,35.640562935],[140.433231367,35.64041288],[140.433202653,35.640392622],[140.43312691700001,35.640290992],[140.433101881999988,35.640285288],[140.433083857000014,35.640262062]]]}},
{"type":"Feature","properties":{"fid":818,"polygon_uuid":"790ed2f0-3f12-4a7c-8974-8d92cafec630","daicho_shubetsu_cd":"FUD25","面積":9,"auxiliary_storage_labeling_positionx":null,"auxiliary_storage_labeling_positiony":null,"auxiliary_storage_labeling_lineanchorpercent":null,"auxiliary_storage_labeling_lineanchorclipping":null,"auxiliary_storage_labeling_lineanchortype":null,"auxiliary_storage_labeling_lineanchortextpoint":null},"geometry":{"type":"Polygon","coordinates":[[[140.43623193,35.653052285],[140.436215209000011,35.653034335],[140.436211069,35.653017961],[140.436049892999989,35.652953193],[140.435947175,35.653153522],[140.435844158,35.653344207],[140.435857696,35.653363812],[140.435919292,35.653363504],[140.435975565,35.653367594],[140.436013091,35.653371778],[140.436050607,35.653391891],[140.43623193,35.653052285]]]}},
{"type":"Feature","properties":{"fid":827,"polygon_uuid":"bcbd9381-3207-4ab3-ba76-8ea56b2e9c65","daicho_shubetsu_cd":"FUD25","面積":8,"auxiliary_storage_labeling_positionx":null,"auxiliary_storage_labeling_positiony":null,"auxiliary_storage_labeling_lineanchorpercent":null,"auxiliary_storage_labeling_lineanchorclipping":null,"auxiliary_storage_labeling_lineanchortype":null,"auxiliary_storage_labeling_lineanchortextpoint":null},"geometry":{"type":"Polygon","coordinates":[[[140.427608172,35.648846873],[140.427585891,35.648838328],[140.427398756,35.648749215],[140.427273869,35.648689714],[140.427238472,35.648739286],[140.427188021,35.648801698],[140.42722722100001,35.648851504],[140.427272018999986,35.64890954],[140.42733032000001,35.64896751],[140.427462865,35.649039265],[140.427539380000013,35.648941456],[140.427608172,35.648846873]]]}},
{"type":"Feature","properties":{"fid":829,"polygon_uuid":"1af63ed5-be43-4fa8-bee1-8edf8fa26e5d","daicho_shubetsu_cd":"FUD25","面積":34,"auxiliary_storage_labeling_positionx":null,"auxiliary_storage_labeling_positiony":null,"auxiliary_storage_labeling_lineanchorpercent":null,"auxiliary_storage_labeling_lineanchorclipping":null,"auxiliary_storage_labeling_lineanchortype":null,"auxiliary_storage_labeling_lineanchortextpoint":null},"geometry":{"type":"Polygon","coordinates":[[[140.425448994,35.641190124],[140.425305912,35.641417914],[140.425398146,35.641453117],[140.425460867999988,35.641485154],[140.425603130000013,35.641556611],[140.425734771,35.641634339],[140.425919853000011,35.64172549],[140.426103512,35.641830332],[140.42628855800001,35.641916505],[140.426496797,35.641643116],[140.426439389,35.641617245],[140.426162749000014,35.641499627],[140.425791913000012,35.641331745],[140.425448994,35.641190124]]]}},
{"type":"Feature","properties":{"fid":831,"polygon_uuid":"4a101d8a-885c-49e0-837b-8f4e626397d0","daicho_shubetsu_cd":"FUD25","面積":8,"auxiliary_storage_labeling_positionx":null,"auxiliary_storage_labeling_positiony":null,"auxiliary_storage_labeling_lineanchorpercent":null,"auxiliary_storage_labeling_lineanchorclipping":null,"auxiliary_storage_labeling_lineanchortype":null,"auxiliary_storage_labeling_lineanchortextpoint":null},"geometry":{"type":"Polygon","coordinates":[[[140.413288341999987,35.646891319],[140.412799984,35.646980446],[140.412834718,35.647095582],[140.412845362000013,35.647134647],[140.413340428,35.647045599],[140.413288341999987,35.646891319]]]}},
{"type":"Feature","properties":{"fid":832,"polygon_uuid":"e3a2611f-ca08-4909-9201-8f966555d327","daicho_shubetsu_cd":"FUD25","面積":2,"auxiliary_storage_labeling_positionx":null,"auxiliary_storage_labeling_positiony":null,"auxiliary_storage_labeling_lineanchorpercent":null,"auxiliary_storage_labeling_lineanchorclipping":null,"auxiliary_storage_labeling_lineanchortype":null,"auxiliary_storage_labeling_lineanchortextpoint":null},"geometry":{"type":"Polygon","coordinates":[[[140.435265157,35.652506446],[140.43523284,35.652482563],[140.435189826999988,35.652460919],[140.435149394,35.652426148],[140.435088143,35.652472357],[140.435069643,35.652505237],[140.435112769999989,35.652542181],[140.435212087999986,35.652572287],[140.435265157,35.652506446]]]}},
{"type":"Feature","properties":{"fid":833,"polygon_uuid":"7a2bc1f8-d5a9-4fe1-b4fc-8fa1876a001a","daicho_shubetsu_cd":"FUD25","面積":11,"auxiliary_storage_labeling_positionx":null,"auxiliary_storage_labeling_positiony":null,"auxiliary_storage_labeling_lineanchorpercent":null,"auxiliary_storage_labeling_lineanchorclipping":null,"auxiliary_storage_labeling_lineanchortype":null,"auxiliary_storage_labeling_lineanchortextpoint":null},"geometry":{"type":"Polygon","coordinates":[[[140.43670412,35.652584009],[140.436462181,35.65302847],[140.436658217,35.653098082],[140.436674586,35.65309577],[140.43689817,35.652684509],[140.436906128,35.652653263],[140.43670412,35.652584009]]]}},
{"type":"Feature","properties":{"fid":834,"polygon_uuid":"6177adea-61be-4d82-a061-9012b658602b","daicho_shubetsu_cd":"FUD25","面積":3,"auxiliary_storage_labeling_positionx":null,"auxiliary_storage_labeling_positiony":null,"auxiliary_storage_labeling_lineanchorpercent":null,"auxiliary_storage_labeling_lineanchorclipping":null,"auxiliary_storage_labeling_lineanchortype":null,"auxiliary_storage_labeling_lineanchortextpoint":null},"geometry":{"type":"Polygon","coordinates":[[[140.431370249999986,35.648647381],[140.431634811,35.648560803],[140.431577266,35.648423692],[140.431387328,35.648488355],[140.431420651,35.648582134],[140.43135554,35.648606884],[140.431370249999986,35.648647381]]]}},
{"type":"Feature","properties":{"fid":838,"polygon_uuid":"5d6a164d-12ff-44cf-beb1-90bee5bead12","daicho_shubetsu_cd":"FUD25","面積":20,"auxiliary_storage_labeling_positionx":null,"auxiliary_storage_labeling_positiony":null,"auxiliary_storage_labeling_lineanchorpercent":null,"auxiliary_storage_labeling_lineanchorclipping":null,"auxiliary_storage_labeling_lineanchortype":null,"auxiliary_storage_labeling_lineanchortextpoint":null},"geometry":{"type":"Polygon","coordinates":[[[140.425653687,35.648535781],[140.425440087999988,35.648379109],[140.425305411000011,35.648280087],[140.425242094999987,35.648241811],[140.425190762999989,35.648225986],[140.425135825000012,35.648255196],[140.425124624,35.648338856],[140.425117836,35.648486807],[140.425126331,35.648570371],[140.425126497,35.648592879],[140.425095387,35.648613175],[140.425052002,35.648641479],[140.425115508,35.648705479],[140.425171175,35.648743953],[140.425181884000011,35.648751354],[140.425226383,35.648782108],[140.425293828,35.648846089],[140.425653687,35.648535781]]]}},
{"type":"Feature","properties":{"fid":839,"polygon_uuid":"714479c3-8f55-43b4-b3f3-90ce571731e2","daicho_shubetsu_cd":"FUD25","面積":17,"auxiliary_storage_labeling_positionx":null,"auxiliary_storage_labeling_positiony":null,"auxiliary_storage_labeling_lineanchorpercent":null,"auxiliary_storage_labeling_lineanchorclipping":null,"auxiliary_storage_labeling_lineanchortype":null,"auxiliary_storage_labeling_lineanchortextpoint":null},"geometry":{"type":"Polygon","coordinates":[[[140.425473098,35.652020652],[140.425538494,35.652073389],[140.42565145,35.652164477],[140.425857503,35.652111691],[140.426171032000013,35.652076098],[140.426190948,35.651825809],[140.426040384,35.651823589],[140.42598781800001,35.651828289],[140.425861719000011,35.651837485],[140.425824690000013,35.651843896],[140.425704534,35.651892566],[140.42564515,35.651912866],[140.425589183999989,35.651921715],[140.425512184000013,35.651927811],[140.425436859,35.651914717],[140.425473098,35.652020652]]]}},
{"type":"Feature","properties":{"fid":847,"polygon_uuid":"19caba99-9168-4de0-b8a1-918f048627f3","daicho_shubetsu_cd":"FUD25","面積":5,"auxiliary_storage_labeling_positionx":null,"auxiliary_storage_labeling_positiony":null,"auxiliary_storage_labeling_lineanchorpercent":null,"auxiliary_storage_labeling_lineanchorclipping":null,"auxiliary_storage_labeling_lineanchortype":null,"auxiliary_storage_labeling_lineanchortextpoint":null},"geometry":{"type":"Polygon","coordinates":[[[140.422290323,35.645225185],[140.42216478,35.645273965],[140.422015553,35.645322037],[140.421884659,35.645372511],[140.421858257,35.645382004],[140.421946368,35.645461913],[140.42200761,35.645516373],[140.4221444,35.645408618],[140.422188010000013,35.645386971],[140.422328427,35.645289001],[140.422323403,35.645258238],[140.422290323,35.645225185]]]}},
{"type":"Feature","properties":{"fid":848,"polygon_uuid":"54d981a2-c15c-47a5-acfd-9216e0c17984","daicho_shubetsu_cd":"FUD25","面積":4,"auxiliary_storage_labeling_positionx":null,"auxiliary_storage_labeling_positiony":null,"auxiliary_storage_labeling_lineanchorpercent":null,"auxiliary_storage_labeling_lineanchorclipping":null,"auxiliary_storage_labeling_lineanchortype":null,"auxiliary_storage_labeling_lineanchortextpoint":null},"geometry":{"type":"Polygon","coordinates":[[[140.430616724,35.650017277],[140.430624618,35.649848844],[140.430580924999987,35.649800826],[140.430536728,35.649685284],[140.430528442999986,35.64963066],[140.430469375,35.649634168],[140.430473791999987,35.649698458],[140.430471832,35.649953719],[140.430515195,35.649968042],[140.430578395,35.649990237],[140.430616724,35.650017277]]]}},
{"type":"Feature","properties":{"fid":851,"polygon_uuid":"a97112f1-f08a-4cf9-a7b0-9252c96d36b6","daicho_shubetsu_cd":"FUD25","面積":11,"auxiliary_storage_labeling_positionx":null,"auxiliary_storage_labeling_positiony":null,"auxiliary_storage_labeling_lineanchorpercent":null,"auxiliary_storage_labeling_lineanchorclipping":null,"auxiliary_storage_labeling_lineanchortype":null,"auxiliary_storage_labeling_lineanchortextpoint":null},"geometry":{"type":"Polygon","coordinates":[[[140.425343633000011,35.648956012],[140.425038182,35.649125907],[140.425115208,35.649222697],[140.425192418,35.649344401],[140.42523309,35.649439242],[140.42536929100001,35.649367276],[140.425509854000012,35.649291936],[140.425456855,35.649237288],[140.42539514500001,35.649147897],[140.425364162,35.649085762],[140.425363684,35.649020984],[140.425343633000011,35.648956012]]]}},
{"type":"Feature","properties":{"fid":852,"polygon_uuid":"e80ed0b0-886d-421e-83c7-9270061162c8","daicho_shubetsu_cd":"散布対象圃場","面積":51,"auxiliary_storage_labeling_positionx":null,"auxiliary_storage_labeling_positiony":null,"auxiliary_storage_labeling_lineanchorpercent":null,"auxiliary_storage_labeling_lineanchorclipping":null,"auxiliary_storage_labeling_lineanchortype":null,"auxiliary_storage_labeling_lineanchortextpoint":null},"geometry":{"type":"Polygon","coordinates":[[[140.436525298,35.648786323],[140.436866597,35.648685147],[140.437010752,35.648636833],[140.436857908,35.648331081],[140.436578285,35.647738511],[140.436530149,35.647747496],[140.436460606,35.647758773],[140.436364366,35.647781113],[140.436276209999988,35.647809971],[140.436265383,35.647794725],[140.436115701,35.647832633],[140.436123848,35.647847893],[140.436097184,35.647863328],[140.436318635,35.648345556],[140.436525298,35.648786323]]]}},
{"type":"Feature","properties":{"fid":854,"polygon_uuid":"d7f36c25-13ba-4c09-8f77-92ed480056e7","daicho_shubetsu_cd":"FUD25","面積":9,"auxiliary_storage_labeling_positionx":null,"auxiliary_storage_labeling_positiony":null,"auxiliary_storage_labeling_lineanchorpercent":null,"auxiliary_storage_labeling_lineanchorclipping":null,"auxiliary_storage_labeling_lineanchortype":null,"auxiliary_storage_labeling_lineanchortextpoint":null},"geometry":{"type":"Polygon","coordinates":[[[140.427608172,35.648846873],[140.427539380000013,35.648941456],[140.427462865,35.649039265],[140.427591697999986,35.649096906],[140.427748493,35.649170134],[140.427883441,35.649171006],[140.427902636999988,35.649139192],[140.42792997,35.649052802],[140.427907671000014,35.648978286],[140.427817689,35.648929364],[140.427701782000014,35.648882774],[140.427608172,35.648846873]]]}},
{"type":"Feature","properties":{"fid":866,"polygon_uuid":"353b2df9-b58f-49c6-bfce-94d3fe6cbe7c","daicho_shubetsu_cd":"FUD25","面積":5,"auxiliary_storage_labeling_positionx":null,"auxiliary_storage_labeling_positiony":null,"auxiliary_storage_labeling_lineanchorpercent":null,"auxiliary_storage_labeling_lineanchorclipping":null,"auxiliary_storage_labeling_lineanchortype":null,"auxiliary_storage_labeling_lineanchortextpoint":null},"geometry":{"type":"Polygon","coordinates":[[[140.432604801,35.644197547],[140.432584825,35.644188618],[140.432437011,35.644243528],[140.432517768999986,35.644393009],[140.432516029,35.644456222],[140.432531770999987,35.644490454],[140.432703906,35.644433617],[140.432604801,35.644197547]]]}},
{"type":"Feature","properties":{"fid":872,"polygon_uuid":"088c03a4-57b0-4ed9-a972-96eda2677666","daicho_shubetsu_cd":"FUD25","面積":6,"auxiliary_storage_labeling_positionx":null,"auxiliary_storage_labeling_positiony":null,"auxiliary_storage_labeling_lineanchorpercent":null,"auxiliary_storage_labeling_lineanchorclipping":null,"auxiliary_storage_labeling_lineanchortype":null,"auxiliary_storage_labeling_lineanchortextpoint":null},"geometry":{"type":"Polygon","coordinates":[[[140.427195153000014,35.647954863],[140.427212938,35.647991933],[140.427216671999986,35.648023357],[140.42724479200001,35.648037509],[140.427336067999988,35.648068501],[140.427385093,35.648068259],[140.42740532,35.647962401],[140.427422003,35.647850845],[140.427414682,35.647808007],[140.42723215,35.647748883],[140.427208654999987,35.647743256],[140.427195153000014,35.647954863]]]}},
{"type":"Feature","properties":{"fid":873,"polygon_uuid":"d95c64c7-8616-4da3-961e-972288c85c1f","daicho_shubetsu_cd":"有機圃場","面積":null,"auxiliary_storage_labeling_positionx":null,"auxiliary_storage_labeling_positiony":null,"auxiliary_storage_labeling_lineanchorpercent":null,"auxiliary_storage_labeling_lineanchorclipping":null,"auxiliary_storage_labeling_lineanchortype":null,"auxiliary_storage_labeling_lineanchortextpoint":null},"geometry":{"type":"Polygon","coordinates":[[[140.432998433,35.644076176],[140.433096282,35.644287011],[140.433144403,35.644280486],[140.433159437,35.644293955],[140.433462384,35.644201704],[140.433022240000014,35.64325313],[140.432727592,35.64334534],[140.432698354,35.643429456],[140.432777679,35.643609192],[140.432998433,35.644076176]]]}},
{"type":"Feature","properties":{"fid":875,"polygon_uuid":"691edda1-c9bf-4b97-bee5-975ddfae1f0b","daicho_shubetsu_cd":"FUD25","面積":5,"auxiliary_storage_labeling_positionx":null,"auxiliary_storage_labeling_positiony":null,"auxiliary_storage_labeling_lineanchorpercent":null,"auxiliary_storage_labeling_lineanchorclipping":null,"auxiliary_storage_labeling_lineanchortype":null,"auxiliary_storage_labeling_lineanchortextpoint":null},"geometry":{"type":"Polygon","coordinates":[[[140.429035109000012,35.64586433],[140.429013449,35.645776783],[140.429006021,35.645719653],[140.428936017000012,35.64572381],[140.428808841,35.645754968],[140.428616862000013,35.645798272],[140.428708836999988,35.645852631],[140.428758025,35.645899726],[140.428785753999989,35.645934471],[140.428920949,35.645895383],[140.429035109000012,35.64586433]]]}},
{"type":"Feature","properties":{"fid":877,"polygon_uuid":"1cc374f6-b4fd-49af-9ed1-97d0651ab4b5","daicho_shubetsu_cd":"FUD25","面積":18,"auxiliary_storage_labeling_positionx":null,"auxiliary_storage_labeling_positiony":null,"auxiliary_storage_labeling_lineanchorpercent":null,"auxiliary_storage_labeling_lineanchorclipping":null,"auxiliary_storage_labeling_lineanchortype":null,"auxiliary_storage_labeling_lineanchortextpoint":null},"geometry":{"type":"Polygon","coordinates":[[[140.435620182,35.645681479],[140.43555084,35.645540837],[140.435326428,35.645076371],[140.435179565,35.644775456],[140.435015224000011,35.64482218],[140.435174359,35.645152543],[140.435431765,35.645731603],[140.435443988,35.645754493],[140.435588319,35.645717704],[140.43558413,35.645694773],[140.435620182,35.645681479]]]}},
{"type":"Feature","properties":{"fid":882,"polygon_uuid":"200e3b8a-a8a9-4652-ac24-98c7ef10223a","daicho_shubetsu_cd":"FUD25","面積":10,"auxiliary_storage_labeling_positionx":null,"auxiliary_storage_labeling_positiony":null,"auxiliary_storage_labeling_lineanchorpercent":null,"auxiliary_storage_labeling_lineanchorclipping":null,"auxiliary_storage_labeling_lineanchortype":null,"auxiliary_storage_labeling_lineanchortextpoint":null},"geometry":{"type":"Polygon","coordinates":[[[140.424912645,35.648085372],[140.42502489,35.648110546],[140.425102054,35.648127316],[140.425126734,35.648150062],[140.425214657,35.648201079],[140.42529564,35.648243146],[140.425322877000013,35.648247453],[140.425364799,35.648204639],[140.425433916,35.64801707],[140.425128635,35.647932821],[140.42500234100001,35.647902],[140.424912645,35.648085372]]]}},
{"type":"Feature","properties":{"fid":891,"polygon_uuid":"c02ca3d6-12b2-4475-97dc-9a63a032c6ad","daicho_shubetsu_cd":"FUD25","面積":14,"auxiliary_storage_labeling_positionx":null,"auxiliary_storage_labeling_positiony":null,"auxiliary_storage_labeling_lineanchorpercent":null,"auxiliary_storage_labeling_lineanchorclipping":null,"auxiliary_storage_labeling_lineanchortype":null,"auxiliary_storage_labeling_lineanchortextpoint":null},"geometry":{"type":"Polygon","coordinates":[[[140.432067303,35.649491253],[140.431937565999988,35.649467523],[140.431776839,35.649439453],[140.431651461,35.649408988],[140.431545194,35.649387309],[140.431462678,35.649631988],[140.431545003,35.649648124],[140.431561772,35.649650831],[140.431738278000012,35.64967932],[140.431868071,35.649696725],[140.431966561,35.649707208],[140.432055939,35.649715777],[140.432052438999989,35.64965338],[140.432067303,35.649491253]]]}},
{"type":"Feature","properties":{"fid":892,"polygon_uuid":"0dce2dba-a203-435c-bf3a-9a66cf9583b3","daicho_shubetsu_cd":"散布対象圃場","面積":12,"auxiliary_storage_labeling_positionx":null,"auxiliary_storage_labeling_positiony":null,"auxiliary_storage_labeling_lineanchorpercent":null,"auxiliary_storage_labeling_lineanchorclipping":null,"auxiliary_storage_labeling_lineanchortype":null,"auxiliary_storage_labeling_lineanchortextpoint":null},"geometry":{"type":"Polygon","coordinates":[[[140.436867197,35.651911215],[140.436816747,35.651792525],[140.436747325999988,35.651640769],[140.436700162,35.651541913],[140.436330016,35.651662309],[140.436392526,35.651832759],[140.436452164,35.651853699],[140.436571347000012,35.651883444],[140.436725878,35.651903059],[140.436867197,35.651911215]]]}},
{"type":"Feature","properties":{"fid":895,"polygon_uuid":"d209aae5-a2b9-4fe2-9663-9ac4656cd16c","daicho_shubetsu_cd":"FUD25","面積":10,"auxiliary_storage_labeling_positionx":null,"auxiliary_storage_labeling_positiony":null,"auxiliary_storage_labeling_lineanchorpercent":null,"auxiliary_storage_labeling_lineanchorclipping":null,"auxiliary_storage_labeling_lineanchortype":null,"auxiliary_storage_labeling_lineanchortextpoint":null},"geometry":{"type":"Polygon","coordinates":[[[140.430041042,35.646499874],[140.430109348,35.646569982],[140.430158944999988,35.64664691],[140.430178770999987,35.646705182],[140.430243368,35.646734576],[140.43037295,35.646700157],[140.430658333,35.646600559],[140.430617979,35.646534983],[140.430599311,35.64654284],[140.430534019,35.646552691],[140.430396707,35.64650631],[140.430295672999989,35.646447096],[140.430237713,35.646441162],[140.430201806000014,35.646457155],[140.430104000999989,35.646490034],[140.430041042,35.646499874]]]}},
{"type":"Feature","properties":{"fid":896,"polygon_uuid":"f38f628d-6382-47f1-b136-9ad98a7765e5","daicho_shubetsu_cd":"FUD25","面積":23,"auxiliary_storage_labeling_positionx":null,"auxiliary_storage_labeling_positiony":null,"auxiliary_storage_labeling_lineanchorpercent":null,"auxiliary_storage_labeling_lineanchorclipping":null,"auxiliary_storage_labeling_lineanchortype":null,"auxiliary_storage_labeling_lineanchortextpoint":null},"geometry":{"type":"Polygon","coordinates":[[[140.427591119999988,35.642275922],[140.427421914,35.642207901],[140.427240586000011,35.642130105],[140.426898136,35.641990804],[140.426547582000012,35.641841707],[140.426464684,35.64181631],[140.426368793,35.641978078],[140.42644378,35.641992989],[140.426562544,35.642021267],[140.42669613000001,35.642085125],[140.42685678,35.642152246],[140.427032202,35.642248157],[140.427197188,35.642339025],[140.427457985,35.642448097],[140.427513915,35.642417261],[140.427591119999988,35.642275922]]]}},
{"type":"Feature","properties":{"fid":898,"polygon_uuid":"44532aec-7943-4dbf-a3e4-9ae3b42cd9ed","daicho_shubetsu_cd":"FUD25","面積":40,"auxiliary_storage_labeling_positionx":null,"auxiliary_storage_labeling_positiony":null,"auxiliary_storage_labeling_lineanchorpercent":null,"auxiliary_storage_labeling_lineanchorclipping":null,"auxiliary_storage_labeling_lineanchortype":null,"auxiliary_storage_labeling_lineanchortextpoint":null},"geometry":{"type":"Polygon","coordinates":[[[140.435076435000013,35.648112628],[140.434835533000012,35.647592504],[140.434642438999987,35.64717753],[140.434531422,35.647213683],[140.434290978,35.647290295],[140.434340285,35.647437594],[140.43450334,35.647754824],[140.434475395,35.647777915],[140.43457729,35.647974133],[140.434695201000011,35.648236836],[140.43484804,35.648189181],[140.435076435000013,35.648112628]]]}},
{"type":"Feature","properties":{"fid":900,"polygon_uuid":"e76ca76f-fb51-4906-8f82-9b38c5a7b139","daicho_shubetsu_cd":"FUD25","面積":17,"auxiliary_storage_labeling_positionx":null,"auxiliary_storage_labeling_positiony":null,"auxiliary_storage_labeling_lineanchorpercent":null,"auxiliary_storage_labeling_lineanchorclipping":null,"auxiliary_storage_labeling_lineanchortype":null,"auxiliary_storage_labeling_lineanchortextpoint":null},"geometry":{"type":"Polygon","coordinates":[[[140.432618163,35.648983711],[140.432778676999988,35.648979614],[140.432952014,35.64897875],[140.433064946,35.648978188],[140.433135856,35.648977836],[140.433143188,35.648974798],[140.433137617,35.648862065],[140.433157783000013,35.648748991],[140.433115666,35.648736338],[140.433010518,35.648723999],[140.432942266,35.648728627],[140.432868697,35.648724705],[140.432789918999987,35.648726598],[140.432564858,35.6487469],[140.432376998,35.648795997],[140.432415817,35.64883582],[140.432466955,35.648884157],[140.432493560000012,35.648929757],[140.432526897,35.648987193],[140.432618163,35.648983711]]]}},
{"type":"Feature","properties":{"fid":903,"polygon_uuid":"c1fb1548-da69-4f1d-aa0b-9b980b013958","daicho_shubetsu_cd":"FUD25","面積":9,"auxiliary_storage_labeling_positionx":null,"auxiliary_storage_labeling_positiony":null,"auxiliary_storage_labeling_lineanchorpercent":null,"auxiliary_storage_labeling_lineanchorclipping":null,"auxiliary_storage_labeling_lineanchortype":null,"auxiliary_storage_labeling_lineanchortextpoint":null},"geometry":{"type":"Polygon","coordinates":[[[140.431103342,35.649087091],[140.431177004,35.649270723],[140.431313596,35.649251687],[140.431346408,35.649240218],[140.43138444600001,35.649232658],[140.43144980400001,35.649208208],[140.431533961000014,35.649167468],[140.431411574,35.648933905],[140.431103342,35.649087091]]]}},
{"type":"Feature","properties":{"fid":904,"polygon_uuid":"89b3e34f-e99e-4ccb-bfaf-9bd2038da439","daicho_shubetsu_cd":"FUD25","面積":16,"auxiliary_storage_labeling_positionx":null,"auxiliary_storage_labeling_positiony":null,"auxiliary_storage_labeling_lineanchorpercent":null,"auxiliary_storage_labeling_lineanchorclipping":null,"auxiliary_storage_labeling_lineanchortype":null,"auxiliary_storage_labeling_lineanchortextpoint":null},"geometry":{"type":"Polygon","coordinates":[[[140.421566731000013,35.644887849],[140.421547384,35.644909655],[140.42149869,35.644929827],[140.421434952,35.644979973],[140.421358930999986,35.645020213],[140.421295101999988,35.645057901],[140.421240466,35.645100527],[140.421176855999988,35.645168114],[140.421107323,35.645260648],[140.421193476000013,35.645304811],[140.421208439999987,35.645312482],[140.421260643000011,35.645354587],[140.421315863,35.645391693],[140.421358981999987,35.64544381],[140.421425956,35.645418565],[140.421407367,35.64538128],[140.421394937,35.645351439],[140.421425335,35.645333849],[140.421480043,35.645301189],[140.421601779000014,35.645250759],[140.421714431,35.645210341],[140.421680433,35.645153197],[140.42163704,35.645063706],[140.421584306999989,35.644949343],[140.421566731000013,35.644887849]]]}},
{"type":"Feature","properties":{"fid":907,"polygon_uuid":"23db0669-5692-4911-b62b-9c353f96d97e","daicho_shubetsu_cd":"FUD25","面積":10,"auxiliary_storage_labeling_positionx":null,"auxiliary_storage_labeling_positiony":null,"auxiliary_storage_labeling_lineanchorpercent":null,"auxiliary_storage_labeling_lineanchorclipping":null,"auxiliary_storage_labeling_lineanchortype":null,"auxiliary_storage_labeling_lineanchortextpoint":null},"geometry":{"type":"Polygon","coordinates":[[[140.422721387,35.652898249],[140.422870389,35.65287215],[140.422729941999989,35.65237054],[140.422553043,35.652406922],[140.422611653,35.652769405],[140.422686154,35.652756357],[140.422721387,35.652898249]]]}},
{"type":"Feature","properties":{"fid":930,"polygon_uuid":"44913f4e-1785-47aa-b9cc-9fe79deba141","daicho_shubetsu_cd":"FUD25","面積":6,"auxiliary_storage_labeling_positionx":null,"auxiliary_storage_labeling_positiony":null,"auxiliary_storage_labeling_lineanchorpercent":null,"auxiliary_storage_labeling_lineanchorclipping":null,"auxiliary_storage_labeling_lineanchortype":null,"auxiliary_storage_labeling_lineanchortextpoint":null},"geometry":{"type":"Polygon","coordinates":[[[140.43017951600001,35.649045874],[140.430093989999989,35.649080657],[140.430053312000013,35.649356254],[140.430135668,35.649354717],[140.430301012,35.649344787],[140.43037911,35.64932443],[140.430227615,35.64909463],[140.43017951600001,35.649045874]]]}},
{"type":"Feature","properties":{"fid":933,"polygon_uuid":"38138141-b51b-41d1-9cc7-a0f7c44564e2","daicho_shubetsu_cd":"FUD25","面積":6,"auxiliary_storage_labeling_positionx":null,"auxiliary_storage_labeling_positiony":null,"auxiliary_storage_labeling_lineanchorpercent":null,"auxiliary_storage_labeling_lineanchorclipping":null,"auxiliary_storage_labeling_lineanchortype":null,"auxiliary_storage_labeling_lineanchortextpoint":null},"geometry":{"type":"Polygon","coordinates":[[[140.432842459999989,35.643282756],[140.432707714,35.642974185],[140.432656613,35.64302012],[140.432610125999986,35.643119241],[140.432578207,35.643367038],[140.432842459999989,35.643282756]]]}},
{"type":"Feature","properties":{"fid":935,"polygon_uuid":"d34eaaad-dbb6-4407-9f69-a12c1d27f55b","daicho_shubetsu_cd":"FUD25","面積":10,"auxiliary_storage_labeling_positionx":null,"auxiliary_storage_labeling_positiony":null,"auxiliary_storage_labeling_lineanchorpercent":null,"auxiliary_storage_labeling_lineanchorclipping":null,"auxiliary_storage_labeling_lineanchortype":null,"auxiliary_storage_labeling_lineanchortextpoint":null},"geometry":{"type":"Polygon","coordinates":[[[140.425293828,35.648846089],[140.425226383,35.648782108],[140.425181884000011,35.648751354],[140.425041145,35.648817954],[140.424887686,35.648908915],[140.424894296,35.648921517],[140.424967186,35.64901912],[140.425038182,35.649125907],[140.425343633000011,35.648956012],[140.425362743,35.648926563],[140.425293828,35.648846089]]]}},
{"type":"Feature","properties":{"fid":936,"polygon_uuid":"02cd2263-d337-45db-990b-a13e0aae9379","daicho_shubetsu_cd":"FUD25","面積":5,"auxiliary_storage_labeling_positionx":null,"auxiliary_storage_labeling_positiony":null,"auxiliary_storage_labeling_lineanchorpercent":null,"auxiliary_storage_labeling_lineanchorclipping":null,"auxiliary_storage_labeling_lineanchortype":null,"auxiliary_storage_labeling_lineanchortextpoint":null},"geometry":{"type":"Polygon","coordinates":[[[140.429529079,35.649370368],[140.429570926,35.64934658],[140.429639212000012,35.649346456],[140.429670271,35.649349921],[140.429732797000014,35.64902361],[140.429680139,35.649022337],[140.429577744,35.649027131],[140.429514065,35.649304774],[140.429546778,35.649313494],[140.429529079,35.649370368]]]}},
{"type":"Feature","properties":{"fid":938,"polygon_uuid":"c010a3d9-f07a-4a11-8273-a200e44743b4","daicho_shubetsu_cd":"FUD25","面積":9,"auxiliary_storage_labeling_positionx":null,"auxiliary_storage_labeling_positiony":null,"auxiliary_storage_labeling_lineanchorpercent":null,"auxiliary_storage_labeling_lineanchorclipping":null,"auxiliary_storage_labeling_lineanchortype":null,"auxiliary_storage_labeling_lineanchortextpoint":null},"geometry":{"type":"Polygon","coordinates":[[[140.42641636,35.649626731],[140.42674693,35.649355693],[140.426678012999986,35.64931503],[140.426604031000011,35.64925537],[140.426580952,35.649240307],[140.426160098999986,35.649593386],[140.426173174000013,35.649594058],[140.426228216,35.649578781],[140.42631237,35.649593372],[140.42641636,35.649626731]]]}},
{"type":"Feature","properties":{"fid":940,"polygon_uuid":"78aaaf2f-3204-4d98-8e96-a21d1327e271","daicho_shubetsu_cd":"FUD25","面積":6,"auxiliary_storage_labeling_positionx":null,"auxiliary_storage_labeling_positiony":null,"auxiliary_storage_labeling_lineanchorpercent":null,"auxiliary_storage_labeling_lineanchorclipping":null,"auxiliary_storage_labeling_lineanchortype":null,"auxiliary_storage_labeling_lineanchortextpoint":null},"geometry":{"type":"Polygon","coordinates":[[[140.429085982,35.649755753],[140.429039536,35.649403295],[140.428824487000014,35.649623019],[140.428825179,35.649716267],[140.428849054000011,35.649748306],[140.428900316000011,35.649754483],[140.429026357,35.649750645],[140.429085982,35.649755753]]]}},
{"type":"Feature","properties":{"fid":942,"polygon_uuid":"1c4e253d-3484-4497-91ff-a2256751f9b0","daicho_shubetsu_cd":"FUD25","面積":14,"auxiliary_storage_labeling_positionx":null,"auxiliary_storage_labeling_positiony":null,"auxiliary_storage_labeling_lineanchorpercent":null,"auxiliary_storage_labeling_lineanchorclipping":null,"auxiliary_storage_labeling_lineanchortype":null,"auxiliary_storage_labeling_lineanchortextpoint":null},"geometry":{"type":"Polygon","coordinates":[[[140.430189086000013,35.642273752],[140.430225049,35.642308548],[140.430300698,35.642398523],[140.4303871,35.642494272],[140.430410196,35.64250893],[140.430530397000012,35.642389434],[140.430596273,35.642280235],[140.430638214999988,35.642166864],[140.430751845,35.642090265],[140.430854754,35.642005235],[140.430989461,35.641911676],[140.431049933999986,35.641845136],[140.43106402,35.641818835],[140.430754514,35.641969009],[140.430189086000013,35.642273752]]]}},
{"type":"Feature","properties":{"fid":952,"polygon_uuid":"3f93986a-2599-47d9-82c3-a422eb59ed9a","daicho_shubetsu_cd":"FUD25","面積":20,"auxiliary_storage_labeling_positionx":null,"auxiliary_storage_labeling_positiony":null,"auxiliary_storage_labeling_lineanchorpercent":null,"auxiliary_storage_labeling_lineanchorclipping":null,"auxiliary_storage_labeling_lineanchortype":null,"auxiliary_storage_labeling_lineanchortextpoint":null},"geometry":{"type":"Polygon","coordinates":[[[140.428442974,35.64970851],[140.428400566,35.649316753],[140.428353324999989,35.649307004],[140.428183878999988,35.64930141],[140.428097234,35.649305053],[140.428185017,35.649986326],[140.428216338999988,35.650038634],[140.428250946,35.650035636],[140.428314652000012,35.649987272],[140.428405913,35.649918984],[140.42846602,35.649852266],[140.42845921,35.649772742],[140.428442974,35.64970851]]]}},
{"type":"Feature","properties":{"fid":956,"polygon_uuid":"4ab1716d-4539-41a0-9aac-a516c16a6b8c","daicho_shubetsu_cd":"散布対象圃場","面積":36,"auxiliary_storage_labeling_positionx":null,"auxiliary_storage_labeling_positiony":null,"auxiliary_storage_labeling_lineanchorpercent":null,"auxiliary_storage_labeling_lineanchorclipping":null,"auxiliary_storage_labeling_lineanchortype":null,"auxiliary_storage_labeling_lineanchortextpoint":null},"geometry":{"type":"Polygon","coordinates":[[[140.436857541,35.63924693],[140.436855558,35.63922361],[140.436588913,35.638883852],[140.436282035,35.638485233],[140.43612889,35.638565735],[140.43578652,35.638739914],[140.435671225,35.638802508],[140.435667740000014,35.638820244],[140.435680524,35.638836423],[140.43579655,35.638871281],[140.435959749,35.638925098],[140.436249795,35.639009289],[140.43632968,35.639048757],[140.436505829999987,35.6391409],[140.436729207000013,35.639259386],[140.436796354,35.639288581],[140.436823441,35.639282539],[140.436857541,35.63924693]]]}},
{"type":"Feature","properties":{"fid":959,"polygon_uuid":"8808ee68-f28c-4a42-8859-a620310b36d4","daicho_shubetsu_cd":"FUD25","面積":10,"auxiliary_storage_labeling_positionx":null,"auxiliary_storage_labeling_positiony":null,"auxiliary_storage_labeling_lineanchorpercent":null,"auxiliary_storage_labeling_lineanchorclipping":null,"auxiliary_storage_labeling_lineanchortype":null,"auxiliary_storage_labeling_lineanchortextpoint":null},"geometry":{"type":"Polygon","coordinates":[[[140.412756398,35.646837415],[140.412749287999986,35.646861224],[140.412789957,35.646947209],[140.412799984,35.646980446],[140.413288341999987,35.646891319],[140.413273135999987,35.646802239],[140.413250518000012,35.646695365],[140.413224518,35.646624167],[140.413173484,35.646615498],[140.413075724,35.646690263],[140.412996123,35.646758996],[140.412891102,35.646836768],[140.412829316999989,35.646851924],[140.412756398,35.646837415]]]}},
{"type":"Feature","properties":{"fid":961,"polygon_uuid":"465418a0-e848-4caa-b22d-a67d667f057e","daicho_shubetsu_cd":"FUD25","面積":4,"auxiliary_storage_labeling_positionx":null,"auxiliary_storage_labeling_positiony":null,"auxiliary_storage_labeling_lineanchorpercent":null,"auxiliary_storage_labeling_lineanchorclipping":null,"auxiliary_storage_labeling_lineanchortype":null,"auxiliary_storage_labeling_lineanchortextpoint":null},"geometry":{"type":"Polygon","coordinates":[[[140.434636035000011,35.650144409],[140.43462105,35.650160335],[140.434636338,35.650184916],[140.434755528000011,35.650253007],[140.434807498,35.650277405],[140.434837812000012,35.650291343],[140.434865809,35.650284159],[140.434889266999988,35.650247056],[140.434899844,35.650218824],[140.434914724,35.650188809],[140.434921038,35.650167643],[140.434916459,35.650132441],[140.43489467,35.650104371],[140.434860147,35.650104543],[140.43476745800001,35.650117334],[140.434636035000011,35.650144409]]]}},
{"type":"Feature","properties":{"fid":962,"polygon_uuid":"c7a8c74c-fe25-4a61-b18f-a68f555a4368","daicho_shubetsu_cd":"FUD25","面積":7,"auxiliary_storage_labeling_positionx":null,"auxiliary_storage_labeling_positiony":null,"auxiliary_storage_labeling_lineanchorpercent":null,"auxiliary_storage_labeling_lineanchorclipping":null,"auxiliary_storage_labeling_lineanchortype":null,"auxiliary_storage_labeling_lineanchortextpoint":null},"geometry":{"type":"Polygon","coordinates":[[[140.427261436,35.648958987],[140.427226944000012,35.648911995],[140.427136857,35.648805252],[140.427093717,35.648758529],[140.426904395,35.648876945],[140.426856824,35.648904519],[140.42690478,35.648943716],[140.427033977,35.64909945],[140.427261436,35.648958987]]]}},
{"type":"Feature","properties":{"fid":963,"polygon_uuid":"77a82434-cf80-4892-a1ac-a6ae9289c291","daicho_shubetsu_cd":"FUD25","面積":30,"auxiliary_storage_labeling_positionx":null,"auxiliary_storage_labeling_positiony":null,"auxiliary_storage_labeling_lineanchorpercent":null,"auxiliary_storage_labeling_lineanchorclipping":null,"auxiliary_storage_labeling_lineanchortype":null,"auxiliary_storage_labeling_lineanchortextpoint":null},"geometry":{"type":"Polygon","coordinates":[[[140.424442249,35.641649393],[140.424380066,35.641568821],[140.424236732999987,35.641377168],[140.424177228,35.641296583],[140.423763683,35.641501896],[140.423610712,35.641577245],[140.42355850300001,35.641597614],[140.423601649,35.641643067],[140.42378283,35.641556449],[140.423822438,35.641625591],[140.423648557,35.641708341],[140.423719503,35.641829381],[140.423833028,35.641973091],[140.424127679,35.641840887],[140.42438483,35.64171927],[140.424356884,35.641693529],[140.424391549,35.641673686],[140.424442249,35.641649393]]]}},
{"type":"Feature","properties":{"fid":965,"polygon_uuid":"1f90c403-134d-4a40-8163-a6f627e2a1ad","daicho_shubetsu_cd":"FUD25","面積":2,"auxiliary_storage_labeling_positionx":null,"auxiliary_storage_labeling_positiony":null,"auxiliary_storage_labeling_lineanchorpercent":null,"auxiliary_storage_labeling_lineanchorclipping":null,"auxiliary_storage_labeling_lineanchortype":null,"auxiliary_storage_labeling_lineanchortextpoint":null},"geometry":{"type":"Polygon","coordinates":[[[140.43303738,35.646514203],[140.433087395,35.646517502],[140.433156864000011,35.646506511],[140.433105841000014,35.646368385],[140.433050724,35.646263989],[140.433007335000013,35.646274849],[140.433078117,35.646439488],[140.433021741,35.646457509],[140.43303738,35.646514203]]]}},
{"type":"Feature","properties":{"fid":972,"polygon_uuid":"cb39969b-1124-455f-afa0-a87e2427aa49","daicho_shubetsu_cd":"FUD25","面積":11,"auxiliary_storage_labeling_positionx":null,"auxiliary_storage_labeling_positiony":null,"auxiliary_storage_labeling_lineanchorpercent":null,"auxiliary_storage_labeling_lineanchorclipping":null,"auxiliary_storage_labeling_lineanchortype":null,"auxiliary_storage_labeling_lineanchortextpoint":null},"geometry":{"type":"Polygon","coordinates":[[[140.425441806,35.652585143],[140.425482405999986,35.652506301],[140.425593032,35.652256409],[140.42565145,35.652164477],[140.425538494,35.652073389],[140.425473098,35.652020652],[140.425396949,35.652187353],[140.425226581,35.652560306],[140.425441806,35.652585143]]]}},
{"type":"Feature","properties":{"fid":974,"polygon_uuid":"8fb496c7-8973-4b14-aa09-a8ae2cdbda7e","daicho_shubetsu_cd":"FUD25","面積":51,"auxiliary_storage_labeling_positionx":null,"auxiliary_storage_labeling_positiony":null,"auxiliary_storage_labeling_lineanchorpercent":null,"auxiliary_storage_labeling_lineanchorclipping":null,"auxiliary_storage_labeling_lineanchortype":null,"auxiliary_storage_labeling_lineanchortextpoint":null},"geometry":{"type":"Polygon","coordinates":[[[140.427590906,35.647670452],[140.427625481,35.647610543],[140.427808043,35.647200904],[140.427909766999989,35.646898639],[140.427879122,35.64686899],[140.42773513,35.646812535],[140.427514038999988,35.646747884],[140.427272085999988,35.646703344],[140.427181074,35.647181131],[140.427109484999988,35.647543205],[140.427131275,35.647549811],[140.427306634,35.647586105],[140.4274821,35.647636689],[140.427590906,35.647670452]]]}},
{"type":"Feature","properties":{"fid":984,"polygon_uuid":"16a058e1-758c-4ed1-8a32-ab279854a778","daicho_shubetsu_cd":"FUD25","面積":10,"auxiliary_storage_labeling_positionx":null,"auxiliary_storage_labeling_positiony":null,"auxiliary_storage_labeling_lineanchorpercent":null,"auxiliary_storage_labeling_lineanchorclipping":null,"auxiliary_storage_labeling_lineanchortype":null,"auxiliary_storage_labeling_lineanchortextpoint":null},"geometry":{"type":"Polygon","coordinates":[[[140.422398052,35.644770944],[140.422367599000012,35.64478106],[140.422282239,35.644796428],[140.422245718,35.644811557],[140.422276974,35.644911074],[140.422307976000013,35.644975708],[140.422363634,35.645072614],[140.422442781,35.645042325],[140.422530974000011,35.644997043],[140.422600890000012,35.644956833],[140.422682906,35.644901613],[140.422670367,35.644856823],[140.422670110000013,35.64482194],[140.422663584,35.644764661],[140.42266023900001,35.64472481],[140.422629768,35.644732434],[140.422532179,35.64474537],[140.422398052,35.644770944]]]}},
{"type":"Feature","properties":{"fid":990,"polygon_uuid":"6a2e8d3f-3be7-4a80-8962-ac31bb0533c0","daicho_shubetsu_cd":"FUD25","面積":24,"auxiliary_storage_labeling_positionx":null,"auxiliary_storage_labeling_positiony":null,"auxiliary_storage_labeling_lineanchorpercent":null,"auxiliary_storage_labeling_lineanchorclipping":null,"auxiliary_storage_labeling_lineanchortype":null,"auxiliary_storage_labeling_lineanchortextpoint":null},"geometry":{"type":"Polygon","coordinates":[[[140.425640599,35.650090565],[140.425550410999989,35.650002976],[140.425451937,35.649895495],[140.425365734,35.649796258],[140.42530419900001,35.649673777],[140.424865006,35.6498761],[140.424932691,35.649948022],[140.425055964,35.650106873],[140.425222248000011,35.650302885],[140.425640599,35.650090565]]]}},
{"type":"Feature","properties":{"fid":992,"polygon_uuid":"c6181db7-444a-4dfb-8a45-ac9b48e8dfec","daicho_shubetsu_cd":"FUD25","面積":11,"auxiliary_storage_labeling_positionx":null,"auxiliary_storage_labeling_positiony":null,"auxiliary_storage_labeling_lineanchorpercent":null,"auxiliary_storage_labeling_lineanchorclipping":null,"auxiliary_storage_labeling_lineanchortype":null,"auxiliary_storage_labeling_lineanchortextpoint":null},"geometry":{"type":"Polygon","coordinates":[[[140.425830532,35.648659266],[140.425653687,35.648535781],[140.425293828,35.648846089],[140.425362743,35.648926563],[140.425443059,35.648995748],[140.425830532,35.648659266]]]}},
{"type":"Feature","properties":{"fid":998,"polygon_uuid":"7ee07904-6134-453f-b570-ad218fe1c7ba","daicho_shubetsu_cd":"FUD25","面積":4,"auxiliary_storage_labeling_positionx":null,"auxiliary_storage_labeling_positiony":null,"auxiliary_storage_labeling_lineanchorpercent":null,"auxiliary_storage_labeling_lineanchorclipping":null,"auxiliary_storage_labeling_lineanchortype":null,"auxiliary_storage_labeling_lineanchortextpoint":null},"geometry":{"type":"Polygon","coordinates":[[[140.425631712000012,35.64818028],[140.425651282,35.648196872],[140.425724678,35.64824178],[140.425794008,35.648277427],[140.425801539,35.648266155],[140.425900855,35.648117492],[140.425864319999988,35.648082142],[140.42579834,35.647975952],[140.425782016,35.64798928],[140.425631712000012,35.64818028]]]}},
{"type":"Feature","properties":{"fid":1003,"polygon_uuid":"8a0d7900-272c-4abd-bdbe-adc5421c54a4","daicho_shubetsu_cd":"FUD25","面積":4,"auxiliary_storage_labeling_positionx":null,"auxiliary_storage_labeling_positiony":null,"auxiliary_storage_labeling_lineanchorpercent":null,"auxiliary_storage_labeling_lineanchorclipping":null,"auxiliary_storage_labeling_lineanchortype":null,"auxiliary_storage_labeling_lineanchortextpoint":null},"geometry":{"type":"Polygon","coordinates":[[[140.432796352,35.647440537],[140.432788026999987,35.647312295],[140.432508313,35.647343753],[140.432454842999988,35.647418184],[140.432428191000014,35.647466423],[140.432693261999987,35.647447064],[140.432796352,35.647440537]]]}},
{"type":"Feature","properties":{"fid":1011,"polygon_uuid":"eaf0119c-c582-450f-a899-af33b35c2a27","daicho_shubetsu_cd":"FUD25","面積":7,"auxiliary_storage_labeling_positionx":null,"auxiliary_storage_labeling_positiony":null,"auxiliary_storage_labeling_lineanchorpercent":null,"auxiliary_storage_labeling_lineanchorclipping":null,"auxiliary_storage_labeling_lineanchortype":null,"auxiliary_storage_labeling_lineanchortextpoint":null},"geometry":{"type":"Polygon","coordinates":[[[140.432569756,35.642882316],[140.432594150999989,35.642849511],[140.432840393,35.64241585],[140.432709797,35.6423663],[140.432601006999988,35.642530178],[140.432570340000012,35.64254793],[140.432493212,35.642530715],[140.432537642999989,35.642706485],[140.432569756,35.642882316]]]}},
{"type":"Feature","properties":{"fid":1016,"polygon_uuid":"d304728d-6290-4239-a695-afd8466b03bc","daicho_shubetsu_cd":"FUD25","面積":5,"auxiliary_storage_labeling_positionx":null,"auxiliary_storage_labeling_positiony":null,"auxiliary_storage_labeling_lineanchorpercent":null,"auxiliary_storage_labeling_lineanchorclipping":null,"auxiliary_storage_labeling_lineanchortype":null,"auxiliary_storage_labeling_lineanchortextpoint":null},"geometry":{"type":"Polygon","coordinates":[[[140.428794999,35.647980351],[140.428805781,35.648003143],[140.428826566999987,35.647991931],[140.429009752000013,35.647925643],[140.428947521999987,35.647748456],[140.428748159,35.647780883],[140.428719237,35.647785754],[140.428794999,35.647980351]]]}},
{"type":"Feature","properties":{"fid":1019,"polygon_uuid":"c3f6a688-1a3a-456a-b2fb-b03775220d0e","daicho_shubetsu_cd":"FUD25","面積":13,"auxiliary_storage_labeling_positionx":null,"auxiliary_storage_labeling_positiony":null,"auxiliary_storage_labeling_lineanchorpercent":null,"auxiliary_storage_labeling_lineanchorclipping":null,"auxiliary_storage_labeling_lineanchortype":null,"auxiliary_storage_labeling_lineanchortextpoint":null},"geometry":{"type":"Polygon","coordinates":[[[140.426202006000011,35.649999074],[140.426146831000011,35.649962587],[140.426034773,35.649963138],[140.425968217,35.649960608],[140.425943515,35.649935005],[140.425921935,35.649857937],[140.425901815,35.649822025],[140.42559182,35.65000321],[140.425660253,35.650073778],[140.425729289,35.650138909],[140.425799992,35.650205832],[140.425872485000014,35.650274921],[140.425887367,35.650288783],[140.425931825,35.650248904],[140.425983973,35.650197198],[140.42603603500001,35.650134059],[140.42606629,35.650084454],[140.426133326000013,35.650030681],[140.426202006000011,35.649999074]]]}},
{"type":"Feature","properties":{"fid":1021,"polygon_uuid":"7d2151f7-d7d7-4b55-836a-b0d06e1b80b7","daicho_shubetsu_cd":"FUD25","面積":39,"auxiliary_storage_labeling_positionx":null,"auxiliary_storage_labeling_positiony":null,"auxiliary_storage_labeling_lineanchorpercent":null,"auxiliary_storage_labeling_lineanchorclipping":null,"auxiliary_storage_labeling_lineanchortype":null,"auxiliary_storage_labeling_lineanchortextpoint":null},"geometry":{"type":"Polygon","coordinates":[[[140.435400206,35.649174784],[140.435616694,35.64965275],[140.435622515,35.649665148],[140.435844440000011,35.650126481],[140.435897125,35.650105922],[140.436206391000013,35.650012512],[140.435902307,35.649374225],[140.435753274,35.649067345],[140.435400206,35.649174784]]]}},
{"type":"Feature","properties":{"fid":1024,"polygon_uuid":"a0bb5d22-14cf-42b0-94d3-b13c05128f53","daicho_shubetsu_cd":"FUD25","面積":5,"auxiliary_storage_labeling_positionx":null,"auxiliary_storage_labeling_positiony":null,"auxiliary_storage_labeling_lineanchorpercent":null,"auxiliary_storage_labeling_lineanchorclipping":null,"auxiliary_storage_labeling_lineanchortype":null,"auxiliary_storage_labeling_lineanchortextpoint":null},"geometry":{"type":"Polygon","coordinates":[[[140.432895801,35.644356817],[140.432792420999988,35.644140633],[140.432604801,35.644197547],[140.432703906,35.644433617],[140.432880505000014,35.644382175],[140.432895801,35.644356817]]]}},
{"type":"Feature","properties":{"fid":1026,"polygon_uuid":"d806233f-f58c-41ac-a04e-b1983c42922c","daicho_shubetsu_cd":"FUD25","面積":8,"auxiliary_storage_labeling_positionx":null,"auxiliary_storage_labeling_positiony":null,"auxiliary_storage_labeling_lineanchorpercent":null,"auxiliary_storage_labeling_lineanchorclipping":null,"auxiliary_storage_labeling_lineanchortype":null,"auxiliary_storage_labeling_lineanchortextpoint":null},"geometry":{"type":"Polygon","coordinates":[[[140.427686731,35.648168842],[140.427729002,35.648166602],[140.427820067999988,35.648169012],[140.427886537,35.648160108],[140.42798964,35.648120852],[140.42792534,35.647888002],[140.427856533000011,35.647891575],[140.427770305,35.647893209],[140.427691378,35.647889157],[140.427653623999987,35.647884207],[140.427686731,35.648168842]]]}},
{"type":"Feature","properties":{"fid":1029,"polygon_uuid":"6207d9da-5455-4740-9c7f-b2171293c78f","daicho_shubetsu_cd":"FUD25","面積":6,"auxiliary_storage_labeling_positionx":null,"auxiliary_storage_labeling_positiony":null,"auxiliary_storage_labeling_lineanchorpercent":null,"auxiliary_storage_labeling_lineanchorclipping":null,"auxiliary_storage_labeling_lineanchortype":null,"auxiliary_storage_labeling_lineanchortextpoint":null},"geometry":{"type":"Polygon","coordinates":[[[140.435782152,35.654085752],[140.435844372,35.654093051],[140.435968697,35.65409243],[140.436052446,35.654069179],[140.43611377,35.65395725],[140.435904420000014,35.65381116],[140.435782152,35.654085752]]]}},
{"type":"Feature","properties":{"fid":1032,"polygon_uuid":"203bea3b-0001-48f9-a4f1-b265d7550b67","daicho_shubetsu_cd":"FUD25","面積":6,"auxiliary_storage_labeling_positionx":null,"auxiliary_storage_labeling_positiony":null,"auxiliary_storage_labeling_lineanchorpercent":null,"auxiliary_storage_labeling_lineanchorclipping":null,"auxiliary_storage_labeling_lineanchortype":null,"auxiliary_storage_labeling_lineanchortextpoint":null},"geometry":{"type":"Polygon","coordinates":[[[140.427510665999989,35.649492874],[140.427476352000014,35.649301259],[140.427400317,35.649217467],[140.42721457,35.649282451],[140.427270551,35.64936006],[140.427265837,35.649485582],[140.427510665999989,35.649492874]]]}},
{"type":"Feature","properties":{"fid":1036,"polygon_uuid":"d76c9a6d-4935-4f69-bab1-b2d283c097ec","daicho_shubetsu_cd":"FUD25","面積":10,"auxiliary_storage_labeling_positionx":null,"auxiliary_storage_labeling_positiony":null,"auxiliary_storage_labeling_lineanchorpercent":null,"auxiliary_storage_labeling_lineanchorclipping":null,"auxiliary_storage_labeling_lineanchortype":null,"auxiliary_storage_labeling_lineanchortextpoint":null},"geometry":{"type":"Polygon","coordinates":[[[140.426427688,35.649131327],[140.426387563,35.649106375],[140.426277532,35.649015329],[140.425908639999989,35.649338111],[140.425930031,35.649389456],[140.425951643,35.649470812],[140.425979286,35.649515265],[140.426427688,35.649131327]]]}},
{"type":"Feature","properties":{"fid":1037,"polygon_uuid":"993516bd-2e9d-493b-b18a-b2ecbd14649d","daicho_shubetsu_cd":"FUD25","面積":43,"auxiliary_storage_labeling_positionx":null,"auxiliary_storage_labeling_positiony":null,"auxiliary_storage_labeling_lineanchorpercent":null,"auxiliary_storage_labeling_lineanchorclipping":null,"auxiliary_storage_labeling_lineanchortype":null,"auxiliary_storage_labeling_lineanchortextpoint":null},"geometry":{"type":"Polygon","coordinates":[[[140.434851815,35.64876872],[140.434970805,35.648724629],[140.435196057000013,35.649210825],[140.435545169,35.6491007],[140.435500823000012,35.648992673],[140.435303514,35.648578013],[140.435117378,35.648173185],[140.435056578,35.648193178],[140.434788421,35.648277681],[140.434708081,35.648304477],[140.434628858,35.64833866],[140.43465464,35.64837167],[140.434682955,35.648406754],[140.434713544,35.648457676],[140.434750713,35.648522655],[140.434794526,35.648610497],[140.434829696,35.648696621],[140.434851815,35.64876872]]]}},
{"type":"Feature","properties":{"fid":1038,"polygon_uuid":"512df528-0116-4fe4-bfdf-b3061ab4f225","daicho_shubetsu_cd":"FUD25","面積":6,"auxiliary_storage_labeling_positionx":null,"auxiliary_storage_labeling_positiony":null,"auxiliary_storage_labeling_lineanchorpercent":null,"auxiliary_storage_labeling_lineanchorclipping":null,"auxiliary_storage_labeling_lineanchortype":null,"auxiliary_storage_labeling_lineanchortextpoint":null},"geometry":{"type":"Polygon","coordinates":[[[140.43669992400001,35.653713843],[140.436737118,35.6537256],[140.436813194,35.653673208],[140.436918222,35.653596895],[140.437025037000012,35.653516114],[140.437124636,35.653444286],[140.437148125,35.653420392],[140.437109623,35.65338492],[140.437074819,35.653356861],[140.437041889999989,35.653336221],[140.436992542000013,35.653311207],[140.436990587999986,35.653293384],[140.43669992400001,35.653713843]]]}},
{"type":"Feature","properties":{"fid":1039,"polygon_uuid":"1b0abf35-80fb-4607-94d1-b31b7dc4c93e","daicho_shubetsu_cd":"散布対象圃場","面積":31,"auxiliary_storage_labeling_positionx":null,"auxiliary_storage_labeling_positiony":null,"auxiliary_storage_labeling_lineanchorpercent":null,"auxiliary_storage_labeling_lineanchorclipping":null,"auxiliary_storage_labeling_lineanchortype":null,"auxiliary_storage_labeling_lineanchortextpoint":null},"geometry":{"type":"Polygon","coordinates":[[[140.425632079,35.640898744],[140.425580445,35.640977689],[140.425737621,35.641049049],[140.426205012,35.641246756],[140.42665269,35.641439913],[140.426799214,35.641211042],[140.426791109,35.641201245],[140.426790866,35.641168459],[140.42669822,35.641132848],[140.42672977,35.641054002],[140.42648019,35.64097982],[140.42641174,35.640957204],[140.426315319999986,35.6409544],[140.425953689000011,35.640936507],[140.425732661000012,35.640921201],[140.42566034,35.640918278],[140.425632079,35.640898744]]]}},
{"type":"Feature","properties":{"fid":1052,"polygon_uuid":"e4e33cd0-98c7-4c57-8739-b52258c4116c","daicho_shubetsu_cd":"FUD25","面積":19,"auxiliary_storage_labeling_positionx":null,"auxiliary_storage_labeling_positiony":null,"auxiliary_storage_labeling_lineanchorpercent":null,"auxiliary_storage_labeling_lineanchorclipping":null,"auxiliary_storage_labeling_lineanchortype":null,"auxiliary_storage_labeling_lineanchortextpoint":null},"geometry":{"type":"Polygon","coordinates":[[[140.422164624,35.645158805],[140.422141110000013,35.645116062],[140.422113107,35.645043938],[140.422080623999989,35.644973839],[140.422072784,35.644956924],[140.422044727000014,35.644877325],[140.421998135,35.644767916],[140.421973221,35.64470076],[140.421930705,35.644730869],[140.421851595,35.64476614],[140.421781552,35.644788908],[140.42173291200001,35.644816555],[140.421668937,35.644834309],[140.421580688,35.644872117],[140.421566731000013,35.644887849],[140.421584306999989,35.644949343],[140.42163704,35.645063706],[140.421680433,35.645153197],[140.421714431,35.645210341],[140.421763363,35.645222561],[140.421845764000011,35.645219666],[140.42194955,35.645219159],[140.421992267,35.645216459],[140.421970515,35.645164238],[140.422073972,35.645118881],[140.422092013,35.645113413],[140.42212932000001,35.645173429],[140.422164624,35.645158805]]]}},
{"type":"Feature","properties":{"fid":1053,"polygon_uuid":"b5d00660-512c-457f-abc9-b5234119771d","daicho_shubetsu_cd":"FUD25","面積":17,"auxiliary_storage_labeling_positionx":null,"auxiliary_storage_labeling_positiony":null,"auxiliary_storage_labeling_lineanchorpercent":null,"auxiliary_storage_labeling_lineanchorclipping":null,"auxiliary_storage_labeling_lineanchortype":null,"auxiliary_storage_labeling_lineanchortextpoint":null},"geometry":{"type":"Polygon","coordinates":[[[140.431308791,35.648277045],[140.430849682,35.64838379],[140.430875869,35.648493792],[140.430936911,35.648653375],[140.430972739999987,35.648754822],[140.43135554,35.648606884],[140.431420651,35.648582134],[140.431387328,35.648488355],[140.431308791,35.648277045]]]}},
{"type":"Feature","properties":{"fid":1054,"polygon_uuid":"271f86cf-6216-4625-8f3c-b58dcbd84524","daicho_shubetsu_cd":"FUD25","面積":10,"auxiliary_storage_labeling_positionx":null,"auxiliary_storage_labeling_positiony":null,"auxiliary_storage_labeling_lineanchorpercent":null,"auxiliary_storage_labeling_lineanchorclipping":null,"auxiliary_storage_labeling_lineanchortype":null,"auxiliary_storage_labeling_lineanchortextpoint":null},"geometry":{"type":"Polygon","coordinates":[[[140.434540859,35.639595667],[140.434416427,35.639666236],[140.434334641,35.639710361],[140.434349074000011,35.63973069],[140.434288578,35.639757223],[140.434321058,35.639803692],[140.434418435,35.639934358],[140.43446892,35.64000114],[140.43451163,35.639983439],[140.434632558,35.639921631],[140.434721462999988,35.639874555],[140.434717674000012,35.63984543],[140.434587751,35.639659552],[140.434540859,35.639595667]]]}},
{"type":"Feature","properties":{"fid":1057,"polygon_uuid":"0e88fc6d-db4d-4dfe-ac2e-b5f368463bd3","daicho_shubetsu_cd":"FUD25","面積":15,"auxiliary_storage_labeling_positionx":null,"auxiliary_storage_labeling_positiony":null,"auxiliary_storage_labeling_lineanchorpercent":null,"auxiliary_storage_labeling_lineanchorclipping":null,"auxiliary_storage_labeling_lineanchortype":null,"auxiliary_storage_labeling_lineanchortextpoint":null},"geometry":{"type":"Polygon","coordinates":[[[140.425077683000012,35.652220934],[140.425161214000013,35.652200651],[140.425396949,35.652187353],[140.425473098,35.652020652],[140.425436859,35.651914717],[140.425400298999989,35.651765371],[140.425393926,35.651702698],[140.425334797,35.651698165],[140.425169368000013,35.651703802],[140.425152245,35.651785884],[140.425129462,35.651901758],[140.425089127,35.652041833],[140.42508991,35.652147944],[140.425077683000012,35.652220934]]]}},
{"type":"Feature","properties":{"fid":1075,"polygon_uuid":"ee978d67-e1e8-42de-9258-b8ce2041e719","daicho_shubetsu_cd":"FUD25","面積":4,"auxiliary_storage_labeling_positionx":null,"auxiliary_storage_labeling_positiony":null,"auxiliary_storage_labeling_lineanchorpercent":null,"auxiliary_storage_labeling_lineanchorclipping":null,"auxiliary_storage_labeling_lineanchortype":null,"auxiliary_storage_labeling_lineanchortextpoint":null},"geometry":{"type":"Polygon","coordinates":[[[140.422276974,35.644911074],[140.422213018,35.64493132],[140.422149079,35.644954059],[140.422080623999989,35.644973839],[140.422113107,35.645043938],[140.422141110000013,35.645116062],[140.422164624,35.645158805],[140.422190188,35.645148214],[140.422251001,35.645115524],[140.422363634,35.645072614],[140.422307976000013,35.644975708],[140.422276974,35.644911074]]]}},
{"type":"Feature","properties":{"fid":1082,"polygon_uuid":"3e382883-9349-4fda-b393-b9fa7fdf478a","daicho_shubetsu_cd":"FUD25","面積":7,"auxiliary_storage_labeling_positionx":null,"auxiliary_storage_labeling_positiony":null,"auxiliary_storage_labeling_lineanchorpercent":null,"auxiliary_storage_labeling_lineanchorclipping":null,"auxiliary_storage_labeling_lineanchortype":null,"auxiliary_storage_labeling_lineanchortextpoint":null},"geometry":{"type":"Polygon","coordinates":[[[140.434855928,35.648786],[140.434842995999986,35.648787825],[140.434863697,35.648817143],[140.434880420000013,35.648870355],[140.434894405,35.648921359],[140.434922242999988,35.649005605],[140.434947327,35.649085422],[140.434972445,35.649169681],[140.434986514,35.649231788],[140.435008495,35.649260547],[140.435070855,35.649248124],[140.43513762500001,35.64923194],[140.435176358,35.649217657],[140.434961417000011,35.648753771],[140.434855928,35.648786]]]}},
{"type":"Feature","properties":{"fid":1086,"polygon_uuid":"24f7ddac-8b8e-4f4f-ab5f-baa5bbbb40cc","daicho_shubetsu_cd":"FUD25","面積":16,"auxiliary_storage_labeling_positionx":null,"auxiliary_storage_labeling_positiony":null,"auxiliary_storage_labeling_lineanchorpercent":null,"auxiliary_storage_labeling_lineanchorclipping":null,"auxiliary_storage_labeling_lineanchortype":null,"auxiliary_storage_labeling_lineanchortextpoint":null},"geometry":{"type":"Polygon","coordinates":[[[140.428824487000014,35.649623019],[140.429039536,35.649403295],[140.428846191,35.649362449],[140.428739777,35.649356544],[140.428609701999989,35.64934754],[140.428459857,35.649328987],[140.428400566,35.649316753],[140.428442974,35.64970851],[140.428592462000012,35.649678831],[140.428663254000014,35.649662403],[140.428824487000014,35.649623019]]]}},
{"type":"Feature","properties":{"fid":1087,"polygon_uuid":"d7477fa9-a91e-4636-82fa-baddecf9b42e","daicho_shubetsu_cd":"散布対象圃場","面積":19,"auxiliary_storage_labeling_positionx":null,"auxiliary_storage_labeling_positiony":null,"auxiliary_storage_labeling_lineanchorpercent":null,"auxiliary_storage_labeling_lineanchorclipping":null,"auxiliary_storage_labeling_lineanchortype":null,"auxiliary_storage_labeling_lineanchortextpoint":null},"geometry":{"type":"Polygon","coordinates":[[[140.437531080000014,35.650727147],[140.437614445,35.650920605],[140.437738016,35.651189459],[140.438048098,35.651091499],[140.438036528999987,35.651017579],[140.437988705,35.650831293],[140.437929428,35.650640191],[140.43788736,35.650648494],[140.437873703,35.65060971],[140.4375681,35.650706733],[140.437531080000014,35.650727147]]]}},
{"type":"Feature","properties":{"fid":1090,"polygon_uuid":"eaac3a4f-da95-4024-a309-bb61bc78e9f6","daicho_shubetsu_cd":"FUD25","面積":10,"auxiliary_storage_labeling_positionx":null,"auxiliary_storage_labeling_positiony":null,"auxiliary_storage_labeling_lineanchorpercent":null,"auxiliary_storage_labeling_lineanchorclipping":null,"auxiliary_storage_labeling_lineanchortype":null,"auxiliary_storage_labeling_lineanchortextpoint":null},"geometry":{"type":"Polygon","coordinates":[[[140.437500818,35.652887272],[140.437306815999989,35.652813899],[140.437249256,35.652907155],[140.437085049,35.6532245],[140.437123518,35.653255514],[140.437164717,35.653286514],[140.437211295,35.653306341],[140.437255091,35.653319496],[140.437269163,35.653322798],[140.437500818,35.652887272]]]}},
{"type":"Feature","properties":{"fid":1100,"polygon_uuid":"d7ef7863-8bb0-42ec-8773-bc3f85bbb9a1","daicho_shubetsu_cd":"FUD25","面積":16,"auxiliary_storage_labeling_positionx":null,"auxiliary_storage_labeling_positiony":null,"auxiliary_storage_labeling_lineanchorpercent":null,"auxiliary_storage_labeling_lineanchorclipping":null,"auxiliary_storage_labeling_lineanchortype":null,"auxiliary_storage_labeling_lineanchortextpoint":null},"geometry":{"type":"Polygon","coordinates":[[[140.430851877,35.646915072],[140.430658333,35.646600559],[140.43037295,35.646700157],[140.430243368,35.646734576],[140.430227245999987,35.646738859],[140.430262419,35.646759645],[140.430314074,35.646799405],[140.430382283,35.646867667],[140.430452841,35.646937821],[140.430523301,35.646994638],[140.430577191,35.647021049],[140.43066832400001,35.64704634],[140.430773873,35.647037338],[140.430891803,35.646947268],[140.430851877,35.646915072]]]}},
{"type":"Feature","properties":{"fid":1105,"polygon_uuid":"38f0c158-4492-4e0f-91e5-bcd10d6ee720","daicho_shubetsu_cd":"FUD25","面積":9,"auxiliary_storage_labeling_positionx":null,"auxiliary_storage_labeling_positiony":null,"auxiliary_storage_labeling_lineanchorpercent":null,"auxiliary_storage_labeling_lineanchorclipping":null,"auxiliary_storage_labeling_lineanchortype":null,"auxiliary_storage_labeling_lineanchortextpoint":null},"geometry":{"type":"Polygon","coordinates":[[[140.433422224,35.647232814],[140.433301302,35.647249834],[140.433213079000012,35.647269947],[140.43316091,35.647276764],[140.433088656,35.647283681],[140.432972291,35.647300655],[140.432997446,35.647441518],[140.433061689999988,35.647437919],[140.433230925,35.647435412],[140.433369578,35.647444558],[140.433490194,35.647458712],[140.433502133,35.647443897],[140.433422224,35.647232814]]]}},
{"type":"Feature","properties":{"fid":1106,"polygon_uuid":"3967d7dc-079e-4406-8e55-bde571f2732d","daicho_shubetsu_cd":"FUD25","面積":5,"auxiliary_storage_labeling_positionx":null,"auxiliary_storage_labeling_positiony":null,"auxiliary_storage_labeling_lineanchorpercent":null,"auxiliary_storage_labeling_lineanchorclipping":null,"auxiliary_storage_labeling_lineanchortype":null,"auxiliary_storage_labeling_lineanchortextpoint":null},"geometry":{"type":"Polygon","coordinates":[[[140.427385093,35.648068259],[140.427413296999987,35.648093845],[140.42745682,35.648127227],[140.427522145000012,35.648131346],[140.427602665,35.648130068],[140.427556126000013,35.647881793],[140.427499189,35.647870473],[140.427422003,35.647850845],[140.42740532,35.647962401],[140.427385093,35.648068259]]]}},
{"type":"Feature","properties":{"fid":1112,"polygon_uuid":"99304428-1741-42f0-b2aa-bef243aa60c4","daicho_shubetsu_cd":"FUD25","面積":10,"auxiliary_storage_labeling_positionx":null,"auxiliary_storage_labeling_positiony":null,"auxiliary_storage_labeling_lineanchorpercent":null,"auxiliary_storage_labeling_lineanchorclipping":null,"auxiliary_storage_labeling_lineanchortype":null,"auxiliary_storage_labeling_lineanchortextpoint":null},"geometry":{"type":"Polygon","coordinates":[[[140.421858257,35.645382004],[140.421831086,35.645391773],[140.421793321,35.645405351],[140.421689808,35.645443232],[140.421598487000011,35.645478563],[140.421558913000013,35.645493707],[140.421620458,35.645560684],[140.421697375,35.645642535],[140.42179246,35.645704365],[140.421853786000014,35.645741441],[140.421957317,35.645706051],[140.422042404,35.645653308],[140.422072745,35.645636466],[140.421989853000014,35.645563862],[140.421972317000012,35.645544175],[140.42200761,35.645516373],[140.421946368,35.645461913],[140.421858257,35.645382004]]]}},
{"type":"Feature","properties":{"fid":1113,"polygon_uuid":"25453795-de58-4161-9edd-bef64dc13f92","daicho_shubetsu_cd":"FUD25","面積":17,"auxiliary_storage_labeling_positionx":null,"auxiliary_storage_labeling_positiony":null,"auxiliary_storage_labeling_lineanchorpercent":null,"auxiliary_storage_labeling_lineanchorclipping":null,"auxiliary_storage_labeling_lineanchortype":null,"auxiliary_storage_labeling_lineanchortextpoint":null},"geometry":{"type":"Polygon","coordinates":[[[140.42718234,35.645326149],[140.427162728000013,35.645357392],[140.427164504,35.645391022],[140.42715396700001,35.645411008],[140.427167741,35.645415923],[140.427181523,35.645422085],[140.427199876,35.645426978],[140.427228985,35.645441784],[140.427250842,35.645446049],[140.427287310999986,35.645453795],[140.427323779,35.645461541],[140.427357849,35.645473261],[140.427399157,35.645479001],[140.427435639,35.645488728],[140.427481801999988,35.645494444],[140.42751343,35.645504195],[140.427620884,35.645521171],[140.427629192000012,35.645402575],[140.42775566,35.645435634],[140.427777227,35.645397881],[140.427801324,35.645373986],[140.42781813900001,35.645350126],[140.427842295,35.645334156],[140.427868877,35.645318174],[140.427888134,35.645296284],[140.427904977999987,35.645276387],[140.427904934,35.645270444],[140.427883044999987,35.645264607],[140.427822303999989,35.645256982],[140.427783452999989,35.645255192],[140.427746969999987,35.645245465],[140.427717725,35.645229759],[140.427673887,35.645210161],[140.427651953,35.645198382],[140.427593567,35.645180837],[140.427561968,35.645175049],[140.42752803,35.645181161],[140.427486765999987,35.645181364],[140.427416199,35.645157936],[140.427379731,35.645150191],[140.42734813300001,35.645144402],[140.427318976,35.645140583],[140.427309384000012,35.645156482],[140.427266889,35.645201144],[140.42718234,35.645326149]]]}},
{"type":"Feature","properties":{"fid":1116,"polygon_uuid":"bb40588a-31cd-45a0-ba3c-bf446ffab42a","daicho_shubetsu_cd":"FUD25","面積":4,"auxiliary_storage_labeling_positionx":null,"auxiliary_storage_labeling_positiony":null,"auxiliary_storage_labeling_lineanchorpercent":null,"auxiliary_storage_labeling_lineanchorclipping":null,"auxiliary_storage_labeling_lineanchortype":null,"auxiliary_storage_labeling_lineanchortextpoint":null},"geometry":{"type":"Polygon","coordinates":[[[140.430448243,35.647493376],[140.430461568999988,35.647401844],[140.430457791,35.647364705],[140.430401616000012,35.647344975],[140.430289561,35.64734553],[140.430149664999988,35.64736909],[140.43017507,35.647489014],[140.430259067,35.64748288],[140.430360659,35.647488094],[140.430448243,35.647493376]]]}},
{"type":"Feature","properties":{"fid":1118,"polygon_uuid":"c0ce5348-280e-4aa6-8c14-c010ae42fcfe","daicho_shubetsu_cd":"FUD25","面積":42,"auxiliary_storage_labeling_positionx":null,"auxiliary_storage_labeling_positiony":null,"auxiliary_storage_labeling_lineanchorpercent":null,"auxiliary_storage_labeling_lineanchorclipping":null,"auxiliary_storage_labeling_lineanchortype":null,"auxiliary_storage_labeling_lineanchortextpoint":null},"geometry":{"type":"Polygon","coordinates":[[[140.437484259,35.649637097],[140.43737886400001,35.649675909],[140.437149393999988,35.649745326],[140.437062559,35.649771131],[140.437271165,35.650231802],[140.437466978,35.650644336],[140.437860823,35.650525663],[140.437816374,35.650401577],[140.437737277,35.65021678],[140.437661346,35.650039577],[140.437607536,35.649910464],[140.437484259,35.649637097]]]}},
{"type":"Feature","properties":{"fid":1119,"polygon_uuid":"9a876d2e-8aaf-4642-a7e0-c01cc0e29723","daicho_shubetsu_cd":"FUD25","面積":10,"auxiliary_storage_labeling_positionx":null,"auxiliary_storage_labeling_positiony":null,"auxiliary_storage_labeling_lineanchorpercent":null,"auxiliary_storage_labeling_lineanchorclipping":null,"auxiliary_storage_labeling_lineanchortype":null,"auxiliary_storage_labeling_lineanchortextpoint":null},"geometry":{"type":"Polygon","coordinates":[[[140.434075179,35.64731901],[140.434170998000013,35.647288208],[140.433738125,35.64635344],[140.433650832000012,35.646379078],[140.434075179,35.64731901]]]}},
{"type":"Feature","properties":{"fid":1122,"polygon_uuid":"dcd0daa2-a326-4e01-ba10-c0f1983dcf8e","daicho_shubetsu_cd":"散布対象圃場","面積":36,"auxiliary_storage_labeling_positionx":null,"auxiliary_storage_labeling_positiony":null,"auxiliary_storage_labeling_lineanchorpercent":null,"auxiliary_storage_labeling_lineanchorclipping":null,"auxiliary_storage_labeling_lineanchortype":null,"auxiliary_storage_labeling_lineanchortextpoint":null},"geometry":{"type":"Polygon","coordinates":[[[140.430026929,35.642073457],[140.430076660999987,35.642039403],[140.430485702999988,35.641830447],[140.431054708,35.641527433],[140.430979017,35.641431631],[140.430892529,35.641324224],[140.430856783,35.641318572],[140.430821167,35.641330407],[140.430803164,35.641310095],[140.430394148,35.641521966],[140.429825088,35.641817982],[140.430026929,35.642073457]]]}},
{"type":"Feature","properties":{"fid":1133,"polygon_uuid":"b1920357-c000-4513-b922-c465ffcc746f","daicho_shubetsu_cd":"FUD25","面積":17,"auxiliary_storage_labeling_positionx":null,"auxiliary_storage_labeling_positiony":null,"auxiliary_storage_labeling_lineanchorpercent":null,"auxiliary_storage_labeling_lineanchorclipping":null,"auxiliary_storage_labeling_lineanchortype":null,"auxiliary_storage_labeling_lineanchortextpoint":null},"geometry":{"type":"Polygon","coordinates":[[[140.423115063000012,35.641395307],[140.423220707000013,35.64152551],[140.423482209000014,35.641918695],[140.423650863,35.642156642],[140.423667099,35.642179513],[140.423707458,35.642205546],[140.423727492000012,35.64219889],[140.423771505,35.642175723],[140.423867661,35.642142464],[140.423847433,35.64212289],[140.423798801,35.642064111],[140.42373790100001,35.641975882],[140.423595850999988,35.641776571],[140.42337674,35.641475995],[140.423307688,35.641371412],[140.42327558,35.641374849],[140.423275387,35.641348619],[140.423231254,35.641355393],[140.423115063000012,35.641395307]]]}},
{"type":"Feature","properties":{"fid":1136,"polygon_uuid":"c6914041-89aa-410d-90d6-c488b027662d","daicho_shubetsu_cd":"FUD25","面積":28,"auxiliary_storage_labeling_positionx":null,"auxiliary_storage_labeling_positiony":null,"auxiliary_storage_labeling_lineanchorpercent":null,"auxiliary_storage_labeling_lineanchorclipping":null,"auxiliary_storage_labeling_lineanchortype":null,"auxiliary_storage_labeling_lineanchortextpoint":null},"geometry":{"type":"Polygon","coordinates":[[[140.435800992,35.649007605],[140.436064951,35.648926226],[140.435635893000011,35.64803028],[140.435621262000012,35.647997477],[140.43536296,35.648080958],[140.435618533,35.648623995],[140.43576934,35.648931657],[140.435800992,35.649007605]]]}},
{"type":"Feature","properties":{"fid":1141,"polygon_uuid":"66848528-58e5-45ca-b212-c57be16ad363","daicho_shubetsu_cd":"FUD25","面積":9,"auxiliary_storage_labeling_positionx":null,"auxiliary_storage_labeling_positiony":null,"auxiliary_storage_labeling_lineanchorpercent":null,"auxiliary_storage_labeling_lineanchorclipping":null,"auxiliary_storage_labeling_lineanchortype":null,"auxiliary_storage_labeling_lineanchortextpoint":null},"geometry":{"type":"Polygon","coordinates":[[[140.426177273,35.648462916],[140.426330605,35.648275346],[140.426335438,35.648263291],[140.426325372,35.648258769],[140.426142323,35.648199838],[140.425965751,35.648147173],[140.425900855,35.648117492],[140.425801539,35.648266155],[140.425871728,35.648301939],[140.425999542999989,35.648369539],[140.426086020000014,35.64841215],[140.426149297,35.648447527],[140.426177273,35.648462916]]]}},
{"type":"Feature","properties":{"fid":1143,"polygon_uuid":"f9a526c0-0005-4ea7-bee9-c5916b9c1dc3","daicho_shubetsu_cd":"FUD25","面積":8,"auxiliary_storage_labeling_positionx":null,"auxiliary_storage_labeling_positiony":null,"auxiliary_storage_labeling_lineanchorpercent":null,"auxiliary_storage_labeling_lineanchorclipping":null,"auxiliary_storage_labeling_lineanchortype":null,"auxiliary_storage_labeling_lineanchortextpoint":null},"geometry":{"type":"Polygon","coordinates":[[[140.437775695999989,35.652299426],[140.437655482999986,35.652082823],[140.437579733,35.651905128],[140.43756137,35.651884416],[140.437385207,35.651943255],[140.437374317,35.651947768],[140.437383566,35.651967039],[140.437398331999987,35.651993713],[140.437413165,35.652029304],[140.43746389,35.652115536],[140.437497928999989,35.652139234],[140.437553581,35.652171616],[140.437573844000013,35.652205433],[140.43761141600001,35.65228941],[140.437640535000014,35.6523485],[140.437775695999989,35.652299426]]]}},
{"type":"Feature","properties":{"fid":1146,"polygon_uuid":"c2f3e1a5-80d5-44d1-a87f-c604093d7aaa","daicho_shubetsu_cd":"FUD25","面積":4,"auxiliary_storage_labeling_positionx":null,"auxiliary_storage_labeling_positiony":null,"auxiliary_storage_labeling_lineanchorpercent":null,"auxiliary_storage_labeling_lineanchorclipping":null,"auxiliary_storage_labeling_lineanchortype":null,"auxiliary_storage_labeling_lineanchortextpoint":null},"geometry":{"type":"Polygon","coordinates":[[[140.425874133,35.647987064],[140.425856138,35.648006398],[140.425907534,35.648089049],[140.425942201,35.648117007],[140.426033567,35.648154776],[140.426258163,35.648219412],[140.426303307000012,35.648140396],[140.426155684,35.648094151],[140.426032808,35.648051881],[140.425874133,35.647987064]]]}},
{"type":"Feature","properties":{"fid":1148,"polygon_uuid":"afdc4f64-bf6f-4bef-af13-c675952fc932","daicho_shubetsu_cd":"FUD25","面積":18,"auxiliary_storage_labeling_positionx":null,"auxiliary_storage_labeling_positiony":null,"auxiliary_storage_labeling_lineanchorpercent":null,"auxiliary_storage_labeling_lineanchorclipping":null,"auxiliary_storage_labeling_lineanchortype":null,"auxiliary_storage_labeling_lineanchortextpoint":null},"geometry":{"type":"Polygon","coordinates":[[[140.425746266,35.651371363],[140.42575753,35.651423121],[140.425754428,35.651494197],[140.425731123,35.651572822],[140.425840515,35.651607766],[140.426004027,35.651643972],[140.426036235,35.651651624],[140.426048582,35.651533585],[140.42605396,35.651509891],[140.426081609,35.651410091],[140.426090263,35.65132746],[140.426158192,35.651201482],[140.426203063,35.651154861],[140.426231076,35.651112515],[140.426248332,35.651078131],[140.426163992,35.65103853],[140.426023517,35.650984913],[140.425988561999986,35.650993661],[140.425833089,35.651280256],[140.425793357,35.651362248],[140.425746266,35.651371363]]]}},
{"type":"Feature","properties":{"fid":1155,"polygon_uuid":"cb05c947-9618-42c3-b5d5-c77f379c4b73","daicho_shubetsu_cd":"FUD25","面積":5,"auxiliary_storage_labeling_positionx":null,"auxiliary_storage_labeling_positiony":null,"auxiliary_storage_labeling_lineanchorpercent":null,"auxiliary_storage_labeling_lineanchorclipping":null,"auxiliary_storage_labeling_lineanchortype":null,"auxiliary_storage_labeling_lineanchortextpoint":null},"geometry":{"type":"Polygon","coordinates":[[[140.433102695,35.644300829],[140.433096282,35.644287011],[140.432998433,35.644076176],[140.432792420999988,35.644140633],[140.432895801,35.644356817],[140.432922443,35.644369326],[140.433083528999987,35.644314349],[140.433102695,35.644300829]]]}},
{"type":"Feature","properties":{"fid":1160,"polygon_uuid":"4ea15cfe-43f6-44d5-b766-c7fe2616d34c","daicho_shubetsu_cd":"FUD25","面積":8,"auxiliary_storage_labeling_positionx":null,"auxiliary_storage_labeling_positiony":null,"auxiliary_storage_labeling_lineanchorpercent":null,"auxiliary_storage_labeling_lineanchorclipping":null,"auxiliary_storage_labeling_lineanchortype":null,"auxiliary_storage_labeling_lineanchortextpoint":null},"geometry":{"type":"Polygon","coordinates":[[[140.436246311,35.653025351],[140.43623193,35.653052285],[140.436050607,35.653391891],[140.43624945900001,35.653444393],[140.436422091999987,35.653116066],[140.436407140999989,35.653106277],[140.436410948,35.653084862],[140.436246311,35.653025351]]]}},
{"type":"Feature","properties":{"fid":1163,"polygon_uuid":"61f0bf01-e3f7-4c9c-9013-c8461dcff06b","daicho_shubetsu_cd":"FUD25","面積":2,"auxiliary_storage_labeling_positionx":null,"auxiliary_storage_labeling_positiony":null,"auxiliary_storage_labeling_lineanchorpercent":null,"auxiliary_storage_labeling_lineanchorclipping":null,"auxiliary_storage_labeling_lineanchortype":null,"auxiliary_storage_labeling_lineanchortextpoint":null},"geometry":{"type":"Polygon","coordinates":[[[140.422398052,35.644770944],[140.422532179,35.64474537],[140.422629768,35.644732434],[140.42266023900001,35.64472481],[140.4226324,35.644675111],[140.422595734,35.644670307],[140.422513388999988,35.644680676],[140.422421905,35.644693583],[140.422382332000012,35.644708727],[140.422398052,35.644770944]]]}},
{"type":"Feature","properties":{"fid":1182,"polygon_uuid":"45283228-2e03-4828-9148-cc3513038dc3","daicho_shubetsu_cd":"FUD25","面積":12,"auxiliary_storage_labeling_positionx":null,"auxiliary_storage_labeling_positiony":null,"auxiliary_storage_labeling_lineanchorpercent":null,"auxiliary_storage_labeling_lineanchorclipping":null,"auxiliary_storage_labeling_lineanchortype":null,"auxiliary_storage_labeling_lineanchortextpoint":null},"geometry":{"type":"Polygon","coordinates":[[[140.430371793,35.648967675],[140.43017951600001,35.649045874],[140.430227615,35.64909463],[140.43037911,35.64932443],[140.430404098999986,35.649317917],[140.430531736,35.649265033],[140.430735340000012,35.649205125],[140.430732487,35.649179083],[140.430692518,35.649080949],[140.430657935,35.649017897],[140.430631510000012,35.648962496],[140.430517406,35.649004147],[140.430444282,35.649009072],[140.430392856,35.648993983],[140.430371793,35.648967675]]]}},
{"type":"Feature","properties":{"fid":1183,"polygon_uuid":"982e89f4-a858-4b0d-8d92-cc49b6de48d4","daicho_shubetsu_cd":"散布対象圃場","面積":18,"auxiliary_storage_labeling_positionx":null,"auxiliary_storage_labeling_positiony":null,"auxiliary_storage_labeling_lineanchorpercent":null,"auxiliary_storage_labeling_lineanchorclipping":null,"auxiliary_storage_labeling_lineanchortype":null,"auxiliary_storage_labeling_lineanchortextpoint":null},"geometry":{"type":"Polygon","coordinates":[[[140.437909128,35.651169771],[140.437741392,35.651224958],[140.437594958,35.651263195],[140.437514338,35.651288969],[140.437680698,35.651657344],[140.437691197,35.651672431],[140.437694983,35.651657565],[140.437720022,35.651663267],[140.437734371,35.651671939],[140.437846406,35.651633526],[140.438091262,35.651567568],[140.438087012000011,35.651556504],[140.437989,35.651344239],[140.437909128,35.651169771]]]}},
{"type":"Feature","properties":{"fid":1188,"polygon_uuid":"5188638d-8b77-45d3-ac32-ccae29424461","daicho_shubetsu_cd":"FUD25","面積":7,"auxiliary_storage_labeling_positionx":null,"auxiliary_storage_labeling_positiony":null,"auxiliary_storage_labeling_lineanchorpercent":null,"auxiliary_storage_labeling_lineanchorclipping":null,"auxiliary_storage_labeling_lineanchortype":null,"auxiliary_storage_labeling_lineanchortextpoint":null},"geometry":{"type":"Polygon","coordinates":[[[140.426721891,35.648864543],[140.426652029,35.648820171],[140.426593837000013,35.648764721],[140.426554332,35.64874991],[140.426290881,35.648995592],[140.426380634999987,35.649057318],[140.426453465,35.649117778],[140.426605927999987,35.648979035],[140.426721891,35.648864543]]]}},
{"type":"Feature","properties":{"fid":1192,"polygon_uuid":"c0eaf332-1d8f-416b-b636-ccdbf96dee81","daicho_shubetsu_cd":"散布対象圃場","面積":56,"auxiliary_storage_labeling_positionx":null,"auxiliary_storage_labeling_positiony":null,"auxiliary_storage_labeling_lineanchorpercent":null,"auxiliary_storage_labeling_lineanchorclipping":null,"auxiliary_storage_labeling_lineanchortype":null,"auxiliary_storage_labeling_lineanchortextpoint":null},"geometry":{"type":"Polygon","coordinates":[[[140.433382889,35.645361202],[140.433813062000013,35.646271797],[140.43434796,35.646107907],[140.433917395,35.645192991],[140.433382889,35.645361202]]]}},
{"type":"Feature","properties":{"fid":1195,"polygon_uuid":"c7334810-6909-4c0e-b584-cd302efc9edb","daicho_shubetsu_cd":"FUD25","面積":21,"auxiliary_storage_labeling_positionx":null,"auxiliary_storage_labeling_positiony":null,"auxiliary_storage_labeling_lineanchorpercent":null,"auxiliary_storage_labeling_lineanchorclipping":null,"auxiliary_storage_labeling_lineanchortype":null,"auxiliary_storage_labeling_lineanchortextpoint":null},"geometry":{"type":"Polygon","coordinates":[[[140.435545169,35.6491007],[140.435740683,35.649039026],[140.435312931999988,35.648107723],[140.435147238000013,35.648164153],[140.435117378,35.648173185],[140.435303514,35.648578013],[140.435500823000012,35.648992673],[140.435545169,35.6491007]]]}},
{"type":"Feature","properties":{"fid":1199,"polygon_uuid":"bf6a1ef0-246b-4d91-85e0-cea96e577955","daicho_shubetsu_cd":"FUD25","面積":7,"auxiliary_storage_labeling_positionx":null,"auxiliary_storage_labeling_positiony":null,"auxiliary_storage_labeling_lineanchorpercent":null,"auxiliary_storage_labeling_lineanchorclipping":null,"auxiliary_storage_labeling_lineanchortype":null,"auxiliary_storage_labeling_lineanchortextpoint":null},"geometry":{"type":"Polygon","coordinates":[[[140.423267485,35.644335356],[140.423215739,35.644355544],[140.423142516000013,35.644360886],[140.423029555,35.644358948],[140.422971576,35.644361723],[140.422944285999989,35.644386774],[140.422929262,35.644419241],[140.422935641,35.644456585],[140.422984463,35.644453855],[140.422994279,35.644543509],[140.423387833,35.644511681],[140.42339635,35.644424428],[140.423392858,35.644364644],[140.423325573999989,35.644347531],[140.423267485,35.644335356]]]}},
{"type":"Feature","properties":{"fid":1202,"polygon_uuid":"c2c3cdf4-588f-410f-aef1-cf3b8171d20c","daicho_shubetsu_cd":"散布対象圃場","面積":41,"auxiliary_storage_labeling_positionx":null,"auxiliary_storage_labeling_positiony":null,"auxiliary_storage_labeling_lineanchorpercent":null,"auxiliary_storage_labeling_lineanchorclipping":null,"auxiliary_storage_labeling_lineanchortype":null,"auxiliary_storage_labeling_lineanchortextpoint":null},"geometry":{"type":"Polygon","coordinates":[[[140.433993007999987,35.646272668],[140.434429763,35.647204458],[140.43481610500001,35.647086174],[140.434383694,35.646166868],[140.434362419,35.646166974],[140.434336902000013,35.646168838],[140.433993007999987,35.646272668]]]}},
{"type":"Feature","properties":{"fid":1203,"polygon_uuid":"d688b41c-0c40-435e-9344-cfb8ee157197","daicho_shubetsu_cd":"FUD25","面積":40,"auxiliary_storage_labeling_positionx":null,"auxiliary_storage_labeling_positiony":null,"auxiliary_storage_labeling_lineanchorpercent":null,"auxiliary_storage_labeling_lineanchorclipping":null,"auxiliary_storage_labeling_lineanchortype":null,"auxiliary_storage_labeling_lineanchortextpoint":null},"geometry":{"type":"Polygon","coordinates":[[[140.433395276999988,35.640403046],[140.433629973,35.640276553],[140.433786494,35.640199997],[140.433932327,35.640126408],[140.434184806,35.639991082],[140.434298593,35.639929311],[140.434287641999987,35.639897306],[140.434283876,35.639871094],[140.434172066,35.639720099],[140.434143287000012,35.639691097],[140.434061522,35.639738137],[140.434025405999989,35.639682942],[140.433996713,35.639665598],[140.433505950000011,35.639924519],[140.433232113,35.640068693],[140.4331254,35.640121685],[140.433132781000012,35.640153708],[140.433183307,35.640226318],[140.433287889000013,35.640365692],[140.433348996,35.640420763],[140.433395276999988,35.640403046]]]}},
{"type":"Feature","properties":{"fid":1208,"polygon_uuid":"009024e6-3a0a-4077-9e0c-d0b98a75ca9d","daicho_shubetsu_cd":"FUD25","面積":21,"auxiliary_storage_labeling_positionx":null,"auxiliary_storage_labeling_positiony":null,"auxiliary_storage_labeling_lineanchorpercent":null,"auxiliary_storage_labeling_lineanchorclipping":null,"auxiliary_storage_labeling_lineanchortype":null,"auxiliary_storage_labeling_lineanchortextpoint":null},"geometry":{"type":"Polygon","coordinates":[[[140.424177228,35.641296583],[140.424085238,35.641168068],[140.424004102999987,35.641059173],[140.423907916,35.641088061],[140.423794890000011,35.641156858],[140.423710784,35.641190059],[140.423594546,35.641223416],[140.423442279999989,35.641273344],[140.423434488,35.64130617],[140.423418591,35.6413292],[140.423439804999987,35.641371921],[140.42355850300001,35.641597614],[140.423610712,35.641577245],[140.423763683,35.641501896],[140.424177228,35.641296583]]]}},
{"type":"Feature","properties":{"fid":1213,"polygon_uuid":"1fb68a16-0650-4872-8175-d1c5ed18a31c","daicho_shubetsu_cd":"散布対象圃場","面積":19,"auxiliary_storage_labeling_positionx":140.43597513868858,"auxiliary_storage_labeling_positiony":35.64766201151739,"auxiliary_storage_labeling_lineanchorpercent":null,"auxiliary_storage_labeling_lineanchorclipping":null,"auxiliary_storage_labeling_lineanchortype":null,"auxiliary_storage_labeling_lineanchortextpoint":null},"geometry":{"type":"Polygon","coordinates":[[[140.436346835,35.648839227],[140.436525298,35.648786323],[140.436318635,35.648345556],[140.436097184,35.647863328],[140.436089019,35.647845882],[140.435958164999988,35.647894626],[140.435934178,35.647910047],[140.435919082999987,35.647919218],[140.436346835,35.648839227]]]}},
{"type":"Feature","properties":{"fid":1230,"polygon_uuid":"92decb88-1c78-4029-ab09-d4cb32959cd4","daicho_shubetsu_cd":"FUD25","面積":28,"auxiliary_storage_labeling_positionx":null,"auxiliary_storage_labeling_positiony":null,"auxiliary_storage_labeling_lineanchorpercent":null,"auxiliary_storage_labeling_lineanchorclipping":null,"auxiliary_storage_labeling_lineanchortype":null,"auxiliary_storage_labeling_lineanchortextpoint":null},"geometry":{"type":"Polygon","coordinates":[[[140.428185017,35.649986326],[140.428097234,35.649305053],[140.427990844,35.649302363],[140.427908089999988,35.649299556],[140.427821422,35.649299984],[140.427774242999988,35.649313079],[140.427719376,35.649351937],[140.427692252000014,35.649413167],[140.427708796,35.6495192],[140.427725055,35.649586647],[140.427765306999987,35.64970221],[140.427773734,35.649776127],[140.427770366,35.649853318],[140.427771103999987,35.649952998],[140.427779678,35.649994153],[140.427866478,35.650024816],[140.427991171,35.65002844],[140.428084511,35.650006781],[140.428141511,35.649988127],[140.428185017,35.649986326]]]}},
{"type":"Feature","properties":{"fid":1232,"polygon_uuid":"96f42193-b78e-41fe-811c-d4f947560a8a","daicho_shubetsu_cd":"FUD25","面積":12,"auxiliary_storage_labeling_positionx":null,"auxiliary_storage_labeling_positiony":null,"auxiliary_storage_labeling_lineanchorpercent":null,"auxiliary_storage_labeling_lineanchorclipping":null,"auxiliary_storage_labeling_lineanchortype":null,"auxiliary_storage_labeling_lineanchortextpoint":null},"geometry":{"type":"Polygon","coordinates":[[[140.433730554,35.640835701],[140.433624015,35.640912009],[140.433503237,35.640994216],[140.433449989,35.641035284],[140.433482622000014,35.641102154],[140.433551045,35.641180505],[140.433637297,35.641255851],[140.433662485000013,35.641281957],[140.433715799,35.641249631],[140.433857800999988,35.641141088],[140.43393952400001,35.641088219],[140.43396064,35.641047311],[140.433877892,35.640963204],[140.43382033200001,35.640905201],[140.433730554,35.640835701]]]}},
{"type":"Feature","properties":{"fid":1236,"polygon_uuid":"42072933-dd4e-4abd-b7ca-d5752b7771d8","daicho_shubetsu_cd":"FUD25","面積":24,"auxiliary_storage_labeling_positionx":null,"auxiliary_storage_labeling_positiony":null,"auxiliary_storage_labeling_lineanchorpercent":null,"auxiliary_storage_labeling_lineanchorclipping":null,"auxiliary_storage_labeling_lineanchortype":null,"auxiliary_storage_labeling_lineanchortextpoint":null},"geometry":{"type":"Polygon","coordinates":[[[140.434620924,35.644924378],[140.434363781,35.644397492],[140.434196250000014,35.644017988],[140.434152042,35.64401493],[140.433983785,35.644074787],[140.43396387300001,35.644097838],[140.43415565,35.644496895],[140.434394773,35.644996019],[140.434560682000011,35.644944067],[140.434620924,35.644924378]]]}},
{"type":"Feature","properties":{"fid":1237,"polygon_uuid":"fcc71ecf-c96c-481d-95ba-d58aebbe59e9","daicho_shubetsu_cd":"FUD25","面積":3,"auxiliary_storage_labeling_positionx":null,"auxiliary_storage_labeling_positiony":null,"auxiliary_storage_labeling_lineanchorpercent":null,"auxiliary_storage_labeling_lineanchorclipping":null,"auxiliary_storage_labeling_lineanchortype":null,"auxiliary_storage_labeling_lineanchortextpoint":null},"geometry":{"type":"Polygon","coordinates":[[[140.432440354,35.650637962],[140.432577572000014,35.650648859],[140.432714697,35.650496781],[140.432584763,35.650507075],[140.432423362,35.650523956],[140.432432598,35.650549228],[140.432440354,35.650637962]]]}},
{"type":"Feature","properties":{"fid":1241,"polygon_uuid":"489f9d84-62cb-4508-a6a5-d60fd7fdfbc3","daicho_shubetsu_cd":"FUD25","面積":9,"auxiliary_storage_labeling_positionx":null,"auxiliary_storage_labeling_positiony":null,"auxiliary_storage_labeling_lineanchorpercent":null,"auxiliary_storage_labeling_lineanchorclipping":null,"auxiliary_storage_labeling_lineanchortype":null,"auxiliary_storage_labeling_lineanchortextpoint":null},"geometry":{"type":"Polygon","coordinates":[[[140.425408522,35.652879534],[140.425402397999989,35.652850623],[140.425260783999988,35.65288026],[140.425142806999986,35.65290978],[140.425017236,35.652939148],[140.424952509,35.653153694],[140.424969616999988,35.653225771],[140.4252697,35.653079975],[140.425272031,35.653021333],[140.425414005,35.65298669],[140.425408522,35.652879534]]]}},
{"type":"Feature","properties":{"fid":1242,"polygon_uuid":"99d6e386-255c-4b5b-bccb-d6223c78689b","daicho_shubetsu_cd":"FUD25","面積":16,"auxiliary_storage_labeling_positionx":null,"auxiliary_storage_labeling_positiony":null,"auxiliary_storage_labeling_lineanchorpercent":null,"auxiliary_storage_labeling_lineanchorclipping":null,"auxiliary_storage_labeling_lineanchortype":null,"auxiliary_storage_labeling_lineanchortextpoint":null},"geometry":{"type":"Polygon","coordinates":[[[140.420253616999986,35.64585337],[140.42015455,35.645664479],[140.420058555,35.645478066],[140.420007987,35.645389635],[140.419984728,35.645401182],[140.419923896,35.645431378],[140.419872166,35.645454056],[140.419893844,35.64549631],[140.419851255,35.645516451],[140.419772161,35.645554213],[140.419732587,35.645569356],[140.419769673,35.645631469],[140.419862615999989,35.645817898],[140.419955339000012,35.645974427],[140.42011968700001,35.645906349],[140.420253616999986,35.64585337]]]}},
{"type":"Feature","properties":{"fid":1244,"polygon_uuid":"b56f7ff7-a265-4956-b0e7-d67e0c0ebdd9","daicho_shubetsu_cd":"FUD25","面積":39,"auxiliary_storage_labeling_positionx":null,"auxiliary_storage_labeling_positiony":null,"auxiliary_storage_labeling_lineanchorpercent":null,"auxiliary_storage_labeling_lineanchorclipping":null,"auxiliary_storage_labeling_lineanchortype":null,"auxiliary_storage_labeling_lineanchortextpoint":null},"geometry":{"type":"Polygon","coordinates":[[[140.437082511999989,35.650770573],[140.436912043,35.650421334],[140.436679115,35.649928605],[140.436665627,35.649892355],[140.436352401,35.649985252],[140.436288078,35.650005022],[140.436511676,35.650499447],[140.436642074,35.650787154],[140.436688702999987,35.650894318],[140.437082511999989,35.650770573]]]}},
{"type":"Feature","properties":{"fid":1245,"polygon_uuid":"189c293f-f9b1-465f-9f2e-d6a34ef033f5","daicho_shubetsu_cd":"FUD25","面積":6,"auxiliary_storage_labeling_positionx":null,"auxiliary_storage_labeling_positiony":null,"auxiliary_storage_labeling_lineanchorpercent":null,"auxiliary_storage_labeling_lineanchorclipping":null,"auxiliary_storage_labeling_lineanchortype":null,"auxiliary_storage_labeling_lineanchortextpoint":null},"geometry":{"type":"Polygon","coordinates":[[[140.426241395,35.648559462],[140.426014402,35.648767839],[140.426165577,35.648885766],[140.426220848000014,35.648827904],[140.426419931999988,35.648652991],[140.426399656,35.648622341],[140.426241395,35.648559462]]]}},
{"type":"Feature","properties":{"fid":1248,"polygon_uuid":"f6e3a1d6-eeb2-40a1-9a30-d753d385d6c7","daicho_shubetsu_cd":"FUD25","面積":46,"auxiliary_storage_labeling_positionx":null,"auxiliary_storage_labeling_positiony":null,"auxiliary_storage_labeling_lineanchorpercent":null,"auxiliary_storage_labeling_lineanchorclipping":null,"auxiliary_storage_labeling_lineanchortype":null,"auxiliary_storage_labeling_lineanchortextpoint":null},"geometry":{"type":"Polygon","coordinates":[[[140.421153226,35.642732334],[140.421245441,35.643003544],[140.421315405,35.643223405],[140.421385034999986,35.643416319],[140.421437274999988,35.643419342],[140.42145750200001,35.643438917],[140.421493604,35.643432183],[140.421541563,35.64339916],[140.42181734,35.643210922],[140.421877253,35.643164726],[140.421901136,35.643135101],[140.421925066999989,35.643112032],[140.421957056,35.643092203],[140.422021201,35.643075495],[140.422081234,35.643045693],[140.421858803,35.642839888],[140.421595825999987,35.642582148],[140.421514896,35.642500901],[140.42140704900001,35.642583397],[140.421315123999989,35.642646144],[140.42123508,35.642685879],[140.421153226,35.642732334]]]}},
{"type":"Feature","properties":{"fid":1256,"polygon_uuid":"f6bd8bc5-6da6-48d7-bba8-d94ac9f716dc","daicho_shubetsu_cd":"FUD25","面積":10,"auxiliary_storage_labeling_positionx":null,"auxiliary_storage_labeling_positiony":null,"auxiliary_storage_labeling_lineanchorpercent":null,"auxiliary_storage_labeling_lineanchorclipping":null,"auxiliary_storage_labeling_lineanchortype":null,"auxiliary_storage_labeling_lineanchortextpoint":null},"geometry":{"type":"Polygon","coordinates":[[[140.433988043999989,35.652103155],[140.433990851,35.651934177],[140.433473665,35.651901225],[140.433482737,35.652109674],[140.433988043999989,35.652103155]]]}},
{"type":"Feature","properties":{"fid":1264,"polygon_uuid":"2c28f401-8a88-4726-9fdc-db03d4bac145","daicho_shubetsu_cd":"FUD25","面積":9,"auxiliary_storage_labeling_positionx":null,"auxiliary_storage_labeling_positiony":null,"auxiliary_storage_labeling_lineanchorpercent":null,"auxiliary_storage_labeling_lineanchorclipping":null,"auxiliary_storage_labeling_lineanchortype":null,"auxiliary_storage_labeling_lineanchortextpoint":null},"geometry":{"type":"Polygon","coordinates":[[[140.426277532,35.649015329],[140.426133375,35.648897605],[140.425779647000013,35.649207857],[140.425871508,35.649288989],[140.425908639999989,35.649338111],[140.426277532,35.649015329]]]}},
{"type":"Feature","properties":{"fid":1265,"polygon_uuid":"335975b4-f09a-4f92-bb02-db56a3b93a01","daicho_shubetsu_cd":"FUD25","面積":23,"auxiliary_storage_labeling_positionx":null,"auxiliary_storage_labeling_positiony":null,"auxiliary_storage_labeling_lineanchorpercent":null,"auxiliary_storage_labeling_lineanchorclipping":null,"auxiliary_storage_labeling_lineanchortype":null,"auxiliary_storage_labeling_lineanchortextpoint":null},"geometry":{"type":"Polygon","coordinates":[[[140.425494573,35.647833244],[140.425519148,35.647841698],[140.425684066,35.647886619],[140.425887714999988,35.647959934],[140.425982514,35.647993767],[140.426119397,35.648035968],[140.426181541,35.647915613],[140.426205589,35.647852612],[140.426233343,35.647740639],[140.426211599,35.647718242],[140.426120239,35.647675817],[140.426046386,35.647633306],[140.425982870000013,35.647567878],[140.425949851000013,35.64755059],[140.425891546,35.647556539],[140.425692878,35.647588307],[140.425559041000014,35.64761911],[140.425490902,35.647810395],[140.425494573,35.647833244]]]}},
{"type":"Feature","properties":{"fid":1270,"polygon_uuid":"0392ecb5-356d-447b-b86d-dc5434d561d4","daicho_shubetsu_cd":"FUD25","面積":5,"auxiliary_storage_labeling_positionx":null,"auxiliary_storage_labeling_positiony":null,"auxiliary_storage_labeling_lineanchorpercent":null,"auxiliary_storage_labeling_lineanchorclipping":null,"auxiliary_storage_labeling_lineanchortype":null,"auxiliary_storage_labeling_lineanchortextpoint":null},"geometry":{"type":"Polygon","coordinates":[[[140.435312360000012,35.65249143],[140.43539857,35.652377747],[140.43550074,35.652235563],[140.435572374,35.652145585],[140.435521295,35.65211961],[140.435460028,35.652163634],[140.435246279000012,35.65235306],[140.435188571,35.652391883],[140.435241206,35.65243627],[140.435312360000012,35.65249143]]]}},
{"type":"Feature","properties":{"fid":1273,"polygon_uuid":"1b20c061-3e74-446e-b7a1-dcf8acec432f","daicho_shubetsu_cd":"FUD25","面積":23,"auxiliary_storage_labeling_positionx":null,"auxiliary_storage_labeling_positiony":null,"auxiliary_storage_labeling_lineanchorpercent":null,"auxiliary_storage_labeling_lineanchorclipping":null,"auxiliary_storage_labeling_lineanchortype":null,"auxiliary_storage_labeling_lineanchortextpoint":null},"geometry":{"type":"Polygon","coordinates":[[[140.433921429,35.641284728],[140.434130428,35.641720695],[140.434509228,35.641593544],[140.434400397,35.641363843],[140.434258757,35.641043957],[140.434216024,35.641058742],[140.43413071,35.641108714],[140.4340703,35.641146904],[140.434013545999989,35.641196732],[140.433935459999987,35.641258326],[140.433921429,35.641284728]]]}},
{"type":"Feature","properties":{"fid":1274,"polygon_uuid":"41995ac4-1fad-48d6-b994-dd1c3dde3849","daicho_shubetsu_cd":"有機圃場","面積":null,"auxiliary_storage_labeling_positionx":null,"auxiliary_storage_labeling_positiony":null,"auxiliary_storage_labeling_lineanchorpercent":null,"auxiliary_storage_labeling_lineanchorclipping":null,"auxiliary_storage_labeling_lineanchortype":null,"auxiliary_storage_labeling_lineanchortextpoint":null},"geometry":{"type":"Polygon","coordinates":[[[140.432290939000012,35.645145771],[140.432338288000011,35.645374395],[140.432378283,35.645491287],[140.432414560000012,35.64554699],[140.432486441,35.645567921],[140.432574444000011,35.645564822],[140.433232008,35.64536047],[140.43281378,35.644472805],[140.432367747,35.644626172],[140.432368039000011,35.644665201],[140.432538301,35.645054657],[140.432290939000012,35.645145771]]]}},
{"type":"Feature","properties":{"fid":1282,"polygon_uuid":"d7c77c54-b753-475c-879d-ddf4286f0569","daicho_shubetsu_cd":"FUD25","面積":12,"auxiliary_storage_labeling_positionx":null,"auxiliary_storage_labeling_positiony":null,"auxiliary_storage_labeling_lineanchorpercent":null,"auxiliary_storage_labeling_lineanchorclipping":null,"auxiliary_storage_labeling_lineanchortype":null,"auxiliary_storage_labeling_lineanchortextpoint":null},"geometry":{"type":"Polygon","coordinates":[[[140.432051508,35.649948731],[140.432052406,35.649908858],[140.43205157700001,35.649797831],[140.432055939,35.649715777],[140.431966561,35.649707208],[140.431868071,35.649696725],[140.431738278000012,35.64967932],[140.431561772,35.649650831],[140.431482738999989,35.649871713],[140.431495468,35.649873462],[140.431668998,35.649898324],[140.431769484,35.649912485],[140.431841808,35.649920905],[140.431915347,35.649931643],[140.431986148,35.649940174],[140.432051508,35.649948731]]]}},
{"type":"Feature","properties":{"fid":1285,"polygon_uuid":"2a8e30a3-b663-4715-aca5-de7279c0b343","daicho_shubetsu_cd":"FUD25","面積":10,"auxiliary_storage_labeling_positionx":null,"auxiliary_storage_labeling_positiony":null,"auxiliary_storage_labeling_lineanchorpercent":null,"auxiliary_storage_labeling_lineanchorclipping":null,"auxiliary_storage_labeling_lineanchortype":null,"auxiliary_storage_labeling_lineanchortextpoint":null},"geometry":{"type":"Polygon","coordinates":[[[140.425987395,35.648778409],[140.425830532,35.648659266],[140.425443059,35.648995748],[140.425480312,35.649025245],[140.425547568000013,35.649063502],[140.42562313,35.649086556],[140.425987395,35.648778409]]]}},
{"type":"Feature","properties":{"fid":1286,"polygon_uuid":"c782c172-5181-4558-8af8-de7ba03a76dd","daicho_shubetsu_cd":"FUD25","面積":2,"auxiliary_storage_labeling_positionx":null,"auxiliary_storage_labeling_positiony":null,"auxiliary_storage_labeling_lineanchorpercent":null,"auxiliary_storage_labeling_lineanchorclipping":null,"auxiliary_storage_labeling_lineanchortype":null,"auxiliary_storage_labeling_lineanchortextpoint":null},"geometry":{"type":"Polygon","coordinates":[[[140.423643511,35.644410758],[140.423566453,35.644392697],[140.423524244,35.644381442],[140.423457015,35.644371804],[140.423392858,35.644364644],[140.42339635,35.644424428],[140.423387833,35.644511681],[140.423388071,35.644544073],[140.423473212,35.644498804],[140.423582681,35.644440958],[140.423643511,35.644410758]]]}},
{"type":"Feature","properties":{"fid":1288,"polygon_uuid":"ce5f710d-3c8f-44c4-9fa1-de8122eb2413","daicho_shubetsu_cd":"散布対象圃場","面積":91,"auxiliary_storage_labeling_positionx":null,"auxiliary_storage_labeling_positiony":null,"auxiliary_storage_labeling_lineanchorpercent":null,"auxiliary_storage_labeling_lineanchorclipping":null,"auxiliary_storage_labeling_lineanchortype":null,"auxiliary_storage_labeling_lineanchortextpoint":null},"geometry":{"type":"Polygon","coordinates":[[[140.433492410000014,35.64306772],[140.434348714,35.64279378],[140.433919955,35.641864114],[140.433216692,35.642091541],[140.433108710999988,35.642246176],[140.433131143999987,35.642294208],[140.433492410000014,35.64306772]]]}},
{"type":"Feature","properties":{"fid":1292,"polygon_uuid":"8d360296-4f4d-4688-8548-df31afade7e5","daicho_shubetsu_cd":"FUD25","面積":5,"auxiliary_storage_labeling_positionx":null,"auxiliary_storage_labeling_positiony":null,"auxiliary_storage_labeling_lineanchorpercent":null,"auxiliary_storage_labeling_lineanchorclipping":null,"auxiliary_storage_labeling_lineanchortype":null,"auxiliary_storage_labeling_lineanchortextpoint":null},"geometry":{"type":"Polygon","coordinates":[[[140.434565206,35.650543165],[140.434820338,35.650323501],[140.434687738,35.650247249],[140.434448028,35.65045569],[140.434565206,35.650543165]]]}},
{"type":"Feature","properties":{"fid":1296,"polygon_uuid":"d3fab25b-ad53-42f4-9068-e00c16e11883","daicho_shubetsu_cd":"FUD25","面積":15,"auxiliary_storage_labeling_positionx":null,"auxiliary_storage_labeling_positiony":null,"auxiliary_storage_labeling_lineanchorpercent":null,"auxiliary_storage_labeling_lineanchorclipping":null,"auxiliary_storage_labeling_lineanchortype":null,"auxiliary_storage_labeling_lineanchortextpoint":null},"geometry":{"type":"Polygon","coordinates":[[[140.425453392,35.648071228],[140.425381504,35.648223815],[140.425365201,35.648265878],[140.425389193,35.648313993],[140.425515897,35.648400191],[140.425855716,35.648647224],[140.426052084,35.648467127],[140.425893965,35.648382254],[140.425767356,35.648308918],[140.425643947,35.648226691],[140.425552641,35.648142756],[140.425453392,35.648071228]]]}},
{"type":"Feature","properties":{"fid":1297,"polygon_uuid":"af3339ca-af74-4c0e-8335-e00cfdd3f37b","daicho_shubetsu_cd":"FUD25","面積":30,"auxiliary_storage_labeling_positionx":null,"auxiliary_storage_labeling_positiony":null,"auxiliary_storage_labeling_lineanchorpercent":null,"auxiliary_storage_labeling_lineanchorclipping":null,"auxiliary_storage_labeling_lineanchortype":null,"auxiliary_storage_labeling_lineanchortextpoint":null},"geometry":{"type":"Polygon","coordinates":[[[140.427181074,35.647181131],[140.427272085999988,35.646703344],[140.427100145,35.646655601],[140.426854564,35.646593929],[140.426717703,35.646554587],[140.426688715000012,35.64655079],[140.426595321,35.647052535],[140.426826748,35.64709427],[140.427002171,35.647139138],[140.427181074,35.647181131]]]}},
{"type":"Feature","properties":{"fid":1299,"polygon_uuid":"b4e3cb4d-9dfc-4fac-916b-e05dea167f4d","daicho_shubetsu_cd":"FUD25","面積":36,"auxiliary_storage_labeling_positionx":null,"auxiliary_storage_labeling_positiony":null,"auxiliary_storage_labeling_lineanchorpercent":null,"auxiliary_storage_labeling_lineanchorclipping":null,"auxiliary_storage_labeling_lineanchortype":null,"auxiliary_storage_labeling_lineanchortextpoint":null},"geometry":{"type":"Polygon","coordinates":[[[140.430851877,35.646915072],[140.430891803,35.646947268],[140.430940827,35.646947025],[140.431003843000013,35.646944807],[140.431097091999987,35.646927194],[140.431125021000014,35.646915622],[140.431190158,35.64688481],[140.431271693000014,35.646861539],[140.431348545,35.646836385],[140.431364758,35.646819155],[140.431365314,35.646706269],[140.431412447000014,35.646639798],[140.431378955000014,35.646531349],[140.431331457,35.646422969],[140.431286379,35.64632601],[140.431229912,35.646267219],[140.431169288,35.646277048],[140.431048211,35.64631957],[140.430936471,35.646362046],[140.430745927,35.646481135],[140.430617979,35.646534983],[140.430658333,35.646600559],[140.430851877,35.646915072]]]}},
{"type":"Feature","properties":{"fid":1304,"polygon_uuid":"c8a7dbaf-da89-4fbf-91fa-e0c2a8d640bc","daicho_shubetsu_cd":"FUD25","面積":8,"auxiliary_storage_labeling_positionx":null,"auxiliary_storage_labeling_positiony":null,"auxiliary_storage_labeling_lineanchorpercent":null,"auxiliary_storage_labeling_lineanchorclipping":null,"auxiliary_storage_labeling_lineanchortype":null,"auxiliary_storage_labeling_lineanchortextpoint":null},"geometry":{"type":"Polygon","coordinates":[[[140.429203717,35.649412709],[140.429273228,35.649123747],[140.429245141,35.649155257],[140.429211078,35.649166144],[140.429163804000012,35.649166378],[140.429105947000011,35.649155946],[140.429024387,35.649137055],[140.428961355000013,35.649137367],[140.428948319,35.649150294],[140.428919796,35.649199741],[140.428899230000013,35.649259867],[140.428865502,35.649315771],[140.42886044,35.649341521],[140.428899930999989,35.649354188],[140.428970937,35.649366699],[140.429044553000011,35.649377054],[140.429120845,35.649393826],[140.429203717,35.649412709]]]}},
{"type":"Feature","properties":{"fid":1305,"polygon_uuid":"25cae881-0d13-4641-b996-e0de2bb2be9d","daicho_shubetsu_cd":"散布対象圃場","面積":26,"auxiliary_storage_labeling_positionx":null,"auxiliary_storage_labeling_positiony":null,"auxiliary_storage_labeling_lineanchorpercent":null,"auxiliary_storage_labeling_lineanchorclipping":null,"auxiliary_storage_labeling_lineanchortype":null,"auxiliary_storage_labeling_lineanchortextpoint":null},"geometry":{"type":"Polygon","coordinates":[[[140.437691197,35.651672431],[140.437680698,35.651657344],[140.437514338,35.651288969],[140.437418216,35.651319893],[140.437093307,35.651421304],[140.436953109,35.651469366],[140.437022766000013,35.65163899],[140.43713639500001,35.651869279],[140.437289015,35.651811825],[140.437424488,35.651775501],[140.437524247999988,35.651745856],[140.437684579,35.651698419],[140.437691197,35.651672431]]]}},
{"type":"Feature","properties":{"fid":1309,"polygon_uuid":"c9747857-c7d5-40c0-9a30-e12e79153006","daicho_shubetsu_cd":"FUD25","面積":11,"auxiliary_storage_labeling_positionx":null,"auxiliary_storage_labeling_positiony":null,"auxiliary_storage_labeling_lineanchorpercent":null,"auxiliary_storage_labeling_lineanchorclipping":null,"auxiliary_storage_labeling_lineanchortype":null,"auxiliary_storage_labeling_lineanchortextpoint":null},"geometry":{"type":"Polygon","coordinates":[[[140.436494176,35.652512036],[140.436269186,35.652959936],[140.436462181,35.65302847],[140.43670412,35.652584009],[140.436494176,35.652512036]]]}},
{"type":"Feature","properties":{"fid":1310,"polygon_uuid":"bc4a70a9-26e6-4c8b-9dd1-e16029351b67","daicho_shubetsu_cd":"FUD25","面積":11,"auxiliary_storage_labeling_positionx":null,"auxiliary_storage_labeling_positiony":null,"auxiliary_storage_labeling_lineanchorpercent":null,"auxiliary_storage_labeling_lineanchorclipping":null,"auxiliary_storage_labeling_lineanchortype":null,"auxiliary_storage_labeling_lineanchortextpoint":null},"geometry":{"type":"Polygon","coordinates":[[[140.433808167,35.652621561],[140.433468234,35.652627433],[140.433473635000013,35.652928449],[140.433485851,35.652981445],[140.433745436,35.65292227],[140.433803487,35.65291392],[140.433795100999987,35.652718935],[140.433808167,35.652621561]]]}},
{"type":"Feature","properties":{"fid":1315,"polygon_uuid":"cf45bcad-1dc4-4f0e-802b-e257941ce9d4","daicho_shubetsu_cd":"FUD25","面積":11,"auxiliary_storage_labeling_positionx":null,"auxiliary_storage_labeling_positiony":null,"auxiliary_storage_labeling_lineanchorpercent":null,"auxiliary_storage_labeling_lineanchorclipping":null,"auxiliary_storage_labeling_lineanchortype":null,"auxiliary_storage_labeling_lineanchortextpoint":null},"geometry":{"type":"Polygon","coordinates":[[[140.429529079,35.649370368],[140.429546778,35.649313494],[140.429514065,35.649304774],[140.429577744,35.649027131],[140.429558793000012,35.649028699],[140.429522623,35.649031692],[140.429433345,35.649034277],[140.429362529,35.64904749],[140.429320714999989,35.649075565],[140.429281608,35.649114346],[140.429273228,35.649123747],[140.429203717,35.649412709],[140.429261608,35.649427429],[140.429377294,35.649444007],[140.429429836999986,35.649445891],[140.429461257000014,35.649432872],[140.429495256,35.649413411],[140.429529079,35.649370368]]]}},
{"type":"Feature","properties":{"fid":1324,"polygon_uuid":"93b741e0-540c-4f97-8e70-e546809adc0e","daicho_shubetsu_cd":"FUD25","面積":5,"auxiliary_storage_labeling_positionx":null,"auxiliary_storage_labeling_positiony":null,"auxiliary_storage_labeling_lineanchorpercent":null,"auxiliary_storage_labeling_lineanchorclipping":null,"auxiliary_storage_labeling_lineanchortype":null,"auxiliary_storage_labeling_lineanchortextpoint":null},"geometry":{"type":"Polygon","coordinates":[[[140.43297324,35.649800073],[140.433083514,35.649795236],[140.433225336,35.64979453],[140.433254659,35.649802812],[140.433238661,35.649770736],[140.433210675,35.64971621],[140.433218169000014,35.649664724],[140.433221773000014,35.649619687],[140.433174402,35.649607061],[140.433107383,35.649600964],[140.433016606,35.649578906],[140.433000367,35.649570186],[140.432987512000011,35.649601278],[140.432977263999987,35.649635629],[140.432981704000014,35.649653039],[140.432982016000011,35.649694839],[140.43298235200001,35.649739857],[140.43297324,35.649800073]]]}},
{"type":"Feature","properties":{"fid":1331,"polygon_uuid":"86211252-fd29-4322-9f80-e65c9752eef4","daicho_shubetsu_cd":"FUD25","面積":9,"auxiliary_storage_labeling_positionx":null,"auxiliary_storage_labeling_positiony":null,"auxiliary_storage_labeling_lineanchorpercent":null,"auxiliary_storage_labeling_lineanchorclipping":null,"auxiliary_storage_labeling_lineanchortype":null,"auxiliary_storage_labeling_lineanchortextpoint":null},"geometry":{"type":"Polygon","coordinates":[[[140.437775695999989,35.652299426],[140.437971886000014,35.652240487],[140.437785048,35.651849116],[140.437772349,35.651855123],[140.437730497,35.651858305],[140.437579733,35.651905128],[140.437655482999986,35.652082823],[140.437775695999989,35.652299426]]]}},
{"type":"Feature","properties":{"fid":1332,"polygon_uuid":"4e21d817-5b72-489e-b0dd-e687246a34af","daicho_shubetsu_cd":"FUD25","面積":17,"auxiliary_storage_labeling_positionx":null,"auxiliary_storage_labeling_positiony":null,"auxiliary_storage_labeling_lineanchorpercent":null,"auxiliary_storage_labeling_lineanchorclipping":null,"auxiliary_storage_labeling_lineanchortype":null,"auxiliary_storage_labeling_lineanchortextpoint":null},"geometry":{"type":"Polygon","coordinates":[[[140.426051651,35.650519456],[140.426416412,35.650446235],[140.426415461,35.650317615],[140.426393604999987,35.650203391],[140.426378836999987,35.650100565],[140.426381789,35.650026234],[140.426214689,35.650037389],[140.42615797,35.650067352],[140.426116095999987,35.650087567],[140.426071016,35.650147812],[140.425994245,35.650224661],[140.42590537800001,35.650314639],[140.425936184,35.65035269],[140.426004092999989,35.650435771],[140.426051651,35.650519456]]]}},
{"type":"Feature","properties":{"fid":1333,"polygon_uuid":"fe941bef-dc03-458a-af9f-e6af5ec729ab","daicho_shubetsu_cd":"FUD25","面積":10,"auxiliary_storage_labeling_positionx":null,"auxiliary_storage_labeling_positiony":null,"auxiliary_storage_labeling_lineanchorpercent":null,"auxiliary_storage_labeling_lineanchorclipping":null,"auxiliary_storage_labeling_lineanchortype":null,"auxiliary_storage_labeling_lineanchortextpoint":null},"geometry":{"type":"Polygon","coordinates":[[[140.437746091,35.652563544],[140.438001082,35.652634975],[140.438024358,35.652582847],[140.438063796,35.652500918],[140.438088792,35.652435408],[140.438115608,35.652369888],[140.438140682000011,35.652314779],[140.438158418,35.652252278],[140.438163476999989,35.652198756],[140.437836538,35.652302933],[140.437817024999987,35.652371387],[140.437795593,35.652426478],[140.437775991,35.652483045],[140.43775453500001,35.652535164],[140.437746091,35.652563544]]]}},
{"type":"Feature","properties":{"fid":1335,"polygon_uuid":"72d571f4-255f-49df-b9f1-e6e120e4a9c3","daicho_shubetsu_cd":"FUD25","面積":8,"auxiliary_storage_labeling_positionx":null,"auxiliary_storage_labeling_positiony":null,"auxiliary_storage_labeling_lineanchorpercent":null,"auxiliary_storage_labeling_lineanchorclipping":null,"auxiliary_storage_labeling_lineanchortype":null,"auxiliary_storage_labeling_lineanchortextpoint":null},"geometry":{"type":"Polygon","coordinates":[[[140.421972317000012,35.645544175],[140.421989853000014,35.645563862],[140.422072745,35.645636466],[140.422089308000011,35.645650973],[140.42214752000001,35.645682768],[140.422170720999986,35.645667631],[140.422258807,35.645607399],[140.422334772999989,35.645559685],[140.422374237000014,35.645529591],[140.422377106999988,35.645504659],[140.422352448,35.645472386],[140.422351954,35.645405112],[140.422354495,35.645335331],[140.422328427,35.645289001],[140.422188010000013,35.645386971],[140.4221444,35.645408618],[140.42200761,35.645516373],[140.421972317000012,35.645544175]]]}},
{"type":"Feature","properties":{"fid":1338,"polygon_uuid":"4cca77d5-e511-496d-9cfd-e715ff968414","daicho_shubetsu_cd":"散布対象圃場","面積":92,"auxiliary_storage_labeling_positionx":null,"auxiliary_storage_labeling_positiony":null,"auxiliary_storage_labeling_lineanchorpercent":null,"auxiliary_storage_labeling_lineanchorclipping":null,"auxiliary_storage_labeling_lineanchortype":null,"auxiliary_storage_labeling_lineanchortextpoint":null},"geometry":{"type":"Polygon","coordinates":[[[140.433954876,35.644001686],[140.433983772,35.643994667],[140.434001345000013,35.644014895],[140.434597270000012,35.643829082],[140.43456684200001,35.643754066],[140.43468472,35.643714894],[140.434609951999988,35.643449638],[140.434568745,35.643219923],[140.434568813999988,35.642760953],[140.434296208,35.642843251],[140.433519904,35.64308728],[140.433954876,35.644001686]]]}},
{"type":"Feature","properties":{"fid":1343,"polygon_uuid":"df5b9bcb-5f85-49f5-b4dd-e77dd9ced441","daicho_shubetsu_cd":"FUD25","面積":17,"auxiliary_storage_labeling_positionx":null,"auxiliary_storage_labeling_positiony":null,"auxiliary_storage_labeling_lineanchorpercent":null,"auxiliary_storage_labeling_lineanchorclipping":null,"auxiliary_storage_labeling_lineanchortype":null,"auxiliary_storage_labeling_lineanchortextpoint":null},"geometry":{"type":"Polygon","coordinates":[[[140.425135825000012,35.648255196],[140.425126734,35.648150062],[140.425102054,35.648127316],[140.42502489,35.648110546],[140.424912645,35.648085372],[140.424853053,35.64807709],[140.424801685,35.64823455],[140.424795324,35.648321759],[140.424795724,35.648376064],[140.424799903,35.648449416],[140.424797723000012,35.648522707],[140.424800870000013,35.648598987],[140.424801207,35.648644719],[140.425095387,35.648613175],[140.425126497,35.648592879],[140.425126331,35.648570371],[140.425117836,35.648486807],[140.425124624,35.648338856],[140.425135825000012,35.648255196]]]}},
{"type":"Feature","properties":{"fid":1347,"polygon_uuid":"d43793e2-1f76-4ec0-8b03-e888d0598709","daicho_shubetsu_cd":"FUD25","面積":11,"auxiliary_storage_labeling_positionx":null,"auxiliary_storage_labeling_positiony":null,"auxiliary_storage_labeling_lineanchorpercent":null,"auxiliary_storage_labeling_lineanchorclipping":null,"auxiliary_storage_labeling_lineanchortype":null,"auxiliary_storage_labeling_lineanchortextpoint":null},"geometry":{"type":"Polygon","coordinates":[[[140.430528442999986,35.64963066],[140.430677587,35.649575865],[140.430794662000011,35.649513877],[140.430795275,35.64948785],[140.430770633,35.649352918],[140.430742506,35.649279099],[140.430702777,35.649237936],[140.430601105,35.64927988],[140.430471038,35.649328357],[140.430392464,35.649357687],[140.430361733000012,35.649367102],[140.430447308999987,35.649627347],[140.430469375,35.649634168],[140.430528442999986,35.64963066]]]}},
{"type":"Feature","properties":{"fid":1348,"polygon_uuid":"9a363142-7844-47c2-a317-e896c057db2e","daicho_shubetsu_cd":"FUD25","面積":21,"auxiliary_storage_labeling_positionx":null,"auxiliary_storage_labeling_positiony":null,"auxiliary_storage_labeling_lineanchorpercent":null,"auxiliary_storage_labeling_lineanchorclipping":null,"auxiliary_storage_labeling_lineanchortype":null,"auxiliary_storage_labeling_lineanchortextpoint":null},"geometry":{"type":"Polygon","coordinates":[[[140.431804295,35.64902269],[140.431694564999987,35.649100409],[140.431553318999988,35.649178285],[140.431452965,35.649234183],[140.431349089,35.649262905],[140.431377123,35.649324183],[140.431389908,35.649359212],[140.431545194,35.649387309],[140.431651461,35.649408988],[140.431776839,35.649439453],[140.431937565999988,35.649467523],[140.432067303,35.649491253],[140.432057218000011,35.649355103],[140.432045452000011,35.649236728],[140.432044977,35.649173072],[140.432031331,35.649045824],[140.431930528,35.649044893],[140.431804295,35.64902269]]]}},
{"type":"Feature","properties":{"fid":1352,"polygon_uuid":"f7e924c6-524d-4320-a9a0-e9c3e8457311","daicho_shubetsu_cd":"FUD25","面積":2,"auxiliary_storage_labeling_positionx":null,"auxiliary_storage_labeling_positiony":null,"auxiliary_storage_labeling_lineanchorpercent":null,"auxiliary_storage_labeling_lineanchorclipping":null,"auxiliary_storage_labeling_lineanchortype":null,"auxiliary_storage_labeling_lineanchortextpoint":null},"geometry":{"type":"Polygon","coordinates":[[[140.422354495,35.645335331],[140.422351954,35.645405112],[140.422352448,35.645472386],[140.422377106999988,35.645504659],[140.422374237000014,35.645529591],[140.422489673,35.645464858],[140.42239132200001,35.645311734],[140.422354495,35.645335331]]]}},
{"type":"Feature","properties":{"fid":1355,"polygon_uuid":"cfc6ef73-d27d-4409-a9f1-ea0f7ab173b2","daicho_shubetsu_cd":"散布対象圃場","面積":68,"auxiliary_storage_labeling_positionx":null,"auxiliary_storage_labeling_positiony":null,"auxiliary_storage_labeling_lineanchorpercent":null,"auxiliary_storage_labeling_lineanchorclipping":null,"auxiliary_storage_labeling_lineanchortype":null,"auxiliary_storage_labeling_lineanchortextpoint":null},"geometry":{"type":"Polygon","coordinates":[[[140.435831852,35.649033906],[140.436106257,35.649609558],[140.436240059999989,35.649893565],[140.436268891,35.649928823],[140.436292013000013,35.649942797],[140.436300784999986,35.649961539],[140.436354626,35.64994204],[140.436915961000011,35.649776866],[140.436462105,35.648840602],[140.435831852,35.649033906]]]}},
{"type":"Feature","properties":{"fid":1356,"polygon_uuid":"2dc90c86-49ec-4fcc-9ef5-ea8464b9c211","daicho_shubetsu_cd":"FUD25","面積":32,"auxiliary_storage_labeling_positionx":null,"auxiliary_storage_labeling_positiony":null,"auxiliary_storage_labeling_lineanchorpercent":null,"auxiliary_storage_labeling_lineanchorclipping":null,"auxiliary_storage_labeling_lineanchortype":null,"auxiliary_storage_labeling_lineanchortextpoint":null},"geometry":{"type":"Polygon","coordinates":[[[140.422623342,35.641712478],[140.422773423,35.64191175],[140.422939907999989,35.642156845],[140.423127768,35.642377878],[140.423142495,35.642395205],[140.423186557,35.642378595],[140.423210753,35.642391592],[140.423256411000011,35.642372435],[140.423474436,35.642283372],[140.423467411,35.642273368],[140.423433972,35.642225744],[140.423175737,35.641872512],[140.423020025999989,35.641639457],[140.422932885,35.64151669],[140.422743237,35.641629921],[140.422623342,35.641712478]]]}},
{"type":"Feature","properties":{"fid":1357,"polygon_uuid":"87d95495-e81b-4e1e-87a0-ea95299497fe","daicho_shubetsu_cd":"FUD25","面積":30,"auxiliary_storage_labeling_positionx":null,"auxiliary_storage_labeling_positiony":null,"auxiliary_storage_labeling_lineanchorpercent":null,"auxiliary_storage_labeling_lineanchorclipping":null,"auxiliary_storage_labeling_lineanchortype":null,"auxiliary_storage_labeling_lineanchortextpoint":null},"geometry":{"type":"Polygon","coordinates":[[[140.435431765,35.645731603],[140.435174359,35.645152543],[140.435015224000011,35.64482218],[140.434738785,35.644918646],[140.435155176,35.645808397],[140.435171489,35.645841103],[140.435415944,35.645764469],[140.435431765,35.645731603]]]}},
{"type":"Feature","properties":{"fid":1358,"polygon_uuid":"e64c6456-ef1f-4f64-b2ad-eaa712896775","daicho_shubetsu_cd":"FUD25","面積":40,"auxiliary_storage_labeling_positionx":null,"auxiliary_storage_labeling_positiony":null,"auxiliary_storage_labeling_lineanchorpercent":null,"auxiliary_storage_labeling_lineanchorclipping":null,"auxiliary_storage_labeling_lineanchortype":null,"auxiliary_storage_labeling_lineanchortextpoint":null},"geometry":{"type":"Polygon","coordinates":[[[140.422762149,35.642564286],[140.423127768,35.642377878],[140.422939907999989,35.642156845],[140.422773423,35.64191175],[140.422623342,35.641712478],[140.422499359,35.641785218],[140.422427301999988,35.641818358],[140.422327032,35.641838522],[140.422258871999986,35.641855249],[140.422166850999986,35.641904881],[140.422122982,35.641947719],[140.422232272,35.642061943],[140.422446641,35.64226418],[140.422762149,35.642564286]]]}},
{"type":"Feature","properties":{"fid":1359,"polygon_uuid":"bdd55e3d-e27d-4a31-8094-eab0741acd7e","daicho_shubetsu_cd":"散布対象圃場","面積":31,"auxiliary_storage_labeling_positionx":null,"auxiliary_storage_labeling_positiony":null,"auxiliary_storage_labeling_lineanchorpercent":null,"auxiliary_storage_labeling_lineanchorclipping":null,"auxiliary_storage_labeling_lineanchortype":null,"auxiliary_storage_labeling_lineanchortextpoint":null},"geometry":{"type":"Polygon","coordinates":[[[140.428822827,35.642321819],[140.428460267,35.642179344],[140.42790822500001,35.641942718],[140.427855864,35.641923305],[140.427720977,35.642150207],[140.427898215999988,35.642218187],[140.428236846,35.642383733],[140.428389865000014,35.642435438],[140.428776793999987,35.64261386],[140.428820951,35.642610362],[140.428839087999989,35.642347969],[140.428822827,35.642321819]]]}},
{"type":"Feature","properties":{"fid":1360,"polygon_uuid":"8a81fd31-cb7b-4279-889d-eaf86ff71616","daicho_shubetsu_cd":"散布対象圃場","面積":30,"auxiliary_storage_labeling_positionx":null,"auxiliary_storage_labeling_positiony":null,"auxiliary_storage_labeling_lineanchorpercent":null,"auxiliary_storage_labeling_lineanchorclipping":null,"auxiliary_storage_labeling_lineanchortype":null,"auxiliary_storage_labeling_lineanchortextpoint":null},"geometry":{"type":"Polygon","coordinates":[[[140.432343433999989,35.64120892],[140.432284134000014,35.641156754],[140.432219218,35.641069643],[140.432181534,35.641043599],[140.431749446999987,35.641273077],[140.431424009000011,35.641440818],[140.431178671999987,35.64157756],[140.431179160999989,35.641643133],[140.431244043,35.641725875],[140.431269488999988,35.641737041],[140.431401133,35.641721853],[140.431525556999986,35.641698315],[140.431618222999987,35.641652013],[140.431667286,35.641619572],[140.43169282,35.641579379],[140.431810084,35.641504477],[140.431991644,35.641433627],[140.432114492000011,35.641389299],[140.432200015,35.641367015],[140.432285341000011,35.641318502],[140.432343433999989,35.64120892]]]}},
{"type":"Feature","properties":{"fid":1365,"polygon_uuid":"540b64ec-7d79-4f20-ac2a-eb89594dc7c7","daicho_shubetsu_cd":"散布対象圃場","面積":46,"auxiliary_storage_labeling_positionx":null,"auxiliary_storage_labeling_positiony":null,"auxiliary_storage_labeling_lineanchorpercent":null,"auxiliary_storage_labeling_lineanchorclipping":null,"auxiliary_storage_labeling_lineanchortype":null,"auxiliary_storage_labeling_lineanchortextpoint":null},"geometry":{"type":"Polygon","coordinates":[[[140.434439649000012,35.646063707],[140.434845173000014,35.645934393],[140.434844959,35.645906009],[140.434869352,35.645895892],[140.434448702,35.645014489],[140.43400963,35.64515506],[140.434439649000012,35.646063707]]]}},
{"type":"Feature","properties":{"fid":1371,"polygon_uuid":"28fd1b0b-243e-4faa-84e6-ec4f88f87973","daicho_shubetsu_cd":"FUD25","面積":9,"auxiliary_storage_labeling_positionx":null,"auxiliary_storage_labeling_positiony":null,"auxiliary_storage_labeling_lineanchorpercent":null,"auxiliary_storage_labeling_lineanchorclipping":null,"auxiliary_storage_labeling_lineanchortype":null,"auxiliary_storage_labeling_lineanchortextpoint":null},"geometry":{"type":"Polygon","coordinates":[[[140.437306815999989,35.652813899],[140.437130617,35.65274726],[140.43701508,35.652957485],[140.436898069,35.653170391],[140.437075556,35.653234965],[140.437085049,35.6532245],[140.437249256,35.652907155],[140.437306815999989,35.652813899]]]}},
{"type":"Feature","properties":{"fid":1385,"polygon_uuid":"0d12b200-43d8-4141-ab36-f052800368d7","daicho_shubetsu_cd":"FUD25","面積":29,"auxiliary_storage_labeling_positionx":null,"auxiliary_storage_labeling_positiony":null,"auxiliary_storage_labeling_lineanchorpercent":null,"auxiliary_storage_labeling_lineanchorclipping":null,"auxiliary_storage_labeling_lineanchortype":null,"auxiliary_storage_labeling_lineanchortextpoint":null},"geometry":{"type":"Polygon","coordinates":[[[140.426899937,35.641148146],[140.426828368,35.641246862],[140.42685658,35.641259838],[140.42748505,35.641512485],[140.427943862,35.641706861],[140.428107149999988,35.641447118],[140.428002209999988,35.641378781],[140.427877236,35.641317101],[140.427796882,35.641314219],[140.427523443000013,35.641272945],[140.427318407,35.641247725],[140.427189563000013,35.641205736],[140.426960040000012,35.641128176],[140.426928102,35.641154564],[140.426899937,35.641148146]]]}},
{"type":"Feature","properties":{"fid":1396,"polygon_uuid":"f9440ffd-96a2-4ab6-b1cf-f22480e4d7f4","daicho_shubetsu_cd":"FUD25","面積":12,"auxiliary_storage_labeling_positionx":null,"auxiliary_storage_labeling_positiony":null,"auxiliary_storage_labeling_lineanchorpercent":null,"auxiliary_storage_labeling_lineanchorclipping":null,"auxiliary_storage_labeling_lineanchortype":null,"auxiliary_storage_labeling_lineanchortextpoint":null},"geometry":{"type":"Polygon","coordinates":[[[140.432921146000012,35.649984546],[140.432923908,35.649966012],[140.432934549,35.649894589],[140.432947345,35.649849507],[140.43284748,35.64984143],[140.432619068,35.649853285],[140.432348779,35.649884642],[140.432092808,35.649918734],[140.432096049,35.649979093],[140.432104436,35.650018604],[140.432114023999986,35.650052873],[140.432208476,35.650039541],[140.432287194999986,35.650029503],[140.432357682,35.650021796],[140.432418039999988,35.650015065],[140.432496734000011,35.650001811],[140.432557092,35.64999508],[140.432656877,35.649992439],[140.432767152,35.649987603],[140.432845894,35.64998078],[140.432921146000012,35.649984546]]]}},
{"type":"Feature","properties":{"fid":1397,"polygon_uuid":"4edbeb3a-43e9-432e-a4a8-f22d128872d4","daicho_shubetsu_cd":"FUD25","面積":38,"auxiliary_storage_labeling_positionx":null,"auxiliary_storage_labeling_positiony":null,"auxiliary_storage_labeling_lineanchorpercent":null,"auxiliary_storage_labeling_lineanchorclipping":null,"auxiliary_storage_labeling_lineanchortype":null,"auxiliary_storage_labeling_lineanchortextpoint":null},"geometry":{"type":"Polygon","coordinates":[[[140.421385034999986,35.643416319],[140.421315405,35.643223405],[140.420231521,35.643437712],[140.420133516,35.643428197],[140.420027149,35.643386546],[140.419947895,35.643534478],[140.419968146,35.643557331],[140.419980315,35.643573666],[140.419988182,35.643582169],[140.420044802,35.643604934],[140.420148558,35.64364027],[140.42022393900001,35.643655263],[140.420305517,35.643659985],[140.420387057999989,35.643659588],[140.4204655,35.643664326],[140.420553276,35.643658778],[140.42071626500001,35.643645183],[140.420838407,35.643621547],[140.420998128,35.643590046],[140.421157811,35.643553426],[140.421276742,35.643519564],[140.421345468999988,35.643498482],[140.421405527,35.643471958],[140.421385034999986,35.643416319]]]}},
{"type":"Feature","properties":{"fid":1399,"polygon_uuid":"a190db28-d447-4cc0-ad46-f24b1653852a","daicho_shubetsu_cd":"有機圃場","面積":null,"auxiliary_storage_labeling_positionx":null,"auxiliary_storage_labeling_positiony":null,"auxiliary_storage_labeling_lineanchorpercent":null,"auxiliary_storage_labeling_lineanchorclipping":null,"auxiliary_storage_labeling_lineanchortype":null,"auxiliary_storage_labeling_lineanchortextpoint":null},"geometry":{"type":"Polygon","coordinates":[[[140.433232008,35.64536047],[140.433721737000013,35.645208274],[140.433297216999989,35.644294846],[140.433132889,35.644347379],[140.433137341,35.644361549],[140.43281378,35.644472805],[140.433232008,35.64536047]]]}},
{"type":"Feature","properties":{"fid":1401,"polygon_uuid":"e9e1459a-44a9-4e64-9534-f283f4335588","daicho_shubetsu_cd":"FUD25","面積":3,"auxiliary_storage_labeling_positionx":null,"auxiliary_storage_labeling_positiony":null,"auxiliary_storage_labeling_lineanchorpercent":null,"auxiliary_storage_labeling_lineanchorclipping":null,"auxiliary_storage_labeling_lineanchortype":null,"auxiliary_storage_labeling_lineanchortextpoint":null},"geometry":{"type":"Polygon","coordinates":[[[140.421098980000011,35.645405716],[140.420998867,35.645490924],[140.420895755,35.645583622],[140.420832481,35.645649636],[140.420865649,35.645641079],[140.420956989,35.645608241],[140.421063481,35.645560378],[140.421160944,35.645530001],[140.421098980000011,35.645405716]]]}},
{"type":"Feature","properties":{"fid":1407,"polygon_uuid":"9043c445-a03b-436e-9e29-f45407914597","daicho_shubetsu_cd":"FUD25","面積":11,"auxiliary_storage_labeling_positionx":null,"auxiliary_storage_labeling_positiony":null,"auxiliary_storage_labeling_lineanchorpercent":null,"auxiliary_storage_labeling_lineanchorclipping":null,"auxiliary_storage_labeling_lineanchortype":null,"auxiliary_storage_labeling_lineanchortextpoint":null},"geometry":{"type":"Polygon","coordinates":[[[140.431717184,35.648757068],[140.431881379,35.648708642],[140.431954115999986,35.648516173],[140.431935363,35.648286453],[140.431577266,35.648423692],[140.431634811,35.648560803],[140.431717184,35.648757068]]]}},
{"type":"Feature","properties":{"fid":1411,"polygon_uuid":"bb0fca2e-f95d-4dec-b61b-f528673524c2","daicho_shubetsu_cd":"FUD25","面積":8,"auxiliary_storage_labeling_positionx":null,"auxiliary_storage_labeling_positiony":null,"auxiliary_storage_labeling_lineanchorpercent":null,"auxiliary_storage_labeling_lineanchorclipping":null,"auxiliary_storage_labeling_lineanchortype":null,"auxiliary_storage_labeling_lineanchortextpoint":null},"geometry":{"type":"Polygon","coordinates":[[[140.412898004999988,35.647288442],[140.412949382,35.647344658],[140.413033609,35.647441027],[140.41341198500001,35.647375121],[140.413400054,35.647235506],[140.413395735,35.647205398],[140.412898004999988,35.647288442]]]}},
{"type":"Feature","properties":{"fid":1412,"polygon_uuid":"02b1d55e-5986-4777-aec4-f581cc48f869","daicho_shubetsu_cd":"FUD25","面積":24,"auxiliary_storage_labeling_positionx":null,"auxiliary_storage_labeling_positiony":null,"auxiliary_storage_labeling_lineanchorpercent":null,"auxiliary_storage_labeling_lineanchorclipping":null,"auxiliary_storage_labeling_lineanchortype":null,"auxiliary_storage_labeling_lineanchortextpoint":null},"geometry":{"type":"Polygon","coordinates":[[[140.424442249,35.641649393],[140.424516982,35.641616237],[140.424637010999987,35.641552259],[140.424778542000013,35.641499103],[140.424794335,35.641461866],[140.424772671,35.641429184],[140.424702327,35.641331166],[140.424629627,35.641276876],[140.424621449,35.641257243],[140.42458122,35.641248697],[140.424532796,35.641218333],[140.424473549,35.641172721],[140.424398252,35.641129373],[140.424306777,35.641070803],[140.424239353,35.641005558],[140.424212447,35.640988203],[140.424134972,35.641012628],[140.424004102999987,35.641059173],[140.424085238,35.641168068],[140.424177228,35.641296583],[140.424236732999987,35.641377168],[140.424380066,35.641568821],[140.424442249,35.641649393]]]}},
{"type":"Feature","properties":{"fid":1414,"polygon_uuid":"64dcc1ca-6ae2-47c7-8825-f5aa66066887","daicho_shubetsu_cd":"散布対象圃場","面積":43,"auxiliary_storage_labeling_positionx":null,"auxiliary_storage_labeling_positiony":null,"auxiliary_storage_labeling_lineanchorpercent":null,"auxiliary_storage_labeling_lineanchorclipping":null,"auxiliary_storage_labeling_lineanchortype":null,"auxiliary_storage_labeling_lineanchortextpoint":null},"geometry":{"type":"Polygon","coordinates":[[[140.434394773,35.644996019],[140.43415565,35.644496895],[140.43396387300001,35.644097838],[140.433895492,35.644085064],[140.433562968,35.644201479],[140.433555954000013,35.644219012],[140.43375006,35.644624824],[140.433988116,35.645125325],[140.434252109,35.645040692],[140.434394773,35.644996019]]]}},
{"type":"Feature","properties":{"fid":1415,"polygon_uuid":"112db883-5756-469e-bd6e-f5d46aa1ae07","daicho_shubetsu_cd":"FUD25","面積":3,"auxiliary_storage_labeling_positionx":null,"auxiliary_storage_labeling_positiony":null,"auxiliary_storage_labeling_lineanchorpercent":null,"auxiliary_storage_labeling_lineanchorclipping":null,"auxiliary_storage_labeling_lineanchortype":null,"auxiliary_storage_labeling_lineanchortextpoint":null},"geometry":{"type":"Polygon","coordinates":[[[140.42796807,35.649064834],[140.428031693,35.64894017],[140.428040984,35.648923555],[140.428077148,35.648841915],[140.428066596,35.648835536],[140.428000731,35.648807993],[140.427942905,35.648801848],[140.427908842,35.648812734],[140.427869813,35.648862233],[140.427843868,35.648905235],[140.427898108,35.648924539],[140.427947341,35.648959826],[140.427973149,35.649015955],[140.42796807,35.649064834]]]}},
{"type":"Feature","properties":{"fid":1417,"polygon_uuid":"9c4d4c6c-f3dd-4abe-a295-f61c6387f1a8","daicho_shubetsu_cd":"散布対象圃場","面積":47,"auxiliary_storage_labeling_positionx":null,"auxiliary_storage_labeling_positiony":null,"auxiliary_storage_labeling_lineanchorpercent":null,"auxiliary_storage_labeling_lineanchorclipping":null,"auxiliary_storage_labeling_lineanchortype":null,"auxiliary_storage_labeling_lineanchortextpoint":null},"geometry":{"type":"Polygon","coordinates":[[[140.433086274,35.643224093],[140.433520126,35.644144707],[140.433548817,35.644135534],[140.433568861999987,35.644153493],[140.433946284,35.644036039],[140.43393059600001,35.64400903],[140.433954876,35.644001686],[140.433519904,35.64308728],[140.433521101999986,35.643091907],[140.433086274,35.643224093]]]}},
{"type":"Feature","properties":{"fid":1419,"polygon_uuid":"8b924e97-afb3-45e0-8879-f6c34174b53b","daicho_shubetsu_cd":"FUD25","面積":13,"auxiliary_storage_labeling_positionx":null,"auxiliary_storage_labeling_positiony":null,"auxiliary_storage_labeling_lineanchorpercent":null,"auxiliary_storage_labeling_lineanchorclipping":null,"auxiliary_storage_labeling_lineanchortype":null,"auxiliary_storage_labeling_lineanchortextpoint":null},"geometry":{"type":"Polygon","coordinates":[[[140.432100035,35.650114521],[140.432080888,35.650079705],[140.432061396,35.650019845],[140.432051508,35.649948731],[140.431986148,35.649940174],[140.431915347,35.649931643],[140.431841808,35.649920905],[140.431769484,35.649912485],[140.431753071,35.65007798],[140.431719124000011,35.650280409],[140.431786312000014,35.650309016],[140.431829670000013,35.650312016],[140.431880885,35.650311762],[140.43195561600001,35.650295312],[140.432034262,35.650275628],[140.432120693,35.650243042],[140.432148101,35.650220397],[140.432139909999989,35.650178635],[140.432100035,35.650114521]]]}},
{"type":"Feature","properties":{"fid":1421,"polygon_uuid":"427a756b-5dc3-43b6-86fb-f70859491631","daicho_shubetsu_cd":"FUD25","面積":1,"auxiliary_storage_labeling_positionx":null,"auxiliary_storage_labeling_positiony":null,"auxiliary_storage_labeling_lineanchorpercent":null,"auxiliary_storage_labeling_lineanchorclipping":null,"auxiliary_storage_labeling_lineanchortype":null,"auxiliary_storage_labeling_lineanchortextpoint":null},"geometry":{"type":"Polygon","coordinates":[[[140.422812685,35.644955954],[140.422730615,35.645003699],[140.422651505,35.645038971],[140.422575502,35.645081703],[140.422633501,35.645081419],[140.422706707,35.645073586],[140.422822667,35.645068034],[140.422812685,35.644955954]]]}},
{"type":"Feature","properties":{"fid":1425,"polygon_uuid":"1445bca7-2f2a-4ab6-88c4-f7aa8da419c4","daicho_shubetsu_cd":"FUD25","面積":16,"auxiliary_storage_labeling_positionx":null,"auxiliary_storage_labeling_positiony":null,"auxiliary_storage_labeling_lineanchorpercent":null,"auxiliary_storage_labeling_lineanchorclipping":null,"auxiliary_storage_labeling_lineanchortype":null,"auxiliary_storage_labeling_lineanchortextpoint":null},"geometry":{"type":"Polygon","coordinates":[[[140.428437197,35.647824943],[140.42844818,35.647909534],[140.428480713999988,35.648138839],[140.428499428,35.648239442],[140.428517488000011,35.648313669],[140.428531792,35.648353614],[140.428546567000012,35.648385895],[140.428639126,35.648381238],[140.428739025999988,35.648326161],[140.42875915,35.648265181],[140.428742347999986,35.64808052],[140.428767646000011,35.648023713],[140.428805781,35.648003143],[140.428794999,35.647980351],[140.428719237,35.647785754],[140.428660721999989,35.647795607],[140.428552274,35.647810435],[140.428437197,35.647824943]]]}},
{"type":"Feature","properties":{"fid":1437,"polygon_uuid":"04dc777a-85d3-495d-bbcd-f9419d105c35","daicho_shubetsu_cd":"有機圃場","面積":null,"auxiliary_storage_labeling_positionx":null,"auxiliary_storage_labeling_positiony":null,"auxiliary_storage_labeling_lineanchorpercent":null,"auxiliary_storage_labeling_lineanchorclipping":null,"auxiliary_storage_labeling_lineanchortype":null,"auxiliary_storage_labeling_lineanchortextpoint":null},"geometry":{"type":"Polygon","coordinates":[[[140.432863846,35.642682533],[140.433098030999986,35.643185257],[140.433492410000014,35.64306772],[140.433131143999987,35.642294208],[140.433070558,35.642306234],[140.43299209700001,35.642429746],[140.433004020999988,35.642446541],[140.432863846,35.642682533]]]}},
{"type":"Feature","properties":{"fid":1443,"polygon_uuid":"d08186de-5368-4360-93de-f9f6771f4c2d","daicho_shubetsu_cd":"FUD25","面積":8,"auxiliary_storage_labeling_positionx":null,"auxiliary_storage_labeling_positiony":null,"auxiliary_storage_labeling_lineanchorpercent":null,"auxiliary_storage_labeling_lineanchorclipping":null,"auxiliary_storage_labeling_lineanchortype":null,"auxiliary_storage_labeling_lineanchortextpoint":null},"geometry":{"type":"Polygon","coordinates":[[[140.429730508,35.645909109],[140.429582718,35.645812658],[140.429539829,35.64584811],[140.429473679000012,35.645982978],[140.429489427,35.646103241],[140.429558027000013,35.646106872],[140.429630567,35.646146641],[140.429673353999988,35.646153904],[140.429709852,35.646136283],[140.429779381,35.646045979],[140.429837010999989,35.645996129],[140.42983596,35.645962895],[140.42979033200001,35.645948829],[140.429730508,35.645909109]]]}},
{"type":"Feature","properties":{"fid":1444,"polygon_uuid":"f7195dcc-0139-4a4b-9502-fa017d9539a6","daicho_shubetsu_cd":"FUD25","面積":9,"auxiliary_storage_labeling_positionx":null,"auxiliary_storage_labeling_positiony":null,"auxiliary_storage_labeling_lineanchorpercent":null,"auxiliary_storage_labeling_lineanchorclipping":null,"auxiliary_storage_labeling_lineanchortype":null,"auxiliary_storage_labeling_lineanchortextpoint":null},"geometry":{"type":"Polygon","coordinates":[[[140.426615579000014,35.647677705],[140.426619687,35.647894434],[140.426722267,35.647899542],[140.426806295,35.647900528],[140.426883441,35.647898748],[140.426948669000012,35.647908224],[140.426995302,35.647921549],[140.427072361,35.647924027],[140.427084845,35.647718167],[140.427004264,35.647712848],[140.426832596,35.647702261],[140.426685419,35.647688695],[140.426615579000014,35.647677705]]]}},
{"type":"Feature","properties":{"fid":1446,"polygon_uuid":"0245a334-0ddd-4da9-afa5-fad708a5685f","daicho_shubetsu_cd":"FUD25","面積":7,"auxiliary_storage_labeling_positionx":null,"auxiliary_storage_labeling_positiony":null,"auxiliary_storage_labeling_lineanchorpercent":null,"auxiliary_storage_labeling_lineanchorclipping":null,"auxiliary_storage_labeling_lineanchortype":null,"auxiliary_storage_labeling_lineanchortextpoint":null},"geometry":{"type":"Polygon","coordinates":[[[140.437694821,35.652960645],[140.437500818,35.652887272],[140.437269163,35.653322798],[140.437301601,35.653330408],[140.437396665,35.653260831],[140.437497039,35.653171167],[140.437589439,35.653110519],[140.437638227,35.653061235],[140.437676074,35.653009778],[140.437694821,35.652960645]]]}},
{"type":"Feature","properties":{"fid":1447,"polygon_uuid":"736d5198-9d84-4ff7-a1d6-fb0d9bf71d83","daicho_shubetsu_cd":"有機圃場","面積":null,"auxiliary_storage_labeling_positionx":null,"auxiliary_storage_labeling_positiony":null,"auxiliary_storage_labeling_lineanchorpercent":null,"auxiliary_storage_labeling_lineanchorclipping":null,"auxiliary_storage_labeling_lineanchortype":null,"auxiliary_storage_labeling_lineanchortextpoint":null},"geometry":{"type":"Polygon","coordinates":[[[140.430038204,35.642149293],[140.430009664000011,35.642152348],[140.42986034,35.642237609],[140.429675401,35.642334702],[140.42954739000001,35.642405284],[140.429533217,35.642419926],[140.429558512,35.642460604],[140.429677457999986,35.642611567],[140.429785476,35.642733441],[140.429821221999987,35.642739093],[140.430035006999987,35.642679745],[140.430109832,35.642658973],[140.430255477,35.642559159],[140.430319287,35.642497638],[140.43027248300001,35.64244541],[140.430171583,35.642320586],[140.430038204,35.642149293]]]}},
{"type":"Feature","properties":{"fid":1456,"polygon_uuid":"0aaa72cb-d110-4f6e-8f0b-fbfe683bc1b9","daicho_shubetsu_cd":"散布対象圃場","面積":40,"auxiliary_storage_labeling_positionx":null,"auxiliary_storage_labeling_positiony":null,"auxiliary_storage_labeling_lineanchorpercent":null,"auxiliary_storage_labeling_lineanchorclipping":null,"auxiliary_storage_labeling_lineanchortype":null,"auxiliary_storage_labeling_lineanchortextpoint":null},"geometry":{"type":"Polygon","coordinates":[[[140.437466978,35.650644336],[140.437271165,35.650231802],[140.437062559,35.649771131],[140.436665627,35.649892355],[140.436679115,35.649928605],[140.436912043,35.650421334],[140.437082511999989,35.650770573],[140.437466978,35.650644336]]]}},
{"type":"Feature","properties":{"fid":1466,"polygon_uuid":"e42f479c-b93c-4472-914c-fe2f70a437bf","daicho_shubetsu_cd":"FUD25","面積":11,"auxiliary_storage_labeling_positionx":null,"auxiliary_storage_labeling_positiony":null,"auxiliary_storage_labeling_lineanchorpercent":null,"auxiliary_storage_labeling_lineanchorclipping":null,"auxiliary_storage_labeling_lineanchortype":null,"auxiliary_storage_labeling_lineanchortextpoint":null},"geometry":{"type":"Polygon","coordinates":[[[140.424478582,35.6418191],[140.42442168,35.641765344],[140.42438483,35.64171927],[140.424127679,35.641840887],[140.423833028,35.641973091],[140.423849263,35.641995964],[140.423885726,35.642038409],[140.423963214999986,35.642115093],[140.424098514,35.642066836],[140.424232469,35.641992607],[140.424451370000014,35.641853887],[140.424478582,35.6418191]]]}},
{"type":"Feature","properties":{"fid":1468,"polygon_uuid":"a3c8e44c-691f-43e4-8e97-fea48445a8af","daicho_shubetsu_cd":"FUD25","面積":12,"auxiliary_storage_labeling_positionx":null,"auxiliary_storage_labeling_positiony":null,"auxiliary_storage_labeling_lineanchorpercent":null,"auxiliary_storage_labeling_lineanchorclipping":null,"auxiliary_storage_labeling_lineanchortype":null,"auxiliary_storage_labeling_lineanchortextpoint":null},"geometry":{"type":"Polygon","coordinates":[[[140.429428521,35.649793673],[140.429418349,35.649485027],[140.429323681,35.649469417],[140.429258697,35.649456498],[140.42918164400001,35.649441179],[140.429039536,35.649403295],[140.429085982,35.649755753],[140.429203754000014,35.649765845],[140.42925427,35.649769178],[140.429294410000011,35.649771828],[140.429428521,35.649793673]]]}},
{"type":"Feature","properties":{"fid":1471,"polygon_uuid":"73afd78e-ca8c-440d-b347-fff89da92b5f","daicho_shubetsu_cd":"FUD25","面積":1,"auxiliary_storage_labeling_positionx":null,"auxiliary_storage_labeling_positiony":null,"auxiliary_storage_labeling_lineanchorpercent":null,"auxiliary_storage_labeling_lineanchorclipping":null,"auxiliary_storage_labeling_lineanchortype":null,"auxiliary_storage_labeling_lineanchortextpoint":null},"geometry":{"type":"Polygon","coordinates":[[[140.428956077,35.644720914],[140.428965934,35.644740679],[140.428978158,35.644752506],[140.428987984,35.644768309],[140.42899778200001,35.644780149],[140.429005225,35.644801907],[140.429017377,35.644803828],[140.429048931000011,35.644803672],[140.429080471,35.644801534],[140.429109569,35.644797428],[140.429143507,35.644791316],[140.4291507,35.644779392],[140.429148082000012,35.644753647],[140.429147905,35.644729872],[140.429133267999987,35.644720038],[140.42911385,35.644720133],[140.429084693,35.644716315],[140.429050711,35.644716483],[140.429024011,35.644716615],[140.428999724,35.644714754],[140.428956077,35.644720914]]]}}
]
}
